"relative_path","bytes","mb","extension","last_write","tracked"
".gitattributes","292","0.0003",".gitattributes","2026-08-10 19:34:09","True"
".github\workflows\static-checks.yml","338","0.0003",".yml","2026-08-10 19:34:09","True"
".gitignore","2640","0.0025",".gitignore","2026-08-27 11:10:49","True"
"00_project_management\6013RP_wyf_action_report_2026-08-25_gateC8BRP_journal_facing_prefreeze.md","13299","0.0127",".md","2026-08-25 03:36:42","True"
"00_project_management\action_record_2026-08-13_gateC2B2_finalization_and_C2B3_preparation.md","9638","0.0092",".md","2026-08-13 13:52:32","True"
"00_project_management\action_record_2026-08-13_gateC2B3_launch_path_correction.md","1830","0.0017",".md","2026-08-13 13:57:35","True"
"00_project_management\action_record_2026-08-14_gateC2B3_30pc_invalidation_and_50pc_repair.md","7333","0.007",".md","2026-08-14 15:10:31","True"
"00_project_management\action_record_2026-08-15_gateC2B3_full_review_and_C2B4_two_level_freeze.md","7597","0.0072",".md","2026-08-15 14:03:05","True"
"00_project_management\action_record_2026-08-15_gateC3_metadata_join_and_design_freeze.md","7894","0.0075",".md","2026-08-15 14:17:23","True"
"00_project_management\action_record_2026-08-15_gateC3A_frozen_abundance_models.md","9259","0.0088",".md","2026-08-15 14:40:56","True"
"00_project_management\action_record_2026-08-15_gateC4A_raw_pseudobulk_and_program_freeze.md","9777","0.0093",".md","2026-08-15 15:13:53","True"
"00_project_management\action_record_2026-08-15_gateC4B_edger_transcription_and_replication.md","9803","0.0093",".md","2026-08-15 15:54:16","True"
"00_project_management\action_record_2026-08-15_gateC5A_gse135779_source_mapping_freeze.md","8992","0.0086",".md","2026-08-15 16:27:42","True"
"00_project_management\action_record_2026-08-15_gateC5B_gse135779_external_validation.md","11008","0.0105",".md","2026-08-15 17:18:48","True"
"00_project_management\action_record_2026-08-15_gateC6A_claim_integration.md","11790","0.0112",".md","2026-08-15 17:53:05","True"
"00_project_management\action_record_2026-08-15_gateC6B_regulatory_evidence_and_figure5.md","14196","0.0135",".md","2026-08-15 18:32:05","True"
"00_project_management\action_record_2026-08-20_gateC7_manuscript_five_figure_integration.md","10569","0.0101",".md","2026-08-20 16:28:04","True"
"00_project_management\action_record_2026-08-20_gateC8_genome_medicine_submission_package.md","9259","0.0088",".md","2026-08-20 17:10:05","True"
"00_project_management\action_record_2026-08-20_gateC8R_pre_submission_repair.md","8503","0.0081",".md","2026-08-20 18:23:19","True"
"00_project_management\action_record_2026-08-21_gateC8B_editorial_literature_preflight.md","8946","0.0085",".md","2026-08-21 02:06:10","True"
"00_project_management\action_record_2026-08-21_gateC8S_supplementary_traceability_freeze.md","10520","0.01",".md","2026-08-21 01:04:50","True"
"00_project_management\action_record_2026-08-25_gateC8BR_release_portability_editorial_preflight.md","10282","0.0098",".md","2026-08-25 02:31:12","True"
"00_project_management\action_record_2026-08-25_gateC8BRF_author_release_reserved_doi.md","13366","0.0127",".md","2026-08-25 04:52:45","True"
"00_project_management\action_record_2026-08-25_gateC8BRF_public_release_and_doi_activation.md","8719","0.0083",".md","2026-08-25 05:16:37","True"
"00_project_management\action_record_2026-08-25_github_sync_submission_naming.md","8915","0.0085",".md","2026-08-25 06:37:24","True"
"00_project_management\action_record_2026-08-27_full_workspace_audit_cleanup_and_next_stage.md","10684","0.0102",".md","2026-08-27 20:55:15","False"
"00_project_management\action_record_2026-08-27_round6_r1_hold_integration_and_submission_refreeze.md","15258","0.0146",".md","2026-08-27 10:47:34","True"
"00_project_management\action_record_round6_q1_robustness_2026-08-25.md","9880","0.0094",".md","2026-08-25 23:32:53","True"
"00_project_management\advisor_full_project_reassessment_2026-08-10.md","12686","0.0121",".md","2026-08-10 18:08:19","True"
"00_project_management\audit_2026-06-23\audit_findings_zh.md","8598","0.0082",".md","2026-06-23 20:24:01","False"
"00_project_management\audit_2026-06-23\consistency_checks.json","1644","0.0016",".json","2026-06-23 20:24:31","False"
"00_project_management\audit_2026-06-23\content_audit.json","91859","0.0876",".json","2026-06-23 20:24:31","False"
"00_project_management\audit_2026-06-23\document_audit_exact.csv","3337","0.0032",".csv","2026-06-23 20:24:31","False"
"00_project_management\audit_2026-06-23\document_audit_exact.json","5912","0.0056",".json","2026-06-23 20:24:31","False"
"00_project_management\audit_2026-06-23\file_inventory.csv","16029","0.0153",".csv","2026-06-23 20:24:31","False"
"00_project_management\audit_2026-06-23\folder_summary_all_dirs.csv","1735","0.0017",".csv","2026-06-23 20:24:31","False"
"00_project_management\audit_2026-06-23\folder_summary_top_level.csv","378","0.0004",".csv","2026-06-23 20:24:31","False"
"00_project_management\audit_2026-06-23\large_files_top50.csv","5339","0.0051",".csv","2026-06-23 20:24:31","False"
"00_project_management\audit_2026-06-23\type_summary.csv","571","0.0005",".csv","2026-06-23 20:24:31","False"
"00_project_management\audit_2026-06-23\workspace_audit_report.md","14585","0.0139",".md","2026-06-23 20:24:31","False"
"00_project_management\audit_2026-06-23\zero_byte_files.csv","162","0.0002",".csv","2026-06-23 20:24:31","False"
"00_project_management\cellxgene_collection_436154da_2026-06-22.json","50110","0.0478",".json","2026-06-22 05:57:06","True"
"00_project_management\citation_audit_2026-07-01\citation_pdf_audit_2026-07-01.csv","5606","0.0053",".csv","2026-07-01 05:59:10","True"
"00_project_management\citation_audit_2026-07-01\signature_to_citation_audit_2026-07-01.csv","2993","0.0029",".csv","2026-07-01 05:59:10","True"
"00_project_management\cleanup_actions_2026-06-22.csv","2162","0.0021",".csv","2026-06-22 03:34:48","False"
"00_project_management\cleanup_actions_extra_2026-06-22.csv","307","0.0003",".csv","2026-06-22 03:35:48","False"
"00_project_management\cleanup_actions_literature_trim_2026-06-22.csv","609","0.0006",".csv","2026-06-22 03:38:51","False"
"00_project_management\cleanup_actions_permanent_2026-06-22.csv","285","0.0003",".csv","2026-06-22 05:44:15","False"
"00_project_management\cleanup_manifest_2026-06-22.csv","2953","0.0028",".csv","2026-06-22 03:34:47","False"
"00_project_management\cleanup_manifest_extra_2026-06-22.csv","320","0.0003",".csv","2026-06-22 03:35:48","False"
"00_project_management\cleanup_manifest_literature_trim_2026-06-22.csv","852","0.0008",".csv","2026-06-22 03:38:51","False"
"00_project_management\external_advisor_full_audit_2026-08-10.md","24626","0.0235",".md","2026-08-10 19:01:33","True"
"00_project_management\external_audit_action_crosswalk_2026-08-10.md","2866","0.0027",".md","2026-08-10 19:17:43","True"
"00_project_management\gateC6B_regulatory_evidence_freeze_contract_2026-08-15.md","8783","0.0084",".md","2026-08-15 17:53:05","True"
"00_project_management\historical_audits\phase17_h5ad_audit_2026-08-06\_LATEST_H5AD_AUDIT.txt","73","0.0001",".txt","2026-08-06 12:02:02","False"
"00_project_management\historical_audits\phase17_h5ad_audit_2026-08-06\20260806_120148\00_H5AD_AUDIT_SUMMARY.md","436","0.0004",".md","2026-08-06 12:02:02","False"
"00_project_management\historical_audits\phase17_h5ad_audit_2026-08-06\20260806_120148\01_h5ad_summary.csv","8029","0.0077",".csv","2026-08-06 12:02:02","False"
"00_project_management\historical_audits\phase17_h5ad_audit_2026-08-06\20260806_120148\02_h5ad_candidate_metadata_counts.csv","121088","0.1155",".csv","2026-08-06 12:02:02","False"
"00_project_management\historical_audits\phase17_h5ad_audit_2026-08-06\20260806_120148\03_h5ad_matrix_sampling.csv","1896","0.0018",".csv","2026-08-06 12:02:02","False"
"00_project_management\historical_audits\phase17_h5ad_audit_2026-08-06\20260806_120148\WORKFLOW_H5AD_AUDIT.md","436","0.0004",".md","2026-08-06 12:02:02","False"
"00_project_management\keepers_moved_2026-06-22.csv","700","0.0007",".csv","2026-06-22 03:34:47","False"
"00_project_management\legacy_rp_archive_2026-08-10\MBI6013_SLE_Bcell_Proposal_Chinese_v1.docx","192784","0.1839",".docx","2026-04-01 23:47:16","False"
"00_project_management\legacy_rp_archive_2026-08-10\MBI6013_SLE_Bcell_Proposal_Chinese_v1.pdf","490895","0.4682",".pdf","2026-04-01 23:51:08","False"
"00_project_management\legacy_rp_archive_2026-08-10\MBI6013_SLE_Bcell_Proposal_Design_Explanation_CN_v1.docx","192555","0.1836",".docx","2026-04-01 23:51:12","False"
"00_project_management\legacy_rp_archive_2026-08-10\MBI6013_SLE_Bcell_Proposal_Design_Explanation_CN_v1.pdf","516426","0.4925",".pdf","2026-04-01 23:51:14","False"
"00_project_management\legacy_rp_archive_2026-08-10\MBI6013_SLE_Bcell_Proposal_Humanized_v10.docx","177406","0.1692",".docx","2026-04-15 22:24:08","False"
"00_project_management\legacy_rp_archive_2026-08-10\MBI6013_SLE_Bcell_Proposal_Humanized_v7.docx","176154","0.168",".docx","2026-04-15 21:57:36","False"
"00_project_management\legacy_rp_archive_2026-08-10\MBI6013_SLE_Bcell_Proposal_Interleaved_EN_CN_v1.docx","186874","0.1782",".docx","2026-04-15 16:10:06","False"
"00_project_management\legacy_rp_archive_2026-08-10\MBI6013_SLE_Bcell_Proposal_Working_Draft_v1.docx","50933","0.0486",".docx","2026-04-01 22:30:38","False"
"00_project_management\legacy_rp_archive_2026-08-10\README.md","1405","0.0013",".md","2026-08-10 16:26:01","False"
"00_project_management\manuscript_evidence_table_2026-06-29.csv","5643","0.0054",".csv","2026-07-01 05:32:29","True"
"00_project_management\next_local_compute_tasks.md","2702","0.0026",".md","2026-06-22 06:11:40","True"
"00_project_management\next_stage_decision_2026-08-10.md","4013","0.0038",".md","2026-08-10 19:39:43","True"
"00_project_management\next_stage_decision_2026-08-12.md","4778","0.0046",".md","2026-08-12 17:57:11","True"
"00_project_management\next_stage_decision_2026-08-13.md","3013","0.0029",".md","2026-08-13 13:52:32","True"
"00_project_management\next_stage_decision_2026-08-14.md","2309","0.0022",".md","2026-08-14 15:07:36","True"
"00_project_management\next_stage_decision_2026-08-15_gateC3A.md","2761","0.0026",".md","2026-08-15 14:17:42","True"
"00_project_management\next_stage_decision_2026-08-15_gateC4.md","6833","0.0065",".md","2026-08-15 14:40:56","True"
"00_project_management\next_stage_decision_2026-08-15_gateC4B.md","5896","0.0056",".md","2026-08-15 15:13:53","True"
"00_project_management\next_stage_decision_2026-08-15_gateC5.md","6816","0.0065",".md","2026-08-15 16:21:56","True"
"00_project_management\next_stage_decision_2026-08-15_gateC5B.md","5488","0.0052",".md","2026-08-15 16:23:14","True"
"00_project_management\next_stage_decision_2026-08-15_gateC6.md","5751","0.0055",".md","2026-08-15 17:18:48","True"
"00_project_management\next_stage_decision_2026-08-15_gateC6B.md","3537","0.0034",".md","2026-08-15 17:49:33","True"
"00_project_management\next_stage_decision_2026-08-15_gateC7_manuscript_figure_integration.md","2821","0.0027",".md","2026-08-15 18:32:05","True"
"00_project_management\next_stage_decision_2026-08-15.md","2765","0.0026",".md","2026-08-15 14:03:05","True"
"00_project_management\next_stage_decision_2026-08-20_gateC8_journal_submission_package.md","3046","0.0029",".md","2026-08-20 16:28:04","True"
"00_project_management\next_stage_decision_2026-08-20_gateC8B_after_C8R.md","5091","0.0049",".md","2026-08-20 18:23:19","True"
"00_project_management\next_stage_decision_2026-08-20_gateC8B_author_declarations_archive_preflight.md","3416","0.0033",".md","2026-08-20 17:10:05","True"
"00_project_management\next_stage_decision_2026-08-21_gateC8B_after_C8S.md","5279","0.005",".md","2026-08-21 01:04:50","True"
"00_project_management\next_stage_decision_2026-08-21_gateC8B_author_completion_after_editorial_preflight.md","3258","0.0031",".md","2026-08-21 02:02:31","True"
"00_project_management\next_stage_decision_2026-08-25_gateC8BR_author_completion_release_doi_portal.md","3384","0.0032",".md","2026-08-25 02:29:55","True"
"00_project_management\next_stage_gse135779_label_agnostic_mapping_contract_2026-08-27.md","6193","0.0059",".md","2026-08-27 20:55:15","False"
"00_project_management\pdf_inventory_2026-06-22.csv","8297","0.0079",".csv","2026-06-22 03:38:20","False"
"00_project_management\pdf_inventory_active_2026-06-22.csv","1264","0.0012",".csv","2026-06-22 03:39:58","False"
"00_project_management\phase1_status_2026-06-23.md","3419","0.0033",".md","2026-06-23 19:33:07","True"
"00_project_management\phase10_targets_2026-07-07.md","2164","0.0021",".md","2026-07-08 18:07:03","True"
"00_project_management\phase11_targets_2026-07-08.md","1989","0.0019",".md","2026-07-08 18:07:52","True"
"00_project_management\phase12_targets_2026-07-08.md","2106","0.002",".md","2026-07-08 19:24:58","True"
"00_project_management\phase13_targets_2026-07-08.md","2251","0.0021",".md","2026-07-08 19:38:27","True"
"00_project_management\phase14_targets_2026-07-09.md","2888","0.0028",".md","2026-07-09 05:58:08","True"
"00_project_management\phase15_targets_2026-07-22.md","2861","0.0027",".md","2026-07-22 11:40:57","True"
"00_project_management\phase16_targets_2026-07-22.md","1679","0.0016",".md","2026-07-22 12:36:48","True"
"00_project_management\phase17_integrity_audit_2026-08-12.md","2647","0.0025",".md","2026-08-12 17:55:40","True"
"00_project_management\phase17_integrity_manifest_2026-08-12.csv","42799","0.0408",".csv","2026-08-12 17:53:39","True"
"00_project_management\phase2_targets_2026-06-24.md","6868","0.0065",".md","2026-06-24 01:20:46","True"
"00_project_management\phase3_targets_2026-06-29.md","4282","0.0041",".md","2026-06-29 06:32:30","True"
"00_project_management\phase4_targets_2026-06-29.md","4658","0.0044",".md","2026-06-29 06:57:56","True"
"00_project_management\phase5_targets_2026-07-01.md","2817","0.0027",".md","2026-07-01 05:19:47","True"
"00_project_management\phase6_targets_2026-07-01.md","2156","0.0021",".md","2026-07-01 05:32:29","True"
"00_project_management\phase7_targets_2026-07-01.md","1624","0.0015",".md","2026-07-01 06:00:21","True"
"00_project_management\phase8_targets_2026-07-01.md","1947","0.0019",".md","2026-07-01 06:45:08","True"
"00_project_management\phase9_targets_2026-07-01.md","1885","0.0018",".md","2026-07-01 06:52:55","True"
"00_project_management\qa_bcell_first_pass_2026-06-23.json","2790","0.0027",".json","2026-06-23 19:21:56","True"
"00_project_management\qa_bcell_first_pass_2026-06-23.md","1376","0.0013",".md","2026-06-23 19:56:52","True"
"00_project_management\round6_full_pipeline_resampling_handoff_2026-08-25.md","4912","0.0047",".md","2026-08-25 23:32:53","True"
"00_project_management\round6_q1_robustness_execution_contract_2026-08-25.md","4790","0.0046",".md","2026-08-25 23:32:53","True"
"00_project_management\workspace_audit_2026-08-27\canonical_markdown_link_audit.json","69","0.0001",".json","2026-08-27 11:14:02","False"
"00_project_management\workspace_audit_2026-08-27\cleanup_action_manifest.csv","794227","0.7574",".csv","2026-08-27 11:11:51","False"
"00_project_management\workspace_audit_2026-08-27\duplicate_content_groups_after_cleanup.csv","62646","0.0597",".csv","2026-08-27 11:14:02","False"
"00_project_management\workspace_audit_2026-08-27\duplicate_content_groups_le_300mb.csv","466487","0.4449",".csv","2026-08-27 11:02:54","False"
"00_project_management\workspace_audit_2026-08-27\full_file_inventory_after_cleanup.csv","190532","0.1817",".csv","2026-08-27 11:11:52","False"
"00_project_management\workspace_audit_2026-08-27\full_file_inventory_before_cleanup.csv","736034","0.7019",".csv","2026-08-27 11:02:49","False"
"00_project_management\workspace_audit_2026-08-27\h5ad_integrity_after_cleanup.json","595","0.0006",".json","2026-08-27 11:11:54","False"
"00_project_management\workspace_audit_2026-08-27\retained_content_integrity_summary.json","174","0.0002",".json","2026-08-27 11:14:04","False"
"00_project_management\workspace_audit_2026-08-27\retained_content_issues.csv","17","0",".csv","2026-08-27 11:14:04","False"
"00_project_management\workspace_audit_2026-08-27\zip_integrity_after_cleanup.json","2375","0.0023",".json","2026-08-27 11:11:49","False"
"01_manuscript\citation_signature_audit_v1.md","11493","0.011",".md","2026-07-01 05:59:10","True"
"01_manuscript\Manuscript.md","57887","0.0552",".md","2026-08-27 10:44:16","True"
"01_manuscript\README.md","978","0.0009",".md","2026-08-27 11:10:49","True"
"01_manuscript\references_verified_crossref_2026-07-09.bib","13487","0.0129",".bib","2026-07-27 06:57:27","True"
"01_manuscript\Research_Proposal.md","13057","0.0125",".md","2026-08-25 06:31:40","True"
"01_manuscript\Supplementary_Information.md","22704","0.0217",".md","2026-08-27 10:44:16","True"
"02_analysis\data_inventory\analysis_package_levels.md","2716","0.0026",".md","2026-06-22 05:40:11","True"
"02_analysis\data_inventory\bcell_signature_seed.md","2550","0.0024",".md","2026-06-22 05:42:53","True"
"02_analysis\data_inventory\datasets.md","3881","0.0037",".md","2026-07-08 19:24:58","True"
"02_analysis\data_inventory\h5ad_inspection\GSE174188_cellxgene\basic_info.json","1735","0.0017",".json","2026-06-23 01:43:14","True"
"02_analysis\data_inventory\h5ad_inspection\GSE174188_cellxgene\obs_columns_summary.csv","4407","0.0042",".csv","2026-06-23 01:43:22","True"
"02_analysis\data_inventory\h5ad_inspection\GSE174188_cellxgene\var_columns_summary.csv","786","0.0007",".csv","2026-06-23 01:43:22","True"
"02_analysis\data_inventory\literature_core.md","2296","0.0022",".md","2026-06-22 03:39:08","True"
"02_analysis\data_inventory\source_lookup_2026-06-22.md","2731","0.0026",".md","2026-06-22 06:00:49","True"
"02_analysis\environment_notes.md","1838","0.0018",".md","2026-06-22 12:52:17","True"
"02_analysis\environment.yml","319","0.0003",".yml","2026-06-22 12:52:17","True"
"02_analysis\README.md","2803","0.0027",".md","2026-06-22 03:37:01","True"
"02_analysis\requirements_scanpy.txt","112","0.0001",".txt","2026-06-22 12:52:17","True"
"02_analysis\RUNBOOK_phase1_local_compute.md","7585","0.0072",".md","2026-06-23 01:56:39","True"
"02_analysis\RUNBOOK_phase2_dataset_overview_figure1.md","1795","0.0017",".md","2026-06-29 06:31:42","True"
"02_analysis\RUNBOOK_phase2_refined_figure2.md","4356","0.0042",".md","2026-06-24 01:20:27","True"
"02_analysis\RUNBOOK_phase3_abc_apc_focus.md","4753","0.0045",".md","2026-07-22 12:09:15","True"
"02_analysis\RUNBOOK_phase4_covariate_sensitivity.md","2720","0.0026",".md","2026-07-22 12:09:15","True"
"02_analysis\RUNBOOK_phase4_supplement_qc_flagged_cluster.md","2236","0.0021",".md","2026-06-29 06:56:46","True"
"02_analysis\RUNBOOK_phase5_literature_signature_validation.md","2640","0.0025",".md","2026-07-22 12:09:15","True"
"02_analysis\RUNBOOK_phase6_compositional_sensitivity.md","2240","0.0021",".md","2026-07-27 06:59:38","True"
"02_analysis\RUNBOOK_phase7_regulatory_evidence.md","4382","0.0042",".md","2026-07-27 08:09:48","True"
"02_analysis\scripts\00_create_conda_env.ps1","2297","0.0022",".ps1","2026-06-22 06:11:14","True"
"02_analysis\scripts\00_download_gse135779_validation_sources.ps1","3104","0.003",".ps1","2026-08-27 11:09:26","True"
"02_analysis\scripts\00_download_gse163121_bcell_validation.ps1","1465","0.0014",".ps1","2026-07-07 22:22:30","True"
"02_analysis\scripts\00_download_onek1k_gse196830_cellxgene.ps1","1498","0.0014",".ps1","2026-07-08 18:33:55","True"
"02_analysis\scripts\00_download_perez_gse174188_cellxgene.ps1","3457","0.0033",".ps1","2026-08-27 11:09:26","True"
"02_analysis\scripts\00_download_perez_gse174188_zenodo.ps1","1686","0.0016",".ps1","2026-06-22 06:05:03","True"
"02_analysis\scripts\00_download_sle_gwas_gcst005831.ps1","3240","0.0031",".ps1","2026-07-27 08:06:45","True"
"02_analysis\scripts\00_download_sle_gwas_gcst90558100.ps1","3458","0.0033",".ps1","2026-07-27 07:41:12","True"
"02_analysis\scripts\00_environment_check.ps1","807","0.0008",".ps1","2026-06-22 05:45:31","True"
"02_analysis\scripts\00_install_miniforge_with_winget.ps1","918","0.0009",".ps1","2026-06-22 06:05:03","True"
"02_analysis\scripts\01_check_scanpy_env_conda.ps1","1277","0.0012",".ps1","2026-06-22 06:11:14","True"
"02_analysis\scripts\01_check_scanpy_env.py","1738","0.0017",".py","2026-06-22 12:52:07","True"
"02_analysis\scripts\01_inspect_h5ad.py","3011","0.0029",".py","2026-06-22 05:59:32","True"
"02_analysis\scripts\02_subset_bcells_from_h5ad.py","2515","0.0024",".py","2026-06-23 01:44:49","True"
"02_analysis\scripts\03_scanpy_bcell_first_pass.py","5913","0.0056",".py","2026-06-23 03:00:39","True"
"02_analysis\scripts\04_summarize_bcell_first_pass.py","2246","0.0021",".py","2026-06-23 03:00:39","True"
"02_analysis\scripts\05_make_bcell_composition_tables.py","2881","0.0027",".py","2026-06-23 03:35:51","True"
"02_analysis\scripts\06_plot_bcell_metadata_umaps.py","966","0.0009",".py","2026-06-23 03:35:51","True"
"02_analysis\scripts\07_test_cluster_fraction_by_disease.py","3680","0.0035",".py","2026-06-23 03:37:37","True"
"02_analysis\scripts\08_plot_cluster_fraction_by_disease.py","2199","0.0021",".py","2026-06-23 03:39:02","True"
"02_analysis\scripts\09_audit_bcell_outputs.py","6938","0.0066",".py","2026-06-23 19:21:11","True"
"02_analysis\scripts\10_apply_cluster_labels_and_plot.py","1926","0.0018",".py","2026-06-23 19:22:50","True"
"02_analysis\scripts\11_state_level_donor_tests.py","3154","0.003",".py","2026-06-23 19:22:50","True"
"02_analysis\scripts\12_make_figure2_draft.py","4893","0.0047",".py","2026-06-23 19:31:32","True"
"02_analysis\scripts\13_audit_workspace.py","27292","0.026",".py","2026-06-23 20:19:12","True"
"02_analysis\scripts\14_raw_count_marker_refinement.py","13550","0.0129",".py","2026-06-24 01:08:29","True"
"02_analysis\scripts\15_raw_count_rank_state_markers.py","4781","0.0046",".py","2026-06-24 01:07:08","True"
"02_analysis\scripts\16_state_fraction_sensitivity.py","4886","0.0047",".py","2026-06-24 01:10:02","True"
"02_analysis\scripts\17_make_figure2_v3_refined.py","13906","0.0133",".py","2026-07-27 07:28:23","True"
"02_analysis\scripts\18_make_figure1_dataset_overview.py","13654","0.013",".py","2026-07-27 07:19:03","True"
"02_analysis\scripts\19_pseudobulk_state_expression.py","15035","0.0143",".py","2026-07-22 12:04:34","True"
"02_analysis\scripts\20_make_figure3_abc_apc_focus.py","11195","0.0107",".py","2026-07-27 07:29:34","True"
"02_analysis\scripts\21_make_supplement_qc_flagged_cluster.py","10295","0.0098",".py","2026-07-27 06:21:57","True"
"02_analysis\scripts\22_covariate_sensitivity_abundance.py","23889","0.0228",".py","2026-07-27 07:27:01","True"
"02_analysis\scripts\23_literature_signature_validation.py","31189","0.0297",".py","2026-07-27 07:06:29","True"
"02_analysis\scripts\24_citation_signature_audit.py","17507","0.0167",".py","2026-07-01 05:55:47","True"
"02_analysis\scripts\25_build_submission_manifest.py","9513","0.0091",".py","2026-07-01 06:43:53","True"
"02_analysis\scripts\26_prepare_submission_asset_bundle.py","31467","0.03",".py","2026-07-22 12:40:06","True"
"02_analysis\scripts\27_run_gse163121_bcell_validation.py","18961","0.0181",".py","2026-07-27 06:24:27","True"
"02_analysis\scripts\28_gse135779_validation_readiness.py","7649","0.0073",".py","2026-07-07 22:33:28","True"
"02_analysis\scripts\29_inspect_gse135779_raw_tar.py","5036","0.0048",".py","2026-07-07 22:38:57","True"
"02_analysis\scripts\30_run_gse135779_bcell_validation.py","21945","0.0209",".py","2026-07-27 07:21:16","True"
"02_analysis\scripts\31_inspect_onek1k_cellxgene.py","7636","0.0073",".py","2026-07-08 18:57:36","True"
"02_analysis\scripts\32_onek1k_bcell_reference_context.py","15927","0.0152",".py","2026-07-27 07:23:49","True"
"02_analysis\scripts\34_verify_references_crossref.py","8337","0.008",".py","2026-07-09 05:53:20","True"
"02_analysis\scripts\35_manuscript_structure_qc.py","5559","0.0053",".py","2026-07-27 08:10:45","True"
"02_analysis\scripts\36_figure_nature_style_qc.py","9419","0.009",".py","2026-07-27 06:53:54","True"
"02_analysis\scripts\37_prepare_genome_medicine_manuscript.py","7161","0.0068",".py","2026-07-27 06:59:56","True"
"02_analysis\scripts\38_compositional_abundance_sensitivity.py","18423","0.0176",".py","2026-07-27 06:54:42","True"
"02_analysis\scripts\39_manuscript_numeric_consistency_qc.py","7017","0.0067",".py","2026-07-27 07:05:24","True"
"02_analysis\scripts\40_prepare_regulatory_loci.py","6732","0.0064",".py","2026-07-27 07:57:06","True"
"02_analysis\scripts\41_fetch_eqtl_catalogue_bcell.py","7789","0.0074",".py","2026-07-27 07:50:12","True"
"02_analysis\scripts\42_coloc_regulatory_evidence.py","15987","0.0152",".py","2026-07-27 08:13:19","True"
"02_analysis\scripts\43_phase7_regulatory_qc.py","7552","0.0072",".py","2026-07-27 08:12:31","True"
"02_analysis\scripts\44_prepare_submission_manuscript.py","19944","0.019",".py","2026-07-31 03:39:53","True"
"02_analysis\scripts\45_build_submission_documents.py","12651","0.0121",".py","2026-07-31 03:41:29","True"
"02_analysis\scripts\46_submission_document_qc.py","8976","0.0086",".py","2026-07-31 03:50:04","True"
"02_analysis\scripts\47_build_final_submission_package.py","12629","0.012",".py","2026-07-31 03:58:19","True"
"02_analysis\scripts\48_verify_final_submission_package.py","6886","0.0066",".py","2026-07-31 03:54:18","True"
"02_analysis\scripts\49_build_cover_letter.py","5014","0.0048",".py","2026-07-31 03:56:48","True"
"02_analysis\scripts\50_make_v7_figure1_study_design.py","13836","0.0132",".py","2026-08-10 19:18:55","True"
"02_analysis\scripts\diagnose_h5ad_matrix.py","1623","0.0015",".py","2026-06-23 01:47:06","True"
"02_analysis\scripts\publication_figure_style.py","1629","0.0016",".py","2026-07-27 06:20:34","True"
"03_results\phase17_v7_figure1_study_design_2026-08-10\FIGURE1_TECHNICAL_QC.md","2849","0.0027",".md","2026-08-10 19:27:55","True"
"03_results\phase17_v7_figure1_study_design_2026-08-10\figures\figure1_v7_study_design.pdf","64080","0.0611",".pdf","2026-08-10 19:23:24","True"
"03_results\phase17_v7_figure1_study_design_2026-08-10\figures\figure1_v7_study_design.png","532624","0.5079",".png","2026-08-10 19:23:23","True"
"03_results\phase17_v7_figure1_study_design_2026-08-10\tables\figure1b_hierarchy_counts.csv","103","0.0001",".csv","2026-08-10 19:23:22","True"
"03_results\phase17_v7_figure1_study_design_2026-08-10\tables\figure1c_strict_common_support.csv","141","0.0001",".csv","2026-08-10 19:23:22","True"
"03_results\phase17_v7_figure1_study_design_2026-08-10\tables\figure1c_technical_common_support.csv","561","0.0005",".csv","2026-08-10 19:23:22","True"
"03_results\phase17_v7_figure1_study_design_2026-08-10\tables\figure1d_hard_qc_retention.csv","469","0.0004",".csv","2026-08-10 19:23:22","True"
"03_results\phase17_v7_figure1_study_design_2026-08-10\tables\figure1e_inference_tiers.csv","114","0.0001",".csv","2026-08-10 19:23:22","True"
"04_submission\Author_Confirmation.md","2061","0.002",".md","2026-08-27 10:44:16","True"
"04_submission\Cover_Letter.md","4432","0.0042",".md","2026-08-27 10:44:16","True"
"04_submission\journal_submission.zip","58515354","55.8046",".zip","2026-08-27 11:13:19","False"
"04_submission\journal_submission\additional_files\Figure_Source_Data.zip","186694","0.178",".zip","2026-08-27 10:44:17","False"
"04_submission\journal_submission\additional_files\Full_Statistical_Results.zip","10814743","10.3137",".zip","2026-08-27 10:44:18","False"
"04_submission\journal_submission\additional_files\Regulator_Sensitivity.zip","23794","0.0227",".zip","2026-08-27 10:44:17","False"
"04_submission\journal_submission\additional_files\regulator_sensitivity\01_OVERLAP_DEPLETION_RESULTS.csv","12343","0.0118",".csv","2026-08-25 17:35:58","False"
"04_submission\journal_submission\additional_files\regulator_sensitivity\02_ULM_LEAVE_ONE_TARGET.csv","67001","0.0639",".csv","2026-08-25 17:35:58","False"
"04_submission\journal_submission\additional_files\regulator_sensitivity\03_CORRELATION_AWARE_STAT1_STAT2_SENSITIVITY.csv","2083","0.002",".csv","2026-08-20 18:21:53","False"
"04_submission\journal_submission\additional_files\regulator_sensitivity\03_ULM_LEAVE_ONE_TARGET_SUMMARY.csv","1306","0.0012",".csv","2026-08-25 17:35:58","False"
"04_submission\journal_submission\additional_files\regulator_sensitivity\04_CORRELATION_AWARE_STAT1_STAT2_DECISION.json","1389","0.0013",".json","2026-08-20 18:21:53","False"
"04_submission\journal_submission\additional_files\regulator_sensitivity\04_METHOD_SUMMARY.csv","474","0.0005",".csv","2026-08-25 17:35:58","False"
"04_submission\journal_submission\additional_files\regulator_sensitivity\05_OVERLAP_DEPLETION_STATUS.json","3536","0.0034",".json","2026-08-25 17:35:58","False"
"04_submission\journal_submission\additional_files\regulator_sensitivity\06_SUPPLEMENTARY_FIGURE_S8_STATUS.json","588","0.0006",".json","2026-08-25 17:38:59","False"
"04_submission\journal_submission\additional_files\regulator_sensitivity\07_ROUND6_OVERLAP_DEPLETION_ADVISOR_REVIEW.md","3717","0.0035",".md","2026-08-25 23:32:53","False"
"04_submission\journal_submission\additional_files\regulator_sensitivity\SHA256SUMS.csv","1091","0.001",".csv","2026-08-27 10:44:17","False"
"04_submission\journal_submission\additional_files\regulator_sensitivity\Supplementary_Figure_S8_source_data.csv","8005","0.0076",".csv","2026-08-25 17:38:57","False"
"04_submission\journal_submission\additional_files\source_data\Figure1_source_data.csv","3481","0.0033",".csv","2026-08-27 10:36:47","False"
"04_submission\journal_submission\additional_files\source_data\Figure2_source_data.csv","33705","0.0321",".csv","2026-08-27 10:36:48","False"
"04_submission\journal_submission\additional_files\source_data\Figure3_source_data.csv","8333","0.0079",".csv","2026-08-27 10:36:50","False"
"04_submission\journal_submission\additional_files\source_data\Figure4_source_data.csv","500362","0.4772",".csv","2026-08-27 10:36:52","False"
"04_submission\journal_submission\additional_files\source_data\Figure5_source_data.csv","4162","0.004",".csv","2026-08-27 10:36:54","False"
"04_submission\journal_submission\additional_files\source_data\SHA256SUMS.csv","1484","0.0014",".csv","2026-08-27 10:44:17","False"
"04_submission\journal_submission\additional_files\source_data\Supplementary_Figure_S1_source_data.csv","15014","0.0143",".csv","2026-08-21 00:59:15","False"
"04_submission\journal_submission\additional_files\source_data\Supplementary_Figure_S2_source_data.csv","26506","0.0253",".csv","2026-08-21 00:59:21","False"
"04_submission\journal_submission\additional_files\source_data\Supplementary_Figure_S3_source_data.csv","4375","0.0042",".csv","2026-08-21 00:59:26","False"
"04_submission\journal_submission\additional_files\source_data\Supplementary_Figure_S4_source_data.csv","5599","0.0053",".csv","2026-08-21 00:59:32","False"
"04_submission\journal_submission\additional_files\source_data\Supplementary_Figure_S5_source_data.csv","4113","0.0039",".csv","2026-08-21 00:59:37","False"
"04_submission\journal_submission\additional_files\source_data\Supplementary_Figure_S6_source_data.csv","6249","0.006",".csv","2026-08-21 00:59:43","False"
"04_submission\journal_submission\additional_files\source_data\Supplementary_Figure_S7_source_data.csv","2110","0.002",".csv","2026-08-21 00:59:47","False"
"04_submission\journal_submission\additional_files\source_data\Supplementary_Figure_S8_source_data.csv","8005","0.0076",".csv","2026-08-25 17:38:57","False"
"04_submission\journal_submission\additional_files\source_data\Supplementary_Figure_S9_source_data.csv","18720","0.0179",".csv","2026-08-27 10:36:48","False"
"04_submission\journal_submission\additional_files\Supplementary_Information.docx","3777931","3.6029",".docx","2026-08-27 10:44:17","False"
"04_submission\journal_submission\figures_supplementary\Supplementary_Figure_S1_source_integrity_qc.pdf","51533","0.0491",".pdf","2026-08-21 00:59:18","False"
"04_submission\journal_submission\figures_supplementary\Supplementary_Figure_S1_source_integrity_qc.png","551569","0.526",".png","2026-08-21 00:59:21","False"
"04_submission\journal_submission\figures_supplementary\Supplementary_Figure_S2_representation_diagnostics.pdf","50861","0.0485",".pdf","2026-08-21 00:59:24","False"
"04_submission\journal_submission\figures_supplementary\Supplementary_Figure_S2_representation_diagnostics.png","503738","0.4804",".png","2026-08-21 00:59:26","False"
"04_submission\journal_submission\figures_supplementary\Supplementary_Figure_S3_identity_adjudication.pdf","51281","0.0489",".pdf","2026-08-21 00:59:30","False"
"04_submission\journal_submission\figures_supplementary\Supplementary_Figure_S3_identity_adjudication.png","384518","0.3667",".png","2026-08-21 00:59:32","False"
"04_submission\journal_submission\figures_supplementary\Supplementary_Figure_S4_composition_diagnostics.pdf","47952","0.0457",".pdf","2026-08-21 00:59:35","False"
"04_submission\journal_submission\figures_supplementary\Supplementary_Figure_S4_composition_diagnostics.png","335514","0.32",".png","2026-08-21 00:59:37","False"
"04_submission\journal_submission\figures_supplementary\Supplementary_Figure_S5_pseudobulk_diagnostics.pdf","51706","0.0493",".pdf","2026-08-21 00:59:40","False"
"04_submission\journal_submission\figures_supplementary\Supplementary_Figure_S5_pseudobulk_diagnostics.png","492551","0.4697",".png","2026-08-21 00:59:43","False"
"04_submission\journal_submission\figures_supplementary\Supplementary_Figure_S6_external_validation_diagnostics.pdf","48118","0.0459",".pdf","2026-08-21 00:59:46","False"
"04_submission\journal_submission\figures_supplementary\Supplementary_Figure_S6_external_validation_diagnostics.png","391944","0.3738",".png","2026-08-21 00:59:47","False"
"04_submission\journal_submission\figures_supplementary\Supplementary_Figure_S7_regulator_correlation_sensitivity.pdf","48444","0.0462",".pdf","2026-08-21 00:59:51","False"
"04_submission\journal_submission\figures_supplementary\Supplementary_Figure_S7_regulator_correlation_sensitivity.png","589432","0.5621",".png","2026-08-21 00:59:54","False"
"04_submission\journal_submission\figures_supplementary\Supplementary_Figure_S8_overlap_depletion.pdf","49826","0.0475",".pdf","2026-08-25 17:38:59","False"
"04_submission\journal_submission\figures_supplementary\Supplementary_Figure_S8_overlap_depletion.png","562614","0.5366",".png","2026-08-25 17:38:59","False"
"04_submission\journal_submission\figures_supplementary\Supplementary_Figure_S9_identity_boundary_and_propagation.pdf","52943","0.0505",".pdf","2026-08-27 10:36:47","False"
"04_submission\journal_submission\figures_supplementary\Supplementary_Figure_S9_identity_boundary_and_propagation.png","591268","0.5639",".png","2026-08-27 10:36:48","False"
"04_submission\journal_submission\figures\Figure1_disease_blind_identity_scope.pdf","58256","0.0556",".pdf","2026-08-27 10:36:48","False"
"04_submission\journal_submission\figures\Figure1_disease_blind_identity_scope.png","638620","0.609",".png","2026-08-27 10:36:48","False"
"04_submission\journal_submission\figures\Figure2_sample_level_composition.pdf","49303","0.047",".pdf","2026-08-27 10:36:49","False"
"04_submission\journal_submission\figures\Figure2_sample_level_composition.png","471529","0.4497",".png","2026-08-27 10:36:50","False"
"04_submission\journal_submission\figures\Figure3_gse174188_bconv_transcription.pdf","54202","0.0517",".pdf","2026-08-27 10:36:51","False"
"04_submission\journal_submission\figures\Figure3_gse174188_bconv_transcription.png","457009","0.4358",".png","2026-08-27 10:36:52","False"
"04_submission\journal_submission\figures\Figure4_independent_ifn_replication.pdf","54815","0.0523",".pdf","2026-08-27 10:36:53","False"
"04_submission\journal_submission\figures\Figure4_independent_ifn_replication.png","604889","0.5769",".png","2026-08-27 10:36:54","False"
"04_submission\journal_submission\figures\Figure5_regulatory_evidence.pdf","63040","0.0601",".pdf","2026-08-27 10:36:55","False"
"04_submission\journal_submission\figures\Figure5_regulatory_evidence.png","751098","0.7163",".png","2026-08-27 10:36:56","False"
"04_submission\journal_submission\internal_qc\cover_letter_a11y.json","199","0.0002",".json","2026-08-27 10:44:48","False"
"04_submission\journal_submission\internal_qc\main_text_a11y.json","191","0.0002",".json","2026-08-27 10:44:48","False"
"04_submission\journal_submission\internal_qc\supplement_a11y.json","213","0.0002",".json","2026-08-27 10:44:48","False"
"04_submission\journal_submission\internal_qc\wps_render_cover_letter\contact_sheet_cover_01-01.png","164768","0.1571",".png","2026-08-27 10:44:48","False"
"04_submission\journal_submission\internal_qc\wps_render_cover_letter\Cover_Letter_WPS.pdf","74730","0.0713",".pdf","2026-08-27 10:44:32","False"
"04_submission\journal_submission\internal_qc\wps_render_cover_letter\final-page-1.png","485608","0.4631",".png","2026-08-27 10:44:48","False"
"04_submission\journal_submission\internal_qc\wps_render_main\contact_sheet_main_01-09.png","982224","0.9367",".png","2026-08-27 10:44:41","False"
"04_submission\journal_submission\internal_qc\wps_render_main\contact_sheet_main_10-18.png","1009803","0.963",".png","2026-08-27 10:44:41","False"
"04_submission\journal_submission\internal_qc\wps_render_main\contact_sheet_main_19-27.png","997077","0.9509",".png","2026-08-27 10:44:42","False"
"04_submission\journal_submission\internal_qc\wps_render_main\contact_sheet_main_28-32.png","485113","0.4626",".png","2026-08-27 10:44:42","False"
"04_submission\journal_submission\internal_qc\wps_render_main\final-page-01.png","287731","0.2744",".png","2026-08-27 10:44:33","False"
"04_submission\journal_submission\internal_qc\wps_render_main\final-page-02.png","297886","0.2841",".png","2026-08-27 10:44:33","False"
"04_submission\journal_submission\internal_qc\wps_render_main\final-page-03.png","287666","0.2743",".png","2026-08-27 10:44:33","False"
"04_submission\journal_submission\internal_qc\wps_render_main\final-page-04.png","268329","0.2559",".png","2026-08-27 10:44:33","False"
"04_submission\journal_submission\internal_qc\wps_render_main\final-page-05.png","301069","0.2871",".png","2026-08-27 10:44:34","False"
"04_submission\journal_submission\internal_qc\wps_render_main\final-page-06.png","303830","0.2898",".png","2026-08-27 10:44:34","False"
"04_submission\journal_submission\internal_qc\wps_render_main\final-page-07.png","278131","0.2652",".png","2026-08-27 10:44:34","False"
"04_submission\journal_submission\internal_qc\wps_render_main\final-page-08.png","303282","0.2892",".png","2026-08-27 10:44:34","False"
"04_submission\journal_submission\internal_qc\wps_render_main\final-page-09.png","297440","0.2837",".png","2026-08-27 10:44:35","False"
"04_submission\journal_submission\internal_qc\wps_render_main\final-page-10.png","304846","0.2907",".png","2026-08-27 10:44:35","False"
"04_submission\journal_submission\internal_qc\wps_render_main\final-page-11.png","310111","0.2957",".png","2026-08-27 10:44:35","False"
"04_submission\journal_submission\internal_qc\wps_render_main\final-page-12.png","257036","0.2451",".png","2026-08-27 10:44:35","False"
"04_submission\journal_submission\internal_qc\wps_render_main\final-page-13.png","315003","0.3004",".png","2026-08-27 10:44:35","False"
"04_submission\journal_submission\internal_qc\wps_render_main\final-page-14.png","299359","0.2855",".png","2026-08-27 10:44:36","False"
"04_submission\journal_submission\internal_qc\wps_render_main\final-page-15.png","343901","0.328",".png","2026-08-27 10:44:36","False"
"04_submission\journal_submission\internal_qc\wps_render_main\final-page-16.png","322448","0.3075",".png","2026-08-27 10:44:36","False"
"04_submission\journal_submission\internal_qc\wps_render_main\final-page-17.png","317562","0.3029",".png","2026-08-27 10:44:36","False"
"04_submission\journal_submission\internal_qc\wps_render_main\final-page-18.png","334455","0.319",".png","2026-08-27 10:44:37","False"
"04_submission\journal_submission\internal_qc\wps_render_main\final-page-19.png","308902","0.2946",".png","2026-08-27 10:44:37","False"
"04_submission\journal_submission\internal_qc\wps_render_main\final-page-20.png","316338","0.3017",".png","2026-08-27 10:44:37","False"
"04_submission\journal_submission\internal_qc\wps_render_main\final-page-21.png","298436","0.2846",".png","2026-08-27 10:44:37","False"
"04_submission\journal_submission\internal_qc\wps_render_main\final-page-22.png","288055","0.2747",".png","2026-08-27 10:44:38","False"
"04_submission\journal_submission\internal_qc\wps_render_main\final-page-23.png","297515","0.2837",".png","2026-08-27 10:44:38","False"
"04_submission\journal_submission\internal_qc\wps_render_main\final-page-24.png","246091","0.2347",".png","2026-08-27 10:44:38","False"
"04_submission\journal_submission\internal_qc\wps_render_main\final-page-25.png","313684","0.2992",".png","2026-08-27 10:44:38","False"
"04_submission\journal_submission\internal_qc\wps_render_main\final-page-26.png","294811","0.2812",".png","2026-08-27 10:44:39","False"
"04_submission\journal_submission\internal_qc\wps_render_main\final-page-27.png","309110","0.2948",".png","2026-08-27 10:44:39","False"
"04_submission\journal_submission\internal_qc\wps_render_main\final-page-28.png","273782","0.2611",".png","2026-08-27 10:44:39","False"
"04_submission\journal_submission\internal_qc\wps_render_main\final-page-29.png","289179","0.2758",".png","2026-08-27 10:44:39","False"
"04_submission\journal_submission\internal_qc\wps_render_main\final-page-30.png","291647","0.2781",".png","2026-08-27 10:44:40","False"
"04_submission\journal_submission\internal_qc\wps_render_main\final-page-31.png","297639","0.2839",".png","2026-08-27 10:44:40","False"
"04_submission\journal_submission\internal_qc\wps_render_main\final-page-32.png","195301","0.1863",".png","2026-08-27 10:44:40","False"
"04_submission\journal_submission\internal_qc\wps_render_main\Manuscript_WPS.pdf","268956","0.2565",".pdf","2026-08-27 10:44:21","False"
"04_submission\journal_submission\internal_qc\wps_render_supplement\contact_sheet_supplement_01-09.png","932483","0.8893",".png","2026-08-27 10:44:47","False"
"04_submission\journal_submission\internal_qc\wps_render_supplement\contact_sheet_supplement_10-17.png","501670","0.4784",".png","2026-08-27 10:44:47","False"
"04_submission\journal_submission\internal_qc\wps_render_supplement\final-page-01.png","402853","0.3842",".png","2026-08-27 10:44:42","False"
"04_submission\journal_submission\internal_qc\wps_render_supplement\final-page-02.png","466270","0.4447",".png","2026-08-27 10:44:43","False"
"04_submission\journal_submission\internal_qc\wps_render_supplement\final-page-03.png","394792","0.3765",".png","2026-08-27 10:44:43","False"
"04_submission\journal_submission\internal_qc\wps_render_supplement\final-page-04.png","274791","0.2621",".png","2026-08-27 10:44:43","False"
"04_submission\journal_submission\internal_qc\wps_render_supplement\final-page-05.png","287073","0.2738",".png","2026-08-27 10:44:44","False"
"04_submission\journal_submission\internal_qc\wps_render_supplement\final-page-06.png","195807","0.1867",".png","2026-08-27 10:44:44","False"
"04_submission\journal_submission\internal_qc\wps_render_supplement\final-page-07.png","217014","0.207",".png","2026-08-27 10:44:44","False"
"04_submission\journal_submission\internal_qc\wps_render_supplement\final-page-08.png","116848","0.1114",".png","2026-08-27 10:44:44","False"
"04_submission\journal_submission\internal_qc\wps_render_supplement\final-page-09.png","222179","0.2119",".png","2026-08-27 10:44:44","False"
"04_submission\journal_submission\internal_qc\wps_render_supplement\final-page-10.png","213469","0.2036",".png","2026-08-27 10:44:45","False"
"04_submission\journal_submission\internal_qc\wps_render_supplement\final-page-11.png","204555","0.1951",".png","2026-08-27 10:44:45","False"
"04_submission\journal_submission\internal_qc\wps_render_supplement\final-page-12.png","171301","0.1634",".png","2026-08-27 10:44:45","False"
"04_submission\journal_submission\internal_qc\wps_render_supplement\final-page-13.png","211010","0.2012",".png","2026-08-27 10:44:45","False"
"04_submission\journal_submission\internal_qc\wps_render_supplement\final-page-14.png","166891","0.1592",".png","2026-08-27 10:44:45","False"
"04_submission\journal_submission\internal_qc\wps_render_supplement\final-page-15.png","212127","0.2023",".png","2026-08-27 10:44:46","False"
"04_submission\journal_submission\internal_qc\wps_render_supplement\final-page-16.png","305065","0.2909",".png","2026-08-27 10:44:46","False"
"04_submission\journal_submission\internal_qc\wps_render_supplement\final-page-17.png","340510","0.3247",".png","2026-08-27 10:44:46","False"
"04_submission\journal_submission\internal_qc\wps_render_supplement\Supplementary_Information_WPS.pdf","4542966","4.3325",".pdf","2026-08-27 10:44:29","False"
"04_submission\journal_submission\main_text\Manuscript.docx","62141","0.0593",".docx","2026-08-27 10:44:17","False"
"04_submission\journal_submission\MANIFEST_SHA256.csv","23208","0.0221",".csv","2026-08-27 11:13:13","True"
"04_submission\journal_submission\portal_upload_optional\Supplementary_Figure_S1.pdf","51533","0.0491",".pdf","2026-08-21 00:59:18","False"
"04_submission\journal_submission\portal_upload_optional\Supplementary_Figure_S2.pdf","50861","0.0485",".pdf","2026-08-21 00:59:24","False"
"04_submission\journal_submission\portal_upload_optional\Supplementary_Figure_S3.pdf","51281","0.0489",".pdf","2026-08-21 00:59:30","False"
"04_submission\journal_submission\portal_upload_optional\Supplementary_Figure_S4.pdf","47952","0.0457",".pdf","2026-08-21 00:59:35","False"
"04_submission\journal_submission\portal_upload_optional\Supplementary_Figure_S5.pdf","51706","0.0493",".pdf","2026-08-21 00:59:40","False"
"04_submission\journal_submission\portal_upload_optional\Supplementary_Figure_S6.pdf","48118","0.0459",".pdf","2026-08-21 00:59:46","False"
"04_submission\journal_submission\portal_upload_optional\Supplementary_Figure_S7.pdf","48444","0.0462",".pdf","2026-08-21 00:59:51","False"
"04_submission\journal_submission\portal_upload_optional\Supplementary_Figure_S8.pdf","49826","0.0475",".pdf","2026-08-25 17:38:59","False"
"04_submission\journal_submission\portal_upload_optional\Supplementary_Figure_S9.pdf","52943","0.0505",".pdf","2026-08-27 10:36:47","False"
"04_submission\journal_submission\portal_upload_required\Cover_Letter.docx","40559","0.0387",".docx","2026-08-27 10:44:17","True"
"04_submission\journal_submission\portal_upload_required\Figure_1.pdf","58256","0.0556",".pdf","2026-08-27 10:36:48","True"
"04_submission\journal_submission\portal_upload_required\Figure_2.pdf","49303","0.047",".pdf","2026-08-27 10:36:49","True"
"04_submission\journal_submission\portal_upload_required\Figure_3.pdf","54202","0.0517",".pdf","2026-08-27 10:36:51","True"
"04_submission\journal_submission\portal_upload_required\Figure_4.pdf","54815","0.0523",".pdf","2026-08-27 10:36:53","True"
"04_submission\journal_submission\portal_upload_required\Figure_5.pdf","63040","0.0601",".pdf","2026-08-27 10:36:55","True"
"04_submission\journal_submission\portal_upload_required\Figure_Source_Data.zip","186694","0.178",".zip","2026-08-27 10:44:17","True"
"04_submission\journal_submission\portal_upload_required\Full_Statistical_Results.zip","10814743","10.3137",".zip","2026-08-27 10:44:18","True"
"04_submission\journal_submission\portal_upload_required\Manuscript.docx","62141","0.0593",".docx","2026-08-27 10:44:17","True"
"04_submission\journal_submission\portal_upload_required\Regulator_Sensitivity.zip","23794","0.0227",".zip","2026-08-27 10:44:17","True"
"04_submission\journal_submission\portal_upload_required\Supplementary_Information.docx","3777931","3.6029",".docx","2026-08-27 10:44:17","True"
"04_submission\journal_submission\README.md","1201","0.0011",".md","2026-08-27 11:13:13","True"
"04_submission\journal_submission\references\crossref_raw_gateC8BR.json","888631","0.8475",".json","2026-08-25 02:17:46","False"
"04_submission\journal_submission\references\reference_verification_gateC8BR.csv","5699","0.0054",".csv","2026-08-25 02:17:46","False"
"04_submission\journal_submission\references\reference_verification_gateC8BR.md","2293","0.0022",".md","2026-08-25 02:17:46","False"
"04_submission\journal_submission\references\references_gateC8BR_vancouver.md","6725","0.0064",".md","2026-08-25 02:17:46","False"
"04_submission\journal_submission\reproducibility\build_submission_package.ps1","1012","0.001",".ps1","2026-08-25 06:20:42","False"
"04_submission\journal_submission\reproducibility\check_submission_environment.py","3073","0.0029",".py","2026-08-25 06:31:40","False"
"04_submission\journal_submission\reproducibility\CITATION.cff","1021","0.001",".cff","2026-08-27 10:44:16","False"
"04_submission\journal_submission\reproducibility\create_submission_environment.ps1","2519","0.0024",".ps1","2026-08-25 06:32:01","False"
"04_submission\journal_submission\reproducibility\docx_a11y_audit.py","5024","0.0048",".py","2026-08-25 02:01:40","False"
"04_submission\journal_submission\reproducibility\environment_analysis_python.txt","75","0.0001",".txt","2026-08-10 19:21:51","False"
"04_submission\journal_submission\reproducibility\environment_analysis_win64.txt","16373","0.0156",".txt","2026-08-10 19:20:12","False"
"04_submission\journal_submission\reproducibility\environment_analysis.yml","6940","0.0066",".yml","2026-08-25 06:32:18","False"
"04_submission\journal_submission\reproducibility\environment_submission_win64.txt","1607","0.0015",".txt","2026-08-25 03:14:04","False"
"04_submission\journal_submission\reproducibility\environment_submission.yml","494","0.0005",".yml","2026-08-25 06:31:40","False"
"04_submission\journal_submission\reproducibility\LICENSE","1077","0.001","","2026-08-25 04:32:29","False"
"04_submission\journal_submission\reproducibility\LICENSE_CONTENT_CC_BY_4.0.md","475","0.0005",".md","2026-08-25 04:32:29","False"
"04_submission\journal_submission\reproducibility\LICENSE_SCOPE.md","1414","0.0013",".md","2026-08-25 04:32:29","False"
"04_submission\journal_submission\reproducibility\phase17_round6_01_overlap_depletion_sensitivity.R","18397","0.0175",".r","2026-08-25 17:35:23","False"
"04_submission\journal_submission\reproducibility\phase17_round6_02_build_overlap_depletion_figure.py","9059","0.0086",".py","2026-08-25 17:38:50","False"
"04_submission\journal_submission\reproducibility\phase17_round6_03_full_pipeline_identity_resampling.py","22883","0.0218",".py","2026-08-25 18:04:22","False"
"04_submission\journal_submission\reproducibility\phase17_round6_04_audit_r1_hold_and_prepare_propagation.py","22422","0.0214",".py","2026-08-27 10:16:55","False"
"04_submission\journal_submission\reproducibility\phase17_round6_05_fit_identity_uncertainty_composition.py","9772","0.0093",".py","2026-08-27 10:16:55","False"
"04_submission\journal_submission\reproducibility\phase17_round6_05_fit_identity_uncertainty_ifn.R","7612","0.0073",".r","2026-08-27 10:22:20","False"
"04_submission\journal_submission\reproducibility\phase17_round6_06_build_identity_hold_figure.py","16007","0.0153",".py","2026-08-27 10:36:34","False"
"04_submission\journal_submission\reproducibility\README.md","6800","0.0065",".md","2026-08-27 10:43:21","False"
"04_submission\journal_submission\reproducibility\REPRODUCIBILITY.md","7913","0.0075",".md","2026-08-27 10:43:40","False"
"04_submission\journal_submission\reproducibility\round6_full_pipeline_resampling_handoff_2026-08-25.md","4912","0.0047",".md","2026-08-25 23:32:53","False"
"04_submission\journal_submission\reproducibility\round6_q1_robustness_execution_contract_2026-08-25.md","4790","0.0046",".md","2026-08-25 23:32:53","False"
"04_submission\journal_submission\reproducibility\run_6013RP_round6_full_pipeline_identity_resampling.ps1","2009","0.0019",".ps1","2026-08-25 18:04:22","False"
"04_submission\journal_submission\reproducibility\run_6013RP_round6_overlap_depletion.ps1","1067","0.001",".ps1","2026-08-25 17:34:35","False"
"04_submission\journal_submission\reproducibility\run_6013RP_round6_r1_hold_integration.ps1","3137","0.003",".ps1","2026-08-27 10:16:55","False"
"04_submission\journal_submission\submission_docs\Author_Confirmation.md","2061","0.002",".md","2026-08-27 10:44:16","False"
"04_submission\journal_submission\submission_docs\Cover_Letter.docx","40559","0.0387",".docx","2026-08-27 10:44:17","False"
"04_submission\journal_submission\submission_docs\Cover_Letter.md","4432","0.0042",".md","2026-08-27 10:44:16","False"
"04_submission\journal_submission\submission_docs\Manuscript.md","57887","0.0552",".md","2026-08-27 10:44:16","False"
"04_submission\journal_submission\submission_docs\PORTAL_UPLOAD_FILENAME_MAP.csv","5197","0.005",".csv","2026-08-27 10:44:18","True"
"04_submission\journal_submission\submission_docs\PORTAL_UPLOAD_OPTIONAL.csv","2776","0.0026",".csv","2026-08-27 10:44:18","True"
"04_submission\journal_submission\submission_docs\PORTAL_UPLOAD_POLICY.txt","349","0.0003",".txt","2026-08-27 10:44:18","True"
"04_submission\journal_submission\submission_docs\PORTAL_UPLOAD_REQUIRED.csv","2484","0.0024",".csv","2026-08-27 10:44:18","True"
"04_submission\journal_submission\submission_docs\Reporting_Checklist.md","2167","0.0021",".md","2026-08-27 10:44:16","False"
"04_submission\journal_submission\submission_docs\Supplementary_Information.md","22704","0.0217",".md","2026-08-27 10:44:16","False"
"04_submission\journal_submission\submission_docs\Zenodo_Metadata.json","1326","0.0013",".json","2026-08-27 10:44:16","False"
"04_submission\Portal_Upload_Guide.md","1551","0.0015",".md","2026-08-25 06:20:42","True"
"04_submission\README.md","987","0.0009",".md","2026-08-25 06:35:22","True"
"04_submission\Reporting_Checklist.md","2167","0.0021",".md","2026-08-27 10:44:16","True"
"04_submission\Zenodo_Metadata.json","1326","0.0013",".json","2026-08-27 10:44:16","True"
"audit_tools\00_create_gateC8BR_release_env.ps1","2704","0.0026",".ps1","2026-08-25 03:13:44","True"
"audit_tools\6013RP_audit_interpretation_next_stage_2026-08-06.md","5918","0.0056",".md","2026-08-06 03:56:28","True"
"audit_tools\6013RP_gateC1_final_review_2026-08-06.md","8635","0.0082",".md","2026-08-10 18:09:17","True"
"audit_tools\6013RP_gateC1_to_gateC2A_workflow_2026-08-06.md","1851","0.0018",".md","2026-08-10 17:34:31","True"
"audit_tools\6013RP_gateC2A_smoke_design_2026-08-06.md","2308","0.0022",".md","2026-08-06 05:58:28","True"
"audit_tools\6013RP_phase17_gateC1_hotfix_v1.1_2026-08-06.zip","10371","0.0099",".zip","2026-08-06 13:41:36","False"
"audit_tools\6013RP_phase17_gateC1_hotfix_workflow_2026-08-06.md","530","0.0005",".md","2026-08-06 05:29:44","True"
"audit_tools\6013RP_phase17_gateC1_toolkit_2026-08-06.zip","25120","0.024",".zip","2026-08-06 13:15:29","False"
"audit_tools\6013RP_phase17_gateC1_toolkit_2026-08-06\6013RP_phase17_gateAB_full_reassessment_2026-08-06.md","17127","0.0163",".md","2026-08-06 04:25:26","True"
"audit_tools\6013RP_phase17_gateC1_toolkit_2026-08-06\6013RP_phase17_gateAB_workflow_2026-08-06.md","1222","0.0012",".md","2026-08-06 04:25:26","True"
"audit_tools\6013RP_phase17_gateC1_toolkit_2026-08-06\6013RP_phase17_v7_analysis_design_2026-08-06.md","9191","0.0088",".md","2026-08-06 04:25:26","True"
"audit_tools\6013RP_phase17_gateC1_toolkit_2026-08-06\phase17_00_freeze_and_verify_inputs.py","5636","0.0054",".py","2026-08-06 04:26:52","True"
"audit_tools\6013RP_phase17_gateC1_toolkit_2026-08-06\phase17_01_metadata_hierarchy_audit.py","7365","0.007",".py","2026-08-06 04:26:52","True"
"audit_tools\6013RP_phase17_gateC1_toolkit_2026-08-06\phase17_02_raw_count_qc_profile.py","9050","0.0086",".py","2026-08-06 04:26:52","True"
"audit_tools\6013RP_phase17_gateC1_toolkit_2026-08-06\phase17_gateC1_config.json","506","0.0005",".json","2026-08-06 04:25:26","True"
"audit_tools\6013RP_phase17_gateC1_toolkit_2026-08-06\README_6013RP_phase17_gateC1.md","1612","0.0015",".md","2026-08-06 04:25:26","True"
"audit_tools\6013RP_phase17_gateC1_toolkit_2026-08-06\run_6013RP_phase17_gateC1.ps1","2427","0.0023",".ps1","2026-08-06 04:25:26","True"
"audit_tools\6013RP_phase17_gateC2A_smoke_toolkit_2026-08-06.zip","18911","0.018",".zip","2026-08-06 14:01:57","False"
"audit_tools\6013RP_phase17_preflight_toolkit_2026-08-06.zip","14093","0.0134",".zip","2026-08-06 11:59:14","False"
"audit_tools\6013RP_phase17_preflight_toolkit_2026-08-06\6013RP_audit_interpretation_next_stage_2026-08-06.md","5918","0.0056",".md","2026-08-06 03:56:28","True"
"audit_tools\6013RP_phase17_preflight_toolkit_2026-08-06\build_6013RP_phase17_review_pack.py","11711","0.0112",".py","2026-08-06 03:56:28","True"
"audit_tools\6013RP_phase17_preflight_toolkit_2026-08-06\inspect_6013RP_h5ad_deep.py","11514","0.011",".py","2026-08-06 03:56:28","True"
"audit_tools\6013RP_phase17_preflight_toolkit_2026-08-06\README_6013RP_phase17_preflight.md","1118","0.0011",".md","2026-08-06 03:56:28","True"
"audit_tools\6013RP_phase17_preflight_toolkit_2026-08-06\run_build_6013RP_phase17_review_pack.ps1","1210","0.0012",".ps1","2026-08-06 03:56:28","True"
"audit_tools\6013RP_phase17_preflight_toolkit_2026-08-06\run_inspect_6013RP_h5ad_deep.ps1","1975","0.0019",".ps1","2026-08-06 03:56:28","True"
"audit_tools\6013RP_wyf_project_audit_toolkit_2026-08-06.zip","21557","0.0206",".zip","2026-08-06 11:02:31","False"
"audit_tools\6013RP_wyf_project_audit_toolkit_2026-08-06\audit_6013RP_wyf.py","60471","0.0577",".py","2026-08-06 03:01:32","True"
"audit_tools\6013RP_wyf_project_audit_toolkit_2026-08-06\README_6013RP_wyf_audit.md","2709","0.0026",".md","2026-08-06 03:01:32","True"
"audit_tools\6013RP_wyf_project_audit_toolkit_2026-08-06\run_6013RP_wyf_audit.ps1","4358","0.0042",".ps1","2026-08-06 03:01:32","True"
"audit_tools\6013RP_wyf_project_audit_toolkit_2026-08-06\workflow_6013RP_audit_script_2026-08-06.md","1492","0.0014",".md","2026-08-06 03:01:32","True"
"audit_tools\build_6013RP_phase17_review_pack.py","11711","0.0112",".py","2026-08-06 03:56:28","True"
"audit_tools\build_page_contact_sheets.py","2218","0.0021",".py","2026-08-21 01:58:03","True"
"audit_tools\build_research_proposal_v14.py","13791","0.0132",".py","2026-08-10 17:30:35","True"
"audit_tools\build_submission_package.ps1","1012","0.001",".ps1","2026-08-25 06:20:42","True"
"audit_tools\check_submission_environment.py","3073","0.0029",".py","2026-08-25 06:31:40","True"
"audit_tools\create_submission_environment.ps1","2519","0.0024",".ps1","2026-08-25 06:32:01","True"
"audit_tools\docx_a11y_audit.py","5024","0.0048",".py","2026-08-25 02:01:40","True"
"audit_tools\environment_analysis_python.txt","75","0.0001",".txt","2026-08-10 19:21:51","True"
"audit_tools\environment_analysis_win64.txt","16373","0.0156",".txt","2026-08-10 19:20:12","True"
"audit_tools\environment_analysis.yml","6940","0.0066",".yml","2026-08-25 06:32:18","True"
"audit_tools\environment_gateC8BR_release_2026-08-25.yml","496","0.0005",".yml","2026-08-25 02:01:40","True"
"audit_tools\environment_gateC8BR_release_explicit_win64_2026-08-25.txt","1607","0.0015",".txt","2026-08-25 03:14:04","True"
"audit_tools\environment_phase17_v7_explicit_win64_2026-08-10.txt","16373","0.0156",".txt","2026-08-10 19:20:12","True"
"audit_tools\environment_phase17_v7_pip_freeze_2026-08-10.txt","75","0.0001",".txt","2026-08-10 19:21:51","True"
"audit_tools\environment_phase17_v7_resolved_2026-08-10.yml","6935","0.0066",".yml","2026-08-10 19:20:34","True"
"audit_tools\environment_phase17_v7.yml","501","0.0005",".yml","2026-08-10 17:14:37","True"
"audit_tools\environment_submission_win64.txt","1607","0.0015",".txt","2026-08-25 03:14:04","True"
"audit_tools\environment_submission.yml","494","0.0005",".yml","2026-08-25 06:31:40","True"
"audit_tools\inspect_6013RP_h5ad_deep.py","11514","0.011",".py","2026-08-06 03:56:28","True"
"audit_tools\phase17_00_freeze_and_verify_inputs_v2.py","3571","0.0034",".py","2026-08-06 05:29:44","True"
"audit_tools\phase17_01_metadata_hierarchy_audit_v2.py","8976","0.0086",".py","2026-08-06 05:29:44","True"
"audit_tools\phase17_02_raw_count_qc_profile_v2.py","7629","0.0073",".py","2026-08-06 05:29:44","True"
"audit_tools\phase17_c1_03_strict_support_reaudit.py","3728","0.0036",".py","2026-08-10 18:08:19","True"
"audit_tools\phase17_c2a_01_prepare_smoke.py","12033","0.0115",".py","2026-08-06 05:58:28","True"
"audit_tools\phase17_c2a_02_smoke_recluster.py","17137","0.0163",".py","2026-08-10 17:00:34","True"
"audit_tools\phase17_c2a_03_review_smoke.py","7413","0.0071",".py","2026-08-10 17:02:18","True"
"audit_tools\phase17_c2b_01_prepare_full.py","6703","0.0064",".py","2026-08-10 17:05:49","True"
"audit_tools\phase17_c2b_02_full_library_doublets.py","10601","0.0101",".py","2026-08-10 19:08:43","True"
"audit_tools\phase17_c2b_03_review_residual_doublets.py","9218","0.0088",".py","2026-08-10 19:11:29","True"
"audit_tools\phase17_c2b_04_blineage_extraction_audit.py","9334","0.0089",".py","2026-08-12 16:40:04","True"
"audit_tools\phase17_c2b_05_finalize_gatec2b1.py","8409","0.008",".py","2026-08-12 16:18:28","True"
"audit_tools\phase17_c2b_06_refine_blineage_candidates.py","9938","0.0095",".py","2026-08-12 16:46:43","True"
"audit_tools\phase17_c2b_07_prepare_representation.py","17667","0.0168",".py","2026-08-12 17:58:18","True"
"audit_tools\phase17_c2b_08_fit_representation.py","23465","0.0224",".py","2026-08-14 15:01:42","True"
"audit_tools\phase17_c2b_09_review_representation.py","25457","0.0243",".py","2026-08-13 13:30:33","True"
"audit_tools\phase17_c2b_10_finalize_gatec2b2.py","12904","0.0123",".py","2026-08-13 13:31:51","True"
"audit_tools\phase17_c2b_11_resampling_stability.py","16667","0.0159",".py","2026-08-14 15:01:42","True"
"audit_tools\phase17_c2b_12_map_blineage_candidates.py","14921","0.0142",".py","2026-08-13 13:41:01","True"
"audit_tools\phase17_c2b_13_rank_neutral_markers.py","11626","0.0111",".py","2026-08-13 13:35:36","True"
"audit_tools\phase17_c2b_14_review_gatec2b3.py","15908","0.0152",".py","2026-08-14 15:06:40","True"
"audit_tools\phase17_c2b_15_adjudicate_two_level_model.py","25792","0.0246",".py","2026-08-15 13:57:07","True"
"audit_tools\phase17_c3_01_unlock_metadata_and_freeze_design.py","35438","0.0338",".py","2026-08-15 14:14:10","True"
"audit_tools\phase17_c3_02_fit_frozen_abundance.py","43931","0.0419",".py","2026-08-15 14:36:36","True"
"audit_tools\phase17_c4a_01_extract_raw_pseudobulk.py","36096","0.0344",".py","2026-08-15 15:02:49","True"
"audit_tools\phase17_c4a_02_review_freeze.py","24087","0.023",".py","2026-08-15 15:10:04","True"
"audit_tools\phase17_c4b_00_install_packages.R","1160","0.0011",".r","2026-08-15 15:41:52","True"
"audit_tools\phase17_c4b_01_export_frozen_matrices.py","11783","0.0112",".py","2026-08-15 15:24:00","True"
"audit_tools\phase17_c4b_02_qualify_edger.R","7720","0.0074",".r","2026-08-15 15:54:16","True"
"audit_tools\phase17_c4b_03_fit_frozen_models.R","19240","0.0183",".r","2026-08-15 15:50:57","True"
"audit_tools\phase17_c4b_04_review_and_figure.py","24999","0.0238",".py","2026-08-15 15:40:12","True"
"audit_tools\phase17_c5a_01_source_mapping_freeze.py","26570","0.0253",".py","2026-08-15 16:25:53","True"
"audit_tools\phase17_c5a_02_review_freeze.py","20167","0.0192",".py","2026-08-15 16:26:06","True"
"audit_tools\phase17_c5b_01_export_frozen_matrices.py","13663","0.013",".py","2026-08-15 17:02:14","True"
"audit_tools\phase17_c5b_02_qualify_edger.R","7776","0.0074",".r","2026-08-15 17:22:42","True"
"audit_tools\phase17_c5b_03_fit_frozen_models.R","20472","0.0195",".r","2026-08-15 17:05:16","True"
"audit_tools\phase17_c5b_04_review_and_figure.py","30638","0.0292",".py","2026-08-15 17:17:01","True"
"audit_tools\phase17_c6a_01_integrate_claims.py","28104","0.0268",".py","2026-08-15 17:51:56","True"
"audit_tools\phase17_c6b_00_inventory_resources.py","13047","0.0124",".py","2026-08-15 17:46:50","True"
"audit_tools\phase17_c6b_01_freeze_external_resources.py","12918","0.0123",".py","2026-08-15 18:09:08","True"
"audit_tools\phase17_c6b_02_qualify_regulatory_engine.py","16521","0.0158",".py","2026-08-15 18:11:17","True"
"audit_tools\phase17_c6b_03_fit_frozen_regulators.py","21168","0.0202",".py","2026-08-15 18:15:18","True"
"audit_tools\phase17_c6b_04_qualify_orthogonal_methods.py","8268","0.0079",".py","2026-08-15 18:17:32","True"
"audit_tools\phase17_c6b_05_run_orthogonal_response.py","15895","0.0152",".py","2026-08-15 18:21:13","True"
"audit_tools\phase17_c6b_06_review_and_figure.py","22931","0.0219",".py","2026-08-15 18:28:53","True"
"audit_tools\phase17_c7_01_build_main_figures.py","63639","0.0607",".py","2026-08-27 10:36:34","True"
"audit_tools\phase17_c7_02_integrate_manuscript.py","42338","0.0404",".py","2026-08-20 16:28:04","True"
"audit_tools\phase17_c7_03_audit_package.py","13712","0.0131",".py","2026-08-20 16:25:31","True"
"audit_tools\phase17_c8_01_verify_references.py","6543","0.0062",".py","2026-08-20 16:39:26","True"
"audit_tools\phase17_c8_02_build_submission_sources.py","31447","0.03",".py","2026-08-20 17:06:13","True"
"audit_tools\phase17_c8_03_build_documents.py","22599","0.0216",".py","2026-08-20 16:59:47","True"
"audit_tools\phase17_c8_04_final_submission_audit.py","18813","0.0179",".py","2026-08-20 17:06:13","True"
"audit_tools\phase17_c8b_00_build_main_figures.py","2791","0.0027",".py","2026-08-21 01:53:59","True"
"audit_tools\phase17_c8b_01_verify_references.py","2763","0.0026",".py","2026-08-21 01:45:33","True"
"audit_tools\phase17_c8b_02_build_submission_sources.py","13348","0.0127",".py","2026-08-21 02:05:30","True"
"audit_tools\phase17_c8b_03_build_documents.py","6959","0.0066",".py","2026-08-21 01:47:06","True"
"audit_tools\phase17_c8b_04_final_audit.py","22605","0.0216",".py","2026-08-21 01:49:29","True"
"audit_tools\phase17_c8br_00_build_main_figures.py","4105","0.0039",".py","2026-08-25 02:01:40","True"
"audit_tools\phase17_c8br_00_release_smoke_test.py","3104","0.003",".py","2026-08-25 02:01:40","True"
"audit_tools\phase17_c8br_01_verify_references.py","3265","0.0031",".py","2026-08-25 02:02:08","True"
"audit_tools\phase17_c8br_02_build_submission_sources.py","22492","0.0215",".py","2026-08-25 02:29:55","True"
"audit_tools\phase17_c8br_03_build_documents.py","7506","0.0072",".py","2026-08-25 02:11:28","True"
"audit_tools\phase17_c8br_04_final_audit.py","25282","0.0241",".py","2026-08-25 02:11:28","True"
"audit_tools\phase17_c8brf_00_build_main_figures.py","8536","0.0081",".py","2026-08-25 17:27:48","True"
"audit_tools\phase17_c8brf_01_uuid_governance.py","6165","0.0059",".py","2026-08-25 04:28:25","True"
"audit_tools\phase17_c8brf_02_build_submission_sources.py","23266","0.0222",".py","2026-08-27 10:32:33","True"
"audit_tools\phase17_c8brf_03_build_documents.py","19627","0.0187",".py","2026-08-27 10:39:34","True"
"audit_tools\phase17_c8brf_04_final_audit.py","20045","0.0191",".py","2026-08-27 11:13:07","True"
"audit_tools\phase17_c8brp_00_build_main_figures.py","4031","0.0038",".py","2026-08-25 03:11:09","True"
"audit_tools\phase17_c8brp_01_build_submission_sources.py","25524","0.0243",".py","2026-08-25 03:24:36","True"
"audit_tools\phase17_c8brp_02_build_documents.py","11354","0.0108",".py","2026-08-25 03:15:36","True"
"audit_tools\phase17_c8brp_03_final_audit.py","30676","0.0293",".py","2026-08-25 03:33:57","True"
"audit_tools\phase17_c8r_01_correlation_aware_regulator_sensitivity.R","10811","0.0103",".r","2026-08-20 17:47:57","True"
"audit_tools\phase17_c8r_02_verify_references.py","7785","0.0074",".py","2026-08-20 17:53:03","True"
"audit_tools\phase17_c8r_03_build_submission_sources.py","39661","0.0378",".py","2026-08-20 17:57:54","True"
"audit_tools\phase17_c8r_04_build_documents.py","23728","0.0226",".py","2026-08-20 18:23:19","True"
"audit_tools\phase17_c8r_05_final_submission_audit.py","25622","0.0244",".py","2026-08-20 18:18:46","True"
"audit_tools\phase17_c8s_01_build_supplementary_figures.py","36230","0.0346",".py","2026-08-21 00:39:00","True"
"audit_tools\phase17_c8s_02_build_full_statistical_archive.py","16997","0.0162",".py","2026-08-21 00:26:52","True"
"audit_tools\phase17_c8s_03_build_submission_sources.py","28818","0.0275",".py","2026-08-21 00:48:19","True"
"audit_tools\phase17_c8s_04_build_documents.py","27026","0.0258",".py","2026-08-25 17:55:29","True"
"audit_tools\phase17_c8s_05_final_submission_audit.py","23109","0.022",".py","2026-08-21 00:57:43","True"
"audit_tools\phase17_round6_01_overlap_depletion_sensitivity.R","18397","0.0175",".r","2026-08-25 17:35:23","True"
"audit_tools\phase17_round6_02_build_overlap_depletion_figure.py","9059","0.0086",".py","2026-08-25 17:38:50","True"
"audit_tools\phase17_round6_03_full_pipeline_identity_resampling.py","22883","0.0218",".py","2026-08-25 18:04:22","True"
"audit_tools\phase17_round6_04_audit_r1_hold_and_prepare_propagation.py","22422","0.0214",".py","2026-08-27 10:16:55","True"
"audit_tools\phase17_round6_05_fit_identity_uncertainty_composition.py","9772","0.0093",".py","2026-08-27 10:16:55","True"
"audit_tools\phase17_round6_05_fit_identity_uncertainty_ifn.R","7612","0.0073",".r","2026-08-27 10:22:20","True"
"audit_tools\phase17_round6_06_build_identity_hold_figure.py","16007","0.0153",".py","2026-08-27 10:36:34","True"
"audit_tools\README_6013RP_phase17_gateC1_hotfix_v1_1.md","947","0.0009",".md","2026-08-06 05:29:44","True"
"audit_tools\README_6013RP_phase17_gateC2A.md","1957","0.0019",".md","2026-08-10 17:34:31","True"
"audit_tools\README_6013RP_phase17_gateC2B1.md","1887","0.0018",".md","2026-08-10 19:11:51","True"
"audit_tools\README_6013RP_phase17_preflight.md","1118","0.0011",".md","2026-08-06 03:56:28","True"
"audit_tools\render_docx_windows.py","16359","0.0156",".py","2026-08-10 17:24:41","True"
"audit_tools\render_docx_with_wps.ps1","1614","0.0015",".ps1","2026-08-20 16:50:07","True"
"audit_tools\run_6013RP_phase17_blineage_extraction_audit.ps1","2323","0.0022",".ps1","2026-08-12 16:44:25","True"
"audit_tools\run_6013RP_phase17_gateC1_hotfix_v1_1.ps1","2346","0.0022",".ps1","2026-08-06 05:29:44","True"
"audit_tools\run_6013RP_phase17_gateC2A_smoke.ps1","1080","0.001",".ps1","2026-08-06 05:58:28","True"
"audit_tools\run_6013RP_phase17_gateC2A_smoke.sh","2362","0.0023",".sh","2026-08-06 05:58:28","True"
"audit_tools\run_6013RP_phase17_gateC2B1_full_doublets.ps1","3932","0.0037",".ps1","2026-08-12 17:52:54","True"
"audit_tools\run_6013RP_phase17_gateC2B2_full_representation.ps1","6148","0.0059",".ps1","2026-08-13 13:30:33","True"
"audit_tools\run_6013RP_phase17_gateC2B3_neutral_state_freeze.ps1","8638","0.0082",".ps1","2026-08-14 15:02:15","True"
"audit_tools\run_6013RP_phase17_gateC2B4_two_level_state_model.ps1","3804","0.0036",".ps1","2026-08-15 14:00:16","True"
"audit_tools\run_6013RP_phase17_gateC3_metadata_design.ps1","4405","0.0042",".ps1","2026-08-15 14:14:59","True"
"audit_tools\run_6013RP_phase17_gateC3A_abundance.ps1","3392","0.0032",".ps1","2026-08-15 14:27:32","True"
"audit_tools\run_6013RP_phase17_gateC4A_raw_pseudobulk_freeze.ps1","4231","0.004",".ps1","2026-08-15 15:10:04","True"
"audit_tools\run_6013RP_phase17_gateC4B_prepare_edger.ps1","2176","0.0021",".ps1","2026-08-15 15:41:52","True"
"audit_tools\run_6013RP_phase17_gateC4B_transcription.ps1","4423","0.0042",".ps1","2026-08-15 15:41:52","True"
"audit_tools\run_6013RP_phase17_gateC5A_gse135779_freeze.ps1","2856","0.0027",".ps1","2026-08-15 16:16:23","True"
"audit_tools\run_6013RP_phase17_gateC5B_external_validation.ps1","4904","0.0047",".ps1","2026-08-15 17:09:17","True"
"audit_tools\run_6013RP_phase17_gateC7_commit.ps1","2585","0.0025",".ps1","2026-08-20 16:28:32","True"
"audit_tools\run_6013RP_phase17_gateC8_submission_package.ps1","3575","0.0034",".ps1","2026-08-20 17:04:56","True"
"audit_tools\run_6013RP_phase17_gateC8B_editorial_preflight.ps1","5361","0.0051",".ps1","2026-08-21 01:56:33","True"
"audit_tools\run_6013RP_phase17_gateC8BR_release_portability_preflight.ps1","9607","0.0092",".ps1","2026-08-25 02:15:38","True"
"audit_tools\run_6013RP_phase17_gateC8BRF_author_release.ps1","8117","0.0077",".ps1","2026-08-25 06:31:40","True"
"audit_tools\run_6013RP_phase17_gateC8BRP_journal_facing_prefreeze.ps1","9232","0.0088",".ps1","2026-08-25 03:16:38","True"
"audit_tools\run_6013RP_phase17_gateC8R_submission_package.ps1","5930","0.0057",".ps1","2026-08-20 18:21:23","True"
"audit_tools\run_6013RP_phase17_gateC8S_submission_package.ps1","5933","0.0057",".ps1","2026-08-21 00:53:16","True"
"audit_tools\run_6013RP_round6_full_pipeline_identity_resampling.ps1","2009","0.0019",".ps1","2026-08-25 18:04:22","True"
"audit_tools\run_6013RP_round6_overlap_depletion.ps1","1067","0.001",".ps1","2026-08-25 17:34:35","True"
"audit_tools\run_6013RP_round6_r1_hold_integration.ps1","3137","0.003",".ps1","2026-08-27 10:16:55","True"
"audit_tools\run_build_6013RP_phase17_review_pack.ps1","1210","0.0012",".ps1","2026-08-06 03:56:28","True"
"audit_tools\run_inspect_6013RP_h5ad_deep.ps1","1975","0.0019",".ps1","2026-08-06 03:56:28","True"
"CITATION.cff","1021","0.001",".cff","2026-08-27 10:44:16","True"
"Data\processed\GSE135779_nehar_validation\source\GSE135779_genes.tsv.gz","257271","0.2454",".gz","2026-08-27 11:09:35","False"
"Data\processed\GSE135779_nehar_validation\source\GSE135779_series_matrix.txt.gz","5465","0.0052",".gz","2026-08-27 11:09:33","False"
"Data\processed\GSE135779_nehar_validation\source\libaries.csv","540","0.0005",".csv","2026-08-27 11:09:50","False"
"Data\processed\GSE135779_nehar_validation\source\Meta_caSLE_processed_08092021_small.csv","22285464","21.2531",".csv","2026-08-27 11:09:50","False"
"Data\processed\GSE135779_nehar_validation\source\Meta_cSLE_processed_0809202_small.csv","20902801","19.9345",".csv","2026-08-27 11:09:41","False"
"Data\README.md","1594","0.0015",".md","2026-08-27 11:10:49","False"
"LICENSE","1077","0.001","","2026-08-25 04:32:29","True"
"LICENSE_CONTENT_CC_BY_4.0.md","475","0.0005",".md","2026-08-25 04:32:29","True"
"LICENSE_SCOPE.md","1414","0.0013",".md","2026-08-25 04:32:29","True"
"PAPER\2025.04.27.649460v1.full.pdf","3470888","3.3101",".pdf","2026-05-22 22:48:12","False"
"PAPER\s41467-022-35209-1.pdf","6772596","6.4589",".pdf","2026-05-22 22:48:16","False"
"PAPER\science.abf1970.pdf","8771095","8.3648",".pdf","2026-05-22 22:59:03","False"
"PAPER\science.abf3041.pdf","7759228","7.3998",".pdf","2026-05-22 22:48:49","False"
"PAPER\science.adf8531.pdf","4937654","4.7089",".pdf","2026-05-22 22:48:41","False"
"PAPER\science.adt3130.pdf","8090695","7.7159",".pdf","2026-05-22 22:48:41","False"
"PAPER\scitranslmed.adu6015.pdf","2660767","2.5375",".pdf","2026-05-22 22:48:41","False"
"PAPER\scitranslmed.ady0210.pdf","5062079","4.8276",".pdf","2026-05-22 22:48:47","False"
"PAPER\Single-cell landscape of immune cells in multiple autoimmune diseases.pdf","8156394","7.7785",".pdf","2026-05-22 22:48:47","False"
"phase17_v7\gateC1\_LATEST_GATE_C1.txt","86","0.0001",".txt","2026-08-06 13:42:26","True"
"phase17_v7\gateC1\20260806_132230\00_INPUT_FREEZE_SUMMARY.md","442","0.0004",".md","2026-08-06 13:22:34","True"
"phase17_v7\gateC1\20260806_132230\00_input_manifest.csv","1111","0.0011",".csv","2026-08-06 13:22:34","True"
"phase17_v7\gateC1\20260806_132230\00_input_manifest.json","1243","0.0012",".json","2026-08-06 13:22:34","True"
"phase17_v7\gateC1\20260806_132230\01_METADATA_HIERARCHY_SUMMARY.md","427","0.0004",".md","2026-08-06 13:22:41","True"
"phase17_v7\gateC1\20260806_132230\01_sample_manifest.csv","92534","0.0882",".csv","2026-08-06 13:22:41","True"
"phase17_v7\gateC1\20260806_132230\02_donor_manifest.csv","100697","0.096",".csv","2026-08-06 13:22:41","True"
"phase17_v7\gateC1\20260806_132230\03_library_manifest.csv","7661","0.0073",".csv","2026-08-06 13:22:41","True"
"phase17_v7\gateC1\20260806_132230\04_cohort_disease_common_support.csv","464","0.0004",".csv","2026-08-06 13:22:41","True"
"phase17_v7\gateC1\20260806_132230\05_repeated_donor_manifest.csv","6197","0.0059",".csv","2026-08-06 13:22:41","True"
"phase17_v7\gateC1\20260806_132230\06_metadata_conflicts.csv","138053","0.1317",".csv","2026-08-06 13:22:41","True"
"phase17_v7\gateC1\20260806_134213_hotfix_v1_1\00_INPUT_FREEZE_SUMMARY.md","442","0.0004",".md","2026-08-06 13:22:34","True"
"phase17_v7\gateC1\20260806_134213_hotfix_v1_1\00_input_manifest.csv","1111","0.0011",".csv","2026-08-06 13:22:34","True"
"phase17_v7\gateC1\20260806_134213_hotfix_v1_1\00_input_manifest.json","1243","0.0012",".json","2026-08-06 13:22:34","True"
"phase17_v7\gateC1\20260806_134213_hotfix_v1_1\01_METADATA_HIERARCHY_SUMMARY.md","560","0.0005",".md","2026-08-06 13:42:15","True"
"phase17_v7\gateC1\20260806_134213_hotfix_v1_1\01_sample_manifest.csv","94420","0.09",".csv","2026-08-06 13:42:15","True"
"phase17_v7\gateC1\20260806_134213_hotfix_v1_1\02_donor_manifest.csv","101039","0.0964",".csv","2026-08-06 13:42:15","True"
"phase17_v7\gateC1\20260806_134213_hotfix_v1_1\02_RAW_COUNT_QC_SUMMARY.md","511","0.0005",".md","2026-08-06 13:42:26","True"
"phase17_v7\gateC1\20260806_134213_hotfix_v1_1\03_library_manifest.csv","73998","0.0706",".csv","2026-08-06 13:42:15","True"
"phase17_v7\gateC1\20260806_134213_hotfix_v1_1\04_cohort_disease_common_support.csv","564","0.0005",".csv","2026-08-06 13:42:15","True"
"phase17_v7\gateC1\20260806_134213_hotfix_v1_1\05_repeated_donor_manifest.csv","6291","0.006",".csv","2026-08-06 13:42:15","True"
"phase17_v7\gateC1\20260806_134213_hotfix_v1_1\06_metadata_conflicts.csv","50","0",".csv","2026-08-06 13:42:15","True"
"phase17_v7\gateC1\20260806_134213_hotfix_v1_1\07_sample_library_manifest.csv","168475","0.1607",".csv","2026-08-06 13:42:15","True"
"phase17_v7\gateC1\20260806_134213_hotfix_v1_1\08_sample_cohort_manifest.csv","31350","0.0299",".csv","2026-08-06 13:42:15","True"
"phase17_v7\gateC1\20260806_134213_hotfix_v1_1\09_relationship_flags.csv","86029","0.082",".csv","2026-08-06 13:42:15","True"
"phase17_v7\gateC1\20260806_134213_hotfix_v1_1\11_sample_qc_summary.csv","252509","0.2408",".csv","2026-08-06 13:42:25","True"
"phase17_v7\gateC1\20260806_134213_hotfix_v1_1\12_library_qc_summary.csv","82510","0.0787",".csv","2026-08-06 13:42:26","True"
"phase17_v7\gateC1\20260806_134213_hotfix_v1_1\13_sample_qc_candidate_thresholds.csv","78322","0.0747",".csv","2026-08-06 13:42:26","True"
"phase17_v7\gateC1\20260806_134213_hotfix_v1_1\14_library_qc_candidate_thresholds.csv","25788","0.0246",".csv","2026-08-06 13:42:26","True"
"phase17_v7\gateC1\20260806_134213_hotfix_v1_1\15_strict_common_support_reaudit.csv","141","0.0001",".csv","2026-08-10 18:08:51","True"
"phase17_v7\gateC1\20260806_134213_hotfix_v1_1\16_STRICT_COMMON_SUPPORT_ERRATUM.md","1243","0.0012",".md","2026-08-10 18:08:51","True"
"phase17_v7\gateC1\20260806_134213_hotfix_v1_1\WORKFLOW_GATE_C1_HOTFIX_V1_1.md","435","0.0004",".md","2026-08-06 13:42:26","True"
"phase17_v7\gateC2A\_LATEST_GATE_C2A.txt","78","0.0001",".txt","2026-08-10 16:57:28","True"
"phase17_v7\gateC2A\20260810_164012_smoke\00_config.json","509","0.0005",".json","2026-08-10 16:40:25","True"
"phase17_v7\gateC2A\20260810_164012_smoke\02_qc_retention_summary.csv","483","0.0005",".csv","2026-08-10 16:40:22","True"
"phase17_v7\gateC2A\20260810_164012_smoke\04_smoke_selection_summary.csv","106767","0.1018",".csv","2026-08-10 16:40:23","True"
"phase17_v7\gateC2A\20260810_164012_smoke\06_scrublet_library_summary.csv","7811","0.0074",".csv","2026-08-10 16:53:36","True"
"phase17_v7\gateC2A\20260810_164012_smoke\07_batch_mixing_metrics.csv","699","0.0007",".csv","2026-08-10 16:57:06","True"
"phase17_v7\gateC2A\20260810_164012_smoke\08_cluster_coverage.csv","3335","0.0032",".csv","2026-08-10 16:57:06","True"
"phase17_v7\gateC2A\20260810_164012_smoke\09_marker_scores_by_cluster.csv","2718","0.0026",".csv","2026-08-10 16:57:06","True"
"phase17_v7\gateC2A\20260810_164012_smoke\13_GATE_C2A_SUMMARY.json","295","0.0003",".json","2026-08-10 16:57:27","True"
"phase17_v7\gateC2A\20260810_164012_smoke\14_resolution_stability_posthoc.csv","381","0.0004",".csv","2026-08-10 17:02:37","True"
"phase17_v7\gateC2A\20260810_164012_smoke\15_protected_disease_balance_posthoc.csv","688","0.0007",".csv","2026-08-10 17:02:38","True"
"phase17_v7\gateC2A\20260810_164012_smoke\16_GATE_C2A_DECISION.md","2083","0.002",".md","2026-08-10 17:02:38","True"
"phase17_v7\gateC2A\20260810_164012_smoke\17_GATE_C2A_DECISION.json","803","0.0008",".json","2026-08-10 17:02:38","True"
"phase17_v7\gateC2A\20260810_164012_smoke\figures\harmony_leiden_harmony_r0_6.png","476252","0.4542",".png","2026-08-10 16:57:22","True"
"phase17_v7\gateC2A\20260810_164012_smoke\figures\harmony_library_uuid.png","1198052","1.1426",".png","2026-08-10 16:57:24","True"
"phase17_v7\gateC2A\20260810_164012_smoke\figures\harmony_Processing_Cohort.png","583000","0.556",".png","2026-08-10 16:57:22","True"
"phase17_v7\gateC2A\20260810_164012_smoke\figures\marker_dotplot_r06.png","192694","0.1838",".png","2026-08-10 16:57:25","True"
"phase17_v7\gateC2A\20260810_164012_smoke\figures\unintegrated_leiden_harmony_r0_6.png","685192","0.6535",".png","2026-08-10 16:57:19","True"
"phase17_v7\gateC2A\20260810_164012_smoke\figures\unintegrated_library_uuid.png","1362539","1.2994",".png","2026-08-10 16:57:21","True"
"phase17_v7\gateC2A\20260810_164012_smoke\figures\unintegrated_Processing_Cohort.png","689684","0.6577",".png","2026-08-10 16:57:19","True"
"phase17_v7\gateC2B1\_CURRENT_GATE_C2B1.txt","146","0.0001",".txt","2026-08-10 17:31:58","True"
"phase17_v7\gateC2B1\_LATEST_GATE_C2B1.txt","66","0.0001",".txt","2026-08-12 17:53:01","True"
"phase17_v7\gateC2B1\20260810_171000_full_library_doublets\00_full_config.json","527","0.0005",".json","2026-08-10 17:07:33","True"
"phase17_v7\gateC2B1\20260810_171000_full_library_doublets\02_full_qc_retention_summary.csv","485","0.0005",".csv","2026-08-10 17:07:05","True"
"phase17_v7\gateC2B1\20260810_171000_full_library_doublets\04_full_raw_counts.h5ad","270671628","258.1326",".h5ad","2026-08-10 17:07:33","False"
"phase17_v7\gateC2B1\20260810_171000_full_library_doublets\05_full_library_doublet_summary.csv","11524","0.011",".csv","2026-08-10 19:59:29","True"
"phase17_v7\gateC2B1\20260810_171000_full_library_doublets\07_GATE_C2B1_DOUBLET_REVIEW.json","795","0.0008",".json","2026-08-10 19:59:32","True"
"phase17_v7\gateC2B1\20260810_171000_full_library_doublets\08_GATE_C2B1_DOUBLET_REVIEW.md","957","0.0009",".md","2026-08-10 19:59:32","True"
"phase17_v7\gateC2B1\20260810_171000_full_library_doublets\09_GATE_C2B1_PREPARATION_STATUS.md","1824","0.0017",".md","2026-08-10 17:31:58","True"
"phase17_v7\gateC2B1\20260810_171000_full_library_doublets\11_residual_doublet_module_coverage.csv","289","0.0003",".csv","2026-08-10 19:59:50","True"
"phase17_v7\gateC2B1\20260810_171000_full_library_doublets\12_residual_doublet_group_summary.csv","1439","0.0014",".csv","2026-08-10 19:59:50","True"
"phase17_v7\gateC2B1\20260810_171000_full_library_doublets\13_residual_doublet_score_correlations.csv","567","0.0005",".csv","2026-08-10 19:59:51","True"
"phase17_v7\gateC2B1\20260810_171000_full_library_doublets\14_residual_doublet_library_review.csv","13495","0.0129",".csv","2026-08-10 19:59:51","True"
"phase17_v7\gateC2B1\20260810_171000_full_library_doublets\15_GATE_C2B1_RESIDUAL_DOUBLET_ASSESSMENT.md","1139","0.0011",".md","2026-08-10 19:59:55","True"
"phase17_v7\gateC2B1\20260810_171000_full_library_doublets\16_GATE_C2B1_DECISION.md","1890","0.0018",".md","2026-08-12 16:18:37","True"
"phase17_v7\gateC2B1\20260810_171000_full_library_doublets\17_GATE_C2B1_DECISION.json","2244","0.0021",".json","2026-08-12 16:18:37","True"
"phase17_v7\gateC2B1\20260810_171000_full_library_doublets\figures\full_library_doublet_diagnostics.pdf","15055","0.0144",".pdf","2026-08-10 19:59:32","True"
"phase17_v7\gateC2B1\20260810_171000_full_library_doublets\figures\full_library_doublet_diagnostics.png","64117","0.0611",".png","2026-08-10 19:59:32","True"
"phase17_v7\gateC2B1\20260810_171000_full_library_doublets\figures\residual_doublet_multimetric_review.pdf","28687","0.0274",".pdf","2026-08-10 19:59:55","True"
"phase17_v7\gateC2B1\20260810_171000_full_library_doublets\figures\residual_doublet_multimetric_review.png","208108","0.1985",".png","2026-08-10 19:59:54","True"
"phase17_v7\gateC2B2_prechecks\blineage_extraction_completeness\01_blineage_source_summary.csv","332","0.0003",".csv","2026-08-12 16:41:28","True"
"phase17_v7\gateC2B2_prechecks\blineage_extraction_completeness\02_blineage_marker_coverage.csv","339","0.0003",".csv","2026-08-12 16:40:19","True"
"phase17_v7\gateC2B2_prechecks\blineage_extraction_completeness\03_blineage_candidate_rule_sensitivity.csv","1109","0.0011",".csv","2026-08-12 16:41:27","True"
"phase17_v7\gateC2B2_prechecks\blineage_extraction_completeness\05_blineage_candidates_by_source_label.csv","895","0.0009",".csv","2026-08-12 16:41:28","True"
"phase17_v7\gateC2B2_prechecks\blineage_extraction_completeness\06_BLINEAGE_EXTRACTION_AUDIT.md","1027","0.001",".md","2026-08-12 16:41:37","True"
"phase17_v7\gateC2B2_prechecks\blineage_extraction_completeness\08_blineage_refined_candidates_by_source_label.csv","715","0.0007",".csv","2026-08-12 16:47:48","True"
"phase17_v7\gateC2B2_prechecks\blineage_extraction_completeness\09_blineage_candidate_gene_prevalence.csv","13167","0.0126",".csv","2026-08-12 16:47:48","True"
"phase17_v7\gateC2B2_prechecks\blineage_extraction_completeness\10_BLINEAGE_INPUT_DECISION.md","1300","0.0012",".md","2026-08-12 16:47:49","True"
"phase17_v7\gateC2B2_prechecks\blineage_extraction_completeness\11_BLINEAGE_INPUT_DECISION.json","612","0.0006",".json","2026-08-12 16:47:48","True"
"phase17_v7\gateC2B2_prechecks\blineage_extraction_completeness\figures\blineage_candidate_refinement.pdf","15360","0.0146",".pdf","2026-08-12 16:47:49","True"
"phase17_v7\gateC2B2_prechecks\blineage_extraction_completeness\figures\blineage_candidate_refinement.png","99879","0.0953",".png","2026-08-12 16:47:48","True"
"phase17_v7\gateC2B2_prechecks\blineage_extraction_completeness\figures\blineage_candidates_by_source_label.pdf","14382","0.0137",".pdf","2026-08-12 16:41:37","True"
"phase17_v7\gateC2B2_prechecks\blineage_extraction_completeness\figures\blineage_candidates_by_source_label.png","99098","0.0945",".png","2026-08-12 16:41:31","True"
"phase17_v7\gateC2B2\_LATEST_GATE_C2B2.txt","61","0.0001",".txt","2026-08-13 03:27:51","True"
"phase17_v7\gateC2B2\20260812_full_representation\01_hvg_recurrence_table.csv","2600802","2.4803",".csv","2026-08-12 18:21:17","True"
"phase17_v7\gateC2B2\20260812_full_representation\02_hvg_branch_summary.csv","210","0.0002",".csv","2026-08-12 18:21:17","True"
"phase17_v7\gateC2B2\20260812_full_representation\02b_feature_space_sensitivity_availability.csv","466","0.0004",".csv","2026-08-12 18:21:17","True"
"phase17_v7\gateC2B2\20260812_full_representation\04_GATE_C2B2_PREPARATION.json","1526","0.0015",".json","2026-08-12 18:21:23","True"
"phase17_v7\gateC2B2\20260812_full_representation\05_GATE_C2B2_PREPARATION.md","775","0.0007",".md","2026-08-12 18:21:23","True"
"phase17_v7\gateC2B2\20260812_full_representation\06_primary_all_cells_representation.h5ad","114432893","109.1317",".h5ad","2026-08-12 20:50:21","False"
"phase17_v7\gateC2B2\20260812_full_representation\10_primary_neighbor_mixing.csv","769","0.0007",".csv","2026-08-12 20:50:12","True"
"phase17_v7\gateC2B2\20260812_full_representation\11_primary_bridge_centroid_distances.csv","14777","0.0141",".csv","2026-08-12 20:50:12","True"
"phase17_v7\gateC2B2\20260812_full_representation\12_primary_cluster_coverage.csv","2701","0.0026",".csv","2026-08-13 03:26:31","True"
"phase17_v7\gateC2B2\20260812_full_representation\13_residual_risk_localization.csv","3073","0.0029",".csv","2026-08-13 03:26:31","True"
"phase17_v7\gateC2B2\20260812_full_representation\14_branch_and_resolution_concordance.csv","1684","0.0016",".csv","2026-08-13 03:26:54","True"
"phase17_v7\gateC2B2\20260812_full_representation\16_GATE_C2B2_FIT_SUMMARY.json","1722","0.0016",".json","2026-08-13 03:26:59","True"
"phase17_v7\gateC2B2\20260812_full_representation\17_GATE_C2B2_FIT_STATUS.md","568","0.0005",".md","2026-08-13 03:26:59","True"
"phase17_v7\gateC2B2\20260812_full_representation\18_marker_coverage.csv","1869","0.0018",".csv","2026-08-13 13:38:07","True"
"phase17_v7\gateC2B2\20260812_full_representation\19_marker_gene_by_cluster.csv","13013","0.0124",".csv","2026-08-13 13:38:09","True"
"phase17_v7\gateC2B2\20260812_full_representation\20_marker_module_by_cluster.csv","2942","0.0028",".csv","2026-08-13 13:38:09","True"
"phase17_v7\gateC2B2\20260812_full_representation\21_GATE_C2B2_REVIEW.md","1921","0.0018",".md","2026-08-13 13:38:50","True"
"phase17_v7\gateC2B2\20260812_full_representation\22_GATE_C2B2_REVIEW.json","2609","0.0025",".json","2026-08-13 13:38:50","True"
"phase17_v7\gateC2B2\20260812_full_representation\23_marker_gene_all_resolutions.csv","107930","0.1029",".csv","2026-08-13 13:38:15","True"
"phase17_v7\gateC2B2\20260812_full_representation\24_marker_module_all_resolutions.csv","24164","0.023",".csv","2026-08-13 13:38:15","True"
"phase17_v7\gateC2B2\20260812_full_representation\25_gate_c2b2_resolution_advisor_table.csv","1039","0.001",".csv","2026-08-13 13:38:59","True"
"phase17_v7\gateC2B2\20260812_full_representation\26_GATE_C2B2_ADVISOR_DECISION.json","2118","0.002",".json","2026-08-13 13:38:59","True"
"phase17_v7\gateC2B2\20260812_full_representation\26_GATE_C2B2_ADVISOR_DECISION.md","1826","0.0017",".md","2026-08-13 13:39:00","True"
"phase17_v7\gateC2B2\20260812_full_representation\27_gate_c2b2_integrity_manifest.csv","3474","0.0033",".csv","2026-08-13 13:39:00","True"
"phase17_v7\gateC2B2\20260812_full_representation\figures_review\c2b2_branch_concordance.pdf","15296","0.0146",".pdf","2026-08-13 13:38:50","True"
"phase17_v7\gateC2B2\20260812_full_representation\figures_review\c2b2_branch_concordance.png","82840","0.079",".png","2026-08-13 13:38:50","True"
"phase17_v7\gateC2B2\20260812_full_representation\figures_review\c2b2_marker_module_dotplot.pdf","28912","0.0276",".pdf","2026-08-13 13:38:31","True"
"phase17_v7\gateC2B2\20260812_full_representation\figures_review\c2b2_marker_module_dotplot.png","188404","0.1797",".png","2026-08-13 13:38:31","True"
"phase17_v7\gateC2B2\20260812_full_representation\figures_review\c2b2_representation_audit.pdf","394324","0.3761",".pdf","2026-08-13 13:38:29","True"
"phase17_v7\gateC2B2\20260812_full_representation\figures_review\c2b2_representation_audit.png","4572202","4.3604",".png","2026-08-13 13:38:24","True"
"phase17_v7\gateC2B3\_invalidated_30pc_resampling_20260814\00_GATE_C2B3_RUN_STATUS.json","282","0.0003",".json","2026-08-14 10:43:56","True"
"phase17_v7\gateC2B3\_invalidated_30pc_resampling_20260814\00_GATE_C2B3_RUN_STATUS.md","344","0.0003",".md","2026-08-14 10:43:56","True"
"phase17_v7\gateC2B3\_invalidated_30pc_resampling_20260814\01_resampling_replicate_metrics.csv","4661","0.0044",".csv","2026-08-14 10:43:25","True"
"phase17_v7\gateC2B3\_invalidated_30pc_resampling_20260814\02_resampling_cluster_metrics.csv","18808","0.0179",".csv","2026-08-14 10:43:25","True"
"phase17_v7\gateC2B3\_invalidated_30pc_resampling_20260814\03_resampling_resolution_summary.csv","508","0.0005",".csv","2026-08-14 10:43:25","True"
"phase17_v7\gateC2B3\_invalidated_30pc_resampling_20260814\04_resampling_cluster_summary.csv","1046","0.001",".csv","2026-08-14 10:43:25","True"
"phase17_v7\gateC2B3\_invalidated_30pc_resampling_20260814\06_RESAMPLING_STATUS.json","366","0.0003",".json","2026-08-14 10:43:35","True"
"phase17_v7\gateC2B3\_invalidated_30pc_resampling_20260814\15_neutral_state_freeze_table.csv","378","0.0004",".csv","2026-08-14 10:43:50","True"
"phase17_v7\gateC2B3\_invalidated_30pc_resampling_20260814\16_GATE_C2B3_ADVISOR_REVIEW.json","1615","0.0015",".json","2026-08-14 10:43:50","True"
"phase17_v7\gateC2B3\_invalidated_30pc_resampling_20260814\16_GATE_C2B3_ADVISOR_REVIEW.md","1044","0.001",".md","2026-08-14 10:43:56","True"
"phase17_v7\gateC2B3\_invalidated_30pc_resampling_20260814\17_gate_c2b3_integrity_manifest.csv","2568","0.0024",".csv","2026-08-14 10:43:56","True"
"phase17_v7\gateC2B3\_invalidated_30pc_resampling_20260814\figures\c2b3_resampling_stability.pdf","13001","0.0124",".pdf","2026-08-14 10:43:56","True"
"phase17_v7\gateC2B3\_invalidated_30pc_resampling_20260814\figures\c2b3_resampling_stability.png","77205","0.0736",".png","2026-08-14 10:43:53","True"
"phase17_v7\gateC2B3\_invalidated_30pc_resampling_20260814\README_INVALIDATED.md","1346","0.0013",".md","2026-08-14 15:10:31","True"
"phase17_v7\gateC2B3\_LATEST_GATE_C2B3.txt","67","0.0001",".txt","2026-08-15 06:50:47","True"
"phase17_v7\gateC2B3\20260813_full_neutral_state_freeze\00_GATE_C2B3_RUN_STATUS.json","362","0.0003",".json","2026-08-15 06:50:47","True"
"phase17_v7\gateC2B3\20260813_full_neutral_state_freeze\00_GATE_C2B3_RUN_STATUS.md","378","0.0004",".md","2026-08-15 06:50:47","True"
"phase17_v7\gateC2B3\20260813_full_neutral_state_freeze\01_resampling_replicate_metrics.csv","4660","0.0044",".csv","2026-08-15 06:50:28","True"
"phase17_v7\gateC2B3\20260813_full_neutral_state_freeze\01b_resampling_r04_policy_metrics.csv","5838","0.0056",".csv","2026-08-15 06:50:28","True"
"phase17_v7\gateC2B3\20260813_full_neutral_state_freeze\02_resampling_cluster_metrics.csv","19904","0.019",".csv","2026-08-15 06:50:28","True"
"phase17_v7\gateC2B3\20260813_full_neutral_state_freeze\02b_resampling_reference_transitions.csv","60809","0.058",".csv","2026-08-15 06:50:28","True"
"phase17_v7\gateC2B3\20260813_full_neutral_state_freeze\03_resampling_resolution_summary.csv","595","0.0006",".csv","2026-08-15 06:50:28","True"
"phase17_v7\gateC2B3\20260813_full_neutral_state_freeze\04_resampling_cluster_summary.csv","1124","0.0011",".csv","2026-08-15 06:50:28","True"
"phase17_v7\gateC2B3\20260813_full_neutral_state_freeze\04b_resampling_r04_policy_cluster_summary.csv","1020","0.001",".csv","2026-08-15 06:50:28","True"
"phase17_v7\gateC2B3\20260813_full_neutral_state_freeze\04c_resampling_r04_policy_summary.csv","667","0.0006",".csv","2026-08-15 06:50:28","True"
"phase17_v7\gateC2B3\20260813_full_neutral_state_freeze\06_RESAMPLING_STATUS.json","627","0.0006",".json","2026-08-15 06:50:38","True"
"phase17_v7\gateC2B3\20260813_full_neutral_state_freeze\08_candidate_mapping_by_cluster.csv","747","0.0007",".csv","2026-08-13 13:43:06","True"
"phase17_v7\gateC2B3\20260813_full_neutral_state_freeze\09_candidate_mapping_by_source_label.csv","555","0.0005",".csv","2026-08-13 13:43:06","True"
"phase17_v7\gateC2B3\20260813_full_neutral_state_freeze\10_CANDIDATE_MAPPING_DECISION.json","642","0.0006",".json","2026-08-13 13:43:06","True"
"phase17_v7\gateC2B3\20260813_full_neutral_state_freeze\10_CANDIDATE_MAPPING_DECISION.md","614","0.0006",".md","2026-08-13 13:43:08","True"
"phase17_v7\gateC2B3\20260813_full_neutral_state_freeze\11_ranked_neutral_markers.csv","205744","0.1962",".csv","2026-08-13 13:44:04","True"
"phase17_v7\gateC2B3\20260813_full_neutral_state_freeze\12_neutral_marker_dictionary.csv","43955","0.0419",".csv","2026-08-13 13:44:04","True"
"phase17_v7\gateC2B3\20260813_full_neutral_state_freeze\13_neutral_marker_dictionary_summary.csv","462","0.0004",".csv","2026-08-13 13:44:04","True"
"phase17_v7\gateC2B3\20260813_full_neutral_state_freeze\14_MARKER_RANKING_STATUS.json","384","0.0004",".json","2026-08-13 13:44:04","True"
"phase17_v7\gateC2B3\20260813_full_neutral_state_freeze\15_neutral_state_freeze_table.csv","646","0.0006",".csv","2026-08-15 06:50:44","True"
"phase17_v7\gateC2B3\20260813_full_neutral_state_freeze\16_GATE_C2B3_ADVISOR_REVIEW.json","2876","0.0027",".json","2026-08-15 06:50:44","True"
"phase17_v7\gateC2B3\20260813_full_neutral_state_freeze\16_GATE_C2B3_ADVISOR_REVIEW.md","1253","0.0012",".md","2026-08-15 06:50:47","True"
"phase17_v7\gateC2B3\20260813_full_neutral_state_freeze\17_gate_c2b3_integrity_manifest.csv","3255","0.0031",".csv","2026-08-15 06:50:47","True"
"phase17_v7\gateC2B3\20260813_full_neutral_state_freeze\18_RESAMPLING_INVALIDATION_NOTICE_2026-08-14.json","486","0.0005",".json","2026-08-14 15:06:03","True"
"phase17_v7\gateC2B3\20260813_full_neutral_state_freeze\18_RESAMPLING_INVALIDATION_NOTICE_2026-08-14.md","1170","0.0011",".md","2026-08-14 15:06:03","True"
"phase17_v7\gateC2B3\20260813_full_neutral_state_freeze\figures\c2b3_resampling_stability.pdf","17208","0.0164",".pdf","2026-08-15 06:50:47","True"
"phase17_v7\gateC2B3\20260813_full_neutral_state_freeze\figures\c2b3_resampling_stability.png","128037","0.1221",".png","2026-08-15 06:50:46","True"
"phase17_v7\gateC2B3\20260813_full_neutral_state_freeze\figures\candidate_mapping_audit.pdf","25709","0.0245",".pdf","2026-08-13 13:43:08","True"
"phase17_v7\gateC2B3\20260813_full_neutral_state_freeze\figures\candidate_mapping_audit.png","157136","0.1499",".png","2026-08-13 13:43:07","True"
"phase17_v7\gateC2B4\_LATEST_GATE_C2B4.txt","64","0.0001",".txt","2026-08-15 14:00:32","True"
"phase17_v7\gateC2B4\20260815_two_level_state_repair\00_GATE_C2B4_RUN_STATUS.json","276","0.0003",".json","2026-08-15 14:00:31","True"
"phase17_v7\gateC2B4\20260815_two_level_state_repair\00_GATE_C2B4_RUN_STATUS.md","327","0.0003",".md","2026-08-15 14:00:31","True"
"phase17_v7\gateC2B4\20260815_two_level_state_repair\01_reconstructed_policy_metrics.csv","8224","0.0078",".csv","2026-08-15 14:00:29","True"
"phase17_v7\gateC2B4\20260815_two_level_state_repair\02_reconstructed_policy_summary.csv","845","0.0008",".csv","2026-08-15 14:00:30","True"
"phase17_v7\gateC2B4\20260815_two_level_state_repair\03_two_compartment_state_stability.csv","3705","0.0035",".csv","2026-08-15 14:00:30","True"
"phase17_v7\gateC2B4\20260815_two_level_state_repair\04_two_compartment_state_summary.csv","317","0.0003",".csv","2026-08-15 14:00:30","True"
"phase17_v7\gateC2B4\20260815_two_level_state_repair\05_two_compartment_freeze_table.csv","550","0.0005",".csv","2026-08-15 14:00:30","True"
"phase17_v7\gateC2B4\20260815_two_level_state_repair\06_GATE_C2B4_ADVISOR_DECISION.json","3087","0.0029",".json","2026-08-15 14:00:31","True"
"phase17_v7\gateC2B4\20260815_two_level_state_repair\06_GATE_C2B4_ADVISOR_DECISION.md","1873","0.0018",".md","2026-08-15 14:00:31","True"
"phase17_v7\gateC2B4\20260815_two_level_state_repair\07_gate_c2b4_integrity_manifest.csv","1215","0.0012",".csv","2026-08-15 14:00:31","True"
"phase17_v7\gateC2B4\20260815_two_level_state_repair\figures\c2b4_two_level_state_adjudication.pdf","30648","0.0292",".pdf","2026-08-15 14:00:31","True"
"phase17_v7\gateC2B4\20260815_two_level_state_repair\figures\c2b4_two_level_state_adjudication.png","207984","0.1983",".png","2026-08-15 14:00:30","True"
"phase17_v7\gateC3\_LATEST_GATE_C3.txt","55","0.0001",".txt","2026-08-15 14:15:22","True"
"phase17_v7\gateC3\20260815_metadata_design\00_GATE_C3_RUN_STATUS.json","286","0.0003",".json","2026-08-15 14:15:22","True"
"phase17_v7\gateC3\20260815_metadata_design\00_GATE_C3_RUN_STATUS.md","364","0.0003",".md","2026-08-15 14:15:22","True"
"phase17_v7\gateC3\20260815_metadata_design\02_metadata_key_invariants.csv","468","0.0004",".csv","2026-08-15 14:15:19","True"
"phase17_v7\gateC3\20260815_metadata_design\03_sample_design_audit.csv","55881","0.0533",".csv","2026-08-15 14:15:20","True"
"phase17_v7\gateC3\20260815_metadata_design\04_sample_cohort_design_audit.csv","67085","0.064",".csv","2026-08-15 14:15:20","True"
"phase17_v7\gateC3\20260815_metadata_design\05_sample_compartment_counts.csv","76365","0.0728",".csv","2026-08-15 14:15:20","True"
"phase17_v7\gateC3\20260815_metadata_design\06_sample_cohort_compartment_counts.csv","90996","0.0868",".csv","2026-08-15 14:15:20","True"
"phase17_v7\gateC3\20260815_metadata_design\07_donor_design_audit.csv","21406","0.0204",".csv","2026-08-15 14:15:20","True"
"phase17_v7\gateC3\20260815_metadata_design\08_eligible_design_strata.csv","574","0.0005",".csv","2026-08-15 14:15:20","True"
"phase17_v7\gateC3\20260815_metadata_design\09_cohort_sample_overlap.csv","224","0.0002",".csv","2026-08-15 14:15:20","True"
"phase17_v7\gateC3\20260815_metadata_design\10_metadata_missingness.csv","461","0.0004",".csv","2026-08-15 14:15:20","True"
"phase17_v7\gateC3\20260815_metadata_design\11_primary_model_matrix.csv","26250","0.025",".csv","2026-08-15 14:15:20","True"
"phase17_v7\gateC3\20260815_metadata_design\12_validation_model_matrix.csv","18822","0.018",".csv","2026-08-15 14:15:20","True"
"phase17_v7\gateC3\20260815_metadata_design\13_flare_model_matrix.csv","10145","0.0097",".csv","2026-08-15 14:15:20","True"
"phase17_v7\gateC3\20260815_metadata_design\14_MODEL_DESIGN_CONTRACT.json","2610","0.0025",".json","2026-08-15 14:15:21","True"
"phase17_v7\gateC3\20260815_metadata_design\14_MODEL_DESIGN_CONTRACT.md","872","0.0008",".md","2026-08-15 14:15:21","True"
"phase17_v7\gateC3\20260815_metadata_design\15_GATE_C3_METADATA_AUDIT.json","3097","0.003",".json","2026-08-15 14:15:22","True"
"phase17_v7\gateC3\20260815_metadata_design\15_GATE_C3_METADATA_AUDIT.md","2009","0.0019",".md","2026-08-15 14:15:22","True"
"phase17_v7\gateC3\20260815_metadata_design\16_gate_c3_integrity_manifest.csv","2192","0.0021",".csv","2026-08-15 14:15:22","True"
"phase17_v7\gateC3\20260815_metadata_design\figures\gate_c3_metadata_and_design_audit.pdf","29179","0.0278",".pdf","2026-08-15 14:15:22","True"
"phase17_v7\gateC3\20260815_metadata_design\figures\gate_c3_metadata_and_design_audit.png","208079","0.1984",".png","2026-08-15 14:15:21","True"
"phase17_v7\gateC3A\_LATEST_GATE_C3A.txt","57","0.0001",".txt","2026-08-15 14:36:59","True"
"phase17_v7\gateC3A\20260815_frozen_abundance\00_GATE_C3A_RUN_STATUS.json","234","0.0002",".json","2026-08-15 14:36:59","True"
"phase17_v7\gateC3A\20260815_frozen_abundance\00_GATE_C3A_RUN_STATUS.md","302","0.0003",".md","2026-08-15 14:36:59","True"
"phase17_v7\gateC3A\20260815_frozen_abundance\01_base_model_coefficients.csv","3478","0.0033",".csv","2026-08-15 14:36:58","True"
"phase17_v7\gateC3A\20260815_frozen_abundance\02_base_and_nonoverlap_contrasts.csv","1966","0.0019",".csv","2026-08-15 14:36:58","True"
"phase17_v7\gateC3A\20260815_frozen_abundance\03_adjusted_predictions.csv","1479","0.0014",".csv","2026-08-15 14:36:58","True"
"phase17_v7\gateC3A\20260815_frozen_abundance\04_mandatory_sensitivity_contrasts.csv","4127","0.0039",".csv","2026-08-15 14:36:58","True"
"phase17_v7\gateC3A\20260815_frozen_abundance\05_two_part_sensitivity.csv","1497","0.0014",".csv","2026-08-15 14:36:58","True"
"phase17_v7\gateC3A\20260815_frozen_abundance\06_primary_leave_one_out.csv","13637","0.013",".csv","2026-08-15 14:36:58","True"
"phase17_v7\gateC3A\20260815_frozen_abundance\07_replication_overlap_audit.csv","187","0.0002",".csv","2026-08-15 14:36:58","True"
"phase17_v7\gateC3A\20260815_frozen_abundance\08_model_diagnostics.csv","6885","0.0066",".csv","2026-08-15 14:36:58","True"
"phase17_v7\gateC3A\20260815_frozen_abundance\09_GATE_C3A_ADVISOR_DECISION.json","3241","0.0031",".json","2026-08-15 14:36:59","True"
"phase17_v7\gateC3A\20260815_frozen_abundance\09_GATE_C3A_ADVISOR_DECISION.md","1988","0.0019",".md","2026-08-15 14:36:59","True"
"phase17_v7\gateC3A\20260815_frozen_abundance\10_gate_c3a_integrity_manifest.csv","1487","0.0014",".csv","2026-08-15 14:36:59","True"
"phase17_v7\gateC3A\20260815_frozen_abundance\figures\gate_c3a_abundance_model_audit.pdf","27962","0.0267",".pdf","2026-08-15 14:36:59","True"
"phase17_v7\gateC3A\20260815_frozen_abundance\figures\gate_c3a_abundance_model_audit.png","168513","0.1607",".png","2026-08-15 14:36:59","True"
"phase17_v7\gateC4A\_LATEST_GATE_C4A.txt","62","0.0001",".txt","2026-08-15 15:12:02","True"
"phase17_v7\gateC4A\20260815_raw_pseudobulk_freeze\00_GATE_C4A_RUN_STATUS.json","306","0.0003",".json","2026-08-15 15:12:01","True"
"phase17_v7\gateC4A\20260815_raw_pseudobulk_freeze\00_GATE_C4A_RUN_STATUS.md","428","0.0004",".md","2026-08-15 15:12:01","True"
"phase17_v7\gateC4A\20260815_raw_pseudobulk_freeze\01_raw_input_and_cell_id_audit.json","1088","0.001",".json","2026-08-15 15:11:46","True"
"phase17_v7\gateC4A\20260815_raw_pseudobulk_freeze\01_raw_input_and_cell_id_audit.md","481","0.0005",".md","2026-08-15 15:11:46","True"
"phase17_v7\gateC4A\20260815_raw_pseudobulk_freeze\03_pseudobulk_row_metadata.csv","248344","0.2368",".csv","2026-08-15 15:11:44","True"
"phase17_v7\gateC4A\20260815_raw_pseudobulk_freeze\05_compartment_support_audit.csv","126731","0.1209",".csv","2026-08-15 15:11:44","True"
"phase17_v7\gateC4A\20260815_raw_pseudobulk_freeze\06_primary_bconv_model_matrix.csv","21482","0.0205",".csv","2026-08-15 15:11:44","True"
"phase17_v7\gateC4A\20260815_raw_pseudobulk_freeze\07_validation_bconv_model_matrix.csv","16504","0.0157",".csv","2026-08-15 15:11:44","True"
"phase17_v7\gateC4A\20260815_raw_pseudobulk_freeze\08_flare_bconv_model_matrix.csv","8978","0.0086",".csv","2026-08-15 15:11:44","True"
"phase17_v7\gateC4A\20260815_raw_pseudobulk_freeze\09_replication_nonoverlap_audit.csv","187","0.0002",".csv","2026-08-15 15:11:44","True"
"phase17_v7\gateC4A\20260815_raw_pseudobulk_freeze\10_basc_pseudobulk_support.csv","1080","0.001",".csv","2026-08-15 15:11:44","True"
"phase17_v7\gateC4A\20260815_raw_pseudobulk_freeze\11_program_dictionary.csv","14689","0.014",".csv","2026-08-15 15:11:46","True"
"phase17_v7\gateC4A\20260815_raw_pseudobulk_freeze\12_program_gene_availability.csv","10478","0.01",".csv","2026-08-15 15:11:46","True"
"phase17_v7\gateC4A\20260815_raw_pseudobulk_freeze\13_GATE_C4A_FREEZE_CONTRACT.json","2904","0.0028",".json","2026-08-15 15:11:46","True"
"phase17_v7\gateC4A\20260815_raw_pseudobulk_freeze\13_GATE_C4A_FREEZE_CONTRACT.md","960","0.0009",".md","2026-08-15 15:11:46","True"
"phase17_v7\gateC4A\20260815_raw_pseudobulk_freeze\14_GATE_C4A_ADVISOR_DECISION.json","3616","0.0034",".json","2026-08-15 15:12:01","True"
"phase17_v7\gateC4A\20260815_raw_pseudobulk_freeze\14_GATE_C4A_ADVISOR_DECISION.md","2623","0.0025",".md","2026-08-15 15:12:01","True"
"phase17_v7\gateC4A\20260815_raw_pseudobulk_freeze\14_gene_count_conservation_audit.json","417","0.0004",".json","2026-08-15 15:12:00","True"
"phase17_v7\gateC4A\20260815_raw_pseudobulk_freeze\14_gene_count_conservation_audit.md","331","0.0003",".md","2026-08-15 15:12:00","True"
"phase17_v7\gateC4A\20260815_raw_pseudobulk_freeze\15_gate_c4a_integrity_manifest.csv","2827","0.0027",".csv","2026-08-15 15:12:01","True"
"phase17_v7\gateC4A\20260815_raw_pseudobulk_freeze\figures\gate_c4a_raw_pseudobulk_and_program_freeze.pdf","31941","0.0305",".pdf","2026-08-15 15:12:01","True"
"phase17_v7\gateC4A\20260815_raw_pseudobulk_freeze\figures\gate_c4a_raw_pseudobulk_and_program_freeze.png","242678","0.2314",".png","2026-08-15 15:12:01","True"
"phase17_v7\gateC4B\20260815_edger_transcription\01_R_sessionInfo.txt","959","0.0009",".txt","2026-08-15 15:54:26","True"
"phase17_v7\gateC4B\20260815_edger_transcription\02_matrix_exports\flare_full_samples.csv","9940","0.0095",".csv","2026-08-15 15:51:27","True"
"phase17_v7\gateC4B\20260815_edger_transcription\02_matrix_exports\primary_base_samples.csv","23871","0.0228",".csv","2026-08-15 15:51:18","True"
"phase17_v7\gateC4B\20260815_edger_transcription\02_matrix_exports\primary_min100_samples.csv","23650","0.0226",".csv","2026-08-15 15:51:22","True"
"phase17_v7\gateC4B\20260815_edger_transcription\02_matrix_exports\primary_min20_samples.csv","25390","0.0242",".csv","2026-08-15 15:51:20","True"
"phase17_v7\gateC4B\20260815_edger_transcription\02_matrix_exports\primary_residual_risk_negative_samples.csv","24849","0.0237",".csv","2026-08-15 15:51:23","True"
"phase17_v7\gateC4B\20260815_edger_transcription\02_matrix_exports\validation_full_samples.csv","18230","0.0174",".csv","2026-08-15 15:51:25","True"
"phase17_v7\gateC4B\20260815_edger_transcription\02_matrix_exports\validation_nonoverlap_samples.csv","15367","0.0147",".csv","2026-08-15 15:51:26","True"
"phase17_v7\gateC4B\20260815_edger_transcription\03_MATRIX_EXPORT_AUDIT.json","8866","0.0085",".json","2026-08-15 15:51:27","True"
"phase17_v7\gateC4B\20260815_edger_transcription\03_MATRIX_EXPORT_AUDIT.md","1107","0.0011",".md","2026-08-15 15:51:27","True"
"phase17_v7\gateC4B\20260815_edger_transcription\04_EDGER_QUALIFICATION.json","1787","0.0017",".json","2026-08-15 15:51:42","True"
"phase17_v7\gateC4B\20260815_edger_transcription\04_EDGER_QUALIFICATION.md","1051","0.001",".md","2026-08-15 15:51:42","True"
"phase17_v7\gateC4B\20260815_edger_transcription\05_MODEL_SUMMARY.csv","1132","0.0011",".csv","2026-08-15 15:52:54","True"
"phase17_v7\gateC4B\20260815_edger_transcription\06_TOP100_GENE_RESULTS.csv","130908","0.1248",".csv","2026-08-15 15:52:54","True"
"phase17_v7\gateC4B\20260815_edger_transcription\07_PROGRAM_RESULTS.csv","16977","0.0162",".csv","2026-08-15 15:52:54","True"
"phase17_v7\gateC4B\20260815_edger_transcription\09_FROZEN_PROGRAM_ARM_CAMERA.csv","13666","0.013",".csv","2026-08-15 15:52:54","True"
"phase17_v7\gateC4B\20260815_edger_transcription\10_PRIMARY_PROGRAM_LOO.csv","1937","0.0018",".csv","2026-08-15 15:52:55","True"
"phase17_v7\gateC4B\20260815_edger_transcription\11_PRIMARY_CONFIRMATORY_GENE_LOO.csv","7698","0.0073",".csv","2026-08-15 15:52:55","True"
"phase17_v7\gateC4B\20260815_edger_transcription\12_CROSS_COHORT_EFFECT_CONCORDANCE.csv","625","0.0006",".csv","2026-08-15 15:52:59","True"
"phase17_v7\gateC4B\20260815_edger_transcription\13_PRIMARY_RANKED_QC_FAMILY_AUDIT.csv","158","0.0002",".csv","2026-08-15 15:52:59","True"
"phase17_v7\gateC4B\20260815_edger_transcription\14_FROZEN_MODEL_RUN_STATUS.json","3775","0.0036",".json","2026-08-15 15:52:59","True"
"phase17_v7\gateC4B\20260815_edger_transcription\15_GATE_C4B_ADVISOR_DECISION.json","6758","0.0064",".json","2026-08-15 15:54:33","True"
"phase17_v7\gateC4B\20260815_edger_transcription\15_GATE_C4B_ADVISOR_DECISION.md","2213","0.0021",".md","2026-08-15 15:54:33","True"
"phase17_v7\gateC4B\20260815_edger_transcription\16_GATE_C4B_RESULT_INTEGRITY_AUDIT.json","2303","0.0022",".json","2026-08-15 15:54:33","True"
"phase17_v7\gateC4B\20260815_edger_transcription\16_GATE_C4B_RESULT_INTEGRITY_AUDIT.md","787","0.0008",".md","2026-08-15 15:54:33","True"
"phase17_v7\gateC4B\20260815_edger_transcription\17_gate_c4b_integrity_manifest.csv","6462","0.0062",".csv","2026-08-15 15:54:33","True"
"phase17_v7\gateC4B\20260815_edger_transcription\figures\gate_c4b_bconv_transcription_replication.pdf","132783","0.1266",".pdf","2026-08-15 15:54:33","True"
"phase17_v7\gateC4B\20260815_edger_transcription\figures\gate_c4b_bconv_transcription_replication.png","566503","0.5403",".png","2026-08-15 15:54:32","True"
"phase17_v7\gateC5A\20260815_gse135779_source_mapping_freeze\00_GATE_C5A_RUN_STATUS.json","275","0.0003",".json","2026-08-15 16:27:21","True"
"phase17_v7\gateC5A\20260815_gse135779_source_mapping_freeze\01_SOURCE_FILE_MANIFEST.csv","729","0.0007",".csv","2026-08-15 16:26:24","True"
"phase17_v7\gateC5A\20260815_gse135779_source_mapping_freeze\02_TAR_MEMBER_MANIFEST.csv","15024","0.0143",".csv","2026-08-15 16:27:18","True"
"phase17_v7\gateC5A\20260815_gse135779_source_mapping_freeze\03_SAMPLE_SOURCE_AUDIT.csv","6096","0.0058",".csv","2026-08-15 16:27:18","True"
"phase17_v7\gateC5A\20260815_gse135779_source_mapping_freeze\03A_METADATA_BARCODE_EXCEPTIONS.csv","537","0.0005",".csv","2026-08-15 16:27:18","True"
"phase17_v7\gateC5A\20260815_gse135779_source_mapping_freeze\04_METADATA_WITHOUT_MATRIX_SAMPLES.csv","2629","0.0025",".csv","2026-08-15 16:27:18","True"
"phase17_v7\gateC5A\20260815_gse135779_source_mapping_freeze\04A_CHILDHOOD_METADATA_VERSION_AUDIT.csv","3066","0.0029",".csv","2026-08-15 16:26:29","True"
"phase17_v7\gateC5A\20260815_gse135779_source_mapping_freeze\05_SOURCE_LABEL_DICTIONARY.csv","4427","0.0042",".csv","2026-08-15 16:26:32","True"
"phase17_v7\gateC5A\20260815_gse135779_source_mapping_freeze\06_SAMPLE_LABEL_SUPPORT.csv","21931","0.0209",".csv","2026-08-15 16:27:18","True"
"phase17_v7\gateC5A\20260815_gse135779_source_mapping_freeze\08_EXTERNAL_PSEUDOBULK_ROW_METADATA.csv","47616","0.0454",".csv","2026-08-15 16:27:20","True"
"phase17_v7\gateC5A\20260815_gse135779_source_mapping_freeze\10_FROZEN_PROGRAM_DICTIONARY.csv","14596","0.0139",".csv","2026-08-15 16:27:21","True"
"phase17_v7\gateC5A\20260815_gse135779_source_mapping_freeze\11_FROZEN_PROGRAM_GENE_AVAILABILITY.csv","15247","0.0145",".csv","2026-08-15 16:27:21","True"
"phase17_v7\gateC5A\20260815_gse135779_source_mapping_freeze\12_COMBINED_MIN50_MODEL_MATRIX.csv","6747","0.0064",".csv","2026-08-15 16:27:21","True"
"phase17_v7\gateC5A\20260815_gse135779_source_mapping_freeze\13_CHILDHOOD_MIN50_MODEL_MATRIX.csv","5123","0.0049",".csv","2026-08-15 16:27:21","True"
"phase17_v7\gateC5A\20260815_gse135779_source_mapping_freeze\14_ADULT_MIN50_MODEL_MATRIX.csv","1364","0.0013",".csv","2026-08-15 16:27:21","True"
"phase17_v7\gateC5A\20260815_gse135779_source_mapping_freeze\15_THRESHOLD_SENSITIVITY_MODEL_MATRICES.csv","13267","0.0127",".csv","2026-08-15 16:27:21","True"
"phase17_v7\gateC5A\20260815_gse135779_source_mapping_freeze\16_GATE_C5A_DESIGN_SUMMARY.csv","361","0.0003",".csv","2026-08-15 16:27:21","True"
"phase17_v7\gateC5A\20260815_gse135779_source_mapping_freeze\16_GATE_C5A_FREEZE_CONTRACT.json","3487","0.0033",".json","2026-08-15 16:27:21","True"
"phase17_v7\gateC5A\20260815_gse135779_source_mapping_freeze\16_GATE_C5A_PROGRAM_ARM_SUMMARY.csv","966","0.0009",".csv","2026-08-15 16:27:21","True"
"phase17_v7\gateC5A\20260815_gse135779_source_mapping_freeze\17_GATE_C5A_ADVISOR_DECISION.json","3055","0.0029",".json","2026-08-15 16:27:30","True"
"phase17_v7\gateC5A\20260815_gse135779_source_mapping_freeze\17_GATE_C5A_ADVISOR_DECISION.md","2712","0.0026",".md","2026-08-15 16:27:30","True"
"phase17_v7\gateC5A\20260815_gse135779_source_mapping_freeze\18_GATE_C5A_INTEGRITY_AUDIT.json","1910","0.0018",".json","2026-08-15 16:27:30","True"
"phase17_v7\gateC5A\20260815_gse135779_source_mapping_freeze\18_GATE_C5A_INTEGRITY_AUDIT.md","270","0.0003",".md","2026-08-15 16:27:30","True"
"phase17_v7\gateC5A\20260815_gse135779_source_mapping_freeze\19_gate_c5a_integrity_manifest.csv","3135","0.003",".csv","2026-08-15 16:27:30","True"
"phase17_v7\gateC5A\20260815_gse135779_source_mapping_freeze\figures\gate_c5a_gse135779_source_mapping_freeze.pdf","57563","0.0549",".pdf","2026-08-15 16:27:30","True"
"phase17_v7\gateC5A\20260815_gse135779_source_mapping_freeze\figures\gate_c5a_gse135779_source_mapping_freeze.png","387073","0.3691",".png","2026-08-15 16:27:29","True"
"phase17_v7\gateC5B\20260815_gse135779_external_validation\01_R_sessionInfo.txt","923","0.0009",".txt","2026-08-15 17:24:34","True"
"phase17_v7\gateC5B\20260815_gse135779_external_validation\02_matrix_exports\adult_min50_samples.csv","1572","0.0015",".csv","2026-08-15 17:23:02","True"
"phase17_v7\gateC5B\20260815_gse135779_external_validation\02_matrix_exports\childhood_min50_samples.csv","5797","0.0055",".csv","2026-08-15 17:23:01","True"
"phase17_v7\gateC5B\20260815_gse135779_external_validation\02_matrix_exports\childhood_min50_without_b_casc0_samples.csv","6887","0.0066",".csv","2026-08-15 17:23:05","True"
"phase17_v7\gateC5B\20260815_gse135779_external_validation\02_matrix_exports\childhood_min50_without_b_casc1_samples.csv","6881","0.0066",".csv","2026-08-15 17:23:06","True"
"phase17_v7\gateC5B\20260815_gse135779_external_validation\02_matrix_exports\childhood_min50_without_b_casc2_samples.csv","6880","0.0066",".csv","2026-08-15 17:23:07","True"
"phase17_v7\gateC5B\20260815_gse135779_external_validation\02_matrix_exports\childhood_min50_without_b_casc3_samples.csv","6860","0.0065",".csv","2026-08-15 17:23:08","True"
"phase17_v7\gateC5B\20260815_gse135779_external_validation\02_matrix_exports\childhood_min50_without_b_casc4_samples.csv","6881","0.0066",".csv","2026-08-15 17:23:09","True"
"phase17_v7\gateC5B\20260815_gse135779_external_validation\02_matrix_exports\childhood_min50_without_b_casc5_samples.csv","6871","0.0066",".csv","2026-08-15 17:23:09","True"
"phase17_v7\gateC5B\20260815_gse135779_external_validation\02_matrix_exports\childhood_min50_without_b_casc6_samples.csv","6873","0.0066",".csv","2026-08-15 17:23:10","True"
"phase17_v7\gateC5B\20260815_gse135779_external_validation\02_matrix_exports\childhood_min50_without_b_casc7_samples.csv","6864","0.0065",".csv","2026-08-15 17:23:11","True"
"phase17_v7\gateC5B\20260815_gse135779_external_validation\02_matrix_exports\combined_min100_samples.csv","7294","0.007",".csv","2026-08-15 17:23:04","True"
"phase17_v7\gateC5B\20260815_gse135779_external_validation\02_matrix_exports\combined_min20_samples.csv","7842","0.0075",".csv","2026-08-15 17:23:03","True"
"phase17_v7\gateC5B\20260815_gse135779_external_validation\02_matrix_exports\combined_min50_samples.csv","7581","0.0072",".csv","2026-08-15 17:23:02","True"
"phase17_v7\gateC5B\20260815_gse135779_external_validation\03_MATRIX_EXPORT_AUDIT.json","17006","0.0162",".json","2026-08-15 17:23:11","True"
"phase17_v7\gateC5B\20260815_gse135779_external_validation\03_MATRIX_EXPORT_AUDIT.md","892","0.0009",".md","2026-08-15 17:23:11","True"
"phase17_v7\gateC5B\20260815_gse135779_external_validation\04_EDGER_QUALIFICATION.json","4574","0.0044",".json","2026-08-15 17:24:34","True"
"phase17_v7\gateC5B\20260815_gse135779_external_validation\04_EDGER_QUALIFICATION.md","836","0.0008",".md","2026-08-15 17:24:34","True"
"phase17_v7\gateC5B\20260815_gse135779_external_validation\05_MODEL_SUMMARY.csv","791","0.0008",".csv","2026-08-15 17:24:34","True"
"phase17_v7\gateC5B\20260815_gse135779_external_validation\06_TOP100_GENE_RESULTS.csv","86379","0.0824",".csv","2026-08-15 17:24:34","True"
"phase17_v7\gateC5B\20260815_gse135779_external_validation\07_PROGRAM_RESULTS.csv","11981","0.0114",".csv","2026-08-15 17:24:34","True"
"phase17_v7\gateC5B\20260815_gse135779_external_validation\09_FROZEN_PROGRAM_ARM_CAMERA.csv","9581","0.0091",".csv","2026-08-15 17:24:34","True"
"phase17_v7\gateC5B\20260815_gse135779_external_validation\10_PRIMARY_PROGRAM_DONOR_LOO.csv","1642","0.0016",".csv","2026-08-15 17:24:34","True"
"phase17_v7\gateC5B\20260815_gse135779_external_validation\11_PRIMARY_CONFIRMATORY_GENE_DONOR_LOO.csv","6362","0.0061",".csv","2026-08-15 17:24:34","True"
"phase17_v7\gateC5B\20260815_gse135779_external_validation\12_SOURCE_LABEL_LOO_PROGRAM_RESULTS.csv","21300","0.0203",".csv","2026-08-15 17:24:34","True"
"phase17_v7\gateC5B\20260815_gse135779_external_validation\13_EXTERNAL_GENE_EFFECT_CONCORDANCE.csv","578","0.0006",".csv","2026-08-15 17:24:34","True"
"phase17_v7\gateC5B\20260815_gse135779_external_validation\14_PRIMARY_RANKED_QC_FAMILY_AUDIT.csv","147","0.0001",".csv","2026-08-15 17:24:34","True"
"phase17_v7\gateC5B\20260815_gse135779_external_validation\15_FROZEN_MODEL_RUN_STATUS.json","2867","0.0027",".json","2026-08-15 17:24:34","True"
"phase17_v7\gateC5B\20260815_gse135779_external_validation\16_CROSS_DATASET_IFN_GENE_EFFECTS.csv","3962","0.0038",".csv","2026-08-15 17:24:34","True"
"phase17_v7\gateC5B\20260815_gse135779_external_validation\16_CROSS_DATASET_IFN_PROGRAM_EFFECTS.csv","777","0.0007",".csv","2026-08-15 17:24:34","True"
"phase17_v7\gateC5B\20260815_gse135779_external_validation\17_GATE_C5B_ADVISOR_DECISION.json","5602","0.0053",".json","2026-08-15 17:24:37","True"
"phase17_v7\gateC5B\20260815_gse135779_external_validation\17_GATE_C5B_ADVISOR_DECISION.md","1527","0.0015",".md","2026-08-15 17:24:37","True"
"phase17_v7\gateC5B\20260815_gse135779_external_validation\18_GATE_C5B_RESULT_INTEGRITY_AUDIT.json","3554","0.0034",".json","2026-08-15 17:24:37","True"
"phase17_v7\gateC5B\20260815_gse135779_external_validation\18_GATE_C5B_RESULT_INTEGRITY_AUDIT.md","342","0.0003",".md","2026-08-15 17:24:37","True"
"phase17_v7\gateC5B\20260815_gse135779_external_validation\19_gate_c5b_integrity_manifest.csv","9246","0.0088",".csv","2026-08-15 17:24:38","True"
"phase17_v7\gateC5B\20260815_gse135779_external_validation\figures\gate_c5b_gse135779_independent_ifn_validation.pdf","131700","0.1256",".pdf","2026-08-15 17:24:37","True"
"phase17_v7\gateC5B\20260815_gse135779_external_validation\figures\gate_c5b_gse135779_independent_ifn_validation.png","453651","0.4326",".png","2026-08-15 17:24:36","True"
"phase17_v7\gateC6A\20260815_claim_integration\01_CLAIM_TO_EVIDENCE_MATRIX.csv","4841","0.0046",".csv","2026-08-15 17:53:09","True"
"phase17_v7\gateC6A\20260815_claim_integration\01_CLAIM_TO_EVIDENCE_MATRIX.md","1870","0.0018",".md","2026-08-15 17:53:09","True"
"phase17_v7\gateC6A\20260815_claim_integration\02_MANUSCRIPT_NUMERIC_SOURCE.csv","1983","0.0019",".csv","2026-08-15 17:53:09","True"
"phase17_v7\gateC6A\20260815_claim_integration\04_GATE_C6A_TEXT_QC.csv","871","0.0008",".csv","2026-08-15 17:53:09","True"
"phase17_v7\gateC6A\20260815_claim_integration\05_GATE_C6A_ADVISOR_DECISION.json","1228","0.0012",".json","2026-08-15 17:53:09","True"
"phase17_v7\gateC6A\20260815_claim_integration\05_GATE_C6A_ADVISOR_DECISION.md","1151","0.0011",".md","2026-08-15 17:53:09","True"
"phase17_v7\gateC6A\20260815_claim_integration\06_GATE_C6A_INTEGRITY_MANIFEST.csv","3209","0.0031",".csv","2026-08-15 17:53:09","True"
"phase17_v7\gateC6B\20260815_pre_effect_resource_freeze\01_COLLECTRI_RESOURCE_METADATA.json","1708","0.0016",".json","2026-08-15 17:46:55","True"
"phase17_v7\gateC6B\20260815_pre_effect_resource_freeze\02_REGULATOR_TARGET_COVERAGE.csv","656","0.0006",".csv","2026-08-15 17:46:54","True"
"phase17_v7\gateC6B\20260815_pre_effect_resource_freeze\03_RESOURCE_INVENTORY.md","2330","0.0022",".md","2026-08-15 17:46:55","True"
"phase17_v7\gateC6B\20260815_pre_effect_resource_freeze\04_CONTRAST_REGULATOR_COVERAGE.csv","1664","0.0016",".csv","2026-08-15 17:46:55","True"
"phase17_v7\gateC6B\20260815_pre_effect_resource_freeze\05_MSIGDB_M5911_GENE_SET.csv","6466","0.0062",".csv","2026-08-15 18:09:13","True"
"phase17_v7\gateC6B\20260815_pre_effect_resource_freeze\06_GSE23307_SAMPLE_PAIRING.csv","487","0.0005",".csv","2026-08-15 18:09:13","True"
"phase17_v7\gateC6B\20260815_pre_effect_resource_freeze\07_EXTERNAL_RESOURCE_MANIFEST.csv","1045","0.001",".csv","2026-08-15 18:09:13","True"
"phase17_v7\gateC6B\20260815_pre_effect_resource_freeze\08_EXTERNAL_RESOURCE_FREEZE.json","967","0.0009",".json","2026-08-15 18:09:13","True"
"phase17_v7\gateC6B\20260815_pre_effect_resource_freeze\08_EXTERNAL_RESOURCE_FREEZE.md","1024","0.001",".md","2026-08-15 18:09:13","True"
"phase17_v7\gateC6B\20260815_pre_effect_resource_freeze\09_C6B1_REAL_INPUT_COVERAGE.csv","2168","0.0021",".csv","2026-08-15 18:11:26","True"
"phase17_v7\gateC6B\20260815_pre_effect_resource_freeze\10_C6B1_SYNTHETIC_SIGNAL_RESULTS.csv","2202","0.0021",".csv","2026-08-15 18:11:27","True"
"phase17_v7\gateC6B\20260815_pre_effect_resource_freeze\11_C6B1_QUALIFICATION_DECISION.json","1973","0.0019",".json","2026-08-15 18:11:27","True"
"phase17_v7\gateC6B\20260815_pre_effect_resource_freeze\11_C6B1_QUALIFICATION_DECISION.md","900","0.0009",".md","2026-08-15 18:11:27","True"
"phase17_v7\gateC6B\20260815_regulatory_evidence\01_CONFIRMATORY_REGULATOR_RESULTS.csv","6168","0.0059",".csv","2026-08-15 18:15:39","True"
"phase17_v7\gateC6B\20260815_regulatory_evidence\02_IFN_TARGET_INFLUENCE_SUMMARY.csv","1614","0.0015",".csv","2026-08-15 18:15:39","True"
"phase17_v7\gateC6B\20260815_regulatory_evidence\03_IFN_TARGET_LEAVE_ONE_OUT.csv","28339","0.027",".csv","2026-08-15 18:15:39","True"
"phase17_v7\gateC6B\20260815_regulatory_evidence\04_IFN_TARGET_RESAMPLING.csv","74964","0.0715",".csv","2026-08-15 18:15:39","True"
"phase17_v7\gateC6B\20260815_regulatory_evidence\05_SUPPORTIVE_SENSITIVITY_REGULATOR_RESULTS.csv","17510","0.0167",".csv","2026-08-15 18:15:39","True"
"phase17_v7\gateC6B\20260815_regulatory_evidence\06_INPUT_AUDIT.csv","3633","0.0035",".csv","2026-08-15 18:15:39","True"
"phase17_v7\gateC6B\20260815_regulatory_evidence\07_GATE_C6B2_DECISION.json","952","0.0009",".json","2026-08-15 18:15:39","True"
"phase17_v7\gateC6B\20260815_regulatory_evidence\07_GATE_C6B2_DECISION.md","3022","0.0029",".md","2026-08-15 18:15:39","True"
"phase17_v7\gateC6B\20260815_regulatory_evidence\08_GSE23307_FROZEN_PROBE_MAPPING.csv","1564","0.0015",".csv","2026-08-15 18:17:42","True"
"phase17_v7\gateC6B\20260815_regulatory_evidence\09_C6B3_ORTHOGONAL_METHOD_FREEZE.json","1655","0.0016",".json","2026-08-15 18:17:42","True"
"phase17_v7\gateC6B\20260815_regulatory_evidence\09_C6B3_ORTHOGONAL_METHOD_FREEZE.md","685","0.0007",".md","2026-08-15 18:17:42","True"
"phase17_v7\gateC6B\20260815_regulatory_evidence\10_GSE23307_GENE_SAMPLE_EXPRESSION.csv","2460","0.0023",".csv","2026-08-15 18:19:39","True"
"phase17_v7\gateC6B\20260815_regulatory_evidence\11_GSE23307_PAIRED_GENE_EFFECTS.csv","1741","0.0017",".csv","2026-08-15 18:19:39","True"
"phase17_v7\gateC6B\20260815_regulatory_evidence\12_GSE23307_DONOR_PROGRAM_EFFECTS.csv","293","0.0003",".csv","2026-08-15 18:19:39","True"
"phase17_v7\gateC6B\20260815_regulatory_evidence\13_MSIGDB_M5911_PRERANKED_GSEA.csv","1495","0.0014",".csv","2026-08-15 18:19:39","True"
"phase17_v7\gateC6B\20260815_regulatory_evidence\14_GATE_C6B4_ORTHOGONAL_DECISION.json","3832","0.0037",".json","2026-08-15 18:19:39","True"
"phase17_v7\gateC6B\20260815_regulatory_evidence\14_GATE_C6B4_ORTHOGONAL_DECISION.md","870","0.0008",".md","2026-08-15 18:19:39","True"
"phase17_v7\gateC6B\20260815_regulatory_evidence\15_C6B3A_SCALE_REPAIR_FREEZE.json","1198","0.0011",".json","2026-08-15 18:21:55","True"
"phase17_v7\gateC6B\20260815_regulatory_evidence\15_C6B3A_SCALE_REPAIR_FREEZE.md","1077","0.001",".md","2026-08-15 18:21:55","True"
"phase17_v7\gateC6B\20260815_regulatory_evidence\16_GSE23307_LOG2P1_GENE_SAMPLE_EXPRESSION.csv","2873","0.0027",".csv","2026-08-15 18:21:23","True"
"phase17_v7\gateC6B\20260815_regulatory_evidence\17_GSE23307_LOG2P1_PAIRED_GENE_EFFECTS.csv","2288","0.0022",".csv","2026-08-15 18:21:23","True"
"phase17_v7\gateC6B\20260815_regulatory_evidence\18_GSE23307_LOG2P1_DONOR_PROGRAM_EFFECTS.csv","316","0.0003",".csv","2026-08-15 18:21:23","True"
"phase17_v7\gateC6B\20260815_regulatory_evidence\19_MSIGDB_M5911_PRERANKED_GSEA.csv","1495","0.0014",".csv","2026-08-15 18:21:23","True"
"phase17_v7\gateC6B\20260815_regulatory_evidence\20_GATE_C6B4A_ORTHOGONAL_DECISION.json","4097","0.0039",".json","2026-08-15 18:21:23","True"
"phase17_v7\gateC6B\20260815_regulatory_evidence\20_GATE_C6B4A_ORTHOGONAL_DECISION.md","906","0.0009",".md","2026-08-15 18:21:23","True"
"phase17_v7\gateC6B\20260815_regulatory_evidence\21_FIGURE5_SOURCE_DATA.csv","4248","0.0041",".csv","2026-08-15 18:29:00","True"
"phase17_v7\gateC6B\20260815_regulatory_evidence\22_FIGURE5_REGULATORY_EVIDENCE.pdf","54360","0.0518",".pdf","2026-08-15 18:29:02","True"
"phase17_v7\gateC6B\20260815_regulatory_evidence\22_FIGURE5_REGULATORY_EVIDENCE.png","546146","0.5208",".png","2026-08-15 18:29:01","True"
"phase17_v7\gateC6B\20260815_regulatory_evidence\23_FIGURE5_CAPTION.md","1203","0.0011",".md","2026-08-15 18:29:02","True"
"phase17_v7\gateC6B\20260815_regulatory_evidence\24_GATE_C6B_FINAL_AUDIT.json","1299","0.0012",".json","2026-08-15 18:29:02","True"
"phase17_v7\gateC6B\20260815_regulatory_evidence\24_GATE_C6B_FINAL_AUDIT.md","1503","0.0014",".md","2026-08-15 18:29:02","True"
"phase17_v7\gateC6B\20260815_regulatory_evidence\25_INTEGRITY_MANIFEST.csv","3580","0.0034",".csv","2026-08-15 18:29:02","True"
"phase17_v7\gateC7\20260820_manuscript_figure_integration\01_FIGURE_BUILD_STATUS.json","233","0.0002",".json","2026-08-20 16:13:14","True"
"phase17_v7\gateC7\20260820_manuscript_figure_integration\02_CLAIM_NUMBER_CROSSWALK.csv","6439","0.0061",".csv","2026-08-20 16:28:13","True"
"phase17_v7\gateC7\20260820_manuscript_figure_integration\03_FIGURE_SOURCE_CROSSWALK.csv","614","0.0006",".csv","2026-08-20 16:28:13","True"
"phase17_v7\gateC7\20260820_manuscript_figure_integration\04_MANUSCRIPT_NUMERIC_SOURCE.csv","3072","0.0029",".csv","2026-08-20 16:28:13","True"
"phase17_v7\gateC7\20260820_manuscript_figure_integration\05_TEXT_INTEGRATION_STATUS.json","790","0.0008",".json","2026-08-20 16:28:13","True"
"phase17_v7\gateC7\20260820_manuscript_figure_integration\06_GATE_C7_FINAL_AUDIT.json","3800","0.0036",".json","2026-08-20 16:28:48","True"
"phase17_v7\gateC7\20260820_manuscript_figure_integration\06_GATE_C7_FINAL_AUDIT.md","2356","0.0022",".md","2026-08-20 16:28:48","True"
"phase17_v7\gateC7\20260820_manuscript_figure_integration\07_INTEGRITY_MANIFEST.csv","4921","0.0047",".csv","2026-08-20 16:28:48","True"
"phase17_v7\gateC7\20260820_manuscript_figure_integration\figures\Figure1_disease_blind_identity_scope.pdf","57720","0.055",".pdf","2026-08-20 16:13:05","True"
"phase17_v7\gateC7\20260820_manuscript_figure_integration\figures\Figure1_disease_blind_identity_scope.png","610052","0.5818",".png","2026-08-20 16:13:06","True"
"phase17_v7\gateC7\20260820_manuscript_figure_integration\figures\Figure2_sample_level_composition.pdf","48942","0.0467",".pdf","2026-08-20 16:13:07","True"
"phase17_v7\gateC7\20260820_manuscript_figure_integration\figures\Figure2_sample_level_composition.png","485523","0.463",".png","2026-08-20 16:13:09","True"
"phase17_v7\gateC7\20260820_manuscript_figure_integration\figures\Figure3_gse174188_bconv_transcription.pdf","53403","0.0509",".pdf","2026-08-20 16:13:09","True"
"phase17_v7\gateC7\20260820_manuscript_figure_integration\figures\Figure3_gse174188_bconv_transcription.png","442445","0.4219",".png","2026-08-20 16:13:10","True"
"phase17_v7\gateC7\20260820_manuscript_figure_integration\figures\Figure4_independent_ifn_replication.pdf","55421","0.0529",".pdf","2026-08-20 16:13:12","True"
"phase17_v7\gateC7\20260820_manuscript_figure_integration\figures\Figure4_independent_ifn_replication.png","637595","0.6081",".png","2026-08-20 16:13:13","True"
"phase17_v7\gateC7\20260820_manuscript_figure_integration\figures\Figure5_regulatory_evidence.pdf","53558","0.0511",".pdf","2026-08-20 16:13:14","True"
"phase17_v7\gateC7\20260820_manuscript_figure_integration\figures\Figure5_regulatory_evidence.png","501635","0.4784",".png","2026-08-20 16:13:14","True"
"phase17_v7\gateC7\20260820_manuscript_figure_integration\source_data\Figure1_source_data.csv","3652","0.0035",".csv","2026-08-20 16:13:05","True"
"phase17_v7\gateC7\20260820_manuscript_figure_integration\source_data\Figure2_source_data.csv","33705","0.0321",".csv","2026-08-20 16:13:06","True"
"phase17_v7\gateC7\20260820_manuscript_figure_integration\source_data\Figure3_source_data.csv","8333","0.0079",".csv","2026-08-20 16:13:09","True"
"phase17_v7\gateC7\20260820_manuscript_figure_integration\source_data\Figure4_source_data.csv","500362","0.4772",".csv","2026-08-20 16:13:10","True"
"phase17_v7\gateC7\20260820_manuscript_figure_integration\source_data\Figure5_source_data.csv","4194","0.004",".csv","2026-08-20 16:13:13","True"
"phase17_v7\gateC8\20260820_genome_medicine_submission_package\01_GATE_C8_SOURCE_BUILD_STATUS.json","558","0.0005",".json","2026-08-20 17:06:20","True"
"phase17_v7\gateC8\20260820_genome_medicine_submission_package\02_GATE_C8_DOCUMENT_BUILD_STATUS.json","1654","0.0016",".json","2026-08-20 17:00:00","True"
"phase17_v7\gateC8\20260820_genome_medicine_submission_package\03_GATE_C8_FINAL_AUDIT.json","4013","0.0038",".json","2026-08-20 17:06:21","True"
"phase17_v7\gateC8\20260820_genome_medicine_submission_package\03_GATE_C8_FINAL_AUDIT.md","3192","0.003",".md","2026-08-20 17:06:21","True"
"phase17_v7\gateC8\20260820_genome_medicine_submission_package\04_GATE_C8_INTEGRITY_MANIFEST.csv","7687","0.0073",".csv","2026-08-20 17:06:21","True"
"phase17_v7\gateC8\20260820_genome_medicine_submission_package\05_GATE_C8_PACKAGE_STATUS.json","4256","0.0041",".json","2026-08-20 17:06:22","True"
"phase17_v7\gateC8\20260820_genome_medicine_submission_package\references\crossref_raw_gateC8.json","409446","0.3905",".json","2026-08-20 16:39:50","True"
"phase17_v7\gateC8\20260820_genome_medicine_submission_package\references\reference_verification_gateC8.csv","2500","0.0024",".csv","2026-08-20 16:39:50","True"
"phase17_v7\gateC8\20260820_genome_medicine_submission_package\references\reference_verification_gateC8.md","1148","0.0011",".md","2026-08-20 16:39:50","True"
"phase17_v7\gateC8\20260820_genome_medicine_submission_package\references\references_gateC8_vancouver.md","2939","0.0028",".md","2026-08-20 16:39:50","True"
"phase17_v7\gateC8B\20260821_editorial_literature_preflight\01_FIGURE_BUILD_STATUS.json","435","0.0004",".json","2026-08-21 01:59:22","True"
"phase17_v7\gateC8B\20260821_editorial_literature_preflight\01_GATE_C8B_REFERENCE_STATUS.json","276","0.0003",".json","2026-08-21 01:51:11","True"
"phase17_v7\gateC8B\20260821_editorial_literature_preflight\02_PANEL_DATA_ASSERTIONS.json","6186","0.0059",".json","2026-08-21 01:59:22","True"
"phase17_v7\gateC8B\20260821_editorial_literature_preflight\03_GATE_C8B_SOURCE_BUILD_STATUS.json","1125","0.0011",".json","2026-08-21 01:50:13","True"
"phase17_v7\gateC8B\20260821_editorial_literature_preflight\04_GATE_C8B_DOCUMENT_BUILD_STATUS.json","2374","0.0023",".json","2026-08-21 01:54:49","True"
"phase17_v7\gateC8B\20260821_editorial_literature_preflight\05_GATE_C8B_FINAL_AUDIT.json","3738","0.0036",".json","2026-08-21 01:59:43","True"
"phase17_v7\gateC8B\20260821_editorial_literature_preflight\05_GATE_C8B_FINAL_AUDIT.md","3013","0.0029",".md","2026-08-21 01:59:43","True"
"phase17_v7\gateC8B\20260821_editorial_literature_preflight\06_GATE_C8B_INTEGRITY_MANIFEST.csv","14623","0.0139",".csv","2026-08-21 01:59:43","True"
"phase17_v7\gateC8B\20260821_editorial_literature_preflight\07_GATE_C8B_PACKAGE_STATUS.json","4123","0.0039",".json","2026-08-21 01:59:47","True"
"phase17_v7\gateC8B\20260821_editorial_literature_preflight\figures\Figure1_disease_blind_identity_scope.pdf","60977","0.0582",".pdf","2026-08-21 00:58:41","True"
"phase17_v7\gateC8B\20260821_editorial_literature_preflight\figures\Figure1_disease_blind_identity_scope.png","523356","0.4991",".png","2026-08-21 00:58:44","True"
"phase17_v7\gateC8B\20260821_editorial_literature_preflight\figures\Figure2_sample_level_composition.pdf","49848","0.0475",".pdf","2026-08-21 00:58:47","True"
"phase17_v7\gateC8B\20260821_editorial_literature_preflight\figures\Figure2_sample_level_composition.png","454608","0.4335",".png","2026-08-21 00:58:49","True"
"phase17_v7\gateC8B\20260821_editorial_literature_preflight\figures\Figure3_gse174188_bconv_transcription.pdf","55135","0.0526",".pdf","2026-08-21 00:58:54","True"
"phase17_v7\gateC8B\20260821_editorial_literature_preflight\figures\Figure3_gse174188_bconv_transcription.png","452040","0.4311",".png","2026-08-21 00:58:55","True"
"phase17_v7\gateC8B\20260821_editorial_literature_preflight\figures\Figure4_independent_ifn_replication.pdf","56820","0.0542",".pdf","2026-08-21 00:59:00","True"
"phase17_v7\gateC8B\20260821_editorial_literature_preflight\figures\Figure4_independent_ifn_replication.png","628446","0.5993",".png","2026-08-21 00:59:03","True"
"phase17_v7\gateC8B\20260821_editorial_literature_preflight\figures\Figure5_regulatory_evidence.pdf","54056","0.0516",".pdf","2026-08-21 01:59:21","True"
"phase17_v7\gateC8B\20260821_editorial_literature_preflight\figures\Figure5_regulatory_evidence.png","594965","0.5674",".png","2026-08-21 01:59:22","True"
"phase17_v7\gateC8B\20260821_editorial_literature_preflight\references\crossref_raw_gateC8B.json","858301","0.8185",".json","2026-08-21 01:51:11","True"
"phase17_v7\gateC8B\20260821_editorial_literature_preflight\references\reference_verification_gateC8B.csv","5456","0.0052",".csv","2026-08-21 01:51:11","True"
"phase17_v7\gateC8B\20260821_editorial_literature_preflight\references\reference_verification_gateC8B.md","2043","0.0019",".md","2026-08-21 01:51:11","True"
"phase17_v7\gateC8B\20260821_editorial_literature_preflight\references\references_gateC8B_vancouver.md","6466","0.0062",".md","2026-08-21 01:51:11","True"
"phase17_v7\gateC8B\20260821_editorial_literature_preflight\source_data\Figure1_source_data.csv","3652","0.0035",".csv","2026-08-21 00:58:37","True"
"phase17_v7\gateC8B\20260821_editorial_literature_preflight\source_data\Figure2_source_data.csv","33705","0.0321",".csv","2026-08-21 00:58:44","True"
"phase17_v7\gateC8B\20260821_editorial_literature_preflight\source_data\Figure3_source_data.csv","8333","0.0079",".csv","2026-08-21 00:58:49","True"
"phase17_v7\gateC8B\20260821_editorial_literature_preflight\source_data\Figure4_source_data.csv","500362","0.4772",".csv","2026-08-21 00:58:56","True"
"phase17_v7\gateC8B\20260821_editorial_literature_preflight\source_data\Figure5_source_data.csv","4162","0.004",".csv","2026-08-21 01:59:20","True"
"phase17_v7\gateC8BR\20260825_release_portability_preflight\00_GATE_C8BR_RELEASE_RUNTIME_STATUS.json","867","0.0008",".json","2026-08-25 03:14:10","True"
"phase17_v7\gateC8BR\20260825_release_portability_preflight\01_FIGURE_BUILD_STATUS.json","1659","0.0016",".json","2026-08-25 02:17:57","True"
"phase17_v7\gateC8BR\20260825_release_portability_preflight\01_GATE_C8BR_REFERENCE_STATUS.json","475","0.0005",".json","2026-08-25 02:17:46","True"
"phase17_v7\gateC8BR\20260825_release_portability_preflight\02_PANEL_DATA_ASSERTIONS.json","6186","0.0059",".json","2026-08-25 02:17:57","True"
"phase17_v7\gateC8BR\20260825_release_portability_preflight\03_GATE_C8BR_SOURCE_BUILD_STATUS.json","1302","0.0012",".json","2026-08-25 02:30:11","True"
"phase17_v7\gateC8BR\20260825_release_portability_preflight\04_GATE_C8BR_DOCUMENT_BUILD_STATUS.json","2459","0.0023",".json","2026-08-25 02:30:12","True"
"phase17_v7\gateC8BR\20260825_release_portability_preflight\05_GATE_C8BR_FINAL_AUDIT.json","4395","0.0042",".json","2026-08-25 02:30:58","True"
"phase17_v7\gateC8BR\20260825_release_portability_preflight\05_GATE_C8BR_FINAL_AUDIT.md","3485","0.0033",".md","2026-08-25 02:30:58","True"
"phase17_v7\gateC8BR\20260825_release_portability_preflight\06_GATE_C8BR_INTEGRITY_MANIFEST.csv","14579","0.0139",".csv","2026-08-25 02:30:58","True"
"phase17_v7\gateC8BR\20260825_release_portability_preflight\07_GATE_C8BR_PACKAGE_STATUS.json","4791","0.0046",".json","2026-08-25 02:31:03","True"
"phase17_v7\gateC8BR\20260825_release_portability_preflight\figures\Figure1_disease_blind_identity_scope.pdf","60977","0.0582",".pdf","2026-08-21 00:58:41","True"
"phase17_v7\gateC8BR\20260825_release_portability_preflight\figures\Figure1_disease_blind_identity_scope.png","523356","0.4991",".png","2026-08-21 00:58:44","True"
"phase17_v7\gateC8BR\20260825_release_portability_preflight\figures\Figure2_sample_level_composition.pdf","49848","0.0475",".pdf","2026-08-21 00:58:47","True"
"phase17_v7\gateC8BR\20260825_release_portability_preflight\figures\Figure2_sample_level_composition.png","454608","0.4335",".png","2026-08-21 00:58:49","True"
"phase17_v7\gateC8BR\20260825_release_portability_preflight\figures\Figure3_gse174188_bconv_transcription.pdf","55135","0.0526",".pdf","2026-08-21 00:58:54","True"
"phase17_v7\gateC8BR\20260825_release_portability_preflight\figures\Figure3_gse174188_bconv_transcription.png","452040","0.4311",".png","2026-08-21 00:58:55","True"
"phase17_v7\gateC8BR\20260825_release_portability_preflight\figures\Figure4_independent_ifn_replication.pdf","56820","0.0542",".pdf","2026-08-21 00:59:00","True"
"phase17_v7\gateC8BR\20260825_release_portability_preflight\figures\Figure4_independent_ifn_replication.png","628446","0.5993",".png","2026-08-21 00:59:03","True"
"phase17_v7\gateC8BR\20260825_release_portability_preflight\figures\Figure5_regulatory_evidence.pdf","53706","0.0512",".pdf","2026-08-25 02:17:54","True"
"phase17_v7\gateC8BR\20260825_release_portability_preflight\figures\Figure5_regulatory_evidence.png","635997","0.6065",".png","2026-08-25 02:17:57","True"
"phase17_v7\gateC8BR\20260825_release_portability_preflight\references\crossref_raw_gateC8BR.json","888631","0.8475",".json","2026-08-25 02:17:46","True"
"phase17_v7\gateC8BR\20260825_release_portability_preflight\references\reference_verification_gateC8BR.csv","5699","0.0054",".csv","2026-08-25 02:17:46","True"
"phase17_v7\gateC8BR\20260825_release_portability_preflight\references\reference_verification_gateC8BR.md","2293","0.0022",".md","2026-08-25 02:17:46","True"
"phase17_v7\gateC8BR\20260825_release_portability_preflight\references\references_gateC8BR_vancouver.md","6725","0.0064",".md","2026-08-25 02:17:46","True"
"phase17_v7\gateC8BR\20260825_release_portability_preflight\source_data\Figure1_source_data.csv","3652","0.0035",".csv","2026-08-21 00:58:37","True"
"phase17_v7\gateC8BR\20260825_release_portability_preflight\source_data\Figure2_source_data.csv","33705","0.0321",".csv","2026-08-21 00:58:44","True"
"phase17_v7\gateC8BR\20260825_release_portability_preflight\source_data\Figure3_source_data.csv","8333","0.0079",".csv","2026-08-21 00:58:49","True"
"phase17_v7\gateC8BR\20260825_release_portability_preflight\source_data\Figure4_source_data.csv","500362","0.4772",".csv","2026-08-21 00:58:56","True"
"phase17_v7\gateC8BR\20260825_release_portability_preflight\source_data\Figure5_source_data.csv","4162","0.004",".csv","2026-08-25 02:17:50","True"
"phase17_v7\gateC8BRF\20260825_author_release\00_FIGURE1_PUBLICATION_SOURCE_PROVENANCE.json","1059","0.001",".json","2026-08-27 10:36:56","True"
"phase17_v7\gateC8BRF\20260825_author_release\00_GATE_C8BR_RELEASE_RUNTIME_STATUS.json","867","0.0008",".json","2026-08-25 04:48:51","True"
"phase17_v7\gateC8BRF\20260825_author_release\01_FIGURE_BUILD_STATUS.json","2042","0.0019",".json","2026-08-27 10:36:56","True"
"phase17_v7\gateC8BRF\20260825_author_release\02_PANEL_DATA_ASSERTIONS.json","6186","0.0059",".json","2026-08-27 10:36:56","True"
"phase17_v7\gateC8BRF\20260825_author_release\03_FIGURE2_UUID_GOVERNANCE.json","1555","0.0015",".json","2026-08-27 10:44:16","True"
"phase17_v7\gateC8BRF\20260825_author_release\03_FIGURE2_UUID_GOVERNANCE.md","990","0.0009",".md","2026-08-27 10:44:16","True"
"phase17_v7\gateC8BRF\20260825_author_release\04_SOURCE_BUILD_STATUS.json","929","0.0009",".json","2026-08-27 10:44:16","True"
"phase17_v7\gateC8BRF\20260825_author_release\05_DOCUMENT_BUILD_STATUS.json","2810","0.0027",".json","2026-08-27 10:44:18","True"
"phase17_v7\gateC8BRF\20260825_author_release\06_GATE_C8BRF_FINAL_AUDIT.json","4901","0.0047",".json","2026-08-27 11:13:20","True"
"phase17_v7\gateC8BRF\20260825_author_release\06_GATE_C8BRF_FINAL_AUDIT.md","1490","0.0014",".md","2026-08-27 11:13:20","True"
"phase17_v7\gateC8BRF\20260825_author_release\07_GATE_C8BRF_PACKAGE_STATUS.json","354","0.0003",".json","2026-08-27 11:13:20","True"
"phase17_v7\gateC8BRF\20260825_author_release\08_VISUAL_QA_STATUS.json","711","0.0007",".json","2026-08-25 04:53:45","True"
"phase17_v7\gateC8BRF\20260825_author_release\08_VISUAL_QA_STATUS.md","832","0.0008",".md","2026-08-25 04:53:45","True"
"phase17_v7\gateC8BRF\20260825_author_release\09_PUBLIC_RELEASE_STATUS.json","2635","0.0025",".json","2026-08-25 05:16:37","True"
"phase17_v7\gateC8BRF\20260825_author_release\09_PUBLIC_RELEASE_STATUS.md","860","0.0008",".md","2026-08-25 05:16:37","True"
"phase17_v7\gateC8BRF\20260825_author_release\figures\Figure1_disease_blind_identity_scope.pdf","58256","0.0556",".pdf","2026-08-27 10:36:48","True"
"phase17_v7\gateC8BRF\20260825_author_release\figures\Figure1_disease_blind_identity_scope.png","638620","0.609",".png","2026-08-27 10:36:48","True"
"phase17_v7\gateC8BRF\20260825_author_release\figures\Figure2_sample_level_composition.pdf","49303","0.047",".pdf","2026-08-27 10:36:49","True"
"phase17_v7\gateC8BRF\20260825_author_release\figures\Figure2_sample_level_composition.png","471529","0.4497",".png","2026-08-27 10:36:50","True"
"phase17_v7\gateC8BRF\20260825_author_release\figures\Figure3_gse174188_bconv_transcription.pdf","54202","0.0517",".pdf","2026-08-27 10:36:51","True"
"phase17_v7\gateC8BRF\20260825_author_release\figures\Figure3_gse174188_bconv_transcription.png","457009","0.4358",".png","2026-08-27 10:36:52","True"
"phase17_v7\gateC8BRF\20260825_author_release\figures\Figure4_independent_ifn_replication.pdf","54815","0.0523",".pdf","2026-08-27 10:36:53","True"
"phase17_v7\gateC8BRF\20260825_author_release\figures\Figure4_independent_ifn_replication.png","604889","0.5769",".png","2026-08-27 10:36:54","True"
"phase17_v7\gateC8BRF\20260825_author_release\figures\Figure5_regulatory_evidence.pdf","63040","0.0601",".pdf","2026-08-27 10:36:55","True"
"phase17_v7\gateC8BRF\20260825_author_release\figures\Figure5_regulatory_evidence.png","751098","0.7163",".png","2026-08-27 10:36:56","True"
"phase17_v7\gateC8BRF\20260825_author_release\source_data\Figure1_source_data.csv","3481","0.0033",".csv","2026-08-27 10:36:47","True"
"phase17_v7\gateC8BRF\20260825_author_release\source_data\Figure2_source_data.csv","33705","0.0321",".csv","2026-08-27 10:36:48","True"
"phase17_v7\gateC8BRF\20260825_author_release\source_data\Figure3_source_data.csv","8333","0.0079",".csv","2026-08-27 10:36:50","True"
"phase17_v7\gateC8BRF\20260825_author_release\source_data\Figure4_source_data.csv","500362","0.4772",".csv","2026-08-27 10:36:52","True"
"phase17_v7\gateC8BRF\20260825_author_release\source_data\Figure5_source_data.csv","4162","0.004",".csv","2026-08-27 10:36:54","True"
"phase17_v7\gateC8BRP\20260825_journal_facing_prefreeze\00_GATE_C8BR_RELEASE_RUNTIME_STATUS.json","867","0.0008",".json","2026-08-25 03:25:05","True"
"phase17_v7\gateC8BRP\20260825_journal_facing_prefreeze\01_FIGURE_BUILD_STATUS.json","1162","0.0011",".json","2026-08-25 03:25:22","True"
"phase17_v7\gateC8BRP\20260825_journal_facing_prefreeze\01_GATE_C8BRP_REFERENCE_STATUS.json","266","0.0003",".json","2026-08-25 03:34:10","True"
"phase17_v7\gateC8BRP\20260825_journal_facing_prefreeze\02_PANEL_DATA_ASSERTIONS.json","6186","0.0059",".json","2026-08-25 03:25:22","True"
"phase17_v7\gateC8BRP\20260825_journal_facing_prefreeze\03_GATE_C8BRP_SOURCE_BUILD_STATUS.json","1319","0.0013",".json","2026-08-25 03:34:10","True"
"phase17_v7\gateC8BRP\20260825_journal_facing_prefreeze\04_GATE_C8BRP_DOCUMENT_BUILD_STATUS.json","2350","0.0022",".json","2026-08-25 03:34:14","True"
"phase17_v7\gateC8BRP\20260825_journal_facing_prefreeze\05_GATE_C8BRP_FINAL_AUDIT.json","4603","0.0044",".json","2026-08-25 03:35:12","True"
"phase17_v7\gateC8BRP\20260825_journal_facing_prefreeze\05_GATE_C8BRP_FINAL_AUDIT.md","3631","0.0035",".md","2026-08-25 03:35:12","True"
"phase17_v7\gateC8BRP\20260825_journal_facing_prefreeze\06_GATE_C8BRP_INTEGRITY_MANIFEST.csv","17324","0.0165",".csv","2026-08-25 03:35:13","True"
"phase17_v7\gateC8BRP\20260825_journal_facing_prefreeze\07_GATE_C8BRP_PACKAGE_STATUS.json","4995","0.0048",".json","2026-08-25 03:35:20","True"
"phase17_v7\gateC8BRP\20260825_journal_facing_prefreeze\08_VISUAL_QA_STATUS.json","947","0.0009",".json","2026-08-25 03:31:05","True"
"phase17_v7\gateC8BRP\20260825_journal_facing_prefreeze\08_VISUAL_QA_STATUS.md","1001","0.001",".md","2026-08-25 03:31:05","True"
"phase17_v7\gateC8BRP\20260825_journal_facing_prefreeze\figures\Figure1_disease_blind_identity_scope.pdf","52560","0.0501",".pdf","2026-08-25 03:25:10","True"
"phase17_v7\gateC8BRP\20260825_journal_facing_prefreeze\figures\Figure1_disease_blind_identity_scope.png","589235","0.5619",".png","2026-08-25 03:25:11","True"
"phase17_v7\gateC8BRP\20260825_journal_facing_prefreeze\figures\Figure2_sample_level_composition.pdf","49848","0.0475",".pdf","2026-08-21 00:58:47","True"
"phase17_v7\gateC8BRP\20260825_journal_facing_prefreeze\figures\Figure2_sample_level_composition.png","454608","0.4335",".png","2026-08-21 00:58:49","True"
"phase17_v7\gateC8BRP\20260825_journal_facing_prefreeze\figures\Figure3_gse174188_bconv_transcription.pdf","55135","0.0526",".pdf","2026-08-21 00:58:54","True"
"phase17_v7\gateC8BRP\20260825_journal_facing_prefreeze\figures\Figure3_gse174188_bconv_transcription.png","452040","0.4311",".png","2026-08-21 00:58:55","True"
"phase17_v7\gateC8BRP\20260825_journal_facing_prefreeze\figures\Figure4_independent_ifn_replication.pdf","54957","0.0524",".pdf","2026-08-25 03:25:15","True"
"phase17_v7\gateC8BRP\20260825_journal_facing_prefreeze\figures\Figure4_independent_ifn_replication.png","636449","0.607",".png","2026-08-25 03:25:16","True"
"phase17_v7\gateC8BRP\20260825_journal_facing_prefreeze\figures\Figure5_regulatory_evidence.pdf","53706","0.0512",".pdf","2026-08-25 03:25:19","True"
"phase17_v7\gateC8BRP\20260825_journal_facing_prefreeze\figures\Figure5_regulatory_evidence.png","635997","0.6065",".png","2026-08-25 03:25:22","True"
"phase17_v7\gateC8BRP\20260825_journal_facing_prefreeze\references\crossref_raw_gateC8BR.json","888631","0.8475",".json","2026-08-25 02:17:46","True"
"phase17_v7\gateC8BRP\20260825_journal_facing_prefreeze\references\reference_verification_gateC8BR.csv","5699","0.0054",".csv","2026-08-25 02:17:46","True"
"phase17_v7\gateC8BRP\20260825_journal_facing_prefreeze\references\reference_verification_gateC8BR.md","2293","0.0022",".md","2026-08-25 02:17:46","True"
"phase17_v7\gateC8BRP\20260825_journal_facing_prefreeze\references\references_gateC8BR_vancouver.md","6725","0.0064",".md","2026-08-25 02:17:46","True"
"phase17_v7\gateC8BRP\20260825_journal_facing_prefreeze\source_data\Figure1_source_data.csv","3652","0.0035",".csv","2026-08-25 03:25:08","True"
"phase17_v7\gateC8BRP\20260825_journal_facing_prefreeze\source_data\Figure2_source_data.csv","33705","0.0321",".csv","2026-08-21 00:58:44","True"
"phase17_v7\gateC8BRP\20260825_journal_facing_prefreeze\source_data\Figure3_source_data.csv","8333","0.0079",".csv","2026-08-21 00:58:49","True"
"phase17_v7\gateC8BRP\20260825_journal_facing_prefreeze\source_data\Figure4_source_data.csv","500362","0.4772",".csv","2026-08-25 03:25:11","True"
"phase17_v7\gateC8BRP\20260825_journal_facing_prefreeze\source_data\Figure5_source_data.csv","4162","0.004",".csv","2026-08-25 03:25:16","True"
"phase17_v7\gateC8R\20260820_pre_submission_repair\01_FIGURE_BUILD_STATUS.json","305","0.0003",".json","2026-08-20 18:21:45","True"
"phase17_v7\gateC8R\20260820_pre_submission_repair\02_PANEL_DATA_ASSERTIONS.json","5814","0.0055",".json","2026-08-20 18:21:45","True"
"phase17_v7\gateC8R\20260820_pre_submission_repair\03_CORRELATION_AWARE_STAT1_STAT2_SENSITIVITY.csv","2083","0.002",".csv","2026-08-20 18:21:53","True"
"phase17_v7\gateC8R\20260820_pre_submission_repair\04_CORRELATION_AWARE_STAT1_STAT2_DECISION.json","1389","0.0013",".json","2026-08-20 18:21:53","True"
"phase17_v7\gateC8R\20260820_pre_submission_repair\05_GATE_C8R_SOURCE_BUILD_STATUS.json","1008","0.001",".json","2026-08-20 18:21:54","True"
"phase17_v7\gateC8R\20260820_pre_submission_repair\06_GATE_C8R_DOCUMENT_BUILD_STATUS.json","1879","0.0018",".json","2026-08-20 18:21:54","True"
"phase17_v7\gateC8R\20260820_pre_submission_repair\07_GATE_C8R_FINAL_AUDIT.json","4917","0.0047",".json","2026-08-20 18:22:12","True"
"phase17_v7\gateC8R\20260820_pre_submission_repair\07_GATE_C8R_FINAL_AUDIT.md","3887","0.0037",".md","2026-08-20 18:22:12","True"
"phase17_v7\gateC8R\20260820_pre_submission_repair\08_GATE_C8R_INTEGRITY_MANIFEST.csv","9281","0.0089",".csv","2026-08-20 18:22:12","True"
"phase17_v7\gateC8R\20260820_pre_submission_repair\09_GATE_C8R_PACKAGE_STATUS.json","5209","0.005",".json","2026-08-20 18:22:14","True"
"phase17_v7\gateC8R\20260820_pre_submission_repair\figures\Figure1_disease_blind_identity_scope.pdf","60738","0.0579",".pdf","2026-08-20 18:21:35","True"
"phase17_v7\gateC8R\20260820_pre_submission_repair\figures\Figure1_disease_blind_identity_scope.png","524199","0.4999",".png","2026-08-20 18:21:36","True"
"phase17_v7\gateC8R\20260820_pre_submission_repair\figures\Figure2_sample_level_composition.pdf","49848","0.0475",".pdf","2026-08-20 18:21:37","True"
"phase17_v7\gateC8R\20260820_pre_submission_repair\figures\Figure2_sample_level_composition.png","454608","0.4335",".png","2026-08-20 18:21:38","True"
"phase17_v7\gateC8R\20260820_pre_submission_repair\figures\Figure3_gse174188_bconv_transcription.pdf","55055","0.0525",".pdf","2026-08-20 18:21:39","True"
"phase17_v7\gateC8R\20260820_pre_submission_repair\figures\Figure3_gse174188_bconv_transcription.png","454067","0.433",".png","2026-08-20 18:21:40","True"
"phase17_v7\gateC8R\20260820_pre_submission_repair\figures\Figure4_independent_ifn_replication.pdf","56820","0.0542",".pdf","2026-08-20 18:21:42","True"
"phase17_v7\gateC8R\20260820_pre_submission_repair\figures\Figure4_independent_ifn_replication.png","628446","0.5993",".png","2026-08-20 18:21:43","True"
"phase17_v7\gateC8R\20260820_pre_submission_repair\figures\Figure5_regulatory_evidence.pdf","54763","0.0522",".pdf","2026-08-20 18:21:44","True"
"phase17_v7\gateC8R\20260820_pre_submission_repair\figures\Figure5_regulatory_evidence.png","579776","0.5529",".png","2026-08-20 18:21:45","True"
"phase17_v7\gateC8R\20260820_pre_submission_repair\references\crossref_raw_gateC8R.json","827398","0.7891",".json","2026-08-20 17:57:43","True"
"phase17_v7\gateC8R\20260820_pre_submission_repair\references\reference_verification_gateC8R.csv","5145","0.0049",".csv","2026-08-20 17:57:43","True"
"phase17_v7\gateC8R\20260820_pre_submission_repair\references\reference_verification_gateC8R.md","1867","0.0018",".md","2026-08-20 17:57:43","True"
"phase17_v7\gateC8R\20260820_pre_submission_repair\references\references_gateC8R_vancouver.md","6114","0.0058",".md","2026-08-20 17:57:43","True"
"phase17_v7\gateC8R\20260820_pre_submission_repair\source_data\Figure1_source_data.csv","3652","0.0035",".csv","2026-08-20 18:21:34","True"
"phase17_v7\gateC8R\20260820_pre_submission_repair\source_data\Figure2_source_data.csv","33705","0.0321",".csv","2026-08-20 18:21:36","True"
"phase17_v7\gateC8R\20260820_pre_submission_repair\source_data\Figure3_source_data.csv","8333","0.0079",".csv","2026-08-20 18:21:38","True"
"phase17_v7\gateC8R\20260820_pre_submission_repair\source_data\Figure4_source_data.csv","500362","0.4772",".csv","2026-08-20 18:21:40","True"
"phase17_v7\gateC8R\20260820_pre_submission_repair\source_data\Figure5_source_data.csv","4194","0.004",".csv","2026-08-20 18:21:43","True"
"phase17_v7\gateC8S\20260821_supplementary_traceability_freeze\01_FIGURE_BUILD_STATUS.json","305","0.0003",".json","2026-08-21 00:59:10","True"
"phase17_v7\gateC8S\20260821_supplementary_traceability_freeze\02_PANEL_DATA_ASSERTIONS.json","6186","0.0059",".json","2026-08-21 00:59:10","True"
"phase17_v7\gateC8S\20260821_supplementary_traceability_freeze\03_SUPPLEMENTARY_PANEL_DATA_ASSERTIONS.json","3864","0.0037",".json","2026-08-21 00:59:54","True"
"phase17_v7\gateC8S\20260821_supplementary_traceability_freeze\04_SUPPLEMENTARY_FIGURE_BUILD_STATUS.json","354","0.0003",".json","2026-08-21 00:59:54","True"
"phase17_v7\gateC8S\20260821_supplementary_traceability_freeze\05_FULL_STATISTICAL_RESULTS_STATUS.json","553","0.0005",".json","2026-08-21 00:59:57","True"
"phase17_v7\gateC8S\20260821_supplementary_traceability_freeze\06_GATE_C8S_SOURCE_BUILD_STATUS.json","944","0.0009",".json","2026-08-21 00:59:57","True"
"phase17_v7\gateC8S\20260821_supplementary_traceability_freeze\07_GATE_C8S_DOCUMENT_BUILD_STATUS.json","2185","0.0021",".json","2026-08-21 00:59:59","True"
"phase17_v7\gateC8S\20260821_supplementary_traceability_freeze\08_GATE_C8S_FINAL_AUDIT.json","3816","0.0036",".json","2026-08-21 01:00:36","True"
"phase17_v7\gateC8S\20260821_supplementary_traceability_freeze\08_GATE_C8S_FINAL_AUDIT.md","3117","0.003",".md","2026-08-21 01:00:36","True"
"phase17_v7\gateC8S\20260821_supplementary_traceability_freeze\09_GATE_C8S_INTEGRITY_MANIFEST.csv","13802","0.0132",".csv","2026-08-21 01:00:37","True"
"phase17_v7\gateC8S\20260821_supplementary_traceability_freeze\10_GATE_C8S_PACKAGE_STATUS.json","4109","0.0039",".json","2026-08-21 01:00:41","True"
"phase17_v7\gateC8S\20260821_supplementary_traceability_freeze\Additional_file_4_Full_Statistical_Results_GateC8S.zip","8314122","7.929",".zip","2026-08-21 00:59:56","False"
"phase17_v7\gateC8S\20260821_supplementary_traceability_freeze\figures\Figure1_disease_blind_identity_scope.pdf","60977","0.0582",".pdf","2026-08-21 00:58:41","True"
"phase17_v7\gateC8S\20260821_supplementary_traceability_freeze\figures\Figure1_disease_blind_identity_scope.png","523356","0.4991",".png","2026-08-21 00:58:44","True"
"phase17_v7\gateC8S\20260821_supplementary_traceability_freeze\figures\Figure2_sample_level_composition.pdf","49848","0.0475",".pdf","2026-08-21 00:58:47","True"
"phase17_v7\gateC8S\20260821_supplementary_traceability_freeze\figures\Figure2_sample_level_composition.png","454608","0.4335",".png","2026-08-21 00:58:49","True"
"phase17_v7\gateC8S\20260821_supplementary_traceability_freeze\figures\Figure3_gse174188_bconv_transcription.pdf","55135","0.0526",".pdf","2026-08-21 00:58:54","True"
"phase17_v7\gateC8S\20260821_supplementary_traceability_freeze\figures\Figure3_gse174188_bconv_transcription.png","452040","0.4311",".png","2026-08-21 00:58:55","True"
"phase17_v7\gateC8S\20260821_supplementary_traceability_freeze\figures\Figure4_independent_ifn_replication.pdf","56820","0.0542",".pdf","2026-08-21 00:59:00","True"
"phase17_v7\gateC8S\20260821_supplementary_traceability_freeze\figures\Figure4_independent_ifn_replication.png","628446","0.5993",".png","2026-08-21 00:59:03","True"
"phase17_v7\gateC8S\20260821_supplementary_traceability_freeze\figures\Figure5_regulatory_evidence.pdf","54763","0.0522",".pdf","2026-08-21 00:59:08","True"
"phase17_v7\gateC8S\20260821_supplementary_traceability_freeze\figures\Figure5_regulatory_evidence.png","579776","0.5529",".png","2026-08-21 00:59:10","True"
"phase17_v7\gateC8S\20260821_supplementary_traceability_freeze\full_statistical_results\composition\01_base_model_coefficients.csv","3478","0.0033",".csv","2026-08-15 14:36:58","True"
"phase17_v7\gateC8S\20260821_supplementary_traceability_freeze\full_statistical_results\composition\02_base_and_nonoverlap_contrasts.csv","1966","0.0019",".csv","2026-08-15 14:36:58","True"
"phase17_v7\gateC8S\20260821_supplementary_traceability_freeze\full_statistical_results\composition\03_adjusted_predictions.csv","1479","0.0014",".csv","2026-08-15 14:36:58","True"
"phase17_v7\gateC8S\20260821_supplementary_traceability_freeze\full_statistical_results\composition\04_mandatory_sensitivity_contrasts.csv","4127","0.0039",".csv","2026-08-15 14:36:58","True"
"phase17_v7\gateC8S\20260821_supplementary_traceability_freeze\full_statistical_results\composition\05_two_part_sensitivity.csv","1497","0.0014",".csv","2026-08-15 14:36:58","True"
"phase17_v7\gateC8S\20260821_supplementary_traceability_freeze\full_statistical_results\composition\06_primary_leave_one_out.csv","13637","0.013",".csv","2026-08-15 14:36:58","True"
"phase17_v7\gateC8S\20260821_supplementary_traceability_freeze\full_statistical_results\composition\07_replication_overlap_audit.csv","187","0.0002",".csv","2026-08-15 14:36:58","True"
"phase17_v7\gateC8S\20260821_supplementary_traceability_freeze\full_statistical_results\composition\08_model_diagnostics.csv","6885","0.0066",".csv","2026-08-15 14:36:58","True"
"phase17_v7\gateC8S\20260821_supplementary_traceability_freeze\full_statistical_results\MANIFEST_SHA256.csv","8031","0.0077",".csv","2026-08-21 00:59:56","True"
"phase17_v7\gateC8S\20260821_supplementary_traceability_freeze\full_statistical_results\README_FULL_STATISTICAL_RESULTS.md","2038","0.0019",".md","2026-08-21 00:59:56","True"
"phase17_v7\gateC8S\20260821_supplementary_traceability_freeze\full_statistical_results\regulatory_and_orthogonal\01_CONFIRMATORY_REGULATOR_RESULTS.csv","6168","0.0059",".csv","2026-08-15 18:15:39","True"
"phase17_v7\gateC8S\20260821_supplementary_traceability_freeze\full_statistical_results\regulatory_and_orthogonal\02_IFN_TARGET_INFLUENCE_SUMMARY.csv","1614","0.0015",".csv","2026-08-15 18:15:39","True"
"phase17_v7\gateC8S\20260821_supplementary_traceability_freeze\full_statistical_results\regulatory_and_orthogonal\03_CORRELATION_AWARE_STAT1_STAT2_SENSITIVITY.csv","2083","0.002",".csv","2026-08-20 18:21:53","True"
"phase17_v7\gateC8S\20260821_supplementary_traceability_freeze\full_statistical_results\regulatory_and_orthogonal\03_IFN_TARGET_LEAVE_ONE_OUT.csv","28339","0.027",".csv","2026-08-15 18:15:39","True"
"phase17_v7\gateC8S\20260821_supplementary_traceability_freeze\full_statistical_results\regulatory_and_orthogonal\04_CORRELATION_AWARE_STAT1_STAT2_DECISION.json","1389","0.0013",".json","2026-08-20 18:21:53","True"
"phase17_v7\gateC8S\20260821_supplementary_traceability_freeze\full_statistical_results\regulatory_and_orthogonal\04_IFN_TARGET_RESAMPLING.csv","74964","0.0715",".csv","2026-08-15 18:15:39","True"
"phase17_v7\gateC8S\20260821_supplementary_traceability_freeze\full_statistical_results\regulatory_and_orthogonal\05_SUPPORTIVE_SENSITIVITY_REGULATOR_RESULTS.csv","17510","0.0167",".csv","2026-08-15 18:15:39","True"
"phase17_v7\gateC8S\20260821_supplementary_traceability_freeze\full_statistical_results\regulatory_and_orthogonal\18_GSE23307_LOG2P1_DONOR_PROGRAM_EFFECTS.csv","316","0.0003",".csv","2026-08-15 18:21:23","True"
"phase17_v7\gateC8S\20260821_supplementary_traceability_freeze\full_statistical_results\regulatory_and_orthogonal\19_MSIGDB_M5911_PRERANKED_GSEA.csv","1495","0.0014",".csv","2026-08-15 18:21:23","True"
"phase17_v7\gateC8S\20260821_supplementary_traceability_freeze\full_statistical_results\sanitized_design_matrices\GSE135779_adult_min50_design.csv","1258","0.0012",".csv","2026-08-21 00:59:56","True"
"phase17_v7\gateC8S\20260821_supplementary_traceability_freeze\full_statistical_results\sanitized_design_matrices\GSE135779_childhood_min50_design.csv","4648","0.0044",".csv","2026-08-21 00:59:56","True"
"phase17_v7\gateC8S\20260821_supplementary_traceability_freeze\full_statistical_results\sanitized_design_matrices\GSE135779_combined_min100_design.csv","5947","0.0057",".csv","2026-08-21 00:59:56","True"
"phase17_v7\gateC8S\20260821_supplementary_traceability_freeze\full_statistical_results\sanitized_design_matrices\GSE135779_combined_min20_design.csv","6364","0.0061",".csv","2026-08-21 00:59:56","True"
"phase17_v7\gateC8S\20260821_supplementary_traceability_freeze\full_statistical_results\sanitized_design_matrices\GSE135779_combined_min50_design.csv","6156","0.0059",".csv","2026-08-21 00:59:56","True"
"phase17_v7\gateC8S\20260821_supplementary_traceability_freeze\full_statistical_results\sanitized_design_matrices\GSE174188_flare_full_design.csv","3941","0.0038",".csv","2026-08-21 00:59:56","True"
"phase17_v7\gateC8S\20260821_supplementary_traceability_freeze\full_statistical_results\sanitized_design_matrices\GSE174188_primary_base_design.csv","8727","0.0083",".csv","2026-08-21 00:59:56","True"
"phase17_v7\gateC8S\20260821_supplementary_traceability_freeze\full_statistical_results\sanitized_design_matrices\GSE174188_primary_min100_design.csv","9934","0.0095",".csv","2026-08-21 00:59:56","True"
"phase17_v7\gateC8S\20260821_supplementary_traceability_freeze\full_statistical_results\sanitized_design_matrices\GSE174188_primary_min20_design.csv","10580","0.0101",".csv","2026-08-21 00:59:56","True"
"phase17_v7\gateC8S\20260821_supplementary_traceability_freeze\full_statistical_results\sanitized_design_matrices\GSE174188_primary_residual_risk_negative_design.csv","10328","0.0098",".csv","2026-08-21 00:59:56","True"
"phase17_v7\gateC8S\20260821_supplementary_traceability_freeze\full_statistical_results\sanitized_design_matrices\GSE174188_validation_full_design.csv","6813","0.0065",".csv","2026-08-21 00:59:56","True"
"phase17_v7\gateC8S\20260821_supplementary_traceability_freeze\full_statistical_results\sanitized_design_matrices\GSE174188_validation_nonoverlap_design.csv","6120","0.0058",".csv","2026-08-21 00:59:56","True"
"phase17_v7\gateC8S\20260821_supplementary_traceability_freeze\full_statistical_results\SOURCE_PROVENANCE.csv","13582","0.013",".csv","2026-08-21 00:59:56","True"
"phase17_v7\gateC8S\20260821_supplementary_traceability_freeze\full_statistical_results\statistical_framework\STATISTICAL_TEST_AND_MULTIPLICITY_MAP.csv","1787","0.0017",".csv","2026-08-21 00:59:56","True"
"phase17_v7\gateC8S\20260821_supplementary_traceability_freeze\full_statistical_results\transcription\GSE135779\05_MODEL_SUMMARY.csv","791","0.0008",".csv","2026-08-15 17:24:34","True"
"phase17_v7\gateC8S\20260821_supplementary_traceability_freeze\full_statistical_results\transcription\GSE135779\07_PROGRAM_RESULTS.csv","11981","0.0114",".csv","2026-08-15 17:24:34","True"
"phase17_v7\gateC8S\20260821_supplementary_traceability_freeze\full_statistical_results\transcription\GSE135779\09_FROZEN_PROGRAM_ARM_CAMERA.csv","9581","0.0091",".csv","2026-08-15 17:24:34","True"
"phase17_v7\gateC8S\20260821_supplementary_traceability_freeze\full_statistical_results\transcription\GSE135779\10_PRIMARY_PROGRAM_DONOR_LOO.csv","1642","0.0016",".csv","2026-08-15 17:24:34","True"
"phase17_v7\gateC8S\20260821_supplementary_traceability_freeze\full_statistical_results\transcription\GSE135779\11_PRIMARY_CONFIRMATORY_GENE_DONOR_LOO.csv","6362","0.0061",".csv","2026-08-15 17:24:34","True"
"phase17_v7\gateC8S\20260821_supplementary_traceability_freeze\full_statistical_results\transcription\GSE135779\12_SOURCE_LABEL_LOO_PROGRAM_RESULTS.csv","21300","0.0203",".csv","2026-08-15 17:24:34","True"
"phase17_v7\gateC8S\20260821_supplementary_traceability_freeze\full_statistical_results\transcription\GSE135779\13_EXTERNAL_GENE_EFFECT_CONCORDANCE.csv","578","0.0006",".csv","2026-08-15 17:24:34","True"
"phase17_v7\gateC8S\20260821_supplementary_traceability_freeze\full_statistical_results\transcription\GSE135779\14_PRIMARY_RANKED_QC_FAMILY_AUDIT.csv","147","0.0001",".csv","2026-08-15 17:24:34","True"
"phase17_v7\gateC8S\20260821_supplementary_traceability_freeze\full_statistical_results\transcription\GSE135779\16_CROSS_DATASET_IFN_GENE_EFFECTS.csv","3962","0.0038",".csv","2026-08-15 17:24:34","True"
"phase17_v7\gateC8S\20260821_supplementary_traceability_freeze\full_statistical_results\transcription\GSE135779\16_CROSS_DATASET_IFN_PROGRAM_EFFECTS.csv","777","0.0007",".csv","2026-08-15 17:24:34","True"
"phase17_v7\gateC8S\20260821_supplementary_traceability_freeze\full_statistical_results\transcription\GSE174188\05_MODEL_SUMMARY.csv","1132","0.0011",".csv","2026-08-15 15:52:54","True"
"phase17_v7\gateC8S\20260821_supplementary_traceability_freeze\full_statistical_results\transcription\GSE174188\07_PROGRAM_RESULTS.csv","16977","0.0162",".csv","2026-08-15 15:52:54","True"
"phase17_v7\gateC8S\20260821_supplementary_traceability_freeze\full_statistical_results\transcription\GSE174188\09_FROZEN_PROGRAM_ARM_CAMERA.csv","13666","0.013",".csv","2026-08-15 15:52:54","True"
"phase17_v7\gateC8S\20260821_supplementary_traceability_freeze\full_statistical_results\transcription\GSE174188\10_PRIMARY_PROGRAM_LOO.csv","1937","0.0018",".csv","2026-08-15 15:52:55","True"
"phase17_v7\gateC8S\20260821_supplementary_traceability_freeze\full_statistical_results\transcription\GSE174188\11_PRIMARY_CONFIRMATORY_GENE_LOO.csv","7698","0.0073",".csv","2026-08-15 15:52:55","True"
"phase17_v7\gateC8S\20260821_supplementary_traceability_freeze\full_statistical_results\transcription\GSE174188\12_CROSS_COHORT_EFFECT_CONCORDANCE.csv","625","0.0006",".csv","2026-08-15 15:52:59","True"
"phase17_v7\gateC8S\20260821_supplementary_traceability_freeze\full_statistical_results\transcription\GSE174188\13_PRIMARY_RANKED_QC_FAMILY_AUDIT.csv","158","0.0002",".csv","2026-08-15 15:52:59","True"
"phase17_v7\gateC8S\20260821_supplementary_traceability_freeze\source_data\Figure1_source_data.csv","3652","0.0035",".csv","2026-08-21 00:58:37","True"
"phase17_v7\gateC8S\20260821_supplementary_traceability_freeze\source_data\Figure2_source_data.csv","33705","0.0321",".csv","2026-08-21 00:58:44","True"
"phase17_v7\gateC8S\20260821_supplementary_traceability_freeze\source_data\Figure3_source_data.csv","8333","0.0079",".csv","2026-08-21 00:58:49","True"
"phase17_v7\gateC8S\20260821_supplementary_traceability_freeze\source_data\Figure4_source_data.csv","500362","0.4772",".csv","2026-08-21 00:58:56","True"
"phase17_v7\gateC8S\20260821_supplementary_traceability_freeze\source_data\Figure5_source_data.csv","4162","0.004",".csv","2026-08-21 00:59:03","True"
"phase17_v7\gateC8S\20260821_supplementary_traceability_freeze\supplementary_figures\Supplementary_Figure_S1_source_integrity_qc.pdf","51533","0.0491",".pdf","2026-08-21 00:59:18","True"
"phase17_v7\gateC8S\20260821_supplementary_traceability_freeze\supplementary_figures\Supplementary_Figure_S1_source_integrity_qc.png","551569","0.526",".png","2026-08-21 00:59:21","True"
"phase17_v7\gateC8S\20260821_supplementary_traceability_freeze\supplementary_figures\Supplementary_Figure_S2_representation_diagnostics.pdf","50861","0.0485",".pdf","2026-08-21 00:59:24","True"
"phase17_v7\gateC8S\20260821_supplementary_traceability_freeze\supplementary_figures\Supplementary_Figure_S2_representation_diagnostics.png","503738","0.4804",".png","2026-08-21 00:59:26","True"
"phase17_v7\gateC8S\20260821_supplementary_traceability_freeze\supplementary_figures\Supplementary_Figure_S3_identity_adjudication.pdf","51281","0.0489",".pdf","2026-08-21 00:59:30","True"
"phase17_v7\gateC8S\20260821_supplementary_traceability_freeze\supplementary_figures\Supplementary_Figure_S3_identity_adjudication.png","384518","0.3667",".png","2026-08-21 00:59:32","True"
"phase17_v7\gateC8S\20260821_supplementary_traceability_freeze\supplementary_figures\Supplementary_Figure_S4_composition_diagnostics.pdf","47952","0.0457",".pdf","2026-08-21 00:59:35","True"
"phase17_v7\gateC8S\20260821_supplementary_traceability_freeze\supplementary_figures\Supplementary_Figure_S4_composition_diagnostics.png","335514","0.32",".png","2026-08-21 00:59:37","True"
"phase17_v7\gateC8S\20260821_supplementary_traceability_freeze\supplementary_figures\Supplementary_Figure_S5_pseudobulk_diagnostics.pdf","51706","0.0493",".pdf","2026-08-21 00:59:40","True"
"phase17_v7\gateC8S\20260821_supplementary_traceability_freeze\supplementary_figures\Supplementary_Figure_S5_pseudobulk_diagnostics.png","492551","0.4697",".png","2026-08-21 00:59:43","True"
"phase17_v7\gateC8S\20260821_supplementary_traceability_freeze\supplementary_figures\Supplementary_Figure_S6_external_validation_diagnostics.pdf","48118","0.0459",".pdf","2026-08-21 00:59:46","True"
"phase17_v7\gateC8S\20260821_supplementary_traceability_freeze\supplementary_figures\Supplementary_Figure_S6_external_validation_diagnostics.png","391944","0.3738",".png","2026-08-21 00:59:47","True"
"phase17_v7\gateC8S\20260821_supplementary_traceability_freeze\supplementary_figures\Supplementary_Figure_S7_regulator_correlation_sensitivity.pdf","48444","0.0462",".pdf","2026-08-21 00:59:51","True"
"phase17_v7\gateC8S\20260821_supplementary_traceability_freeze\supplementary_figures\Supplementary_Figure_S7_regulator_correlation_sensitivity.png","589432","0.5621",".png","2026-08-21 00:59:54","True"
"phase17_v7\gateC8S\20260821_supplementary_traceability_freeze\supplementary_source_data\Supplementary_Figure_S1_source_data.csv","15014","0.0143",".csv","2026-08-21 00:59:15","True"
"phase17_v7\gateC8S\20260821_supplementary_traceability_freeze\supplementary_source_data\Supplementary_Figure_S2_source_data.csv","26506","0.0253",".csv","2026-08-21 00:59:21","True"
"phase17_v7\gateC8S\20260821_supplementary_traceability_freeze\supplementary_source_data\Supplementary_Figure_S3_source_data.csv","4375","0.0042",".csv","2026-08-21 00:59:26","True"
"phase17_v7\gateC8S\20260821_supplementary_traceability_freeze\supplementary_source_data\Supplementary_Figure_S4_source_data.csv","5599","0.0053",".csv","2026-08-21 00:59:32","True"
"phase17_v7\gateC8S\20260821_supplementary_traceability_freeze\supplementary_source_data\Supplementary_Figure_S5_source_data.csv","4113","0.0039",".csv","2026-08-21 00:59:37","True"
"phase17_v7\gateC8S\20260821_supplementary_traceability_freeze\supplementary_source_data\Supplementary_Figure_S6_source_data.csv","6249","0.006",".csv","2026-08-21 00:59:43","True"
"phase17_v7\gateC8S\20260821_supplementary_traceability_freeze\supplementary_source_data\Supplementary_Figure_S7_source_data.csv","2110","0.002",".csv","2026-08-21 00:59:47","True"
"phase17_v7\round6_q1_robustness\20260825_full_pipeline_identity_resampling\00_RUN_CONTRACT.json","1049","0.001",".json","2026-08-25 23:35:50","True"
"phase17_v7\round6_q1_robustness\20260825_full_pipeline_identity_resampling\01_ALL_REPLICATE_METRICS.csv","10466","0.01",".csv","2026-08-27 07:50:51","True"
"phase17_v7\round6_q1_robustness\20260825_full_pipeline_identity_resampling\02_ALL_STATE_METRICS.csv","17732","0.0169",".csv","2026-08-27 07:50:51","True"
"phase17_v7\round6_q1_robustness\20260825_full_pipeline_identity_resampling\03_BRANCH_RESOLUTION_SUMMARY.csv","1088","0.001",".csv","2026-08-27 07:50:51","True"
"phase17_v7\round6_q1_robustness\20260825_full_pipeline_identity_resampling\04_STATE_SUMMARY.csv","1259","0.0012",".csv","2026-08-27 07:50:51","True"
"phase17_v7\round6_q1_robustness\20260825_full_pipeline_identity_resampling\05_FULL_PIPELINE_RESAMPLING_STATUS.json","1352","0.0013",".json","2026-08-27 07:50:51","True"
"phase17_v7\round6_q1_robustness\20260825_full_pipeline_identity_resampling\replicate_001\00_REPLICATE_STATUS.json","1405","0.0013",".json","2026-08-26 01:10:16","True"
"phase17_v7\round6_q1_robustness\20260825_full_pipeline_identity_resampling\replicate_001\01_REPLICATE_METRICS.csv","671","0.0006",".csv","2026-08-26 01:10:11","True"
"phase17_v7\round6_q1_robustness\20260825_full_pipeline_identity_resampling\replicate_001\02_STATE_METRICS.csv","932","0.0009",".csv","2026-08-26 01:10:11","True"
"phase17_v7\round6_q1_robustness\20260825_full_pipeline_identity_resampling\replicate_001\03_SELECTED_HVGS.csv","450242","0.4294",".csv","2026-08-25 23:36:01","True"
"phase17_v7\round6_q1_robustness\20260825_full_pipeline_identity_resampling\replicate_002\00_REPLICATE_STATUS.json","1405","0.0013",".json","2026-08-26 02:56:47","True"
"phase17_v7\round6_q1_robustness\20260825_full_pipeline_identity_resampling\replicate_002\01_REPLICATE_METRICS.csv","673","0.0006",".csv","2026-08-26 02:56:41","True"
"phase17_v7\round6_q1_robustness\20260825_full_pipeline_identity_resampling\replicate_002\02_STATE_METRICS.csv","971","0.0009",".csv","2026-08-26 02:56:41","True"
"phase17_v7\round6_q1_robustness\20260825_full_pipeline_identity_resampling\replicate_002\03_SELECTED_HVGS.csv","450119","0.4293",".csv","2026-08-26 01:10:35","True"
"phase17_v7\round6_q1_robustness\20260825_full_pipeline_identity_resampling\replicate_003\00_REPLICATE_STATUS.json","1405","0.0013",".json","2026-08-26 04:28:22","True"
"phase17_v7\round6_q1_robustness\20260825_full_pipeline_identity_resampling\replicate_003\01_REPLICATE_METRICS.csv","673","0.0006",".csv","2026-08-26 04:28:18","True"
"phase17_v7\round6_q1_robustness\20260825_full_pipeline_identity_resampling\replicate_003\02_STATE_METRICS.csv","971","0.0009",".csv","2026-08-26 04:28:18","True"
"phase17_v7\round6_q1_robustness\20260825_full_pipeline_identity_resampling\replicate_003\03_SELECTED_HVGS.csv","450091","0.4292",".csv","2026-08-26 02:57:06","True"
"phase17_v7\round6_q1_robustness\20260825_full_pipeline_identity_resampling\replicate_004\00_REPLICATE_STATUS.json","1405","0.0013",".json","2026-08-26 05:59:07","True"
"phase17_v7\round6_q1_robustness\20260825_full_pipeline_identity_resampling\replicate_004\01_REPLICATE_METRICS.csv","673","0.0006",".csv","2026-08-26 05:59:01","True"
"phase17_v7\round6_q1_robustness\20260825_full_pipeline_identity_resampling\replicate_004\02_STATE_METRICS.csv","954","0.0009",".csv","2026-08-26 05:59:01","True"
"phase17_v7\round6_q1_robustness\20260825_full_pipeline_identity_resampling\replicate_004\03_SELECTED_HVGS.csv","450142","0.4293",".csv","2026-08-26 04:28:37","True"
"phase17_v7\round6_q1_robustness\20260825_full_pipeline_identity_resampling\replicate_005\00_REPLICATE_STATUS.json","1405","0.0013",".json","2026-08-26 07:38:37","True"
"phase17_v7\round6_q1_robustness\20260825_full_pipeline_identity_resampling\replicate_005\01_REPLICATE_METRICS.csv","673","0.0006",".csv","2026-08-26 07:38:33","True"
"phase17_v7\round6_q1_robustness\20260825_full_pipeline_identity_resampling\replicate_005\02_STATE_METRICS.csv","971","0.0009",".csv","2026-08-26 07:38:33","True"
"phase17_v7\round6_q1_robustness\20260825_full_pipeline_identity_resampling\replicate_005\03_SELECTED_HVGS.csv","449999","0.4292",".csv","2026-08-26 05:59:25","True"
"phase17_v7\round6_q1_robustness\20260825_full_pipeline_identity_resampling\replicate_006\00_REPLICATE_STATUS.json","1405","0.0013",".json","2026-08-26 09:09:57","True"
"phase17_v7\round6_q1_robustness\20260825_full_pipeline_identity_resampling\replicate_006\01_REPLICATE_METRICS.csv","672","0.0006",".csv","2026-08-26 09:09:52","True"
"phase17_v7\round6_q1_robustness\20260825_full_pipeline_identity_resampling\replicate_006\02_STATE_METRICS.csv","970","0.0009",".csv","2026-08-26 09:09:52","True"
"phase17_v7\round6_q1_robustness\20260825_full_pipeline_identity_resampling\replicate_006\03_SELECTED_HVGS.csv","450051","0.4292",".csv","2026-08-26 07:38:52","True"
"phase17_v7\round6_q1_robustness\20260825_full_pipeline_identity_resampling\replicate_007\00_REPLICATE_STATUS.json","1405","0.0013",".json","2026-08-26 10:43:22","True"
"phase17_v7\round6_q1_robustness\20260825_full_pipeline_identity_resampling\replicate_007\01_REPLICATE_METRICS.csv","671","0.0006",".csv","2026-08-26 10:43:16","True"
"phase17_v7\round6_q1_robustness\20260825_full_pipeline_identity_resampling\replicate_007\02_STATE_METRICS.csv","969","0.0009",".csv","2026-08-26 10:43:16","True"
"phase17_v7\round6_q1_robustness\20260825_full_pipeline_identity_resampling\replicate_007\03_SELECTED_HVGS.csv","450185","0.4293",".csv","2026-08-26 09:10:12","True"
"phase17_v7\round6_q1_robustness\20260825_full_pipeline_identity_resampling\replicate_008\00_REPLICATE_STATUS.json","1405","0.0013",".json","2026-08-26 12:33:16","True"
"phase17_v7\round6_q1_robustness\20260825_full_pipeline_identity_resampling\replicate_008\01_REPLICATE_METRICS.csv","674","0.0006",".csv","2026-08-26 12:33:10","True"
"phase17_v7\round6_q1_robustness\20260825_full_pipeline_identity_resampling\replicate_008\02_STATE_METRICS.csv","971","0.0009",".csv","2026-08-26 12:33:10","True"
"phase17_v7\round6_q1_robustness\20260825_full_pipeline_identity_resampling\replicate_008\03_SELECTED_HVGS.csv","450248","0.4294",".csv","2026-08-26 10:43:41","True"
"phase17_v7\round6_q1_robustness\20260825_full_pipeline_identity_resampling\replicate_009\00_REPLICATE_STATUS.json","1405","0.0013",".json","2026-08-26 14:11:49","True"
"phase17_v7\round6_q1_robustness\20260825_full_pipeline_identity_resampling\replicate_009\01_REPLICATE_METRICS.csv","673","0.0006",".csv","2026-08-26 14:11:44","True"
"phase17_v7\round6_q1_robustness\20260825_full_pipeline_identity_resampling\replicate_009\02_STATE_METRICS.csv","970","0.0009",".csv","2026-08-26 14:11:44","True"
"phase17_v7\round6_q1_robustness\20260825_full_pipeline_identity_resampling\replicate_009\03_SELECTED_HVGS.csv","450170","0.4293",".csv","2026-08-26 12:33:34","True"
"phase17_v7\round6_q1_robustness\20260825_full_pipeline_identity_resampling\replicate_010\00_REPLICATE_STATUS.json","1406","0.0013",".json","2026-08-26 15:47:51","True"
"phase17_v7\round6_q1_robustness\20260825_full_pipeline_identity_resampling\replicate_010\01_REPLICATE_METRICS.csv","680","0.0006",".csv","2026-08-26 15:47:44","True"
"phase17_v7\round6_q1_robustness\20260825_full_pipeline_identity_resampling\replicate_010\02_STATE_METRICS.csv","943","0.0009",".csv","2026-08-26 15:47:44","True"
"phase17_v7\round6_q1_robustness\20260825_full_pipeline_identity_resampling\replicate_010\03_SELECTED_HVGS.csv","450054","0.4292",".csv","2026-08-26 14:12:08","True"
"phase17_v7\round6_q1_robustness\20260825_full_pipeline_identity_resampling\replicate_011\00_REPLICATE_STATUS.json","1406","0.0013",".json","2026-08-26 18:07:27","True"
"phase17_v7\round6_q1_robustness\20260825_full_pipeline_identity_resampling\replicate_011\01_REPLICATE_METRICS.csv","680","0.0006",".csv","2026-08-26 18:07:22","True"
"phase17_v7\round6_q1_robustness\20260825_full_pipeline_identity_resampling\replicate_011\02_STATE_METRICS.csv","972","0.0009",".csv","2026-08-26 18:07:22","True"
"phase17_v7\round6_q1_robustness\20260825_full_pipeline_identity_resampling\replicate_011\03_SELECTED_HVGS.csv","450111","0.4293",".csv","2026-08-26 15:48:09","True"
"phase17_v7\round6_q1_robustness\20260825_full_pipeline_identity_resampling\replicate_012\00_REPLICATE_STATUS.json","1406","0.0013",".json","2026-08-26 19:24:40","True"
"phase17_v7\round6_q1_robustness\20260825_full_pipeline_identity_resampling\replicate_012\01_REPLICATE_METRICS.csv","678","0.0006",".csv","2026-08-26 19:24:35","True"
"phase17_v7\round6_q1_robustness\20260825_full_pipeline_identity_resampling\replicate_012\02_STATE_METRICS.csv","969","0.0009",".csv","2026-08-26 19:24:35","True"
"phase17_v7\round6_q1_robustness\20260825_full_pipeline_identity_resampling\replicate_012\03_SELECTED_HVGS.csv","450077","0.4292",".csv","2026-08-26 18:07:46","True"
"phase17_v7\round6_q1_robustness\20260825_full_pipeline_identity_resampling\replicate_013\00_REPLICATE_STATUS.json","1406","0.0013",".json","2026-08-26 20:27:25","True"
"phase17_v7\round6_q1_robustness\20260825_full_pipeline_identity_resampling\replicate_013\01_REPLICATE_METRICS.csv","681","0.0006",".csv","2026-08-26 20:27:21","True"
"phase17_v7\round6_q1_robustness\20260825_full_pipeline_identity_resampling\replicate_013\02_STATE_METRICS.csv","980","0.0009",".csv","2026-08-26 20:27:21","True"
"phase17_v7\round6_q1_robustness\20260825_full_pipeline_identity_resampling\replicate_013\03_SELECTED_HVGS.csv","450233","0.4294",".csv","2026-08-26 19:24:53","True"
"phase17_v7\round6_q1_robustness\20260825_full_pipeline_identity_resampling\replicate_014\00_REPLICATE_STATUS.json","1406","0.0013",".json","2026-08-26 21:43:16","True"
"phase17_v7\round6_q1_robustness\20260825_full_pipeline_identity_resampling\replicate_014\01_REPLICATE_METRICS.csv","676","0.0006",".csv","2026-08-26 21:43:12","True"
"phase17_v7\round6_q1_robustness\20260825_full_pipeline_identity_resampling\replicate_014\02_STATE_METRICS.csv","984","0.0009",".csv","2026-08-26 21:43:12","True"
"phase17_v7\round6_q1_robustness\20260825_full_pipeline_identity_resampling\replicate_014\03_SELECTED_HVGS.csv","450197","0.4293",".csv","2026-08-26 20:27:41","True"
"phase17_v7\round6_q1_robustness\20260825_full_pipeline_identity_resampling\replicate_015\00_REPLICATE_STATUS.json","1406","0.0013",".json","2026-08-26 23:33:01","True"
"phase17_v7\round6_q1_robustness\20260825_full_pipeline_identity_resampling\replicate_015\01_REPLICATE_METRICS.csv","681","0.0006",".csv","2026-08-26 23:32:57","True"
"phase17_v7\round6_q1_robustness\20260825_full_pipeline_identity_resampling\replicate_015\02_STATE_METRICS.csv","980","0.0009",".csv","2026-08-26 23:32:57","True"
"phase17_v7\round6_q1_robustness\20260825_full_pipeline_identity_resampling\replicate_015\03_SELECTED_HVGS.csv","450182","0.4293",".csv","2026-08-26 21:43:32","True"
"phase17_v7\round6_q1_robustness\20260825_full_pipeline_identity_resampling\replicate_016\00_REPLICATE_STATUS.json","1406","0.0013",".json","2026-08-27 00:53:35","True"
"phase17_v7\round6_q1_robustness\20260825_full_pipeline_identity_resampling\replicate_016\01_REPLICATE_METRICS.csv","679","0.0006",".csv","2026-08-27 00:53:31","True"
"phase17_v7\round6_q1_robustness\20260825_full_pipeline_identity_resampling\replicate_016\02_STATE_METRICS.csv","982","0.0009",".csv","2026-08-27 00:53:31","True"
"phase17_v7\round6_q1_robustness\20260825_full_pipeline_identity_resampling\replicate_016\03_SELECTED_HVGS.csv","450185","0.4293",".csv","2026-08-26 23:33:17","True"
"phase17_v7\round6_q1_robustness\20260825_full_pipeline_identity_resampling\replicate_017\00_REPLICATE_STATUS.json","1406","0.0013",".json","2026-08-27 03:07:57","True"
"phase17_v7\round6_q1_robustness\20260825_full_pipeline_identity_resampling\replicate_017\01_REPLICATE_METRICS.csv","677","0.0006",".csv","2026-08-27 03:07:51","True"
"phase17_v7\round6_q1_robustness\20260825_full_pipeline_identity_resampling\replicate_017\02_STATE_METRICS.csv","986","0.0009",".csv","2026-08-27 03:07:51","True"
"phase17_v7\round6_q1_robustness\20260825_full_pipeline_identity_resampling\replicate_017\03_SELECTED_HVGS.csv","450154","0.4293",".csv","2026-08-27 00:53:51","True"
"phase17_v7\round6_q1_robustness\20260825_full_pipeline_identity_resampling\replicate_018\00_REPLICATE_STATUS.json","1406","0.0013",".json","2026-08-27 04:23:08","True"
"phase17_v7\round6_q1_robustness\20260825_full_pipeline_identity_resampling\replicate_018\01_REPLICATE_METRICS.csv","681","0.0006",".csv","2026-08-27 04:23:03","True"
"phase17_v7\round6_q1_robustness\20260825_full_pipeline_identity_resampling\replicate_018\02_STATE_METRICS.csv","982","0.0009",".csv","2026-08-27 04:23:03","True"
"phase17_v7\round6_q1_robustness\20260825_full_pipeline_identity_resampling\replicate_018\03_SELECTED_HVGS.csv","450078","0.4292",".csv","2026-08-27 03:08:17","True"
"phase17_v7\round6_q1_robustness\20260825_full_pipeline_identity_resampling\replicate_019\00_REPLICATE_STATUS.json","1406","0.0013",".json","2026-08-27 05:56:22","True"
"phase17_v7\round6_q1_robustness\20260825_full_pipeline_identity_resampling\replicate_019\01_REPLICATE_METRICS.csv","680","0.0006",".csv","2026-08-27 05:56:18","True"
"phase17_v7\round6_q1_robustness\20260825_full_pipeline_identity_resampling\replicate_019\02_STATE_METRICS.csv","983","0.0009",".csv","2026-08-27 05:56:18","True"
"phase17_v7\round6_q1_robustness\20260825_full_pipeline_identity_resampling\replicate_019\03_SELECTED_HVGS.csv","450197","0.4293",".csv","2026-08-27 04:23:26","True"
"phase17_v7\round6_q1_robustness\20260825_full_pipeline_identity_resampling\replicate_020\00_REPLICATE_STATUS.json","1406","0.0013",".json","2026-08-27 07:50:51","True"
"phase17_v7\round6_q1_robustness\20260825_full_pipeline_identity_resampling\replicate_020\01_REPLICATE_METRICS.csv","679","0.0006",".csv","2026-08-27 07:50:46","True"
"phase17_v7\round6_q1_robustness\20260825_full_pipeline_identity_resampling\replicate_020\02_STATE_METRICS.csv","983","0.0009",".csv","2026-08-27 07:50:46","True"
"phase17_v7\round6_q1_robustness\20260825_full_pipeline_identity_resampling\replicate_020\03_SELECTED_HVGS.csv","450155","0.4293",".csv","2026-08-27 05:56:37","True"
"phase17_v7\round6_q1_robustness\20260825_overlap_depletion\01_OVERLAP_DEPLETION_RESULTS.csv","12343","0.0118",".csv","2026-08-25 17:35:58","True"
"phase17_v7\round6_q1_robustness\20260825_overlap_depletion\02_ULM_LEAVE_ONE_TARGET.csv","67001","0.0639",".csv","2026-08-25 17:35:58","True"
"phase17_v7\round6_q1_robustness\20260825_overlap_depletion\03_ULM_LEAVE_ONE_TARGET_SUMMARY.csv","1306","0.0012",".csv","2026-08-25 17:35:58","True"
"phase17_v7\round6_q1_robustness\20260825_overlap_depletion\04_METHOD_SUMMARY.csv","474","0.0005",".csv","2026-08-25 17:35:58","True"
"phase17_v7\round6_q1_robustness\20260825_overlap_depletion\05_OVERLAP_DEPLETION_STATUS.json","3536","0.0034",".json","2026-08-25 17:35:58","True"
"phase17_v7\round6_q1_robustness\20260825_overlap_depletion\06_SUPPLEMENTARY_FIGURE_S8_STATUS.json","588","0.0006",".json","2026-08-25 17:38:59","True"
"phase17_v7\round6_q1_robustness\20260825_overlap_depletion\07_ROUND6_OVERLAP_DEPLETION_ADVISOR_REVIEW.md","3717","0.0035",".md","2026-08-25 23:32:53","True"
"phase17_v7\round6_q1_robustness\20260825_overlap_depletion\figures\Supplementary_Figure_S8_overlap_depletion.pdf","49826","0.0475",".pdf","2026-08-25 17:38:59","True"
"phase17_v7\round6_q1_robustness\20260825_overlap_depletion\figures\Supplementary_Figure_S8_overlap_depletion.png","562614","0.5366",".png","2026-08-25 17:38:59","True"
"phase17_v7\round6_q1_robustness\20260825_overlap_depletion\source_data\Supplementary_Figure_S8_source_data.csv","8005","0.0076",".csv","2026-08-25 17:38:57","True"
"phase17_v7\round6_q1_robustness\20260827_r1_hold_integration\01_RECOMPUTED_BRANCH_SUMMARY.csv","1088","0.001",".csv","2026-08-27 10:18:01","True"
"phase17_v7\round6_q1_robustness\20260827_r1_hold_integration\02_RECOMPUTED_STATE_SUMMARY.csv","1258","0.0012",".csv","2026-08-27 10:18:01","True"
"phase17_v7\round6_q1_robustness\20260827_r1_hold_integration\03_BOUNDARY_EXCHANGE.csv","3200","0.0031",".csv","2026-08-27 10:18:01","True"
"phase17_v7\round6_q1_robustness\20260827_r1_hold_integration\04_REPLICATE_INTEGRITY_MANIFEST.csv","7317","0.007",".csv","2026-08-27 10:18:01","True"
"phase17_v7\round6_q1_robustness\20260827_r1_hold_integration\05_MATRIX_EXPORT_MANIFEST.csv","7089","0.0068",".csv","2026-08-27 10:18:01","True"
"phase17_v7\round6_q1_robustness\20260827_r1_hold_integration\06_AUDIT_AND_PROPAGATION_PREP_STATUS.json","1713","0.0016",".json","2026-08-27 10:18:01","True"
"phase17_v7\round6_q1_robustness\20260827_r1_hold_integration\07_COMPOSITION_UNCERTAINTY_RESULTS.csv","11989","0.0114",".csv","2026-08-27 10:18:11","True"
"phase17_v7\round6_q1_robustness\20260827_r1_hold_integration\08_COMPOSITION_UNCERTAINTY_SUMMARY.csv","678","0.0006",".csv","2026-08-27 10:18:11","True"
"phase17_v7\round6_q1_robustness\20260827_r1_hold_integration\09_COMPOSITION_UNCERTAINTY_STATUS.json","1080","0.001",".json","2026-08-27 10:18:11","True"
"phase17_v7\round6_q1_robustness\20260827_r1_hold_integration\10_IFN_UNCERTAINTY_RESULTS.csv","5855","0.0056",".csv","2026-08-27 10:23:37","True"
"phase17_v7\round6_q1_robustness\20260827_r1_hold_integration\11_IFN_UNCERTAINTY_SUMMARY.csv","407","0.0004",".csv","2026-08-27 10:23:37","True"
"phase17_v7\round6_q1_robustness\20260827_r1_hold_integration\12_IFN_UNCERTAINTY_STATUS.json","1351","0.0013",".json","2026-08-27 10:23:37","True"
"phase17_v7\round6_q1_robustness\20260827_r1_hold_integration\13_SUPPLEMENTARY_FIGURE_S9_STATUS.json","1016","0.001",".json","2026-08-27 10:36:48","True"
"phase17_v7\round6_q1_robustness\20260827_r1_hold_integration\14_ROUND6_R1_HOLD_ADVISOR_REVIEW.md","2473","0.0024",".md","2026-08-27 10:36:48","True"
"phase17_v7\round6_q1_robustness\20260827_r1_hold_integration\figures\Supplementary_Figure_S9_identity_boundary_and_propagation.pdf","52943","0.0505",".pdf","2026-08-27 10:36:47","True"
"phase17_v7\round6_q1_robustness\20260827_r1_hold_integration\figures\Supplementary_Figure_S9_identity_boundary_and_propagation.png","591268","0.5639",".png","2026-08-27 10:36:48","True"
"phase17_v7\round6_q1_robustness\20260827_r1_hold_integration\source_data\Supplementary_Figure_S9_source_data.csv","18720","0.0179",".csv","2026-08-27 10:36:48","True"
"README.md","7335","0.007",".md","2026-08-27 11:10:49","True"
"RELEASE_NOTES.md","1707","0.0016",".md","2026-08-25 06:16:42","True"
"REPRODUCIBILITY.md","8303","0.0079",".md","2026-08-27 11:10:49","True"
