"relative_path","bytes","mb","extension","last_write","tracked"
"_phase17_h5ad_audit\_LATEST_H5AD_AUDIT.txt","73","0.0001",".txt","2026-08-06 12:02:02","True"
"_phase17_h5ad_audit\20260806_120148\00_H5AD_AUDIT_SUMMARY.md","436","0.0004",".md","2026-08-06 12:02:02","True"
"_phase17_h5ad_audit\20260806_120148\01_h5ad_summary.csv","8029","0.0077",".csv","2026-08-06 12:02:02","True"
"_phase17_h5ad_audit\20260806_120148\02_h5ad_candidate_metadata_counts.csv","121088","0.1155",".csv","2026-08-06 12:02:02","True"
"_phase17_h5ad_audit\20260806_120148\03_h5ad_matrix_sampling.csv","1896","0.0018",".csv","2026-08-06 12:02:02","True"
"_phase17_h5ad_audit\20260806_120148\WORKFLOW_H5AD_AUDIT.md","436","0.0004",".md","2026-08-06 12:02:02","True"
"_phase17_review_pack\_LATEST_REVIEW_PACK.txt","148","0.0001",".txt","2026-08-06 12:06:02","False"
"_phase17_review_pack\20260806_120548.zip","59965626","57.1877",".zip","2026-08-06 12:06:02","False"
"_phase17_review_pack\20260806_120548\excluded_manifest.csv","10688","0.0102",".csv","2026-08-06 12:05:55","False"
"_phase17_review_pack\20260806_120548\included_manifest.csv","81508","0.0777",".csv","2026-08-06 12:05:55","False"
"_phase17_review_pack\20260806_120548\payload\00_project_management\audit_2026-06-23\audit_findings_zh.md","8598","0.0082",".md","2026-06-23 20:24:01","False"
"_phase17_review_pack\20260806_120548\payload\00_project_management\audit_2026-06-23\consistency_checks.json","1644","0.0016",".json","2026-06-23 20:24:31","False"
"_phase17_review_pack\20260806_120548\payload\00_project_management\audit_2026-06-23\content_audit.json","91859","0.0876",".json","2026-06-23 20:24:31","False"
"_phase17_review_pack\20260806_120548\payload\00_project_management\audit_2026-06-23\document_audit_exact.csv","3337","0.0032",".csv","2026-06-23 20:24:31","False"
"_phase17_review_pack\20260806_120548\payload\00_project_management\audit_2026-06-23\document_audit_exact.json","5912","0.0056",".json","2026-06-23 20:24:31","False"
"_phase17_review_pack\20260806_120548\payload\00_project_management\audit_2026-06-23\file_inventory.csv","16029","0.0153",".csv","2026-06-23 20:24:31","False"
"_phase17_review_pack\20260806_120548\payload\00_project_management\audit_2026-06-23\folder_summary_all_dirs.csv","1735","0.0017",".csv","2026-06-23 20:24:31","False"
"_phase17_review_pack\20260806_120548\payload\00_project_management\audit_2026-06-23\folder_summary_top_level.csv","378","0.0004",".csv","2026-06-23 20:24:31","False"
"_phase17_review_pack\20260806_120548\payload\00_project_management\audit_2026-06-23\large_files_top50.csv","5339","0.0051",".csv","2026-06-23 20:24:31","False"
"_phase17_review_pack\20260806_120548\payload\00_project_management\audit_2026-06-23\type_summary.csv","571","0.0005",".csv","2026-06-23 20:24:31","False"
"_phase17_review_pack\20260806_120548\payload\00_project_management\audit_2026-06-23\workspace_audit_report.md","14585","0.0139",".md","2026-06-23 20:24:31","False"
"_phase17_review_pack\20260806_120548\payload\00_project_management\audit_2026-06-23\zero_byte_files.csv","162","0.0002",".csv","2026-06-23 20:24:31","False"
"_phase17_review_pack\20260806_120548\payload\00_project_management\cellxgene_collection_436154da_2026-06-22.json","50110","0.0478",".json","2026-06-22 05:57:06","False"
"_phase17_review_pack\20260806_120548\payload\00_project_management\citation_audit_2026-07-01\citation_pdf_audit_2026-07-01.csv","5606","0.0053",".csv","2026-07-01 05:59:10","False"
"_phase17_review_pack\20260806_120548\payload\00_project_management\citation_audit_2026-07-01\signature_to_citation_audit_2026-07-01.csv","2993","0.0029",".csv","2026-07-01 05:59:10","False"
"_phase17_review_pack\20260806_120548\payload\00_project_management\cleanup_actions_2026-06-22.csv","2162","0.0021",".csv","2026-06-22 03:34:48","False"
"_phase17_review_pack\20260806_120548\payload\00_project_management\cleanup_actions_extra_2026-06-22.csv","307","0.0003",".csv","2026-06-22 03:35:48","False"
"_phase17_review_pack\20260806_120548\payload\00_project_management\cleanup_actions_literature_trim_2026-06-22.csv","609","0.0006",".csv","2026-06-22 03:38:51","False"
"_phase17_review_pack\20260806_120548\payload\00_project_management\cleanup_actions_permanent_2026-06-22.csv","285","0.0003",".csv","2026-06-22 05:44:15","False"
"_phase17_review_pack\20260806_120548\payload\00_project_management\cleanup_manifest_2026-06-22.csv","2953","0.0028",".csv","2026-06-22 03:34:47","False"
"_phase17_review_pack\20260806_120548\payload\00_project_management\cleanup_manifest_extra_2026-06-22.csv","320","0.0003",".csv","2026-06-22 03:35:48","False"
"_phase17_review_pack\20260806_120548\payload\00_project_management\cleanup_manifest_literature_trim_2026-06-22.csv","852","0.0008",".csv","2026-06-22 03:38:51","False"
"_phase17_review_pack\20260806_120548\payload\00_project_management\keepers_moved_2026-06-22.csv","700","0.0007",".csv","2026-06-22 03:34:47","False"
"_phase17_review_pack\20260806_120548\payload\00_project_management\manuscript_evidence_table_2026-06-29.csv","5643","0.0054",".csv","2026-07-01 05:32:29","False"
"_phase17_review_pack\20260806_120548\payload\00_project_management\next_local_compute_tasks.md","2702","0.0026",".md","2026-06-22 06:11:40","False"
"_phase17_review_pack\20260806_120548\payload\00_project_management\pdf_inventory_2026-06-22.csv","8297","0.0079",".csv","2026-06-22 03:38:20","False"
"_phase17_review_pack\20260806_120548\payload\00_project_management\pdf_inventory_active_2026-06-22.csv","1264","0.0012",".csv","2026-06-22 03:39:58","False"
"_phase17_review_pack\20260806_120548\payload\00_project_management\phase1_status_2026-06-23.md","3419","0.0033",".md","2026-06-23 19:33:07","False"
"_phase17_review_pack\20260806_120548\payload\00_project_management\phase10_targets_2026-07-07.md","2164","0.0021",".md","2026-07-08 18:07:03","False"
"_phase17_review_pack\20260806_120548\payload\00_project_management\phase11_targets_2026-07-08.md","1989","0.0019",".md","2026-07-08 18:07:52","False"
"_phase17_review_pack\20260806_120548\payload\00_project_management\phase12_targets_2026-07-08.md","2106","0.002",".md","2026-07-08 19:24:58","False"
"_phase17_review_pack\20260806_120548\payload\00_project_management\phase13_targets_2026-07-08.md","2251","0.0021",".md","2026-07-08 19:38:27","False"
"_phase17_review_pack\20260806_120548\payload\00_project_management\phase14_targets_2026-07-09.md","2888","0.0028",".md","2026-07-09 05:58:08","False"
"_phase17_review_pack\20260806_120548\payload\00_project_management\phase15_targets_2026-07-22.md","2861","0.0027",".md","2026-07-22 11:40:57","False"
"_phase17_review_pack\20260806_120548\payload\00_project_management\phase16_targets_2026-07-22.md","1679","0.0016",".md","2026-07-22 12:36:48","False"
"_phase17_review_pack\20260806_120548\payload\00_project_management\phase2_targets_2026-06-24.md","6868","0.0065",".md","2026-06-24 01:20:46","False"
"_phase17_review_pack\20260806_120548\payload\00_project_management\phase3_targets_2026-06-29.md","4282","0.0041",".md","2026-06-29 06:32:30","False"
"_phase17_review_pack\20260806_120548\payload\00_project_management\phase4_targets_2026-06-29.md","4658","0.0044",".md","2026-06-29 06:57:56","False"
"_phase17_review_pack\20260806_120548\payload\00_project_management\phase5_targets_2026-07-01.md","2817","0.0027",".md","2026-07-01 05:19:47","False"
"_phase17_review_pack\20260806_120548\payload\00_project_management\phase6_targets_2026-07-01.md","2156","0.0021",".md","2026-07-01 05:32:29","False"
"_phase17_review_pack\20260806_120548\payload\00_project_management\phase7_targets_2026-07-01.md","1624","0.0015",".md","2026-07-01 06:00:21","False"
"_phase17_review_pack\20260806_120548\payload\00_project_management\phase8_targets_2026-07-01.md","1947","0.0019",".md","2026-07-01 06:45:08","False"
"_phase17_review_pack\20260806_120548\payload\00_project_management\phase9_targets_2026-07-01.md","1885","0.0018",".md","2026-07-01 06:52:55","False"
"_phase17_review_pack\20260806_120548\payload\00_project_management\qa_bcell_first_pass_2026-06-23.json","2790","0.0027",".json","2026-06-23 19:21:56","False"
"_phase17_review_pack\20260806_120548\payload\00_project_management\qa_bcell_first_pass_2026-06-23.md","1376","0.0013",".md","2026-06-23 19:56:52","False"
"_phase17_review_pack\20260806_120548\payload\01_manuscript\citation_signature_audit_v1.md","11493","0.011",".md","2026-07-01 05:59:10","False"
"_phase17_review_pack\20260806_120548\payload\01_manuscript\figure1_legend_draft.md","1666","0.0016",".md","2026-07-22 12:31:29","False"
"_phase17_review_pack\20260806_120548\payload\01_manuscript\figure2_v3_legend_draft.md","1161","0.0011",".md","2026-07-27 06:59:22","False"
"_phase17_review_pack\20260806_120548\payload\01_manuscript\figure3_v1_legend_draft.md","1466","0.0014",".md","2026-07-22 12:31:29","False"
"_phase17_review_pack\20260806_120548\payload\01_manuscript\figure4_v1_legend_draft.md","1397","0.0013",".md","2026-07-27 06:59:22","False"
"_phase17_review_pack\20260806_120548\payload\01_manuscript\figure5_v1_legend_draft.md","1598","0.0015",".md","2026-07-27 06:59:22","False"
"_phase17_review_pack\20260806_120548\payload\01_manuscript\figure6_gse135779_validation_legend_draft.md","1863","0.0018",".md","2026-07-22 12:31:29","False"
"_phase17_review_pack\20260806_120548\payload\01_manuscript\figure6_gse163121_validation_legend_draft.md","1592","0.0015",".md","2026-07-07 22:38:57","False"
"_phase17_review_pack\20260806_120548\payload\01_manuscript\figure7_onek1k_reference_context_legend_draft.md","1119","0.0011",".md","2026-07-22 12:23:42","False"
"_phase17_review_pack\20260806_120548\payload\01_manuscript\manuscript_skeleton.md","2888","0.0028",".md","2026-06-22 03:40:39","False"
"_phase17_review_pack\20260806_120548\payload\01_manuscript\manuscript_v1_working_draft.md","10678","0.0102",".md","2026-07-01 06:00:21","False"
"_phase17_review_pack\20260806_120548\payload\01_manuscript\manuscript_v2_submission_style.md","13779","0.0131",".md","2026-07-01 06:42:29","False"
"_phase17_review_pack\20260806_120548\payload\01_manuscript\manuscript_v3_upper_q1_working.md","20701","0.0197",".md","2026-07-09 05:57:40","False"
"_phase17_review_pack\20260806_120548\payload\01_manuscript\manuscript_v4_nature_style_refined.md","22571","0.0215",".md","2026-07-27 07:08:10","False"
"_phase17_review_pack\20260806_120548\payload\01_manuscript\manuscript_v5_genome_medicine_targeted.md","37933","0.0362",".md","2026-07-27 07:09:00","False"
"_phase17_review_pack\20260806_120548\payload\01_manuscript\manuscript_v6_genome_medicine_submission_source.md","45215","0.0431",".md","2026-07-31 03:40:00","False"
"_phase17_review_pack\20260806_120548\payload\01_manuscript\methods_covariate_sensitivity_addendum.md","1326","0.0013",".md","2026-07-01 05:19:47","False"
"_phase17_review_pack\20260806_120548\payload\01_manuscript\methods_draft_v1_figures1_to3.md","4632","0.0044",".md","2026-06-29 06:50:46","False"
"_phase17_review_pack\20260806_120548\payload\01_manuscript\methods_external_validation_addendum.md","3635","0.0035",".md","2026-07-08 19:33:58","False"
"_phase17_review_pack\20260806_120548\payload\01_manuscript\methods_literature_signature_validation_addendum.md","1433","0.0014",".md","2026-07-01 05:32:29","False"
"_phase17_review_pack\20260806_120548\payload\01_manuscript\outline.md","3609","0.0034",".md","2026-06-22 05:40:11","False"
"_phase17_review_pack\20260806_120548\payload\01_manuscript\pitch_and_abstracts.md","4071","0.0039",".md","2026-06-22 05:42:23","False"
"_phase17_review_pack\20260806_120548\payload\01_manuscript\proposal_basis_final_v4.docx","213145","0.2033",".docx","2026-05-22 23:01:47","False"
"_phase17_review_pack\20260806_120548\payload\01_manuscript\proposal_basis_humanized_v13.docx","176848","0.1687",".docx","2026-05-22 22:48:50","False"
"_phase17_review_pack\20260806_120548\payload\01_manuscript\proposal_latex_source\.gitignore","3363","0.0032",".gitignore","2026-05-22 23:00:56","False"
"_phase17_review_pack\20260806_120548\payload\01_manuscript\proposal_latex_source\assets\example.png","260884","0.2488",".png","2026-05-22 23:15:08","False"
"_phase17_review_pack\20260806_120548\payload\01_manuscript\proposal_latex_source\assets\Put Images Here.txt","0","0",".txt","2026-05-22 23:15:08","False"
"_phase17_review_pack\20260806_120548\payload\01_manuscript\proposal_latex_source\LICENSE","1063","0.001","","2026-05-22 23:00:57","False"
"_phase17_review_pack\20260806_120548\payload\01_manuscript\proposal_latex_source\main_backup.tex","20433","0.0195",".tex","2026-05-22 23:00:57","False"
"_phase17_review_pack\20260806_120548\payload\01_manuscript\proposal_latex_source\main.tex","20519","0.0196",".tex","2026-05-22 23:00:57","False"
"_phase17_review_pack\20260806_120548\payload\01_manuscript\proposal_latex_source\mbi6013.sty","1107","0.0011",".sty","2026-05-22 23:00:58","False"
"_phase17_review_pack\20260806_120548\payload\01_manuscript\proposal_latex_source\README.md","399","0.0004",".md","2026-05-22 23:00:58","False"
"_phase17_review_pack\20260806_120548\payload\01_manuscript\proposal_latex_source\ref.bib","2983","0.0028",".bib","2026-05-22 23:00:58","False"
"_phase17_review_pack\20260806_120548\payload\01_manuscript\references_verified_crossref_2026-07-09.bib","13487","0.0129",".bib","2026-07-27 06:57:27","False"
"_phase17_review_pack\20260806_120548\payload\01_manuscript\references_working_v1.bib","3235","0.0031",".bib","2026-07-08 19:33:58","False"
"_phase17_review_pack\20260806_120548\payload\01_manuscript\results_draft_phase10_external_validation.md","3297","0.0031",".md","2026-07-08 18:07:03","False"
"_phase17_review_pack\20260806_120548\payload\01_manuscript\results_draft_phase12_onek1k_reference_context.md","1472","0.0014",".md","2026-07-08 19:24:58","False"
"_phase17_review_pack\20260806_120548\payload\01_manuscript\results_draft_phase2.md","5063","0.0048",".md","2026-06-24 01:12:03","False"
"_phase17_review_pack\20260806_120548\payload\01_manuscript\results_draft_phase3.md","3965","0.0038",".md","2026-06-29 06:49:21","False"
"_phase17_review_pack\20260806_120548\payload\01_manuscript\results_draft_phase4_covariate_sensitivity.md","2778","0.0026",".md","2026-07-01 05:19:47","False"
"_phase17_review_pack\20260806_120548\payload\01_manuscript\results_draft_phase5_literature_signature_validation.md","2850","0.0027",".md","2026-07-01 05:32:29","False"
"_phase17_review_pack\20260806_120548\payload\01_manuscript\results_draft_v1_figures1_to3.md","6178","0.0059",".md","2026-06-29 06:50:46","False"
"_phase17_review_pack\20260806_120548\payload\01_manuscript\supplement_qc_flagged_cluster_legend_draft.md","1349","0.0013",".md","2026-07-22 12:31:29","False"
"_phase17_review_pack\20260806_120548\payload\01_manuscript\supplementary_figure_s4_compositional_sensitivity_legend_draft.md","1383","0.0013",".md","2026-07-27 06:59:22","False"
"_phase17_review_pack\20260806_120548\payload\01_manuscript\title_abstract_options_v1.md","4352","0.0042",".md","2026-06-29 06:57:56","False"
"_phase17_review_pack\20260806_120548\payload\02_analysis\data_inventory\analysis_package_levels.md","2716","0.0026",".md","2026-06-22 05:40:11","False"
"_phase17_review_pack\20260806_120548\payload\02_analysis\data_inventory\bcell_signature_seed.md","2550","0.0024",".md","2026-06-22 05:42:53","False"
"_phase17_review_pack\20260806_120548\payload\02_analysis\data_inventory\datasets.md","3881","0.0037",".md","2026-07-08 19:24:58","False"
"_phase17_review_pack\20260806_120548\payload\02_analysis\data_inventory\h5ad_inspection\GSE174188_cellxgene\basic_info.json","1735","0.0017",".json","2026-06-23 01:43:14","False"
"_phase17_review_pack\20260806_120548\payload\02_analysis\data_inventory\h5ad_inspection\GSE174188_cellxgene\obs_columns_summary.csv","4407","0.0042",".csv","2026-06-23 01:43:22","False"
"_phase17_review_pack\20260806_120548\payload\02_analysis\data_inventory\h5ad_inspection\GSE174188_cellxgene\var_columns_summary.csv","786","0.0007",".csv","2026-06-23 01:43:22","False"
"_phase17_review_pack\20260806_120548\payload\02_analysis\data_inventory\literature_core.md","2296","0.0022",".md","2026-06-22 03:39:08","False"
"_phase17_review_pack\20260806_120548\payload\02_analysis\data_inventory\source_lookup_2026-06-22.md","2731","0.0026",".md","2026-06-22 06:00:49","False"
"_phase17_review_pack\20260806_120548\payload\02_analysis\environment_notes.md","1838","0.0018",".md","2026-06-22 12:52:17","False"
"_phase17_review_pack\20260806_120548\payload\02_analysis\environment.yml","319","0.0003",".yml","2026-06-22 12:52:17","False"
"_phase17_review_pack\20260806_120548\payload\02_analysis\README.md","2803","0.0027",".md","2026-06-22 03:37:01","False"
"_phase17_review_pack\20260806_120548\payload\02_analysis\requirements_scanpy.txt","112","0.0001",".txt","2026-06-22 12:52:17","False"
"_phase17_review_pack\20260806_120548\payload\02_analysis\RUNBOOK_phase1_local_compute.md","7585","0.0072",".md","2026-06-23 01:56:39","False"
"_phase17_review_pack\20260806_120548\payload\02_analysis\RUNBOOK_phase2_dataset_overview_figure1.md","1795","0.0017",".md","2026-06-29 06:31:42","False"
"_phase17_review_pack\20260806_120548\payload\02_analysis\RUNBOOK_phase2_refined_figure2.md","4356","0.0042",".md","2026-06-24 01:20:27","False"
"_phase17_review_pack\20260806_120548\payload\02_analysis\RUNBOOK_phase3_abc_apc_focus.md","4753","0.0045",".md","2026-07-22 12:09:15","False"
"_phase17_review_pack\20260806_120548\payload\02_analysis\RUNBOOK_phase4_covariate_sensitivity.md","2720","0.0026",".md","2026-07-22 12:09:15","False"
"_phase17_review_pack\20260806_120548\payload\02_analysis\RUNBOOK_phase4_supplement_qc_flagged_cluster.md","2236","0.0021",".md","2026-06-29 06:56:46","False"
"_phase17_review_pack\20260806_120548\payload\02_analysis\RUNBOOK_phase5_literature_signature_validation.md","2640","0.0025",".md","2026-07-22 12:09:15","False"
"_phase17_review_pack\20260806_120548\payload\02_analysis\RUNBOOK_phase6_compositional_sensitivity.md","2240","0.0021",".md","2026-07-27 06:59:38","False"
"_phase17_review_pack\20260806_120548\payload\02_analysis\RUNBOOK_phase7_regulatory_evidence.md","4382","0.0042",".md","2026-07-27 08:09:48","False"
"_phase17_review_pack\20260806_120548\payload\02_analysis\scripts\00_create_conda_env.ps1","2297","0.0022",".ps1","2026-06-22 06:11:14","False"
"_phase17_review_pack\20260806_120548\payload\02_analysis\scripts\00_download_gse135779_validation_sources.ps1","2569","0.0024",".ps1","2026-07-07 22:22:30","False"
"_phase17_review_pack\20260806_120548\payload\02_analysis\scripts\00_download_gse163121_bcell_validation.ps1","1465","0.0014",".ps1","2026-07-07 22:22:30","False"
"_phase17_review_pack\20260806_120548\payload\02_analysis\scripts\00_download_onek1k_gse196830_cellxgene.ps1","1498","0.0014",".ps1","2026-07-08 18:33:55","False"
"_phase17_review_pack\20260806_120548\payload\02_analysis\scripts\00_download_perez_gse174188_cellxgene.ps1","3061","0.0029",".ps1","2026-06-22 19:48:43","False"
"_phase17_review_pack\20260806_120548\payload\02_analysis\scripts\00_download_perez_gse174188_zenodo.ps1","1686","0.0016",".ps1","2026-06-22 06:05:03","False"
"_phase17_review_pack\20260806_120548\payload\02_analysis\scripts\00_download_sle_gwas_gcst005831.ps1","3240","0.0031",".ps1","2026-07-27 08:06:45","False"
"_phase17_review_pack\20260806_120548\payload\02_analysis\scripts\00_download_sle_gwas_gcst90558100.ps1","3458","0.0033",".ps1","2026-07-27 07:41:12","False"
"_phase17_review_pack\20260806_120548\payload\02_analysis\scripts\00_environment_check.ps1","807","0.0008",".ps1","2026-06-22 05:45:31","False"
"_phase17_review_pack\20260806_120548\payload\02_analysis\scripts\00_install_miniforge_with_winget.ps1","918","0.0009",".ps1","2026-06-22 06:05:03","False"
"_phase17_review_pack\20260806_120548\payload\02_analysis\scripts\01_check_scanpy_env_conda.ps1","1277","0.0012",".ps1","2026-06-22 06:11:14","False"
"_phase17_review_pack\20260806_120548\payload\02_analysis\scripts\01_check_scanpy_env.py","1738","0.0017",".py","2026-06-22 12:52:07","False"
"_phase17_review_pack\20260806_120548\payload\02_analysis\scripts\01_inspect_h5ad.py","3011","0.0029",".py","2026-06-22 05:59:32","False"
"_phase17_review_pack\20260806_120548\payload\02_analysis\scripts\02_subset_bcells_from_h5ad.py","2515","0.0024",".py","2026-06-23 01:44:49","False"
"_phase17_review_pack\20260806_120548\payload\02_analysis\scripts\03_scanpy_bcell_first_pass.py","5913","0.0056",".py","2026-06-23 03:00:39","False"
"_phase17_review_pack\20260806_120548\payload\02_analysis\scripts\04_summarize_bcell_first_pass.py","2246","0.0021",".py","2026-06-23 03:00:39","False"
"_phase17_review_pack\20260806_120548\payload\02_analysis\scripts\05_make_bcell_composition_tables.py","2881","0.0027",".py","2026-06-23 03:35:51","False"
"_phase17_review_pack\20260806_120548\payload\02_analysis\scripts\06_plot_bcell_metadata_umaps.py","966","0.0009",".py","2026-06-23 03:35:51","False"
"_phase17_review_pack\20260806_120548\payload\02_analysis\scripts\07_test_cluster_fraction_by_disease.py","3680","0.0035",".py","2026-06-23 03:37:37","False"
"_phase17_review_pack\20260806_120548\payload\02_analysis\scripts\08_plot_cluster_fraction_by_disease.py","2199","0.0021",".py","2026-06-23 03:39:02","False"
"_phase17_review_pack\20260806_120548\payload\02_analysis\scripts\09_audit_bcell_outputs.py","6938","0.0066",".py","2026-06-23 19:21:11","False"
"_phase17_review_pack\20260806_120548\payload\02_analysis\scripts\10_apply_cluster_labels_and_plot.py","1926","0.0018",".py","2026-06-23 19:22:50","False"
"_phase17_review_pack\20260806_120548\payload\02_analysis\scripts\11_state_level_donor_tests.py","3154","0.003",".py","2026-06-23 19:22:50","False"
"_phase17_review_pack\20260806_120548\payload\02_analysis\scripts\12_make_figure2_draft.py","4893","0.0047",".py","2026-06-23 19:31:32","False"
"_phase17_review_pack\20260806_120548\payload\02_analysis\scripts\13_audit_workspace.py","27292","0.026",".py","2026-06-23 20:19:12","False"
"_phase17_review_pack\20260806_120548\payload\02_analysis\scripts\14_raw_count_marker_refinement.py","13550","0.0129",".py","2026-06-24 01:08:29","False"
"_phase17_review_pack\20260806_120548\payload\02_analysis\scripts\15_raw_count_rank_state_markers.py","4781","0.0046",".py","2026-06-24 01:07:08","False"
"_phase17_review_pack\20260806_120548\payload\02_analysis\scripts\16_state_fraction_sensitivity.py","4886","0.0047",".py","2026-06-24 01:10:02","False"
"_phase17_review_pack\20260806_120548\payload\02_analysis\scripts\17_make_figure2_v3_refined.py","13906","0.0133",".py","2026-07-27 07:28:23","False"
"_phase17_review_pack\20260806_120548\payload\02_analysis\scripts\18_make_figure1_dataset_overview.py","13654","0.013",".py","2026-07-27 07:19:03","False"
"_phase17_review_pack\20260806_120548\payload\02_analysis\scripts\19_pseudobulk_state_expression.py","15035","0.0143",".py","2026-07-22 12:04:34","False"
"_phase17_review_pack\20260806_120548\payload\02_analysis\scripts\20_make_figure3_abc_apc_focus.py","11195","0.0107",".py","2026-07-27 07:29:34","False"
"_phase17_review_pack\20260806_120548\payload\02_analysis\scripts\21_make_supplement_qc_flagged_cluster.py","10295","0.0098",".py","2026-07-27 06:21:57","False"
"_phase17_review_pack\20260806_120548\payload\02_analysis\scripts\22_covariate_sensitivity_abundance.py","23889","0.0228",".py","2026-07-27 07:27:01","False"
"_phase17_review_pack\20260806_120548\payload\02_analysis\scripts\23_literature_signature_validation.py","31189","0.0297",".py","2026-07-27 07:06:29","False"
"_phase17_review_pack\20260806_120548\payload\02_analysis\scripts\24_citation_signature_audit.py","17507","0.0167",".py","2026-07-01 05:55:47","False"
"_phase17_review_pack\20260806_120548\payload\02_analysis\scripts\25_build_submission_manifest.py","9513","0.0091",".py","2026-07-01 06:43:53","False"
"_phase17_review_pack\20260806_120548\payload\02_analysis\scripts\26_prepare_submission_asset_bundle.py","31467","0.03",".py","2026-07-22 12:40:06","False"
"_phase17_review_pack\20260806_120548\payload\02_analysis\scripts\27_run_gse163121_bcell_validation.py","18961","0.0181",".py","2026-07-27 06:24:27","False"
"_phase17_review_pack\20260806_120548\payload\02_analysis\scripts\28_gse135779_validation_readiness.py","7649","0.0073",".py","2026-07-07 22:33:28","False"
"_phase17_review_pack\20260806_120548\payload\02_analysis\scripts\29_inspect_gse135779_raw_tar.py","5036","0.0048",".py","2026-07-07 22:38:57","False"
"_phase17_review_pack\20260806_120548\payload\02_analysis\scripts\30_run_gse135779_bcell_validation.py","21945","0.0209",".py","2026-07-27 07:21:16","False"
"_phase17_review_pack\20260806_120548\payload\02_analysis\scripts\31_inspect_onek1k_cellxgene.py","7636","0.0073",".py","2026-07-08 18:57:36","False"
"_phase17_review_pack\20260806_120548\payload\02_analysis\scripts\32_onek1k_bcell_reference_context.py","15927","0.0152",".py","2026-07-27 07:23:49","False"
"_phase17_review_pack\20260806_120548\payload\02_analysis\scripts\34_verify_references_crossref.py","8337","0.008",".py","2026-07-09 05:53:20","False"
"_phase17_review_pack\20260806_120548\payload\02_analysis\scripts\35_manuscript_structure_qc.py","5559","0.0053",".py","2026-07-27 08:10:45","False"
"_phase17_review_pack\20260806_120548\payload\02_analysis\scripts\36_figure_nature_style_qc.py","9419","0.009",".py","2026-07-27 06:53:54","False"
"_phase17_review_pack\20260806_120548\payload\02_analysis\scripts\37_prepare_genome_medicine_manuscript.py","7161","0.0068",".py","2026-07-27 06:59:56","False"
"_phase17_review_pack\20260806_120548\payload\02_analysis\scripts\38_compositional_abundance_sensitivity.py","18423","0.0176",".py","2026-07-27 06:54:42","False"
"_phase17_review_pack\20260806_120548\payload\02_analysis\scripts\39_manuscript_numeric_consistency_qc.py","7017","0.0067",".py","2026-07-27 07:05:24","False"
"_phase17_review_pack\20260806_120548\payload\02_analysis\scripts\40_prepare_regulatory_loci.py","6732","0.0064",".py","2026-07-27 07:57:06","False"
"_phase17_review_pack\20260806_120548\payload\02_analysis\scripts\41_fetch_eqtl_catalogue_bcell.py","7789","0.0074",".py","2026-07-27 07:50:12","False"
"_phase17_review_pack\20260806_120548\payload\02_analysis\scripts\42_coloc_regulatory_evidence.py","15987","0.0152",".py","2026-07-27 08:13:19","False"
"_phase17_review_pack\20260806_120548\payload\02_analysis\scripts\43_phase7_regulatory_qc.py","7552","0.0072",".py","2026-07-27 08:12:31","False"
"_phase17_review_pack\20260806_120548\payload\02_analysis\scripts\44_prepare_submission_manuscript.py","19944","0.019",".py","2026-07-31 03:39:53","False"
"_phase17_review_pack\20260806_120548\payload\02_analysis\scripts\45_build_submission_documents.py","12651","0.0121",".py","2026-07-31 03:41:29","False"
"_phase17_review_pack\20260806_120548\payload\02_analysis\scripts\46_submission_document_qc.py","8976","0.0086",".py","2026-07-31 03:50:04","False"
"_phase17_review_pack\20260806_120548\payload\02_analysis\scripts\47_build_final_submission_package.py","12629","0.012",".py","2026-07-31 03:58:19","False"
"_phase17_review_pack\20260806_120548\payload\02_analysis\scripts\48_verify_final_submission_package.py","6886","0.0066",".py","2026-07-31 03:54:18","False"
"_phase17_review_pack\20260806_120548\payload\02_analysis\scripts\49_build_cover_letter.py","5014","0.0048",".py","2026-07-31 03:56:48","False"
"_phase17_review_pack\20260806_120548\payload\02_analysis\scripts\diagnose_h5ad_matrix.py","1623","0.0015",".py","2026-06-23 01:47:06","False"
"_phase17_review_pack\20260806_120548\payload\02_analysis\scripts\publication_figure_style.py","1629","0.0016",".py","2026-07-27 06:20:34","False"
"_phase17_review_pack\20260806_120548\payload\03_results\compositional_abundance_sensitivity\compositional_abundance_sensitivity_summary.md","1318","0.0013",".md","2026-07-27 06:55:06","False"
"_phase17_review_pack\20260806_120548\payload\03_results\compositional_abundance_sensitivity\figures\supplementary_figure_s4_compositional_sensitivity.pdf","71528","0.0682",".pdf","2026-07-27 06:55:06","False"
"_phase17_review_pack\20260806_120548\payload\03_results\compositional_abundance_sensitivity\figures\supplementary_figure_s4_compositional_sensitivity.png","417163","0.3978",".png","2026-07-27 06:55:03","False"
"_phase17_review_pack\20260806_120548\payload\03_results\compositional_abundance_sensitivity\tables\compositional_abundance_models.csv","11603","0.0111",".csv","2026-07-27 06:55:00","False"
"_phase17_review_pack\20260806_120548\payload\03_results\compositional_abundance_sensitivity\tables\core_state_compositional_comparison.csv","1827","0.0017",".csv","2026-07-27 06:55:00","False"
"_phase17_review_pack\20260806_120548\payload\03_results\compositional_abundance_sensitivity\tables\core_state_pseudocount_sensitivity.csv","2644","0.0025",".csv","2026-07-27 06:55:00","False"
"_phase17_review_pack\20260806_120548\payload\03_results\compositional_abundance_sensitivity\tables\donor_state_compositional_abundance.csv","276487","0.2637",".csv","2026-07-27 06:55:00","False"
"_phase17_review_pack\20260806_120548\payload\03_results\figure1_dataset_overview\figures\figure1_dataset_overview.pdf","62712","0.0598",".pdf","2026-07-27 07:19:27","False"
"_phase17_review_pack\20260806_120548\payload\03_results\figure1_dataset_overview\figures\figure1_dataset_overview.png","615452","0.5869",".png","2026-07-27 07:19:25","False"
"_phase17_review_pack\20260806_120548\payload\03_results\figure1_dataset_overview\tables\bcell_cell_type_counts.csv","55","0.0001",".csv","2026-07-27 07:19:23","False"
"_phase17_review_pack\20260806_120548\payload\03_results\figure1_dataset_overview\tables\bcell_donor_counts_by_disease_state.csv","68","0.0001",".csv","2026-07-27 07:19:23","False"
"_phase17_review_pack\20260806_120548\payload\03_results\figure1_dataset_overview\tables\bcell_donor_counts_by_disease.csv","66","0.0001",".csv","2026-07-27 07:19:23","False"
"_phase17_review_pack\20260806_120548\payload\03_results\figure1_dataset_overview\tables\bcell_refined_state_counts.csv","430","0.0004",".csv","2026-07-27 07:19:23","False"
"_phase17_review_pack\20260806_120548\payload\03_results\figure1_dataset_overview\tables\figure1_dataset_summary.csv","127","0.0001",".csv","2026-07-27 07:19:23","False"
"_phase17_review_pack\20260806_120548\payload\03_results\figure1_dataset_overview\tables\source_cell_type_counts.csv","330","0.0003",".csv","2026-07-27 07:19:23","False"
"_phase17_review_pack\20260806_120548\payload\03_results\figure1_dataset_overview\tables\source_donor_counts_by_disease_state.csv","69","0.0001",".csv","2026-07-27 07:19:23","False"
"_phase17_review_pack\20260806_120548\payload\03_results\figure1_dataset_overview\tables\source_donor_counts_by_disease.csv","66","0.0001",".csv","2026-07-27 07:19:23","False"
"_phase17_review_pack\20260806_120548\payload\03_results\figure3_abc_apc_focus\figures\figure3_v1_abc_apc_focus.pdf","64957","0.0619",".pdf","2026-07-27 07:30:25","False"
"_phase17_review_pack\20260806_120548\payload\03_results\figure3_abc_apc_focus\figures\figure3_v1_abc_apc_focus.png","657775","0.6273",".png","2026-07-27 07:30:22","False"
"_phase17_review_pack\20260806_120548\payload\03_results\figure3_abc_apc_focus\pseudobulk_state_expression_summary.md","3544","0.0034",".md","2026-07-22 12:05:07","False"
"_phase17_review_pack\20260806_120548\payload\03_results\figure3_abc_apc_focus\tables\abc_apc_program_by_disease_state.csv","2902","0.0028",".csv","2026-07-22 12:05:07","False"
"_phase17_review_pack\20260806_120548\payload\03_results\figure3_abc_apc_focus\tables\abc_apc_vs_other_gene_tests.csv","14577","0.0139",".csv","2026-07-22 12:05:07","False"
"_phase17_review_pack\20260806_120548\payload\03_results\figure3_abc_apc_focus\tables\abc_apc_vs_other_program_tests.csv","1962","0.0019",".csv","2026-07-22 12:05:07","False"
"_phase17_review_pack\20260806_120548\payload\03_results\figure3_abc_apc_focus\tables\donor_state_gene_pseudobulk_long.csv","18908563","18.0326",".csv","2026-07-22 12:05:07","False"
"_phase17_review_pack\20260806_120548\payload\03_results\figure3_abc_apc_focus\tables\donor_state_program_pseudobulk_long.csv","2467290","2.353",".csv","2026-07-22 12:05:07","False"
"_phase17_review_pack\20260806_120548\payload\03_results\figure3_abc_apc_focus\tables\donor_state_pseudobulk_groups.csv","142267","0.1357",".csv","2026-07-22 12:05:07","False"
"_phase17_review_pack\20260806_120548\payload\03_results\figure3_abc_apc_focus\tables\figure3_v1_focus_evidence.csv","1199","0.0011",".csv","2026-07-27 07:30:25","False"
"_phase17_review_pack\20260806_120548\payload\03_results\figure3_abc_apc_focus\tables\pseudobulk_genes_missing.csv","9","0",".csv","2026-07-22 12:05:07","False"
"_phase17_review_pack\20260806_120548\payload\03_results\figure3_abc_apc_focus\tables\pseudobulk_genes_present.csv","581","0.0006",".csv","2026-07-22 12:05:07","False"
"_phase17_review_pack\20260806_120548\payload\03_results\figure4_covariate_sensitivity\covariate_sensitivity_summary.md","1401","0.0013",".md","2026-07-27 07:27:37","False"
"_phase17_review_pack\20260806_120548\payload\03_results\figure4_covariate_sensitivity\figures\figure4_v1_covariate_sensitivity.pdf","56327","0.0537",".pdf","2026-07-27 07:27:43","False"
"_phase17_review_pack\20260806_120548\payload\03_results\figure4_covariate_sensitivity\figures\figure4_v1_covariate_sensitivity.png","454030","0.433",".png","2026-07-27 07:27:41","False"
"_phase17_review_pack\20260806_120548\payload\03_results\figure4_covariate_sensitivity\tables\donor_age_balance_summary.csv","179","0.0002",".csv","2026-07-27 07:27:37","False"
"_phase17_review_pack\20260806_120548\payload\03_results\figure4_covariate_sensitivity\tables\donor_covariate_balance_categorical.csv","1569","0.0015",".csv","2026-07-27 07:27:37","False"
"_phase17_review_pack\20260806_120548\payload\03_results\figure4_covariate_sensitivity\tables\donor_metadata_completeness_audit.csv","408","0.0004",".csv","2026-07-27 07:27:37","False"
"_phase17_review_pack\20260806_120548\payload\03_results\figure4_covariate_sensitivity\tables\donor_metadata_covariates.csv","111978","0.1068",".csv","2026-07-27 07:27:37","False"
"_phase17_review_pack\20260806_120548\payload\03_results\figure4_covariate_sensitivity\tables\state_abundance_by_disease_state_summary.csv","3940","0.0038",".csv","2026-07-27 07:27:37","False"
"_phase17_review_pack\20260806_120548\payload\03_results\figure4_covariate_sensitivity\tables\state_abundance_covariate_models.csv","5857","0.0056",".csv","2026-07-27 07:27:37","False"
"_phase17_review_pack\20260806_120548\payload\03_results\figure5_literature_signature_validation\figures\figure5_v1_literature_signature_validation.pdf","55716","0.0531",".pdf","2026-07-27 07:08:45","False"
"_phase17_review_pack\20260806_120548\payload\03_results\figure5_literature_signature_validation\figures\figure5_v1_literature_signature_validation.png","590529","0.5632",".png","2026-07-27 07:08:42","False"
"_phase17_review_pack\20260806_120548\payload\03_results\figure5_literature_signature_validation\literature_signature_validation_summary.md","1434","0.0014",".md","2026-07-27 07:08:39","False"
"_phase17_review_pack\20260806_120548\payload\03_results\figure5_literature_signature_validation\tables\abc_apc_signature_specificity_ranks.csv","1068","0.001",".csv","2026-07-27 07:08:39","False"
"_phase17_review_pack\20260806_120548\payload\03_results\figure5_literature_signature_validation\tables\abc_apc_vs_other_literature_signature_tests.csv","2416","0.0023",".csv","2026-07-27 07:08:39","False"
"_phase17_review_pack\20260806_120548\payload\03_results\figure5_literature_signature_validation\tables\donor_state_literature_signature_scores_long.csv","4305657","4.1062",".csv","2026-07-27 07:08:39","False"
"_phase17_review_pack\20260806_120548\payload\03_results\figure5_literature_signature_validation\tables\literature_informed_signature_catalog.csv","4604","0.0044",".csv","2026-07-27 07:08:39","False"
"_phase17_review_pack\20260806_120548\payload\03_results\figure5_literature_signature_validation\tables\signature_genes_missing.csv","28","0",".csv","2026-07-27 07:08:39","False"
"_phase17_review_pack\20260806_120548\payload\03_results\figure5_literature_signature_validation\tables\signature_genes_present.csv","544","0.0005",".csv","2026-07-27 07:08:39","False"
"_phase17_review_pack\20260806_120548\payload\03_results\figure5_literature_signature_validation\tables\state_literature_signature_summary.csv","12058","0.0115",".csv","2026-07-27 07:08:39","False"
"_phase17_review_pack\20260806_120548\payload\03_results\first_pass_bcell_full\cluster_annotation_draft.csv","1314","0.0013",".csv","2026-06-23 03:38:38","False"
"_phase17_review_pack\20260806_120548\payload\03_results\first_pass_bcell_full\cluster_annotation_refined.csv","1659","0.0016",".csv","2026-06-23 19:56:52","False"
"_phase17_review_pack\20260806_120548\payload\03_results\first_pass_bcell_full\figures\donor_cluster_fraction_by_disease.png","400818","0.3822",".png","2026-06-23 03:39:21","False"
"_phase17_review_pack\20260806_120548\payload\03_results\first_pass_bcell_full\figures\dotplot__bcell_marker_dotplot.png","75991","0.0725",".png","2026-06-23 03:32:24","False"
"_phase17_review_pack\20260806_120548\payload\03_results\first_pass_bcell_full\figures\figure2_draft_bcell_state_atlas_v2.png","2389333","2.2786",".png","2026-06-23 19:32:24","False"
"_phase17_review_pack\20260806_120548\payload\03_results\first_pass_bcell_full\figures\figure2_draft_bcell_state_atlas.png","1163799","1.1099",".png","2026-06-23 19:30:27","False"
"_phase17_review_pack\20260806_120548\payload\03_results\first_pass_bcell_full\figures\figure2_v3_refined_bcell_state_atlas.pdf","143872","0.1372",".pdf","2026-07-27 07:29:06","False"
"_phase17_review_pack\20260806_120548\payload\03_results\first_pass_bcell_full\figures\figure2_v3_refined_bcell_state_atlas.png","1512498","1.4424",".png","2026-07-27 07:29:03","False"
"_phase17_review_pack\20260806_120548\payload\03_results\first_pass_bcell_full\figures\metadata\umap_metadata_overview.png","366277","0.3493",".png","2026-06-23 03:36:28","False"
"_phase17_review_pack\20260806_120548\payload\03_results\first_pass_bcell_full\figures\state_labels\umap_draft_state_metadata.png","341236","0.3254",".png","2026-06-23 19:24:40","False"
"_phase17_review_pack\20260806_120548\payload\03_results\first_pass_bcell_full\figures\umap_bcell_first_pass_scores.png","460453","0.4391",".png","2026-06-23 03:32:23","False"
"_phase17_review_pack\20260806_120548\payload\03_results\first_pass_bcell_full\marker_refinement\cluster_annotation_marker_review.csv","2848","0.0027",".csv","2026-06-24 01:10:51","False"
"_phase17_review_pack\20260806_120548\payload\03_results\first_pass_bcell_full\marker_refinement\figure2_v3_refined_state_labels.csv","300","0.0003",".csv","2026-07-27 07:29:06","False"
"_phase17_review_pack\20260806_120548\payload\03_results\first_pass_bcell_full\marker_refinement\figures\raw_count_cluster_marker_dotplot.png","625450","0.5965",".png","2026-06-24 01:08:52","False"
"_phase17_review_pack\20260806_120548\payload\03_results\first_pass_bcell_full\marker_refinement\figures\raw_count_state_marker_dotplot.png","670007","0.639",".png","2026-06-24 01:08:52","False"
"_phase17_review_pack\20260806_120548\payload\03_results\first_pass_bcell_full\marker_refinement\raw_count_marker_refinement_summary.md","5629","0.0054",".md","2026-06-24 01:08:52","False"
"_phase17_review_pack\20260806_120548\payload\03_results\first_pass_bcell_full\marker_refinement\raw_count_ranked_state_markers_summary.md","6381","0.0061",".md","2026-06-24 01:07:38","False"
"_phase17_review_pack\20260806_120548\payload\03_results\first_pass_bcell_full\marker_refinement\sensitivity\donor_state_fraction_tests_exclude_Naive_B_III_-_small_naive-like_cluster.csv","1418","0.0014",".csv","2026-06-24 01:10:17","False"
"_phase17_review_pack\20260806_120548\payload\03_results\first_pass_bcell_full\marker_refinement\sensitivity\donor_state_fractions_exclude_Naive_B_III_-_small_naive-like_cluster.csv","134300","0.1281",".csv","2026-06-24 01:10:17","False"
"_phase17_review_pack\20260806_120548\payload\03_results\first_pass_bcell_full\marker_refinement\sensitivity\sensitivity_metadata_exclude_Naive_B_III_-_small_naive-like_cluster.csv","134","0.0001",".csv","2026-06-24 01:10:17","False"
"_phase17_review_pack\20260806_120548\payload\03_results\first_pass_bcell_full\marker_refinement\tables\raw_count_marker_genes_missing.csv","34","0",".csv","2026-06-24 01:08:51","False"
"_phase17_review_pack\20260806_120548\payload\03_results\first_pass_bcell_full\marker_refinement\tables\raw_count_marker_genes_present.csv","501","0.0005",".csv","2026-06-24 01:08:51","False"
"_phase17_review_pack\20260806_120548\payload\03_results\first_pass_bcell_full\marker_refinement\tables\raw_count_marker_summary_by_cluster.csv","50853","0.0485",".csv","2026-06-24 01:08:51","False"
"_phase17_review_pack\20260806_120548\payload\03_results\first_pass_bcell_full\marker_refinement\tables\raw_count_marker_summary_by_state.csv","62684","0.0598",".csv","2026-06-24 01:08:51","False"
"_phase17_review_pack\20260806_120548\payload\03_results\first_pass_bcell_full\marker_refinement\tables\raw_count_program_summary_by_cluster.csv","5532","0.0053",".csv","2026-06-24 01:08:51","False"
"_phase17_review_pack\20260806_120548\payload\03_results\first_pass_bcell_full\marker_refinement\tables\raw_count_program_summary_by_state.csv","7481","0.0071",".csv","2026-06-24 01:08:51","False"
"_phase17_review_pack\20260806_120548\payload\03_results\first_pass_bcell_full\marker_refinement\tables\raw_count_ranked_state_marker_cell_counts.csv","250","0.0002",".csv","2026-06-24 01:07:38","False"
"_phase17_review_pack\20260806_120548\payload\03_results\first_pass_bcell_full\marker_refinement\tables\raw_count_ranked_state_markers.csv","73946","0.0705",".csv","2026-06-24 01:07:38","False"
"_phase17_review_pack\20260806_120548\payload\03_results\first_pass_bcell_full\README_interpretation.md","5313","0.0051",".md","2026-06-23 19:56:52","False"
"_phase17_review_pack\20260806_120548\payload\03_results\first_pass_bcell_full\tables\ABC_DN2_axis_genes_used.txt","45","0",".txt","2026-06-23 03:32:01","False"
"_phase17_review_pack\20260806_120548\payload\03_results\first_pass_bcell_full\tables\Activation_genes_used.txt","35","0",".txt","2026-06-23 03:32:13","False"
"_phase17_review_pack\20260806_120548\payload\03_results\first_pass_bcell_full\tables\Antigen_presentation_genes_used.txt","56","0.0001",".txt","2026-06-23 03:31:56","False"
"_phase17_review_pack\20260806_120548\payload\03_results\first_pass_bcell_full\tables\cluster_composition_long.csv","6904","0.0066",".csv","2026-06-23 03:34:11","False"
"_phase17_review_pack\20260806_120548\payload\03_results\first_pass_bcell_full\tables\cluster_score_summary.csv","3753","0.0036",".csv","2026-06-23 03:34:11","False"
"_phase17_review_pack\20260806_120548\payload\03_results\first_pass_bcell_full\tables\composition\cluster_by_author_cell_type.csv","401","0.0004",".csv","2026-06-23 03:36:10","False"
"_phase17_review_pack\20260806_120548\payload\03_results\first_pass_bcell_full\tables\composition\cluster_by_cell_type.csv","443","0.0004",".csv","2026-06-23 03:36:10","False"
"_phase17_review_pack\20260806_120548\payload\03_results\first_pass_bcell_full\tables\composition\cluster_by_ct_cov.csv","1884","0.0018",".csv","2026-06-23 03:36:10","False"
"_phase17_review_pack\20260806_120548\payload\03_results\first_pass_bcell_full\tables\composition\cluster_by_disease_state.csv","1789","0.0017",".csv","2026-06-23 03:36:10","False"
"_phase17_review_pack\20260806_120548\payload\03_results\first_pass_bcell_full\tables\composition\cluster_by_disease.csv","1118","0.0011",".csv","2026-06-23 03:36:10","False"
"_phase17_review_pack\20260806_120548\payload\03_results\first_pass_bcell_full\tables\composition\donor_cluster_fraction_disease_tests.csv","1438","0.0014",".csv","2026-06-23 03:37:52","False"
"_phase17_review_pack\20260806_120548\payload\03_results\first_pass_bcell_full\tables\composition\donor_cluster_fraction_summary_by_disease.csv","1364","0.0013",".csv","2026-06-23 03:36:10","False"
"_phase17_review_pack\20260806_120548\payload\03_results\first_pass_bcell_full\tables\composition\donor_cluster_fractions_by_disease_state.csv","88269","0.0842",".csv","2026-06-23 03:36:10","False"
"_phase17_review_pack\20260806_120548\payload\03_results\first_pass_bcell_full\tables\composition\donor_cluster_fractions.csv","114200","0.1089",".csv","2026-06-23 03:36:10","False"
"_phase17_review_pack\20260806_120548\payload\03_results\first_pass_bcell_full\tables\IFN_response_genes_used.txt","62","0.0001",".txt","2026-06-23 03:31:52","False"
"_phase17_review_pack\20260806_120548\payload\03_results\first_pass_bcell_full\tables\Naive_B_genes_used.txt","24","0",".txt","2026-06-23 03:32:09","False"
"_phase17_review_pack\20260806_120548\payload\03_results\first_pass_bcell_full\tables\Plasmablast_genes_used.txt","47","0",".txt","2026-06-23 03:32:05","False"
"_phase17_review_pack\20260806_120548\payload\03_results\first_pass_bcell_full\tables\state_level\donor_state_fraction_disease_tests.csv","1532","0.0015",".csv","2026-06-23 19:27:46","False"
"_phase17_review_pack\20260806_120548\payload\03_results\first_pass_bcell_full\tables\state_level\donor_state_fractions.csv","162792","0.1553",".csv","2026-06-23 19:27:46","False"
"_phase17_review_pack\20260806_120548\payload\03_results\first_pass_bcell_smoke_20k\figures\dotplot__bcell_marker_dotplot.png","75792","0.0723",".png","2026-06-23 01:54:02","False"
"_phase17_review_pack\20260806_120548\payload\03_results\first_pass_bcell_smoke_20k\figures\umap_bcell_first_pass_scores.png","1221826","1.1652",".png","2026-06-23 01:54:02","False"
"_phase17_review_pack\20260806_120548\payload\03_results\first_pass_bcell_smoke_20k\tables\ABC_DN2_axis_genes_used.txt","45","0",".txt","2026-06-23 01:53:57","False"
"_phase17_review_pack\20260806_120548\payload\03_results\first_pass_bcell_smoke_20k\tables\Activation_genes_used.txt","35","0",".txt","2026-06-23 01:53:59","False"
"_phase17_review_pack\20260806_120548\payload\03_results\first_pass_bcell_smoke_20k\tables\Antigen_presentation_genes_used.txt","56","0.0001",".txt","2026-06-23 01:53:57","False"
"_phase17_review_pack\20260806_120548\payload\03_results\first_pass_bcell_smoke_20k\tables\cluster_score_summary.csv","3702","0.0035",".csv","2026-06-23 01:55:57","False"
"_phase17_review_pack\20260806_120548\payload\03_results\first_pass_bcell_smoke_20k\tables\IFN_response_genes_used.txt","62","0.0001",".txt","2026-06-23 01:53:56","False"
"_phase17_review_pack\20260806_120548\payload\03_results\first_pass_bcell_smoke_20k\tables\Naive_B_genes_used.txt","24","0",".txt","2026-06-23 01:53:59","False"
"_phase17_review_pack\20260806_120548\payload\03_results\first_pass_bcell_smoke_20k\tables\Plasmablast_genes_used.txt","47","0",".txt","2026-06-23 01:53:58","False"
"_phase17_review_pack\20260806_120548\payload\03_results\gse135779_bcell_validation\figures\figure6_gse135779_large_cohort_validation.pdf","64247","0.0613",".pdf","2026-07-27 07:22:53","False"
"_phase17_review_pack\20260806_120548\payload\03_results\gse135779_bcell_validation\figures\figure6_gse135779_large_cohort_validation.png","441408","0.421",".png","2026-07-27 07:22:51","False"
"_phase17_review_pack\20260806_120548\payload\03_results\gse135779_bcell_validation\gse135779_bcell_validation_summary.md","1739","0.0017",".md","2026-07-27 07:22:49","False"
"_phase17_review_pack\20260806_120548\payload\03_results\gse135779_bcell_validation\tables\gse135779_b_subcluster_counts_by_disease.csv","828","0.0008",".csv","2026-07-27 07:22:49","False"
"_phase17_review_pack\20260806_120548\payload\03_results\gse135779_bcell_validation\tables\gse135779_bcell_matrix_metadata_match_summary.csv","2393","0.0023",".csv","2026-07-27 07:22:48","False"
"_phase17_review_pack\20260806_120548\payload\03_results\gse135779_bcell_validation\tables\gse135779_bcell_program_scores.csv","5505896","5.2508",".csv","2026-07-27 07:22:49","False"
"_phase17_review_pack\20260806_120548\payload\03_results\gse135779_bcell_validation\tables\gse135779_donor_program_score_tests.csv","4179","0.004",".csv","2026-07-27 07:22:49","False"
"_phase17_review_pack\20260806_120548\payload\03_results\gse135779_bcell_validation\tables\gse135779_donor_program_scores.csv","10461","0.01",".csv","2026-07-27 07:22:49","False"
"_phase17_review_pack\20260806_120548\payload\03_results\gse135779_bcell_validation\tables\gse135779_marker_summary_by_disease.csv","1276","0.0012",".csv","2026-07-27 07:22:49","False"
"_phase17_review_pack\20260806_120548\payload\03_results\gse135779_bcell_validation\tables\gse135779_program_gene_presence.csv","556","0.0005",".csv","2026-07-27 07:22:49","False"
"_phase17_review_pack\20260806_120548\payload\03_results\gse135779_validation_readiness\gse135779_raw_tar_inspection_summary.md","525","0.0005",".md","2026-07-08 17:52:45","False"
"_phase17_review_pack\20260806_120548\payload\03_results\gse135779_validation_readiness\gse135779_validation_readiness_summary.md","2068","0.002",".md","2026-07-07 22:33:59","False"
"_phase17_review_pack\20260806_120548\payload\03_results\gse135779_validation_readiness\tables\gse135779_donor_metadata_summary.csv","4303","0.0041",".csv","2026-07-07 22:33:59","False"
"_phase17_review_pack\20260806_120548\payload\03_results\gse135779_validation_readiness\tables\gse135779_metadata_summary.csv","215","0.0002",".csv","2026-07-07 22:33:59","False"
"_phase17_review_pack\20260806_120548\payload\03_results\gse135779_validation_readiness\tables\gse135779_program_gene_presence.csv","1065","0.001",".csv","2026-07-07 22:33:59","False"
"_phase17_review_pack\20260806_120548\payload\03_results\gse135779_validation_readiness\tables\gse135779_raw_tar_inner_manifest.csv","2","0",".csv","2026-07-08 17:52:45","False"
"_phase17_review_pack\20260806_120548\payload\03_results\gse135779_validation_readiness\tables\gse135779_raw_tar_manifest.csv","6247","0.006",".csv","2026-07-08 17:52:45","False"
"_phase17_review_pack\20260806_120548\payload\03_results\gse135779_validation_readiness\tables\gse135779_subcluster_counts.csv","4630","0.0044",".csv","2026-07-07 22:33:59","False"
"_phase17_review_pack\20260806_120548\payload\03_results\gse163121_bcell_validation\figures\figure6_gse163121_independent_bcell_validation.pdf","58403","0.0557",".pdf","2026-07-27 06:35:06","False"
"_phase17_review_pack\20260806_120548\payload\03_results\gse163121_bcell_validation\figures\figure6_gse163121_independent_bcell_validation.png","424276","0.4046",".png","2026-07-27 06:35:04","False"
"_phase17_review_pack\20260806_120548\payload\03_results\gse163121_bcell_validation\gse163121_bcell_validation_summary.md","2141","0.002",".md","2026-07-27 06:35:02","False"
"_phase17_review_pack\20260806_120548\payload\03_results\gse163121_bcell_validation\tables\gse163121_cell_program_scores.csv","3356781","3.2013",".csv","2026-07-27 06:35:02","False"
"_phase17_review_pack\20260806_120548\payload\03_results\gse163121_bcell_validation\tables\gse163121_marker_summary_by_disease.csv","1261","0.0012",".csv","2026-07-27 06:35:02","False"
"_phase17_review_pack\20260806_120548\payload\03_results\gse163121_bcell_validation\tables\gse163121_program_gene_presence.csv","558","0.0005",".csv","2026-07-27 06:35:02","False"
"_phase17_review_pack\20260806_120548\payload\03_results\gse163121_bcell_validation\tables\gse163121_sample_program_score_tests.csv","1313","0.0013",".csv","2026-07-27 06:35:02","False"
"_phase17_review_pack\20260806_120548\payload\03_results\gse163121_bcell_validation\tables\gse163121_sample_program_scores.csv","1156","0.0011",".csv","2026-07-27 06:35:02","False"
"_phase17_review_pack\20260806_120548\payload\03_results\onek1k_bcell_reference_context\figures\figure7_candidate_onek1k_bcell_reference_context.pdf","64861","0.0619",".pdf","2026-07-27 07:25:51","False"
"_phase17_review_pack\20260806_120548\payload\03_results\onek1k_bcell_reference_context\figures\figure7_candidate_onek1k_bcell_reference_context.png","411033","0.392",".png","2026-07-27 07:25:48","False"
"_phase17_review_pack\20260806_120548\payload\03_results\onek1k_bcell_reference_context\onek1k_bcell_reference_context_summary.md","1034","0.001",".md","2026-07-27 07:25:51","False"
"_phase17_review_pack\20260806_120548\payload\03_results\onek1k_bcell_reference_context\tables\onek1k_bcell_cell_program_scores.csv","16782814","16.0053",".csv","2026-07-27 07:25:46","False"
"_phase17_review_pack\20260806_120548\payload\03_results\onek1k_bcell_reference_context\tables\onek1k_bcell_cell_type_counts.csv","136","0.0001",".csv","2026-07-27 07:25:44","False"
"_phase17_review_pack\20260806_120548\payload\03_results\onek1k_bcell_reference_context\tables\onek1k_bcell_marker_expression_by_cell_type.csv","5547","0.0053",".csv","2026-07-27 07:25:44","False"
"_phase17_review_pack\20260806_120548\payload\03_results\onek1k_bcell_reference_context\tables\onek1k_bcell_program_gene_presence.csv","558","0.0005",".csv","2026-07-27 07:25:44","False"
"_phase17_review_pack\20260806_120548\payload\03_results\onek1k_bcell_reference_context\tables\onek1k_bcell_program_summary_by_cell_type.csv","3170","0.003",".csv","2026-07-27 07:25:44","False"
"_phase17_review_pack\20260806_120548\payload\03_results\onek1k_bcell_reference_context\tables\onek1k_bcell_program_summary_by_donor_cell_type.csv","537100","0.5122",".csv","2026-07-27 07:25:44","False"
"_phase17_review_pack\20260806_120548\payload\03_results\onek1k_bcell_reference_context\tables\onek1k_bcell_target_gene_presence.csv","469","0.0004",".csv","2026-07-27 07:25:44","False"
"_phase17_review_pack\20260806_120548\payload\03_results\onek1k_cellxgene_inspection\onek1k_cellxgene_inspection_summary.md","1252","0.0012",".md","2026-07-08 18:59:02","False"
"_phase17_review_pack\20260806_120548\payload\03_results\onek1k_cellxgene_inspection\tables\onek1k_b_lineage_like_summary.csv","109","0.0001",".csv","2026-07-08 18:58:59","False"
"_phase17_review_pack\20260806_120548\payload\03_results\onek1k_cellxgene_inspection\tables\onek1k_cellxgene_collection_metadata.csv","441","0.0004",".csv","2026-07-08 18:58:59","False"
"_phase17_review_pack\20260806_120548\payload\03_results\onek1k_cellxgene_inspection\tables\onek1k_manuscript_gene_presence.csv","210","0.0002",".csv","2026-07-08 18:58:59","False"
"_phase17_review_pack\20260806_120548\payload\03_results\onek1k_cellxgene_inspection\tables\onek1k_obs_columns.csv","496","0.0005",".csv","2026-07-08 18:58:59","False"
"_phase17_review_pack\20260806_120548\payload\03_results\onek1k_cellxgene_inspection\tables\onek1k_top_assay_counts.csv","28","0",".csv","2026-07-08 18:59:01","False"
"_phase17_review_pack\20260806_120548\payload\03_results\onek1k_cellxgene_inspection\tables\onek1k_top_cell_type_counts.csv","1094","0.001",".csv","2026-07-08 18:59:00","False"
"_phase17_review_pack\20260806_120548\payload\03_results\onek1k_cellxgene_inspection\tables\onek1k_top_disease_counts.csv","27","0",".csv","2026-07-08 18:59:02","False"
"_phase17_review_pack\20260806_120548\payload\03_results\onek1k_cellxgene_inspection\tables\onek1k_top_donor_counts.csv","570","0.0005",".csv","2026-07-08 18:59:01","False"
"_phase17_review_pack\20260806_120548\payload\03_results\onek1k_cellxgene_inspection\tables\onek1k_top_tissue_counts.csv","25","0",".csv","2026-07-08 18:59:02","False"
"_phase17_review_pack\20260806_120548\payload\03_results\onek1k_cellxgene_inspection\tables\onek1k_var_columns.csv","201","0.0002",".csv","2026-07-08 18:58:59","False"
"_phase17_review_pack\20260806_120548\payload\03_results\README.md","263","0.0003",".md","2026-06-22 03:37:01","False"
"_phase17_review_pack\20260806_120548\payload\03_results\regulatory_evidence\GCST005831_regulatory_colocalisation_summary.md","2687","0.0026",".md","2026-07-27 08:13:33","False"
"_phase17_review_pack\20260806_120548\payload\03_results\regulatory_evidence\GCST90558100_regulatory_colocalisation_summary.md","340","0.0003",".md","2026-07-27 08:13:42","False"
"_phase17_review_pack\20260806_120548\payload\03_results\regulatory_evidence\gwas_loci\tables\GCST005831_gwas_locus_extraction_summary.csv","1388","0.0013",".csv","2026-07-27 08:00:21","False"
"_phase17_review_pack\20260806_120548\payload\03_results\regulatory_evidence\gwas_loci\tables\regulatory_locus_preparation_metadata_GCST005831.json","541","0.0005",".json","2026-07-27 08:00:21","False"
"_phase17_review_pack\20260806_120548\payload\03_results\regulatory_evidence\gwas_loci\tables\target_gene_loci_grch38.csv","1288","0.0012",".csv","2026-07-27 07:59:15","False"
"_phase17_review_pack\20260806_120548\payload\03_results\regulatory_evidence\tables\bcell_colocalisation_all_priors.csv","8818","0.0084",".csv","2026-07-27 07:53:14","False"
"_phase17_review_pack\20260806_120548\payload\03_results\regulatory_evidence\tables\bcell_colocalisation_primary.csv","3063","0.0029",".csv","2026-07-27 07:53:14","False"
"_phase17_review_pack\20260806_120548\payload\03_results\regulatory_evidence\tables\bcell_eqtl_target_availability.csv","7975","0.0076",".csv","2026-07-27 07:53:00","False"
"_phase17_review_pack\20260806_120548\payload\03_results\regulatory_evidence\tables\eqtl_catalogue_fetch_metadata.json","2436","0.0023",".json","2026-07-27 07:53:00","False"
"_phase17_review_pack\20260806_120548\payload\03_results\regulatory_evidence\tables\GCST005831_bcell_colocalisation_all_priors.csv","23161","0.0221",".csv","2026-07-27 08:13:33","False"
"_phase17_review_pack\20260806_120548\payload\03_results\regulatory_evidence\tables\GCST005831_bcell_colocalisation_primary.csv","7952","0.0076",".csv","2026-07-27 08:13:33","False"
"_phase17_review_pack\20260806_120548\payload\03_results\regulatory_evidence\tables\GCST005831_colocalisation_method_metadata.json","707","0.0007",".json","2026-07-27 08:13:33","False"
"_phase17_review_pack\20260806_120548\payload\03_results\regulatory_evidence\tables\GCST90558100_bcell_colocalisation_all_priors.csv","8818","0.0084",".csv","2026-07-27 08:13:42","False"
"_phase17_review_pack\20260806_120548\payload\03_results\regulatory_evidence\tables\GCST90558100_bcell_colocalisation_primary.csv","3063","0.0029",".csv","2026-07-27 08:13:42","False"
"_phase17_review_pack\20260806_120548\payload\03_results\regulatory_evidence\tables\GCST90558100_colocalisation_method_metadata.json","678","0.0006",".json","2026-07-27 08:13:42","False"
"_phase17_review_pack\20260806_120548\payload\03_results\regulatory_evidence\tables\gwas_locus_extraction_summary.csv","1560","0.0015",".csv","2026-07-27 07:43:05","False"
"_phase17_review_pack\20260806_120548\payload\03_results\regulatory_evidence\tables\prespecified_bcell_eqtl_datasets.csv","665","0.0006",".csv","2026-07-27 07:50:24","False"
"_phase17_review_pack\20260806_120548\payload\03_results\regulatory_evidence\tables\regulatory_locus_preparation_metadata.json","526","0.0005",".json","2026-07-27 07:43:05","False"
"_phase17_review_pack\20260806_120548\payload\03_results\regulatory_evidence\tables\target_gene_loci_grch38.csv","1288","0.0012",".csv","2026-07-27 07:42:56","False"
"_phase17_review_pack\20260806_120548\payload\03_results\supplement_qc_flagged_cluster\figures\supplement_qc_flagged_cluster.pdf","64274","0.0613",".pdf","2026-07-27 06:31:46","False"
"_phase17_review_pack\20260806_120548\payload\03_results\supplement_qc_flagged_cluster\figures\supplement_qc_flagged_cluster.png","664968","0.6342",".png","2026-07-27 06:31:43","False"
"_phase17_review_pack\20260806_120548\payload\03_results\supplement_qc_flagged_cluster\supplement_qc_flagged_cluster_summary.md","1014","0.001",".md","2026-07-27 06:31:46","False"
"_phase17_review_pack\20260806_120548\payload\03_results\supplement_qc_flagged_cluster\tables\core_state_sensitivity_original_vs_exclude_flagged.csv","1431","0.0014",".csv","2026-07-27 06:31:46","False"
"_phase17_review_pack\20260806_120548\payload\03_results\supplement_qc_flagged_cluster\tables\flagged_cluster_donor_fraction_test.csv","345","0.0003",".csv","2026-07-27 06:31:46","False"
"_phase17_review_pack\20260806_120548\payload\03_results\supplement_qc_flagged_cluster\tables\flagged_cluster_selected_marker_expression.csv","1638","0.0016",".csv","2026-07-27 06:31:46","False"
"_phase17_review_pack\20260806_120548\payload\03_results\supplement_qc_flagged_cluster\tables\flagged_cluster_top_ranked_markers.csv","2291","0.0022",".csv","2026-07-27 06:31:46","False"
"_phase17_review_pack\20260806_120548\payload\04_submission\advisor_full_project_audit_v4_2026-07-27.md","5119","0.0049",".md","2026-07-27 08:09:48","False"
"_phase17_review_pack\20260806_120548\payload\04_submission\advisor_report_2026-07-31\selected_results\figures_main\Figure_1_dataset_overview.pdf","62712","0.0598",".pdf","2026-07-27 07:19:27","False"
"_phase17_review_pack\20260806_120548\payload\04_submission\advisor_report_2026-07-31\selected_results\figures_main\Figure_1_dataset_overview.png","615452","0.5869",".png","2026-07-27 07:19:25","False"
"_phase17_review_pack\20260806_120548\payload\04_submission\advisor_report_2026-07-31\selected_results\figures_main\Figure_2_refined_bcell_state_atlas.pdf","143872","0.1372",".pdf","2026-07-27 07:29:06","False"
"_phase17_review_pack\20260806_120548\payload\04_submission\advisor_report_2026-07-31\selected_results\figures_main\Figure_2_refined_bcell_state_atlas.png","1512498","1.4424",".png","2026-07-27 07:29:03","False"
"_phase17_review_pack\20260806_120548\payload\04_submission\advisor_report_2026-07-31\selected_results\figures_main\Figure_3_abc_apc_focus.pdf","64957","0.0619",".pdf","2026-07-27 07:30:25","False"
"_phase17_review_pack\20260806_120548\payload\04_submission\advisor_report_2026-07-31\selected_results\figures_main\Figure_3_abc_apc_focus.png","657775","0.6273",".png","2026-07-27 07:30:22","False"
"_phase17_review_pack\20260806_120548\payload\04_submission\advisor_report_2026-07-31\selected_results\figures_main\Figure_4_covariate_sensitivity.pdf","56327","0.0537",".pdf","2026-07-27 07:27:43","False"
"_phase17_review_pack\20260806_120548\payload\04_submission\advisor_report_2026-07-31\selected_results\figures_main\Figure_4_covariate_sensitivity.png","454030","0.433",".png","2026-07-27 07:27:41","False"
"_phase17_review_pack\20260806_120548\payload\04_submission\advisor_report_2026-07-31\selected_results\figures_main\Figure_5_literature_signature_validation.pdf","55716","0.0531",".pdf","2026-07-27 07:08:45","False"
"_phase17_review_pack\20260806_120548\payload\04_submission\advisor_report_2026-07-31\selected_results\figures_main\Figure_5_literature_signature_validation.png","590529","0.5632",".png","2026-07-27 07:08:42","False"
"_phase17_review_pack\20260806_120548\payload\04_submission\advisor_report_2026-07-31\selected_results\figures_main\Figure_6_gse135779_large_cohort_validation.pdf","64247","0.0613",".pdf","2026-07-27 07:22:53","False"
"_phase17_review_pack\20260806_120548\payload\04_submission\advisor_report_2026-07-31\selected_results\figures_main\Figure_6_gse135779_large_cohort_validation.png","441408","0.421",".png","2026-07-27 07:22:51","False"
"_phase17_review_pack\20260806_120548\payload\04_submission\advisor_report_2026-07-31\selected_results\figures_supplementary\Supplementary_Figure_S1_flagged_cluster_qc.pdf","64274","0.0613",".pdf","2026-07-27 06:31:46","False"
"_phase17_review_pack\20260806_120548\payload\04_submission\advisor_report_2026-07-31\selected_results\figures_supplementary\Supplementary_Figure_S1_flagged_cluster_qc.png","664968","0.6342",".png","2026-07-27 06:31:43","False"
"_phase17_review_pack\20260806_120548\payload\04_submission\advisor_report_2026-07-31\selected_results\figures_supplementary\Supplementary_Figure_S2_OneK1K_reference_context.pdf","64861","0.0619",".pdf","2026-07-27 07:25:51","False"
"_phase17_review_pack\20260806_120548\payload\04_submission\advisor_report_2026-07-31\selected_results\figures_supplementary\Supplementary_Figure_S2_OneK1K_reference_context.png","411033","0.392",".png","2026-07-27 07:25:48","False"
"_phase17_review_pack\20260806_120548\payload\04_submission\advisor_report_2026-07-31\selected_results\figures_supplementary\Supplementary_Figure_S3_GSE163121_directional_validation.pdf","58403","0.0557",".pdf","2026-07-27 06:35:06","False"
"_phase17_review_pack\20260806_120548\payload\04_submission\advisor_report_2026-07-31\selected_results\figures_supplementary\Supplementary_Figure_S3_GSE163121_directional_validation.png","424276","0.4046",".png","2026-07-27 06:35:04","False"
"_phase17_review_pack\20260806_120548\payload\04_submission\advisor_report_2026-07-31\selected_results\figures_supplementary\Supplementary_Figure_S4_compositional_sensitivity.pdf","71528","0.0682",".pdf","2026-07-27 06:55:06","False"
"_phase17_review_pack\20260806_120548\payload\04_submission\advisor_report_2026-07-31\selected_results\figures_supplementary\Supplementary_Figure_S4_compositional_sensitivity.png","417163","0.3978",".png","2026-07-27 06:55:03","False"
"_phase17_review_pack\20260806_120548\payload\04_submission\advisor_report_2026-07-31\selected_results\manuscript\Genome_Medicine_Manuscript_v6_AUTHOR_COMPLETION_REQUIRED.pdf","257670","0.2457",".pdf","2026-07-31 03:44:58","False"
"_phase17_review_pack\20260806_120548\payload\04_submission\advisor_report_2026-07-31\selected_results\qc\advisor_full_project_audit_v4_2026-07-27.md","5119","0.0049",".md","2026-07-27 08:09:48","False"
"_phase17_review_pack\20260806_120548\payload\04_submission\advisor_report_2026-07-31\selected_results\qc\author_completion_form_2026-07-31.md","2255","0.0022",".md","2026-07-31 03:36:45","False"
"_phase17_review_pack\20260806_120548\payload\04_submission\advisor_report_2026-07-31\selected_results\qc\final_package_verification_2026-07-31.md","1146","0.0011",".md","2026-07-31 03:58:41","False"
"_phase17_review_pack\20260806_120548\payload\04_submission\advisor_report_2026-07-31\selected_results\qc\phase7_regulatory_evidence_audit_2026-07-27.md","4655","0.0044",".md","2026-07-27 08:09:48","False"
"_phase17_review_pack\20260806_120548\payload\04_submission\advisor_report_2026-07-31\selected_results\qc\submission_readiness_and_next_stage_v5_2026-07-31.md","3210","0.0031",".md","2026-07-31 03:55:47","False"
"_phase17_review_pack\20260806_120548\payload\04_submission\advisor_report_2026-07-31\selected_results\tables\abc_apc_vs_other_literature_signature_tests.csv","2416","0.0023",".csv","2026-07-27 07:08:39","False"
"_phase17_review_pack\20260806_120548\payload\04_submission\advisor_report_2026-07-31\selected_results\tables\abc_apc_vs_other_program_tests.csv","1962","0.0019",".csv","2026-07-22 12:05:07","False"
"_phase17_review_pack\20260806_120548\payload\04_submission\advisor_report_2026-07-31\selected_results\tables\compositional_abundance_models.csv","11603","0.0111",".csv","2026-07-27 06:55:00","False"
"_phase17_review_pack\20260806_120548\payload\04_submission\advisor_report_2026-07-31\selected_results\tables\core_state_pseudocount_sensitivity.csv","2644","0.0025",".csv","2026-07-27 06:55:00","False"
"_phase17_review_pack\20260806_120548\payload\04_submission\advisor_report_2026-07-31\selected_results\tables\figure1_dataset_summary.csv","127","0.0001",".csv","2026-07-27 07:19:23","False"
"_phase17_review_pack\20260806_120548\payload\04_submission\advisor_report_2026-07-31\selected_results\tables\GCST005831_bcell_colocalisation_primary.csv","7952","0.0076",".csv","2026-07-27 08:13:33","False"
"_phase17_review_pack\20260806_120548\payload\04_submission\advisor_report_2026-07-31\selected_results\tables\gse135779_donor_program_score_tests.csv","4179","0.004",".csv","2026-07-27 07:22:49","False"
"_phase17_review_pack\20260806_120548\payload\04_submission\advisor_report_2026-07-31\selected_results\tables\state_abundance_covariate_models.csv","5857","0.0056",".csv","2026-07-27 07:27:37","False"
"_phase17_review_pack\20260806_120548\payload\04_submission\author_completion_form_2026-07-31.md","2255","0.0022",".md","2026-07-31 03:36:45","False"
"_phase17_review_pack\20260806_120548\payload\04_submission\cover_letter_genome_medicine_v3_AUTHOR_COMPLETION_REQUIRED_2026-07-31.md","2996","0.0029",".md","2026-07-31 03:55:47","False"
"_phase17_review_pack\20260806_120548\payload\04_submission\data_code_availability_v1.md","1924","0.0018",".md","2026-07-08 19:36:16","False"
"_phase17_review_pack\20260806_120548\payload\04_submission\figure_quality_qc\figure_contact_sheet_2026-07-22.png","520358","0.4963",".png","2026-07-22 12:34:43","False"
"_phase17_review_pack\20260806_120548\payload\04_submission\figure_quality_qc\figure_contact_sheet_2026-07-27.png","706520","0.6738",".png","2026-07-27 08:11:04","False"
"_phase17_review_pack\20260806_120548\payload\04_submission\figure_quality_qc\figure_quality_qc_2026-07-22.csv","2218","0.0021",".csv","2026-07-22 12:34:42","False"
"_phase17_review_pack\20260806_120548\payload\04_submission\figure_quality_qc\figure_quality_qc_2026-07-22.md","2451","0.0023",".md","2026-07-22 12:34:42","False"
"_phase17_review_pack\20260806_120548\payload\04_submission\figure_quality_qc\figure_quality_qc_2026-07-27.csv","3084","0.0029",".csv","2026-07-27 08:11:03","False"
"_phase17_review_pack\20260806_120548\payload\04_submission\figure_quality_qc\figure_quality_qc_2026-07-27.md","3172","0.003",".md","2026-07-27 08:11:03","False"
"_phase17_review_pack\20260806_120548\payload\04_submission\final_package_verification_2026-07-31.md","1146","0.0011",".md","2026-07-31 03:58:41","False"
"_phase17_review_pack\20260806_120548\payload\04_submission\genome_medicine_target_alignment_2026-07-22.md","2087","0.002",".md","2026-07-22 12:36:48","False"
"_phase17_review_pack\20260806_120548\payload\04_submission\journal_shortlist_upper_q1_2026-07-09.md","5676","0.0054",".md","2026-07-09 05:55:38","False"
"_phase17_review_pack\20260806_120548\payload\04_submission\journal_strategy.md","6540","0.0062",".md","2026-06-22 05:40:11","False"
"_phase17_review_pack\20260806_120548\payload\04_submission\journal_target_decision_matrix_v1.md","5587","0.0053",".md","2026-07-09 05:55:38","False"
"_phase17_review_pack\20260806_120548\payload\04_submission\manuscript_numeric_qc\manuscript_v5_genome_medicine_targeted_numeric_qc_2026-07-27.csv","3725","0.0036",".csv","2026-07-27 08:10:23","False"
"_phase17_review_pack\20260806_120548\payload\04_submission\manuscript_numeric_qc\manuscript_v5_genome_medicine_targeted_numeric_qc_2026-07-27.md","1975","0.0019",".md","2026-07-27 08:10:23","False"
"_phase17_review_pack\20260806_120548\payload\04_submission\manuscript_structure_qc\manuscript_v3_structure_qc_2026-07-09.csv","347","0.0003",".csv","2026-07-09 05:57:19","False"
"_phase17_review_pack\20260806_120548\payload\04_submission\manuscript_structure_qc\manuscript_v3_structure_qc_2026-07-09.md","1331","0.0013",".md","2026-07-09 05:57:19","False"
"_phase17_review_pack\20260806_120548\payload\04_submission\manuscript_structure_qc\manuscript_v3_upper_q1_working_structure_qc_2026-07-22.csv","347","0.0003",".csv","2026-07-22 11:38:57","False"
"_phase17_review_pack\20260806_120548\payload\04_submission\manuscript_structure_qc\manuscript_v3_upper_q1_working_structure_qc_2026-07-22.md","1348","0.0013",".md","2026-07-22 11:38:57","False"
"_phase17_review_pack\20260806_120548\payload\04_submission\manuscript_structure_qc\manuscript_v3_upper_q1_working_structure_qc_2026-07-27.csv","347","0.0003",".csv","2026-07-27 08:10:33","False"
"_phase17_review_pack\20260806_120548\payload\04_submission\manuscript_structure_qc\manuscript_v3_upper_q1_working_structure_qc_2026-07-27.md","1625","0.0015",".md","2026-07-27 08:10:33","False"
"_phase17_review_pack\20260806_120548\payload\04_submission\manuscript_structure_qc\manuscript_v4_nature_style_refined_structure_qc_2026-07-22.csv","330","0.0003",".csv","2026-07-22 12:35:12","False"
"_phase17_review_pack\20260806_120548\payload\04_submission\manuscript_structure_qc\manuscript_v4_nature_style_refined_structure_qc_2026-07-22.md","1469","0.0014",".md","2026-07-22 12:35:12","False"
"_phase17_review_pack\20260806_120548\payload\04_submission\manuscript_structure_qc\manuscript_v5_genome_medicine_targeted_structure_qc_2026-07-22.csv","325","0.0003",".csv","2026-07-22 12:35:13","False"
"_phase17_review_pack\20260806_120548\payload\04_submission\manuscript_structure_qc\manuscript_v5_genome_medicine_targeted_structure_qc_2026-07-22.md","1473","0.0014",".md","2026-07-22 12:35:13","False"
"_phase17_review_pack\20260806_120548\payload\04_submission\manuscript_structure_qc\manuscript_v5_genome_medicine_targeted_structure_qc_2026-07-27.csv","327","0.0003",".csv","2026-07-27 08:10:53","False"
"_phase17_review_pack\20260806_120548\payload\04_submission\manuscript_structure_qc\manuscript_v5_genome_medicine_targeted_structure_qc_2026-07-27.md","1616","0.0015",".md","2026-07-27 08:10:53","False"
"_phase17_review_pack\20260806_120548\payload\04_submission\outputs\cover_letter_2026-07-31\cover-letter-page-1.png","358087","0.3415",".png","2026-07-31 03:57:19","False"
"_phase17_review_pack\20260806_120548\payload\04_submission\outputs\cover_letter_2026-07-31\Genome_Medicine_Cover_Letter_v3_AUTHOR_COMPLETION_REQUIRED.docx","39051","0.0372",".docx","2026-07-31 03:56:58","False"
"_phase17_review_pack\20260806_120548\payload\04_submission\outputs\cover_letter_2026-07-31\Genome_Medicine_Cover_Letter_v3_AUTHOR_COMPLETION_REQUIRED.pdf","107216","0.1022",".pdf","2026-07-31 03:57:16","False"
"_phase17_review_pack\20260806_120548\payload\04_submission\outputs\manuscript_2026-07-31\Genome_Medicine_Manuscript_v6_AUTHOR_COMPLETION_REQUIRED.build_qc.json","386","0.0004",".json","2026-07-31 03:41:38","False"
"_phase17_review_pack\20260806_120548\payload\04_submission\outputs\manuscript_2026-07-31\Genome_Medicine_Manuscript_v6_AUTHOR_COMPLETION_REQUIRED.docx","56119","0.0535",".docx","2026-07-31 03:41:38","False"
"_phase17_review_pack\20260806_120548\payload\04_submission\outputs\manuscript_2026-07-31\Genome_Medicine_Manuscript_v6_AUTHOR_COMPLETION_REQUIRED.pdf","257670","0.2457",".pdf","2026-07-31 03:44:58","False"
"_phase17_review_pack\20260806_120548\payload\04_submission\outputs\manuscript_2026-07-31\submission_document_qc_2026-07-31.json","1732","0.0017",".json","2026-07-31 03:50:15","False"
"_phase17_review_pack\20260806_120548\payload\04_submission\outputs\manuscript_2026-07-31\submission_document_qc_2026-07-31.md","1136","0.0011",".md","2026-07-31 03:50:15","False"
"_phase17_review_pack\20260806_120548\payload\04_submission\outputs\supplementary_tables_2026-07-27\Supplementary_Tables_S1-S13.xlsx","653808","0.6235",".xlsx","2026-07-27 07:31:19","False"
"_phase17_review_pack\20260806_120548\payload\04_submission\package_genome_medicine_2026-07-31.zip","8298150","7.9137",".zip","2026-07-31 03:58:27","False"
"_phase17_review_pack\20260806_120548\payload\04_submission\package_genome_medicine_2026-07-31.zip.sha256","106","0.0001",".sha256","2026-07-31 03:58:27","False"
"_phase17_review_pack\20260806_120548\payload\04_submission\package_genome_medicine_2026-07-31\analysis_code\build_submission_package_2026-07-27.ps1","11413","0.0109",".ps1","2026-07-27 07:15:25","False"
"_phase17_review_pack\20260806_120548\payload\04_submission\package_genome_medicine_2026-07-31\analysis_code\environment.yml","319","0.0003",".yml","2026-06-22 12:52:17","False"
"_phase17_review_pack\20260806_120548\payload\04_submission\package_genome_medicine_2026-07-31\analysis_code\requirements_scanpy.txt","112","0.0001",".txt","2026-06-22 12:52:17","False"
"_phase17_review_pack\20260806_120548\payload\04_submission\package_genome_medicine_2026-07-31\analysis_code\RUNBOOK_phase2_dataset_overview_figure1.md","1795","0.0017",".md","2026-06-29 06:31:42","False"
"_phase17_review_pack\20260806_120548\payload\04_submission\package_genome_medicine_2026-07-31\analysis_code\RUNBOOK_phase2_refined_figure2.md","4356","0.0042",".md","2026-06-24 01:20:27","False"
"_phase17_review_pack\20260806_120548\payload\04_submission\package_genome_medicine_2026-07-31\analysis_code\RUNBOOK_phase3_abc_apc_focus.md","4753","0.0045",".md","2026-07-22 12:09:15","False"
"_phase17_review_pack\20260806_120548\payload\04_submission\package_genome_medicine_2026-07-31\analysis_code\RUNBOOK_phase4_covariate_sensitivity.md","2720","0.0026",".md","2026-07-22 12:09:15","False"
"_phase17_review_pack\20260806_120548\payload\04_submission\package_genome_medicine_2026-07-31\analysis_code\RUNBOOK_phase4_supplement_qc_flagged_cluster.md","2236","0.0021",".md","2026-06-29 06:56:46","False"
"_phase17_review_pack\20260806_120548\payload\04_submission\package_genome_medicine_2026-07-31\analysis_code\RUNBOOK_phase5_literature_signature_validation.md","2640","0.0025",".md","2026-07-22 12:09:15","False"
"_phase17_review_pack\20260806_120548\payload\04_submission\package_genome_medicine_2026-07-31\analysis_code\RUNBOOK_phase6_compositional_sensitivity.md","2240","0.0021",".md","2026-07-27 06:59:38","False"
"_phase17_review_pack\20260806_120548\payload\04_submission\package_genome_medicine_2026-07-31\analysis_code\RUNBOOK_phase7_regulatory_evidence.md","4382","0.0042",".md","2026-07-27 08:09:48","False"
"_phase17_review_pack\20260806_120548\payload\04_submission\package_genome_medicine_2026-07-31\analysis_code\scripts\17_make_figure2_v3_refined.py","13906","0.0133",".py","2026-07-27 07:28:23","False"
"_phase17_review_pack\20260806_120548\payload\04_submission\package_genome_medicine_2026-07-31\analysis_code\scripts\18_make_figure1_dataset_overview.py","13654","0.013",".py","2026-07-27 07:19:03","False"
"_phase17_review_pack\20260806_120548\payload\04_submission\package_genome_medicine_2026-07-31\analysis_code\scripts\19_pseudobulk_state_expression.py","15035","0.0143",".py","2026-07-22 12:04:34","False"
"_phase17_review_pack\20260806_120548\payload\04_submission\package_genome_medicine_2026-07-31\analysis_code\scripts\20_make_figure3_abc_apc_focus.py","11195","0.0107",".py","2026-07-27 07:29:34","False"
"_phase17_review_pack\20260806_120548\payload\04_submission\package_genome_medicine_2026-07-31\analysis_code\scripts\21_make_supplement_qc_flagged_cluster.py","10295","0.0098",".py","2026-07-27 06:21:57","False"
"_phase17_review_pack\20260806_120548\payload\04_submission\package_genome_medicine_2026-07-31\analysis_code\scripts\22_covariate_sensitivity_abundance.py","23889","0.0228",".py","2026-07-27 07:27:01","False"
"_phase17_review_pack\20260806_120548\payload\04_submission\package_genome_medicine_2026-07-31\analysis_code\scripts\23_literature_signature_validation.py","31189","0.0297",".py","2026-07-27 07:06:29","False"
"_phase17_review_pack\20260806_120548\payload\04_submission\package_genome_medicine_2026-07-31\analysis_code\scripts\27_run_gse163121_bcell_validation.py","18961","0.0181",".py","2026-07-27 06:24:27","False"
"_phase17_review_pack\20260806_120548\payload\04_submission\package_genome_medicine_2026-07-31\analysis_code\scripts\30_run_gse135779_bcell_validation.py","21945","0.0209",".py","2026-07-27 07:21:16","False"
"_phase17_review_pack\20260806_120548\payload\04_submission\package_genome_medicine_2026-07-31\analysis_code\scripts\32_onek1k_bcell_reference_context.py","15927","0.0152",".py","2026-07-27 07:23:49","False"
"_phase17_review_pack\20260806_120548\payload\04_submission\package_genome_medicine_2026-07-31\analysis_code\scripts\35_manuscript_structure_qc.py","5505","0.0052",".py","2026-07-27 07:11:06","False"
"_phase17_review_pack\20260806_120548\payload\04_submission\package_genome_medicine_2026-07-31\analysis_code\scripts\36_figure_nature_style_qc.py","9419","0.009",".py","2026-07-27 06:53:54","False"
"_phase17_review_pack\20260806_120548\payload\04_submission\package_genome_medicine_2026-07-31\analysis_code\scripts\37_prepare_genome_medicine_manuscript.py","7161","0.0068",".py","2026-07-27 06:59:56","False"
"_phase17_review_pack\20260806_120548\payload\04_submission\package_genome_medicine_2026-07-31\analysis_code\scripts\38_compositional_abundance_sensitivity.py","18423","0.0176",".py","2026-07-27 06:54:42","False"
"_phase17_review_pack\20260806_120548\payload\04_submission\package_genome_medicine_2026-07-31\analysis_code\scripts\39_manuscript_numeric_consistency_qc.py","7017","0.0067",".py","2026-07-27 07:05:24","False"
"_phase17_review_pack\20260806_120548\payload\04_submission\package_genome_medicine_2026-07-31\analysis_code\scripts\40_prepare_regulatory_loci.py","6732","0.0064",".py","2026-07-27 07:57:06","False"
"_phase17_review_pack\20260806_120548\payload\04_submission\package_genome_medicine_2026-07-31\analysis_code\scripts\41_fetch_eqtl_catalogue_bcell.py","7789","0.0074",".py","2026-07-27 07:50:12","False"
"_phase17_review_pack\20260806_120548\payload\04_submission\package_genome_medicine_2026-07-31\analysis_code\scripts\42_coloc_regulatory_evidence.py","15987","0.0152",".py","2026-07-27 08:13:19","False"
"_phase17_review_pack\20260806_120548\payload\04_submission\package_genome_medicine_2026-07-31\analysis_code\scripts\43_phase7_regulatory_qc.py","7552","0.0072",".py","2026-07-27 08:12:31","False"
"_phase17_review_pack\20260806_120548\payload\04_submission\package_genome_medicine_2026-07-31\analysis_code\scripts\44_prepare_submission_manuscript.py","19944","0.019",".py","2026-07-31 03:39:53","False"
"_phase17_review_pack\20260806_120548\payload\04_submission\package_genome_medicine_2026-07-31\analysis_code\scripts\45_build_submission_documents.py","12651","0.0121",".py","2026-07-31 03:41:29","False"
"_phase17_review_pack\20260806_120548\payload\04_submission\package_genome_medicine_2026-07-31\analysis_code\scripts\46_submission_document_qc.py","8976","0.0086",".py","2026-07-31 03:50:04","False"
"_phase17_review_pack\20260806_120548\payload\04_submission\package_genome_medicine_2026-07-31\analysis_code\scripts\47_build_final_submission_package.py","12629","0.012",".py","2026-07-31 03:58:19","False"
"_phase17_review_pack\20260806_120548\payload\04_submission\package_genome_medicine_2026-07-31\analysis_code\scripts\48_verify_final_submission_package.py","6886","0.0066",".py","2026-07-31 03:54:18","False"
"_phase17_review_pack\20260806_120548\payload\04_submission\package_genome_medicine_2026-07-31\analysis_code\scripts\49_build_cover_letter.py","5014","0.0048",".py","2026-07-31 03:56:48","False"
"_phase17_review_pack\20260806_120548\payload\04_submission\package_genome_medicine_2026-07-31\analysis_code\scripts\publication_figure_style.py","1629","0.0016",".py","2026-07-27 06:20:34","False"
"_phase17_review_pack\20260806_120548\payload\04_submission\package_genome_medicine_2026-07-31\bundle_manifest.csv","13621","0.013",".csv","2026-07-31 03:58:26","False"
"_phase17_review_pack\20260806_120548\payload\04_submission\package_genome_medicine_2026-07-31\bundle_manifest.md","994","0.0009",".md","2026-07-31 03:58:26","False"
"_phase17_review_pack\20260806_120548\payload\04_submission\package_genome_medicine_2026-07-31\checksums_sha256.txt","11894","0.0113",".txt","2026-07-31 03:58:26","False"
"_phase17_review_pack\20260806_120548\payload\04_submission\package_genome_medicine_2026-07-31\figures_main\Figure_1_dataset_overview.pdf","62712","0.0598",".pdf","2026-07-27 07:19:27","False"
"_phase17_review_pack\20260806_120548\payload\04_submission\package_genome_medicine_2026-07-31\figures_main\Figure_1_dataset_overview.png","615452","0.5869",".png","2026-07-27 07:19:25","False"
"_phase17_review_pack\20260806_120548\payload\04_submission\package_genome_medicine_2026-07-31\figures_main\Figure_2_refined_bcell_state_atlas.pdf","143872","0.1372",".pdf","2026-07-27 07:29:06","False"
"_phase17_review_pack\20260806_120548\payload\04_submission\package_genome_medicine_2026-07-31\figures_main\Figure_2_refined_bcell_state_atlas.png","1512498","1.4424",".png","2026-07-27 07:29:03","False"
"_phase17_review_pack\20260806_120548\payload\04_submission\package_genome_medicine_2026-07-31\figures_main\Figure_3_abc_apc_focus.pdf","64957","0.0619",".pdf","2026-07-27 07:30:25","False"
"_phase17_review_pack\20260806_120548\payload\04_submission\package_genome_medicine_2026-07-31\figures_main\Figure_3_abc_apc_focus.png","657775","0.6273",".png","2026-07-27 07:30:22","False"
"_phase17_review_pack\20260806_120548\payload\04_submission\package_genome_medicine_2026-07-31\figures_main\Figure_4_covariate_sensitivity.pdf","56327","0.0537",".pdf","2026-07-27 07:27:43","False"
"_phase17_review_pack\20260806_120548\payload\04_submission\package_genome_medicine_2026-07-31\figures_main\Figure_4_covariate_sensitivity.png","454030","0.433",".png","2026-07-27 07:27:41","False"
"_phase17_review_pack\20260806_120548\payload\04_submission\package_genome_medicine_2026-07-31\figures_main\Figure_5_literature_signature_validation.pdf","55716","0.0531",".pdf","2026-07-27 07:08:45","False"
"_phase17_review_pack\20260806_120548\payload\04_submission\package_genome_medicine_2026-07-31\figures_main\Figure_5_literature_signature_validation.png","590529","0.5632",".png","2026-07-27 07:08:42","False"
"_phase17_review_pack\20260806_120548\payload\04_submission\package_genome_medicine_2026-07-31\figures_main\Figure_6_gse135779_large_cohort_validation.pdf","64247","0.0613",".pdf","2026-07-27 07:22:53","False"
"_phase17_review_pack\20260806_120548\payload\04_submission\package_genome_medicine_2026-07-31\figures_main\Figure_6_gse135779_large_cohort_validation.png","441408","0.421",".png","2026-07-27 07:22:51","False"
"_phase17_review_pack\20260806_120548\payload\04_submission\package_genome_medicine_2026-07-31\figures_supplementary\Supplementary_Figure_S1_flagged_cluster_qc.pdf","64274","0.0613",".pdf","2026-07-27 06:31:46","False"
"_phase17_review_pack\20260806_120548\payload\04_submission\package_genome_medicine_2026-07-31\figures_supplementary\Supplementary_Figure_S1_flagged_cluster_qc.png","664968","0.6342",".png","2026-07-27 06:31:43","False"
"_phase17_review_pack\20260806_120548\payload\04_submission\package_genome_medicine_2026-07-31\figures_supplementary\Supplementary_Figure_S2_OneK1K_reference_context.pdf","64861","0.0619",".pdf","2026-07-27 07:25:51","False"
"_phase17_review_pack\20260806_120548\payload\04_submission\package_genome_medicine_2026-07-31\figures_supplementary\Supplementary_Figure_S2_OneK1K_reference_context.png","411033","0.392",".png","2026-07-27 07:25:48","False"
"_phase17_review_pack\20260806_120548\payload\04_submission\package_genome_medicine_2026-07-31\figures_supplementary\Supplementary_Figure_S3_GSE163121_directional_validation.pdf","58403","0.0557",".pdf","2026-07-27 06:35:06","False"
"_phase17_review_pack\20260806_120548\payload\04_submission\package_genome_medicine_2026-07-31\figures_supplementary\Supplementary_Figure_S3_GSE163121_directional_validation.png","424276","0.4046",".png","2026-07-27 06:35:04","False"
"_phase17_review_pack\20260806_120548\payload\04_submission\package_genome_medicine_2026-07-31\figures_supplementary\Supplementary_Figure_S4_compositional_sensitivity.pdf","71528","0.0682",".pdf","2026-07-27 06:55:06","False"
"_phase17_review_pack\20260806_120548\payload\04_submission\package_genome_medicine_2026-07-31\figures_supplementary\Supplementary_Figure_S4_compositional_sensitivity.png","417163","0.3978",".png","2026-07-27 06:55:03","False"
"_phase17_review_pack\20260806_120548\payload\04_submission\package_genome_medicine_2026-07-31\internal_qc\figure_contact_sheet_2026-07-27.png","706520","0.6738",".png","2026-07-27 07:30:43","False"
"_phase17_review_pack\20260806_120548\payload\04_submission\package_genome_medicine_2026-07-31\internal_qc\figure_quality_qc_2026-07-27.csv","3084","0.0029",".csv","2026-07-27 07:30:42","False"
"_phase17_review_pack\20260806_120548\payload\04_submission\package_genome_medicine_2026-07-31\internal_qc\figure_quality_qc_2026-07-27.md","3172","0.003",".md","2026-07-27 07:30:42","False"
"_phase17_review_pack\20260806_120548\payload\04_submission\package_genome_medicine_2026-07-31\internal_qc\manuscript_evidence_table_2026-07-27.csv","5870","0.0056",".csv","2026-07-27 07:12:51","False"
"_phase17_review_pack\20260806_120548\payload\04_submission\package_genome_medicine_2026-07-31\internal_qc\manuscript_numeric_qc_2026-07-27.csv","3725","0.0036",".csv","2026-07-27 07:30:48","False"
"_phase17_review_pack\20260806_120548\payload\04_submission\package_genome_medicine_2026-07-31\internal_qc\manuscript_numeric_qc_2026-07-27.md","1975","0.0019",".md","2026-07-27 07:30:48","False"
"_phase17_review_pack\20260806_120548\payload\04_submission\package_genome_medicine_2026-07-31\internal_qc\manuscript_structure_qc_2026-07-27.csv","327","0.0003",".csv","2026-07-27 07:11:20","False"
"_phase17_review_pack\20260806_120548\payload\04_submission\package_genome_medicine_2026-07-31\internal_qc\manuscript_structure_qc_2026-07-27.md","1616","0.0015",".md","2026-07-27 07:11:20","False"
"_phase17_review_pack\20260806_120548\payload\04_submission\package_genome_medicine_2026-07-31\internal_qc\phase7_regulatory_evidence_audit_2026-07-27.md","4655","0.0044",".md","2026-07-27 08:09:48","False"
"_phase17_review_pack\20260806_120548\payload\04_submission\package_genome_medicine_2026-07-31\internal_qc\phase7_regulatory_evidence_qc_2026-07-27.csv","1510","0.0014",".csv","2026-07-27 08:13:48","False"
"_phase17_review_pack\20260806_120548\payload\04_submission\package_genome_medicine_2026-07-31\internal_qc\phase7_regulatory_evidence_qc_2026-07-27.md","1843","0.0018",".md","2026-07-27 08:13:48","False"
"_phase17_review_pack\20260806_120548\payload\04_submission\package_genome_medicine_2026-07-31\internal_qc\submission_document_qc_2026-07-31.json","1732","0.0017",".json","2026-07-31 03:50:15","False"
"_phase17_review_pack\20260806_120548\payload\04_submission\package_genome_medicine_2026-07-31\internal_qc\submission_document_qc_2026-07-31.md","1136","0.0011",".md","2026-07-31 03:50:15","False"
"_phase17_review_pack\20260806_120548\payload\04_submission\package_genome_medicine_2026-07-31\main_text\Genome_Medicine_Manuscript_v6_AUTHOR_COMPLETION_REQUIRED.docx","56119","0.0535",".docx","2026-07-31 03:41:38","False"
"_phase17_review_pack\20260806_120548\payload\04_submission\package_genome_medicine_2026-07-31\main_text\Genome_Medicine_Manuscript_v6_AUTHOR_COMPLETION_REQUIRED.pdf","257670","0.2457",".pdf","2026-07-31 03:44:58","False"
"_phase17_review_pack\20260806_120548\payload\04_submission\package_genome_medicine_2026-07-31\main_text\manuscript_v4_nature_style_refined_source.md","22571","0.0215",".md","2026-07-27 07:08:10","False"
"_phase17_review_pack\20260806_120548\payload\04_submission\package_genome_medicine_2026-07-31\main_text\manuscript_v5_genome_medicine_targeted.md","37933","0.0362",".md","2026-07-27 07:09:00","False"
"_phase17_review_pack\20260806_120548\payload\04_submission\package_genome_medicine_2026-07-31\main_text\manuscript_v6_genome_medicine_submission_source.md","45215","0.0431",".md","2026-07-31 03:40:00","False"
"_phase17_review_pack\20260806_120548\payload\04_submission\package_genome_medicine_2026-07-31\package_build_summary.json","226","0.0002",".json","2026-07-31 03:58:26","False"
"_phase17_review_pack\20260806_120548\payload\04_submission\package_genome_medicine_2026-07-31\README.md","1820","0.0017",".md","2026-07-31 03:58:26","False"
"_phase17_review_pack\20260806_120548\payload\04_submission\package_genome_medicine_2026-07-31\references\references_verified_crossref_2026-07-09.bib","13487","0.0129",".bib","2026-07-27 06:57:27","False"
"_phase17_review_pack\20260806_120548\payload\04_submission\package_genome_medicine_2026-07-31\submission_docs\advisor_full_project_audit_v3_2026-07-27.md","6744","0.0064",".md","2026-07-27 07:12:51","False"
"_phase17_review_pack\20260806_120548\payload\04_submission\package_genome_medicine_2026-07-31\submission_docs\advisor_full_project_audit_v4_2026-07-27.md","5119","0.0049",".md","2026-07-27 08:09:48","False"
"_phase17_review_pack\20260806_120548\payload\04_submission\package_genome_medicine_2026-07-31\submission_docs\author_completion_form_2026-07-31.md","2255","0.0022",".md","2026-07-31 03:36:45","False"
"_phase17_review_pack\20260806_120548\payload\04_submission\package_genome_medicine_2026-07-31\submission_docs\cover_letter_genome_medicine_draft_v2_2026-07-27.md","2991","0.0029",".md","2026-07-27 07:13:53","False"
"_phase17_review_pack\20260806_120548\payload\04_submission\package_genome_medicine_2026-07-31\submission_docs\cover_letter_genome_medicine_v3_AUTHOR_COMPLETION_REQUIRED_2026-07-31.md","2996","0.0029",".md","2026-07-31 03:55:47","False"
"_phase17_review_pack\20260806_120548\payload\04_submission\package_genome_medicine_2026-07-31\submission_docs\Genome_Medicine_Cover_Letter_v3_AUTHOR_COMPLETION_REQUIRED.docx","39051","0.0372",".docx","2026-07-31 03:56:58","False"
"_phase17_review_pack\20260806_120548\payload\04_submission\package_genome_medicine_2026-07-31\submission_docs\Genome_Medicine_Cover_Letter_v3_AUTHOR_COMPLETION_REQUIRED.pdf","107216","0.1022",".pdf","2026-07-31 03:57:16","False"
"_phase17_review_pack\20260806_120548\payload\04_submission\package_genome_medicine_2026-07-31\submission_docs\submission_package_checklist_v3_2026-07-27.md","2820","0.0027",".md","2026-07-27 07:13:53","False"
"_phase17_review_pack\20260806_120548\payload\04_submission\package_genome_medicine_2026-07-31\submission_docs\submission_package_checklist_v4_2026-07-31.md","2928","0.0028",".md","2026-07-31 03:55:47","False"
"_phase17_review_pack\20260806_120548\payload\04_submission\package_genome_medicine_2026-07-31\submission_docs\submission_readiness_and_next_stage_v5_2026-07-31.md","3210","0.0031",".md","2026-07-31 03:55:47","False"
"_phase17_review_pack\20260806_120548\payload\04_submission\package_genome_medicine_2026-07-31\tables_supplementary\Supplementary_Table_S13a_donor_state_compositional_abundance.csv","276487","0.2637",".csv","2026-07-27 06:55:00","False"
"_phase17_review_pack\20260806_120548\payload\04_submission\package_genome_medicine_2026-07-31\tables_supplementary\Supplementary_Table_S13b_compositional_abundance_models.csv","11603","0.0111",".csv","2026-07-27 06:55:00","False"
"_phase17_review_pack\20260806_120548\payload\04_submission\package_genome_medicine_2026-07-31\tables_supplementary\Supplementary_Table_S13c_core_state_comparison.csv","1827","0.0017",".csv","2026-07-27 06:55:00","False"
"_phase17_review_pack\20260806_120548\payload\04_submission\package_genome_medicine_2026-07-31\tables_supplementary\Supplementary_Table_S13d_pseudocount_sensitivity.csv","2644","0.0025",".csv","2026-07-27 06:55:00","False"
"_phase17_review_pack\20260806_120548\payload\04_submission\package_genome_medicine_2026-07-31\tables_supplementary\Supplementary_Table_S8_literature_signature_catalog.csv","4604","0.0044",".csv","2026-07-27 07:08:39","False"
"_phase17_review_pack\20260806_120548\payload\04_submission\package_genome_medicine_2026-07-31\tables_supplementary\Supplementary_Tables_S1-S13.xlsx","653808","0.6235",".xlsx","2026-07-27 07:31:19","False"
"_phase17_review_pack\20260806_120548\payload\04_submission\README.md","429","0.0004",".md","2026-06-22 03:37:01","False"
"_phase17_review_pack\20260806_120548\payload\04_submission\reference_verification\reference_verification_crossref_2026-07-09.csv","1860","0.0018",".csv","2026-07-09 05:53:55","False"
"_phase17_review_pack\20260806_120548\payload\04_submission\reference_verification\reference_verification_crossref_2026-07-09.md","2511","0.0024",".md","2026-07-09 05:53:55","False"
"_phase17_review_pack\20260806_120548\payload\04_submission\submission_readiness_and_next_stage_v5_2026-07-31.md","3210","0.0031",".md","2026-07-31 03:55:47","False"
"_phase17_review_pack\20260806_120548\payload\Data\external_regulatory\GCST005831\29848360-GCST005831-EFO_0002690.h.tsv.gz-meta.yaml","825","0.0008",".yaml","2026-07-27 07:58:43","False"
"_phase17_review_pack\20260806_120548\payload\Data\external_regulatory\GCST005831\download_manifest_gcst005831.csv","673","0.0006",".csv","2026-07-27 08:06:52","False"
"_phase17_review_pack\20260806_120548\payload\Data\external_regulatory\GCST90558100\download_manifest_gcst90558100.csv","492","0.0005",".csv","2026-07-27 07:42:01","False"
"_phase17_review_pack\20260806_120548\payload\Data\external_regulatory\GCST90558100\GCST90558100.h.tsv.gz-meta.yaml","963","0.0009",".yaml","2026-07-27 07:41:59","False"
"_phase17_review_pack\20260806_120548\payload\Data\external_regulatory\GCST90558100\md5sum.txt","116","0.0001",".txt","2026-07-27 07:42:01","False"
"_phase17_review_pack\20260806_120548\payload\Data\processed\GSE135779_nehar_validation\source\libaries.csv","540","0.0005",".csv","2026-07-07 22:24:01","False"
"_phase17_review_pack\20260806_120548\payload\Data\processed\GSE135779_nehar_validation\source\Meta_caSLE_processed_08092021_small.csv","22285464","21.2531",".csv","2026-07-07 22:23:57","False"
"_phase17_review_pack\20260806_120548\payload\Data\processed\GSE135779_nehar_validation\source\Meta_cSLE_processed_0809202_small.csv","20902801","19.9345",".csv","2026-07-07 22:23:17","False"
"_phase17_review_pack\20260806_120548\payload\Data\processed\GSE174188_perez_cellxgene\download_manifest_cellxgene.csv","416","0.0004",".csv","2026-06-23 01:42:01","False"
"_phase17_review_pack\20260806_120548\payload\Data\processed\GSE196830_onek1k_cellxgene\source\cellxgene_collection_onek1k_gse196830.json","22062","0.021",".json","2026-07-08 18:34:17","False"
"_phase17_review_pack\20260806_120548\payload\Data\processed\GSE196830_onek1k_cellxgene\source\checksums_sha256_2026-07-08.txt","207","0.0002",".txt","2026-07-08 19:07:10","False"
"_phase17_review_pack\20260806_120548\payload\Data\readme.txt","7208","0.0069",".txt","2026-05-22 22:48:09","False"
"_phase17_review_pack\20260806_120548\payload\Data\SRA：PRJNA1301449\NIHMS2123360-supplement-Data_file_S1.xlsx","86409","0.0824",".xlsx","2026-05-22 23:00:27","False"
"_phase17_review_pack\20260806_120548\payload\Data\SRA：PRJNA1301449\NIHMS2123360-supplement-MDAR_reproducibility_checklist.pdf","597311","0.5696",".pdf","2026-05-22 23:00:28","False"
"_phase17_review_pack\20260806_120548\payload\Data\SRA：PRJNA1301449\NIHMS2123360-supplement-Supplementary_tables.xlsx","42133","0.0402",".xlsx","2026-05-22 23:00:28","False"
"_phase17_review_pack\20260806_120548\review_pack_summary.json","377","0.0004",".json","2026-08-06 12:05:55","False"
"_phase17_review_pack\20260806_120548\WORKFLOW_REVIEW_PACK.md","799","0.0008",".md","2026-08-06 12:05:55","False"
".gitattributes","292","0.0003",".gitattributes","2026-08-10 19:34:09","True"
".github\workflows\static-checks.yml","338","0.0003",".yml","2026-08-10 19:34:09","True"
".gitignore","2623","0.0025",".gitignore","2026-08-25 06:34:50","True"
"00_project_management\6013RP_wyf_action_report_2026-08-25_gateC8BRP_journal_facing_prefreeze.md","13299","0.0127",".md","2026-08-25 03:36:42","True"
"00_project_management\action_record_2026-08-13_gateC2B2_finalization_and_C2B3_preparation.md","9638","0.0092",".md","2026-08-13 13:52:32","True"
"00_project_management\action_record_2026-08-13_gateC2B3_launch_path_correction.md","1830","0.0017",".md","2026-08-13 13:57:35","True"
"00_project_management\action_record_2026-08-14_gateC2B3_30pc_invalidation_and_50pc_repair.md","7333","0.007",".md","2026-08-14 15:10:31","True"
"00_project_management\action_record_2026-08-15_gateC2B3_full_review_and_C2B4_two_level_freeze.md","7597","0.0072",".md","2026-08-15 14:03:05","True"
"00_project_management\action_record_2026-08-15_gateC3_metadata_join_and_design_freeze.md","7894","0.0075",".md","2026-08-15 14:17:23","True"
"00_project_management\action_record_2026-08-15_gateC3A_frozen_abundance_models.md","9259","0.0088",".md","2026-08-15 14:40:56","True"
"00_project_management\action_record_2026-08-15_gateC4A_raw_pseudobulk_and_program_freeze.md","9777","0.0093",".md","2026-08-15 15:13:53","True"
"00_project_management\action_record_2026-08-15_gateC4B_edger_transcription_and_replication.md","9803","0.0093",".md","2026-08-15 15:54:16","True"
"00_project_management\action_record_2026-08-15_gateC5A_gse135779_source_mapping_freeze.md","8992","0.0086",".md","2026-08-15 16:27:42","True"
"00_project_management\action_record_2026-08-15_gateC5B_gse135779_external_validation.md","11008","0.0105",".md","2026-08-15 17:18:48","True"
"00_project_management\action_record_2026-08-15_gateC6A_claim_integration.md","11790","0.0112",".md","2026-08-15 17:53:05","True"
"00_project_management\action_record_2026-08-15_gateC6B_regulatory_evidence_and_figure5.md","14196","0.0135",".md","2026-08-15 18:32:05","True"
"00_project_management\action_record_2026-08-20_gateC7_manuscript_five_figure_integration.md","10569","0.0101",".md","2026-08-20 16:28:04","True"
"00_project_management\action_record_2026-08-20_gateC8_genome_medicine_submission_package.md","9259","0.0088",".md","2026-08-20 17:10:05","True"
"00_project_management\action_record_2026-08-20_gateC8R_pre_submission_repair.md","8503","0.0081",".md","2026-08-20 18:23:19","True"
"00_project_management\action_record_2026-08-21_gateC8B_editorial_literature_preflight.md","8946","0.0085",".md","2026-08-21 02:06:10","True"
"00_project_management\action_record_2026-08-21_gateC8S_supplementary_traceability_freeze.md","10520","0.01",".md","2026-08-21 01:04:50","True"
"00_project_management\action_record_2026-08-25_gateC8BR_release_portability_editorial_preflight.md","10282","0.0098",".md","2026-08-25 02:31:12","True"
"00_project_management\action_record_2026-08-25_gateC8BRF_author_release_reserved_doi.md","13366","0.0127",".md","2026-08-25 04:52:45","True"
"00_project_management\action_record_2026-08-25_gateC8BRF_public_release_and_doi_activation.md","8719","0.0083",".md","2026-08-25 05:16:37","True"
"00_project_management\action_record_2026-08-25_github_sync_submission_naming.md","8915","0.0085",".md","2026-08-25 06:37:24","True"
"00_project_management\action_record_2026-08-27_round6_r1_hold_integration_and_submission_refreeze.md","15258","0.0146",".md","2026-08-27 10:47:34","True"
"00_project_management\action_record_round6_q1_robustness_2026-08-25.md","9880","0.0094",".md","2026-08-25 23:32:53","True"
"00_project_management\advisor_full_project_reassessment_2026-08-10.md","12686","0.0121",".md","2026-08-10 18:08:19","True"
"00_project_management\audit_2026-06-23\audit_findings_zh.md","8598","0.0082",".md","2026-06-23 20:24:01","False"
"00_project_management\audit_2026-06-23\consistency_checks.json","1644","0.0016",".json","2026-06-23 20:24:31","False"
"00_project_management\audit_2026-06-23\content_audit.json","91859","0.0876",".json","2026-06-23 20:24:31","False"
"00_project_management\audit_2026-06-23\document_audit_exact.csv","3337","0.0032",".csv","2026-06-23 20:24:31","False"
"00_project_management\audit_2026-06-23\document_audit_exact.json","5912","0.0056",".json","2026-06-23 20:24:31","False"
"00_project_management\audit_2026-06-23\file_inventory.csv","16029","0.0153",".csv","2026-06-23 20:24:31","False"
"00_project_management\audit_2026-06-23\folder_summary_all_dirs.csv","1735","0.0017",".csv","2026-06-23 20:24:31","False"
"00_project_management\audit_2026-06-23\folder_summary_top_level.csv","378","0.0004",".csv","2026-06-23 20:24:31","False"
"00_project_management\audit_2026-06-23\large_files_top50.csv","5339","0.0051",".csv","2026-06-23 20:24:31","False"
"00_project_management\audit_2026-06-23\type_summary.csv","571","0.0005",".csv","2026-06-23 20:24:31","False"
"00_project_management\audit_2026-06-23\workspace_audit_report.md","14585","0.0139",".md","2026-06-23 20:24:31","False"
"00_project_management\audit_2026-06-23\zero_byte_files.csv","162","0.0002",".csv","2026-06-23 20:24:31","False"
"00_project_management\cellxgene_collection_436154da_2026-06-22.json","50110","0.0478",".json","2026-06-22 05:57:06","True"
"00_project_management\citation_audit_2026-07-01\citation_pdf_audit_2026-07-01.csv","5606","0.0053",".csv","2026-07-01 05:59:10","True"
"00_project_management\citation_audit_2026-07-01\signature_to_citation_audit_2026-07-01.csv","2993","0.0029",".csv","2026-07-01 05:59:10","True"
"00_project_management\cleanup_actions_2026-06-22.csv","2162","0.0021",".csv","2026-06-22 03:34:48","False"
"00_project_management\cleanup_actions_extra_2026-06-22.csv","307","0.0003",".csv","2026-06-22 03:35:48","False"
"00_project_management\cleanup_actions_literature_trim_2026-06-22.csv","609","0.0006",".csv","2026-06-22 03:38:51","False"
"00_project_management\cleanup_actions_permanent_2026-06-22.csv","285","0.0003",".csv","2026-06-22 05:44:15","False"
"00_project_management\cleanup_manifest_2026-06-22.csv","2953","0.0028",".csv","2026-06-22 03:34:47","False"
"00_project_management\cleanup_manifest_extra_2026-06-22.csv","320","0.0003",".csv","2026-06-22 03:35:48","False"
"00_project_management\cleanup_manifest_literature_trim_2026-06-22.csv","852","0.0008",".csv","2026-06-22 03:38:51","False"
"00_project_management\external_advisor_full_audit_2026-08-10.md","24626","0.0235",".md","2026-08-10 19:01:33","True"
"00_project_management\external_audit_action_crosswalk_2026-08-10.md","2866","0.0027",".md","2026-08-10 19:17:43","True"
"00_project_management\gateC6B_regulatory_evidence_freeze_contract_2026-08-15.md","8783","0.0084",".md","2026-08-15 17:53:05","True"
"00_project_management\keepers_moved_2026-06-22.csv","700","0.0007",".csv","2026-06-22 03:34:47","False"
"00_project_management\legacy_rp_archive_2026-08-10\MBI6013_SLE_Bcell_Proposal_Chinese_v1.docx","192784","0.1839",".docx","2026-04-01 23:47:16","False"
"00_project_management\legacy_rp_archive_2026-08-10\MBI6013_SLE_Bcell_Proposal_Chinese_v1.pdf","490895","0.4682",".pdf","2026-04-01 23:51:08","False"
"00_project_management\legacy_rp_archive_2026-08-10\MBI6013_SLE_Bcell_Proposal_Design_Explanation_CN_v1.docx","192555","0.1836",".docx","2026-04-01 23:51:12","False"
"00_project_management\legacy_rp_archive_2026-08-10\MBI6013_SLE_Bcell_Proposal_Design_Explanation_CN_v1.pdf","516426","0.4925",".pdf","2026-04-01 23:51:14","False"
"00_project_management\legacy_rp_archive_2026-08-10\MBI6013_SLE_Bcell_Proposal_Humanized_v10.docx","177406","0.1692",".docx","2026-04-15 22:24:08","False"
"00_project_management\legacy_rp_archive_2026-08-10\MBI6013_SLE_Bcell_Proposal_Humanized_v7.docx","176154","0.168",".docx","2026-04-15 21:57:36","False"
"00_project_management\legacy_rp_archive_2026-08-10\MBI6013_SLE_Bcell_Proposal_Interleaved_EN_CN_v1.docx","186874","0.1782",".docx","2026-04-15 16:10:06","False"
"00_project_management\legacy_rp_archive_2026-08-10\MBI6013_SLE_Bcell_Proposal_Working_Draft_v1.docx","50933","0.0486",".docx","2026-04-01 22:30:38","False"
"00_project_management\legacy_rp_archive_2026-08-10\README.md","1405","0.0013",".md","2026-08-10 16:26:01","False"
"00_project_management\manuscript_evidence_table_2026-06-29.csv","5643","0.0054",".csv","2026-07-01 05:32:29","True"
"00_project_management\next_local_compute_tasks.md","2702","0.0026",".md","2026-06-22 06:11:40","True"
"00_project_management\next_stage_decision_2026-08-10.md","4013","0.0038",".md","2026-08-10 19:39:43","True"
"00_project_management\next_stage_decision_2026-08-12.md","4778","0.0046",".md","2026-08-12 17:57:11","True"
"00_project_management\next_stage_decision_2026-08-13.md","3013","0.0029",".md","2026-08-13 13:52:32","True"
"00_project_management\next_stage_decision_2026-08-14.md","2309","0.0022",".md","2026-08-14 15:07:36","True"
"00_project_management\next_stage_decision_2026-08-15_gateC3A.md","2761","0.0026",".md","2026-08-15 14:17:42","True"
"00_project_management\next_stage_decision_2026-08-15_gateC4.md","6833","0.0065",".md","2026-08-15 14:40:56","True"
"00_project_management\next_stage_decision_2026-08-15_gateC4B.md","5896","0.0056",".md","2026-08-15 15:13:53","True"
"00_project_management\next_stage_decision_2026-08-15_gateC5.md","6816","0.0065",".md","2026-08-15 16:21:56","True"
"00_project_management\next_stage_decision_2026-08-15_gateC5B.md","5488","0.0052",".md","2026-08-15 16:23:14","True"
"00_project_management\next_stage_decision_2026-08-15_gateC6.md","5751","0.0055",".md","2026-08-15 17:18:48","True"
"00_project_management\next_stage_decision_2026-08-15_gateC6B.md","3537","0.0034",".md","2026-08-15 17:49:33","True"
"00_project_management\next_stage_decision_2026-08-15_gateC7_manuscript_figure_integration.md","2821","0.0027",".md","2026-08-15 18:32:05","True"
"00_project_management\next_stage_decision_2026-08-15.md","2765","0.0026",".md","2026-08-15 14:03:05","True"
"00_project_management\next_stage_decision_2026-08-20_gateC8_journal_submission_package.md","3046","0.0029",".md","2026-08-20 16:28:04","True"
"00_project_management\next_stage_decision_2026-08-20_gateC8B_after_C8R.md","5091","0.0049",".md","2026-08-20 18:23:19","True"
"00_project_management\next_stage_decision_2026-08-20_gateC8B_author_declarations_archive_preflight.md","3416","0.0033",".md","2026-08-20 17:10:05","True"
"00_project_management\next_stage_decision_2026-08-21_gateC8B_after_C8S.md","5279","0.005",".md","2026-08-21 01:04:50","True"
"00_project_management\next_stage_decision_2026-08-21_gateC8B_author_completion_after_editorial_preflight.md","3258","0.0031",".md","2026-08-21 02:02:31","True"
"00_project_management\next_stage_decision_2026-08-25_gateC8BR_author_completion_release_doi_portal.md","3384","0.0032",".md","2026-08-25 02:29:55","True"
"00_project_management\pdf_inventory_2026-06-22.csv","8297","0.0079",".csv","2026-06-22 03:38:20","False"
"00_project_management\pdf_inventory_active_2026-06-22.csv","1264","0.0012",".csv","2026-06-22 03:39:58","False"
"00_project_management\phase1_status_2026-06-23.md","3419","0.0033",".md","2026-06-23 19:33:07","True"
"00_project_management\phase10_targets_2026-07-07.md","2164","0.0021",".md","2026-07-08 18:07:03","True"
"00_project_management\phase11_targets_2026-07-08.md","1989","0.0019",".md","2026-07-08 18:07:52","True"
"00_project_management\phase12_targets_2026-07-08.md","2106","0.002",".md","2026-07-08 19:24:58","True"
"00_project_management\phase13_targets_2026-07-08.md","2251","0.0021",".md","2026-07-08 19:38:27","True"
"00_project_management\phase14_targets_2026-07-09.md","2888","0.0028",".md","2026-07-09 05:58:08","True"
"00_project_management\phase15_targets_2026-07-22.md","2861","0.0027",".md","2026-07-22 11:40:57","True"
"00_project_management\phase16_targets_2026-07-22.md","1679","0.0016",".md","2026-07-22 12:36:48","True"
"00_project_management\phase17_integrity_audit_2026-08-12.md","2647","0.0025",".md","2026-08-12 17:55:40","True"
"00_project_management\phase17_integrity_manifest_2026-08-12.csv","42799","0.0408",".csv","2026-08-12 17:53:39","True"
"00_project_management\phase2_targets_2026-06-24.md","6868","0.0065",".md","2026-06-24 01:20:46","True"
"00_project_management\phase3_targets_2026-06-29.md","4282","0.0041",".md","2026-06-29 06:32:30","True"
"00_project_management\phase4_targets_2026-06-29.md","4658","0.0044",".md","2026-06-29 06:57:56","True"
"00_project_management\phase5_targets_2026-07-01.md","2817","0.0027",".md","2026-07-01 05:19:47","True"
"00_project_management\phase6_targets_2026-07-01.md","2156","0.0021",".md","2026-07-01 05:32:29","True"
"00_project_management\phase7_targets_2026-07-01.md","1624","0.0015",".md","2026-07-01 06:00:21","True"
"00_project_management\phase8_targets_2026-07-01.md","1947","0.0019",".md","2026-07-01 06:45:08","True"
"00_project_management\phase9_targets_2026-07-01.md","1885","0.0018",".md","2026-07-01 06:52:55","True"
"00_project_management\qa_bcell_first_pass_2026-06-23.json","2790","0.0027",".json","2026-06-23 19:21:56","True"
"00_project_management\qa_bcell_first_pass_2026-06-23.md","1376","0.0013",".md","2026-06-23 19:56:52","True"
"00_project_management\round6_full_pipeline_resampling_handoff_2026-08-25.md","4912","0.0047",".md","2026-08-25 23:32:53","True"
"00_project_management\round6_q1_robustness_execution_contract_2026-08-25.md","4790","0.0046",".md","2026-08-25 23:32:53","True"
"01_manuscript\citation_signature_audit_v1.md","11493","0.011",".md","2026-07-01 05:59:10","True"
"01_manuscript\figure1_legend_draft.md","1666","0.0016",".md","2026-07-22 12:31:29","True"
"01_manuscript\figure1_v7_legend_draft_2026-08-10.md","3570","0.0034",".md","2026-08-12 17:31:13","True"
"01_manuscript\figure2_v3_legend_draft.md","1161","0.0011",".md","2026-07-27 06:59:22","True"
"01_manuscript\figure3_v1_legend_draft.md","1466","0.0014",".md","2026-07-22 12:31:29","True"
"01_manuscript\figure4_gateC5B_legend_draft_2026-08-15.md","2718","0.0026",".md","2026-08-15 17:42:40","True"
"01_manuscript\figure4_v1_legend_draft.md","1397","0.0013",".md","2026-07-27 06:59:22","True"
"01_manuscript\figure5_v1_legend_draft.md","1598","0.0015",".md","2026-07-27 06:59:22","True"
"01_manuscript\figure6_gse135779_validation_legend_draft.md","1863","0.0018",".md","2026-07-22 12:31:29","True"
"01_manuscript\figure6_gse163121_validation_legend_draft.md","1592","0.0015",".md","2026-07-07 22:38:57","True"
"01_manuscript\figure7_onek1k_reference_context_legend_draft.md","1119","0.0011",".md","2026-07-22 12:23:42","True"
"01_manuscript\main_figure_legends_v9_gateC7_2026-08-20.md","3595","0.0034",".md","2026-08-20 16:28:13","True"
"01_manuscript\manuscript_skeleton.md","2888","0.0028",".md","2026-06-22 03:40:39","True"
"01_manuscript\manuscript_v1_working_draft.md","10678","0.0102",".md","2026-07-01 06:00:21","True"
"01_manuscript\manuscript_v10_genome_medicine_submission_2026-08-20.md","38205","0.0364",".md","2026-08-20 17:06:20","True"
"01_manuscript\manuscript_v11_genome_medicine_gateC8R_2026-08-20.md","46131","0.044",".md","2026-08-20 18:21:54","True"
"01_manuscript\manuscript_v12_genome_medicine_gateC8S_2026-08-21.md","48607","0.0464",".md","2026-08-21 00:59:57","True"
"01_manuscript\manuscript_v13_genome_medicine_gateC8B_editorial_preflight_2026-08-21.md","49341","0.0471",".md","2026-08-21 01:50:13","True"
"01_manuscript\manuscript_v14_genome_medicine_release_preflight_2026-08-25.md","50392","0.0481",".md","2026-08-25 02:30:11","True"
"01_manuscript\manuscript_v15_genome_medicine_journal_facing_prefreeze_2026-08-25.md","50453","0.0481",".md","2026-08-25 03:34:10","True"
"01_manuscript\manuscript_v2_submission_style.md","13779","0.0131",".md","2026-07-01 06:42:29","True"
"01_manuscript\manuscript_v3_upper_q1_working.md","20701","0.0197",".md","2026-07-09 05:57:40","True"
"01_manuscript\manuscript_v4_nature_style_refined.md","22571","0.0215",".md","2026-07-27 07:08:10","True"
"01_manuscript\manuscript_v5_genome_medicine_targeted.md","37933","0.0362",".md","2026-07-27 07:09:00","True"
"01_manuscript\manuscript_v6_genome_medicine_submission_source.md","45215","0.0431",".md","2026-07-31 03:40:00","True"
"01_manuscript\manuscript_v7_scientific_blueprint_2026-08-10.md","11128","0.0106",".md","2026-08-12 17:31:40","True"
"01_manuscript\manuscript_v8_gateC6A_claim_integrated_2026-08-15.md","23191","0.0221",".md","2026-08-15 17:53:05","True"
"01_manuscript\manuscript_v9_gateC7_submission_scientific_draft_2026-08-20.md","32363","0.0309",".md","2026-08-20 16:28:13","True"
"01_manuscript\Manuscript.md","57887","0.0552",".md","2026-08-27 10:44:16","True"
"01_manuscript\methods_covariate_sensitivity_addendum.md","1326","0.0013",".md","2026-07-01 05:19:47","True"
"01_manuscript\methods_draft_v1_figures1_to3.md","4632","0.0044",".md","2026-06-29 06:50:46","True"
"01_manuscript\methods_external_validation_addendum.md","3635","0.0035",".md","2026-07-08 19:33:58","True"
"01_manuscript\methods_literature_signature_validation_addendum.md","1433","0.0014",".md","2026-07-01 05:32:29","True"
"01_manuscript\outline.md","3609","0.0034",".md","2026-06-22 05:40:11","True"
"01_manuscript\pitch_and_abstracts.md","4071","0.0039",".md","2026-06-22 05:42:23","True"
"01_manuscript\proposal_basis_final_v4.docx","213145","0.2033",".docx","2026-05-22 23:01:47","True"
"01_manuscript\proposal_basis_humanized_v13.docx","176848","0.1687",".docx","2026-05-22 22:48:50","True"
"01_manuscript\proposal_latex_source\.gitignore","3363","0.0032",".gitignore","2026-05-22 23:00:56","True"
"01_manuscript\proposal_latex_source\assets\example.png","260884","0.2488",".png","2026-05-22 23:15:08","True"
"01_manuscript\proposal_latex_source\assets\Put Images Here.txt","0","0",".txt","2026-05-22 23:15:08","True"
"01_manuscript\proposal_latex_source\LICENSE","1063","0.001","","2026-05-22 23:00:57","True"
"01_manuscript\proposal_latex_source\main_backup.tex","20433","0.0195",".tex","2026-05-22 23:00:57","True"
"01_manuscript\proposal_latex_source\main.tex","20519","0.0196",".tex","2026-05-22 23:00:57","True"
"01_manuscript\proposal_latex_source\mbi6013.sty","1107","0.0011",".sty","2026-05-22 23:00:58","True"
"01_manuscript\proposal_latex_source\README.md","399","0.0004",".md","2026-05-22 23:00:58","True"
"01_manuscript\proposal_latex_source\ref.bib","2983","0.0028",".bib","2026-05-22 23:00:58","True"
"01_manuscript\README.md","725","0.0007",".md","2026-08-25 06:20:42","True"
"01_manuscript\references_verified_crossref_2026-07-09.bib","13487","0.0129",".bib","2026-07-27 06:57:27","True"
"01_manuscript\references_working_v1.bib","3235","0.0031",".bib","2026-07-08 19:33:58","True"
"01_manuscript\research_proposal_v14_methodologically_revised_2026-08-10.docx","48977","0.0467",".docx","2026-08-10 19:25:12","True"
"01_manuscript\research_proposal_v14_methodologically_revised_2026-08-10.md","24592","0.0235",".md","2026-08-10 19:24:51","True"
"01_manuscript\research_proposal_v14_methodologically_revised_2026-08-10.pdf","177803","0.1696",".pdf","2026-08-10 19:25:15","True"
"01_manuscript\research_proposal_v15_gateC6A_integrated_2026-08-15.md","17024","0.0162",".md","2026-08-15 17:53:05","True"
"01_manuscript\Research_Proposal.md","13057","0.0125",".md","2026-08-25 06:31:40","True"
"01_manuscript\results_draft_phase10_external_validation.md","3297","0.0031",".md","2026-07-08 18:07:03","True"
"01_manuscript\results_draft_phase12_onek1k_reference_context.md","1472","0.0014",".md","2026-07-08 19:24:58","True"
"01_manuscript\results_draft_phase2.md","5063","0.0048",".md","2026-06-24 01:12:03","True"
"01_manuscript\results_draft_phase3.md","3965","0.0038",".md","2026-06-29 06:49:21","True"
"01_manuscript\results_draft_phase4_covariate_sensitivity.md","2778","0.0026",".md","2026-07-01 05:19:47","True"
"01_manuscript\results_draft_phase5_literature_signature_validation.md","2850","0.0027",".md","2026-07-01 05:32:29","True"
"01_manuscript\results_draft_v1_figures1_to3.md","6178","0.0059",".md","2026-06-29 06:50:46","True"
"01_manuscript\supplement_qc_flagged_cluster_legend_draft.md","1349","0.0013",".md","2026-07-22 12:31:29","True"
"01_manuscript\supplementary_figure_s4_compositional_sensitivity_legend_draft.md","1383","0.0013",".md","2026-07-27 06:59:22","True"
"01_manuscript\supplementary_information_v1_gateC8_2026-08-20.md","6406","0.0061",".md","2026-08-20 17:06:20","True"
"01_manuscript\supplementary_information_v2_gateC8R_2026-08-20.md","8358","0.008",".md","2026-08-20 18:21:54","True"
"01_manuscript\supplementary_information_v3_gateC8S_2026-08-21.md","13444","0.0128",".md","2026-08-21 00:59:57","True"
"01_manuscript\supplementary_information_v4_gateC8B_editorial_preflight_2026-08-21.md","13590","0.013",".md","2026-08-21 01:50:13","True"
"01_manuscript\supplementary_information_v5_release_preflight_2026-08-25.md","13606","0.013",".md","2026-08-25 02:30:11","True"
"01_manuscript\supplementary_information_v6_journal_facing_2026-08-25.md","15071","0.0144",".md","2026-08-25 03:34:10","True"
"01_manuscript\Supplementary_Information.md","22704","0.0217",".md","2026-08-27 10:44:16","True"
"01_manuscript\title_abstract_options_v1.md","4352","0.0042",".md","2026-06-29 06:57:56","True"
"02_analysis\data_inventory\analysis_package_levels.md","2716","0.0026",".md","2026-06-22 05:40:11","True"
"02_analysis\data_inventory\bcell_signature_seed.md","2550","0.0024",".md","2026-06-22 05:42:53","True"
"02_analysis\data_inventory\datasets.md","3881","0.0037",".md","2026-07-08 19:24:58","True"
"02_analysis\data_inventory\h5ad_inspection\GSE174188_cellxgene\basic_info.json","1735","0.0017",".json","2026-06-23 01:43:14","True"
"02_analysis\data_inventory\h5ad_inspection\GSE174188_cellxgene\obs_columns_summary.csv","4407","0.0042",".csv","2026-06-23 01:43:22","True"
"02_analysis\data_inventory\h5ad_inspection\GSE174188_cellxgene\var_columns_summary.csv","786","0.0007",".csv","2026-06-23 01:43:22","True"
"02_analysis\data_inventory\literature_core.md","2296","0.0022",".md","2026-06-22 03:39:08","True"
"02_analysis\data_inventory\source_lookup_2026-06-22.md","2731","0.0026",".md","2026-06-22 06:00:49","True"
"02_analysis\environment_notes.md","1838","0.0018",".md","2026-06-22 12:52:17","True"
"02_analysis\environment.yml","319","0.0003",".yml","2026-06-22 12:52:17","True"
"02_analysis\README.md","2803","0.0027",".md","2026-06-22 03:37:01","True"
"02_analysis\requirements_scanpy.txt","112","0.0001",".txt","2026-06-22 12:52:17","True"
"02_analysis\RUNBOOK_phase1_local_compute.md","7585","0.0072",".md","2026-06-23 01:56:39","True"
"02_analysis\RUNBOOK_phase2_dataset_overview_figure1.md","1795","0.0017",".md","2026-06-29 06:31:42","True"
"02_analysis\RUNBOOK_phase2_refined_figure2.md","4356","0.0042",".md","2026-06-24 01:20:27","True"
"02_analysis\RUNBOOK_phase3_abc_apc_focus.md","4753","0.0045",".md","2026-07-22 12:09:15","True"
"02_analysis\RUNBOOK_phase4_covariate_sensitivity.md","2720","0.0026",".md","2026-07-22 12:09:15","True"
"02_analysis\RUNBOOK_phase4_supplement_qc_flagged_cluster.md","2236","0.0021",".md","2026-06-29 06:56:46","True"
"02_analysis\RUNBOOK_phase5_literature_signature_validation.md","2640","0.0025",".md","2026-07-22 12:09:15","True"
"02_analysis\RUNBOOK_phase6_compositional_sensitivity.md","2240","0.0021",".md","2026-07-27 06:59:38","True"
"02_analysis\RUNBOOK_phase7_regulatory_evidence.md","4382","0.0042",".md","2026-07-27 08:09:48","True"
"02_analysis\scripts\__pycache__\01_check_scanpy_env.cpython-311.pyc","2893","0.0028",".pyc","2026-08-10 19:40:03","False"
"02_analysis\scripts\__pycache__\01_check_scanpy_env.cpython-313.pyc","1677","0.0016",".pyc","2026-06-22 06:01:28","False"
"02_analysis\scripts\__pycache__\01_inspect_h5ad.cpython-311.pyc","6028","0.0057",".pyc","2026-08-10 19:40:03","False"
"02_analysis\scripts\__pycache__\01_inspect_h5ad.cpython-313.pyc","5367","0.0051",".pyc","2026-06-23 01:56:56","False"
"02_analysis\scripts\__pycache__\02_subset_bcells_from_h5ad.cpython-311.pyc","4876","0.0047",".pyc","2026-08-10 19:40:03","False"
"02_analysis\scripts\__pycache__\02_subset_bcells_from_h5ad.cpython-313.pyc","4473","0.0043",".pyc","2026-06-23 01:56:56","False"
"02_analysis\scripts\__pycache__\03_scanpy_bcell_first_pass.cpython-311.pyc","10376","0.0099",".pyc","2026-08-10 19:40:03","False"
"02_analysis\scripts\__pycache__\03_scanpy_bcell_first_pass.cpython-313.pyc","9331","0.0089",".pyc","2026-06-23 03:00:51","False"
"02_analysis\scripts\__pycache__\04_summarize_bcell_first_pass.cpython-311.pyc","4570","0.0044",".pyc","2026-08-10 19:40:03","False"
"02_analysis\scripts\__pycache__\04_summarize_bcell_first_pass.cpython-313.pyc","3758","0.0036",".pyc","2026-06-23 03:00:51","False"
"02_analysis\scripts\__pycache__\05_make_bcell_composition_tables.cpython-311.pyc","4853","0.0046",".pyc","2026-08-10 19:40:03","False"
"02_analysis\scripts\__pycache__\05_make_bcell_composition_tables.cpython-313.pyc","4152","0.004",".pyc","2026-06-23 03:36:07","False"
"02_analysis\scripts\__pycache__\06_plot_bcell_metadata_umaps.cpython-311.pyc","2224","0.0021",".pyc","2026-08-10 19:40:03","False"
"02_analysis\scripts\__pycache__\06_plot_bcell_metadata_umaps.cpython-313.pyc","1876","0.0018",".pyc","2026-06-23 03:36:07","False"
"02_analysis\scripts\__pycache__\07_test_cluster_fraction_by_disease.cpython-311.pyc","7783","0.0074",".pyc","2026-08-10 19:40:03","False"
"02_analysis\scripts\__pycache__\08_plot_cluster_fraction_by_disease.cpython-311.pyc","4741","0.0045",".pyc","2026-08-10 19:40:03","False"
"02_analysis\scripts\__pycache__\08_plot_cluster_fraction_by_disease.cpython-313.pyc","3962","0.0038",".pyc","2026-06-23 03:39:16","False"
"02_analysis\scripts\__pycache__\09_audit_bcell_outputs.cpython-311.pyc","12384","0.0118",".pyc","2026-08-10 19:40:03","False"
"02_analysis\scripts\__pycache__\10_apply_cluster_labels_and_plot.cpython-311.pyc","3947","0.0038",".pyc","2026-08-10 19:40:03","False"
"02_analysis\scripts\__pycache__\10_apply_cluster_labels_and_plot.cpython-313.pyc","3566","0.0034",".pyc","2026-06-23 19:23:10","False"
"02_analysis\scripts\__pycache__\11_state_level_donor_tests.cpython-311.pyc","6420","0.0061",".pyc","2026-08-10 19:40:03","False"
"02_analysis\scripts\__pycache__\11_state_level_donor_tests.cpython-313.pyc","5473","0.0052",".pyc","2026-06-23 19:23:10","False"
"02_analysis\scripts\__pycache__\12_make_figure2_draft.cpython-311.pyc","9352","0.0089",".pyc","2026-08-10 19:40:03","False"
"02_analysis\scripts\__pycache__\12_make_figure2_draft.cpython-313.pyc","7354","0.007",".pyc","2026-06-23 19:30:05","False"
"02_analysis\scripts\__pycache__\13_audit_workspace.cpython-311.pyc","50633","0.0483",".pyc","2026-08-10 19:40:03","False"
"02_analysis\scripts\__pycache__\14_raw_count_marker_refinement.cpython-311.pyc","23367","0.0223",".pyc","2026-08-10 19:40:03","False"
"02_analysis\scripts\__pycache__\15_raw_count_rank_state_markers.cpython-311.pyc","9330","0.0089",".pyc","2026-08-10 19:40:03","False"
"02_analysis\scripts\__pycache__\16_state_fraction_sensitivity.cpython-311.pyc","9534","0.0091",".pyc","2026-08-10 19:40:03","False"
"02_analysis\scripts\__pycache__\17_make_figure2_v3_refined.cpython-311.pyc","22909","0.0218",".pyc","2026-07-27 07:30:51","False"
"02_analysis\scripts\__pycache__\18_make_figure1_dataset_overview.cpython-311.pyc","22885","0.0218",".pyc","2026-07-27 07:30:51","False"
"02_analysis\scripts\__pycache__\19_pseudobulk_state_expression.cpython-311.pyc","24381","0.0233",".pyc","2026-07-22 12:34:39","False"
"02_analysis\scripts\__pycache__\20_make_figure3_abc_apc_focus.cpython-311.pyc","19628","0.0187",".pyc","2026-07-27 07:30:51","False"
"02_analysis\scripts\__pycache__\21_make_supplement_qc_flagged_cluster.cpython-311.pyc","18322","0.0175",".pyc","2026-07-27 06:23:49","False"
"02_analysis\scripts\__pycache__\22_covariate_sensitivity_abundance.cpython-311.pyc","41305","0.0394",".pyc","2026-07-27 07:30:51","False"
"02_analysis\scripts\__pycache__\23_literature_signature_validation.cpython-311.pyc","45717","0.0436",".pyc","2026-07-27 07:30:51","False"
"02_analysis\scripts\__pycache__\24_citation_signature_audit.cpython-311.pyc","19767","0.0189",".pyc","2026-08-10 19:40:03","False"
"02_analysis\scripts\__pycache__\25_build_submission_manifest.cpython-311.pyc","10652","0.0102",".pyc","2026-08-10 19:40:03","False"
"02_analysis\scripts\__pycache__\26_prepare_submission_asset_bundle.cpython-311.pyc","35179","0.0335",".pyc","2026-07-22 12:40:16","False"
"02_analysis\scripts\__pycache__\26_prepare_submission_asset_bundle.cpython-313.pyc","31898","0.0304",".pyc","2026-07-31 03:50:49","False"
"02_analysis\scripts\__pycache__\27_run_gse163121_bcell_validation.cpython-311.pyc","31880","0.0304",".pyc","2026-08-10 19:40:03","False"
"02_analysis\scripts\__pycache__\28_gse135779_validation_readiness.cpython-311.pyc","12029","0.0115",".pyc","2026-07-08 17:44:20","False"
"02_analysis\scripts\__pycache__\29_inspect_gse135779_raw_tar.cpython-311.pyc","7542","0.0072",".pyc","2026-07-08 17:44:20","False"
"02_analysis\scripts\__pycache__\30_run_gse135779_bcell_validation.cpython-311.pyc","37202","0.0355",".pyc","2026-07-27 07:30:51","False"
"02_analysis\scripts\__pycache__\30_run_gse135779_bcell_validation.cpython-313.pyc","32124","0.0306",".pyc","2026-07-22 11:41:41","False"
"02_analysis\scripts\__pycache__\31_inspect_onek1k_cellxgene.cpython-311.pyc","14112","0.0135",".pyc","2026-07-08 18:58:07","False"
"02_analysis\scripts\__pycache__\31_inspect_onek1k_cellxgene.cpython-313.pyc","12571","0.012",".pyc","2026-07-08 19:08:55","False"
"02_analysis\scripts\__pycache__\32_onek1k_bcell_reference_context.cpython-311.pyc","27847","0.0266",".pyc","2026-07-27 07:30:51","False"
"02_analysis\scripts\__pycache__\32_onek1k_bcell_reference_context.cpython-313.pyc","22761","0.0217",".pyc","2026-07-22 11:41:41","False"
"02_analysis\scripts\__pycache__\34_verify_references_crossref.cpython-311.pyc","14470","0.0138",".pyc","2026-08-10 19:40:03","False"
"02_analysis\scripts\__pycache__\34_verify_references_crossref.cpython-313.pyc","12342","0.0118",".pyc","2026-07-09 05:58:40","False"
"02_analysis\scripts\__pycache__\35_manuscript_structure_qc.cpython-311.pyc","9720","0.0093",".pyc","2026-08-10 19:40:03","False"
"02_analysis\scripts\__pycache__\35_manuscript_structure_qc.cpython-313.pyc","6995","0.0067",".pyc","2026-07-22 11:41:41","False"
"02_analysis\scripts\__pycache__\36_figure_nature_style_qc.cpython-311.pyc","14435","0.0138",".pyc","2026-07-27 07:30:51","False"
"02_analysis\scripts\__pycache__\36_figure_nature_style_qc.cpython-313.pyc","10148","0.0097",".pyc","2026-07-22 11:41:41","False"
"02_analysis\scripts\__pycache__\37_prepare_genome_medicine_manuscript.cpython-311.pyc","10799","0.0103",".pyc","2026-07-27 07:30:51","False"
"02_analysis\scripts\__pycache__\38_compositional_abundance_sensitivity.cpython-311.pyc","28339","0.027",".pyc","2026-07-27 07:30:51","False"
"02_analysis\scripts\__pycache__\39_manuscript_numeric_consistency_qc.cpython-311.pyc","9643","0.0092",".pyc","2026-07-27 07:30:51","False"
"02_analysis\scripts\__pycache__\40_prepare_regulatory_loci.cpython-311.pyc","10404","0.0099",".pyc","2026-07-27 08:10:17","False"
"02_analysis\scripts\__pycache__\41_fetch_eqtl_catalogue_bcell.cpython-311.pyc","9254","0.0088",".pyc","2026-07-27 08:10:17","False"
"02_analysis\scripts\__pycache__\42_coloc_regulatory_evidence.cpython-311.pyc","24241","0.0231",".pyc","2026-08-10 19:40:03","False"
"02_analysis\scripts\__pycache__\43_phase7_regulatory_qc.cpython-311.pyc","10802","0.0103",".pyc","2026-08-10 19:40:03","False"
"02_analysis\scripts\__pycache__\44_prepare_submission_manuscript.cpython-311.pyc","28629","0.0273",".pyc","2026-08-10 19:40:03","False"
"02_analysis\scripts\__pycache__\44_prepare_submission_manuscript.cpython-313.pyc","25671","0.0245",".pyc","2026-07-31 03:40:01","False"
"02_analysis\scripts\__pycache__\45_build_submission_documents.cpython-311.pyc","21413","0.0204",".pyc","2026-08-10 19:40:03","False"
"02_analysis\scripts\__pycache__\45_build_submission_documents.cpython-312.pyc","19306","0.0184",".pyc","2026-07-31 03:41:39","False"
"02_analysis\scripts\__pycache__\46_submission_document_qc.cpython-311.pyc","17269","0.0165",".pyc","2026-08-10 19:40:03","False"
"02_analysis\scripts\__pycache__\46_submission_document_qc.cpython-312.pyc","14355","0.0137",".pyc","2026-07-31 03:50:15","False"
"02_analysis\scripts\__pycache__\47_build_final_submission_package.cpython-311.pyc","19178","0.0183",".pyc","2026-08-10 19:40:03","False"
"02_analysis\scripts\__pycache__\47_build_final_submission_package.cpython-313.pyc","17306","0.0165",".pyc","2026-07-31 03:58:25","False"
"02_analysis\scripts\__pycache__\48_verify_final_submission_package.cpython-311.pyc","14685","0.014",".pyc","2026-08-10 19:40:03","False"
"02_analysis\scripts\__pycache__\48_verify_final_submission_package.cpython-312.pyc","11964","0.0114",".pyc","2026-07-31 03:54:29","False"
"02_analysis\scripts\__pycache__\49_build_cover_letter.cpython-311.pyc","9304","0.0089",".pyc","2026-08-10 19:40:03","False"
"02_analysis\scripts\__pycache__\49_build_cover_letter.cpython-312.pyc","8549","0.0082",".pyc","2026-07-31 03:56:58","False"
"02_analysis\scripts\__pycache__\50_make_v7_figure1_study_design.cpython-311.pyc","21928","0.0209",".pyc","2026-08-10 19:40:03","False"
"02_analysis\scripts\__pycache__\diagnose_h5ad_matrix.cpython-311.pyc","4417","0.0042",".pyc","2026-08-10 19:40:03","False"
"02_analysis\scripts\__pycache__\publication_figure_style.cpython-311.pyc","2629","0.0025",".pyc","2026-07-27 06:23:49","False"
"02_analysis\scripts\00_create_conda_env.ps1","2297","0.0022",".ps1","2026-06-22 06:11:14","True"
"02_analysis\scripts\00_download_gse135779_validation_sources.ps1","2569","0.0024",".ps1","2026-07-07 22:22:30","True"
"02_analysis\scripts\00_download_gse163121_bcell_validation.ps1","1465","0.0014",".ps1","2026-07-07 22:22:30","True"
"02_analysis\scripts\00_download_onek1k_gse196830_cellxgene.ps1","1498","0.0014",".ps1","2026-07-08 18:33:55","True"
"02_analysis\scripts\00_download_perez_gse174188_cellxgene.ps1","3061","0.0029",".ps1","2026-06-22 19:48:43","True"
"02_analysis\scripts\00_download_perez_gse174188_zenodo.ps1","1686","0.0016",".ps1","2026-06-22 06:05:03","True"
"02_analysis\scripts\00_download_sle_gwas_gcst005831.ps1","3240","0.0031",".ps1","2026-07-27 08:06:45","True"
"02_analysis\scripts\00_download_sle_gwas_gcst90558100.ps1","3458","0.0033",".ps1","2026-07-27 07:41:12","True"
"02_analysis\scripts\00_environment_check.ps1","807","0.0008",".ps1","2026-06-22 05:45:31","True"
"02_analysis\scripts\00_install_miniforge_with_winget.ps1","918","0.0009",".ps1","2026-06-22 06:05:03","True"
"02_analysis\scripts\01_check_scanpy_env_conda.ps1","1277","0.0012",".ps1","2026-06-22 06:11:14","True"
"02_analysis\scripts\01_check_scanpy_env.py","1738","0.0017",".py","2026-06-22 12:52:07","True"
"02_analysis\scripts\01_inspect_h5ad.py","3011","0.0029",".py","2026-06-22 05:59:32","True"
"02_analysis\scripts\02_subset_bcells_from_h5ad.py","2515","0.0024",".py","2026-06-23 01:44:49","True"
"02_analysis\scripts\03_scanpy_bcell_first_pass.py","5913","0.0056",".py","2026-06-23 03:00:39","True"
"02_analysis\scripts\04_summarize_bcell_first_pass.py","2246","0.0021",".py","2026-06-23 03:00:39","True"
"02_analysis\scripts\05_make_bcell_composition_tables.py","2881","0.0027",".py","2026-06-23 03:35:51","True"
"02_analysis\scripts\06_plot_bcell_metadata_umaps.py","966","0.0009",".py","2026-06-23 03:35:51","True"
"02_analysis\scripts\07_test_cluster_fraction_by_disease.py","3680","0.0035",".py","2026-06-23 03:37:37","True"
"02_analysis\scripts\08_plot_cluster_fraction_by_disease.py","2199","0.0021",".py","2026-06-23 03:39:02","True"
"02_analysis\scripts\09_audit_bcell_outputs.py","6938","0.0066",".py","2026-06-23 19:21:11","True"
"02_analysis\scripts\10_apply_cluster_labels_and_plot.py","1926","0.0018",".py","2026-06-23 19:22:50","True"
"02_analysis\scripts\11_state_level_donor_tests.py","3154","0.003",".py","2026-06-23 19:22:50","True"
"02_analysis\scripts\12_make_figure2_draft.py","4893","0.0047",".py","2026-06-23 19:31:32","True"
"02_analysis\scripts\13_audit_workspace.py","27292","0.026",".py","2026-06-23 20:19:12","True"
"02_analysis\scripts\14_raw_count_marker_refinement.py","13550","0.0129",".py","2026-06-24 01:08:29","True"
"02_analysis\scripts\15_raw_count_rank_state_markers.py","4781","0.0046",".py","2026-06-24 01:07:08","True"
"02_analysis\scripts\16_state_fraction_sensitivity.py","4886","0.0047",".py","2026-06-24 01:10:02","True"
"02_analysis\scripts\17_make_figure2_v3_refined.py","13906","0.0133",".py","2026-07-27 07:28:23","True"
"02_analysis\scripts\18_make_figure1_dataset_overview.py","13654","0.013",".py","2026-07-27 07:19:03","True"
"02_analysis\scripts\19_pseudobulk_state_expression.py","15035","0.0143",".py","2026-07-22 12:04:34","True"
"02_analysis\scripts\20_make_figure3_abc_apc_focus.py","11195","0.0107",".py","2026-07-27 07:29:34","True"
"02_analysis\scripts\21_make_supplement_qc_flagged_cluster.py","10295","0.0098",".py","2026-07-27 06:21:57","True"
"02_analysis\scripts\22_covariate_sensitivity_abundance.py","23889","0.0228",".py","2026-07-27 07:27:01","True"
"02_analysis\scripts\23_literature_signature_validation.py","31189","0.0297",".py","2026-07-27 07:06:29","True"
"02_analysis\scripts\24_citation_signature_audit.py","17507","0.0167",".py","2026-07-01 05:55:47","True"
"02_analysis\scripts\25_build_submission_manifest.py","9513","0.0091",".py","2026-07-01 06:43:53","True"
"02_analysis\scripts\26_prepare_submission_asset_bundle.py","31467","0.03",".py","2026-07-22 12:40:06","True"
"02_analysis\scripts\27_run_gse163121_bcell_validation.py","18961","0.0181",".py","2026-07-27 06:24:27","True"
"02_analysis\scripts\28_gse135779_validation_readiness.py","7649","0.0073",".py","2026-07-07 22:33:28","True"
"02_analysis\scripts\29_inspect_gse135779_raw_tar.py","5036","0.0048",".py","2026-07-07 22:38:57","True"
"02_analysis\scripts\30_run_gse135779_bcell_validation.py","21945","0.0209",".py","2026-07-27 07:21:16","True"
"02_analysis\scripts\31_inspect_onek1k_cellxgene.py","7636","0.0073",".py","2026-07-08 18:57:36","True"
"02_analysis\scripts\32_onek1k_bcell_reference_context.py","15927","0.0152",".py","2026-07-27 07:23:49","True"
"02_analysis\scripts\34_verify_references_crossref.py","8337","0.008",".py","2026-07-09 05:53:20","True"
"02_analysis\scripts\35_manuscript_structure_qc.py","5559","0.0053",".py","2026-07-27 08:10:45","True"
"02_analysis\scripts\36_figure_nature_style_qc.py","9419","0.009",".py","2026-07-27 06:53:54","True"
"02_analysis\scripts\37_prepare_genome_medicine_manuscript.py","7161","0.0068",".py","2026-07-27 06:59:56","True"
"02_analysis\scripts\38_compositional_abundance_sensitivity.py","18423","0.0176",".py","2026-07-27 06:54:42","True"
"02_analysis\scripts\39_manuscript_numeric_consistency_qc.py","7017","0.0067",".py","2026-07-27 07:05:24","True"
"02_analysis\scripts\40_prepare_regulatory_loci.py","6732","0.0064",".py","2026-07-27 07:57:06","True"
"02_analysis\scripts\41_fetch_eqtl_catalogue_bcell.py","7789","0.0074",".py","2026-07-27 07:50:12","True"
"02_analysis\scripts\42_coloc_regulatory_evidence.py","15987","0.0152",".py","2026-07-27 08:13:19","True"
"02_analysis\scripts\43_phase7_regulatory_qc.py","7552","0.0072",".py","2026-07-27 08:12:31","True"
"02_analysis\scripts\44_prepare_submission_manuscript.py","19944","0.019",".py","2026-07-31 03:39:53","True"
"02_analysis\scripts\45_build_submission_documents.py","12651","0.0121",".py","2026-07-31 03:41:29","True"
"02_analysis\scripts\46_submission_document_qc.py","8976","0.0086",".py","2026-07-31 03:50:04","True"
"02_analysis\scripts\47_build_final_submission_package.py","12629","0.012",".py","2026-07-31 03:58:19","True"
"02_analysis\scripts\48_verify_final_submission_package.py","6886","0.0066",".py","2026-07-31 03:54:18","True"
"02_analysis\scripts\49_build_cover_letter.py","5014","0.0048",".py","2026-07-31 03:56:48","True"
"02_analysis\scripts\50_make_v7_figure1_study_design.py","13836","0.0132",".py","2026-08-10 19:18:55","True"
"02_analysis\scripts\diagnose_h5ad_matrix.py","1623","0.0015",".py","2026-06-23 01:47:06","True"
"02_analysis\scripts\publication_figure_style.py","1629","0.0016",".py","2026-07-27 06:20:34","True"
"03_results\compositional_abundance_sensitivity\compositional_abundance_sensitivity_summary.md","1318","0.0013",".md","2026-07-27 06:55:06","False"
"03_results\compositional_abundance_sensitivity\figures\supplementary_figure_s4_compositional_sensitivity.pdf","71528","0.0682",".pdf","2026-07-27 06:55:06","False"
"03_results\compositional_abundance_sensitivity\figures\supplementary_figure_s4_compositional_sensitivity.png","417163","0.3978",".png","2026-07-27 06:55:03","False"
"03_results\compositional_abundance_sensitivity\tables\compositional_abundance_models.csv","11603","0.0111",".csv","2026-07-27 06:55:00","False"
"03_results\compositional_abundance_sensitivity\tables\core_state_compositional_comparison.csv","1827","0.0017",".csv","2026-07-27 06:55:00","False"
"03_results\compositional_abundance_sensitivity\tables\core_state_pseudocount_sensitivity.csv","2644","0.0025",".csv","2026-07-27 06:55:00","False"
"03_results\compositional_abundance_sensitivity\tables\donor_state_compositional_abundance.csv","276487","0.2637",".csv","2026-07-27 06:55:00","False"
"03_results\figure1_dataset_overview\figures\figure1_dataset_overview.pdf","62712","0.0598",".pdf","2026-07-27 07:19:27","False"
"03_results\figure1_dataset_overview\figures\figure1_dataset_overview.png","615452","0.5869",".png","2026-07-27 07:19:25","False"
"03_results\figure1_dataset_overview\tables\bcell_cell_type_counts.csv","55","0.0001",".csv","2026-07-27 07:19:23","False"
"03_results\figure1_dataset_overview\tables\bcell_donor_counts_by_disease_state.csv","68","0.0001",".csv","2026-07-27 07:19:23","False"
"03_results\figure1_dataset_overview\tables\bcell_donor_counts_by_disease.csv","66","0.0001",".csv","2026-07-27 07:19:23","False"
"03_results\figure1_dataset_overview\tables\bcell_refined_state_counts.csv","430","0.0004",".csv","2026-07-27 07:19:23","False"
"03_results\figure1_dataset_overview\tables\figure1_dataset_summary.csv","127","0.0001",".csv","2026-07-27 07:19:23","False"
"03_results\figure1_dataset_overview\tables\source_cell_type_counts.csv","330","0.0003",".csv","2026-07-27 07:19:23","False"
"03_results\figure1_dataset_overview\tables\source_donor_counts_by_disease_state.csv","69","0.0001",".csv","2026-07-27 07:19:23","False"
"03_results\figure1_dataset_overview\tables\source_donor_counts_by_disease.csv","66","0.0001",".csv","2026-07-27 07:19:23","False"
"03_results\figure3_abc_apc_focus\figures\figure3_v1_abc_apc_focus.pdf","64957","0.0619",".pdf","2026-07-27 07:30:25","False"
"03_results\figure3_abc_apc_focus\figures\figure3_v1_abc_apc_focus.png","657775","0.6273",".png","2026-07-27 07:30:22","False"
"03_results\figure3_abc_apc_focus\pseudobulk_state_expression_summary.md","3544","0.0034",".md","2026-07-22 12:05:07","False"
"03_results\figure3_abc_apc_focus\tables\abc_apc_program_by_disease_state.csv","2902","0.0028",".csv","2026-07-22 12:05:07","False"
"03_results\figure3_abc_apc_focus\tables\abc_apc_vs_other_gene_tests.csv","14577","0.0139",".csv","2026-07-22 12:05:07","False"
"03_results\figure3_abc_apc_focus\tables\abc_apc_vs_other_program_tests.csv","1962","0.0019",".csv","2026-07-22 12:05:07","False"
"03_results\figure3_abc_apc_focus\tables\donor_state_gene_pseudobulk_long.csv","18908563","18.0326",".csv","2026-07-22 12:05:07","False"
"03_results\figure3_abc_apc_focus\tables\donor_state_program_pseudobulk_long.csv","2467290","2.353",".csv","2026-07-22 12:05:07","False"
"03_results\figure3_abc_apc_focus\tables\donor_state_pseudobulk_groups.csv","142267","0.1357",".csv","2026-07-22 12:05:07","False"
"03_results\figure3_abc_apc_focus\tables\figure3_v1_focus_evidence.csv","1199","0.0011",".csv","2026-07-27 07:30:25","False"
"03_results\figure3_abc_apc_focus\tables\pseudobulk_genes_missing.csv","9","0",".csv","2026-07-22 12:05:07","False"
"03_results\figure3_abc_apc_focus\tables\pseudobulk_genes_present.csv","581","0.0006",".csv","2026-07-22 12:05:07","False"
"03_results\figure4_covariate_sensitivity\covariate_sensitivity_summary.md","1401","0.0013",".md","2026-07-27 07:27:37","False"
"03_results\figure4_covariate_sensitivity\figures\figure4_v1_covariate_sensitivity.pdf","56327","0.0537",".pdf","2026-07-27 07:27:43","False"
"03_results\figure4_covariate_sensitivity\figures\figure4_v1_covariate_sensitivity.png","454030","0.433",".png","2026-07-27 07:27:41","False"
"03_results\figure4_covariate_sensitivity\tables\donor_age_balance_summary.csv","179","0.0002",".csv","2026-07-27 07:27:37","False"
"03_results\figure4_covariate_sensitivity\tables\donor_covariate_balance_categorical.csv","1569","0.0015",".csv","2026-07-27 07:27:37","False"
"03_results\figure4_covariate_sensitivity\tables\donor_metadata_completeness_audit.csv","408","0.0004",".csv","2026-07-27 07:27:37","False"
"03_results\figure4_covariate_sensitivity\tables\donor_metadata_covariates.csv","111978","0.1068",".csv","2026-07-27 07:27:37","False"
"03_results\figure4_covariate_sensitivity\tables\state_abundance_by_disease_state_summary.csv","3940","0.0038",".csv","2026-07-27 07:27:37","False"
"03_results\figure4_covariate_sensitivity\tables\state_abundance_covariate_models.csv","5857","0.0056",".csv","2026-07-27 07:27:37","False"
"03_results\figure5_literature_signature_validation\figures\figure5_v1_literature_signature_validation.pdf","55716","0.0531",".pdf","2026-07-27 07:08:45","False"
"03_results\figure5_literature_signature_validation\figures\figure5_v1_literature_signature_validation.png","590529","0.5632",".png","2026-07-27 07:08:42","False"
"03_results\figure5_literature_signature_validation\literature_signature_validation_summary.md","1434","0.0014",".md","2026-07-27 07:08:39","False"
"03_results\figure5_literature_signature_validation\tables\abc_apc_signature_specificity_ranks.csv","1068","0.001",".csv","2026-07-27 07:08:39","False"
"03_results\figure5_literature_signature_validation\tables\abc_apc_vs_other_literature_signature_tests.csv","2416","0.0023",".csv","2026-07-27 07:08:39","False"
"03_results\figure5_literature_signature_validation\tables\donor_state_literature_signature_scores_long.csv","4305657","4.1062",".csv","2026-07-27 07:08:39","False"
"03_results\figure5_literature_signature_validation\tables\literature_informed_signature_catalog.csv","4604","0.0044",".csv","2026-07-27 07:08:39","False"
"03_results\figure5_literature_signature_validation\tables\signature_genes_missing.csv","28","0",".csv","2026-07-27 07:08:39","False"
"03_results\figure5_literature_signature_validation\tables\signature_genes_present.csv","544","0.0005",".csv","2026-07-27 07:08:39","False"
"03_results\figure5_literature_signature_validation\tables\state_literature_signature_summary.csv","12058","0.0115",".csv","2026-07-27 07:08:39","False"
"03_results\first_pass_bcell_full\bcell_first_pass_labeled.h5ad","1102606064","1051.5271",".h5ad","2026-06-23 19:24:34","False"
"03_results\first_pass_bcell_full\bcell_first_pass_processed.h5ad","1102539021","1051.4631",".h5ad","2026-06-23 03:33:32","False"
"03_results\first_pass_bcell_full\cluster_annotation_draft.csv","1314","0.0013",".csv","2026-06-23 03:38:38","False"
"03_results\first_pass_bcell_full\cluster_annotation_refined.csv","1659","0.0016",".csv","2026-06-23 19:56:52","False"
"03_results\first_pass_bcell_full\figures\donor_cluster_fraction_by_disease.png","400818","0.3822",".png","2026-06-23 03:39:21","False"
"03_results\first_pass_bcell_full\figures\dotplot__bcell_marker_dotplot.png","75991","0.0725",".png","2026-06-23 03:32:24","False"
"03_results\first_pass_bcell_full\figures\figure2_draft_bcell_state_atlas_v2.png","2389333","2.2786",".png","2026-06-23 19:32:24","False"
"03_results\first_pass_bcell_full\figures\figure2_draft_bcell_state_atlas.png","1163799","1.1099",".png","2026-06-23 19:30:27","False"
"03_results\first_pass_bcell_full\figures\figure2_v3_refined_bcell_state_atlas.pdf","143872","0.1372",".pdf","2026-07-27 07:29:06","False"
"03_results\first_pass_bcell_full\figures\figure2_v3_refined_bcell_state_atlas.png","1512498","1.4424",".png","2026-07-27 07:29:03","False"
"03_results\first_pass_bcell_full\figures\metadata\umap_metadata_overview.png","366277","0.3493",".png","2026-06-23 03:36:28","False"
"03_results\first_pass_bcell_full\figures\state_labels\umap_draft_state_metadata.png","341236","0.3254",".png","2026-06-23 19:24:40","False"
"03_results\first_pass_bcell_full\figures\umap_bcell_first_pass_scores.png","460453","0.4391",".png","2026-06-23 03:32:23","False"
"03_results\first_pass_bcell_full\marker_refinement\cluster_annotation_marker_review.csv","2848","0.0027",".csv","2026-06-24 01:10:51","False"
"03_results\first_pass_bcell_full\marker_refinement\figure2_v3_refined_state_labels.csv","300","0.0003",".csv","2026-07-27 07:29:06","False"
"03_results\first_pass_bcell_full\marker_refinement\figures\raw_count_cluster_marker_dotplot.png","625450","0.5965",".png","2026-06-24 01:08:52","False"
"03_results\first_pass_bcell_full\marker_refinement\figures\raw_count_state_marker_dotplot.png","670007","0.639",".png","2026-06-24 01:08:52","False"
"03_results\first_pass_bcell_full\marker_refinement\raw_count_marker_refinement_summary.md","5629","0.0054",".md","2026-06-24 01:08:52","False"
"03_results\first_pass_bcell_full\marker_refinement\raw_count_ranked_state_markers_summary.md","6381","0.0061",".md","2026-06-24 01:07:38","False"
"03_results\first_pass_bcell_full\marker_refinement\sensitivity\donor_state_fraction_tests_exclude_Naive_B_III_-_small_naive-like_cluster.csv","1418","0.0014",".csv","2026-06-24 01:10:17","False"
"03_results\first_pass_bcell_full\marker_refinement\sensitivity\donor_state_fractions_exclude_Naive_B_III_-_small_naive-like_cluster.csv","134300","0.1281",".csv","2026-06-24 01:10:17","False"
"03_results\first_pass_bcell_full\marker_refinement\sensitivity\sensitivity_metadata_exclude_Naive_B_III_-_small_naive-like_cluster.csv","134","0.0001",".csv","2026-06-24 01:10:17","False"
"03_results\first_pass_bcell_full\marker_refinement\tables\raw_count_marker_genes_missing.csv","34","0",".csv","2026-06-24 01:08:51","False"
"03_results\first_pass_bcell_full\marker_refinement\tables\raw_count_marker_genes_present.csv","501","0.0005",".csv","2026-06-24 01:08:51","False"
"03_results\first_pass_bcell_full\marker_refinement\tables\raw_count_marker_summary_by_cluster.csv","50853","0.0485",".csv","2026-06-24 01:08:51","False"
"03_results\first_pass_bcell_full\marker_refinement\tables\raw_count_marker_summary_by_state.csv","62684","0.0598",".csv","2026-06-24 01:08:51","False"
"03_results\first_pass_bcell_full\marker_refinement\tables\raw_count_program_summary_by_cluster.csv","5532","0.0053",".csv","2026-06-24 01:08:51","False"
"03_results\first_pass_bcell_full\marker_refinement\tables\raw_count_program_summary_by_state.csv","7481","0.0071",".csv","2026-06-24 01:08:51","False"
"03_results\first_pass_bcell_full\marker_refinement\tables\raw_count_ranked_state_marker_cell_counts.csv","250","0.0002",".csv","2026-06-24 01:07:38","False"
"03_results\first_pass_bcell_full\marker_refinement\tables\raw_count_ranked_state_markers.csv","73946","0.0705",".csv","2026-06-24 01:07:38","False"
"03_results\first_pass_bcell_full\README_interpretation.md","5313","0.0051",".md","2026-06-23 19:56:52","False"
"03_results\first_pass_bcell_full\tables\ABC_DN2_axis_genes_used.txt","45","0",".txt","2026-06-23 03:32:01","False"
"03_results\first_pass_bcell_full\tables\Activation_genes_used.txt","35","0",".txt","2026-06-23 03:32:13","False"
"03_results\first_pass_bcell_full\tables\Antigen_presentation_genes_used.txt","56","0.0001",".txt","2026-06-23 03:31:56","False"
"03_results\first_pass_bcell_full\tables\bcell_obs_scores_labeled.csv","58440648","55.7333",".csv","2026-06-23 19:24:35","False"
"03_results\first_pass_bcell_full\tables\bcell_obs_scores.csv","55891227","53.302",".csv","2026-06-23 03:32:27","False"
"03_results\first_pass_bcell_full\tables\cluster_composition_long.csv","6904","0.0066",".csv","2026-06-23 03:34:11","False"
"03_results\first_pass_bcell_full\tables\cluster_score_summary.csv","3753","0.0036",".csv","2026-06-23 03:34:11","False"
"03_results\first_pass_bcell_full\tables\composition\cluster_by_author_cell_type.csv","401","0.0004",".csv","2026-06-23 03:36:10","False"
"03_results\first_pass_bcell_full\tables\composition\cluster_by_cell_type.csv","443","0.0004",".csv","2026-06-23 03:36:10","False"
"03_results\first_pass_bcell_full\tables\composition\cluster_by_ct_cov.csv","1884","0.0018",".csv","2026-06-23 03:36:10","False"
"03_results\first_pass_bcell_full\tables\composition\cluster_by_disease_state.csv","1789","0.0017",".csv","2026-06-23 03:36:10","False"
"03_results\first_pass_bcell_full\tables\composition\cluster_by_disease.csv","1118","0.0011",".csv","2026-06-23 03:36:10","False"
"03_results\first_pass_bcell_full\tables\composition\donor_cluster_fraction_disease_tests.csv","1438","0.0014",".csv","2026-06-23 03:37:52","False"
"03_results\first_pass_bcell_full\tables\composition\donor_cluster_fraction_summary_by_disease.csv","1364","0.0013",".csv","2026-06-23 03:36:10","False"
"03_results\first_pass_bcell_full\tables\composition\donor_cluster_fractions_by_disease_state.csv","88269","0.0842",".csv","2026-06-23 03:36:10","False"
"03_results\first_pass_bcell_full\tables\composition\donor_cluster_fractions.csv","114200","0.1089",".csv","2026-06-23 03:36:10","False"
"03_results\first_pass_bcell_full\tables\IFN_response_genes_used.txt","62","0.0001",".txt","2026-06-23 03:31:52","False"
"03_results\first_pass_bcell_full\tables\Naive_B_genes_used.txt","24","0",".txt","2026-06-23 03:32:09","False"
"03_results\first_pass_bcell_full\tables\Plasmablast_genes_used.txt","47","0",".txt","2026-06-23 03:32:05","False"
"03_results\first_pass_bcell_full\tables\state_level\donor_state_fraction_disease_tests.csv","1532","0.0015",".csv","2026-06-23 19:27:46","False"
"03_results\first_pass_bcell_full\tables\state_level\donor_state_fractions.csv","162792","0.1553",".csv","2026-06-23 19:27:46","False"
"03_results\first_pass_bcell_smoke_20k\bcell_first_pass_processed.h5ad","150258455","143.2976",".h5ad","2026-06-23 01:54:11","False"
"03_results\first_pass_bcell_smoke_20k\figures\dotplot__bcell_marker_dotplot.png","75792","0.0723",".png","2026-06-23 01:54:02","False"
"03_results\first_pass_bcell_smoke_20k\figures\umap_bcell_first_pass_scores.png","1221826","1.1652",".png","2026-06-23 01:54:02","False"
"03_results\first_pass_bcell_smoke_20k\tables\ABC_DN2_axis_genes_used.txt","45","0",".txt","2026-06-23 01:53:57","False"
"03_results\first_pass_bcell_smoke_20k\tables\Activation_genes_used.txt","35","0",".txt","2026-06-23 01:53:59","False"
"03_results\first_pass_bcell_smoke_20k\tables\Antigen_presentation_genes_used.txt","56","0.0001",".txt","2026-06-23 01:53:57","False"
"03_results\first_pass_bcell_smoke_20k\tables\bcell_obs_scores.csv","5093710","4.8577",".csv","2026-06-23 01:54:02","False"
"03_results\first_pass_bcell_smoke_20k\tables\cluster_score_summary.csv","3702","0.0035",".csv","2026-06-23 01:55:57","False"
"03_results\first_pass_bcell_smoke_20k\tables\IFN_response_genes_used.txt","62","0.0001",".txt","2026-06-23 01:53:56","False"
"03_results\first_pass_bcell_smoke_20k\tables\Naive_B_genes_used.txt","24","0",".txt","2026-06-23 01:53:59","False"
"03_results\first_pass_bcell_smoke_20k\tables\Plasmablast_genes_used.txt","47","0",".txt","2026-06-23 01:53:58","False"
"03_results\gse135779_bcell_validation\figures\figure6_gse135779_large_cohort_validation.pdf","64247","0.0613",".pdf","2026-07-27 07:22:53","False"
"03_results\gse135779_bcell_validation\figures\figure6_gse135779_large_cohort_validation.png","441408","0.421",".png","2026-07-27 07:22:51","False"
"03_results\gse135779_bcell_validation\gse135779_bcell_validation_summary.md","1739","0.0017",".md","2026-07-27 07:22:49","False"
"03_results\gse135779_bcell_validation\tables\gse135779_b_subcluster_counts_by_disease.csv","828","0.0008",".csv","2026-07-27 07:22:49","False"
"03_results\gse135779_bcell_validation\tables\gse135779_bcell_matrix_metadata_match_summary.csv","2393","0.0023",".csv","2026-07-27 07:22:48","False"
"03_results\gse135779_bcell_validation\tables\gse135779_bcell_program_scores.csv","5505896","5.2508",".csv","2026-07-27 07:22:49","False"
"03_results\gse135779_bcell_validation\tables\gse135779_donor_program_score_tests.csv","4179","0.004",".csv","2026-07-27 07:22:49","False"
"03_results\gse135779_bcell_validation\tables\gse135779_donor_program_scores.csv","10461","0.01",".csv","2026-07-27 07:22:49","False"
"03_results\gse135779_bcell_validation\tables\gse135779_marker_summary_by_disease.csv","1276","0.0012",".csv","2026-07-27 07:22:49","False"
"03_results\gse135779_bcell_validation\tables\gse135779_program_gene_presence.csv","556","0.0005",".csv","2026-07-27 07:22:49","False"
"03_results\gse135779_validation_readiness\gse135779_raw_tar_inspection_summary.md","525","0.0005",".md","2026-07-08 17:52:45","False"
"03_results\gse135779_validation_readiness\gse135779_validation_readiness_summary.md","2068","0.002",".md","2026-07-07 22:33:59","False"
"03_results\gse135779_validation_readiness\tables\gse135779_donor_metadata_summary.csv","4303","0.0041",".csv","2026-07-07 22:33:59","False"
"03_results\gse135779_validation_readiness\tables\gse135779_metadata_summary.csv","215","0.0002",".csv","2026-07-07 22:33:59","False"
"03_results\gse135779_validation_readiness\tables\gse135779_program_gene_presence.csv","1065","0.001",".csv","2026-07-07 22:33:59","False"
"03_results\gse135779_validation_readiness\tables\gse135779_raw_tar_inner_manifest.csv","2","0",".csv","2026-07-08 17:52:45","False"
"03_results\gse135779_validation_readiness\tables\gse135779_raw_tar_manifest.csv","6247","0.006",".csv","2026-07-08 17:52:45","False"
"03_results\gse135779_validation_readiness\tables\gse135779_subcluster_counts.csv","4630","0.0044",".csv","2026-07-07 22:33:59","False"
"03_results\gse163121_bcell_validation\figures\figure6_gse163121_independent_bcell_validation.pdf","58403","0.0557",".pdf","2026-07-27 06:35:06","False"
"03_results\gse163121_bcell_validation\figures\figure6_gse163121_independent_bcell_validation.png","424276","0.4046",".png","2026-07-27 06:35:04","False"
"03_results\gse163121_bcell_validation\gse163121_bcell_validation_summary.md","2141","0.002",".md","2026-07-27 06:35:02","False"
"03_results\gse163121_bcell_validation\tables\gse163121_cell_program_scores.csv","3356781","3.2013",".csv","2026-07-27 06:35:02","False"
"03_results\gse163121_bcell_validation\tables\gse163121_marker_summary_by_disease.csv","1261","0.0012",".csv","2026-07-27 06:35:02","False"
"03_results\gse163121_bcell_validation\tables\gse163121_program_gene_presence.csv","558","0.0005",".csv","2026-07-27 06:35:02","False"
"03_results\gse163121_bcell_validation\tables\gse163121_sample_program_score_tests.csv","1313","0.0013",".csv","2026-07-27 06:35:02","False"
"03_results\gse163121_bcell_validation\tables\gse163121_sample_program_scores.csv","1156","0.0011",".csv","2026-07-27 06:35:02","False"
"03_results\onek1k_bcell_reference_context\figures\figure7_candidate_onek1k_bcell_reference_context.pdf","64861","0.0619",".pdf","2026-07-27 07:25:51","False"
"03_results\onek1k_bcell_reference_context\figures\figure7_candidate_onek1k_bcell_reference_context.png","411033","0.392",".png","2026-07-27 07:25:48","False"
"03_results\onek1k_bcell_reference_context\onek1k_bcell_reference_context_summary.md","1034","0.001",".md","2026-07-27 07:25:51","False"
"03_results\onek1k_bcell_reference_context\tables\onek1k_bcell_cell_program_scores.csv","16782814","16.0053",".csv","2026-07-27 07:25:46","False"
"03_results\onek1k_bcell_reference_context\tables\onek1k_bcell_cell_type_counts.csv","136","0.0001",".csv","2026-07-27 07:25:44","False"
"03_results\onek1k_bcell_reference_context\tables\onek1k_bcell_marker_expression_by_cell_type.csv","5547","0.0053",".csv","2026-07-27 07:25:44","False"
"03_results\onek1k_bcell_reference_context\tables\onek1k_bcell_program_gene_presence.csv","558","0.0005",".csv","2026-07-27 07:25:44","False"
"03_results\onek1k_bcell_reference_context\tables\onek1k_bcell_program_summary_by_cell_type.csv","3170","0.003",".csv","2026-07-27 07:25:44","False"
"03_results\onek1k_bcell_reference_context\tables\onek1k_bcell_program_summary_by_donor_cell_type.csv","537100","0.5122",".csv","2026-07-27 07:25:44","False"
"03_results\onek1k_bcell_reference_context\tables\onek1k_bcell_target_gene_presence.csv","469","0.0004",".csv","2026-07-27 07:25:44","False"
"03_results\onek1k_cellxgene_inspection\onek1k_cellxgene_inspection_summary.md","1252","0.0012",".md","2026-07-08 18:59:02","False"
"03_results\onek1k_cellxgene_inspection\tables\onek1k_b_lineage_like_summary.csv","109","0.0001",".csv","2026-07-08 18:58:59","False"
"03_results\onek1k_cellxgene_inspection\tables\onek1k_cellxgene_collection_metadata.csv","441","0.0004",".csv","2026-07-08 18:58:59","False"
"03_results\onek1k_cellxgene_inspection\tables\onek1k_manuscript_gene_presence.csv","210","0.0002",".csv","2026-07-08 18:58:59","False"
"03_results\onek1k_cellxgene_inspection\tables\onek1k_obs_columns.csv","496","0.0005",".csv","2026-07-08 18:58:59","False"
"03_results\onek1k_cellxgene_inspection\tables\onek1k_top_assay_counts.csv","28","0",".csv","2026-07-08 18:59:01","False"
"03_results\onek1k_cellxgene_inspection\tables\onek1k_top_cell_type_counts.csv","1094","0.001",".csv","2026-07-08 18:59:00","False"
"03_results\onek1k_cellxgene_inspection\tables\onek1k_top_disease_counts.csv","27","0",".csv","2026-07-08 18:59:02","False"
"03_results\onek1k_cellxgene_inspection\tables\onek1k_top_donor_counts.csv","570","0.0005",".csv","2026-07-08 18:59:01","False"
"03_results\onek1k_cellxgene_inspection\tables\onek1k_top_tissue_counts.csv","25","0",".csv","2026-07-08 18:59:02","False"
"03_results\onek1k_cellxgene_inspection\tables\onek1k_var_columns.csv","201","0.0002",".csv","2026-07-08 18:58:59","False"
"03_results\phase17_v7_figure1_study_design_2026-08-10\FIGURE1_TECHNICAL_QC.md","2849","0.0027",".md","2026-08-10 19:27:55","True"
"03_results\phase17_v7_figure1_study_design_2026-08-10\figures\figure1_v7_study_design.pdf","64080","0.0611",".pdf","2026-08-10 19:23:24","True"
"03_results\phase17_v7_figure1_study_design_2026-08-10\figures\figure1_v7_study_design.png","532624","0.5079",".png","2026-08-10 19:23:23","True"
"03_results\phase17_v7_figure1_study_design_2026-08-10\tables\figure1b_hierarchy_counts.csv","103","0.0001",".csv","2026-08-10 19:23:22","True"
"03_results\phase17_v7_figure1_study_design_2026-08-10\tables\figure1c_strict_common_support.csv","141","0.0001",".csv","2026-08-10 19:23:22","True"
"03_results\phase17_v7_figure1_study_design_2026-08-10\tables\figure1c_technical_common_support.csv","561","0.0005",".csv","2026-08-10 19:23:22","True"
"03_results\phase17_v7_figure1_study_design_2026-08-10\tables\figure1d_hard_qc_retention.csv","469","0.0004",".csv","2026-08-10 19:23:22","True"
"03_results\phase17_v7_figure1_study_design_2026-08-10\tables\figure1e_inference_tiers.csv","114","0.0001",".csv","2026-08-10 19:23:22","True"
"03_results\README.md","263","0.0003",".md","2026-06-22 03:37:01","False"
"03_results\regulatory_evidence\eqtl_catalogue\QTD000073_B-cell_CD19_FCRL3.tsv.gz","366576","0.3496",".gz","2026-07-27 07:51:26","False"
"03_results\regulatory_evidence\eqtl_catalogue\QTD000073_B-cell_CD19_FCRL5.tsv.gz","162105","0.1546",".gz","2026-07-27 07:51:12","False"
"03_results\regulatory_evidence\eqtl_catalogue\QTD000080_B-cell_CD19_FCRL3.tsv.gz","352240","0.3359",".gz","2026-07-27 07:50:59","False"
"03_results\regulatory_evidence\eqtl_catalogue\QTD000080_B-cell_CD19_FCRL5.tsv.gz","251724","0.2401",".gz","2026-07-27 07:50:43","False"
"03_results\regulatory_evidence\eqtl_catalogue\QTD000474_B-cell_naive_FCRL3.tsv.gz","142835","0.1362",".gz","2026-07-27 07:52:59","False"
"03_results\regulatory_evidence\eqtl_catalogue\QTD000474_B-cell_naive_FCRL5.tsv.gz","140771","0.1342",".gz","2026-07-27 07:52:55","False"
"03_results\regulatory_evidence\eqtl_catalogue\QTD000597_B_FCRL3.tsv.gz","149590","0.1427",".gz","2026-07-27 07:52:44","False"
"03_results\regulatory_evidence\eqtl_catalogue\QTD000597_B_FCRL5.tsv.gz","146084","0.1393",".gz","2026-07-27 07:52:40","False"
"03_results\regulatory_evidence\eqtl_catalogue\QTD000606_B_intermediate_FCRL3.tsv.gz","170842","0.1629",".gz","2026-07-27 07:51:43","False"
"03_results\regulatory_evidence\eqtl_catalogue\QTD000606_B_intermediate_FCRL5.tsv.gz","167988","0.1602",".gz","2026-07-27 07:51:39","False"
"03_results\regulatory_evidence\eqtl_catalogue\QTD000607_B_memory_FCRL3.tsv.gz","170420","0.1625",".gz","2026-07-27 07:52:00","False"
"03_results\regulatory_evidence\eqtl_catalogue\QTD000607_B_memory_FCRL5.tsv.gz","167835","0.1601",".gz","2026-07-27 07:51:55","False"
"03_results\regulatory_evidence\eqtl_catalogue\QTD000608_B_naive_FCRL3.tsv.gz","170280","0.1624",".gz","2026-07-27 07:52:18","False"
"03_results\regulatory_evidence\eqtl_catalogue\QTD000608_B_naive_FCRL5.tsv.gz","166784","0.1591",".gz","2026-07-27 07:52:13","False"
"03_results\regulatory_evidence\GCST005831_regulatory_colocalisation_summary.md","2687","0.0026",".md","2026-07-27 08:13:33","False"
"03_results\regulatory_evidence\GCST90558100_regulatory_colocalisation_summary.md","340","0.0003",".md","2026-07-27 08:13:42","False"
"03_results\regulatory_evidence\gwas_loci\GCST005831\GCST005831_CD74_plusminus1Mb.tsv.gz","161491","0.154",".gz","2026-07-27 08:00:21","False"
"03_results\regulatory_evidence\gwas_loci\GCST005831\GCST005831_FCRL3_plusminus1Mb.tsv.gz","168597","0.1608",".gz","2026-07-27 08:00:21","False"
"03_results\regulatory_evidence\gwas_loci\GCST005831\GCST005831_FCRL5_plusminus1Mb.tsv.gz","164126","0.1565",".gz","2026-07-27 08:00:21","False"
"03_results\regulatory_evidence\gwas_loci\GCST005831\GCST005831_HLA-DPA1_plusminus1Mb.tsv.gz","467297","0.4456",".gz","2026-07-27 08:00:21","False"
"03_results\regulatory_evidence\gwas_loci\GCST005831\GCST005831_HLA-DPB1_plusminus1Mb.tsv.gz","468145","0.4465",".gz","2026-07-27 08:00:21","False"
"03_results\regulatory_evidence\gwas_loci\GCST005831\GCST005831_HLA-DRA_plusminus1Mb.tsv.gz","453011","0.432",".gz","2026-07-27 08:00:21","False"
"03_results\regulatory_evidence\gwas_loci\GCST005831\GCST005831_HLA-DRB1_plusminus1Mb.tsv.gz","441934","0.4215",".gz","2026-07-27 08:00:21","False"
"03_results\regulatory_evidence\gwas_loci\GCST005831\GCST005831_ITGAX_plusminus1Mb.tsv.gz","47913","0.0457",".gz","2026-07-27 08:00:21","False"
"03_results\regulatory_evidence\gwas_loci\GCST005831\GCST005831_TBX21_plusminus1Mb.tsv.gz","139437","0.133",".gz","2026-07-27 08:00:21","False"
"03_results\regulatory_evidence\gwas_loci\GCST005831\GCST005831_ZEB2_plusminus1Mb.tsv.gz","98052","0.0935",".gz","2026-07-27 08:00:21","False"
"03_results\regulatory_evidence\gwas_loci\GCST90558100_CD74_plusminus1Mb.tsv.gz","36896","0.0352",".gz","2026-07-27 07:43:05","False"
"03_results\regulatory_evidence\gwas_loci\GCST90558100_FCRL3_plusminus1Mb.tsv.gz","35686","0.034",".gz","2026-07-27 07:43:05","False"
"03_results\regulatory_evidence\gwas_loci\GCST90558100_FCRL5_plusminus1Mb.tsv.gz","36590","0.0349",".gz","2026-07-27 07:43:05","False"
"03_results\regulatory_evidence\gwas_loci\GCST90558100_ITGAX_plusminus1Mb.tsv.gz","20267","0.0193",".gz","2026-07-27 07:43:05","False"
"03_results\regulatory_evidence\gwas_loci\GCST90558100_TBX21_plusminus1Mb.tsv.gz","30728","0.0293",".gz","2026-07-27 07:43:05","False"
"03_results\regulatory_evidence\gwas_loci\GCST90558100_ZEB2_plusminus1Mb.tsv.gz","20946","0.02",".gz","2026-07-27 07:43:05","False"
"03_results\regulatory_evidence\gwas_loci\tables\GCST005831_gwas_locus_extraction_summary.csv","1388","0.0013",".csv","2026-07-27 08:00:21","False"
"03_results\regulatory_evidence\gwas_loci\tables\regulatory_locus_preparation_metadata_GCST005831.json","541","0.0005",".json","2026-07-27 08:00:21","False"
"03_results\regulatory_evidence\gwas_loci\tables\target_gene_loci_grch38.csv","1288","0.0012",".csv","2026-07-27 07:59:15","False"
"03_results\regulatory_evidence\tables\bcell_colocalisation_all_priors.csv","8818","0.0084",".csv","2026-07-27 07:53:14","False"
"03_results\regulatory_evidence\tables\bcell_colocalisation_primary.csv","3063","0.0029",".csv","2026-07-27 07:53:14","False"
"03_results\regulatory_evidence\tables\bcell_eqtl_target_availability.csv","7975","0.0076",".csv","2026-07-27 07:53:00","False"
"03_results\regulatory_evidence\tables\eqtl_catalogue_fetch_metadata.json","2436","0.0023",".json","2026-07-27 07:53:00","False"
"03_results\regulatory_evidence\tables\GCST005831_bcell_colocalisation_all_priors.csv","23161","0.0221",".csv","2026-07-27 08:13:33","False"
"03_results\regulatory_evidence\tables\GCST005831_bcell_colocalisation_primary.csv","7952","0.0076",".csv","2026-07-27 08:13:33","False"
"03_results\regulatory_evidence\tables\GCST005831_colocalisation_method_metadata.json","707","0.0007",".json","2026-07-27 08:13:33","False"
"03_results\regulatory_evidence\tables\GCST90558100_bcell_colocalisation_all_priors.csv","8818","0.0084",".csv","2026-07-27 08:13:42","False"
"03_results\regulatory_evidence\tables\GCST90558100_bcell_colocalisation_primary.csv","3063","0.0029",".csv","2026-07-27 08:13:42","False"
"03_results\regulatory_evidence\tables\GCST90558100_colocalisation_method_metadata.json","678","0.0006",".json","2026-07-27 08:13:42","False"
"03_results\regulatory_evidence\tables\gwas_locus_extraction_summary.csv","1560","0.0015",".csv","2026-07-27 07:43:05","False"
"03_results\regulatory_evidence\tables\prespecified_bcell_eqtl_datasets.csv","665","0.0006",".csv","2026-07-27 07:50:24","False"
"03_results\regulatory_evidence\tables\regulatory_locus_preparation_metadata.json","526","0.0005",".json","2026-07-27 07:43:05","False"
"03_results\regulatory_evidence\tables\target_gene_loci_grch38.csv","1288","0.0012",".csv","2026-07-27 07:42:56","False"
"03_results\supplement_qc_flagged_cluster\figures\supplement_qc_flagged_cluster.pdf","64274","0.0613",".pdf","2026-07-27 06:31:46","False"
"03_results\supplement_qc_flagged_cluster\figures\supplement_qc_flagged_cluster.png","664968","0.6342",".png","2026-07-27 06:31:43","False"
"03_results\supplement_qc_flagged_cluster\supplement_qc_flagged_cluster_summary.md","1014","0.001",".md","2026-07-27 06:31:46","False"
"03_results\supplement_qc_flagged_cluster\tables\core_state_sensitivity_original_vs_exclude_flagged.csv","1431","0.0014",".csv","2026-07-27 06:31:46","False"
"03_results\supplement_qc_flagged_cluster\tables\flagged_cluster_donor_fraction_test.csv","345","0.0003",".csv","2026-07-27 06:31:46","False"
"03_results\supplement_qc_flagged_cluster\tables\flagged_cluster_selected_marker_expression.csv","1638","0.0016",".csv","2026-07-27 06:31:46","False"
"03_results\supplement_qc_flagged_cluster\tables\flagged_cluster_top_ranked_markers.csv","2291","0.0022",".csv","2026-07-27 06:31:46","False"
"04_submission\_build_advisor_report_2026-07-31\advisor_report_montage.png","779367","0.7433",".png","2026-07-31 12:20:16","False"
"04_submission\_build_advisor_report_2026-07-31\artifact_previews\advisor-report-montage.webp","37426","0.0357",".webp","2026-07-31 12:24:50","False"
"04_submission\_build_advisor_report_2026-07-31\artifact_previews\slide-01.layout.json","11570","0.011",".json","2026-07-31 12:24:48","False"
"04_submission\_build_advisor_report_2026-07-31\artifact_previews\slide-01.png","62169","0.0593",".png","2026-07-31 12:24:48","False"
"04_submission\_build_advisor_report_2026-07-31\artifact_previews\slide-02.layout.json","27758","0.0265",".json","2026-07-31 12:24:48","False"
"04_submission\_build_advisor_report_2026-07-31\artifact_previews\slide-02.png","86986","0.083",".png","2026-07-31 12:24:48","False"
"04_submission\_build_advisor_report_2026-07-31\artifact_previews\slide-03.layout.json","40609","0.0387",".json","2026-07-31 12:24:48","False"
"04_submission\_build_advisor_report_2026-07-31\artifact_previews\slide-03.png","82783","0.0789",".png","2026-07-31 12:24:48","False"
"04_submission\_build_advisor_report_2026-07-31\artifact_previews\slide-04.layout.json","21283","0.0203",".json","2026-07-31 12:24:48","False"
"04_submission\_build_advisor_report_2026-07-31\artifact_previews\slide-04.png","111684","0.1065",".png","2026-07-31 12:24:48","False"
"04_submission\_build_advisor_report_2026-07-31\artifact_previews\slide-05.layout.json","22339","0.0213",".json","2026-07-31 12:24:49","False"
"04_submission\_build_advisor_report_2026-07-31\artifact_previews\slide-05.png","94329","0.09",".png","2026-07-31 12:24:49","False"
"04_submission\_build_advisor_report_2026-07-31\artifact_previews\slide-06.layout.json","19314","0.0184",".json","2026-07-31 12:24:49","False"
"04_submission\_build_advisor_report_2026-07-31\artifact_previews\slide-06.png","133201","0.127",".png","2026-07-31 12:24:49","False"
"04_submission\_build_advisor_report_2026-07-31\artifact_previews\slide-07.layout.json","22605","0.0216",".json","2026-07-31 12:24:49","False"
"04_submission\_build_advisor_report_2026-07-31\artifact_previews\slide-07.png","115382","0.11",".png","2026-07-31 12:24:49","False"
"04_submission\_build_advisor_report_2026-07-31\artifact_previews\slide-08.layout.json","25411","0.0242",".json","2026-07-31 12:24:49","False"
"04_submission\_build_advisor_report_2026-07-31\artifact_previews\slide-08.png","72229","0.0689",".png","2026-07-31 12:24:49","False"
"04_submission\_build_advisor_report_2026-07-31\artifact_previews\slide-09.layout.json","20744","0.0198",".json","2026-07-31 12:24:49","False"
"04_submission\_build_advisor_report_2026-07-31\artifact_previews\slide-09.png","92971","0.0887",".png","2026-07-31 12:24:49","False"
"04_submission\_build_advisor_report_2026-07-31\artifact_previews\slide-10.layout.json","25082","0.0239",".json","2026-07-31 12:24:49","False"
"04_submission\_build_advisor_report_2026-07-31\artifact_previews\slide-10.png","112359","0.1072",".png","2026-07-31 12:24:49","False"
"04_submission\_build_advisor_report_2026-07-31\artifact_previews\slide-11.layout.json","20814","0.0198",".json","2026-07-31 12:24:50","False"
"04_submission\_build_advisor_report_2026-07-31\artifact_previews\slide-11.png","103517","0.0987",".png","2026-07-31 12:24:50","False"
"04_submission\_build_advisor_report_2026-07-31\artifact_previews\slide-12.layout.json","27646","0.0264",".json","2026-07-31 12:24:50","False"
"04_submission\_build_advisor_report_2026-07-31\artifact_previews\slide-12.png","75330","0.0718",".png","2026-07-31 12:24:50","False"
"04_submission\_build_advisor_report_2026-07-31\artifact_previews\slide-13.layout.json","31862","0.0304",".json","2026-07-31 12:24:50","False"
"04_submission\_build_advisor_report_2026-07-31\artifact_previews\slide-13.png","87141","0.0831",".png","2026-07-31 12:24:50","False"
"04_submission\_build_advisor_report_2026-07-31\artifact_previews\slide-14.layout.json","38777","0.037",".json","2026-07-31 12:24:50","False"
"04_submission\_build_advisor_report_2026-07-31\artifact_previews\slide-14.png","87030","0.083",".png","2026-07-31 12:24:50","False"
"04_submission\_build_advisor_report_2026-07-31\artifact_previews\slide-15.layout.json","30624","0.0292",".json","2026-07-31 12:24:50","False"
"04_submission\_build_advisor_report_2026-07-31\artifact_previews\slide-15.png","89858","0.0857",".png","2026-07-31 12:24:50","False"
"04_submission\_build_advisor_report_2026-07-31\artifact_previews\slide-16.layout.json","19920","0.019",".json","2026-07-31 12:24:50","False"
"04_submission\_build_advisor_report_2026-07-31\artifact_previews\slide-16.png","65196","0.0622",".png","2026-07-31 12:24:50","False"
"04_submission\_build_advisor_report_2026-07-31\artifact_previews\slide-17.layout.json","24516","0.0234",".json","2026-07-31 12:24:50","False"
"04_submission\_build_advisor_report_2026-07-31\artifact_previews\slide-17.png","71351","0.068",".png","2026-07-31 12:24:50","False"
"04_submission\_build_advisor_report_2026-07-31\artifact_previews\slide-18.layout.json","52552","0.0501",".json","2026-07-31 12:24:50","False"
"04_submission\_build_advisor_report_2026-07-31\artifact_previews\slide-18.png","94957","0.0906",".png","2026-07-31 12:24:50","False"
"04_submission\_build_advisor_report_2026-07-31\artifact_previews\slide-19.layout.json","28826","0.0275",".json","2026-07-31 12:24:50","False"
"04_submission\_build_advisor_report_2026-07-31\artifact_previews\slide-19.png","82014","0.0782",".png","2026-07-31 12:24:50","False"
"04_submission\_build_advisor_report_2026-07-31\assets_montage.png","527940","0.5035",".png","2026-07-31 12:13:02","False"
"04_submission\_build_advisor_report_2026-07-31\assets\figure1_full.png","615452","0.5869",".png","2026-07-27 07:19:25","False"
"04_submission\_build_advisor_report_2026-07-31\assets\figure2_abundance_sensitivity.png","374874","0.3575",".png","2026-07-31 12:24:33","False"
"04_submission\_build_advisor_report_2026-07-31\assets\figure2_full.png","1512498","1.4424",".png","2026-07-27 07:29:03","False"
"04_submission\_build_advisor_report_2026-07-31\assets\figure3_full.png","657775","0.6273",".png","2026-07-27 07:30:22","False"
"04_submission\_build_advisor_report_2026-07-31\assets\figure3_identity_evidence.png","252883","0.2412",".png","2026-07-31 12:24:33","False"
"04_submission\_build_advisor_report_2026-07-31\assets\figure4_full.png","454030","0.433",".png","2026-07-27 07:27:41","False"
"04_submission\_build_advisor_report_2026-07-31\assets\figure4_model_sensitivity.png","254230","0.2425",".png","2026-07-31 12:24:33","False"
"04_submission\_build_advisor_report_2026-07-31\assets\figure5_full.png","590529","0.5632",".png","2026-07-27 07:08:42","False"
"04_submission\_build_advisor_report_2026-07-31\assets\figure5_signature_evidence.png","412135","0.393",".png","2026-07-31 12:24:33","False"
"04_submission\_build_advisor_report_2026-07-31\assets\figure6_full.png","441408","0.421",".png","2026-07-27 07:22:51","False"
"04_submission\_build_advisor_report_2026-07-31\assets\supplement1_full.png","664968","0.6342",".png","2026-07-27 06:31:43","False"
"04_submission\_build_advisor_report_2026-07-31\assets\supplement1_qc_evidence.png","595100","0.5675",".png","2026-07-31 12:24:33","False"
"04_submission\_build_advisor_report_2026-07-31\assets\supplement2_full.png","411033","0.392",".png","2026-07-27 07:25:48","False"
"04_submission\_build_advisor_report_2026-07-31\assets\supplement3_full.png","424276","0.4046",".png","2026-07-27 06:35:04","False"
"04_submission\_build_advisor_report_2026-07-31\assets\supplement4_clr_evidence.png","487725","0.4651",".png","2026-07-31 12:24:33","False"
"04_submission\_build_advisor_report_2026-07-31\assets\supplement4_full.png","417163","0.3978",".png","2026-07-27 06:55:03","False"
"04_submission\_build_advisor_report_2026-07-31\build_advisor_report.mjs","49183","0.0469",".mjs","2026-07-31 12:22:43","False"
"04_submission\_build_advisor_report_2026-07-31\package.json","42","0",".json","2026-07-31 12:11:11","False"
"04_submission\_build_advisor_report_2026-07-31\pdf_contact_sheet.png","774464","0.7386",".png","2026-07-31 12:29:09","False"
"04_submission\_build_advisor_report_2026-07-31\pdf_render\page-01.png","127456","0.1216",".png","2026-07-31 12:28:53","False"
"04_submission\_build_advisor_report_2026-07-31\pdf_render\page-02.png","151097","0.1441",".png","2026-07-31 12:28:54","False"
"04_submission\_build_advisor_report_2026-07-31\pdf_render\page-03.png","140245","0.1337",".png","2026-07-31 12:28:54","False"
"04_submission\_build_advisor_report_2026-07-31\pdf_render\page-04.png","271936","0.2593",".png","2026-07-31 12:28:54","False"
"04_submission\_build_advisor_report_2026-07-31\pdf_render\page-05.png","200108","0.1908",".png","2026-07-31 12:28:55","False"
"04_submission\_build_advisor_report_2026-07-31\pdf_render\page-06.png","275953","0.2632",".png","2026-07-31 12:28:55","False"
"04_submission\_build_advisor_report_2026-07-31\pdf_render\page-07.png","223875","0.2135",".png","2026-07-31 12:28:56","False"
"04_submission\_build_advisor_report_2026-07-31\pdf_render\page-08.png","161675","0.1542",".png","2026-07-31 12:28:56","False"
"04_submission\_build_advisor_report_2026-07-31\pdf_render\page-09.png","208651","0.199",".png","2026-07-31 12:28:57","False"
"04_submission\_build_advisor_report_2026-07-31\pdf_render\page-10.png","232625","0.2218",".png","2026-07-31 12:28:57","False"
"04_submission\_build_advisor_report_2026-07-31\pdf_render\page-11.png","254621","0.2428",".png","2026-07-31 12:28:58","False"
"04_submission\_build_advisor_report_2026-07-31\pdf_render\page-12.png","126735","0.1209",".png","2026-07-31 12:28:58","False"
"04_submission\_build_advisor_report_2026-07-31\pdf_render\page-13.png","146087","0.1393",".png","2026-07-31 12:28:58","False"
"04_submission\_build_advisor_report_2026-07-31\pdf_render\page-14.png","155662","0.1485",".png","2026-07-31 12:28:59","False"
"04_submission\_build_advisor_report_2026-07-31\pdf_render\page-15.png","161010","0.1536",".png","2026-07-31 12:28:59","False"
"04_submission\_build_advisor_report_2026-07-31\pdf_render\page-16.png","107294","0.1023",".png","2026-07-31 12:28:59","False"
"04_submission\_build_advisor_report_2026-07-31\pdf_render\page-17.png","118419","0.1129",".png","2026-07-31 12:28:59","False"
"04_submission\_build_advisor_report_2026-07-31\pdf_render\page-18.png","160024","0.1526",".png","2026-07-31 12:29:00","False"
"04_submission\_build_advisor_report_2026-07-31\pdf_render\page-19.png","145755","0.139",".png","2026-07-31 12:29:00","False"
"04_submission\_build_advisor_report_2026-07-31\prepare_assets.mjs","3294","0.0031",".mjs","2026-07-31 12:24:26","False"
"04_submission\_build_advisor_report_2026-07-31\source-notes.txt","1671","0.0016",".txt","2026-07-31 12:12:42","False"
"04_submission\.artifact_work_manuscript_render_2026-07-31\contact-01-03.png","1724848","1.6449",".png","2026-07-31 03:46:11","False"
"04_submission\.artifact_work_manuscript_render_2026-07-31\contact-04-06.png","654679","0.6244",".png","2026-07-31 03:46:12","False"
"04_submission\.artifact_work_manuscript_render_2026-07-31\contact-07-09.png","1781589","1.6991",".png","2026-07-31 03:46:12","False"
"04_submission\.artifact_work_manuscript_render_2026-07-31\contact-10-12.png","734511","0.7005",".png","2026-07-31 03:46:13","False"
"04_submission\.artifact_work_manuscript_render_2026-07-31\contact-13-15.png","1781877","1.6993",".png","2026-07-31 03:46:14","False"
"04_submission\.artifact_work_manuscript_render_2026-07-31\contact-16-18.png","1536729","1.4655",".png","2026-07-31 03:46:14","False"
"04_submission\.artifact_work_manuscript_render_2026-07-31\contact-19-21.png","672649","0.6415",".png","2026-07-31 03:46:15","False"
"04_submission\.artifact_work_manuscript_render_2026-07-31\contact-22-24.png","688228","0.6563",".png","2026-07-31 03:46:16","False"
"04_submission\.artifact_work_manuscript_render_2026-07-31\contact-25-27.png","1385797","1.3216",".png","2026-07-31 03:46:17","False"
"04_submission\.artifact_work_manuscript_render_2026-07-31\page-01.png","243883","0.2326",".png","2026-07-31 03:45:36","False"
"04_submission\.artifact_work_manuscript_render_2026-07-31\page-02.png","257914","0.246",".png","2026-07-31 03:45:36","False"
"04_submission\.artifact_work_manuscript_render_2026-07-31\page-03.png","278092","0.2652",".png","2026-07-31 03:45:37","False"
"04_submission\.artifact_work_manuscript_render_2026-07-31\page-04.png","224444","0.214",".png","2026-07-31 03:45:37","False"
"04_submission\.artifact_work_manuscript_render_2026-07-31\page-05.png","265909","0.2536",".png","2026-07-31 03:45:38","False"
"04_submission\.artifact_work_manuscript_render_2026-07-31\page-06.png","264494","0.2522",".png","2026-07-31 03:45:38","False"
"04_submission\.artifact_work_manuscript_render_2026-07-31\page-07.png","294025","0.2804",".png","2026-07-31 03:45:38","False"
"04_submission\.artifact_work_manuscript_render_2026-07-31\page-08.png","253743","0.242",".png","2026-07-31 03:45:39","False"
"04_submission\.artifact_work_manuscript_render_2026-07-31\page-09.png","272429","0.2598",".png","2026-07-31 03:45:39","False"
"04_submission\.artifact_work_manuscript_render_2026-07-31\page-10.png","280899","0.2679",".png","2026-07-31 03:45:40","False"
"04_submission\.artifact_work_manuscript_render_2026-07-31\page-11.png","280156","0.2672",".png","2026-07-31 03:45:40","False"
"04_submission\.artifact_work_manuscript_render_2026-07-31\page-12.png","313644","0.2991",".png","2026-07-31 03:45:41","False"
"04_submission\.artifact_work_manuscript_render_2026-07-31\page-13.png","290462","0.277",".png","2026-07-31 03:45:41","False"
"04_submission\.artifact_work_manuscript_render_2026-07-31\page-14.png","278371","0.2655",".png","2026-07-31 03:45:42","False"
"04_submission\.artifact_work_manuscript_render_2026-07-31\page-15.png","262035","0.2499",".png","2026-07-31 03:45:42","False"
"04_submission\.artifact_work_manuscript_render_2026-07-31\page-16.png","166014","0.1583",".png","2026-07-31 03:45:42","False"
"04_submission\.artifact_work_manuscript_render_2026-07-31\page-17.png","263042","0.2509",".png","2026-07-31 03:45:43","False"
"04_submission\.artifact_work_manuscript_render_2026-07-31\page-18.png","283660","0.2705",".png","2026-07-31 03:45:43","False"
"04_submission\.artifact_work_manuscript_render_2026-07-31\page-19.png","263659","0.2514",".png","2026-07-31 03:45:44","False"
"04_submission\.artifact_work_manuscript_render_2026-07-31\page-20.png","285163","0.272",".png","2026-07-31 03:45:44","False"
"04_submission\.artifact_work_manuscript_render_2026-07-31\page-21.png","274980","0.2622",".png","2026-07-31 03:45:45","False"
"04_submission\.artifact_work_manuscript_render_2026-07-31\page-22.png","268602","0.2562",".png","2026-07-31 03:45:45","False"
"04_submission\.artifact_work_manuscript_render_2026-07-31\page-23.png","284019","0.2709",".png","2026-07-31 03:45:46","False"
"04_submission\.artifact_work_manuscript_render_2026-07-31\page-24.png","279502","0.2666",".png","2026-07-31 03:45:46","False"
"04_submission\.artifact_work_manuscript_render_2026-07-31\page-25.png","289074","0.2757",".png","2026-07-31 03:45:47","False"
"04_submission\.artifact_work_manuscript_render_2026-07-31\page-26.png","295315","0.2816",".png","2026-07-31 03:45:47","False"
"04_submission\.artifact_work_manuscript_render_2026-07-31\page-27.png","90492","0.0863",".png","2026-07-31 03:45:47","False"
"04_submission\.artifact_work_manuscript_render_2026-07-31\strip-01-03.jpg","938114","0.8947",".jpg","2026-07-31 03:46:56","False"
"04_submission\.artifact_work_manuscript_render_2026-07-31\strip-04-06.jpg","834832","0.7962",".jpg","2026-07-31 03:46:57","False"
"04_submission\.artifact_work_manuscript_render_2026-07-31\strip-07-09.jpg","938246","0.8948",".jpg","2026-07-31 03:46:57","False"
"04_submission\.artifact_work_manuscript_render_2026-07-31\strip-10-12.jpg","920672","0.878",".jpg","2026-07-31 03:46:58","False"
"04_submission\.artifact_work_manuscript_render_2026-07-31\strip-13-15.jpg","1016241","0.9692",".jpg","2026-07-31 03:46:58","False"
"04_submission\.artifact_work_manuscript_render_2026-07-31\strip-16-18.jpg","946980","0.9031",".jpg","2026-07-31 03:46:59","False"
"04_submission\.artifact_work_manuscript_render_2026-07-31\strip-19-21.jpg","870553","0.8302",".jpg","2026-07-31 03:47:00","False"
"04_submission\.artifact_work_manuscript_render_2026-07-31\strip-22-24.jpg","879569","0.8388",".jpg","2026-07-31 03:47:00","False"
"04_submission\.artifact_work_manuscript_render_2026-07-31\strip-25-27.jpg","811671","0.7741",".jpg","2026-07-31 03:47:01","False"
"04_submission\.artifact_work_supp_tables\build_supplementary_tables.mjs","13659","0.013",".mjs","2026-07-27 07:02:53","False"
"04_submission\.artifact_work_supp_tables\previews\00_README.png","218621","0.2085",".png","2026-07-27 07:31:08","False"
"04_submission\.artifact_work_supp_tables\previews\01_S1_Dataset_summary.png","7216","0.0069",".png","2026-07-27 07:31:09","False"
"04_submission\.artifact_work_supp_tables\previews\02_S2_State_counts.png","21677","0.0207",".png","2026-07-27 07:31:09","False"
"04_submission\.artifact_work_supp_tables\previews\03_S3_Abundance_tests.png","38128","0.0364",".png","2026-07-27 07:31:09","False"
"04_submission\.artifact_work_supp_tables\previews\04_S4_Marker_summary.png","82461","0.0786",".png","2026-07-27 07:31:09","False"
"04_submission\.artifact_work_supp_tables\previews\05_S5_Paired_programs.png","45566","0.0435",".png","2026-07-27 07:31:09","False"
"04_submission\.artifact_work_supp_tables\previews\06_S6_Covariate_models.png","151081","0.1441",".png","2026-07-27 07:31:09","False"
"04_submission\.artifact_work_supp_tables\previews\07_S7_Paired_signatures.png","58651","0.0559",".png","2026-07-27 07:31:10","False"
"04_submission\.artifact_work_supp_tables\previews\08_S8_Signature_catalog.png","143034","0.1364",".png","2026-07-27 07:31:10","False"
"04_submission\.artifact_work_supp_tables\previews\09_S9a_Flagged_markers.png","81486","0.0777",".png","2026-07-27 07:31:10","False"
"04_submission\.artifact_work_supp_tables\previews\10_S9b_Marker_expression.png","57487","0.0548",".png","2026-07-27 07:31:10","False"
"04_submission\.artifact_work_supp_tables\previews\11_S9c_QC_sensitivity.png","42489","0.0405",".png","2026-07-27 07:31:10","False"
"04_submission\.artifact_work_supp_tables\previews\12_S10a_Small_cohort_scores.png","42343","0.0404",".png","2026-07-27 07:31:10","False"
"04_submission\.artifact_work_supp_tables\previews\13_S10b_Small_cohort_tests.png","38348","0.0366",".png","2026-07-27 07:31:11","False"
"04_submission\.artifact_work_supp_tables\previews\14_S10c_Small_cohort_markers.png","51300","0.0489",".png","2026-07-27 07:31:11","False"
"04_submission\.artifact_work_supp_tables\previews\15_S11a_Large_cohort_scores.png","136186","0.1299",".png","2026-07-27 07:31:11","False"
"04_submission\.artifact_work_supp_tables\previews\16_S11b_Large_cohort_tests.png","98541","0.094",".png","2026-07-27 07:31:11","False"
"04_submission\.artifact_work_supp_tables\previews\17_S11c_Large_cohort_markers.png","50416","0.0481",".png","2026-07-27 07:31:11","False"
"04_submission\.artifact_work_supp_tables\previews\18_S12a_Cell_type_counts.png","9888","0.0094",".png","2026-07-27 07:31:11","False"
"04_submission\.artifact_work_supp_tables\previews\19_S12b_Program_presence.png","33177","0.0316",".png","2026-07-27 07:31:11","False"
"04_submission\.artifact_work_supp_tables\previews\20_S12c_Program_by_cell_type.png","64491","0.0615",".png","2026-07-27 07:31:12","False"
"04_submission\.artifact_work_supp_tables\previews\21_S12d_Donor_cell_type.png","128969","0.123",".png","2026-07-27 07:31:12","False"
"04_submission\.artifact_work_supp_tables\previews\22_S12e_Marker_expression.png","75737","0.0722",".png","2026-07-27 07:31:12","False"
"04_submission\.artifact_work_supp_tables\previews\23_S13a_Donor_CLR_data.png","117609","0.1122",".png","2026-07-27 07:31:12","False"
"04_submission\.artifact_work_supp_tables\previews\24_S13b_CLR_models.png","162252","0.1547",".png","2026-07-27 07:31:12","False"
"04_submission\.artifact_work_supp_tables\previews\25_S13c_Core_comparison.png","56037","0.0534",".png","2026-07-27 07:31:12","False"
"04_submission\.artifact_work_supp_tables\previews\26_S13d_Pseudocount.png","66783","0.0637",".png","2026-07-27 07:31:13","False"
"04_submission\.docx_render_qa\Cover_Letter\contact_input\contact_sheet_lo-cover_01-01.png","158846","0.1515",".png","2026-08-25 06:38:16","False"
"04_submission\.docx_render_qa\Cover_Letter\contact_input\final-page-01.png","569209","0.5428",".png","2026-08-25 06:38:00","False"
"04_submission\.docx_render_qa\Cover_Letter\Cover_Letter.pdf","69799","0.0666",".pdf","2026-08-25 06:37:59","False"
"04_submission\.docx_render_qa\Cover_Letter\page-1.png","569209","0.5428",".png","2026-08-25 06:38:00","False"
"04_submission\.docx_render_qa\Manuscript\contact_input\contact_sheet_lo-main_01-09.png","998406","0.9522",".png","2026-08-25 06:38:14","False"
"04_submission\.docx_render_qa\Manuscript\contact_input\contact_sheet_lo-main_10-18.png","1028398","0.9808",".png","2026-08-25 06:38:14","False"
"04_submission\.docx_render_qa\Manuscript\contact_input\contact_sheet_lo-main_19-27.png","947141","0.9033",".png","2026-08-25 06:38:15","False"
"04_submission\.docx_render_qa\Manuscript\contact_input\contact_sheet_lo-main_28-29.png","118523","0.113",".png","2026-08-25 06:38:15","False"
"04_submission\.docx_render_qa\Manuscript\contact_input\final-page-01.png","343247","0.3273",".png","2026-08-25 06:37:43","False"
"04_submission\.docx_render_qa\Manuscript\contact_input\final-page-02.png","385488","0.3676",".png","2026-08-25 06:37:43","False"
"04_submission\.docx_render_qa\Manuscript\contact_input\final-page-03.png","371920","0.3547",".png","2026-08-25 06:37:44","False"
"04_submission\.docx_render_qa\Manuscript\contact_input\final-page-04.png","341984","0.3261",".png","2026-08-25 06:37:44","False"
"04_submission\.docx_render_qa\Manuscript\contact_input\final-page-05.png","361742","0.345",".png","2026-08-25 06:37:43","False"
"04_submission\.docx_render_qa\Manuscript\contact_input\final-page-06.png","366617","0.3496",".png","2026-08-25 06:37:44","False"
"04_submission\.docx_render_qa\Manuscript\contact_input\final-page-07.png","372966","0.3557",".png","2026-08-25 06:37:44","False"
"04_submission\.docx_render_qa\Manuscript\contact_input\final-page-08.png","363590","0.3467",".png","2026-08-25 06:37:44","False"
"04_submission\.docx_render_qa\Manuscript\contact_input\final-page-09.png","391381","0.3733",".png","2026-08-25 06:37:43","False"
"04_submission\.docx_render_qa\Manuscript\contact_input\final-page-10.png","356842","0.3403",".png","2026-08-25 06:37:44","False"
"04_submission\.docx_render_qa\Manuscript\contact_input\final-page-11.png","357317","0.3408",".png","2026-08-25 06:37:44","False"
"04_submission\.docx_render_qa\Manuscript\contact_input\final-page-12.png","427676","0.4079",".png","2026-08-25 06:37:44","False"
"04_submission\.docx_render_qa\Manuscript\contact_input\final-page-13.png","381373","0.3637",".png","2026-08-25 06:37:43","False"
"04_submission\.docx_render_qa\Manuscript\contact_input\final-page-14.png","411874","0.3928",".png","2026-08-25 06:37:44","False"
"04_submission\.docx_render_qa\Manuscript\contact_input\final-page-15.png","382920","0.3652",".png","2026-08-25 06:37:44","False"
"04_submission\.docx_render_qa\Manuscript\contact_input\final-page-16.png","387170","0.3692",".png","2026-08-25 06:37:44","False"
"04_submission\.docx_render_qa\Manuscript\contact_input\final-page-17.png","392138","0.374",".png","2026-08-25 06:37:43","False"
"04_submission\.docx_render_qa\Manuscript\contact_input\final-page-18.png","384556","0.3667",".png","2026-08-25 06:37:44","False"
"04_submission\.docx_render_qa\Manuscript\contact_input\final-page-19.png","355951","0.3395",".png","2026-08-25 06:37:44","False"
"04_submission\.docx_render_qa\Manuscript\contact_input\final-page-20.png","319983","0.3052",".png","2026-08-25 06:37:44","False"
"04_submission\.docx_render_qa\Manuscript\contact_input\final-page-21.png","327345","0.3122",".png","2026-08-25 06:37:43","False"
"04_submission\.docx_render_qa\Manuscript\contact_input\final-page-22.png","382999","0.3653",".png","2026-08-25 06:37:44","False"
"04_submission\.docx_render_qa\Manuscript\contact_input\final-page-23.png","421364","0.4018",".png","2026-08-25 06:37:44","False"
"04_submission\.docx_render_qa\Manuscript\contact_input\final-page-24.png","365875","0.3489",".png","2026-08-25 06:37:43","False"
"04_submission\.docx_render_qa\Manuscript\contact_input\final-page-25.png","340579","0.3248",".png","2026-08-25 06:37:44","False"
"04_submission\.docx_render_qa\Manuscript\contact_input\final-page-26.png","333635","0.3182",".png","2026-08-25 06:37:44","False"
"04_submission\.docx_render_qa\Manuscript\contact_input\final-page-27.png","362418","0.3456",".png","2026-08-25 06:37:43","False"
"04_submission\.docx_render_qa\Manuscript\contact_input\final-page-28.png","356541","0.34",".png","2026-08-25 06:37:44","False"
"04_submission\.docx_render_qa\Manuscript\contact_input\final-page-29.png","44992","0.0429",".png","2026-08-25 06:37:44","False"
"04_submission\.docx_render_qa\Manuscript\Manuscript.pdf","260808","0.2487",".pdf","2026-08-25 06:37:41","False"
"04_submission\.docx_render_qa\Manuscript\page-1.png","343247","0.3273",".png","2026-08-25 06:37:43","False"
"04_submission\.docx_render_qa\Manuscript\page-10.png","356842","0.3403",".png","2026-08-25 06:37:44","False"
"04_submission\.docx_render_qa\Manuscript\page-11.png","357317","0.3408",".png","2026-08-25 06:37:44","False"
"04_submission\.docx_render_qa\Manuscript\page-12.png","427676","0.4079",".png","2026-08-25 06:37:44","False"
"04_submission\.docx_render_qa\Manuscript\page-13.png","381373","0.3637",".png","2026-08-25 06:37:43","False"
"04_submission\.docx_render_qa\Manuscript\page-14.png","411874","0.3928",".png","2026-08-25 06:37:44","False"
"04_submission\.docx_render_qa\Manuscript\page-15.png","382920","0.3652",".png","2026-08-25 06:37:44","False"
"04_submission\.docx_render_qa\Manuscript\page-16.png","387170","0.3692",".png","2026-08-25 06:37:44","False"
"04_submission\.docx_render_qa\Manuscript\page-17.png","392138","0.374",".png","2026-08-25 06:37:43","False"
"04_submission\.docx_render_qa\Manuscript\page-18.png","384556","0.3667",".png","2026-08-25 06:37:44","False"
"04_submission\.docx_render_qa\Manuscript\page-19.png","355951","0.3395",".png","2026-08-25 06:37:44","False"
"04_submission\.docx_render_qa\Manuscript\page-2.png","385488","0.3676",".png","2026-08-25 06:37:43","False"
"04_submission\.docx_render_qa\Manuscript\page-20.png","319983","0.3052",".png","2026-08-25 06:37:44","False"
"04_submission\.docx_render_qa\Manuscript\page-21.png","327345","0.3122",".png","2026-08-25 06:37:43","False"
"04_submission\.docx_render_qa\Manuscript\page-22.png","382999","0.3653",".png","2026-08-25 06:37:44","False"
"04_submission\.docx_render_qa\Manuscript\page-23.png","421364","0.4018",".png","2026-08-25 06:37:44","False"
"04_submission\.docx_render_qa\Manuscript\page-24.png","365875","0.3489",".png","2026-08-25 06:37:43","False"
"04_submission\.docx_render_qa\Manuscript\page-25.png","340579","0.3248",".png","2026-08-25 06:37:44","False"
"04_submission\.docx_render_qa\Manuscript\page-26.png","333635","0.3182",".png","2026-08-25 06:37:44","False"
"04_submission\.docx_render_qa\Manuscript\page-27.png","362418","0.3456",".png","2026-08-25 06:37:43","False"
"04_submission\.docx_render_qa\Manuscript\page-28.png","356541","0.34",".png","2026-08-25 06:37:44","False"
"04_submission\.docx_render_qa\Manuscript\page-29.png","44992","0.0429",".png","2026-08-25 06:37:44","False"
"04_submission\.docx_render_qa\Manuscript\page-3.png","371920","0.3547",".png","2026-08-25 06:37:44","False"
"04_submission\.docx_render_qa\Manuscript\page-4.png","341984","0.3261",".png","2026-08-25 06:37:44","False"
"04_submission\.docx_render_qa\Manuscript\page-5.png","361742","0.345",".png","2026-08-25 06:37:43","False"
"04_submission\.docx_render_qa\Manuscript\page-6.png","366617","0.3496",".png","2026-08-25 06:37:44","False"
"04_submission\.docx_render_qa\Manuscript\page-7.png","372966","0.3557",".png","2026-08-25 06:37:44","False"
"04_submission\.docx_render_qa\Manuscript\page-8.png","363590","0.3467",".png","2026-08-25 06:37:44","False"
"04_submission\.docx_render_qa\Manuscript\page-9.png","391381","0.3733",".png","2026-08-25 06:37:43","False"
"04_submission\.docx_render_qa\Supplementary_Information\contact_input\contact_sheet_lo-supplement_01-09.png","761745","0.7265",".png","2026-08-25 06:38:16","False"
"04_submission\.docx_render_qa\Supplementary_Information\contact_input\contact_sheet_lo-supplement_10-13.png","212334","0.2025",".png","2026-08-25 06:38:16","False"
"04_submission\.docx_render_qa\Supplementary_Information\contact_input\final-page-01.png","503902","0.4806",".png","2026-08-25 06:37:54","False"
"04_submission\.docx_render_qa\Supplementary_Information\contact_input\final-page-02.png","516440","0.4925",".png","2026-08-25 06:37:54","False"
"04_submission\.docx_render_qa\Supplementary_Information\contact_input\final-page-03.png","341593","0.3258",".png","2026-08-25 06:37:54","False"
"04_submission\.docx_render_qa\Supplementary_Information\contact_input\final-page-04.png","307778","0.2935",".png","2026-08-25 06:37:54","False"
"04_submission\.docx_render_qa\Supplementary_Information\contact_input\final-page-05.png","188613","0.1799",".png","2026-08-25 06:37:54","False"
"04_submission\.docx_render_qa\Supplementary_Information\contact_input\final-page-06.png","131167","0.1251",".png","2026-08-25 06:37:54","False"
"04_submission\.docx_render_qa\Supplementary_Information\contact_input\final-page-07.png","328359","0.3131",".png","2026-08-25 06:37:54","False"
"04_submission\.docx_render_qa\Supplementary_Information\contact_input\final-page-08.png","315078","0.3005",".png","2026-08-25 06:37:54","False"
"04_submission\.docx_render_qa\Supplementary_Information\contact_input\final-page-09.png","272299","0.2597",".png","2026-08-25 06:37:54","False"
"04_submission\.docx_render_qa\Supplementary_Information\contact_input\final-page-10.png","247046","0.2356",".png","2026-08-25 06:37:54","False"
"04_submission\.docx_render_qa\Supplementary_Information\contact_input\final-page-11.png","314674","0.3001",".png","2026-08-25 06:37:54","False"
"04_submission\.docx_render_qa\Supplementary_Information\contact_input\final-page-12.png","241557","0.2304",".png","2026-08-25 06:37:54","False"
"04_submission\.docx_render_qa\Supplementary_Information\contact_input\final-page-13.png","312520","0.298",".png","2026-08-25 06:37:54","False"
"04_submission\.docx_render_qa\Supplementary_Information\page-1.png","503902","0.4806",".png","2026-08-25 06:37:54","False"
"04_submission\.docx_render_qa\Supplementary_Information\page-10.png","247046","0.2356",".png","2026-08-25 06:37:54","False"
"04_submission\.docx_render_qa\Supplementary_Information\page-11.png","314674","0.3001",".png","2026-08-25 06:37:54","False"
"04_submission\.docx_render_qa\Supplementary_Information\page-12.png","241557","0.2304",".png","2026-08-25 06:37:54","False"
"04_submission\.docx_render_qa\Supplementary_Information\page-13.png","312520","0.298",".png","2026-08-25 06:37:54","False"
"04_submission\.docx_render_qa\Supplementary_Information\page-2.png","516440","0.4925",".png","2026-08-25 06:37:54","False"
"04_submission\.docx_render_qa\Supplementary_Information\page-3.png","341593","0.3258",".png","2026-08-25 06:37:54","False"
"04_submission\.docx_render_qa\Supplementary_Information\page-4.png","307778","0.2935",".png","2026-08-25 06:37:54","False"
"04_submission\.docx_render_qa\Supplementary_Information\page-5.png","188613","0.1799",".png","2026-08-25 06:37:54","False"
"04_submission\.docx_render_qa\Supplementary_Information\page-6.png","131167","0.1251",".png","2026-08-25 06:37:54","False"
"04_submission\.docx_render_qa\Supplementary_Information\page-7.png","328359","0.3131",".png","2026-08-25 06:37:54","False"
"04_submission\.docx_render_qa\Supplementary_Information\page-8.png","315078","0.3005",".png","2026-08-25 06:37:54","False"
"04_submission\.docx_render_qa\Supplementary_Information\page-9.png","272299","0.2597",".png","2026-08-25 06:37:54","False"
"04_submission\.docx_render_qa\Supplementary_Information\Supplementary_Information.pdf","1518023","1.4477",".pdf","2026-08-25 06:37:52","False"
"04_submission\advisor_full_project_audit_2026-07-22.md","6235","0.0059",".md","2026-07-22 11:39:57","False"
"04_submission\advisor_full_project_audit_v2_2026-07-22.md","7288","0.007",".md","2026-07-22 12:37:49","False"
"04_submission\advisor_full_project_audit_v3_2026-07-27.md","6744","0.0064",".md","2026-07-27 07:12:51","False"
"04_submission\advisor_full_project_audit_v4_2026-07-27.md","5119","0.0049",".md","2026-07-27 08:09:48","False"
"04_submission\advisor_report_2026-07-31\advisor_decision_sheet_2026-07-31.md","1037","0.001",".md","2026-07-31 12:30:36","False"
"04_submission\advisor_report_2026-07-31\advisor_package_verification_2026-07-31.md","677","0.0006",".md","2026-07-31 12:34:36","False"
"04_submission\advisor_report_2026-07-31\advisor_report_brief_2026-07-31.md","3635","0.0035",".md","2026-07-31 12:30:36","False"
"04_submission\advisor_report_2026-07-31\advisor_report_contact_sheet.png","731535","0.6976",".png","2026-07-31 12:26:40","False"
"04_submission\advisor_report_2026-07-31\advisor_report_manifest.csv","5811","0.0055",".csv","2026-07-31 12:34:53","False"
"04_submission\advisor_report_2026-07-31\advisor_report_speaking_notes_2026-07-31.md","3655","0.0035",".md","2026-07-31 12:30:36","False"
"04_submission\advisor_report_2026-07-31\README.md","1630","0.0016",".md","2026-07-31 12:32:52","False"
"04_submission\advisor_report_2026-07-31\selected_results\figures_main\Figure_1_dataset_overview.pdf","62712","0.0598",".pdf","2026-07-27 07:19:27","False"
"04_submission\advisor_report_2026-07-31\selected_results\figures_main\Figure_1_dataset_overview.png","615452","0.5869",".png","2026-07-27 07:19:25","False"
"04_submission\advisor_report_2026-07-31\selected_results\figures_main\Figure_2_refined_bcell_state_atlas.pdf","143872","0.1372",".pdf","2026-07-27 07:29:06","False"
"04_submission\advisor_report_2026-07-31\selected_results\figures_main\Figure_2_refined_bcell_state_atlas.png","1512498","1.4424",".png","2026-07-27 07:29:03","False"
"04_submission\advisor_report_2026-07-31\selected_results\figures_main\Figure_3_abc_apc_focus.pdf","64957","0.0619",".pdf","2026-07-27 07:30:25","False"
"04_submission\advisor_report_2026-07-31\selected_results\figures_main\Figure_3_abc_apc_focus.png","657775","0.6273",".png","2026-07-27 07:30:22","False"
"04_submission\advisor_report_2026-07-31\selected_results\figures_main\Figure_4_covariate_sensitivity.pdf","56327","0.0537",".pdf","2026-07-27 07:27:43","False"
"04_submission\advisor_report_2026-07-31\selected_results\figures_main\Figure_4_covariate_sensitivity.png","454030","0.433",".png","2026-07-27 07:27:41","False"
"04_submission\advisor_report_2026-07-31\selected_results\figures_main\Figure_5_literature_signature_validation.pdf","55716","0.0531",".pdf","2026-07-27 07:08:45","False"
"04_submission\advisor_report_2026-07-31\selected_results\figures_main\Figure_5_literature_signature_validation.png","590529","0.5632",".png","2026-07-27 07:08:42","False"
"04_submission\advisor_report_2026-07-31\selected_results\figures_main\Figure_6_gse135779_large_cohort_validation.pdf","64247","0.0613",".pdf","2026-07-27 07:22:53","False"
"04_submission\advisor_report_2026-07-31\selected_results\figures_main\Figure_6_gse135779_large_cohort_validation.png","441408","0.421",".png","2026-07-27 07:22:51","False"
"04_submission\advisor_report_2026-07-31\selected_results\figures_supplementary\Supplementary_Figure_S1_flagged_cluster_qc.pdf","64274","0.0613",".pdf","2026-07-27 06:31:46","False"
"04_submission\advisor_report_2026-07-31\selected_results\figures_supplementary\Supplementary_Figure_S1_flagged_cluster_qc.png","664968","0.6342",".png","2026-07-27 06:31:43","False"
"04_submission\advisor_report_2026-07-31\selected_results\figures_supplementary\Supplementary_Figure_S2_OneK1K_reference_context.pdf","64861","0.0619",".pdf","2026-07-27 07:25:51","False"
"04_submission\advisor_report_2026-07-31\selected_results\figures_supplementary\Supplementary_Figure_S2_OneK1K_reference_context.png","411033","0.392",".png","2026-07-27 07:25:48","False"
"04_submission\advisor_report_2026-07-31\selected_results\figures_supplementary\Supplementary_Figure_S3_GSE163121_directional_validation.pdf","58403","0.0557",".pdf","2026-07-27 06:35:06","False"
"04_submission\advisor_report_2026-07-31\selected_results\figures_supplementary\Supplementary_Figure_S3_GSE163121_directional_validation.png","424276","0.4046",".png","2026-07-27 06:35:04","False"
"04_submission\advisor_report_2026-07-31\selected_results\figures_supplementary\Supplementary_Figure_S4_compositional_sensitivity.pdf","71528","0.0682",".pdf","2026-07-27 06:55:06","False"
"04_submission\advisor_report_2026-07-31\selected_results\figures_supplementary\Supplementary_Figure_S4_compositional_sensitivity.png","417163","0.3978",".png","2026-07-27 06:55:03","False"
"04_submission\advisor_report_2026-07-31\selected_results\manuscript\Genome_Medicine_Manuscript_v6_AUTHOR_COMPLETION_REQUIRED.pdf","257670","0.2457",".pdf","2026-07-31 03:44:58","False"
"04_submission\advisor_report_2026-07-31\selected_results\qc\advisor_full_project_audit_v4_2026-07-27.md","5119","0.0049",".md","2026-07-27 08:09:48","False"
"04_submission\advisor_report_2026-07-31\selected_results\qc\author_completion_form_2026-07-31.md","2255","0.0022",".md","2026-07-31 03:36:45","False"
"04_submission\advisor_report_2026-07-31\selected_results\qc\final_package_verification_2026-07-31.md","1146","0.0011",".md","2026-07-31 03:58:41","False"
"04_submission\advisor_report_2026-07-31\selected_results\qc\phase7_regulatory_evidence_audit_2026-07-27.md","4655","0.0044",".md","2026-07-27 08:09:48","False"
"04_submission\advisor_report_2026-07-31\selected_results\qc\submission_readiness_and_next_stage_v5_2026-07-31.md","3210","0.0031",".md","2026-07-31 03:55:47","False"
"04_submission\advisor_report_2026-07-31\selected_results\tables\abc_apc_vs_other_literature_signature_tests.csv","2416","0.0023",".csv","2026-07-27 07:08:39","False"
"04_submission\advisor_report_2026-07-31\selected_results\tables\abc_apc_vs_other_program_tests.csv","1962","0.0019",".csv","2026-07-22 12:05:07","False"
"04_submission\advisor_report_2026-07-31\selected_results\tables\compositional_abundance_models.csv","11603","0.0111",".csv","2026-07-27 06:55:00","False"
"04_submission\advisor_report_2026-07-31\selected_results\tables\core_state_pseudocount_sensitivity.csv","2644","0.0025",".csv","2026-07-27 06:55:00","False"
"04_submission\advisor_report_2026-07-31\selected_results\tables\figure1_dataset_summary.csv","127","0.0001",".csv","2026-07-27 07:19:23","False"
"04_submission\advisor_report_2026-07-31\selected_results\tables\GCST005831_bcell_colocalisation_primary.csv","7952","0.0076",".csv","2026-07-27 08:13:33","False"
"04_submission\advisor_report_2026-07-31\selected_results\tables\gse135779_donor_program_score_tests.csv","4179","0.004",".csv","2026-07-27 07:22:49","False"
"04_submission\advisor_report_2026-07-31\selected_results\tables\state_abundance_covariate_models.csv","5857","0.0056",".csv","2026-07-27 07:27:37","False"
"04_submission\advisor_report_2026-07-31\SLE_Bcell_Project_Advisor_Report_2026-07-31.pdf","2450583","2.3371",".pdf","2026-07-31 12:27:55","False"
"04_submission\advisor_report_2026-07-31\SLE_Bcell_Project_Advisor_Report_2026-07-31.pptx","4128419","3.9372",".pptx","2026-07-31 19:53:39","False"
"04_submission\advisor_report_2026-07-31\SLE_Bcell_Project_Advisor_Report_2026-07-31.pptx.inspect.ndjson","68113","0.065",".ndjson","2026-07-31 12:24:53","False"
"04_submission\advisor_report_2026-07-31\SLE_Bcell_Project_Advisor_Report_2026-07-31\slide-1.png","85029","0.0811",".png","2026-07-31 12:26:21","False"
"04_submission\advisor_report_2026-07-31\SLE_Bcell_Project_Advisor_Report_2026-07-31\slide-10.png","154194","0.1471",".png","2026-07-31 12:26:23","False"
"04_submission\advisor_report_2026-07-31\SLE_Bcell_Project_Advisor_Report_2026-07-31\slide-11.png","139840","0.1334",".png","2026-07-31 12:26:23","False"
"04_submission\advisor_report_2026-07-31\SLE_Bcell_Project_Advisor_Report_2026-07-31\slide-12.png","94679","0.0903",".png","2026-07-31 12:26:24","False"
"04_submission\advisor_report_2026-07-31\SLE_Bcell_Project_Advisor_Report_2026-07-31\slide-13.png","112138","0.1069",".png","2026-07-31 12:26:24","False"
"04_submission\advisor_report_2026-07-31\SLE_Bcell_Project_Advisor_Report_2026-07-31\slide-14.png","110247","0.1051",".png","2026-07-31 12:26:24","False"
"04_submission\advisor_report_2026-07-31\SLE_Bcell_Project_Advisor_Report_2026-07-31\slide-15.png","115732","0.1104",".png","2026-07-31 12:26:24","False"
"04_submission\advisor_report_2026-07-31\SLE_Bcell_Project_Advisor_Report_2026-07-31\slide-16.png","86284","0.0823",".png","2026-07-31 12:26:24","False"
"04_submission\advisor_report_2026-07-31\SLE_Bcell_Project_Advisor_Report_2026-07-31\slide-17.png","93584","0.0892",".png","2026-07-31 12:26:25","False"
"04_submission\advisor_report_2026-07-31\SLE_Bcell_Project_Advisor_Report_2026-07-31\slide-18.png","120607","0.115",".png","2026-07-31 12:26:25","False"
"04_submission\advisor_report_2026-07-31\SLE_Bcell_Project_Advisor_Report_2026-07-31\slide-19.png","105211","0.1003",".png","2026-07-31 12:26:25","False"
"04_submission\advisor_report_2026-07-31\SLE_Bcell_Project_Advisor_Report_2026-07-31\slide-2.png","110267","0.1052",".png","2026-07-31 12:26:21","False"
"04_submission\advisor_report_2026-07-31\SLE_Bcell_Project_Advisor_Report_2026-07-31\slide-3.png","105472","0.1006",".png","2026-07-31 12:26:21","False"
"04_submission\advisor_report_2026-07-31\SLE_Bcell_Project_Advisor_Report_2026-07-31\slide-4.png","156375","0.1491",".png","2026-07-31 12:26:22","False"
"04_submission\advisor_report_2026-07-31\SLE_Bcell_Project_Advisor_Report_2026-07-31\slide-5.png","129569","0.1236",".png","2026-07-31 12:26:22","False"
"04_submission\advisor_report_2026-07-31\SLE_Bcell_Project_Advisor_Report_2026-07-31\slide-6.png","181660","0.1732",".png","2026-07-31 12:26:22","False"
"04_submission\advisor_report_2026-07-31\SLE_Bcell_Project_Advisor_Report_2026-07-31\slide-7.png","159789","0.1524",".png","2026-07-31 12:26:22","False"
"04_submission\advisor_report_2026-07-31\SLE_Bcell_Project_Advisor_Report_2026-07-31\slide-8.png","96744","0.0923",".png","2026-07-31 12:26:23","False"
"04_submission\advisor_report_2026-07-31\SLE_Bcell_Project_Advisor_Report_2026-07-31\slide-9.png","125258","0.1195",".png","2026-07-31 12:26:23","False"
"04_submission\author_completion_form_2026-07-31.md","2255","0.0022",".md","2026-07-31 03:36:45","False"
"04_submission\author_completion_form_gateC8_2026-08-20.md","2274","0.0022",".md","2026-08-20 17:06:20","False"
"04_submission\author_completion_form_gateC8R_2026-08-20.md","2329","0.0022",".md","2026-08-20 18:21:54","False"
"04_submission\author_completion_form_gateC8S_2026-08-21.md","2287","0.0022",".md","2026-08-21 00:59:57","False"
"04_submission\Author_Confirmation.md","2061","0.002",".md","2026-08-27 10:44:16","True"
"04_submission\build_submission_package_2026-07-27.ps1","11413","0.0109",".ps1","2026-07-27 07:15:25","False"
"04_submission\cover_letter_genome_medicine_draft_2026-07-22.md","2635","0.0025",".md","2026-07-22 12:39:58","False"
"04_submission\cover_letter_genome_medicine_draft_v2_2026-07-27.md","2991","0.0029",".md","2026-07-27 07:13:53","False"
"04_submission\cover_letter_genome_medicine_gateC8_AUTHOR_COMPLETION_REQUIRED_2026-08-20.md","2929","0.0028",".md","2026-08-20 17:06:20","False"
"04_submission\cover_letter_genome_medicine_gateC8R_AUTHOR_COMPLETION_REQUIRED_2026-08-20.md","3142","0.003",".md","2026-08-20 18:21:54","False"
"04_submission\cover_letter_genome_medicine_gateC8S_AUTHOR_COMPLETION_REQUIRED_2026-08-21.md","3340","0.0032",".md","2026-08-21 00:59:57","False"
"04_submission\cover_letter_genome_medicine_v3_AUTHOR_COMPLETION_REQUIRED_2026-07-31.md","2996","0.0029",".md","2026-07-31 03:55:47","False"
"04_submission\cover_letter_pitch_v1.md","1791","0.0017",".md","2026-07-08 19:35:23","False"
"04_submission\Cover_Letter.md","4432","0.0042",".md","2026-08-27 10:44:16","True"
"04_submission\data_code_availability_v1.md","1924","0.0018",".md","2026-07-08 19:36:16","False"
"04_submission\document_qc\research_proposal_v14_2026-08-10_corrected_qc_r2\a11y_audit.json","422","0.0004",".json","2026-08-10 18:21:53","False"
"04_submission\document_qc\research_proposal_v14_2026-08-10_corrected_qc_r2\contact_sheet.png","3227658","3.0781",".png","2026-08-10 18:24:03","False"
"04_submission\document_qc\research_proposal_v14_2026-08-10_corrected_qc_r2\page-1.png","119570","0.114",".png","2026-08-10 18:20:44","False"
"04_submission\document_qc\research_proposal_v14_2026-08-10_corrected_qc_r2\page-10.png","291600","0.2781",".png","2026-08-10 18:20:45","False"
"04_submission\document_qc\research_proposal_v14_2026-08-10_corrected_qc_r2\page-2.png","400712","0.3821",".png","2026-08-10 18:20:45","False"
"04_submission\document_qc\research_proposal_v14_2026-08-10_corrected_qc_r2\page-3.png","373349","0.3561",".png","2026-08-10 18:20:45","False"
"04_submission\document_qc\research_proposal_v14_2026-08-10_corrected_qc_r2\page-4.png","387948","0.37",".png","2026-08-10 18:20:45","False"
"04_submission\document_qc\research_proposal_v14_2026-08-10_corrected_qc_r2\page-5.png","330544","0.3152",".png","2026-08-10 18:20:45","False"
"04_submission\document_qc\research_proposal_v14_2026-08-10_corrected_qc_r2\page-6.png","369858","0.3527",".png","2026-08-10 18:20:45","False"
"04_submission\document_qc\research_proposal_v14_2026-08-10_corrected_qc_r2\page-7.png","403069","0.3844",".png","2026-08-10 18:20:45","False"
"04_submission\document_qc\research_proposal_v14_2026-08-10_corrected_qc_r2\page-8.png","360424","0.3437",".png","2026-08-10 18:20:45","False"
"04_submission\document_qc\research_proposal_v14_2026-08-10_corrected_qc_r2\page-9.png","330796","0.3155",".png","2026-08-10 18:20:45","False"
"04_submission\document_qc\research_proposal_v14_2026-08-10_corrected_qc_r2\research_proposal_v14_methodologically_revised_2026-08-10.pdf","176264","0.1681",".pdf","2026-08-10 18:20:43","False"
"04_submission\document_qc\research_proposal_v14_2026-08-10_corrected_qc_r2\RESEARCH_PROPOSAL_V14_QC.md","1381","0.0013",".md","2026-08-10 18:24:37","False"
"04_submission\document_qc\research_proposal_v14_2026-08-10_corrected_qc\contact_sheet.png","3244804","3.0945",".png","2026-08-10 18:18:52","False"
"04_submission\document_qc\research_proposal_v14_2026-08-10_corrected_qc\page-1.png","119570","0.114",".png","2026-08-10 18:17:54","False"
"04_submission\document_qc\research_proposal_v14_2026-08-10_corrected_qc\page-10.png","318791","0.304",".png","2026-08-10 18:17:55","False"
"04_submission\document_qc\research_proposal_v14_2026-08-10_corrected_qc\page-2.png","400712","0.3821",".png","2026-08-10 18:17:56","False"
"04_submission\document_qc\research_proposal_v14_2026-08-10_corrected_qc\page-3.png","373349","0.3561",".png","2026-08-10 18:17:55","False"
"04_submission\document_qc\research_proposal_v14_2026-08-10_corrected_qc\page-4.png","376135","0.3587",".png","2026-08-10 18:17:56","False"
"04_submission\document_qc\research_proposal_v14_2026-08-10_corrected_qc\page-5.png","312416","0.2979",".png","2026-08-10 18:17:55","False"
"04_submission\document_qc\research_proposal_v14_2026-08-10_corrected_qc\page-6.png","366133","0.3492",".png","2026-08-10 18:17:55","False"
"04_submission\document_qc\research_proposal_v14_2026-08-10_corrected_qc\page-7.png","393683","0.3754",".png","2026-08-10 18:17:55","False"
"04_submission\document_qc\research_proposal_v14_2026-08-10_corrected_qc\page-8.png","377905","0.3604",".png","2026-08-10 18:17:55","False"
"04_submission\document_qc\research_proposal_v14_2026-08-10_corrected_qc\page-9.png","334430","0.3189",".png","2026-08-10 18:17:55","False"
"04_submission\document_qc\research_proposal_v14_2026-08-10_corrected_qc\research_proposal_v14_methodologically_revised_2026-08-10.pdf","176119","0.168",".pdf","2026-08-10 18:17:52","False"
"04_submission\document_qc\research_proposal_v14_2026-08-10_external_audit_integrated_qc_r2\a11y_audit.json","422","0.0004",".json","2026-08-10 19:26:46","False"
"04_submission\document_qc\research_proposal_v14_2026-08-10_external_audit_integrated_qc_r2\contact_sheet.png","3354545","3.1991",".png","2026-08-10 19:25:38","False"
"04_submission\document_qc\research_proposal_v14_2026-08-10_external_audit_integrated_qc_r2\page-1.png","119570","0.114",".png","2026-08-10 19:25:17","False"
"04_submission\document_qc\research_proposal_v14_2026-08-10_external_audit_integrated_qc_r2\page-10.png","389117","0.3711",".png","2026-08-10 19:25:17","False"
"04_submission\document_qc\research_proposal_v14_2026-08-10_external_audit_integrated_qc_r2\page-2.png","400712","0.3821",".png","2026-08-10 19:25:17","False"
"04_submission\document_qc\research_proposal_v14_2026-08-10_external_audit_integrated_qc_r2\page-3.png","385521","0.3677",".png","2026-08-10 19:25:17","False"
"04_submission\document_qc\research_proposal_v14_2026-08-10_external_audit_integrated_qc_r2\page-4.png","387916","0.3699",".png","2026-08-10 19:25:17","False"
"04_submission\document_qc\research_proposal_v14_2026-08-10_external_audit_integrated_qc_r2\page-5.png","315698","0.3011",".png","2026-08-10 19:25:17","False"
"04_submission\document_qc\research_proposal_v14_2026-08-10_external_audit_integrated_qc_r2\page-6.png","398130","0.3797",".png","2026-08-10 19:25:17","False"
"04_submission\document_qc\research_proposal_v14_2026-08-10_external_audit_integrated_qc_r2\page-7.png","392742","0.3745",".png","2026-08-10 19:25:17","False"
"04_submission\document_qc\research_proposal_v14_2026-08-10_external_audit_integrated_qc_r2\page-8.png","350334","0.3341",".png","2026-08-10 19:25:17","False"
"04_submission\document_qc\research_proposal_v14_2026-08-10_external_audit_integrated_qc_r2\page-9.png","359422","0.3428",".png","2026-08-10 19:25:17","False"
"04_submission\document_qc\research_proposal_v14_2026-08-10_external_audit_integrated_qc_r2\research_proposal_v14_methodologically_revised_2026-08-10.pdf","177803","0.1696",".pdf","2026-08-10 19:25:15","False"
"04_submission\document_qc\research_proposal_v14_2026-08-10_external_audit_integrated_qc\contact_sheet.png","3083827","2.941",".png","2026-08-10 19:23:51","False"
"04_submission\document_qc\research_proposal_v14_2026-08-10_external_audit_integrated_qc\page-1.png","119570","0.114",".png","2026-08-10 19:23:30","False"
"04_submission\document_qc\research_proposal_v14_2026-08-10_external_audit_integrated_qc\page-10.png","365606","0.3487",".png","2026-08-10 19:23:30","False"
"04_submission\document_qc\research_proposal_v14_2026-08-10_external_audit_integrated_qc\page-11.png","55570","0.053",".png","2026-08-10 19:23:30","False"
"04_submission\document_qc\research_proposal_v14_2026-08-10_external_audit_integrated_qc\page-2.png","400712","0.3821",".png","2026-08-10 19:23:30","False"
"04_submission\document_qc\research_proposal_v14_2026-08-10_external_audit_integrated_qc\page-3.png","367344","0.3503",".png","2026-08-10 19:23:30","False"
"04_submission\document_qc\research_proposal_v14_2026-08-10_external_audit_integrated_qc\page-4.png","373771","0.3565",".png","2026-08-10 19:23:31","False"
"04_submission\document_qc\research_proposal_v14_2026-08-10_external_audit_integrated_qc\page-5.png","340659","0.3249",".png","2026-08-10 19:23:30","False"
"04_submission\document_qc\research_proposal_v14_2026-08-10_external_audit_integrated_qc\page-6.png","384031","0.3662",".png","2026-08-10 19:23:31","False"
"04_submission\document_qc\research_proposal_v14_2026-08-10_external_audit_integrated_qc\page-7.png","398121","0.3797",".png","2026-08-10 19:23:30","False"
"04_submission\document_qc\research_proposal_v14_2026-08-10_external_audit_integrated_qc\page-8.png","387785","0.3698",".png","2026-08-10 19:23:30","False"
"04_submission\document_qc\research_proposal_v14_2026-08-10_external_audit_integrated_qc\page-9.png","368772","0.3517",".png","2026-08-10 19:23:30","False"
"04_submission\document_qc\research_proposal_v14_2026-08-10_external_audit_integrated_qc\research_proposal_v14_methodologically_revised_2026-08-10.pdf","179499","0.1712",".pdf","2026-08-10 19:23:28","False"
"04_submission\document_qc\research_proposal_v14_2026-08-10_final_qc\a11y_audit.json","419","0.0004",".json","2026-08-10 17:30:51","False"
"04_submission\document_qc\research_proposal_v14_2026-08-10_final_qc\page-1.png","119570","0.114",".png","2026-08-10 17:30:50","False"
"04_submission\document_qc\research_proposal_v14_2026-08-10_final_qc\page-10.png","291600","0.2781",".png","2026-08-10 17:30:50","False"
"04_submission\document_qc\research_proposal_v14_2026-08-10_final_qc\page-2.png","400712","0.3821",".png","2026-08-10 17:30:50","False"
"04_submission\document_qc\research_proposal_v14_2026-08-10_final_qc\page-3.png","373349","0.3561",".png","2026-08-10 17:30:50","False"
"04_submission\document_qc\research_proposal_v14_2026-08-10_final_qc\page-4.png","385595","0.3677",".png","2026-08-10 17:30:51","False"
"04_submission\document_qc\research_proposal_v14_2026-08-10_final_qc\page-5.png","330544","0.3152",".png","2026-08-10 17:30:50","False"
"04_submission\document_qc\research_proposal_v14_2026-08-10_final_qc\page-6.png","369858","0.3527",".png","2026-08-10 17:30:50","False"
"04_submission\document_qc\research_proposal_v14_2026-08-10_final_qc\page-7.png","403069","0.3844",".png","2026-08-10 17:30:50","False"
"04_submission\document_qc\research_proposal_v14_2026-08-10_final_qc\page-8.png","360424","0.3437",".png","2026-08-10 17:30:50","False"
"04_submission\document_qc\research_proposal_v14_2026-08-10_final_qc\page-9.png","330796","0.3155",".png","2026-08-10 17:30:50","False"
"04_submission\document_qc\research_proposal_v14_2026-08-10_final_qc\research_proposal_v14_methodologically_revised_2026-08-10.pdf","176115","0.168",".pdf","2026-08-10 17:30:48","False"
"04_submission\document_qc\research_proposal_v14_2026-08-10_final\a11y_audit.json","881","0.0008",".json","2026-08-10 17:30:12","False"
"04_submission\document_qc\research_proposal_v14_2026-08-10_final\page-1.png","119570","0.114",".png","2026-08-10 17:29:31","False"
"04_submission\document_qc\research_proposal_v14_2026-08-10_final\page-10.png","291600","0.2781",".png","2026-08-10 17:29:31","False"
"04_submission\document_qc\research_proposal_v14_2026-08-10_final\page-2.png","400712","0.3821",".png","2026-08-10 17:29:31","False"
"04_submission\document_qc\research_proposal_v14_2026-08-10_final\page-3.png","373349","0.3561",".png","2026-08-10 17:29:31","False"
"04_submission\document_qc\research_proposal_v14_2026-08-10_final\page-4.png","385595","0.3677",".png","2026-08-10 17:29:32","False"
"04_submission\document_qc\research_proposal_v14_2026-08-10_final\page-5.png","330544","0.3152",".png","2026-08-10 17:29:31","False"
"04_submission\document_qc\research_proposal_v14_2026-08-10_final\page-6.png","369858","0.3527",".png","2026-08-10 17:29:31","False"
"04_submission\document_qc\research_proposal_v14_2026-08-10_final\page-7.png","403069","0.3844",".png","2026-08-10 17:29:31","False"
"04_submission\document_qc\research_proposal_v14_2026-08-10_final\page-8.png","360424","0.3437",".png","2026-08-10 17:29:31","False"
"04_submission\document_qc\research_proposal_v14_2026-08-10_final\page-9.png","330796","0.3155",".png","2026-08-10 17:29:31","False"
"04_submission\document_qc\research_proposal_v14_2026-08-10_final\research_proposal_v14_methodologically_revised_2026-08-10.pdf","175898","0.1677",".pdf","2026-08-10 17:29:28","False"
"04_submission\document_qc\research_proposal_v14_2026-08-10_r2\contact_sheet.png","888815","0.8476",".png","2026-08-10 17:28:36","False"
"04_submission\document_qc\research_proposal_v14_2026-08-10_r2\page-1.png","126503","0.1206",".png","2026-08-10 17:28:23","False"
"04_submission\document_qc\research_proposal_v14_2026-08-10_r2\page-10.png","291600","0.2781",".png","2026-08-10 17:28:23","False"
"04_submission\document_qc\research_proposal_v14_2026-08-10_r2\page-2.png","400712","0.3821",".png","2026-08-10 17:28:23","False"
"04_submission\document_qc\research_proposal_v14_2026-08-10_r2\page-3.png","373349","0.3561",".png","2026-08-10 17:28:23","False"
"04_submission\document_qc\research_proposal_v14_2026-08-10_r2\page-4.png","385595","0.3677",".png","2026-08-10 17:28:24","False"
"04_submission\document_qc\research_proposal_v14_2026-08-10_r2\page-5.png","330544","0.3152",".png","2026-08-10 17:28:23","False"
"04_submission\document_qc\research_proposal_v14_2026-08-10_r2\page-6.png","369858","0.3527",".png","2026-08-10 17:28:23","False"
"04_submission\document_qc\research_proposal_v14_2026-08-10_r2\page-7.png","403069","0.3844",".png","2026-08-10 17:28:23","False"
"04_submission\document_qc\research_proposal_v14_2026-08-10_r2\page-8.png","360424","0.3437",".png","2026-08-10 17:28:23","False"
"04_submission\document_qc\research_proposal_v14_2026-08-10_r2\page-9.png","330796","0.3155",".png","2026-08-10 17:28:23","False"
"04_submission\document_qc\research_proposal_v14_2026-08-10_r2\research_proposal_v14_methodologically_revised_2026-08-10.pdf","175924","0.1678",".pdf","2026-08-10 17:28:21","False"
"04_submission\document_qc\research_proposal_v14_2026-08-10\page-1.png","116182","0.1108",".png","2026-08-10 17:24:53","False"
"04_submission\document_qc\research_proposal_v14_2026-08-10\page-10.png","287991","0.2746",".png","2026-08-10 17:24:54","False"
"04_submission\document_qc\research_proposal_v14_2026-08-10\page-2.png","400712","0.3821",".png","2026-08-10 17:24:54","False"
"04_submission\document_qc\research_proposal_v14_2026-08-10\page-3.png","373349","0.3561",".png","2026-08-10 17:24:54","False"
"04_submission\document_qc\research_proposal_v14_2026-08-10\page-4.png","385595","0.3677",".png","2026-08-10 17:24:54","False"
"04_submission\document_qc\research_proposal_v14_2026-08-10\page-5.png","330544","0.3152",".png","2026-08-10 17:24:54","False"
"04_submission\document_qc\research_proposal_v14_2026-08-10\page-6.png","369858","0.3527",".png","2026-08-10 17:24:54","False"
"04_submission\document_qc\research_proposal_v14_2026-08-10\page-7.png","403069","0.3844",".png","2026-08-10 17:24:54","False"
"04_submission\document_qc\research_proposal_v14_2026-08-10\page-8.png","360424","0.3437",".png","2026-08-10 17:24:54","False"
"04_submission\document_qc\research_proposal_v14_2026-08-10\page-9.png","330464","0.3152",".png","2026-08-10 17:24:54","False"
"04_submission\document_qc\research_proposal_v14_2026-08-10\research_proposal_v14_methodologically_revised_2026-08-10.pdf","176581","0.1684",".pdf","2026-08-10 17:24:51","False"
"04_submission\external_regulatory_evidence_strategy_v1.md","2257","0.0022",".md","2026-07-08 19:24:58","False"
"04_submission\figure_quality_qc\figure_contact_sheet_2026-07-22.png","520358","0.4963",".png","2026-07-22 12:34:43","False"
"04_submission\figure_quality_qc\figure_contact_sheet_2026-07-27.png","706520","0.6738",".png","2026-08-10 17:54:17","False"
"04_submission\figure_quality_qc\figure_quality_qc_2026-07-22.csv","2218","0.0021",".csv","2026-07-22 12:34:42","False"
"04_submission\figure_quality_qc\figure_quality_qc_2026-07-22.md","2451","0.0023",".md","2026-07-22 12:34:42","False"
"04_submission\figure_quality_qc\figure_quality_qc_2026-07-27.csv","3084","0.0029",".csv","2026-08-10 17:54:16","False"
"04_submission\figure_quality_qc\figure_quality_qc_2026-07-27.md","3172","0.003",".md","2026-08-10 17:54:16","False"
"04_submission\figure_triage_nature_style_2026-07-22.md","2068","0.002",".md","2026-07-22 11:39:57","False"
"04_submission\figure_triage_v1.md","3066","0.0029",".md","2026-07-22 11:39:57","False"
"04_submission\final_formatting_todo_by_journal_type_v1.md","3731","0.0036",".md","2026-07-01 06:52:14","False"
"04_submission\final_package_verification_2026-07-31.md","1146","0.0011",".md","2026-07-31 03:58:41","False"
"04_submission\genome_medicine_target_alignment_2026-07-22.md","2087","0.002",".md","2026-07-22 12:36:48","False"
"04_submission\journal_shortlist_upper_q1_2026-07-09.md","5676","0.0054",".md","2026-07-09 05:55:38","False"
"04_submission\journal_strategy.md","6540","0.0062",".md","2026-06-22 05:40:11","False"
"04_submission\journal_submission_im.zip","48881552","46.6171",".zip","2026-08-25 07:13:21","False"
"04_submission\journal_submission_im\additional_files\Figure_Source_Data.zip","178545","0.1703",".zip","2026-08-25 06:32:31","False"
"04_submission\journal_submission_im\additional_files\Full_Statistical_Results.zip","8314122","7.929",".zip","2026-08-21 00:59:56","False"
"04_submission\journal_submission_im\additional_files\Regulator_Sensitivity.zip","2336","0.0022",".zip","2026-08-25 06:32:31","False"
"04_submission\journal_submission_im\additional_files\regulator_sensitivity\03_CORRELATION_AWARE_STAT1_STAT2_SENSITIVITY.csv","2083","0.002",".csv","2026-08-20 18:21:53","False"
"04_submission\journal_submission_im\additional_files\regulator_sensitivity\04_CORRELATION_AWARE_STAT1_STAT2_DECISION.json","1389","0.0013",".json","2026-08-20 18:21:53","False"
"04_submission\journal_submission_im\additional_files\regulator_sensitivity\SHA256SUMS.csv","254","0.0002",".csv","2026-08-25 06:32:31","False"
"04_submission\journal_submission_im\additional_files\source_data\Figure1_source_data.csv","3481","0.0033",".csv","2026-08-25 04:48:53","False"
"04_submission\journal_submission_im\additional_files\source_data\Figure2_source_data.csv","33705","0.0321",".csv","2026-08-25 04:48:55","False"
"04_submission\journal_submission_im\additional_files\source_data\Figure3_source_data.csv","8333","0.0079",".csv","2026-08-25 04:48:58","False"
"04_submission\journal_submission_im\additional_files\source_data\Figure4_source_data.csv","500362","0.4772",".csv","2026-08-25 04:49:01","False"
"04_submission\journal_submission_im\additional_files\source_data\Figure5_source_data.csv","4162","0.004",".csv","2026-08-25 04:49:04","False"
"04_submission\journal_submission_im\additional_files\source_data\SHA256SUMS.csv","1263","0.0012",".csv","2026-08-25 06:32:31","False"
"04_submission\journal_submission_im\additional_files\source_data\Supplementary_Figure_S1_source_data.csv","15014","0.0143",".csv","2026-08-21 00:59:15","False"
"04_submission\journal_submission_im\additional_files\source_data\Supplementary_Figure_S2_source_data.csv","26506","0.0253",".csv","2026-08-21 00:59:21","False"
"04_submission\journal_submission_im\additional_files\source_data\Supplementary_Figure_S3_source_data.csv","4375","0.0042",".csv","2026-08-21 00:59:26","False"
"04_submission\journal_submission_im\additional_files\source_data\Supplementary_Figure_S4_source_data.csv","5599","0.0053",".csv","2026-08-21 00:59:32","False"
"04_submission\journal_submission_im\additional_files\source_data\Supplementary_Figure_S5_source_data.csv","4113","0.0039",".csv","2026-08-21 00:59:37","False"
"04_submission\journal_submission_im\additional_files\source_data\Supplementary_Figure_S6_source_data.csv","6249","0.006",".csv","2026-08-21 00:59:43","False"
"04_submission\journal_submission_im\additional_files\source_data\Supplementary_Figure_S7_source_data.csv","2110","0.002",".csv","2026-08-21 00:59:47","False"
"04_submission\journal_submission_im\additional_files\Supplementary_Information.docx","2775511","2.6469",".docx","2026-08-25 06:32:31","False"
"04_submission\journal_submission_im\figures_supplementary\Supplementary_Figure_S1_source_integrity_qc.pdf","51533","0.0491",".pdf","2026-08-21 00:59:18","False"
"04_submission\journal_submission_im\figures_supplementary\Supplementary_Figure_S1_source_integrity_qc.png","551569","0.526",".png","2026-08-21 00:59:21","False"
"04_submission\journal_submission_im\figures_supplementary\Supplementary_Figure_S2_representation_diagnostics.pdf","50861","0.0485",".pdf","2026-08-21 00:59:24","False"
"04_submission\journal_submission_im\figures_supplementary\Supplementary_Figure_S2_representation_diagnostics.png","503738","0.4804",".png","2026-08-21 00:59:26","False"
"04_submission\journal_submission_im\figures_supplementary\Supplementary_Figure_S3_identity_adjudication.pdf","51281","0.0489",".pdf","2026-08-21 00:59:30","False"
"04_submission\journal_submission_im\figures_supplementary\Supplementary_Figure_S3_identity_adjudication.png","384518","0.3667",".png","2026-08-21 00:59:32","False"
"04_submission\journal_submission_im\figures_supplementary\Supplementary_Figure_S4_composition_diagnostics.pdf","47952","0.0457",".pdf","2026-08-21 00:59:35","False"
"04_submission\journal_submission_im\figures_supplementary\Supplementary_Figure_S4_composition_diagnostics.png","335514","0.32",".png","2026-08-21 00:59:37","False"
"04_submission\journal_submission_im\figures_supplementary\Supplementary_Figure_S5_pseudobulk_diagnostics.pdf","51706","0.0493",".pdf","2026-08-21 00:59:40","False"
"04_submission\journal_submission_im\figures_supplementary\Supplementary_Figure_S5_pseudobulk_diagnostics.png","492551","0.4697",".png","2026-08-21 00:59:43","False"
"04_submission\journal_submission_im\figures_supplementary\Supplementary_Figure_S6_external_validation_diagnostics.pdf","48118","0.0459",".pdf","2026-08-21 00:59:46","False"
"04_submission\journal_submission_im\figures_supplementary\Supplementary_Figure_S6_external_validation_diagnostics.png","391944","0.3738",".png","2026-08-21 00:59:47","False"
"04_submission\journal_submission_im\figures_supplementary\Supplementary_Figure_S7_regulator_correlation_sensitivity.pdf","48444","0.0462",".pdf","2026-08-21 00:59:51","False"
"04_submission\journal_submission_im\figures_supplementary\Supplementary_Figure_S7_regulator_correlation_sensitivity.png","589432","0.5621",".png","2026-08-21 00:59:54","False"
"04_submission\journal_submission_im\figures\Figure1_disease_blind_identity_scope.pdf","52726","0.0503",".pdf","2026-08-25 04:48:54","False"
"04_submission\journal_submission_im\figures\Figure1_disease_blind_identity_scope.png","594162","0.5666",".png","2026-08-25 04:48:55","False"
"04_submission\journal_submission_im\figures\Figure2_sample_level_composition.pdf","49303","0.047",".pdf","2026-08-25 04:48:57","False"
"04_submission\journal_submission_im\figures\Figure2_sample_level_composition.png","471529","0.4497",".png","2026-08-25 04:48:58","False"
"04_submission\journal_submission_im\figures\Figure3_gse174188_bconv_transcription.pdf","54202","0.0517",".pdf","2026-08-25 04:48:59","False"
"04_submission\journal_submission_im\figures\Figure3_gse174188_bconv_transcription.png","457009","0.4358",".png","2026-08-25 04:49:00","False"
"04_submission\journal_submission_im\figures\Figure4_independent_ifn_replication.pdf","54815","0.0523",".pdf","2026-08-25 04:49:03","False"
"04_submission\journal_submission_im\figures\Figure4_independent_ifn_replication.png","604889","0.5769",".png","2026-08-25 04:49:04","False"
"04_submission\journal_submission_im\figures\Figure5_regulatory_evidence.pdf","53687","0.0512",".pdf","2026-08-25 04:49:05","False"
"04_submission\journal_submission_im\figures\Figure5_regulatory_evidence.png","612626","0.5842",".png","2026-08-25 04:49:06","False"
"04_submission\journal_submission_im\internal_qc\cover_letter_a11y.json","199","0.0002",".json","2026-08-25 06:33:16","False"
"04_submission\journal_submission_im\internal_qc\main_text_a11y.json","191","0.0002",".json","2026-08-25 06:33:16","False"
"04_submission\journal_submission_im\internal_qc\supplement_a11y.json","213","0.0002",".json","2026-08-25 06:33:16","False"
"04_submission\journal_submission_im\internal_qc\wps_render_cover_letter\contact_sheet_cover_01-01.png","156691","0.1494",".png","2026-08-25 06:33:16","False"
"04_submission\journal_submission_im\internal_qc\wps_render_cover_letter\Cover_Letter_WPS.pdf","73004","0.0696",".pdf","2026-08-25 06:32:52","False"
"04_submission\journal_submission_im\internal_qc\wps_render_cover_letter\final-page-1.png","433092","0.413",".png","2026-08-25 06:33:16","False"
"04_submission\journal_submission_im\internal_qc\wps_render_main\contact_sheet_main_01-09.png","985756","0.9401",".png","2026-08-25 06:33:06","False"
"04_submission\journal_submission_im\internal_qc\wps_render_main\contact_sheet_main_10-18.png","1015411","0.9684",".png","2026-08-25 06:33:06","False"
"04_submission\journal_submission_im\internal_qc\wps_render_main\contact_sheet_main_19-27.png","933454","0.8902",".png","2026-08-25 06:33:07","False"
"04_submission\journal_submission_im\internal_qc\wps_render_main\contact_sheet_main_28-29.png","117203","0.1118",".png","2026-08-25 06:33:07","False"
"04_submission\journal_submission_im\internal_qc\wps_render_main\final-page-01.png","283830","0.2707",".png","2026-08-25 06:32:54","False"
"04_submission\journal_submission_im\internal_qc\wps_render_main\final-page-02.png","313022","0.2985",".png","2026-08-25 06:32:55","False"
"04_submission\journal_submission_im\internal_qc\wps_render_main\final-page-03.png","300215","0.2863",".png","2026-08-25 06:32:55","False"
"04_submission\journal_submission_im\internal_qc\wps_render_main\final-page-04.png","276716","0.2639",".png","2026-08-25 06:32:56","False"
"04_submission\journal_submission_im\internal_qc\wps_render_main\final-page-05.png","289279","0.2759",".png","2026-08-25 06:32:56","False"
"04_submission\journal_submission_im\internal_qc\wps_render_main\final-page-06.png","291097","0.2776",".png","2026-08-25 06:32:56","False"
"04_submission\journal_submission_im\internal_qc\wps_render_main\final-page-07.png","301216","0.2873",".png","2026-08-25 06:32:56","False"
"04_submission\journal_submission_im\internal_qc\wps_render_main\final-page-08.png","295759","0.2821",".png","2026-08-25 06:32:57","False"
"04_submission\journal_submission_im\internal_qc\wps_render_main\final-page-09.png","312705","0.2982",".png","2026-08-25 06:32:57","False"
"04_submission\journal_submission_im\internal_qc\wps_render_main\final-page-10.png","284260","0.2711",".png","2026-08-25 06:32:58","False"
"04_submission\journal_submission_im\internal_qc\wps_render_main\final-page-11.png","287249","0.2739",".png","2026-08-25 06:32:58","False"
"04_submission\journal_submission_im\internal_qc\wps_render_main\final-page-12.png","340651","0.3249",".png","2026-08-25 06:32:58","False"
"04_submission\journal_submission_im\internal_qc\wps_render_main\final-page-13.png","302933","0.2889",".png","2026-08-25 06:32:59","False"
"04_submission\journal_submission_im\internal_qc\wps_render_main\final-page-14.png","330303","0.315",".png","2026-08-25 06:32:59","False"
"04_submission\journal_submission_im\internal_qc\wps_render_main\final-page-15.png","309245","0.2949",".png","2026-08-25 06:33:00","False"
"04_submission\journal_submission_im\internal_qc\wps_render_main\final-page-16.png","314101","0.2996",".png","2026-08-25 06:33:00","False"
"04_submission\journal_submission_im\internal_qc\wps_render_main\final-page-17.png","318538","0.3038",".png","2026-08-25 06:33:00","False"
"04_submission\journal_submission_im\internal_qc\wps_render_main\final-page-18.png","311321","0.2969",".png","2026-08-25 06:33:01","False"
"04_submission\journal_submission_im\internal_qc\wps_render_main\final-page-19.png","286990","0.2737",".png","2026-08-25 06:33:01","False"
"04_submission\journal_submission_im\internal_qc\wps_render_main\final-page-20.png","254489","0.2427",".png","2026-08-25 06:33:01","False"
"04_submission\journal_submission_im\internal_qc\wps_render_main\final-page-21.png","260152","0.2481",".png","2026-08-25 06:33:01","False"
"04_submission\journal_submission_im\internal_qc\wps_render_main\final-page-22.png","307443","0.2932",".png","2026-08-25 06:33:02","False"
"04_submission\journal_submission_im\internal_qc\wps_render_main\final-page-23.png","333253","0.3178",".png","2026-08-25 06:33:03","False"
"04_submission\journal_submission_im\internal_qc\wps_render_main\final-page-24.png","291792","0.2783",".png","2026-08-25 06:33:03","False"
"04_submission\journal_submission_im\internal_qc\wps_render_main\final-page-25.png","277162","0.2643",".png","2026-08-25 06:33:03","False"
"04_submission\journal_submission_im\internal_qc\wps_render_main\final-page-26.png","265619","0.2533",".png","2026-08-25 06:33:04","False"
"04_submission\journal_submission_im\internal_qc\wps_render_main\final-page-27.png","289538","0.2761",".png","2026-08-25 06:33:04","False"
"04_submission\journal_submission_im\internal_qc\wps_render_main\final-page-28.png","285818","0.2726",".png","2026-08-25 06:33:05","False"
"04_submission\journal_submission_im\internal_qc\wps_render_main\final-page-29.png","32552","0.031",".png","2026-08-25 06:33:05","False"
"04_submission\journal_submission_im\internal_qc\wps_render_main\Manuscript_WPS.pdf","251443","0.2398",".pdf","2026-08-25 06:32:37","False"
"04_submission\journal_submission_im\internal_qc\wps_render_supplement\contact_sheet_supplement_01-09.png","760973","0.7257",".png","2026-08-25 06:33:14","False"
"04_submission\journal_submission_im\internal_qc\wps_render_supplement\contact_sheet_supplement_10-13.png","209475","0.1998",".png","2026-08-25 06:33:14","False"
"04_submission\journal_submission_im\internal_qc\wps_render_supplement\final-page-01.png","406765","0.3879",".png","2026-08-25 06:33:08","False"
"04_submission\journal_submission_im\internal_qc\wps_render_supplement\final-page-02.png","406759","0.3879",".png","2026-08-25 06:33:09","False"
"04_submission\journal_submission_im\internal_qc\wps_render_supplement\final-page-03.png","262275","0.2501",".png","2026-08-25 06:33:09","False"
"04_submission\journal_submission_im\internal_qc\wps_render_supplement\final-page-04.png","239698","0.2286",".png","2026-08-25 06:33:09","False"
"04_submission\journal_submission_im\internal_qc\wps_render_supplement\final-page-05.png","142154","0.1356",".png","2026-08-25 06:33:10","False"
"04_submission\journal_submission_im\internal_qc\wps_render_supplement\final-page-06.png","98810","0.0942",".png","2026-08-25 06:33:10","False"
"04_submission\journal_submission_im\internal_qc\wps_render_supplement\final-page-07.png","222010","0.2117",".png","2026-08-25 06:33:10","False"
"04_submission\journal_submission_im\internal_qc\wps_render_supplement\final-page-08.png","213350","0.2035",".png","2026-08-25 06:33:11","False"
"04_submission\journal_submission_im\internal_qc\wps_render_supplement\final-page-09.png","185394","0.1768",".png","2026-08-25 06:33:11","False"
"04_submission\journal_submission_im\internal_qc\wps_render_supplement\final-page-10.png","171349","0.1634",".png","2026-08-25 06:33:11","False"
"04_submission\journal_submission_im\internal_qc\wps_render_supplement\final-page-11.png","210824","0.2011",".png","2026-08-25 06:33:12","False"
"04_submission\journal_submission_im\internal_qc\wps_render_supplement\final-page-12.png","166975","0.1592",".png","2026-08-25 06:33:12","False"
"04_submission\journal_submission_im\internal_qc\wps_render_supplement\final-page-13.png","212118","0.2023",".png","2026-08-25 06:33:12","False"
"04_submission\journal_submission_im\internal_qc\wps_render_supplement\Supplementary_Information_WPS.pdf","3287260","3.135",".pdf","2026-08-25 06:32:48","False"
"04_submission\journal_submission_im\main_text\Manuscript_v17.docx","59920","0.0571",".docx","2026-08-25 06:32:30","False"
"04_submission\journal_submission_im\MANIFEST_SHA256.csv","18401","0.0175",".csv","2026-08-25 06:33:17","False"
"04_submission\journal_submission_im\portal_upload_optional\Supplementary_Figure_S1.pdf","51533","0.0491",".pdf","2026-08-21 00:59:18","False"
"04_submission\journal_submission_im\portal_upload_optional\Supplementary_Figure_S2.pdf","50861","0.0485",".pdf","2026-08-21 00:59:24","False"
"04_submission\journal_submission_im\portal_upload_optional\Supplementary_Figure_S3.pdf","51281","0.0489",".pdf","2026-08-21 00:59:30","False"
"04_submission\journal_submission_im\portal_upload_optional\Supplementary_Figure_S4.pdf","47952","0.0457",".pdf","2026-08-21 00:59:35","False"
"04_submission\journal_submission_im\portal_upload_optional\Supplementary_Figure_S5.pdf","51706","0.0493",".pdf","2026-08-21 00:59:40","False"
"04_submission\journal_submission_im\portal_upload_optional\Supplementary_Figure_S6.pdf","48118","0.0459",".pdf","2026-08-21 00:59:46","False"
"04_submission\journal_submission_im\portal_upload_optional\Supplementary_Figure_S7.pdf","48444","0.0462",".pdf","2026-08-21 00:59:51","False"
"04_submission\journal_submission_im\portal_upload_required\Cover_Letter.docx","40291","0.0384",".docx","2026-08-25 06:32:31","False"
"04_submission\journal_submission_im\portal_upload_required\Figure_1.pdf","52726","0.0503",".pdf","2026-08-25 04:48:54","False"
"04_submission\journal_submission_im\portal_upload_required\Figure_2.pdf","49303","0.047",".pdf","2026-08-25 04:48:57","False"
"04_submission\journal_submission_im\portal_upload_required\Figure_3.pdf","54202","0.0517",".pdf","2026-08-25 04:48:59","False"
"04_submission\journal_submission_im\portal_upload_required\Figure_4.pdf","54815","0.0523",".pdf","2026-08-25 04:49:03","False"
"04_submission\journal_submission_im\portal_upload_required\Figure_5.pdf","53687","0.0512",".pdf","2026-08-25 04:49:05","False"
"04_submission\journal_submission_im\portal_upload_required\Figure_Source_Data.zip","178545","0.1703",".zip","2026-08-25 06:32:31","False"
"04_submission\journal_submission_im\portal_upload_required\Full_Statistical_Results.zip","8314122","7.929",".zip","2026-08-21 00:59:56","False"
"04_submission\journal_submission_im\portal_upload_required\Manuscript.docx","59920","0.0571",".docx","2026-08-25 06:32:30","False"
"04_submission\journal_submission_im\portal_upload_required\Regulator_Sensitivity.zip","2336","0.0022",".zip","2026-08-25 06:32:31","False"
"04_submission\journal_submission_im\portal_upload_required\Supplementary_Information.docx","2775511","2.6469",".docx","2026-08-25 06:32:31","False"
"04_submission\journal_submission_im\README.md","1202","0.0011",".md","2026-08-25 06:33:17","False"
"04_submission\journal_submission_im\references\crossref_raw_gateC8BR.json","888631","0.8475",".json","2026-08-25 02:17:46","False"
"04_submission\journal_submission_im\references\reference_verification_gateC8BR.csv","5699","0.0054",".csv","2026-08-25 02:17:46","False"
"04_submission\journal_submission_im\references\reference_verification_gateC8BR.md","2293","0.0022",".md","2026-08-25 02:17:46","False"
"04_submission\journal_submission_im\references\references_gateC8BR_vancouver.md","6725","0.0064",".md","2026-08-25 02:17:46","False"
"04_submission\journal_submission_im\reproducibility\build_submission_package.ps1","1012","0.001",".ps1","2026-08-25 06:20:42","False"
"04_submission\journal_submission_im\reproducibility\check_submission_environment.py","3073","0.0029",".py","2026-08-25 06:31:40","False"
"04_submission\journal_submission_im\reproducibility\CITATION.cff","1021","0.001",".cff","2026-08-25 06:32:29","False"
"04_submission\journal_submission_im\reproducibility\create_submission_environment.ps1","2519","0.0024",".ps1","2026-08-25 06:32:01","False"
"04_submission\journal_submission_im\reproducibility\docx_a11y_audit.py","5024","0.0048",".py","2026-08-25 02:01:40","False"
"04_submission\journal_submission_im\reproducibility\environment_analysis_python.txt","75","0.0001",".txt","2026-08-10 19:21:51","False"
"04_submission\journal_submission_im\reproducibility\environment_analysis_win64.txt","16373","0.0156",".txt","2026-08-10 19:20:12","False"
"04_submission\journal_submission_im\reproducibility\environment_analysis.yml","6940","0.0066",".yml","2026-08-25 06:32:18","False"
"04_submission\journal_submission_im\reproducibility\environment_submission_win64.txt","1607","0.0015",".txt","2026-08-25 03:14:04","False"
"04_submission\journal_submission_im\reproducibility\environment_submission.yml","494","0.0005",".yml","2026-08-25 06:31:40","False"
"04_submission\journal_submission_im\reproducibility\LICENSE","1077","0.001","","2026-08-25 04:32:29","False"
"04_submission\journal_submission_im\reproducibility\LICENSE_CONTENT_CC_BY_4.0.md","475","0.0005",".md","2026-08-25 04:32:29","False"
"04_submission\journal_submission_im\reproducibility\LICENSE_SCOPE.md","1414","0.0013",".md","2026-08-25 04:32:29","False"
"04_submission\journal_submission_im\reproducibility\README.md","5215","0.005",".md","2026-08-25 06:31:40","False"
"04_submission\journal_submission_im\reproducibility\REPRODUCIBILITY.md","6696","0.0064",".md","2026-08-25 06:31:40","False"
"04_submission\journal_submission_im\submission_docs\Author_Confirmation.md","2061","0.002",".md","2026-08-25 06:32:29","False"
"04_submission\journal_submission_im\submission_docs\Cover_Letter.docx","40291","0.0384",".docx","2026-08-25 06:32:31","False"
"04_submission\journal_submission_im\submission_docs\Cover_Letter.md","3829","0.0037",".md","2026-08-25 06:32:29","False"
"04_submission\journal_submission_im\submission_docs\Manuscript.md","51052","0.0487",".md","2026-08-25 06:32:29","False"
"04_submission\journal_submission_im\submission_docs\PORTAL_UPLOAD_FILENAME_MAP.csv","4617","0.0044",".csv","2026-08-25 06:32:31","False"
"04_submission\journal_submission_im\submission_docs\PORTAL_UPLOAD_OPTIONAL.csv","2198","0.0021",".csv","2026-08-25 06:32:31","False"
"04_submission\journal_submission_im\submission_docs\PORTAL_UPLOAD_POLICY.txt","350","0.0003",".txt","2026-08-25 06:32:31","False"
"04_submission\journal_submission_im\submission_docs\PORTAL_UPLOAD_REQUIRED.csv","2482","0.0024",".csv","2026-08-25 06:32:31","False"
"04_submission\journal_submission_im\submission_docs\Reporting_Checklist.md","1562","0.0015",".md","2026-08-25 06:32:29","False"
"04_submission\journal_submission_im\submission_docs\Supplementary_Information.md","14956","0.0143",".md","2026-08-25 06:32:29","False"
"04_submission\journal_submission_im\submission_docs\Zenodo_Metadata.json","1326","0.0013",".json","2026-08-25 06:32:29","False"
"04_submission\journal_submission_im\v20_im\manuscript_v20_QiTeng_journal_neutral_text_master_2026-08-25 (1).md","53417","0.0509",".md","2026-08-25 07:10:17","False"
"04_submission\journal_submission_im\v20_im\QiTeng_Text_Round4_Action_Report_2026-08-25 (1).md","9739","0.0093",".md","2026-08-25 07:10:37","False"
"04_submission\journal_submission_im\v20_im\QiTeng_Text_Round4_Semantic_Synchronization_Audit_2026-08-25 (1).md","8065","0.0077",".md","2026-08-25 07:10:33","False"
"04_submission\journal_submission_im\v20_im\round4_integrity_checks (1).json","1316","0.0013",".json","2026-08-25 07:10:40","False"
"04_submission\journal_submission_im\v20_im\SHA256_MANIFEST_Round4 (1).tsv","914","0.0009",".tsv","2026-08-25 07:10:44","False"
"04_submission\journal_submission_im\v20_im\SLE_Bcell_Manuscript_v20_QiTeng_journal_neutral_text_master_2026-08-25 (1).docx","60181","0.0574",".docx","2026-08-25 07:09:57","False"
"04_submission\journal_submission_im\v20_im\SLE_Bcell_Supplementary_v8_QiTeng_semantic_sync_2026-08-25 (1).docx","2775747","2.6472",".docx","2026-08-25 07:10:22","False"
"04_submission\journal_submission_im\v20_im\V20_Complete_Manuscript_With_Figures_2026-08-25.docx","2448511","2.3351",".docx","2026-08-25 07:37:45","False"
"04_submission\journal_submission_im\v20_im\V20_Complete_Manuscript_With_Figures_2026-08-25.pdf","1347818","1.2854",".pdf","2026-08-25 07:38:09","False"
"04_submission\journal_submission_im\v20_im\V20_Figure_Integration_Action_Report_2026-08-25.md","3742","0.0036",".md","2026-08-25 07:38:12","False"
"04_submission\journal_submission.zip","58515354","55.8046",".zip","2026-08-27 10:44:54","False"
"04_submission\journal_submission\additional_files\Figure_Source_Data.zip","186694","0.178",".zip","2026-08-27 10:44:17","False"
"04_submission\journal_submission\additional_files\Full_Statistical_Results.zip","10814743","10.3137",".zip","2026-08-27 10:44:18","False"
"04_submission\journal_submission\additional_files\Regulator_Sensitivity.zip","23794","0.0227",".zip","2026-08-27 10:44:17","False"
"04_submission\journal_submission\additional_files\regulator_sensitivity\01_OVERLAP_DEPLETION_RESULTS.csv","12343","0.0118",".csv","2026-08-25 17:35:58","False"
"04_submission\journal_submission\additional_files\regulator_sensitivity\02_ULM_LEAVE_ONE_TARGET.csv","67001","0.0639",".csv","2026-08-25 17:35:58","False"
"04_submission\journal_submission\additional_files\regulator_sensitivity\03_CORRELATION_AWARE_STAT1_STAT2_SENSITIVITY.csv","2083","0.002",".csv","2026-08-20 18:21:53","False"
"04_submission\journal_submission\additional_files\regulator_sensitivity\03_ULM_LEAVE_ONE_TARGET_SUMMARY.csv","1306","0.0012",".csv","2026-08-25 17:35:58","False"
"04_submission\journal_submission\additional_files\regulator_sensitivity\04_CORRELATION_AWARE_STAT1_STAT2_DECISION.json","1389","0.0013",".json","2026-08-20 18:21:53","False"
"04_submission\journal_submission\additional_files\regulator_sensitivity\04_METHOD_SUMMARY.csv","474","0.0005",".csv","2026-08-25 17:35:58","False"
"04_submission\journal_submission\additional_files\regulator_sensitivity\05_OVERLAP_DEPLETION_STATUS.json","3536","0.0034",".json","2026-08-25 17:35:58","False"
"04_submission\journal_submission\additional_files\regulator_sensitivity\06_SUPPLEMENTARY_FIGURE_S8_STATUS.json","588","0.0006",".json","2026-08-25 17:38:59","False"
"04_submission\journal_submission\additional_files\regulator_sensitivity\07_ROUND6_OVERLAP_DEPLETION_ADVISOR_REVIEW.md","3717","0.0035",".md","2026-08-25 23:32:53","False"
"04_submission\journal_submission\additional_files\regulator_sensitivity\SHA256SUMS.csv","1091","0.001",".csv","2026-08-27 10:44:17","False"
"04_submission\journal_submission\additional_files\regulator_sensitivity\Supplementary_Figure_S8_source_data.csv","8005","0.0076",".csv","2026-08-25 17:38:57","False"
"04_submission\journal_submission\additional_files\source_data\Figure1_source_data.csv","3481","0.0033",".csv","2026-08-27 10:36:47","False"
"04_submission\journal_submission\additional_files\source_data\Figure2_source_data.csv","33705","0.0321",".csv","2026-08-27 10:36:48","False"
"04_submission\journal_submission\additional_files\source_data\Figure3_source_data.csv","8333","0.0079",".csv","2026-08-27 10:36:50","False"
"04_submission\journal_submission\additional_files\source_data\Figure4_source_data.csv","500362","0.4772",".csv","2026-08-27 10:36:52","False"
"04_submission\journal_submission\additional_files\source_data\Figure5_source_data.csv","4162","0.004",".csv","2026-08-27 10:36:54","False"
"04_submission\journal_submission\additional_files\source_data\SHA256SUMS.csv","1484","0.0014",".csv","2026-08-27 10:44:17","False"
"04_submission\journal_submission\additional_files\source_data\Supplementary_Figure_S1_source_data.csv","15014","0.0143",".csv","2026-08-21 00:59:15","False"
"04_submission\journal_submission\additional_files\source_data\Supplementary_Figure_S2_source_data.csv","26506","0.0253",".csv","2026-08-21 00:59:21","False"
"04_submission\journal_submission\additional_files\source_data\Supplementary_Figure_S3_source_data.csv","4375","0.0042",".csv","2026-08-21 00:59:26","False"
"04_submission\journal_submission\additional_files\source_data\Supplementary_Figure_S4_source_data.csv","5599","0.0053",".csv","2026-08-21 00:59:32","False"
"04_submission\journal_submission\additional_files\source_data\Supplementary_Figure_S5_source_data.csv","4113","0.0039",".csv","2026-08-21 00:59:37","False"
"04_submission\journal_submission\additional_files\source_data\Supplementary_Figure_S6_source_data.csv","6249","0.006",".csv","2026-08-21 00:59:43","False"
"04_submission\journal_submission\additional_files\source_data\Supplementary_Figure_S7_source_data.csv","2110","0.002",".csv","2026-08-21 00:59:47","False"
"04_submission\journal_submission\additional_files\source_data\Supplementary_Figure_S8_source_data.csv","8005","0.0076",".csv","2026-08-25 17:38:57","False"
"04_submission\journal_submission\additional_files\source_data\Supplementary_Figure_S9_source_data.csv","18720","0.0179",".csv","2026-08-27 10:36:48","False"
"04_submission\journal_submission\additional_files\Supplementary_Information.docx","3777931","3.6029",".docx","2026-08-27 10:44:17","False"
"04_submission\journal_submission\figures_supplementary\Supplementary_Figure_S1_source_integrity_qc.pdf","51533","0.0491",".pdf","2026-08-21 00:59:18","False"
"04_submission\journal_submission\figures_supplementary\Supplementary_Figure_S1_source_integrity_qc.png","551569","0.526",".png","2026-08-21 00:59:21","False"
"04_submission\journal_submission\figures_supplementary\Supplementary_Figure_S2_representation_diagnostics.pdf","50861","0.0485",".pdf","2026-08-21 00:59:24","False"
"04_submission\journal_submission\figures_supplementary\Supplementary_Figure_S2_representation_diagnostics.png","503738","0.4804",".png","2026-08-21 00:59:26","False"
"04_submission\journal_submission\figures_supplementary\Supplementary_Figure_S3_identity_adjudication.pdf","51281","0.0489",".pdf","2026-08-21 00:59:30","False"
"04_submission\journal_submission\figures_supplementary\Supplementary_Figure_S3_identity_adjudication.png","384518","0.3667",".png","2026-08-21 00:59:32","False"
"04_submission\journal_submission\figures_supplementary\Supplementary_Figure_S4_composition_diagnostics.pdf","47952","0.0457",".pdf","2026-08-21 00:59:35","False"
"04_submission\journal_submission\figures_supplementary\Supplementary_Figure_S4_composition_diagnostics.png","335514","0.32",".png","2026-08-21 00:59:37","False"
"04_submission\journal_submission\figures_supplementary\Supplementary_Figure_S5_pseudobulk_diagnostics.pdf","51706","0.0493",".pdf","2026-08-21 00:59:40","False"
"04_submission\journal_submission\figures_supplementary\Supplementary_Figure_S5_pseudobulk_diagnostics.png","492551","0.4697",".png","2026-08-21 00:59:43","False"
"04_submission\journal_submission\figures_supplementary\Supplementary_Figure_S6_external_validation_diagnostics.pdf","48118","0.0459",".pdf","2026-08-21 00:59:46","False"
"04_submission\journal_submission\figures_supplementary\Supplementary_Figure_S6_external_validation_diagnostics.png","391944","0.3738",".png","2026-08-21 00:59:47","False"
"04_submission\journal_submission\figures_supplementary\Supplementary_Figure_S7_regulator_correlation_sensitivity.pdf","48444","0.0462",".pdf","2026-08-21 00:59:51","False"
"04_submission\journal_submission\figures_supplementary\Supplementary_Figure_S7_regulator_correlation_sensitivity.png","589432","0.5621",".png","2026-08-21 00:59:54","False"
"04_submission\journal_submission\figures_supplementary\Supplementary_Figure_S8_overlap_depletion.pdf","49826","0.0475",".pdf","2026-08-25 17:38:59","False"
"04_submission\journal_submission\figures_supplementary\Supplementary_Figure_S8_overlap_depletion.png","562614","0.5366",".png","2026-08-25 17:38:59","False"
"04_submission\journal_submission\figures_supplementary\Supplementary_Figure_S9_identity_boundary_and_propagation.pdf","52943","0.0505",".pdf","2026-08-27 10:36:47","False"
"04_submission\journal_submission\figures_supplementary\Supplementary_Figure_S9_identity_boundary_and_propagation.png","591268","0.5639",".png","2026-08-27 10:36:48","False"
"04_submission\journal_submission\figures\Figure1_disease_blind_identity_scope.pdf","58256","0.0556",".pdf","2026-08-27 10:36:48","False"
"04_submission\journal_submission\figures\Figure1_disease_blind_identity_scope.png","638620","0.609",".png","2026-08-27 10:36:48","False"
"04_submission\journal_submission\figures\Figure2_sample_level_composition.pdf","49303","0.047",".pdf","2026-08-27 10:36:49","False"
"04_submission\journal_submission\figures\Figure2_sample_level_composition.png","471529","0.4497",".png","2026-08-27 10:36:50","False"
"04_submission\journal_submission\figures\Figure3_gse174188_bconv_transcription.pdf","54202","0.0517",".pdf","2026-08-27 10:36:51","False"
"04_submission\journal_submission\figures\Figure3_gse174188_bconv_transcription.png","457009","0.4358",".png","2026-08-27 10:36:52","False"
"04_submission\journal_submission\figures\Figure4_independent_ifn_replication.pdf","54815","0.0523",".pdf","2026-08-27 10:36:53","False"
"04_submission\journal_submission\figures\Figure4_independent_ifn_replication.png","604889","0.5769",".png","2026-08-27 10:36:54","False"
"04_submission\journal_submission\figures\Figure5_regulatory_evidence.pdf","63040","0.0601",".pdf","2026-08-27 10:36:55","False"
"04_submission\journal_submission\figures\Figure5_regulatory_evidence.png","751098","0.7163",".png","2026-08-27 10:36:56","False"
"04_submission\journal_submission\internal_qc\cover_letter_a11y.json","199","0.0002",".json","2026-08-27 10:44:48","False"
"04_submission\journal_submission\internal_qc\main_text_a11y.json","191","0.0002",".json","2026-08-27 10:44:48","False"
"04_submission\journal_submission\internal_qc\supplement_a11y.json","213","0.0002",".json","2026-08-27 10:44:48","False"
"04_submission\journal_submission\internal_qc\wps_render_cover_letter\contact_sheet_cover_01-01.png","164768","0.1571",".png","2026-08-27 10:44:48","False"
"04_submission\journal_submission\internal_qc\wps_render_cover_letter\Cover_Letter_WPS.pdf","74730","0.0713",".pdf","2026-08-27 10:44:32","False"
"04_submission\journal_submission\internal_qc\wps_render_cover_letter\final-page-1.png","485608","0.4631",".png","2026-08-27 10:44:48","False"
"04_submission\journal_submission\internal_qc\wps_render_main\contact_sheet_main_01-09.png","982224","0.9367",".png","2026-08-27 10:44:41","False"
"04_submission\journal_submission\internal_qc\wps_render_main\contact_sheet_main_10-18.png","1009803","0.963",".png","2026-08-27 10:44:41","False"
"04_submission\journal_submission\internal_qc\wps_render_main\contact_sheet_main_19-27.png","997077","0.9509",".png","2026-08-27 10:44:42","False"
"04_submission\journal_submission\internal_qc\wps_render_main\contact_sheet_main_28-32.png","485113","0.4626",".png","2026-08-27 10:44:42","False"
"04_submission\journal_submission\internal_qc\wps_render_main\final-page-01.png","287731","0.2744",".png","2026-08-27 10:44:33","False"
"04_submission\journal_submission\internal_qc\wps_render_main\final-page-02.png","297886","0.2841",".png","2026-08-27 10:44:33","False"
"04_submission\journal_submission\internal_qc\wps_render_main\final-page-03.png","287666","0.2743",".png","2026-08-27 10:44:33","False"
"04_submission\journal_submission\internal_qc\wps_render_main\final-page-04.png","268329","0.2559",".png","2026-08-27 10:44:33","False"
"04_submission\journal_submission\internal_qc\wps_render_main\final-page-05.png","301069","0.2871",".png","2026-08-27 10:44:34","False"
"04_submission\journal_submission\internal_qc\wps_render_main\final-page-06.png","303830","0.2898",".png","2026-08-27 10:44:34","False"
"04_submission\journal_submission\internal_qc\wps_render_main\final-page-07.png","278131","0.2652",".png","2026-08-27 10:44:34","False"
"04_submission\journal_submission\internal_qc\wps_render_main\final-page-08.png","303282","0.2892",".png","2026-08-27 10:44:34","False"
"04_submission\journal_submission\internal_qc\wps_render_main\final-page-09.png","297440","0.2837",".png","2026-08-27 10:44:35","False"
"04_submission\journal_submission\internal_qc\wps_render_main\final-page-10.png","304846","0.2907",".png","2026-08-27 10:44:35","False"
"04_submission\journal_submission\internal_qc\wps_render_main\final-page-11.png","310111","0.2957",".png","2026-08-27 10:44:35","False"
"04_submission\journal_submission\internal_qc\wps_render_main\final-page-12.png","257036","0.2451",".png","2026-08-27 10:44:35","False"
"04_submission\journal_submission\internal_qc\wps_render_main\final-page-13.png","315003","0.3004",".png","2026-08-27 10:44:35","False"
"04_submission\journal_submission\internal_qc\wps_render_main\final-page-14.png","299359","0.2855",".png","2026-08-27 10:44:36","False"
"04_submission\journal_submission\internal_qc\wps_render_main\final-page-15.png","343901","0.328",".png","2026-08-27 10:44:36","False"
"04_submission\journal_submission\internal_qc\wps_render_main\final-page-16.png","322448","0.3075",".png","2026-08-27 10:44:36","False"
"04_submission\journal_submission\internal_qc\wps_render_main\final-page-17.png","317562","0.3029",".png","2026-08-27 10:44:36","False"
"04_submission\journal_submission\internal_qc\wps_render_main\final-page-18.png","334455","0.319",".png","2026-08-27 10:44:37","False"
"04_submission\journal_submission\internal_qc\wps_render_main\final-page-19.png","308902","0.2946",".png","2026-08-27 10:44:37","False"
"04_submission\journal_submission\internal_qc\wps_render_main\final-page-20.png","316338","0.3017",".png","2026-08-27 10:44:37","False"
"04_submission\journal_submission\internal_qc\wps_render_main\final-page-21.png","298436","0.2846",".png","2026-08-27 10:44:37","False"
"04_submission\journal_submission\internal_qc\wps_render_main\final-page-22.png","288055","0.2747",".png","2026-08-27 10:44:38","False"
"04_submission\journal_submission\internal_qc\wps_render_main\final-page-23.png","297515","0.2837",".png","2026-08-27 10:44:38","False"
"04_submission\journal_submission\internal_qc\wps_render_main\final-page-24.png","246091","0.2347",".png","2026-08-27 10:44:38","False"
"04_submission\journal_submission\internal_qc\wps_render_main\final-page-25.png","313684","0.2992",".png","2026-08-27 10:44:38","False"
"04_submission\journal_submission\internal_qc\wps_render_main\final-page-26.png","294811","0.2812",".png","2026-08-27 10:44:39","False"
"04_submission\journal_submission\internal_qc\wps_render_main\final-page-27.png","309110","0.2948",".png","2026-08-27 10:44:39","False"
"04_submission\journal_submission\internal_qc\wps_render_main\final-page-28.png","273782","0.2611",".png","2026-08-27 10:44:39","False"
"04_submission\journal_submission\internal_qc\wps_render_main\final-page-29.png","289179","0.2758",".png","2026-08-27 10:44:39","False"
"04_submission\journal_submission\internal_qc\wps_render_main\final-page-30.png","291647","0.2781",".png","2026-08-27 10:44:40","False"
"04_submission\journal_submission\internal_qc\wps_render_main\final-page-31.png","297639","0.2839",".png","2026-08-27 10:44:40","False"
"04_submission\journal_submission\internal_qc\wps_render_main\final-page-32.png","195301","0.1863",".png","2026-08-27 10:44:40","False"
"04_submission\journal_submission\internal_qc\wps_render_main\Manuscript_WPS.pdf","268956","0.2565",".pdf","2026-08-27 10:44:21","False"
"04_submission\journal_submission\internal_qc\wps_render_supplement\contact_sheet_supplement_01-09.png","932483","0.8893",".png","2026-08-27 10:44:47","False"
"04_submission\journal_submission\internal_qc\wps_render_supplement\contact_sheet_supplement_10-17.png","501670","0.4784",".png","2026-08-27 10:44:47","False"
"04_submission\journal_submission\internal_qc\wps_render_supplement\final-page-01.png","402853","0.3842",".png","2026-08-27 10:44:42","False"
"04_submission\journal_submission\internal_qc\wps_render_supplement\final-page-02.png","466270","0.4447",".png","2026-08-27 10:44:43","False"
"04_submission\journal_submission\internal_qc\wps_render_supplement\final-page-03.png","394792","0.3765",".png","2026-08-27 10:44:43","False"
"04_submission\journal_submission\internal_qc\wps_render_supplement\final-page-04.png","274791","0.2621",".png","2026-08-27 10:44:43","False"
"04_submission\journal_submission\internal_qc\wps_render_supplement\final-page-05.png","287073","0.2738",".png","2026-08-27 10:44:44","False"
"04_submission\journal_submission\internal_qc\wps_render_supplement\final-page-06.png","195807","0.1867",".png","2026-08-27 10:44:44","False"
"04_submission\journal_submission\internal_qc\wps_render_supplement\final-page-07.png","217014","0.207",".png","2026-08-27 10:44:44","False"
"04_submission\journal_submission\internal_qc\wps_render_supplement\final-page-08.png","116848","0.1114",".png","2026-08-27 10:44:44","False"
"04_submission\journal_submission\internal_qc\wps_render_supplement\final-page-09.png","222179","0.2119",".png","2026-08-27 10:44:44","False"
"04_submission\journal_submission\internal_qc\wps_render_supplement\final-page-10.png","213469","0.2036",".png","2026-08-27 10:44:45","False"
"04_submission\journal_submission\internal_qc\wps_render_supplement\final-page-11.png","204555","0.1951",".png","2026-08-27 10:44:45","False"
"04_submission\journal_submission\internal_qc\wps_render_supplement\final-page-12.png","171301","0.1634",".png","2026-08-27 10:44:45","False"
"04_submission\journal_submission\internal_qc\wps_render_supplement\final-page-13.png","211010","0.2012",".png","2026-08-27 10:44:45","False"
"04_submission\journal_submission\internal_qc\wps_render_supplement\final-page-14.png","166891","0.1592",".png","2026-08-27 10:44:45","False"
"04_submission\journal_submission\internal_qc\wps_render_supplement\final-page-15.png","212127","0.2023",".png","2026-08-27 10:44:46","False"
"04_submission\journal_submission\internal_qc\wps_render_supplement\final-page-16.png","305065","0.2909",".png","2026-08-27 10:44:46","False"
"04_submission\journal_submission\internal_qc\wps_render_supplement\final-page-17.png","340510","0.3247",".png","2026-08-27 10:44:46","False"
"04_submission\journal_submission\internal_qc\wps_render_supplement\Supplementary_Information_WPS.pdf","4542966","4.3325",".pdf","2026-08-27 10:44:29","False"
"04_submission\journal_submission\main_text\Manuscript.docx","62141","0.0593",".docx","2026-08-27 10:44:17","False"
"04_submission\journal_submission\MANIFEST_SHA256.csv","23208","0.0221",".csv","2026-08-27 10:44:50","True"
"04_submission\journal_submission\portal_upload_optional\Supplementary_Figure_S1.pdf","51533","0.0491",".pdf","2026-08-21 00:59:18","False"
"04_submission\journal_submission\portal_upload_optional\Supplementary_Figure_S2.pdf","50861","0.0485",".pdf","2026-08-21 00:59:24","False"
"04_submission\journal_submission\portal_upload_optional\Supplementary_Figure_S3.pdf","51281","0.0489",".pdf","2026-08-21 00:59:30","False"
"04_submission\journal_submission\portal_upload_optional\Supplementary_Figure_S4.pdf","47952","0.0457",".pdf","2026-08-21 00:59:35","False"
"04_submission\journal_submission\portal_upload_optional\Supplementary_Figure_S5.pdf","51706","0.0493",".pdf","2026-08-21 00:59:40","False"
"04_submission\journal_submission\portal_upload_optional\Supplementary_Figure_S6.pdf","48118","0.0459",".pdf","2026-08-21 00:59:46","False"
"04_submission\journal_submission\portal_upload_optional\Supplementary_Figure_S7.pdf","48444","0.0462",".pdf","2026-08-21 00:59:51","False"
"04_submission\journal_submission\portal_upload_optional\Supplementary_Figure_S8.pdf","49826","0.0475",".pdf","2026-08-25 17:38:59","False"
"04_submission\journal_submission\portal_upload_optional\Supplementary_Figure_S9.pdf","52943","0.0505",".pdf","2026-08-27 10:36:47","False"
"04_submission\journal_submission\portal_upload_required\Cover_Letter.docx","40559","0.0387",".docx","2026-08-27 10:44:17","True"
"04_submission\journal_submission\portal_upload_required\Figure_1.pdf","58256","0.0556",".pdf","2026-08-27 10:36:48","True"
"04_submission\journal_submission\portal_upload_required\Figure_2.pdf","49303","0.047",".pdf","2026-08-27 10:36:49","True"
"04_submission\journal_submission\portal_upload_required\Figure_3.pdf","54202","0.0517",".pdf","2026-08-27 10:36:51","True"
"04_submission\journal_submission\portal_upload_required\Figure_4.pdf","54815","0.0523",".pdf","2026-08-27 10:36:53","True"
"04_submission\journal_submission\portal_upload_required\Figure_5.pdf","63040","0.0601",".pdf","2026-08-27 10:36:55","True"
"04_submission\journal_submission\portal_upload_required\Figure_Source_Data.zip","186694","0.178",".zip","2026-08-27 10:44:17","True"
"04_submission\journal_submission\portal_upload_required\Full_Statistical_Results.zip","10814743","10.3137",".zip","2026-08-27 10:44:18","True"
"04_submission\journal_submission\portal_upload_required\Manuscript.docx","62141","0.0593",".docx","2026-08-27 10:44:17","True"
"04_submission\journal_submission\portal_upload_required\Regulator_Sensitivity.zip","23794","0.0227",".zip","2026-08-27 10:44:17","True"
"04_submission\journal_submission\portal_upload_required\Supplementary_Information.docx","3777931","3.6029",".docx","2026-08-27 10:44:17","True"
"04_submission\journal_submission\README.md","1201","0.0011",".md","2026-08-27 10:44:50","True"
"04_submission\journal_submission\references\crossref_raw_gateC8BR.json","888631","0.8475",".json","2026-08-25 02:17:46","False"
"04_submission\journal_submission\references\reference_verification_gateC8BR.csv","5699","0.0054",".csv","2026-08-25 02:17:46","False"
"04_submission\journal_submission\references\reference_verification_gateC8BR.md","2293","0.0022",".md","2026-08-25 02:17:46","False"
"04_submission\journal_submission\references\references_gateC8BR_vancouver.md","6725","0.0064",".md","2026-08-25 02:17:46","False"
"04_submission\journal_submission\reproducibility\build_submission_package.ps1","1012","0.001",".ps1","2026-08-25 06:20:42","False"
"04_submission\journal_submission\reproducibility\check_submission_environment.py","3073","0.0029",".py","2026-08-25 06:31:40","False"
"04_submission\journal_submission\reproducibility\CITATION.cff","1021","0.001",".cff","2026-08-27 10:44:16","False"
"04_submission\journal_submission\reproducibility\create_submission_environment.ps1","2519","0.0024",".ps1","2026-08-25 06:32:01","False"
"04_submission\journal_submission\reproducibility\docx_a11y_audit.py","5024","0.0048",".py","2026-08-25 02:01:40","False"
"04_submission\journal_submission\reproducibility\environment_analysis_python.txt","75","0.0001",".txt","2026-08-10 19:21:51","False"
"04_submission\journal_submission\reproducibility\environment_analysis_win64.txt","16373","0.0156",".txt","2026-08-10 19:20:12","False"
"04_submission\journal_submission\reproducibility\environment_analysis.yml","6940","0.0066",".yml","2026-08-25 06:32:18","False"
"04_submission\journal_submission\reproducibility\environment_submission_win64.txt","1607","0.0015",".txt","2026-08-25 03:14:04","False"
"04_submission\journal_submission\reproducibility\environment_submission.yml","494","0.0005",".yml","2026-08-25 06:31:40","False"
"04_submission\journal_submission\reproducibility\LICENSE","1077","0.001","","2026-08-25 04:32:29","False"
"04_submission\journal_submission\reproducibility\LICENSE_CONTENT_CC_BY_4.0.md","475","0.0005",".md","2026-08-25 04:32:29","False"
"04_submission\journal_submission\reproducibility\LICENSE_SCOPE.md","1414","0.0013",".md","2026-08-25 04:32:29","False"
"04_submission\journal_submission\reproducibility\phase17_round6_01_overlap_depletion_sensitivity.R","18397","0.0175",".r","2026-08-25 17:35:23","False"
"04_submission\journal_submission\reproducibility\phase17_round6_02_build_overlap_depletion_figure.py","9059","0.0086",".py","2026-08-25 17:38:50","False"
"04_submission\journal_submission\reproducibility\phase17_round6_03_full_pipeline_identity_resampling.py","22883","0.0218",".py","2026-08-25 18:04:22","False"
"04_submission\journal_submission\reproducibility\phase17_round6_04_audit_r1_hold_and_prepare_propagation.py","22422","0.0214",".py","2026-08-27 10:16:55","False"
"04_submission\journal_submission\reproducibility\phase17_round6_05_fit_identity_uncertainty_composition.py","9772","0.0093",".py","2026-08-27 10:16:55","False"
"04_submission\journal_submission\reproducibility\phase17_round6_05_fit_identity_uncertainty_ifn.R","7612","0.0073",".r","2026-08-27 10:22:20","False"
"04_submission\journal_submission\reproducibility\phase17_round6_06_build_identity_hold_figure.py","16007","0.0153",".py","2026-08-27 10:36:34","False"
"04_submission\journal_submission\reproducibility\README.md","6800","0.0065",".md","2026-08-27 10:43:21","False"
"04_submission\journal_submission\reproducibility\REPRODUCIBILITY.md","7913","0.0075",".md","2026-08-27 10:43:40","False"
"04_submission\journal_submission\reproducibility\round6_full_pipeline_resampling_handoff_2026-08-25.md","4912","0.0047",".md","2026-08-25 23:32:53","False"
"04_submission\journal_submission\reproducibility\round6_q1_robustness_execution_contract_2026-08-25.md","4790","0.0046",".md","2026-08-25 23:32:53","False"
"04_submission\journal_submission\reproducibility\run_6013RP_round6_full_pipeline_identity_resampling.ps1","2009","0.0019",".ps1","2026-08-25 18:04:22","False"
"04_submission\journal_submission\reproducibility\run_6013RP_round6_overlap_depletion.ps1","1067","0.001",".ps1","2026-08-25 17:34:35","False"
"04_submission\journal_submission\reproducibility\run_6013RP_round6_r1_hold_integration.ps1","3137","0.003",".ps1","2026-08-27 10:16:55","False"
"04_submission\journal_submission\submission_docs\Author_Confirmation.md","2061","0.002",".md","2026-08-27 10:44:16","False"
"04_submission\journal_submission\submission_docs\Cover_Letter.docx","40559","0.0387",".docx","2026-08-27 10:44:17","False"
"04_submission\journal_submission\submission_docs\Cover_Letter.md","4432","0.0042",".md","2026-08-27 10:44:16","False"
"04_submission\journal_submission\submission_docs\Manuscript.md","57887","0.0552",".md","2026-08-27 10:44:16","False"
"04_submission\journal_submission\submission_docs\PORTAL_UPLOAD_FILENAME_MAP.csv","5197","0.005",".csv","2026-08-27 10:44:18","True"
"04_submission\journal_submission\submission_docs\PORTAL_UPLOAD_OPTIONAL.csv","2776","0.0026",".csv","2026-08-27 10:44:18","True"
"04_submission\journal_submission\submission_docs\PORTAL_UPLOAD_POLICY.txt","349","0.0003",".txt","2026-08-27 10:44:18","True"
"04_submission\journal_submission\submission_docs\PORTAL_UPLOAD_REQUIRED.csv","2484","0.0024",".csv","2026-08-27 10:44:18","True"
"04_submission\journal_submission\submission_docs\Reporting_Checklist.md","2167","0.0021",".md","2026-08-27 10:44:16","False"
"04_submission\journal_submission\submission_docs\Supplementary_Information.md","22704","0.0217",".md","2026-08-27 10:44:16","False"
"04_submission\journal_submission\submission_docs\Zenodo_Metadata.json","1326","0.0013",".json","2026-08-27 10:44:16","False"
"04_submission\journal_target_decision_gateC8_2026-08-20.md","2408","0.0023",".md","2026-08-20 17:06:20","False"
"04_submission\journal_target_decision_gateC8R_2026-08-20.md","2828","0.0027",".md","2026-08-20 18:21:54","False"
"04_submission\journal_target_decision_gateC8S_2026-08-21.md","2985","0.0028",".md","2026-08-21 00:59:57","False"
"04_submission\journal_target_decision_matrix_v1.md","5587","0.0053",".md","2026-07-09 05:55:38","False"
"04_submission\manuscript_evidence_table_2026-07-27.csv","5870","0.0056",".csv","2026-07-27 07:12:51","False"
"04_submission\manuscript_numeric_qc\manuscript_v5_genome_medicine_targeted_numeric_qc_2026-07-27.csv","3725","0.0036",".csv","2026-07-27 08:10:23","False"
"04_submission\manuscript_numeric_qc\manuscript_v5_genome_medicine_targeted_numeric_qc_2026-07-27.md","1975","0.0019",".md","2026-07-27 08:10:23","False"
"04_submission\manuscript_qc_v1.md","1755","0.0017",".md","2026-07-01 06:45:08","False"
"04_submission\manuscript_structure_qc\manuscript_v3_structure_qc_2026-07-09.csv","347","0.0003",".csv","2026-07-09 05:57:19","False"
"04_submission\manuscript_structure_qc\manuscript_v3_structure_qc_2026-07-09.md","1331","0.0013",".md","2026-07-09 05:57:19","False"
"04_submission\manuscript_structure_qc\manuscript_v3_upper_q1_working_structure_qc_2026-07-22.csv","347","0.0003",".csv","2026-07-22 11:38:57","False"
"04_submission\manuscript_structure_qc\manuscript_v3_upper_q1_working_structure_qc_2026-07-22.md","1348","0.0013",".md","2026-07-22 11:38:57","False"
"04_submission\manuscript_structure_qc\manuscript_v3_upper_q1_working_structure_qc_2026-07-27.csv","347","0.0003",".csv","2026-07-27 08:10:33","False"
"04_submission\manuscript_structure_qc\manuscript_v3_upper_q1_working_structure_qc_2026-07-27.md","1625","0.0015",".md","2026-07-27 08:10:33","False"
"04_submission\manuscript_structure_qc\manuscript_v4_nature_style_refined_structure_qc_2026-07-22.csv","330","0.0003",".csv","2026-07-22 12:35:12","False"
"04_submission\manuscript_structure_qc\manuscript_v4_nature_style_refined_structure_qc_2026-07-22.md","1469","0.0014",".md","2026-07-22 12:35:12","False"
"04_submission\manuscript_structure_qc\manuscript_v5_genome_medicine_targeted_structure_qc_2026-07-22.csv","325","0.0003",".csv","2026-07-22 12:35:13","False"
"04_submission\manuscript_structure_qc\manuscript_v5_genome_medicine_targeted_structure_qc_2026-07-22.md","1473","0.0014",".md","2026-07-22 12:35:13","False"
"04_submission\manuscript_structure_qc\manuscript_v5_genome_medicine_targeted_structure_qc_2026-07-27.csv","327","0.0003",".csv","2026-07-27 08:10:53","False"
"04_submission\manuscript_structure_qc\manuscript_v5_genome_medicine_targeted_structure_qc_2026-07-27.md","1616","0.0015",".md","2026-07-27 08:10:53","False"
"04_submission\manuscript_v3_numeric_claim_audit.md","3816","0.0036",".md","2026-07-08 19:40:55","False"
"04_submission\manuscript_v4_numeric_claim_audit_2026-07-22.md","3590","0.0034",".md","2026-07-22 12:23:27","False"
"04_submission\outputs\cover_letter_2026-07-31\cover-letter-page-1.png","358087","0.3415",".png","2026-07-31 03:57:19","False"
"04_submission\outputs\cover_letter_2026-07-31\Genome_Medicine_Cover_Letter_v3_AUTHOR_COMPLETION_REQUIRED.docx","39051","0.0372",".docx","2026-07-31 03:56:58","False"
"04_submission\outputs\cover_letter_2026-07-31\Genome_Medicine_Cover_Letter_v3_AUTHOR_COMPLETION_REQUIRED.pdf","107216","0.1022",".pdf","2026-07-31 03:57:16","False"
"04_submission\outputs\manuscript_2026-07-31\Genome_Medicine_Manuscript_v6_AUTHOR_COMPLETION_REQUIRED.build_qc.json","386","0.0004",".json","2026-07-31 03:41:38","False"
"04_submission\outputs\manuscript_2026-07-31\Genome_Medicine_Manuscript_v6_AUTHOR_COMPLETION_REQUIRED.docx","56119","0.0535",".docx","2026-07-31 03:41:38","False"
"04_submission\outputs\manuscript_2026-07-31\Genome_Medicine_Manuscript_v6_AUTHOR_COMPLETION_REQUIRED.pdf","257670","0.2457",".pdf","2026-07-31 03:44:58","False"
"04_submission\outputs\manuscript_2026-07-31\submission_document_qc_2026-07-31.json","1732","0.0017",".json","2026-07-31 03:50:15","False"
"04_submission\outputs\manuscript_2026-07-31\submission_document_qc_2026-07-31.md","1136","0.0011",".md","2026-07-31 03:50:15","False"
"04_submission\outputs\supplementary_tables_2026-07-22\Supplementary_Tables_S1-S12.xlsx","489834","0.4671",".xlsx","2026-07-22 12:15:55","False"
"04_submission\outputs\supplementary_tables_2026-07-22\Supplementary_Tables_S1-S12.xlsx.inspect.ndjson","25559751","24.3757",".ndjson","2026-07-22 12:15:55","False"
"04_submission\outputs\supplementary_tables_2026-07-27\Supplementary_Tables_S1-S13.xlsx","653808","0.6235",".xlsx","2026-07-27 07:31:19","False"
"04_submission\outputs\supplementary_tables_2026-07-27\Supplementary_Tables_S1-S13.xlsx.inspect.ndjson","33187220","31.6498",".ndjson","2026-07-27 07:31:19","False"
"04_submission\package_genome_medicine_2026-07-22\bundle_manifest.csv","26052","0.0248",".csv","2026-07-22 12:40:16","False"
"04_submission\package_genome_medicine_2026-07-22\bundle_manifest.md","24005","0.0229",".md","2026-07-22 12:40:16","False"
"04_submission\package_genome_medicine_2026-07-22\checksums_sha256.txt","14456","0.0138",".txt","2026-07-22 12:40:16","False"
"04_submission\package_genome_medicine_2026-07-22\figures_main\Figure_1_dataset_overview.pdf","35252","0.0336",".pdf","2026-07-22 12:18:24","False"
"04_submission\package_genome_medicine_2026-07-22\figures_main\Figure_1_dataset_overview.png","624562","0.5956",".png","2026-07-22 12:18:23","False"
"04_submission\package_genome_medicine_2026-07-22\figures_main\Figure_2_refined_bcell_state_atlas.pdf","210792","0.201",".pdf","2026-07-22 12:18:27","False"
"04_submission\package_genome_medicine_2026-07-22\figures_main\Figure_2_refined_bcell_state_atlas.png","2066067","1.9704",".png","2026-07-22 12:18:26","False"
"04_submission\package_genome_medicine_2026-07-22\figures_main\Figure_3_abc_apc_focus.pdf","75050","0.0716",".pdf","2026-07-22 12:09:42","False"
"04_submission\package_genome_medicine_2026-07-22\figures_main\Figure_3_abc_apc_focus.png","1011778","0.9649",".png","2026-07-22 12:09:41","False"
"04_submission\package_genome_medicine_2026-07-22\figures_main\Figure_4_covariate_sensitivity.pdf","42489","0.0405",".pdf","2026-07-22 12:06:09","False"
"04_submission\package_genome_medicine_2026-07-22\figures_main\Figure_4_covariate_sensitivity.png","597771","0.5701",".png","2026-07-22 12:06:08","False"
"04_submission\package_genome_medicine_2026-07-22\figures_main\Figure_5_literature_signature_validation.pdf","39526","0.0377",".pdf","2026-07-22 12:10:13","False"
"04_submission\package_genome_medicine_2026-07-22\figures_main\Figure_5_literature_signature_validation.png","763508","0.7281",".png","2026-07-22 12:10:12","False"
"04_submission\package_genome_medicine_2026-07-22\figures_main\Figure_6_gse135779_large_cohort_validation.pdf","64656","0.0617",".pdf","2026-07-22 12:24:42","False"
"04_submission\package_genome_medicine_2026-07-22\figures_main\Figure_6_gse135779_large_cohort_validation.png","403716","0.385",".png","2026-07-22 12:24:41","False"
"04_submission\package_genome_medicine_2026-07-22\figures_supplementary\Supplementary_Figure_S1_flagged_cluster_qc.pdf","65818","0.0628",".pdf","2026-07-22 12:19:06","False"
"04_submission\package_genome_medicine_2026-07-22\figures_supplementary\Supplementary_Figure_S1_flagged_cluster_qc.png","1012799","0.9659",".png","2026-07-22 12:19:05","False"
"04_submission\package_genome_medicine_2026-07-22\figures_validation\Figure_6_candidate_gse163121_independent_bcell_validation.png","402179","0.3835",".png","2026-07-07 22:35:07","False"
"04_submission\package_genome_medicine_2026-07-22\figures_validation\Figure_7_candidate_OneK1K_Bcell_reference_context.pdf","66135","0.0631",".pdf","2026-07-22 11:34:49","False"
"04_submission\package_genome_medicine_2026-07-22\figures_validation\Figure_7_candidate_OneK1K_Bcell_reference_context.png","358699","0.3421",".png","2026-07-22 11:34:48","False"
"04_submission\package_genome_medicine_2026-07-22\internal_qc\citation_signature_audit_v1.md","11493","0.011",".md","2026-07-01 05:59:10","False"
"04_submission\package_genome_medicine_2026-07-22\internal_qc\figure_contact_sheet_2026-07-22.png","520358","0.4963",".png","2026-07-22 12:34:43","False"
"04_submission\package_genome_medicine_2026-07-22\internal_qc\figure_quality_qc_2026-07-22.csv","2218","0.0021",".csv","2026-07-22 12:34:42","False"
"04_submission\package_genome_medicine_2026-07-22\internal_qc\figure_quality_qc_2026-07-22.md","2451","0.0023",".md","2026-07-22 12:34:42","False"
"04_submission\package_genome_medicine_2026-07-22\internal_qc\gse135779_bcell_validation_summary.md","1739","0.0017",".md","2026-07-22 12:24:40","False"
"04_submission\package_genome_medicine_2026-07-22\internal_qc\gse135779_validation_readiness_summary.md","2068","0.002",".md","2026-07-07 22:33:59","False"
"04_submission\package_genome_medicine_2026-07-22\internal_qc\gse163121_bcell_validation_summary.md","2141","0.002",".md","2026-07-07 22:35:03","False"
"04_submission\package_genome_medicine_2026-07-22\internal_qc\manuscript_evidence_table_2026-06-29.csv","5643","0.0054",".csv","2026-07-01 05:32:29","False"
"04_submission\package_genome_medicine_2026-07-22\internal_qc\manuscript_v3_numeric_claim_audit.md","3816","0.0036",".md","2026-07-08 19:40:55","False"
"04_submission\package_genome_medicine_2026-07-22\internal_qc\manuscript_v3_structure_qc_2026-07-09.csv","347","0.0003",".csv","2026-07-09 05:57:19","False"
"04_submission\package_genome_medicine_2026-07-22\internal_qc\manuscript_v3_structure_qc_2026-07-09.md","1331","0.0013",".md","2026-07-09 05:57:19","False"
"04_submission\package_genome_medicine_2026-07-22\internal_qc\manuscript_v3_upper_q1_working_structure_qc_2026-07-22.md","1348","0.0013",".md","2026-07-22 11:38:57","False"
"04_submission\package_genome_medicine_2026-07-22\internal_qc\manuscript_v4_nature_style_refined_structure_qc_2026-07-22.md","1469","0.0014",".md","2026-07-22 12:35:12","False"
"04_submission\package_genome_medicine_2026-07-22\internal_qc\manuscript_v4_numeric_claim_audit_2026-07-22.md","3590","0.0034",".md","2026-07-22 12:23:27","False"
"04_submission\package_genome_medicine_2026-07-22\internal_qc\manuscript_v5_genome_medicine_targeted_structure_qc_2026-07-22.md","1473","0.0014",".md","2026-07-22 12:35:13","False"
"04_submission\package_genome_medicine_2026-07-22\internal_qc\onek1k_bcell_reference_context_summary.md","1034","0.001",".md","2026-07-22 11:34:49","False"
"04_submission\package_genome_medicine_2026-07-22\internal_qc\onek1k_cellxgene_inspection_summary.md","1252","0.0012",".md","2026-07-08 18:59:02","False"
"04_submission\package_genome_medicine_2026-07-22\internal_qc\OneK1K_checksums_sha256_2026-07-08.txt","207","0.0002",".txt","2026-07-08 19:07:10","False"
"04_submission\package_genome_medicine_2026-07-22\internal_qc\phase10_targets_2026-07-07.md","2164","0.0021",".md","2026-07-08 18:07:03","False"
"04_submission\package_genome_medicine_2026-07-22\internal_qc\phase11_targets_2026-07-08.md","1989","0.0019",".md","2026-07-08 18:07:52","False"
"04_submission\package_genome_medicine_2026-07-22\internal_qc\phase12_targets_2026-07-08.md","2106","0.002",".md","2026-07-08 19:24:58","False"
"04_submission\package_genome_medicine_2026-07-22\internal_qc\phase13_targets_2026-07-08.md","2251","0.0021",".md","2026-07-08 19:38:27","False"
"04_submission\package_genome_medicine_2026-07-22\internal_qc\phase14_targets_2026-07-09.md","2888","0.0028",".md","2026-07-09 05:58:08","False"
"04_submission\package_genome_medicine_2026-07-22\internal_qc\phase15_targets_2026-07-22.md","2861","0.0027",".md","2026-07-22 11:40:57","False"
"04_submission\package_genome_medicine_2026-07-22\internal_qc\phase16_targets_2026-07-22.md","1679","0.0016",".md","2026-07-22 12:36:48","False"
"04_submission\package_genome_medicine_2026-07-22\internal_qc\phase9_targets_2026-07-01.md","1885","0.0018",".md","2026-07-01 06:52:55","False"
"04_submission\package_genome_medicine_2026-07-22\internal_qc\reference_verification_crossref_2026-07-09.csv","1860","0.0018",".csv","2026-07-09 05:53:55","False"
"04_submission\package_genome_medicine_2026-07-22\internal_qc\reference_verification_crossref_2026-07-09.md","2511","0.0024",".md","2026-07-09 05:53:55","False"
"04_submission\package_genome_medicine_2026-07-22\internal_qc\signature_to_citation_audit_2026-07-01.csv","2993","0.0029",".csv","2026-07-01 05:59:10","False"
"04_submission\package_genome_medicine_2026-07-22\internal_qc\submission_manifest_v1.csv","5445","0.0052",".csv","2026-07-01 06:44:16","False"
"04_submission\package_genome_medicine_2026-07-22\internal_qc\submission_manifest_v1.md","2937","0.0028",".md","2026-07-01 06:44:16","False"
"04_submission\package_genome_medicine_2026-07-22\main_text\figure_legends\figure1_legend_draft.md","1666","0.0016",".md","2026-07-22 12:31:29","False"
"04_submission\package_genome_medicine_2026-07-22\main_text\figure_legends\figure2_v3_legend_draft.md","1400","0.0013",".md","2026-07-22 12:31:29","False"
"04_submission\package_genome_medicine_2026-07-22\main_text\figure_legends\figure3_v1_legend_draft.md","1466","0.0014",".md","2026-07-22 12:31:29","False"
"04_submission\package_genome_medicine_2026-07-22\main_text\figure_legends\figure4_v1_legend_draft.md","1653","0.0016",".md","2026-07-22 12:31:29","False"
"04_submission\package_genome_medicine_2026-07-22\main_text\figure_legends\figure5_v1_legend_draft.md","1464","0.0014",".md","2026-07-22 12:31:29","False"
"04_submission\package_genome_medicine_2026-07-22\main_text\figure_legends\figure6_gse135779_validation_legend_draft.md","1863","0.0018",".md","2026-07-22 12:31:29","False"
"04_submission\package_genome_medicine_2026-07-22\main_text\figure_legends\figure6_gse163121_validation_legend_draft.md","1592","0.0015",".md","2026-07-07 22:38:57","False"
"04_submission\package_genome_medicine_2026-07-22\main_text\figure_legends\figure7_onek1k_reference_context_legend_draft.md","1119","0.0011",".md","2026-07-22 12:23:42","False"
"04_submission\package_genome_medicine_2026-07-22\main_text\figure_legends\supplement_qc_flagged_cluster_legend_draft.md","1349","0.0013",".md","2026-07-22 12:31:29","False"
"04_submission\package_genome_medicine_2026-07-22\main_text\manuscript_v2_submission_style.md","13779","0.0131",".md","2026-07-01 06:42:29","False"
"04_submission\package_genome_medicine_2026-07-22\main_text\manuscript_v3_upper_q1_working.md","20701","0.0197",".md","2026-07-09 05:57:40","False"
"04_submission\package_genome_medicine_2026-07-22\main_text\manuscript_v4_nature_style_refined.md","19617","0.0187",".md","2026-07-22 12:33:25","False"
"04_submission\package_genome_medicine_2026-07-22\main_text\manuscript_v5_genome_medicine_targeted.md","34033","0.0325",".md","2026-07-22 12:34:25","False"
"04_submission\package_genome_medicine_2026-07-22\main_text\methods_external_validation_addendum.md","3635","0.0035",".md","2026-07-08 19:33:58","False"
"04_submission\package_genome_medicine_2026-07-22\main_text\results_drafts\results_draft_phase10_external_validation.md","3297","0.0031",".md","2026-07-08 18:07:03","False"
"04_submission\package_genome_medicine_2026-07-22\main_text\results_drafts\results_draft_phase12_onek1k_reference_context.md","1472","0.0014",".md","2026-07-08 19:24:58","False"
"04_submission\package_genome_medicine_2026-07-22\main_text\title_abstract_options_v1.md","4352","0.0042",".md","2026-06-29 06:57:56","False"
"04_submission\package_genome_medicine_2026-07-22\README.md","1341","0.0013",".md","2026-07-22 12:40:16","False"
"04_submission\package_genome_medicine_2026-07-22\references\references_verified_crossref_2026-07-09.bib","8923","0.0085",".bib","2026-07-09 05:53:55","False"
"04_submission\package_genome_medicine_2026-07-22\references\references_working_v1.bib","3235","0.0031",".bib","2026-07-08 19:33:58","False"
"04_submission\package_genome_medicine_2026-07-22\submission_docs\advisor_full_project_audit_2026-07-22.md","6235","0.0059",".md","2026-07-22 11:39:57","False"
"04_submission\package_genome_medicine_2026-07-22\submission_docs\advisor_full_project_audit_v2_2026-07-22.md","7288","0.007",".md","2026-07-22 12:37:49","False"
"04_submission\package_genome_medicine_2026-07-22\submission_docs\cover_letter_genome_medicine_draft_2026-07-22.md","2635","0.0025",".md","2026-07-22 12:39:58","False"
"04_submission\package_genome_medicine_2026-07-22\submission_docs\cover_letter_pitch_v1.md","1791","0.0017",".md","2026-07-08 19:35:23","False"
"04_submission\package_genome_medicine_2026-07-22\submission_docs\data_code_availability_v1.md","1924","0.0018",".md","2026-07-08 19:36:16","False"
"04_submission\package_genome_medicine_2026-07-22\submission_docs\external_regulatory_evidence_strategy_v1.md","2257","0.0022",".md","2026-07-08 19:24:58","False"
"04_submission\package_genome_medicine_2026-07-22\submission_docs\figure_triage_nature_style_2026-07-22.md","2068","0.002",".md","2026-07-22 11:39:57","False"
"04_submission\package_genome_medicine_2026-07-22\submission_docs\figure_triage_v1.md","3066","0.0029",".md","2026-07-22 11:39:57","False"
"04_submission\package_genome_medicine_2026-07-22\submission_docs\final_formatting_todo_by_journal_type_v1.md","3731","0.0036",".md","2026-07-01 06:52:14","False"
"04_submission\package_genome_medicine_2026-07-22\submission_docs\genome_medicine_target_alignment_2026-07-22.md","2087","0.002",".md","2026-07-22 12:36:48","False"
"04_submission\package_genome_medicine_2026-07-22\submission_docs\journal_shortlist_upper_q1_2026-07-09.md","5676","0.0054",".md","2026-07-09 05:55:38","False"
"04_submission\package_genome_medicine_2026-07-22\submission_docs\journal_target_decision_matrix_v1.md","5587","0.0053",".md","2026-07-09 05:55:38","False"
"04_submission\package_genome_medicine_2026-07-22\submission_docs\manuscript_qc_v1.md","1755","0.0017",".md","2026-07-01 06:45:08","False"
"04_submission\package_genome_medicine_2026-07-22\submission_docs\reviewer_risk_register_v1.md","3074","0.0029",".md","2026-07-08 19:35:23","False"
"04_submission\package_genome_medicine_2026-07-22\submission_docs\submission_package_checklist_v1.md","3886","0.0037",".md","2026-07-22 11:40:34","False"
"04_submission\package_genome_medicine_2026-07-22\submission_docs\submission_package_checklist_v2_2026-07-22.md","2408","0.0023",".md","2026-07-22 12:39:58","False"
"04_submission\package_genome_medicine_2026-07-22\submission_docs\supplementary_tables_index_v1.md","3459","0.0033",".md","2026-07-08 19:35:23","False"
"04_submission\package_genome_medicine_2026-07-22\submission_docs\upper_q1_validation_strategy_v1.md","3115","0.003",".md","2026-07-08 19:24:58","False"
"04_submission\package_genome_medicine_2026-07-22\tables_supplementary\Supplementary_Table_S1_dataset_summary.csv","127","0.0001",".csv","2026-07-22 12:18:22","False"
"04_submission\package_genome_medicine_2026-07-22\tables_supplementary\Supplementary_Table_S2_refined_bcell_state_counts.csv","430","0.0004",".csv","2026-07-22 12:18:22","False"
"04_submission\package_genome_medicine_2026-07-22\tables_supplementary\Supplementary_Table_S3_donor_state_abundance_tests.csv","1532","0.0015",".csv","2026-06-23 19:27:46","False"
"04_submission\package_genome_medicine_2026-07-22\tables_supplementary\Supplementary_Table_S4_raw_count_marker_summary_by_state.csv","62684","0.0598",".csv","2026-06-24 01:08:51","False"
"04_submission\package_genome_medicine_2026-07-22\tables_supplementary\Supplementary_Table_S5_abc_apc_pseudobulk_program_tests.csv","1962","0.0019",".csv","2026-07-22 12:05:07","False"
"04_submission\package_genome_medicine_2026-07-22\tables_supplementary\Supplementary_Table_S6_covariate_adjusted_abundance_models.csv","5857","0.0056",".csv","2026-07-22 12:06:05","False"
"04_submission\package_genome_medicine_2026-07-22\tables_supplementary\Supplementary_Table_S7_literature_signature_tests.csv","2416","0.0023",".csv","2026-07-22 12:10:10","False"
"04_submission\package_genome_medicine_2026-07-22\tables_supplementary\Supplementary_Table_S8_literature_signature_catalog.csv","2217","0.0021",".csv","2026-07-22 12:10:10","False"
"04_submission\package_genome_medicine_2026-07-22\tables_supplementary\Supplementary_Table_S9a_flagged_cluster_top_ranked_markers.csv","2291","0.0022",".csv","2026-07-22 12:19:06","False"
"04_submission\package_genome_medicine_2026-07-22\tables_supplementary\Supplementary_Table_S9b_flagged_cluster_selected_marker_expression.csv","1638","0.0016",".csv","2026-07-22 12:19:06","False"
"04_submission\package_genome_medicine_2026-07-22\tables_supplementary\Supplementary_Table_S9c_core_state_sensitivity_excluding_flagged_cluster.csv","1431","0.0014",".csv","2026-07-22 12:19:06","False"
"04_submission\package_genome_medicine_2026-07-22\tables_supplementary\Supplementary_Tables_S1-S12.xlsx","489834","0.4671",".xlsx","2026-07-22 12:15:55","False"
"04_submission\package_genome_medicine_2026-07-22\tables_validation\GSE135779_donor_program_score_tests.csv","4179","0.004",".csv","2026-07-22 12:24:40","False"
"04_submission\package_genome_medicine_2026-07-22\tables_validation\GSE135779_donor_program_scores.csv","10461","0.01",".csv","2026-07-22 12:24:40","False"
"04_submission\package_genome_medicine_2026-07-22\tables_validation\GSE135779_marker_summary_by_disease.csv","1276","0.0012",".csv","2026-07-22 12:24:40","False"
"04_submission\package_genome_medicine_2026-07-22\tables_validation\GSE135779_metadata_summary.csv","215","0.0002",".csv","2026-07-07 22:33:59","False"
"04_submission\package_genome_medicine_2026-07-22\tables_validation\GSE135779_program_gene_presence.csv","1065","0.001",".csv","2026-07-07 22:33:59","False"
"04_submission\package_genome_medicine_2026-07-22\tables_validation\GSE163121_marker_summary_by_disease.csv","1261","0.0012",".csv","2026-07-07 22:35:03","False"
"04_submission\package_genome_medicine_2026-07-22\tables_validation\GSE163121_sample_program_score_tests.csv","1313","0.0013",".csv","2026-07-07 22:35:03","False"
"04_submission\package_genome_medicine_2026-07-22\tables_validation\GSE163121_sample_program_scores.csv","1156","0.0011",".csv","2026-07-07 22:35:03","False"
"04_submission\package_genome_medicine_2026-07-22\tables_validation\OneK1K_b_lineage_like_summary.csv","109","0.0001",".csv","2026-07-08 18:58:59","False"
"04_submission\package_genome_medicine_2026-07-22\tables_validation\OneK1K_bcell_cell_type_counts.csv","136","0.0001",".csv","2026-07-22 11:34:46","False"
"04_submission\package_genome_medicine_2026-07-22\tables_validation\OneK1K_bcell_marker_expression_by_cell_type.csv","5547","0.0053",".csv","2026-07-22 11:34:46","False"
"04_submission\package_genome_medicine_2026-07-22\tables_validation\OneK1K_bcell_program_gene_presence.csv","558","0.0005",".csv","2026-07-22 11:34:46","False"
"04_submission\package_genome_medicine_2026-07-22\tables_validation\OneK1K_bcell_program_summary_by_cell_type.csv","3170","0.003",".csv","2026-07-22 11:34:46","False"
"04_submission\package_genome_medicine_2026-07-22\tables_validation\OneK1K_bcell_program_summary_by_donor_cell_type.csv","537100","0.5122",".csv","2026-07-22 11:34:46","False"
"04_submission\package_genome_medicine_2026-07-22\tables_validation\OneK1K_bcell_target_gene_presence.csv","469","0.0004",".csv","2026-07-22 11:34:46","False"
"04_submission\package_genome_medicine_2026-07-22\tables_validation\OneK1K_cellxgene_collection_metadata.csv","441","0.0004",".csv","2026-07-08 18:58:59","False"
"04_submission\package_genome_medicine_2026-07-22\tables_validation\OneK1K_manuscript_gene_presence.csv","210","0.0002",".csv","2026-07-08 18:58:59","False"
"04_submission\package_genome_medicine_2026-07-22\tables_validation\OneK1K_top_cell_type_counts.csv","1094","0.001",".csv","2026-07-08 18:59:00","False"
"04_submission\package_genome_medicine_2026-07-27\analysis_code\build_submission_package_2026-07-27.ps1","11413","0.0109",".ps1","2026-07-27 07:15:25","False"
"04_submission\package_genome_medicine_2026-07-27\analysis_code\environment.yml","319","0.0003",".yml","2026-06-22 12:52:17","False"
"04_submission\package_genome_medicine_2026-07-27\analysis_code\requirements_scanpy.txt","112","0.0001",".txt","2026-06-22 12:52:17","False"
"04_submission\package_genome_medicine_2026-07-27\analysis_code\RUNBOOK_phase2_dataset_overview_figure1.md","1795","0.0017",".md","2026-06-29 06:31:42","False"
"04_submission\package_genome_medicine_2026-07-27\analysis_code\RUNBOOK_phase2_refined_figure2.md","4356","0.0042",".md","2026-06-24 01:20:27","False"
"04_submission\package_genome_medicine_2026-07-27\analysis_code\RUNBOOK_phase3_abc_apc_focus.md","4753","0.0045",".md","2026-07-22 12:09:15","False"
"04_submission\package_genome_medicine_2026-07-27\analysis_code\RUNBOOK_phase4_covariate_sensitivity.md","2720","0.0026",".md","2026-07-22 12:09:15","False"
"04_submission\package_genome_medicine_2026-07-27\analysis_code\RUNBOOK_phase4_supplement_qc_flagged_cluster.md","2236","0.0021",".md","2026-06-29 06:56:46","False"
"04_submission\package_genome_medicine_2026-07-27\analysis_code\RUNBOOK_phase5_literature_signature_validation.md","2640","0.0025",".md","2026-07-22 12:09:15","False"
"04_submission\package_genome_medicine_2026-07-27\analysis_code\RUNBOOK_phase6_compositional_sensitivity.md","2240","0.0021",".md","2026-07-27 06:59:38","False"
"04_submission\package_genome_medicine_2026-07-27\analysis_code\scripts\17_make_figure2_v3_refined.py","13906","0.0133",".py","2026-07-27 07:28:23","False"
"04_submission\package_genome_medicine_2026-07-27\analysis_code\scripts\18_make_figure1_dataset_overview.py","13654","0.013",".py","2026-07-27 07:19:03","False"
"04_submission\package_genome_medicine_2026-07-27\analysis_code\scripts\19_pseudobulk_state_expression.py","15035","0.0143",".py","2026-07-22 12:04:34","False"
"04_submission\package_genome_medicine_2026-07-27\analysis_code\scripts\20_make_figure3_abc_apc_focus.py","11195","0.0107",".py","2026-07-27 07:29:34","False"
"04_submission\package_genome_medicine_2026-07-27\analysis_code\scripts\21_make_supplement_qc_flagged_cluster.py","10295","0.0098",".py","2026-07-27 06:21:57","False"
"04_submission\package_genome_medicine_2026-07-27\analysis_code\scripts\22_covariate_sensitivity_abundance.py","23889","0.0228",".py","2026-07-27 07:27:01","False"
"04_submission\package_genome_medicine_2026-07-27\analysis_code\scripts\23_literature_signature_validation.py","31189","0.0297",".py","2026-07-27 07:06:29","False"
"04_submission\package_genome_medicine_2026-07-27\analysis_code\scripts\27_run_gse163121_bcell_validation.py","18961","0.0181",".py","2026-07-27 06:24:27","False"
"04_submission\package_genome_medicine_2026-07-27\analysis_code\scripts\30_run_gse135779_bcell_validation.py","21945","0.0209",".py","2026-07-27 07:21:16","False"
"04_submission\package_genome_medicine_2026-07-27\analysis_code\scripts\32_onek1k_bcell_reference_context.py","15927","0.0152",".py","2026-07-27 07:23:49","False"
"04_submission\package_genome_medicine_2026-07-27\analysis_code\scripts\35_manuscript_structure_qc.py","5505","0.0052",".py","2026-07-27 07:11:06","False"
"04_submission\package_genome_medicine_2026-07-27\analysis_code\scripts\36_figure_nature_style_qc.py","9419","0.009",".py","2026-07-27 06:53:54","False"
"04_submission\package_genome_medicine_2026-07-27\analysis_code\scripts\37_prepare_genome_medicine_manuscript.py","7161","0.0068",".py","2026-07-27 06:59:56","False"
"04_submission\package_genome_medicine_2026-07-27\analysis_code\scripts\38_compositional_abundance_sensitivity.py","18423","0.0176",".py","2026-07-27 06:54:42","False"
"04_submission\package_genome_medicine_2026-07-27\analysis_code\scripts\39_manuscript_numeric_consistency_qc.py","7017","0.0067",".py","2026-07-27 07:05:24","False"
"04_submission\package_genome_medicine_2026-07-27\analysis_code\scripts\publication_figure_style.py","1629","0.0016",".py","2026-07-27 06:20:34","False"
"04_submission\package_genome_medicine_2026-07-27\bundle_manifest.csv","9082","0.0087",".csv","2026-07-27 07:31:37","False"
"04_submission\package_genome_medicine_2026-07-27\bundle_manifest.md","9281","0.0089",".md","2026-07-27 07:31:37","False"
"04_submission\package_genome_medicine_2026-07-27\checksums_sha256.txt","8325","0.0079",".txt","2026-07-27 07:31:37","False"
"04_submission\package_genome_medicine_2026-07-27\figures_main\Figure_1_dataset_overview.pdf","62712","0.0598",".pdf","2026-07-27 07:19:27","False"
"04_submission\package_genome_medicine_2026-07-27\figures_main\Figure_1_dataset_overview.png","615452","0.5869",".png","2026-07-27 07:19:25","False"
"04_submission\package_genome_medicine_2026-07-27\figures_main\Figure_2_refined_bcell_state_atlas.pdf","143872","0.1372",".pdf","2026-07-27 07:29:06","False"
"04_submission\package_genome_medicine_2026-07-27\figures_main\Figure_2_refined_bcell_state_atlas.png","1512498","1.4424",".png","2026-07-27 07:29:03","False"
"04_submission\package_genome_medicine_2026-07-27\figures_main\Figure_3_abc_apc_focus.pdf","64957","0.0619",".pdf","2026-07-27 07:30:25","False"
"04_submission\package_genome_medicine_2026-07-27\figures_main\Figure_3_abc_apc_focus.png","657775","0.6273",".png","2026-07-27 07:30:22","False"
"04_submission\package_genome_medicine_2026-07-27\figures_main\Figure_4_covariate_sensitivity.pdf","56327","0.0537",".pdf","2026-07-27 07:27:43","False"
"04_submission\package_genome_medicine_2026-07-27\figures_main\Figure_4_covariate_sensitivity.png","454030","0.433",".png","2026-07-27 07:27:41","False"
"04_submission\package_genome_medicine_2026-07-27\figures_main\Figure_5_literature_signature_validation.pdf","55716","0.0531",".pdf","2026-07-27 07:08:45","False"
"04_submission\package_genome_medicine_2026-07-27\figures_main\Figure_5_literature_signature_validation.png","590529","0.5632",".png","2026-07-27 07:08:42","False"
"04_submission\package_genome_medicine_2026-07-27\figures_main\Figure_6_gse135779_large_cohort_validation.pdf","64247","0.0613",".pdf","2026-07-27 07:22:53","False"
"04_submission\package_genome_medicine_2026-07-27\figures_main\Figure_6_gse135779_large_cohort_validation.png","441408","0.421",".png","2026-07-27 07:22:51","False"
"04_submission\package_genome_medicine_2026-07-27\figures_supplementary\Supplementary_Figure_S1_flagged_cluster_qc.pdf","64274","0.0613",".pdf","2026-07-27 06:31:46","False"
"04_submission\package_genome_medicine_2026-07-27\figures_supplementary\Supplementary_Figure_S1_flagged_cluster_qc.png","664968","0.6342",".png","2026-07-27 06:31:43","False"
"04_submission\package_genome_medicine_2026-07-27\figures_supplementary\Supplementary_Figure_S2_OneK1K_reference_context.pdf","64861","0.0619",".pdf","2026-07-27 07:25:51","False"
"04_submission\package_genome_medicine_2026-07-27\figures_supplementary\Supplementary_Figure_S2_OneK1K_reference_context.png","411033","0.392",".png","2026-07-27 07:25:48","False"
"04_submission\package_genome_medicine_2026-07-27\figures_supplementary\Supplementary_Figure_S3_GSE163121_directional_validation.pdf","58403","0.0557",".pdf","2026-07-27 06:35:06","False"
"04_submission\package_genome_medicine_2026-07-27\figures_supplementary\Supplementary_Figure_S3_GSE163121_directional_validation.png","424276","0.4046",".png","2026-07-27 06:35:04","False"
"04_submission\package_genome_medicine_2026-07-27\figures_supplementary\Supplementary_Figure_S4_compositional_sensitivity.pdf","71528","0.0682",".pdf","2026-07-27 06:55:06","False"
"04_submission\package_genome_medicine_2026-07-27\figures_supplementary\Supplementary_Figure_S4_compositional_sensitivity.png","417163","0.3978",".png","2026-07-27 06:55:03","False"
"04_submission\package_genome_medicine_2026-07-27\internal_qc\figure_contact_sheet_2026-07-27.png","706520","0.6738",".png","2026-07-27 07:30:43","False"
"04_submission\package_genome_medicine_2026-07-27\internal_qc\figure_quality_qc_2026-07-27.csv","3084","0.0029",".csv","2026-07-27 07:30:42","False"
"04_submission\package_genome_medicine_2026-07-27\internal_qc\figure_quality_qc_2026-07-27.md","3172","0.003",".md","2026-07-27 07:30:42","False"
"04_submission\package_genome_medicine_2026-07-27\internal_qc\manuscript_evidence_table_2026-07-27.csv","5870","0.0056",".csv","2026-07-27 07:12:51","False"
"04_submission\package_genome_medicine_2026-07-27\internal_qc\manuscript_numeric_qc_2026-07-27.csv","3725","0.0036",".csv","2026-07-27 07:30:48","False"
"04_submission\package_genome_medicine_2026-07-27\internal_qc\manuscript_numeric_qc_2026-07-27.md","1975","0.0019",".md","2026-07-27 07:30:48","False"
"04_submission\package_genome_medicine_2026-07-27\internal_qc\manuscript_structure_qc_2026-07-27.csv","327","0.0003",".csv","2026-07-27 07:11:20","False"
"04_submission\package_genome_medicine_2026-07-27\internal_qc\manuscript_structure_qc_2026-07-27.md","1616","0.0015",".md","2026-07-27 07:11:20","False"
"04_submission\package_genome_medicine_2026-07-27\main_text\manuscript_v4_nature_style_refined_source.md","22571","0.0215",".md","2026-07-27 07:08:10","False"
"04_submission\package_genome_medicine_2026-07-27\main_text\manuscript_v5_genome_medicine_targeted.md","37933","0.0362",".md","2026-07-27 07:09:00","False"
"04_submission\package_genome_medicine_2026-07-27\README.md","597","0.0006",".md","2026-07-27 07:31:37","False"
"04_submission\package_genome_medicine_2026-07-27\references\references_verified_crossref_2026-07-09.bib","13487","0.0129",".bib","2026-07-27 06:57:27","False"
"04_submission\package_genome_medicine_2026-07-27\submission_docs\advisor_full_project_audit_v3_2026-07-27.md","6744","0.0064",".md","2026-07-27 07:12:51","False"
"04_submission\package_genome_medicine_2026-07-27\submission_docs\cover_letter_genome_medicine_draft_v2_2026-07-27.md","2991","0.0029",".md","2026-07-27 07:13:53","False"
"04_submission\package_genome_medicine_2026-07-27\submission_docs\submission_package_checklist_v3_2026-07-27.md","2820","0.0027",".md","2026-07-27 07:13:53","False"
"04_submission\package_genome_medicine_2026-07-27\tables_supplementary\Supplementary_Table_S13a_donor_state_compositional_abundance.csv","276487","0.2637",".csv","2026-07-27 06:55:00","False"
"04_submission\package_genome_medicine_2026-07-27\tables_supplementary\Supplementary_Table_S13b_compositional_abundance_models.csv","11603","0.0111",".csv","2026-07-27 06:55:00","False"
"04_submission\package_genome_medicine_2026-07-27\tables_supplementary\Supplementary_Table_S13c_core_state_comparison.csv","1827","0.0017",".csv","2026-07-27 06:55:00","False"
"04_submission\package_genome_medicine_2026-07-27\tables_supplementary\Supplementary_Table_S13d_pseudocount_sensitivity.csv","2644","0.0025",".csv","2026-07-27 06:55:00","False"
"04_submission\package_genome_medicine_2026-07-27\tables_supplementary\Supplementary_Table_S8_literature_signature_catalog.csv","4604","0.0044",".csv","2026-07-27 07:08:39","False"
"04_submission\package_genome_medicine_2026-07-27\tables_supplementary\Supplementary_Tables_S1-S13.xlsx","653808","0.6235",".xlsx","2026-07-27 07:31:19","False"
"04_submission\package_genome_medicine_2026-07-31.zip","8298150","7.9137",".zip","2026-07-31 03:58:27","False"
"04_submission\package_genome_medicine_2026-07-31.zip.sha256","106","0.0001",".sha256","2026-07-31 03:58:27","False"
"04_submission\package_genome_medicine_2026-07-31\analysis_code\build_submission_package_2026-07-27.ps1","11413","0.0109",".ps1","2026-07-27 07:15:25","False"
"04_submission\package_genome_medicine_2026-07-31\analysis_code\environment.yml","319","0.0003",".yml","2026-06-22 12:52:17","False"
"04_submission\package_genome_medicine_2026-07-31\analysis_code\requirements_scanpy.txt","112","0.0001",".txt","2026-06-22 12:52:17","False"
"04_submission\package_genome_medicine_2026-07-31\analysis_code\RUNBOOK_phase2_dataset_overview_figure1.md","1795","0.0017",".md","2026-06-29 06:31:42","False"
"04_submission\package_genome_medicine_2026-07-31\analysis_code\RUNBOOK_phase2_refined_figure2.md","4356","0.0042",".md","2026-06-24 01:20:27","False"
"04_submission\package_genome_medicine_2026-07-31\analysis_code\RUNBOOK_phase3_abc_apc_focus.md","4753","0.0045",".md","2026-07-22 12:09:15","False"
"04_submission\package_genome_medicine_2026-07-31\analysis_code\RUNBOOK_phase4_covariate_sensitivity.md","2720","0.0026",".md","2026-07-22 12:09:15","False"
"04_submission\package_genome_medicine_2026-07-31\analysis_code\RUNBOOK_phase4_supplement_qc_flagged_cluster.md","2236","0.0021",".md","2026-06-29 06:56:46","False"
"04_submission\package_genome_medicine_2026-07-31\analysis_code\RUNBOOK_phase5_literature_signature_validation.md","2640","0.0025",".md","2026-07-22 12:09:15","False"
"04_submission\package_genome_medicine_2026-07-31\analysis_code\RUNBOOK_phase6_compositional_sensitivity.md","2240","0.0021",".md","2026-07-27 06:59:38","False"
"04_submission\package_genome_medicine_2026-07-31\analysis_code\RUNBOOK_phase7_regulatory_evidence.md","4382","0.0042",".md","2026-07-27 08:09:48","False"
"04_submission\package_genome_medicine_2026-07-31\analysis_code\scripts\17_make_figure2_v3_refined.py","13906","0.0133",".py","2026-07-27 07:28:23","False"
"04_submission\package_genome_medicine_2026-07-31\analysis_code\scripts\18_make_figure1_dataset_overview.py","13654","0.013",".py","2026-07-27 07:19:03","False"
"04_submission\package_genome_medicine_2026-07-31\analysis_code\scripts\19_pseudobulk_state_expression.py","15035","0.0143",".py","2026-07-22 12:04:34","False"
"04_submission\package_genome_medicine_2026-07-31\analysis_code\scripts\20_make_figure3_abc_apc_focus.py","11195","0.0107",".py","2026-07-27 07:29:34","False"
"04_submission\package_genome_medicine_2026-07-31\analysis_code\scripts\21_make_supplement_qc_flagged_cluster.py","10295","0.0098",".py","2026-07-27 06:21:57","False"
"04_submission\package_genome_medicine_2026-07-31\analysis_code\scripts\22_covariate_sensitivity_abundance.py","23889","0.0228",".py","2026-07-27 07:27:01","False"
"04_submission\package_genome_medicine_2026-07-31\analysis_code\scripts\23_literature_signature_validation.py","31189","0.0297",".py","2026-07-27 07:06:29","False"
"04_submission\package_genome_medicine_2026-07-31\analysis_code\scripts\27_run_gse163121_bcell_validation.py","18961","0.0181",".py","2026-07-27 06:24:27","False"
"04_submission\package_genome_medicine_2026-07-31\analysis_code\scripts\30_run_gse135779_bcell_validation.py","21945","0.0209",".py","2026-07-27 07:21:16","False"
"04_submission\package_genome_medicine_2026-07-31\analysis_code\scripts\32_onek1k_bcell_reference_context.py","15927","0.0152",".py","2026-07-27 07:23:49","False"
"04_submission\package_genome_medicine_2026-07-31\analysis_code\scripts\35_manuscript_structure_qc.py","5505","0.0052",".py","2026-07-27 07:11:06","False"
"04_submission\package_genome_medicine_2026-07-31\analysis_code\scripts\36_figure_nature_style_qc.py","9419","0.009",".py","2026-07-27 06:53:54","False"
"04_submission\package_genome_medicine_2026-07-31\analysis_code\scripts\37_prepare_genome_medicine_manuscript.py","7161","0.0068",".py","2026-07-27 06:59:56","False"
"04_submission\package_genome_medicine_2026-07-31\analysis_code\scripts\38_compositional_abundance_sensitivity.py","18423","0.0176",".py","2026-07-27 06:54:42","False"
"04_submission\package_genome_medicine_2026-07-31\analysis_code\scripts\39_manuscript_numeric_consistency_qc.py","7017","0.0067",".py","2026-07-27 07:05:24","False"
"04_submission\package_genome_medicine_2026-07-31\analysis_code\scripts\40_prepare_regulatory_loci.py","6732","0.0064",".py","2026-07-27 07:57:06","False"
"04_submission\package_genome_medicine_2026-07-31\analysis_code\scripts\41_fetch_eqtl_catalogue_bcell.py","7789","0.0074",".py","2026-07-27 07:50:12","False"
"04_submission\package_genome_medicine_2026-07-31\analysis_code\scripts\42_coloc_regulatory_evidence.py","15987","0.0152",".py","2026-07-27 08:13:19","False"
"04_submission\package_genome_medicine_2026-07-31\analysis_code\scripts\43_phase7_regulatory_qc.py","7552","0.0072",".py","2026-07-27 08:12:31","False"
"04_submission\package_genome_medicine_2026-07-31\analysis_code\scripts\44_prepare_submission_manuscript.py","19944","0.019",".py","2026-07-31 03:39:53","False"
"04_submission\package_genome_medicine_2026-07-31\analysis_code\scripts\45_build_submission_documents.py","12651","0.0121",".py","2026-07-31 03:41:29","False"
"04_submission\package_genome_medicine_2026-07-31\analysis_code\scripts\46_submission_document_qc.py","8976","0.0086",".py","2026-07-31 03:50:04","False"
"04_submission\package_genome_medicine_2026-07-31\analysis_code\scripts\47_build_final_submission_package.py","12629","0.012",".py","2026-07-31 03:58:19","False"
"04_submission\package_genome_medicine_2026-07-31\analysis_code\scripts\48_verify_final_submission_package.py","6886","0.0066",".py","2026-07-31 03:54:18","False"
"04_submission\package_genome_medicine_2026-07-31\analysis_code\scripts\49_build_cover_letter.py","5014","0.0048",".py","2026-07-31 03:56:48","False"
"04_submission\package_genome_medicine_2026-07-31\analysis_code\scripts\publication_figure_style.py","1629","0.0016",".py","2026-07-27 06:20:34","False"
"04_submission\package_genome_medicine_2026-07-31\bundle_manifest.csv","13621","0.013",".csv","2026-07-31 03:58:26","False"
"04_submission\package_genome_medicine_2026-07-31\bundle_manifest.md","994","0.0009",".md","2026-07-31 03:58:26","False"
"04_submission\package_genome_medicine_2026-07-31\checksums_sha256.txt","11894","0.0113",".txt","2026-07-31 03:58:26","False"
"04_submission\package_genome_medicine_2026-07-31\figures_main\Figure_1_dataset_overview.pdf","62712","0.0598",".pdf","2026-07-27 07:19:27","False"
"04_submission\package_genome_medicine_2026-07-31\figures_main\Figure_1_dataset_overview.png","615452","0.5869",".png","2026-07-27 07:19:25","False"
"04_submission\package_genome_medicine_2026-07-31\figures_main\Figure_2_refined_bcell_state_atlas.pdf","143872","0.1372",".pdf","2026-07-27 07:29:06","False"
"04_submission\package_genome_medicine_2026-07-31\figures_main\Figure_2_refined_bcell_state_atlas.png","1512498","1.4424",".png","2026-07-27 07:29:03","False"
"04_submission\package_genome_medicine_2026-07-31\figures_main\Figure_3_abc_apc_focus.pdf","64957","0.0619",".pdf","2026-07-27 07:30:25","False"
"04_submission\package_genome_medicine_2026-07-31\figures_main\Figure_3_abc_apc_focus.png","657775","0.6273",".png","2026-07-27 07:30:22","False"
"04_submission\package_genome_medicine_2026-07-31\figures_main\Figure_4_covariate_sensitivity.pdf","56327","0.0537",".pdf","2026-07-27 07:27:43","False"
"04_submission\package_genome_medicine_2026-07-31\figures_main\Figure_4_covariate_sensitivity.png","454030","0.433",".png","2026-07-27 07:27:41","False"
"04_submission\package_genome_medicine_2026-07-31\figures_main\Figure_5_literature_signature_validation.pdf","55716","0.0531",".pdf","2026-07-27 07:08:45","False"
"04_submission\package_genome_medicine_2026-07-31\figures_main\Figure_5_literature_signature_validation.png","590529","0.5632",".png","2026-07-27 07:08:42","False"
"04_submission\package_genome_medicine_2026-07-31\figures_main\Figure_6_gse135779_large_cohort_validation.pdf","64247","0.0613",".pdf","2026-07-27 07:22:53","False"
"04_submission\package_genome_medicine_2026-07-31\figures_main\Figure_6_gse135779_large_cohort_validation.png","441408","0.421",".png","2026-07-27 07:22:51","False"
"04_submission\package_genome_medicine_2026-07-31\figures_supplementary\Supplementary_Figure_S1_flagged_cluster_qc.pdf","64274","0.0613",".pdf","2026-07-27 06:31:46","False"
"04_submission\package_genome_medicine_2026-07-31\figures_supplementary\Supplementary_Figure_S1_flagged_cluster_qc.png","664968","0.6342",".png","2026-07-27 06:31:43","False"
"04_submission\package_genome_medicine_2026-07-31\figures_supplementary\Supplementary_Figure_S2_OneK1K_reference_context.pdf","64861","0.0619",".pdf","2026-07-27 07:25:51","False"
"04_submission\package_genome_medicine_2026-07-31\figures_supplementary\Supplementary_Figure_S2_OneK1K_reference_context.png","411033","0.392",".png","2026-07-27 07:25:48","False"
"04_submission\package_genome_medicine_2026-07-31\figures_supplementary\Supplementary_Figure_S3_GSE163121_directional_validation.pdf","58403","0.0557",".pdf","2026-07-27 06:35:06","False"
"04_submission\package_genome_medicine_2026-07-31\figures_supplementary\Supplementary_Figure_S3_GSE163121_directional_validation.png","424276","0.4046",".png","2026-07-27 06:35:04","False"
"04_submission\package_genome_medicine_2026-07-31\figures_supplementary\Supplementary_Figure_S4_compositional_sensitivity.pdf","71528","0.0682",".pdf","2026-07-27 06:55:06","False"
"04_submission\package_genome_medicine_2026-07-31\figures_supplementary\Supplementary_Figure_S4_compositional_sensitivity.png","417163","0.3978",".png","2026-07-27 06:55:03","False"
"04_submission\package_genome_medicine_2026-07-31\internal_qc\figure_contact_sheet_2026-07-27.png","706520","0.6738",".png","2026-07-27 07:30:43","False"
"04_submission\package_genome_medicine_2026-07-31\internal_qc\figure_quality_qc_2026-07-27.csv","3084","0.0029",".csv","2026-07-27 07:30:42","False"
"04_submission\package_genome_medicine_2026-07-31\internal_qc\figure_quality_qc_2026-07-27.md","3172","0.003",".md","2026-07-27 07:30:42","False"
"04_submission\package_genome_medicine_2026-07-31\internal_qc\manuscript_evidence_table_2026-07-27.csv","5870","0.0056",".csv","2026-07-27 07:12:51","False"
"04_submission\package_genome_medicine_2026-07-31\internal_qc\manuscript_numeric_qc_2026-07-27.csv","3725","0.0036",".csv","2026-07-27 07:30:48","False"
"04_submission\package_genome_medicine_2026-07-31\internal_qc\manuscript_numeric_qc_2026-07-27.md","1975","0.0019",".md","2026-07-27 07:30:48","False"
"04_submission\package_genome_medicine_2026-07-31\internal_qc\manuscript_structure_qc_2026-07-27.csv","327","0.0003",".csv","2026-07-27 07:11:20","False"
"04_submission\package_genome_medicine_2026-07-31\internal_qc\manuscript_structure_qc_2026-07-27.md","1616","0.0015",".md","2026-07-27 07:11:20","False"
"04_submission\package_genome_medicine_2026-07-31\internal_qc\phase7_regulatory_evidence_audit_2026-07-27.md","4655","0.0044",".md","2026-07-27 08:09:48","False"
"04_submission\package_genome_medicine_2026-07-31\internal_qc\phase7_regulatory_evidence_qc_2026-07-27.csv","1510","0.0014",".csv","2026-07-27 08:13:48","False"
"04_submission\package_genome_medicine_2026-07-31\internal_qc\phase7_regulatory_evidence_qc_2026-07-27.md","1843","0.0018",".md","2026-07-27 08:13:48","False"
"04_submission\package_genome_medicine_2026-07-31\internal_qc\submission_document_qc_2026-07-31.json","1732","0.0017",".json","2026-07-31 03:50:15","False"
"04_submission\package_genome_medicine_2026-07-31\internal_qc\submission_document_qc_2026-07-31.md","1136","0.0011",".md","2026-07-31 03:50:15","False"
"04_submission\package_genome_medicine_2026-07-31\main_text\Genome_Medicine_Manuscript_v6_AUTHOR_COMPLETION_REQUIRED.docx","56119","0.0535",".docx","2026-07-31 03:41:38","False"
"04_submission\package_genome_medicine_2026-07-31\main_text\Genome_Medicine_Manuscript_v6_AUTHOR_COMPLETION_REQUIRED.pdf","257670","0.2457",".pdf","2026-07-31 03:44:58","False"
"04_submission\package_genome_medicine_2026-07-31\main_text\manuscript_v4_nature_style_refined_source.md","22571","0.0215",".md","2026-07-27 07:08:10","False"
"04_submission\package_genome_medicine_2026-07-31\main_text\manuscript_v5_genome_medicine_targeted.md","37933","0.0362",".md","2026-07-27 07:09:00","False"
"04_submission\package_genome_medicine_2026-07-31\main_text\manuscript_v6_genome_medicine_submission_source.md","45215","0.0431",".md","2026-07-31 03:40:00","False"
"04_submission\package_genome_medicine_2026-07-31\package_build_summary.json","226","0.0002",".json","2026-07-31 03:58:26","False"
"04_submission\package_genome_medicine_2026-07-31\README.md","1820","0.0017",".md","2026-07-31 03:58:26","False"
"04_submission\package_genome_medicine_2026-07-31\references\references_verified_crossref_2026-07-09.bib","13487","0.0129",".bib","2026-07-27 06:57:27","False"
"04_submission\package_genome_medicine_2026-07-31\submission_docs\advisor_full_project_audit_v3_2026-07-27.md","6744","0.0064",".md","2026-07-27 07:12:51","False"
"04_submission\package_genome_medicine_2026-07-31\submission_docs\advisor_full_project_audit_v4_2026-07-27.md","5119","0.0049",".md","2026-07-27 08:09:48","False"
"04_submission\package_genome_medicine_2026-07-31\submission_docs\author_completion_form_2026-07-31.md","2255","0.0022",".md","2026-07-31 03:36:45","False"
"04_submission\package_genome_medicine_2026-07-31\submission_docs\cover_letter_genome_medicine_draft_v2_2026-07-27.md","2991","0.0029",".md","2026-07-27 07:13:53","False"
"04_submission\package_genome_medicine_2026-07-31\submission_docs\cover_letter_genome_medicine_v3_AUTHOR_COMPLETION_REQUIRED_2026-07-31.md","2996","0.0029",".md","2026-07-31 03:55:47","False"
"04_submission\package_genome_medicine_2026-07-31\submission_docs\Genome_Medicine_Cover_Letter_v3_AUTHOR_COMPLETION_REQUIRED.docx","39051","0.0372",".docx","2026-07-31 03:56:58","False"
"04_submission\package_genome_medicine_2026-07-31\submission_docs\Genome_Medicine_Cover_Letter_v3_AUTHOR_COMPLETION_REQUIRED.pdf","107216","0.1022",".pdf","2026-07-31 03:57:16","False"
"04_submission\package_genome_medicine_2026-07-31\submission_docs\submission_package_checklist_v3_2026-07-27.md","2820","0.0027",".md","2026-07-27 07:13:53","False"
"04_submission\package_genome_medicine_2026-07-31\submission_docs\submission_package_checklist_v4_2026-07-31.md","2928","0.0028",".md","2026-07-31 03:55:47","False"
"04_submission\package_genome_medicine_2026-07-31\submission_docs\submission_readiness_and_next_stage_v5_2026-07-31.md","3210","0.0031",".md","2026-07-31 03:55:47","False"
"04_submission\package_genome_medicine_2026-07-31\tables_supplementary\Supplementary_Table_S13a_donor_state_compositional_abundance.csv","276487","0.2637",".csv","2026-07-27 06:55:00","False"
"04_submission\package_genome_medicine_2026-07-31\tables_supplementary\Supplementary_Table_S13b_compositional_abundance_models.csv","11603","0.0111",".csv","2026-07-27 06:55:00","False"
"04_submission\package_genome_medicine_2026-07-31\tables_supplementary\Supplementary_Table_S13c_core_state_comparison.csv","1827","0.0017",".csv","2026-07-27 06:55:00","False"
"04_submission\package_genome_medicine_2026-07-31\tables_supplementary\Supplementary_Table_S13d_pseudocount_sensitivity.csv","2644","0.0025",".csv","2026-07-27 06:55:00","False"
"04_submission\package_genome_medicine_2026-07-31\tables_supplementary\Supplementary_Table_S8_literature_signature_catalog.csv","4604","0.0044",".csv","2026-07-27 07:08:39","False"
"04_submission\package_genome_medicine_2026-07-31\tables_supplementary\Supplementary_Tables_S1-S13.xlsx","653808","0.6235",".xlsx","2026-07-27 07:31:19","False"
"04_submission\package_genome_medicine_gateC8_2026-08-20 (2).zip","10659818","10.166",".zip","2026-08-20 17:14:30","False"
"04_submission\package_genome_medicine_gateC8_2026-08-20.zip","10651523","10.1581",".zip","2026-08-20 17:06:22","False"
"04_submission\package_genome_medicine_gateC8_2026-08-20\additional_files\Additional_file_1_Supplementary_Information_GateC8.docx","43515","0.0415",".docx","2026-08-20 16:59:59","False"
"04_submission\package_genome_medicine_gateC8_2026-08-20\additional_files\Additional_file_2_Figure_Source_Data_GateC8.zip","157482","0.1502",".zip","2026-08-20 17:00:00","False"
"04_submission\package_genome_medicine_gateC8_2026-08-20\additional_files\source_data\Figure1_source_data.csv","3652","0.0035",".csv","2026-08-20 16:13:05","False"
"04_submission\package_genome_medicine_gateC8_2026-08-20\additional_files\source_data\Figure2_source_data.csv","33705","0.0321",".csv","2026-08-20 16:13:06","False"
"04_submission\package_genome_medicine_gateC8_2026-08-20\additional_files\source_data\Figure3_source_data.csv","8333","0.0079",".csv","2026-08-20 16:13:09","False"
"04_submission\package_genome_medicine_gateC8_2026-08-20\additional_files\source_data\Figure4_source_data.csv","500362","0.4772",".csv","2026-08-20 16:13:10","False"
"04_submission\package_genome_medicine_gateC8_2026-08-20\additional_files\source_data\Figure5_source_data.csv","4194","0.004",".csv","2026-08-20 16:13:13","False"
"04_submission\package_genome_medicine_gateC8_2026-08-20\additional_files\source_data\SHA256SUMS.csv","497","0.0005",".csv","2026-08-20 17:00:00","False"
"04_submission\package_genome_medicine_gateC8_2026-08-20\figures\Figure1_disease_blind_identity_scope.pdf","57720","0.055",".pdf","2026-08-20 16:13:05","False"
"04_submission\package_genome_medicine_gateC8_2026-08-20\figures\Figure1_disease_blind_identity_scope.png","610052","0.5818",".png","2026-08-20 16:13:06","False"
"04_submission\package_genome_medicine_gateC8_2026-08-20\figures\Figure2_sample_level_composition.pdf","48942","0.0467",".pdf","2026-08-20 16:13:07","False"
"04_submission\package_genome_medicine_gateC8_2026-08-20\figures\Figure2_sample_level_composition.png","485523","0.463",".png","2026-08-20 16:13:09","False"
"04_submission\package_genome_medicine_gateC8_2026-08-20\figures\Figure3_gse174188_bconv_transcription.pdf","53403","0.0509",".pdf","2026-08-20 16:13:09","False"
"04_submission\package_genome_medicine_gateC8_2026-08-20\figures\Figure3_gse174188_bconv_transcription.png","442445","0.4219",".png","2026-08-20 16:13:10","False"
"04_submission\package_genome_medicine_gateC8_2026-08-20\figures\Figure4_independent_ifn_replication.pdf","55421","0.0529",".pdf","2026-08-20 16:13:12","False"
"04_submission\package_genome_medicine_gateC8_2026-08-20\figures\Figure4_independent_ifn_replication.png","637595","0.6081",".png","2026-08-20 16:13:13","False"
"04_submission\package_genome_medicine_gateC8_2026-08-20\figures\Figure5_regulatory_evidence.pdf","53558","0.0511",".pdf","2026-08-20 16:13:14","False"
"04_submission\package_genome_medicine_gateC8_2026-08-20\figures\Figure5_regulatory_evidence.png","501635","0.4784",".png","2026-08-20 16:13:14","False"
"04_submission\package_genome_medicine_gateC8_2026-08-20\internal_qc\GATE_C8_FINAL_AUDIT.json","4013","0.0038",".json","2026-08-20 17:06:21","False"
"04_submission\package_genome_medicine_gateC8_2026-08-20\internal_qc\GATE_C8_FINAL_AUDIT.md","3192","0.003",".md","2026-08-20 17:06:21","False"
"04_submission\package_genome_medicine_gateC8_2026-08-20\internal_qc\wps_render_cover_letter\Genome_Medicine_Cover_Letter_GateC8_AUTHOR_CONFIRMATION_REQUIRED_WPS.pdf","83150","0.0793",".pdf","2026-08-20 17:00:28","False"
"04_submission\package_genome_medicine_gateC8_2026-08-20\internal_qc\wps_render_cover_letter\page-1.png","380779","0.3631",".png","2026-08-20 17:01:05","False"
"04_submission\package_genome_medicine_gateC8_2026-08-20\internal_qc\wps_render_main\Genome_Medicine_Manuscript_GateC8_AUTHOR_COMPLETION_REQUIRED_WPS.pdf","218738","0.2086",".pdf","2026-08-20 17:00:10","False"
"04_submission\package_genome_medicine_gateC8_2026-08-20\internal_qc\wps_render_main\page-01.png","274703","0.262",".png","2026-08-20 17:00:36","False"
"04_submission\package_genome_medicine_gateC8_2026-08-20\internal_qc\wps_render_main\page-02.png","305221","0.2911",".png","2026-08-20 17:00:37","False"
"04_submission\package_genome_medicine_gateC8_2026-08-20\internal_qc\wps_render_main\page-03.png","297521","0.2837",".png","2026-08-20 17:00:37","False"
"04_submission\package_genome_medicine_gateC8_2026-08-20\internal_qc\wps_render_main\page-04.png","296711","0.283",".png","2026-08-20 17:00:37","False"
"04_submission\package_genome_medicine_gateC8_2026-08-20\internal_qc\wps_render_main\page-05.png","295514","0.2818",".png","2026-08-20 17:00:37","False"
"04_submission\package_genome_medicine_gateC8_2026-08-20\internal_qc\wps_render_main\page-06.png","289502","0.2761",".png","2026-08-20 17:00:37","False"
"04_submission\package_genome_medicine_gateC8_2026-08-20\internal_qc\wps_render_main\page-07.png","304987","0.2909",".png","2026-08-20 17:00:38","False"
"04_submission\package_genome_medicine_gateC8_2026-08-20\internal_qc\wps_render_main\page-08.png","287497","0.2742",".png","2026-08-20 17:00:38","False"
"04_submission\package_genome_medicine_gateC8_2026-08-20\internal_qc\wps_render_main\page-09.png","320112","0.3053",".png","2026-08-20 17:00:38","False"
"04_submission\package_genome_medicine_gateC8_2026-08-20\internal_qc\wps_render_main\page-10.png","314860","0.3003",".png","2026-08-20 17:00:38","False"
"04_submission\package_genome_medicine_gateC8_2026-08-20\internal_qc\wps_render_main\page-11.png","320880","0.306",".png","2026-08-20 17:00:39","False"
"04_submission\package_genome_medicine_gateC8_2026-08-20\internal_qc\wps_render_main\page-12.png","307524","0.2933",".png","2026-08-20 17:00:39","False"
"04_submission\package_genome_medicine_gateC8_2026-08-20\internal_qc\wps_render_main\page-13.png","311842","0.2974",".png","2026-08-20 17:00:39","False"
"04_submission\package_genome_medicine_gateC8_2026-08-20\internal_qc\wps_render_main\page-14.png","319024","0.3042",".png","2026-08-20 17:00:39","False"
"04_submission\package_genome_medicine_gateC8_2026-08-20\internal_qc\wps_render_main\page-15.png","294910","0.2812",".png","2026-08-20 17:00:40","False"
"04_submission\package_genome_medicine_gateC8_2026-08-20\internal_qc\wps_render_main\page-16.png","276143","0.2634",".png","2026-08-20 17:00:40","False"
"04_submission\package_genome_medicine_gateC8_2026-08-20\internal_qc\wps_render_main\page-17.png","280398","0.2674",".png","2026-08-20 17:00:40","False"
"04_submission\package_genome_medicine_gateC8_2026-08-20\internal_qc\wps_render_main\page-18.png","313789","0.2993",".png","2026-08-20 17:00:40","False"
"04_submission\package_genome_medicine_gateC8_2026-08-20\internal_qc\wps_render_main\page-19.png","304156","0.2901",".png","2026-08-20 17:00:41","False"
"04_submission\package_genome_medicine_gateC8_2026-08-20\internal_qc\wps_render_main\page-20.png","288006","0.2747",".png","2026-08-20 17:00:41","False"
"04_submission\package_genome_medicine_gateC8_2026-08-20\internal_qc\wps_render_main\page-21.png","242429","0.2312",".png","2026-08-20 17:00:41","False"
"04_submission\package_genome_medicine_gateC8_2026-08-20\internal_qc\wps_render_supplement\Additional_file_1_Supplementary_Information_GateC8_WPS.pdf","119698","0.1142",".pdf","2026-08-20 17:00:19","False"
"04_submission\package_genome_medicine_gateC8_2026-08-20\internal_qc\wps_render_supplement\page-1.png","382066","0.3644",".png","2026-08-20 17:00:49","False"
"04_submission\package_genome_medicine_gateC8_2026-08-20\internal_qc\wps_render_supplement\page-2.png","283336","0.2702",".png","2026-08-20 17:00:49","False"
"04_submission\package_genome_medicine_gateC8_2026-08-20\internal_qc\wps_render_supplement\page-3.png","226764","0.2163",".png","2026-08-20 17:00:50","False"
"04_submission\package_genome_medicine_gateC8_2026-08-20\main_text\Genome_Medicine_Manuscript_GateC8_AUTHOR_COMPLETION_REQUIRED.docx","54901","0.0524",".docx","2026-08-20 16:59:59","False"
"04_submission\package_genome_medicine_gateC8_2026-08-20\MANIFEST_SHA256.csv","7687","0.0073",".csv","2026-08-20 17:06:21","False"
"04_submission\package_genome_medicine_gateC8_2026-08-20\README_GATE_C8_PACKAGE.md","1349","0.0013",".md","2026-08-20 17:06:21","False"
"04_submission\package_genome_medicine_gateC8_2026-08-20\references\crossref_raw_gateC8.json","409446","0.3905",".json","2026-08-20 16:39:50","False"
"04_submission\package_genome_medicine_gateC8_2026-08-20\references\reference_verification_gateC8.csv","2500","0.0024",".csv","2026-08-20 16:39:50","False"
"04_submission\package_genome_medicine_gateC8_2026-08-20\references\reference_verification_gateC8.md","1148","0.0011",".md","2026-08-20 16:39:50","False"
"04_submission\package_genome_medicine_gateC8_2026-08-20\references\references_gateC8_vancouver.md","2939","0.0028",".md","2026-08-20 16:39:50","False"
"04_submission\package_genome_medicine_gateC8_2026-08-20\review_copies\Additional_file_1_Supplementary_Information_GateC8_WPS.pdf","119698","0.1142",".pdf","2026-08-20 17:00:19","False"
"04_submission\package_genome_medicine_gateC8_2026-08-20\review_copies\Genome_Medicine_Cover_Letter_GateC8_AUTHOR_CONFIRMATION_REQUIRED_WPS.pdf","83150","0.0793",".pdf","2026-08-20 17:00:28","False"
"04_submission\package_genome_medicine_gateC8_2026-08-20\review_copies\Genome_Medicine_Manuscript_GateC8_AUTHOR_COMPLETION_REQUIRED_WPS.pdf","218738","0.2086",".pdf","2026-08-20 17:00:10","False"
"04_submission\package_genome_medicine_gateC8_2026-08-20\submission_docs\author_completion_form_gateC8_2026-08-20.md","2274","0.0022",".md","2026-08-20 17:06:20","False"
"04_submission\package_genome_medicine_gateC8_2026-08-20\submission_docs\cover_letter_genome_medicine_gateC8_AUTHOR_COMPLETION_REQUIRED_2026-08-20.md","2929","0.0028",".md","2026-08-20 16:54:01","False"
"04_submission\package_genome_medicine_gateC8_2026-08-20\submission_docs\Genome_Medicine_Cover_Letter_GateC8_AUTHOR_CONFIRMATION_REQUIRED.docx","39943","0.0381",".docx","2026-08-20 16:59:59","False"
"04_submission\package_genome_medicine_gateC8_2026-08-20\submission_docs\journal_target_decision_gateC8_2026-08-20.md","2408","0.0023",".md","2026-08-20 16:54:01","False"
"04_submission\package_genome_medicine_gateC8_2026-08-20\submission_docs\reporting_checklist_gateC8_2026-08-20.md","1758","0.0017",".md","2026-08-20 17:05:36","False"
"04_submission\package_genome_medicine_gateC8B_editorial_preflight_2026-08-21 (2).zip","35552156","33.9052",".zip","2026-08-23 23:31:32","False"
"04_submission\package_genome_medicine_gateC8B_editorial_preflight_2026-08-21.zip","35530543","33.8846",".zip","2026-08-21 01:59:47","False"
"04_submission\package_genome_medicine_gateC8B_editorial_preflight_2026-08-21\additional_files\Additional_file_1_Supplementary_Information_GateC8B.docx","2775124","2.6466",".docx","2026-08-21 01:54:49","False"
"04_submission\package_genome_medicine_gateC8B_editorial_preflight_2026-08-21\additional_files\Additional_file_2_Figure_Source_Data_GateC8B.zip","178665","0.1704",".zip","2026-08-21 01:59:23","False"
"04_submission\package_genome_medicine_gateC8B_editorial_preflight_2026-08-21\additional_files\Additional_file_3_Regulator_Sensitivity_GateC8B.zip","2336","0.0022",".zip","2026-08-21 01:59:23","False"
"04_submission\package_genome_medicine_gateC8B_editorial_preflight_2026-08-21\additional_files\Additional_file_4_Full_Statistical_Results_GateC8S_FROZEN.zip","8314122","7.929",".zip","2026-08-21 00:59:56","False"
"04_submission\package_genome_medicine_gateC8B_editorial_preflight_2026-08-21\additional_files\regulator_sensitivity\03_CORRELATION_AWARE_STAT1_STAT2_SENSITIVITY.csv","2083","0.002",".csv","2026-08-20 18:21:53","False"
"04_submission\package_genome_medicine_gateC8B_editorial_preflight_2026-08-21\additional_files\regulator_sensitivity\04_CORRELATION_AWARE_STAT1_STAT2_DECISION.json","1389","0.0013",".json","2026-08-20 18:21:53","False"
"04_submission\package_genome_medicine_gateC8B_editorial_preflight_2026-08-21\additional_files\regulator_sensitivity\SHA256SUMS.csv","254","0.0002",".csv","2026-08-21 01:59:23","False"
"04_submission\package_genome_medicine_gateC8B_editorial_preflight_2026-08-21\additional_files\source_data\Figure1_source_data.csv","3652","0.0035",".csv","2026-08-21 00:58:37","False"
"04_submission\package_genome_medicine_gateC8B_editorial_preflight_2026-08-21\additional_files\source_data\Figure2_source_data.csv","33705","0.0321",".csv","2026-08-21 00:58:44","False"
"04_submission\package_genome_medicine_gateC8B_editorial_preflight_2026-08-21\additional_files\source_data\Figure3_source_data.csv","8333","0.0079",".csv","2026-08-21 00:58:49","False"
"04_submission\package_genome_medicine_gateC8B_editorial_preflight_2026-08-21\additional_files\source_data\Figure4_source_data.csv","500362","0.4772",".csv","2026-08-21 00:58:56","False"
"04_submission\package_genome_medicine_gateC8B_editorial_preflight_2026-08-21\additional_files\source_data\Figure5_source_data.csv","4162","0.004",".csv","2026-08-21 01:59:20","False"
"04_submission\package_genome_medicine_gateC8B_editorial_preflight_2026-08-21\additional_files\source_data\SHA256SUMS.csv","1263","0.0012",".csv","2026-08-21 01:59:23","False"
"04_submission\package_genome_medicine_gateC8B_editorial_preflight_2026-08-21\additional_files\source_data\Supplementary_Figure_S1_source_data.csv","15014","0.0143",".csv","2026-08-21 00:59:15","False"
"04_submission\package_genome_medicine_gateC8B_editorial_preflight_2026-08-21\additional_files\source_data\Supplementary_Figure_S2_source_data.csv","26506","0.0253",".csv","2026-08-21 00:59:21","False"
"04_submission\package_genome_medicine_gateC8B_editorial_preflight_2026-08-21\additional_files\source_data\Supplementary_Figure_S3_source_data.csv","4375","0.0042",".csv","2026-08-21 00:59:26","False"
"04_submission\package_genome_medicine_gateC8B_editorial_preflight_2026-08-21\additional_files\source_data\Supplementary_Figure_S4_source_data.csv","5599","0.0053",".csv","2026-08-21 00:59:32","False"
"04_submission\package_genome_medicine_gateC8B_editorial_preflight_2026-08-21\additional_files\source_data\Supplementary_Figure_S5_source_data.csv","4113","0.0039",".csv","2026-08-21 00:59:37","False"
"04_submission\package_genome_medicine_gateC8B_editorial_preflight_2026-08-21\additional_files\source_data\Supplementary_Figure_S6_source_data.csv","6249","0.006",".csv","2026-08-21 00:59:43","False"
"04_submission\package_genome_medicine_gateC8B_editorial_preflight_2026-08-21\additional_files\source_data\Supplementary_Figure_S7_source_data.csv","2110","0.002",".csv","2026-08-21 00:59:47","False"
"04_submission\package_genome_medicine_gateC8B_editorial_preflight_2026-08-21\figures_supplementary\Supplementary_Figure_S1_source_integrity_qc.pdf","51533","0.0491",".pdf","2026-08-21 00:59:18","False"
"04_submission\package_genome_medicine_gateC8B_editorial_preflight_2026-08-21\figures_supplementary\Supplementary_Figure_S1_source_integrity_qc.png","551569","0.526",".png","2026-08-21 00:59:21","False"
"04_submission\package_genome_medicine_gateC8B_editorial_preflight_2026-08-21\figures_supplementary\Supplementary_Figure_S2_representation_diagnostics.pdf","50861","0.0485",".pdf","2026-08-21 00:59:24","False"
"04_submission\package_genome_medicine_gateC8B_editorial_preflight_2026-08-21\figures_supplementary\Supplementary_Figure_S2_representation_diagnostics.png","503738","0.4804",".png","2026-08-21 00:59:26","False"
"04_submission\package_genome_medicine_gateC8B_editorial_preflight_2026-08-21\figures_supplementary\Supplementary_Figure_S3_identity_adjudication.pdf","51281","0.0489",".pdf","2026-08-21 00:59:30","False"
"04_submission\package_genome_medicine_gateC8B_editorial_preflight_2026-08-21\figures_supplementary\Supplementary_Figure_S3_identity_adjudication.png","384518","0.3667",".png","2026-08-21 00:59:32","False"
"04_submission\package_genome_medicine_gateC8B_editorial_preflight_2026-08-21\figures_supplementary\Supplementary_Figure_S4_composition_diagnostics.pdf","47952","0.0457",".pdf","2026-08-21 00:59:35","False"
"04_submission\package_genome_medicine_gateC8B_editorial_preflight_2026-08-21\figures_supplementary\Supplementary_Figure_S4_composition_diagnostics.png","335514","0.32",".png","2026-08-21 00:59:37","False"
"04_submission\package_genome_medicine_gateC8B_editorial_preflight_2026-08-21\figures_supplementary\Supplementary_Figure_S5_pseudobulk_diagnostics.pdf","51706","0.0493",".pdf","2026-08-21 00:59:40","False"
"04_submission\package_genome_medicine_gateC8B_editorial_preflight_2026-08-21\figures_supplementary\Supplementary_Figure_S5_pseudobulk_diagnostics.png","492551","0.4697",".png","2026-08-21 00:59:43","False"
"04_submission\package_genome_medicine_gateC8B_editorial_preflight_2026-08-21\figures_supplementary\Supplementary_Figure_S6_external_validation_diagnostics.pdf","48118","0.0459",".pdf","2026-08-21 00:59:46","False"
"04_submission\package_genome_medicine_gateC8B_editorial_preflight_2026-08-21\figures_supplementary\Supplementary_Figure_S6_external_validation_diagnostics.png","391944","0.3738",".png","2026-08-21 00:59:47","False"
"04_submission\package_genome_medicine_gateC8B_editorial_preflight_2026-08-21\figures_supplementary\Supplementary_Figure_S7_regulator_correlation_sensitivity.pdf","48444","0.0462",".pdf","2026-08-21 00:59:51","False"
"04_submission\package_genome_medicine_gateC8B_editorial_preflight_2026-08-21\figures_supplementary\Supplementary_Figure_S7_regulator_correlation_sensitivity.png","589432","0.5621",".png","2026-08-21 00:59:54","False"
"04_submission\package_genome_medicine_gateC8B_editorial_preflight_2026-08-21\figures\Figure1_disease_blind_identity_scope.pdf","60977","0.0582",".pdf","2026-08-21 00:58:41","False"
"04_submission\package_genome_medicine_gateC8B_editorial_preflight_2026-08-21\figures\Figure1_disease_blind_identity_scope.png","523356","0.4991",".png","2026-08-21 00:58:44","False"
"04_submission\package_genome_medicine_gateC8B_editorial_preflight_2026-08-21\figures\Figure2_sample_level_composition.pdf","49848","0.0475",".pdf","2026-08-21 00:58:47","False"
"04_submission\package_genome_medicine_gateC8B_editorial_preflight_2026-08-21\figures\Figure2_sample_level_composition.png","454608","0.4335",".png","2026-08-21 00:58:49","False"
"04_submission\package_genome_medicine_gateC8B_editorial_preflight_2026-08-21\figures\Figure3_gse174188_bconv_transcription.pdf","55135","0.0526",".pdf","2026-08-21 00:58:54","False"
"04_submission\package_genome_medicine_gateC8B_editorial_preflight_2026-08-21\figures\Figure3_gse174188_bconv_transcription.png","452040","0.4311",".png","2026-08-21 00:58:55","False"
"04_submission\package_genome_medicine_gateC8B_editorial_preflight_2026-08-21\figures\Figure4_independent_ifn_replication.pdf","56820","0.0542",".pdf","2026-08-21 00:59:00","False"
"04_submission\package_genome_medicine_gateC8B_editorial_preflight_2026-08-21\figures\Figure4_independent_ifn_replication.png","628446","0.5993",".png","2026-08-21 00:59:03","False"
"04_submission\package_genome_medicine_gateC8B_editorial_preflight_2026-08-21\figures\Figure5_regulatory_evidence.pdf","54056","0.0516",".pdf","2026-08-21 01:59:21","False"
"04_submission\package_genome_medicine_gateC8B_editorial_preflight_2026-08-21\figures\Figure5_regulatory_evidence.png","594965","0.5674",".png","2026-08-21 01:59:22","False"
"04_submission\package_genome_medicine_gateC8B_editorial_preflight_2026-08-21\internal_qc\cover_letter_a11y.json","274","0.0003",".json","2026-08-21 01:56:50","False"
"04_submission\package_genome_medicine_gateC8B_editorial_preflight_2026-08-21\internal_qc\GATE_C8B_FINAL_AUDIT.json","3738","0.0036",".json","2026-08-21 01:59:43","False"
"04_submission\package_genome_medicine_gateC8B_editorial_preflight_2026-08-21\internal_qc\GATE_C8B_FINAL_AUDIT.md","3013","0.0029",".md","2026-08-21 01:59:43","False"
"04_submission\package_genome_medicine_gateC8B_editorial_preflight_2026-08-21\internal_qc\main_text_a11y.json","264","0.0003",".json","2026-08-21 01:56:59","False"
"04_submission\package_genome_medicine_gateC8B_editorial_preflight_2026-08-21\internal_qc\supplement_a11y.json","261","0.0002",".json","2026-08-21 01:56:52","False"
"04_submission\package_genome_medicine_gateC8B_editorial_preflight_2026-08-21\internal_qc\wps_render_cover_letter\contact_sheet_cover_01-01.png","144543","0.1378",".png","2026-08-21 01:58:15","False"
"04_submission\package_genome_medicine_gateC8B_editorial_preflight_2026-08-21\internal_qc\wps_render_cover_letter\final-page-1.png","393293","0.3751",".png","2026-08-21 01:56:50","False"
"04_submission\package_genome_medicine_gateC8B_editorial_preflight_2026-08-21\internal_qc\wps_render_cover_letter\Genome_Medicine_Cover_Letter_GateC8B_AUTHOR_CONFIRMATION_REQUIRED_WPS.pdf","84175","0.0803",".pdf","2026-08-21 01:55:29","False"
"04_submission\package_genome_medicine_gateC8B_editorial_preflight_2026-08-21\internal_qc\wps_render_main\contact_sheet_main_01-09.png","996416","0.9503",".png","2026-08-21 01:58:16","False"
"04_submission\package_genome_medicine_gateC8B_editorial_preflight_2026-08-21\internal_qc\wps_render_main\contact_sheet_main_10-18.png","1039516","0.9914",".png","2026-08-21 01:58:16","False"
"04_submission\package_genome_medicine_gateC8B_editorial_preflight_2026-08-21\internal_qc\wps_render_main\contact_sheet_main_19-27.png","947184","0.9033",".png","2026-08-21 01:58:17","False"
"04_submission\package_genome_medicine_gateC8B_editorial_preflight_2026-08-21\internal_qc\wps_render_main\final-page-01.png","276952","0.2641",".png","2026-08-21 01:56:50","False"
"04_submission\package_genome_medicine_gateC8B_editorial_preflight_2026-08-21\internal_qc\wps_render_main\final-page-02.png","304282","0.2902",".png","2026-08-21 01:56:50","False"
"04_submission\package_genome_medicine_gateC8B_editorial_preflight_2026-08-21\internal_qc\wps_render_main\final-page-03.png","303002","0.289",".png","2026-08-21 01:56:50","False"
"04_submission\package_genome_medicine_gateC8B_editorial_preflight_2026-08-21\internal_qc\wps_render_main\final-page-04.png","283953","0.2708",".png","2026-08-21 01:56:50","False"
"04_submission\package_genome_medicine_gateC8B_editorial_preflight_2026-08-21\internal_qc\wps_render_main\final-page-05.png","292970","0.2794",".png","2026-08-21 01:56:51","False"
"04_submission\package_genome_medicine_gateC8B_editorial_preflight_2026-08-21\internal_qc\wps_render_main\final-page-06.png","297995","0.2842",".png","2026-08-21 01:56:51","False"
"04_submission\package_genome_medicine_gateC8B_editorial_preflight_2026-08-21\internal_qc\wps_render_main\final-page-07.png","304594","0.2905",".png","2026-08-21 01:56:51","False"
"04_submission\package_genome_medicine_gateC8B_editorial_preflight_2026-08-21\internal_qc\wps_render_main\final-page-08.png","293708","0.2801",".png","2026-08-21 01:56:51","False"
"04_submission\package_genome_medicine_gateC8B_editorial_preflight_2026-08-21\internal_qc\wps_render_main\final-page-09.png","319608","0.3048",".png","2026-08-21 01:56:52","False"
"04_submission\package_genome_medicine_gateC8B_editorial_preflight_2026-08-21\internal_qc\wps_render_main\final-page-10.png","279386","0.2664",".png","2026-08-21 01:56:52","False"
"04_submission\package_genome_medicine_gateC8B_editorial_preflight_2026-08-21\internal_qc\wps_render_main\final-page-11.png","298070","0.2843",".png","2026-08-21 01:56:52","False"
"04_submission\package_genome_medicine_gateC8B_editorial_preflight_2026-08-21\internal_qc\wps_render_main\final-page-12.png","341187","0.3254",".png","2026-08-21 01:56:52","False"
"04_submission\package_genome_medicine_gateC8B_editorial_preflight_2026-08-21\internal_qc\wps_render_main\final-page-13.png","318929","0.3042",".png","2026-08-21 01:56:53","False"
"04_submission\package_genome_medicine_gateC8B_editorial_preflight_2026-08-21\internal_qc\wps_render_main\final-page-14.png","308625","0.2943",".png","2026-08-21 01:56:53","False"
"04_submission\package_genome_medicine_gateC8B_editorial_preflight_2026-08-21\internal_qc\wps_render_main\final-page-15.png","337552","0.3219",".png","2026-08-21 01:56:53","False"
"04_submission\package_genome_medicine_gateC8B_editorial_preflight_2026-08-21\internal_qc\wps_render_main\final-page-16.png","316191","0.3015",".png","2026-08-21 01:56:54","False"
"04_submission\package_genome_medicine_gateC8B_editorial_preflight_2026-08-21\internal_qc\wps_render_main\final-page-17.png","317937","0.3032",".png","2026-08-21 01:56:54","False"
"04_submission\package_genome_medicine_gateC8B_editorial_preflight_2026-08-21\internal_qc\wps_render_main\final-page-18.png","310601","0.2962",".png","2026-08-21 01:56:54","False"
"04_submission\package_genome_medicine_gateC8B_editorial_preflight_2026-08-21\internal_qc\wps_render_main\final-page-19.png","283832","0.2707",".png","2026-08-21 01:56:55","False"
"04_submission\package_genome_medicine_gateC8B_editorial_preflight_2026-08-21\internal_qc\wps_render_main\final-page-20.png","267727","0.2553",".png","2026-08-21 01:56:55","False"
"04_submission\package_genome_medicine_gateC8B_editorial_preflight_2026-08-21\internal_qc\wps_render_main\final-page-21.png","311752","0.2973",".png","2026-08-21 01:56:55","False"
"04_submission\package_genome_medicine_gateC8B_editorial_preflight_2026-08-21\internal_qc\wps_render_main\final-page-22.png","299870","0.286",".png","2026-08-21 01:56:56","False"
"04_submission\package_genome_medicine_gateC8B_editorial_preflight_2026-08-21\internal_qc\wps_render_main\final-page-23.png","312922","0.2984",".png","2026-08-21 01:56:56","False"
"04_submission\package_genome_medicine_gateC8B_editorial_preflight_2026-08-21\internal_qc\wps_render_main\final-page-24.png","277666","0.2648",".png","2026-08-21 01:56:57","False"
"04_submission\package_genome_medicine_gateC8B_editorial_preflight_2026-08-21\internal_qc\wps_render_main\final-page-25.png","285873","0.2726",".png","2026-08-21 01:56:57","False"
"04_submission\package_genome_medicine_gateC8B_editorial_preflight_2026-08-21\internal_qc\wps_render_main\final-page-26.png","285662","0.2724",".png","2026-08-21 01:56:58","False"
"04_submission\package_genome_medicine_gateC8B_editorial_preflight_2026-08-21\internal_qc\wps_render_main\final-page-27.png","285874","0.2726",".png","2026-08-21 01:56:59","False"
"04_submission\package_genome_medicine_gateC8B_editorial_preflight_2026-08-21\internal_qc\wps_render_main\Genome_Medicine_Manuscript_GateC8B_AUTHOR_COMPLETION_REQUIRED_WPS.pdf","247860","0.2364",".pdf","2026-08-21 01:55:15","False"
"04_submission\package_genome_medicine_gateC8B_editorial_preflight_2026-08-21\internal_qc\wps_render_supplement\Additional_file_1_Supplementary_Information_GateC8B_WPS.pdf","3287320","3.135",".pdf","2026-08-21 01:55:26","False"
"04_submission\package_genome_medicine_gateC8B_editorial_preflight_2026-08-21\internal_qc\wps_render_supplement\contact_sheet_supplement_01-06.png","550569","0.5251",".png","2026-08-21 01:58:16","False"
"04_submission\package_genome_medicine_gateC8B_editorial_preflight_2026-08-21\internal_qc\wps_render_supplement\contact_sheet_supplement_07-12.png","341332","0.3255",".png","2026-08-21 01:58:16","False"
"04_submission\package_genome_medicine_gateC8B_editorial_preflight_2026-08-21\internal_qc\wps_render_supplement\final-page-01.png","379859","0.3623",".png","2026-08-21 01:56:50","False"
"04_submission\package_genome_medicine_gateC8B_editorial_preflight_2026-08-21\internal_qc\wps_render_supplement\final-page-02.png","301602","0.2876",".png","2026-08-21 01:56:50","False"
"04_submission\package_genome_medicine_gateC8B_editorial_preflight_2026-08-21\internal_qc\wps_render_supplement\final-page-03.png","259650","0.2476",".png","2026-08-21 01:56:50","False"
"04_submission\package_genome_medicine_gateC8B_editorial_preflight_2026-08-21\internal_qc\wps_render_supplement\final-page-04.png","264887","0.2526",".png","2026-08-21 01:56:51","False"
"04_submission\package_genome_medicine_gateC8B_editorial_preflight_2026-08-21\internal_qc\wps_render_supplement\final-page-05.png","100505","0.0958",".png","2026-08-21 01:56:51","False"
"04_submission\package_genome_medicine_gateC8B_editorial_preflight_2026-08-21\internal_qc\wps_render_supplement\final-page-06.png","223655","0.2133",".png","2026-08-21 01:56:51","False"
"04_submission\package_genome_medicine_gateC8B_editorial_preflight_2026-08-21\internal_qc\wps_render_supplement\final-page-07.png","214542","0.2046",".png","2026-08-21 01:56:51","False"
"04_submission\package_genome_medicine_gateC8B_editorial_preflight_2026-08-21\internal_qc\wps_render_supplement\final-page-08.png","187365","0.1787",".png","2026-08-21 01:56:51","False"
"04_submission\package_genome_medicine_gateC8B_editorial_preflight_2026-08-21\internal_qc\wps_render_supplement\final-page-09.png","172818","0.1648",".png","2026-08-21 01:56:51","False"
"04_submission\package_genome_medicine_gateC8B_editorial_preflight_2026-08-21\internal_qc\wps_render_supplement\final-page-10.png","212923","0.2031",".png","2026-08-21 01:56:52","False"
"04_submission\package_genome_medicine_gateC8B_editorial_preflight_2026-08-21\internal_qc\wps_render_supplement\final-page-11.png","168483","0.1607",".png","2026-08-21 01:56:52","False"
"04_submission\package_genome_medicine_gateC8B_editorial_preflight_2026-08-21\internal_qc\wps_render_supplement\final-page-12.png","295503","0.2818",".png","2026-08-21 01:56:52","False"
"04_submission\package_genome_medicine_gateC8B_editorial_preflight_2026-08-21\main_text\Genome_Medicine_Manuscript_GateC8B_AUTHOR_COMPLETION_REQUIRED.docx","59329","0.0566",".docx","2026-08-21 01:54:48","False"
"04_submission\package_genome_medicine_gateC8B_editorial_preflight_2026-08-21\MANIFEST_SHA256.csv","14623","0.0139",".csv","2026-08-21 01:59:43","False"
"04_submission\package_genome_medicine_gateC8B_editorial_preflight_2026-08-21\README_GATE_C8B_PACKAGE.md","1919","0.0018",".md","2026-08-21 01:59:43","False"
"04_submission\package_genome_medicine_gateC8B_editorial_preflight_2026-08-21\references\crossref_raw_gateC8B.json","858301","0.8185",".json","2026-08-21 01:51:11","False"
"04_submission\package_genome_medicine_gateC8B_editorial_preflight_2026-08-21\references\reference_verification_gateC8B.csv","5456","0.0052",".csv","2026-08-21 01:51:11","False"
"04_submission\package_genome_medicine_gateC8B_editorial_preflight_2026-08-21\references\reference_verification_gateC8B.md","2043","0.0019",".md","2026-08-21 01:51:11","False"
"04_submission\package_genome_medicine_gateC8B_editorial_preflight_2026-08-21\references\references_gateC8B_vancouver.md","6466","0.0062",".md","2026-08-21 01:51:11","False"
"04_submission\package_genome_medicine_gateC8B_editorial_preflight_2026-08-21\review_copies\Additional_file_1_Supplementary_Information_GateC8B_WPS.pdf","3287320","3.135",".pdf","2026-08-21 01:55:26","False"
"04_submission\package_genome_medicine_gateC8B_editorial_preflight_2026-08-21\review_copies\Genome_Medicine_Cover_Letter_GateC8B_AUTHOR_CONFIRMATION_REQUIRED_WPS.pdf","84175","0.0803",".pdf","2026-08-21 01:55:29","False"
"04_submission\package_genome_medicine_gateC8B_editorial_preflight_2026-08-21\review_copies\Genome_Medicine_Manuscript_GateC8B_AUTHOR_COMPLETION_REQUIRED_WPS.pdf","247860","0.2364",".pdf","2026-08-21 01:55:15","False"
"04_submission\package_genome_medicine_gateC8B_editorial_preflight_2026-08-21\submission_docs\author_completion_form_gateC8B_2026-08-21.md","2287","0.0022",".md","2026-08-21 01:50:13","False"
"04_submission\package_genome_medicine_gateC8B_editorial_preflight_2026-08-21\submission_docs\cover_letter_genome_medicine_gateC8B_AUTHOR_COMPLETION_REQUIRED_2026-08-21.md","3364","0.0032",".md","2026-08-21 01:50:13","False"
"04_submission\package_genome_medicine_gateC8B_editorial_preflight_2026-08-21\submission_docs\Genome_Medicine_Cover_Letter_GateC8B_AUTHOR_CONFIRMATION_REQUIRED.docx","40168","0.0383",".docx","2026-08-21 01:54:49","False"
"04_submission\package_genome_medicine_gateC8B_editorial_preflight_2026-08-21\submission_docs\journal_target_decision_gateC8B_2026-08-21.md","3398","0.0032",".md","2026-08-21 01:50:13","False"
"04_submission\package_genome_medicine_gateC8B_editorial_preflight_2026-08-21\submission_docs\reporting_checklist_gateC8B_2026-08-21.md","2377","0.0023",".md","2026-08-21 01:50:13","False"
"04_submission\package_genome_medicine_gateC8BR_release_portability_preflight_2026-08-25 (2).zip","31959705","30.4791",".zip","2026-08-25 02:45:06","False"
"04_submission\package_genome_medicine_gateC8BR_release_portability_preflight_2026-08-25.zip","31940637","30.461",".zip","2026-08-25 02:31:03","False"
"04_submission\package_genome_medicine_gateC8BR_release_portability_preflight_2026-08-25\additional_files\Additional_file_1_Supplementary_Information_GateC8BR.docx","2775076","2.6465",".docx","2026-08-25 02:30:11","False"
"04_submission\package_genome_medicine_gateC8BR_release_portability_preflight_2026-08-25\additional_files\Additional_file_2_Figure_Source_Data_GateC8BR.zip","178665","0.1704",".zip","2026-08-25 02:30:12","False"
"04_submission\package_genome_medicine_gateC8BR_release_portability_preflight_2026-08-25\additional_files\Additional_file_3_Regulator_Sensitivity_GateC8BR.zip","2336","0.0022",".zip","2026-08-25 02:30:12","False"
"04_submission\package_genome_medicine_gateC8BR_release_portability_preflight_2026-08-25\additional_files\Additional_file_4_Full_Statistical_Results_GateC8S_FROZEN.zip","8314122","7.929",".zip","2026-08-21 00:59:56","False"
"04_submission\package_genome_medicine_gateC8BR_release_portability_preflight_2026-08-25\additional_files\regulator_sensitivity\03_CORRELATION_AWARE_STAT1_STAT2_SENSITIVITY.csv","2083","0.002",".csv","2026-08-20 18:21:53","False"
"04_submission\package_genome_medicine_gateC8BR_release_portability_preflight_2026-08-25\additional_files\regulator_sensitivity\04_CORRELATION_AWARE_STAT1_STAT2_DECISION.json","1389","0.0013",".json","2026-08-20 18:21:53","False"
"04_submission\package_genome_medicine_gateC8BR_release_portability_preflight_2026-08-25\additional_files\regulator_sensitivity\SHA256SUMS.csv","254","0.0002",".csv","2026-08-25 02:30:12","False"
"04_submission\package_genome_medicine_gateC8BR_release_portability_preflight_2026-08-25\additional_files\source_data\Figure1_source_data.csv","3652","0.0035",".csv","2026-08-21 00:58:37","False"
"04_submission\package_genome_medicine_gateC8BR_release_portability_preflight_2026-08-25\additional_files\source_data\Figure2_source_data.csv","33705","0.0321",".csv","2026-08-21 00:58:44","False"
"04_submission\package_genome_medicine_gateC8BR_release_portability_preflight_2026-08-25\additional_files\source_data\Figure3_source_data.csv","8333","0.0079",".csv","2026-08-21 00:58:49","False"
"04_submission\package_genome_medicine_gateC8BR_release_portability_preflight_2026-08-25\additional_files\source_data\Figure4_source_data.csv","500362","0.4772",".csv","2026-08-21 00:58:56","False"
"04_submission\package_genome_medicine_gateC8BR_release_portability_preflight_2026-08-25\additional_files\source_data\Figure5_source_data.csv","4162","0.004",".csv","2026-08-25 02:17:50","False"
"04_submission\package_genome_medicine_gateC8BR_release_portability_preflight_2026-08-25\additional_files\source_data\SHA256SUMS.csv","1263","0.0012",".csv","2026-08-25 02:30:12","False"
"04_submission\package_genome_medicine_gateC8BR_release_portability_preflight_2026-08-25\additional_files\source_data\Supplementary_Figure_S1_source_data.csv","15014","0.0143",".csv","2026-08-21 00:59:15","False"
"04_submission\package_genome_medicine_gateC8BR_release_portability_preflight_2026-08-25\additional_files\source_data\Supplementary_Figure_S2_source_data.csv","26506","0.0253",".csv","2026-08-21 00:59:21","False"
"04_submission\package_genome_medicine_gateC8BR_release_portability_preflight_2026-08-25\additional_files\source_data\Supplementary_Figure_S3_source_data.csv","4375","0.0042",".csv","2026-08-21 00:59:26","False"
"04_submission\package_genome_medicine_gateC8BR_release_portability_preflight_2026-08-25\additional_files\source_data\Supplementary_Figure_S4_source_data.csv","5599","0.0053",".csv","2026-08-21 00:59:32","False"
"04_submission\package_genome_medicine_gateC8BR_release_portability_preflight_2026-08-25\additional_files\source_data\Supplementary_Figure_S5_source_data.csv","4113","0.0039",".csv","2026-08-21 00:59:37","False"
"04_submission\package_genome_medicine_gateC8BR_release_portability_preflight_2026-08-25\additional_files\source_data\Supplementary_Figure_S6_source_data.csv","6249","0.006",".csv","2026-08-21 00:59:43","False"
"04_submission\package_genome_medicine_gateC8BR_release_portability_preflight_2026-08-25\additional_files\source_data\Supplementary_Figure_S7_source_data.csv","2110","0.002",".csv","2026-08-21 00:59:47","False"
"04_submission\package_genome_medicine_gateC8BR_release_portability_preflight_2026-08-25\figures_supplementary\Supplementary_Figure_S1_source_integrity_qc.pdf","51533","0.0491",".pdf","2026-08-21 00:59:18","False"
"04_submission\package_genome_medicine_gateC8BR_release_portability_preflight_2026-08-25\figures_supplementary\Supplementary_Figure_S1_source_integrity_qc.png","551569","0.526",".png","2026-08-21 00:59:21","False"
"04_submission\package_genome_medicine_gateC8BR_release_portability_preflight_2026-08-25\figures_supplementary\Supplementary_Figure_S2_representation_diagnostics.pdf","50861","0.0485",".pdf","2026-08-21 00:59:24","False"
"04_submission\package_genome_medicine_gateC8BR_release_portability_preflight_2026-08-25\figures_supplementary\Supplementary_Figure_S2_representation_diagnostics.png","503738","0.4804",".png","2026-08-21 00:59:26","False"
"04_submission\package_genome_medicine_gateC8BR_release_portability_preflight_2026-08-25\figures_supplementary\Supplementary_Figure_S3_identity_adjudication.pdf","51281","0.0489",".pdf","2026-08-21 00:59:30","False"
"04_submission\package_genome_medicine_gateC8BR_release_portability_preflight_2026-08-25\figures_supplementary\Supplementary_Figure_S3_identity_adjudication.png","384518","0.3667",".png","2026-08-21 00:59:32","False"
"04_submission\package_genome_medicine_gateC8BR_release_portability_preflight_2026-08-25\figures_supplementary\Supplementary_Figure_S4_composition_diagnostics.pdf","47952","0.0457",".pdf","2026-08-21 00:59:35","False"
"04_submission\package_genome_medicine_gateC8BR_release_portability_preflight_2026-08-25\figures_supplementary\Supplementary_Figure_S4_composition_diagnostics.png","335514","0.32",".png","2026-08-21 00:59:37","False"
"04_submission\package_genome_medicine_gateC8BR_release_portability_preflight_2026-08-25\figures_supplementary\Supplementary_Figure_S5_pseudobulk_diagnostics.pdf","51706","0.0493",".pdf","2026-08-21 00:59:40","False"
"04_submission\package_genome_medicine_gateC8BR_release_portability_preflight_2026-08-25\figures_supplementary\Supplementary_Figure_S5_pseudobulk_diagnostics.png","492551","0.4697",".png","2026-08-21 00:59:43","False"
"04_submission\package_genome_medicine_gateC8BR_release_portability_preflight_2026-08-25\figures_supplementary\Supplementary_Figure_S6_external_validation_diagnostics.pdf","48118","0.0459",".pdf","2026-08-21 00:59:46","False"
"04_submission\package_genome_medicine_gateC8BR_release_portability_preflight_2026-08-25\figures_supplementary\Supplementary_Figure_S6_external_validation_diagnostics.png","391944","0.3738",".png","2026-08-21 00:59:47","False"
"04_submission\package_genome_medicine_gateC8BR_release_portability_preflight_2026-08-25\figures_supplementary\Supplementary_Figure_S7_regulator_correlation_sensitivity.pdf","48444","0.0462",".pdf","2026-08-21 00:59:51","False"
"04_submission\package_genome_medicine_gateC8BR_release_portability_preflight_2026-08-25\figures_supplementary\Supplementary_Figure_S7_regulator_correlation_sensitivity.png","589432","0.5621",".png","2026-08-21 00:59:54","False"
"04_submission\package_genome_medicine_gateC8BR_release_portability_preflight_2026-08-25\figures\Figure1_disease_blind_identity_scope.pdf","60977","0.0582",".pdf","2026-08-21 00:58:41","False"
"04_submission\package_genome_medicine_gateC8BR_release_portability_preflight_2026-08-25\figures\Figure1_disease_blind_identity_scope.png","523356","0.4991",".png","2026-08-21 00:58:44","False"
"04_submission\package_genome_medicine_gateC8BR_release_portability_preflight_2026-08-25\figures\Figure2_sample_level_composition.pdf","49848","0.0475",".pdf","2026-08-21 00:58:47","False"
"04_submission\package_genome_medicine_gateC8BR_release_portability_preflight_2026-08-25\figures\Figure2_sample_level_composition.png","454608","0.4335",".png","2026-08-21 00:58:49","False"
"04_submission\package_genome_medicine_gateC8BR_release_portability_preflight_2026-08-25\figures\Figure3_gse174188_bconv_transcription.pdf","55135","0.0526",".pdf","2026-08-21 00:58:54","False"
"04_submission\package_genome_medicine_gateC8BR_release_portability_preflight_2026-08-25\figures\Figure3_gse174188_bconv_transcription.png","452040","0.4311",".png","2026-08-21 00:58:55","False"
"04_submission\package_genome_medicine_gateC8BR_release_portability_preflight_2026-08-25\figures\Figure4_independent_ifn_replication.pdf","56820","0.0542",".pdf","2026-08-21 00:59:00","False"
"04_submission\package_genome_medicine_gateC8BR_release_portability_preflight_2026-08-25\figures\Figure4_independent_ifn_replication.png","628446","0.5993",".png","2026-08-21 00:59:03","False"
"04_submission\package_genome_medicine_gateC8BR_release_portability_preflight_2026-08-25\figures\Figure5_regulatory_evidence.pdf","53706","0.0512",".pdf","2026-08-25 02:17:54","False"
"04_submission\package_genome_medicine_gateC8BR_release_portability_preflight_2026-08-25\figures\Figure5_regulatory_evidence.png","635997","0.6065",".png","2026-08-25 02:17:57","False"
"04_submission\package_genome_medicine_gateC8BR_release_portability_preflight_2026-08-25\internal_qc\cover_letter_a11y.json","308","0.0003",".json","2026-08-25 02:30:57","False"
"04_submission\package_genome_medicine_gateC8BR_release_portability_preflight_2026-08-25\internal_qc\GATE_C8BR_FINAL_AUDIT.json","4395","0.0042",".json","2026-08-25 02:30:58","False"
"04_submission\package_genome_medicine_gateC8BR_release_portability_preflight_2026-08-25\internal_qc\GATE_C8BR_FINAL_AUDIT.md","3485","0.0033",".md","2026-08-25 02:30:58","False"
"04_submission\package_genome_medicine_gateC8BR_release_portability_preflight_2026-08-25\internal_qc\main_text_a11y.json","298","0.0003",".json","2026-08-25 02:30:56","False"
"04_submission\package_genome_medicine_gateC8BR_release_portability_preflight_2026-08-25\internal_qc\supplement_a11y.json","295","0.0003",".json","2026-08-25 02:30:56","False"
"04_submission\package_genome_medicine_gateC8BR_release_portability_preflight_2026-08-25\internal_qc\wps_render_cover_letter\final-page-1.png","400742","0.3822",".png","2026-08-25 02:30:56","False"
"04_submission\package_genome_medicine_gateC8BR_release_portability_preflight_2026-08-25\internal_qc\wps_render_cover_letter\Genome_Medicine_Cover_Letter_GateC8BR_AUTHOR_COMPLETION_REQUIRED_WPS.pdf","84468","0.0806",".pdf","2026-08-25 02:30:36","False"
"04_submission\package_genome_medicine_gateC8BR_release_portability_preflight_2026-08-25\internal_qc\wps_render_main\final-page-01.png","276738","0.2639",".png","2026-08-25 02:30:38","False"
"04_submission\package_genome_medicine_gateC8BR_release_portability_preflight_2026-08-25\internal_qc\wps_render_main\final-page-02.png","303258","0.2892",".png","2026-08-25 02:30:38","False"
"04_submission\package_genome_medicine_gateC8BR_release_portability_preflight_2026-08-25\internal_qc\wps_render_main\final-page-03.png","305692","0.2915",".png","2026-08-25 02:30:38","False"
"04_submission\package_genome_medicine_gateC8BR_release_portability_preflight_2026-08-25\internal_qc\wps_render_main\final-page-04.png","286671","0.2734",".png","2026-08-25 02:30:39","False"
"04_submission\package_genome_medicine_gateC8BR_release_portability_preflight_2026-08-25\internal_qc\wps_render_main\final-page-05.png","291541","0.278",".png","2026-08-25 02:30:39","False"
"04_submission\package_genome_medicine_gateC8BR_release_portability_preflight_2026-08-25\internal_qc\wps_render_main\final-page-06.png","283858","0.2707",".png","2026-08-25 02:30:39","False"
"04_submission\package_genome_medicine_gateC8BR_release_portability_preflight_2026-08-25\internal_qc\wps_render_main\final-page-07.png","284830","0.2716",".png","2026-08-25 02:30:40","False"
"04_submission\package_genome_medicine_gateC8BR_release_portability_preflight_2026-08-25\internal_qc\wps_render_main\final-page-08.png","304174","0.2901",".png","2026-08-25 02:30:40","False"
"04_submission\package_genome_medicine_gateC8BR_release_portability_preflight_2026-08-25\internal_qc\wps_render_main\final-page-09.png","304790","0.2907",".png","2026-08-25 02:30:41","False"
"04_submission\package_genome_medicine_gateC8BR_release_portability_preflight_2026-08-25\internal_qc\wps_render_main\final-page-10.png","283418","0.2703",".png","2026-08-25 02:30:41","False"
"04_submission\package_genome_medicine_gateC8BR_release_portability_preflight_2026-08-25\internal_qc\wps_render_main\final-page-11.png","305292","0.2911",".png","2026-08-25 02:30:42","False"
"04_submission\package_genome_medicine_gateC8BR_release_portability_preflight_2026-08-25\internal_qc\wps_render_main\final-page-12.png","327998","0.3128",".png","2026-08-25 02:30:43","False"
"04_submission\package_genome_medicine_gateC8BR_release_portability_preflight_2026-08-25\internal_qc\wps_render_main\final-page-13.png","323528","0.3085",".png","2026-08-25 02:30:43","False"
"04_submission\package_genome_medicine_gateC8BR_release_portability_preflight_2026-08-25\internal_qc\wps_render_main\final-page-14.png","323465","0.3085",".png","2026-08-25 02:30:43","False"
"04_submission\package_genome_medicine_gateC8BR_release_portability_preflight_2026-08-25\internal_qc\wps_render_main\final-page-15.png","323033","0.3081",".png","2026-08-25 02:30:44","False"
"04_submission\package_genome_medicine_gateC8BR_release_portability_preflight_2026-08-25\internal_qc\wps_render_main\final-page-16.png","301438","0.2875",".png","2026-08-25 02:30:44","False"
"04_submission\package_genome_medicine_gateC8BR_release_portability_preflight_2026-08-25\internal_qc\wps_render_main\final-page-17.png","307739","0.2935",".png","2026-08-25 02:30:44","False"
"04_submission\package_genome_medicine_gateC8BR_release_portability_preflight_2026-08-25\internal_qc\wps_render_main\final-page-18.png","303670","0.2896",".png","2026-08-25 02:30:44","False"
"04_submission\package_genome_medicine_gateC8BR_release_portability_preflight_2026-08-25\internal_qc\wps_render_main\final-page-19.png","290167","0.2767",".png","2026-08-25 02:30:45","False"
"04_submission\package_genome_medicine_gateC8BR_release_portability_preflight_2026-08-25\internal_qc\wps_render_main\final-page-20.png","285758","0.2725",".png","2026-08-25 02:30:46","False"
"04_submission\package_genome_medicine_gateC8BR_release_portability_preflight_2026-08-25\internal_qc\wps_render_main\final-page-21.png","270559","0.258",".png","2026-08-25 02:30:46","False"
"04_submission\package_genome_medicine_gateC8BR_release_portability_preflight_2026-08-25\internal_qc\wps_render_main\final-page-22.png","319141","0.3044",".png","2026-08-25 02:30:47","False"
"04_submission\package_genome_medicine_gateC8BR_release_portability_preflight_2026-08-25\internal_qc\wps_render_main\final-page-23.png","308129","0.2939",".png","2026-08-25 02:30:48","False"
"04_submission\package_genome_medicine_gateC8BR_release_portability_preflight_2026-08-25\internal_qc\wps_render_main\final-page-24.png","272812","0.2602",".png","2026-08-25 02:30:48","False"
"04_submission\package_genome_medicine_gateC8BR_release_portability_preflight_2026-08-25\internal_qc\wps_render_main\final-page-25.png","287124","0.2738",".png","2026-08-25 02:30:48","False"
"04_submission\package_genome_medicine_gateC8BR_release_portability_preflight_2026-08-25\internal_qc\wps_render_main\final-page-26.png","294610","0.281",".png","2026-08-25 02:30:49","False"
"04_submission\package_genome_medicine_gateC8BR_release_portability_preflight_2026-08-25\internal_qc\wps_render_main\final-page-27.png","294959","0.2813",".png","2026-08-25 02:30:49","False"
"04_submission\package_genome_medicine_gateC8BR_release_portability_preflight_2026-08-25\internal_qc\wps_render_main\final-page-28.png","197575","0.1884",".png","2026-08-25 02:30:49","False"
"04_submission\package_genome_medicine_gateC8BR_release_portability_preflight_2026-08-25\internal_qc\wps_render_main\Genome_Medicine_Manuscript_GateC8BR_AUTHOR_COMPLETION_REQUIRED_WPS.pdf","251033","0.2394",".pdf","2026-08-25 02:30:18","False"
"04_submission\package_genome_medicine_gateC8BR_release_portability_preflight_2026-08-25\internal_qc\wps_render_supplement\Additional_file_1_Supplementary_Information_GateC8BR_WPS.pdf","3286526","3.1343",".pdf","2026-08-25 02:30:32","False"
"04_submission\package_genome_medicine_gateC8BR_release_portability_preflight_2026-08-25\internal_qc\wps_render_supplement\final-page-01.png","375612","0.3582",".png","2026-08-25 02:30:50","False"
"04_submission\package_genome_medicine_gateC8BR_release_portability_preflight_2026-08-25\internal_qc\wps_render_supplement\final-page-02.png","300175","0.2863",".png","2026-08-25 02:30:50","False"
"04_submission\package_genome_medicine_gateC8BR_release_portability_preflight_2026-08-25\internal_qc\wps_render_supplement\final-page-03.png","259815","0.2478",".png","2026-08-25 02:30:51","False"
"04_submission\package_genome_medicine_gateC8BR_release_portability_preflight_2026-08-25\internal_qc\wps_render_supplement\final-page-04.png","262057","0.2499",".png","2026-08-25 02:30:51","False"
"04_submission\package_genome_medicine_gateC8BR_release_portability_preflight_2026-08-25\internal_qc\wps_render_supplement\final-page-05.png","98774","0.0942",".png","2026-08-25 02:30:52","False"
"04_submission\package_genome_medicine_gateC8BR_release_portability_preflight_2026-08-25\internal_qc\wps_render_supplement\final-page-06.png","222154","0.2119",".png","2026-08-25 02:30:52","False"
"04_submission\package_genome_medicine_gateC8BR_release_portability_preflight_2026-08-25\internal_qc\wps_render_supplement\final-page-07.png","213143","0.2033",".png","2026-08-25 02:30:53","False"
"04_submission\package_genome_medicine_gateC8BR_release_portability_preflight_2026-08-25\internal_qc\wps_render_supplement\final-page-08.png","185448","0.1769",".png","2026-08-25 02:30:54","False"
"04_submission\package_genome_medicine_gateC8BR_release_portability_preflight_2026-08-25\internal_qc\wps_render_supplement\final-page-09.png","171215","0.1633",".png","2026-08-25 02:30:54","False"
"04_submission\package_genome_medicine_gateC8BR_release_portability_preflight_2026-08-25\internal_qc\wps_render_supplement\final-page-10.png","211041","0.2013",".png","2026-08-25 02:30:54","False"
"04_submission\package_genome_medicine_gateC8BR_release_portability_preflight_2026-08-25\internal_qc\wps_render_supplement\final-page-11.png","166804","0.1591",".png","2026-08-25 02:30:54","False"
"04_submission\package_genome_medicine_gateC8BR_release_portability_preflight_2026-08-25\internal_qc\wps_render_supplement\final-page-12.png","294243","0.2806",".png","2026-08-25 02:30:55","False"
"04_submission\package_genome_medicine_gateC8BR_release_portability_preflight_2026-08-25\main_text\Genome_Medicine_Manuscript_GateC8BR_AUTHOR_COMPLETION_REQUIRED.docx","59720","0.057",".docx","2026-08-25 02:30:11","False"
"04_submission\package_genome_medicine_gateC8BR_release_portability_preflight_2026-08-25\MANIFEST_SHA256.csv","14579","0.0139",".csv","2026-08-25 02:30:58","False"
"04_submission\package_genome_medicine_gateC8BR_release_portability_preflight_2026-08-25\README_GATE_C8BR_PACKAGE.md","2185","0.0021",".md","2026-08-25 02:30:58","False"
"04_submission\package_genome_medicine_gateC8BR_release_portability_preflight_2026-08-25\references\crossref_raw_gateC8BR.json","888631","0.8475",".json","2026-08-25 02:17:46","False"
"04_submission\package_genome_medicine_gateC8BR_release_portability_preflight_2026-08-25\references\reference_verification_gateC8BR.csv","5699","0.0054",".csv","2026-08-25 02:17:46","False"
"04_submission\package_genome_medicine_gateC8BR_release_portability_preflight_2026-08-25\references\reference_verification_gateC8BR.md","2293","0.0022",".md","2026-08-25 02:17:46","False"
"04_submission\package_genome_medicine_gateC8BR_release_portability_preflight_2026-08-25\references\references_gateC8BR_vancouver.md","6725","0.0064",".md","2026-08-25 02:17:46","False"
"04_submission\package_genome_medicine_gateC8BR_release_portability_preflight_2026-08-25\reproducibility\00_create_gateC8BR_release_env.ps1","2061","0.002",".ps1","2026-08-25 02:15:38","False"
"04_submission\package_genome_medicine_gateC8BR_release_portability_preflight_2026-08-25\reproducibility\docx_a11y_audit.py","5024","0.0048",".py","2026-08-25 02:01:40","False"
"04_submission\package_genome_medicine_gateC8BR_release_portability_preflight_2026-08-25\reproducibility\environment_gateC8BR_release_2026-08-25.yml","496","0.0005",".yml","2026-08-25 02:01:40","False"
"04_submission\package_genome_medicine_gateC8BR_release_portability_preflight_2026-08-25\reproducibility\phase17_c8br_00_release_smoke_test.py","3104","0.003",".py","2026-08-25 02:01:40","False"
"04_submission\package_genome_medicine_gateC8BR_release_portability_preflight_2026-08-25\reproducibility\run_6013RP_phase17_gateC8BR_release_portability_preflight.ps1","9607","0.0092",".ps1","2026-08-25 02:15:38","False"
"04_submission\package_genome_medicine_gateC8BR_release_portability_preflight_2026-08-25\review_copies\Additional_file_1_Supplementary_Information_GateC8BR_WPS.pdf","3286526","3.1343",".pdf","2026-08-25 02:30:32","False"
"04_submission\package_genome_medicine_gateC8BR_release_portability_preflight_2026-08-25\review_copies\Genome_Medicine_Cover_Letter_GateC8BR_AUTHOR_COMPLETION_REQUIRED_WPS.pdf","84468","0.0806",".pdf","2026-08-25 02:30:36","False"
"04_submission\package_genome_medicine_gateC8BR_release_portability_preflight_2026-08-25\review_copies\Genome_Medicine_Manuscript_GateC8BR_AUTHOR_COMPLETION_REQUIRED_WPS.pdf","251033","0.2394",".pdf","2026-08-25 02:30:18","False"
"04_submission\package_genome_medicine_gateC8BR_release_portability_preflight_2026-08-25\submission_docs\author_completion_matrix_gateC8BR_2026-08-25.md","3468","0.0033",".md","2026-08-25 02:30:11","False"
"04_submission\package_genome_medicine_gateC8BR_release_portability_preflight_2026-08-25\submission_docs\cover_letter_genome_medicine_gateC8BR_AUTHOR_COMPLETION_REQUIRED_2026-08-25.md","3408","0.0033",".md","2026-08-25 02:30:11","False"
"04_submission\package_genome_medicine_gateC8BR_release_portability_preflight_2026-08-25\submission_docs\Genome_Medicine_Cover_Letter_GateC8BR_AUTHOR_CONFIRMATION_REQUIRED.docx","40181","0.0383",".docx","2026-08-25 02:30:12","False"
"04_submission\package_genome_medicine_gateC8BR_release_portability_preflight_2026-08-25\submission_docs\journal_target_decision_gateC8BR_2026-08-25.md","3877","0.0037",".md","2026-08-25 02:30:11","False"
"04_submission\package_genome_medicine_gateC8BR_release_portability_preflight_2026-08-25\submission_docs\reporting_checklist_gateC8BR_2026-08-25.md","2833","0.0027",".md","2026-08-25 02:30:11","False"
"04_submission\package_genome_medicine_gateC8BRF_author_release_2026-08-25 (2).zip","46071583","43.9373",".zip","2026-08-25 05:20:32","False"
"04_submission\package_genome_medicine_gateC8BRF_author_release_2026-08-25.zip","46055879","43.9223",".zip","2026-08-25 04:50:05","False"
"04_submission\package_genome_medicine_gateC8BRF_author_release_2026-08-25\additional_files\Figure_Source_Data.zip","178545","0.1703",".zip","2026-08-25 04:49:10","False"
"04_submission\package_genome_medicine_gateC8BRF_author_release_2026-08-25\additional_files\Full_Statistical_Results.zip","8314122","7.929",".zip","2026-08-21 00:59:56","False"
"04_submission\package_genome_medicine_gateC8BRF_author_release_2026-08-25\additional_files\Regulator_Sensitivity.zip","2336","0.0022",".zip","2026-08-25 04:49:10","False"
"04_submission\package_genome_medicine_gateC8BRF_author_release_2026-08-25\additional_files\regulator_sensitivity\03_CORRELATION_AWARE_STAT1_STAT2_SENSITIVITY.csv","2083","0.002",".csv","2026-08-20 18:21:53","False"
"04_submission\package_genome_medicine_gateC8BRF_author_release_2026-08-25\additional_files\regulator_sensitivity\04_CORRELATION_AWARE_STAT1_STAT2_DECISION.json","1389","0.0013",".json","2026-08-20 18:21:53","False"
"04_submission\package_genome_medicine_gateC8BRF_author_release_2026-08-25\additional_files\regulator_sensitivity\SHA256SUMS.csv","254","0.0002",".csv","2026-08-25 04:49:10","False"
"04_submission\package_genome_medicine_gateC8BRF_author_release_2026-08-25\additional_files\source_data\Figure1_source_data.csv","3481","0.0033",".csv","2026-08-25 04:48:53","False"
"04_submission\package_genome_medicine_gateC8BRF_author_release_2026-08-25\additional_files\source_data\Figure2_source_data.csv","33705","0.0321",".csv","2026-08-25 04:48:55","False"
"04_submission\package_genome_medicine_gateC8BRF_author_release_2026-08-25\additional_files\source_data\Figure3_source_data.csv","8333","0.0079",".csv","2026-08-25 04:48:58","False"
"04_submission\package_genome_medicine_gateC8BRF_author_release_2026-08-25\additional_files\source_data\Figure4_source_data.csv","500362","0.4772",".csv","2026-08-25 04:49:01","False"
"04_submission\package_genome_medicine_gateC8BRF_author_release_2026-08-25\additional_files\source_data\Figure5_source_data.csv","4162","0.004",".csv","2026-08-25 04:49:04","False"
"04_submission\package_genome_medicine_gateC8BRF_author_release_2026-08-25\additional_files\source_data\SHA256SUMS.csv","1263","0.0012",".csv","2026-08-25 04:49:10","False"
"04_submission\package_genome_medicine_gateC8BRF_author_release_2026-08-25\additional_files\source_data\Supplementary_Figure_S1_source_data.csv","15014","0.0143",".csv","2026-08-21 00:59:15","False"
"04_submission\package_genome_medicine_gateC8BRF_author_release_2026-08-25\additional_files\source_data\Supplementary_Figure_S2_source_data.csv","26506","0.0253",".csv","2026-08-21 00:59:21","False"
"04_submission\package_genome_medicine_gateC8BRF_author_release_2026-08-25\additional_files\source_data\Supplementary_Figure_S3_source_data.csv","4375","0.0042",".csv","2026-08-21 00:59:26","False"
"04_submission\package_genome_medicine_gateC8BRF_author_release_2026-08-25\additional_files\source_data\Supplementary_Figure_S4_source_data.csv","5599","0.0053",".csv","2026-08-21 00:59:32","False"
"04_submission\package_genome_medicine_gateC8BRF_author_release_2026-08-25\additional_files\source_data\Supplementary_Figure_S5_source_data.csv","4113","0.0039",".csv","2026-08-21 00:59:37","False"
"04_submission\package_genome_medicine_gateC8BRF_author_release_2026-08-25\additional_files\source_data\Supplementary_Figure_S6_source_data.csv","6249","0.006",".csv","2026-08-21 00:59:43","False"
"04_submission\package_genome_medicine_gateC8BRF_author_release_2026-08-25\additional_files\source_data\Supplementary_Figure_S7_source_data.csv","2110","0.002",".csv","2026-08-21 00:59:47","False"
"04_submission\package_genome_medicine_gateC8BRF_author_release_2026-08-25\additional_files\Supplementary_Information.docx","2775576","2.647",".docx","2026-08-25 04:49:10","False"
"04_submission\package_genome_medicine_gateC8BRF_author_release_2026-08-25\figures_supplementary\Supplementary_Figure_S1_source_integrity_qc.pdf","51533","0.0491",".pdf","2026-08-21 00:59:18","False"
"04_submission\package_genome_medicine_gateC8BRF_author_release_2026-08-25\figures_supplementary\Supplementary_Figure_S1_source_integrity_qc.png","551569","0.526",".png","2026-08-21 00:59:21","False"
"04_submission\package_genome_medicine_gateC8BRF_author_release_2026-08-25\figures_supplementary\Supplementary_Figure_S2_representation_diagnostics.pdf","50861","0.0485",".pdf","2026-08-21 00:59:24","False"
"04_submission\package_genome_medicine_gateC8BRF_author_release_2026-08-25\figures_supplementary\Supplementary_Figure_S2_representation_diagnostics.png","503738","0.4804",".png","2026-08-21 00:59:26","False"
"04_submission\package_genome_medicine_gateC8BRF_author_release_2026-08-25\figures_supplementary\Supplementary_Figure_S3_identity_adjudication.pdf","51281","0.0489",".pdf","2026-08-21 00:59:30","False"
"04_submission\package_genome_medicine_gateC8BRF_author_release_2026-08-25\figures_supplementary\Supplementary_Figure_S3_identity_adjudication.png","384518","0.3667",".png","2026-08-21 00:59:32","False"
"04_submission\package_genome_medicine_gateC8BRF_author_release_2026-08-25\figures_supplementary\Supplementary_Figure_S4_composition_diagnostics.pdf","47952","0.0457",".pdf","2026-08-21 00:59:35","False"
"04_submission\package_genome_medicine_gateC8BRF_author_release_2026-08-25\figures_supplementary\Supplementary_Figure_S4_composition_diagnostics.png","335514","0.32",".png","2026-08-21 00:59:37","False"
"04_submission\package_genome_medicine_gateC8BRF_author_release_2026-08-25\figures_supplementary\Supplementary_Figure_S5_pseudobulk_diagnostics.pdf","51706","0.0493",".pdf","2026-08-21 00:59:40","False"
"04_submission\package_genome_medicine_gateC8BRF_author_release_2026-08-25\figures_supplementary\Supplementary_Figure_S5_pseudobulk_diagnostics.png","492551","0.4697",".png","2026-08-21 00:59:43","False"
"04_submission\package_genome_medicine_gateC8BRF_author_release_2026-08-25\figures_supplementary\Supplementary_Figure_S6_external_validation_diagnostics.pdf","48118","0.0459",".pdf","2026-08-21 00:59:46","False"
"04_submission\package_genome_medicine_gateC8BRF_author_release_2026-08-25\figures_supplementary\Supplementary_Figure_S6_external_validation_diagnostics.png","391944","0.3738",".png","2026-08-21 00:59:47","False"
"04_submission\package_genome_medicine_gateC8BRF_author_release_2026-08-25\figures_supplementary\Supplementary_Figure_S7_regulator_correlation_sensitivity.pdf","48444","0.0462",".pdf","2026-08-21 00:59:51","False"
"04_submission\package_genome_medicine_gateC8BRF_author_release_2026-08-25\figures_supplementary\Supplementary_Figure_S7_regulator_correlation_sensitivity.png","589432","0.5621",".png","2026-08-21 00:59:54","False"
"04_submission\package_genome_medicine_gateC8BRF_author_release_2026-08-25\figures\Figure1_disease_blind_identity_scope.pdf","52726","0.0503",".pdf","2026-08-25 04:48:54","False"
"04_submission\package_genome_medicine_gateC8BRF_author_release_2026-08-25\figures\Figure1_disease_blind_identity_scope.png","594162","0.5666",".png","2026-08-25 04:48:55","False"
"04_submission\package_genome_medicine_gateC8BRF_author_release_2026-08-25\figures\Figure2_sample_level_composition.pdf","49303","0.047",".pdf","2026-08-25 04:48:57","False"
"04_submission\package_genome_medicine_gateC8BRF_author_release_2026-08-25\figures\Figure2_sample_level_composition.png","471529","0.4497",".png","2026-08-25 04:48:58","False"
"04_submission\package_genome_medicine_gateC8BRF_author_release_2026-08-25\figures\Figure3_gse174188_bconv_transcription.pdf","54202","0.0517",".pdf","2026-08-25 04:48:59","False"
"04_submission\package_genome_medicine_gateC8BRF_author_release_2026-08-25\figures\Figure3_gse174188_bconv_transcription.png","457009","0.4358",".png","2026-08-25 04:49:00","False"
"04_submission\package_genome_medicine_gateC8BRF_author_release_2026-08-25\figures\Figure4_independent_ifn_replication.pdf","54815","0.0523",".pdf","2026-08-25 04:49:03","False"
"04_submission\package_genome_medicine_gateC8BRF_author_release_2026-08-25\figures\Figure4_independent_ifn_replication.png","604889","0.5769",".png","2026-08-25 04:49:04","False"
"04_submission\package_genome_medicine_gateC8BRF_author_release_2026-08-25\figures\Figure5_regulatory_evidence.pdf","53687","0.0512",".pdf","2026-08-25 04:49:05","False"
"04_submission\package_genome_medicine_gateC8BRF_author_release_2026-08-25\figures\Figure5_regulatory_evidence.png","612626","0.5842",".png","2026-08-25 04:49:06","False"
"04_submission\package_genome_medicine_gateC8BRF_author_release_2026-08-25\internal_qc\cover_letter_a11y.json","240","0.0002",".json","2026-08-25 04:49:57","False"
"04_submission\package_genome_medicine_gateC8BRF_author_release_2026-08-25\internal_qc\main_text_a11y.json","248","0.0002",".json","2026-08-25 04:49:57","False"
"04_submission\package_genome_medicine_gateC8BRF_author_release_2026-08-25\internal_qc\supplement_a11y.json","254","0.0002",".json","2026-08-25 04:49:57","False"
"04_submission\package_genome_medicine_gateC8BRF_author_release_2026-08-25\internal_qc\wps_render_cover_letter\contact_sheet_cover_01-01.png","156691","0.1494",".png","2026-08-25 04:49:57","False"
"04_submission\package_genome_medicine_gateC8BRF_author_release_2026-08-25\internal_qc\wps_render_cover_letter\Cover_Letter_WPS.pdf","73004","0.0696",".pdf","2026-08-25 04:49:34","False"
"04_submission\package_genome_medicine_gateC8BRF_author_release_2026-08-25\internal_qc\wps_render_cover_letter\final-page-1.png","433092","0.413",".png","2026-08-25 04:49:56","False"
"04_submission\package_genome_medicine_gateC8BRF_author_release_2026-08-25\internal_qc\wps_render_main\contact_sheet_main_01-09.png","978936","0.9336",".png","2026-08-25 04:49:48","False"
"04_submission\package_genome_medicine_gateC8BRF_author_release_2026-08-25\internal_qc\wps_render_main\contact_sheet_main_10-18.png","1012497","0.9656",".png","2026-08-25 04:49:49","False"
"04_submission\package_genome_medicine_gateC8BRF_author_release_2026-08-25\internal_qc\wps_render_main\contact_sheet_main_19-27.png","929244","0.8862",".png","2026-08-25 04:49:49","False"
"04_submission\package_genome_medicine_gateC8BRF_author_release_2026-08-25\internal_qc\wps_render_main\contact_sheet_main_28-29.png","134649","0.1284",".png","2026-08-25 04:49:49","False"
"04_submission\package_genome_medicine_gateC8BRF_author_release_2026-08-25\internal_qc\wps_render_main\final-page-01.png","275657","0.2629",".png","2026-08-25 04:49:36","False"
"04_submission\package_genome_medicine_gateC8BRF_author_release_2026-08-25\internal_qc\wps_render_main\final-page-02.png","308135","0.2939",".png","2026-08-25 04:49:37","False"
"04_submission\package_genome_medicine_gateC8BRF_author_release_2026-08-25\internal_qc\wps_render_main\final-page-03.png","305692","0.2915",".png","2026-08-25 04:49:37","False"
"04_submission\package_genome_medicine_gateC8BRF_author_release_2026-08-25\internal_qc\wps_render_main\final-page-04.png","286671","0.2734",".png","2026-08-25 04:49:38","False"
"04_submission\package_genome_medicine_gateC8BRF_author_release_2026-08-25\internal_qc\wps_render_main\final-page-05.png","291541","0.278",".png","2026-08-25 04:49:38","False"
"04_submission\package_genome_medicine_gateC8BRF_author_release_2026-08-25\internal_qc\wps_render_main\final-page-06.png","283858","0.2707",".png","2026-08-25 04:49:38","False"
"04_submission\package_genome_medicine_gateC8BRF_author_release_2026-08-25\internal_qc\wps_render_main\final-page-07.png","284830","0.2716",".png","2026-08-25 04:49:39","False"
"04_submission\package_genome_medicine_gateC8BRF_author_release_2026-08-25\internal_qc\wps_render_main\final-page-08.png","315872","0.3012",".png","2026-08-25 04:49:39","False"
"04_submission\package_genome_medicine_gateC8BRF_author_release_2026-08-25\internal_qc\wps_render_main\final-page-09.png","290286","0.2768",".png","2026-08-25 04:49:39","False"
"04_submission\package_genome_medicine_gateC8BRF_author_release_2026-08-25\internal_qc\wps_render_main\final-page-10.png","278727","0.2658",".png","2026-08-25 04:49:39","False"
"04_submission\package_genome_medicine_gateC8BRF_author_release_2026-08-25\internal_qc\wps_render_main\final-page-11.png","305292","0.2911",".png","2026-08-25 04:49:40","False"
"04_submission\package_genome_medicine_gateC8BRF_author_release_2026-08-25\internal_qc\wps_render_main\final-page-12.png","327998","0.3128",".png","2026-08-25 04:49:40","False"
"04_submission\package_genome_medicine_gateC8BRF_author_release_2026-08-25\internal_qc\wps_render_main\final-page-13.png","323528","0.3085",".png","2026-08-25 04:49:41","False"
"04_submission\package_genome_medicine_gateC8BRF_author_release_2026-08-25\internal_qc\wps_render_main\final-page-14.png","323465","0.3085",".png","2026-08-25 04:49:41","False"
"04_submission\package_genome_medicine_gateC8BRF_author_release_2026-08-25\internal_qc\wps_render_main\final-page-15.png","323033","0.3081",".png","2026-08-25 04:49:41","False"
"04_submission\package_genome_medicine_gateC8BRF_author_release_2026-08-25\internal_qc\wps_render_main\final-page-16.png","301438","0.2875",".png","2026-08-25 04:49:42","False"
"04_submission\package_genome_medicine_gateC8BRF_author_release_2026-08-25\internal_qc\wps_render_main\final-page-17.png","307739","0.2935",".png","2026-08-25 04:49:43","False"
"04_submission\package_genome_medicine_gateC8BRF_author_release_2026-08-25\internal_qc\wps_render_main\final-page-18.png","303670","0.2896",".png","2026-08-25 04:49:43","False"
"04_submission\package_genome_medicine_gateC8BRF_author_release_2026-08-25\internal_qc\wps_render_main\final-page-19.png","290167","0.2767",".png","2026-08-25 04:49:44","False"
"04_submission\package_genome_medicine_gateC8BRF_author_release_2026-08-25\internal_qc\wps_render_main\final-page-20.png","289093","0.2757",".png","2026-08-25 04:49:44","False"
"04_submission\package_genome_medicine_gateC8BRF_author_release_2026-08-25\internal_qc\wps_render_main\final-page-21.png","245886","0.2345",".png","2026-08-25 04:49:44","False"
"04_submission\package_genome_medicine_gateC8BRF_author_release_2026-08-25\internal_qc\wps_render_main\final-page-22.png","314441","0.2999",".png","2026-08-25 04:49:44","False"
"04_submission\package_genome_medicine_gateC8BRF_author_release_2026-08-25\internal_qc\wps_render_main\final-page-23.png","285520","0.2723",".png","2026-08-25 04:49:45","False"
"04_submission\package_genome_medicine_gateC8BRF_author_release_2026-08-25\internal_qc\wps_render_main\final-page-24.png","288076","0.2747",".png","2026-08-25 04:49:45","False"
"04_submission\package_genome_medicine_gateC8BRF_author_release_2026-08-25\internal_qc\wps_render_main\final-page-25.png","289068","0.2757",".png","2026-08-25 04:49:45","False"
"04_submission\package_genome_medicine_gateC8BRF_author_release_2026-08-25\internal_qc\wps_render_main\final-page-26.png","280108","0.2671",".png","2026-08-25 04:49:45","False"
"04_submission\package_genome_medicine_gateC8BRF_author_release_2026-08-25\internal_qc\wps_render_main\final-page-27.png","286410","0.2731",".png","2026-08-25 04:49:46","False"
"04_submission\package_genome_medicine_gateC8BRF_author_release_2026-08-25\internal_qc\wps_render_main\final-page-28.png","293808","0.2802",".png","2026-08-25 04:49:46","False"
"04_submission\package_genome_medicine_gateC8BRF_author_release_2026-08-25\internal_qc\wps_render_main\final-page-29.png","76164","0.0726",".png","2026-08-25 04:49:47","False"
"04_submission\package_genome_medicine_gateC8BRF_author_release_2026-08-25\internal_qc\wps_render_main\Genome_Medicine_Manuscript_WPS.pdf","252452","0.2408",".pdf","2026-08-25 04:49:17","False"
"04_submission\package_genome_medicine_gateC8BRF_author_release_2026-08-25\internal_qc\wps_render_supplement\contact_sheet_supplement_01-09.png","763729","0.7283",".png","2026-08-25 04:49:55","False"
"04_submission\package_genome_medicine_gateC8BRF_author_release_2026-08-25\internal_qc\wps_render_supplement\contact_sheet_supplement_10-13.png","209475","0.1998",".png","2026-08-25 04:49:55","False"
"04_submission\package_genome_medicine_gateC8BRF_author_release_2026-08-25\internal_qc\wps_render_supplement\final-page-01.png","404385","0.3857",".png","2026-08-25 04:49:50","False"
"04_submission\package_genome_medicine_gateC8BRF_author_release_2026-08-25\internal_qc\wps_render_supplement\final-page-02.png","408591","0.3897",".png","2026-08-25 04:49:50","False"
"04_submission\package_genome_medicine_gateC8BRF_author_release_2026-08-25\internal_qc\wps_render_supplement\final-page-03.png","265741","0.2534",".png","2026-08-25 04:49:51","False"
"04_submission\package_genome_medicine_gateC8BRF_author_release_2026-08-25\internal_qc\wps_render_supplement\final-page-04.png","249251","0.2377",".png","2026-08-25 04:49:51","False"
"04_submission\package_genome_medicine_gateC8BRF_author_release_2026-08-25\internal_qc\wps_render_supplement\final-page-05.png","142154","0.1356",".png","2026-08-25 04:49:51","False"
"04_submission\package_genome_medicine_gateC8BRF_author_release_2026-08-25\internal_qc\wps_render_supplement\final-page-06.png","98810","0.0942",".png","2026-08-25 04:49:51","False"
"04_submission\package_genome_medicine_gateC8BRF_author_release_2026-08-25\internal_qc\wps_render_supplement\final-page-07.png","222010","0.2117",".png","2026-08-25 04:49:52","False"
"04_submission\package_genome_medicine_gateC8BRF_author_release_2026-08-25\internal_qc\wps_render_supplement\final-page-08.png","213350","0.2035",".png","2026-08-25 04:49:52","False"
"04_submission\package_genome_medicine_gateC8BRF_author_release_2026-08-25\internal_qc\wps_render_supplement\final-page-09.png","185394","0.1768",".png","2026-08-25 04:49:53","False"
"04_submission\package_genome_medicine_gateC8BRF_author_release_2026-08-25\internal_qc\wps_render_supplement\final-page-10.png","171349","0.1634",".png","2026-08-25 04:49:53","False"
"04_submission\package_genome_medicine_gateC8BRF_author_release_2026-08-25\internal_qc\wps_render_supplement\final-page-11.png","210824","0.2011",".png","2026-08-25 04:49:54","False"
"04_submission\package_genome_medicine_gateC8BRF_author_release_2026-08-25\internal_qc\wps_render_supplement\final-page-12.png","166975","0.1592",".png","2026-08-25 04:49:54","False"
"04_submission\package_genome_medicine_gateC8BRF_author_release_2026-08-25\internal_qc\wps_render_supplement\final-page-13.png","212118","0.2023",".png","2026-08-25 04:49:55","False"
"04_submission\package_genome_medicine_gateC8BRF_author_release_2026-08-25\internal_qc\wps_render_supplement\Supplementary_Information_WPS.pdf","3287905","3.1356",".pdf","2026-08-25 04:49:29","False"
"04_submission\package_genome_medicine_gateC8BRF_author_release_2026-08-25\main_text\Genome_Medicine_Manuscript.docx","60005","0.0572",".docx","2026-08-25 04:49:10","False"
"04_submission\package_genome_medicine_gateC8BRF_author_release_2026-08-25\MANIFEST_SHA256.csv","18901","0.018",".csv","2026-08-25 04:50:00","False"
"04_submission\package_genome_medicine_gateC8BRF_author_release_2026-08-25\portal_upload_optional\Supplementary_Figure_S1.pdf","51533","0.0491",".pdf","2026-08-21 00:59:18","False"
"04_submission\package_genome_medicine_gateC8BRF_author_release_2026-08-25\portal_upload_optional\Supplementary_Figure_S2.pdf","50861","0.0485",".pdf","2026-08-21 00:59:24","False"
"04_submission\package_genome_medicine_gateC8BRF_author_release_2026-08-25\portal_upload_optional\Supplementary_Figure_S3.pdf","51281","0.0489",".pdf","2026-08-21 00:59:30","False"
"04_submission\package_genome_medicine_gateC8BRF_author_release_2026-08-25\portal_upload_optional\Supplementary_Figure_S4.pdf","47952","0.0457",".pdf","2026-08-21 00:59:35","False"
"04_submission\package_genome_medicine_gateC8BRF_author_release_2026-08-25\portal_upload_optional\Supplementary_Figure_S5.pdf","51706","0.0493",".pdf","2026-08-21 00:59:40","False"
"04_submission\package_genome_medicine_gateC8BRF_author_release_2026-08-25\portal_upload_optional\Supplementary_Figure_S6.pdf","48118","0.0459",".pdf","2026-08-21 00:59:46","False"
"04_submission\package_genome_medicine_gateC8BRF_author_release_2026-08-25\portal_upload_optional\Supplementary_Figure_S7.pdf","48444","0.0462",".pdf","2026-08-21 00:59:51","False"
"04_submission\package_genome_medicine_gateC8BRF_author_release_2026-08-25\portal_upload_optional\UPLOAD_ONLY_IF_PORTAL_REQUIRES_STANDALONE_SUPPLEMENTARY_FIGURES.txt","178","0.0002",".txt","2026-08-25 04:49:10","False"
"04_submission\package_genome_medicine_gateC8BRF_author_release_2026-08-25\portal_upload_required\Cover_Letter.docx","40291","0.0384",".docx","2026-08-25 04:49:10","False"
"04_submission\package_genome_medicine_gateC8BRF_author_release_2026-08-25\portal_upload_required\Figure_1.pdf","52726","0.0503",".pdf","2026-08-25 04:48:54","False"
"04_submission\package_genome_medicine_gateC8BRF_author_release_2026-08-25\portal_upload_required\Figure_2.pdf","49303","0.047",".pdf","2026-08-25 04:48:57","False"
"04_submission\package_genome_medicine_gateC8BRF_author_release_2026-08-25\portal_upload_required\Figure_3.pdf","54202","0.0517",".pdf","2026-08-25 04:48:59","False"
"04_submission\package_genome_medicine_gateC8BRF_author_release_2026-08-25\portal_upload_required\Figure_4.pdf","54815","0.0523",".pdf","2026-08-25 04:49:03","False"
"04_submission\package_genome_medicine_gateC8BRF_author_release_2026-08-25\portal_upload_required\Figure_5.pdf","53687","0.0512",".pdf","2026-08-25 04:49:05","False"
"04_submission\package_genome_medicine_gateC8BRF_author_release_2026-08-25\portal_upload_required\Figure_Source_Data.zip","178545","0.1703",".zip","2026-08-25 04:49:10","False"
"04_submission\package_genome_medicine_gateC8BRF_author_release_2026-08-25\portal_upload_required\Full_Statistical_Results.zip","8314122","7.929",".zip","2026-08-21 00:59:56","False"
"04_submission\package_genome_medicine_gateC8BRF_author_release_2026-08-25\portal_upload_required\Genome_Medicine_Manuscript.docx","60005","0.0572",".docx","2026-08-25 04:49:10","False"
"04_submission\package_genome_medicine_gateC8BRF_author_release_2026-08-25\portal_upload_required\Regulator_Sensitivity.zip","2336","0.0022",".zip","2026-08-25 04:49:10","False"
"04_submission\package_genome_medicine_gateC8BRF_author_release_2026-08-25\portal_upload_required\Supplementary_Information.docx","2775576","2.647",".docx","2026-08-25 04:49:10","False"
"04_submission\package_genome_medicine_gateC8BRF_author_release_2026-08-25\portal_upload_required\UPLOAD_POLICY.txt","171","0.0002",".txt","2026-08-25 04:49:10","False"
"04_submission\package_genome_medicine_gateC8BRF_author_release_2026-08-25\README.md","1166","0.0011",".md","2026-08-25 04:49:59","False"
"04_submission\package_genome_medicine_gateC8BRF_author_release_2026-08-25\references\crossref_raw_gateC8BR.json","888631","0.8475",".json","2026-08-25 02:17:46","False"
"04_submission\package_genome_medicine_gateC8BRF_author_release_2026-08-25\references\reference_verification_gateC8BR.csv","5699","0.0054",".csv","2026-08-25 02:17:46","False"
"04_submission\package_genome_medicine_gateC8BRF_author_release_2026-08-25\references\reference_verification_gateC8BR.md","2293","0.0022",".md","2026-08-25 02:17:46","False"
"04_submission\package_genome_medicine_gateC8BRF_author_release_2026-08-25\references\references_gateC8BR_vancouver.md","6725","0.0064",".md","2026-08-25 02:17:46","False"
"04_submission\package_genome_medicine_gateC8BRF_author_release_2026-08-25\reproducibility\00_create_gateC8BR_release_env.ps1","2704","0.0026",".ps1","2026-08-25 03:13:44","False"
"04_submission\package_genome_medicine_gateC8BRF_author_release_2026-08-25\reproducibility\CITATION.cff","1021","0.001",".cff","2026-08-25 04:49:09","False"
"04_submission\package_genome_medicine_gateC8BRF_author_release_2026-08-25\reproducibility\docx_a11y_audit.py","5024","0.0048",".py","2026-08-25 02:01:40","False"
"04_submission\package_genome_medicine_gateC8BRF_author_release_2026-08-25\reproducibility\environment_gateC8BR_release_2026-08-25.yml","496","0.0005",".yml","2026-08-25 02:01:40","False"
"04_submission\package_genome_medicine_gateC8BRF_author_release_2026-08-25\reproducibility\environment_gateC8BR_release_explicit_win64_2026-08-25.txt","1607","0.0015",".txt","2026-08-25 03:14:04","False"
"04_submission\package_genome_medicine_gateC8BRF_author_release_2026-08-25\reproducibility\environment_phase17_v7_explicit_win64_2026-08-10.txt","16373","0.0156",".txt","2026-08-10 19:20:12","False"
"04_submission\package_genome_medicine_gateC8BRF_author_release_2026-08-25\reproducibility\environment_phase17_v7_pip_freeze_2026-08-10.txt","75","0.0001",".txt","2026-08-10 19:21:51","False"
"04_submission\package_genome_medicine_gateC8BRF_author_release_2026-08-25\reproducibility\environment_phase17_v7_resolved_2026-08-10.yml","6935","0.0066",".yml","2026-08-10 19:20:34","False"
"04_submission\package_genome_medicine_gateC8BRF_author_release_2026-08-25\reproducibility\LICENSE","1077","0.001","","2026-08-25 04:32:29","False"
"04_submission\package_genome_medicine_gateC8BRF_author_release_2026-08-25\reproducibility\LICENSE_CONTENT_CC_BY_4.0.md","475","0.0005",".md","2026-08-25 04:32:29","False"
"04_submission\package_genome_medicine_gateC8BRF_author_release_2026-08-25\reproducibility\LICENSE_SCOPE.md","1414","0.0013",".md","2026-08-25 04:32:29","False"
"04_submission\package_genome_medicine_gateC8BRF_author_release_2026-08-25\reproducibility\phase17_c8br_00_release_smoke_test.py","3104","0.003",".py","2026-08-25 02:01:40","False"
"04_submission\package_genome_medicine_gateC8BRF_author_release_2026-08-25\reproducibility\README.md","5314","0.0051",".md","2026-08-25 04:49:09","False"
"04_submission\package_genome_medicine_gateC8BRF_author_release_2026-08-25\reproducibility\REPRODUCIBILITY.md","6830","0.0065",".md","2026-08-25 04:26:10","False"
"04_submission\package_genome_medicine_gateC8BRF_author_release_2026-08-25\reproducibility\run_6013RP_phase17_gateC8BRF_author_release.ps1","8063","0.0077",".ps1","2026-08-25 04:40:00","False"
"04_submission\package_genome_medicine_gateC8BRF_author_release_2026-08-25\submission_docs\author_release_confirmation_gateC8BRF_2026-08-25.md","2090","0.002",".md","2026-08-25 04:49:09","False"
"04_submission\package_genome_medicine_gateC8BRF_author_release_2026-08-25\submission_docs\cover_letter_genome_medicine_final_2026-08-25.md","3829","0.0037",".md","2026-08-25 04:49:09","False"
"04_submission\package_genome_medicine_gateC8BRF_author_release_2026-08-25\submission_docs\Cover_Letter.docx","40291","0.0384",".docx","2026-08-25 04:49:10","False"
"04_submission\package_genome_medicine_gateC8BRF_author_release_2026-08-25\submission_docs\manuscript_v16_genome_medicine_final_2026-08-25.md","51204","0.0488",".md","2026-08-25 04:49:09","False"
"04_submission\package_genome_medicine_gateC8BRF_author_release_2026-08-25\submission_docs\PORTAL_UPLOAD_FILENAME_MAP.csv","4895","0.0047",".csv","2026-08-25 04:49:10","False"
"04_submission\package_genome_medicine_gateC8BRF_author_release_2026-08-25\submission_docs\PORTAL_UPLOAD_OPTIONAL.csv","2198","0.0021",".csv","2026-08-25 04:49:10","False"
"04_submission\package_genome_medicine_gateC8BRF_author_release_2026-08-25\submission_docs\PORTAL_UPLOAD_REQUIRED.csv","2760","0.0026",".csv","2026-08-25 04:49:10","False"
"04_submission\package_genome_medicine_gateC8BRF_author_release_2026-08-25\submission_docs\reporting_checklist_gateC8BRF_2026-08-25.md","1670","0.0016",".md","2026-08-25 04:49:09","False"
"04_submission\package_genome_medicine_gateC8BRF_author_release_2026-08-25\submission_docs\supplementary_information_v7_final_2026-08-25.md","15047","0.0143",".md","2026-08-25 04:49:09","False"
"04_submission\package_genome_medicine_gateC8BRF_author_release_2026-08-25\submission_docs\zenodo_metadata_gateC8BRF_2026-08-25.json","1326","0.0013",".json","2026-08-25 04:49:09","False"
"04_submission\package_genome_medicine_gateC8BRP_journal_facing_prefreeze_2026-08-25 (2).zip","44177961","42.1314",".zip","2026-08-25 03:47:36","False"
"04_submission\package_genome_medicine_gateC8BRP_journal_facing_prefreeze_2026-08-25.zip","44159282","42.1136",".zip","2026-08-25 03:35:20","False"
"04_submission\package_genome_medicine_gateC8BRP_journal_facing_prefreeze_2026-08-25\additional_files\Figure_Source_Data.zip","178665","0.1704",".zip","2026-08-25 03:34:14","False"
"04_submission\package_genome_medicine_gateC8BRP_journal_facing_prefreeze_2026-08-25\additional_files\Full_Statistical_Results.zip","8314122","7.929",".zip","2026-08-21 00:59:56","False"
"04_submission\package_genome_medicine_gateC8BRP_journal_facing_prefreeze_2026-08-25\additional_files\Regulator_Sensitivity.zip","2336","0.0022",".zip","2026-08-25 03:34:14","False"
"04_submission\package_genome_medicine_gateC8BRP_journal_facing_prefreeze_2026-08-25\additional_files\regulator_sensitivity\03_CORRELATION_AWARE_STAT1_STAT2_SENSITIVITY.csv","2083","0.002",".csv","2026-08-20 18:21:53","False"
"04_submission\package_genome_medicine_gateC8BRP_journal_facing_prefreeze_2026-08-25\additional_files\regulator_sensitivity\04_CORRELATION_AWARE_STAT1_STAT2_DECISION.json","1389","0.0013",".json","2026-08-20 18:21:53","False"
"04_submission\package_genome_medicine_gateC8BRP_journal_facing_prefreeze_2026-08-25\additional_files\regulator_sensitivity\SHA256SUMS.csv","254","0.0002",".csv","2026-08-25 03:34:14","False"
"04_submission\package_genome_medicine_gateC8BRP_journal_facing_prefreeze_2026-08-25\additional_files\source_data\Figure1_source_data.csv","3652","0.0035",".csv","2026-08-25 03:25:08","False"
"04_submission\package_genome_medicine_gateC8BRP_journal_facing_prefreeze_2026-08-25\additional_files\source_data\Figure2_source_data.csv","33705","0.0321",".csv","2026-08-21 00:58:44","False"
"04_submission\package_genome_medicine_gateC8BRP_journal_facing_prefreeze_2026-08-25\additional_files\source_data\Figure3_source_data.csv","8333","0.0079",".csv","2026-08-21 00:58:49","False"
"04_submission\package_genome_medicine_gateC8BRP_journal_facing_prefreeze_2026-08-25\additional_files\source_data\Figure4_source_data.csv","500362","0.4772",".csv","2026-08-25 03:25:11","False"
"04_submission\package_genome_medicine_gateC8BRP_journal_facing_prefreeze_2026-08-25\additional_files\source_data\Figure5_source_data.csv","4162","0.004",".csv","2026-08-25 03:25:16","False"
"04_submission\package_genome_medicine_gateC8BRP_journal_facing_prefreeze_2026-08-25\additional_files\source_data\SHA256SUMS.csv","1263","0.0012",".csv","2026-08-25 03:34:13","False"
"04_submission\package_genome_medicine_gateC8BRP_journal_facing_prefreeze_2026-08-25\additional_files\source_data\Supplementary_Figure_S1_source_data.csv","15014","0.0143",".csv","2026-08-21 00:59:15","False"
"04_submission\package_genome_medicine_gateC8BRP_journal_facing_prefreeze_2026-08-25\additional_files\source_data\Supplementary_Figure_S2_source_data.csv","26506","0.0253",".csv","2026-08-21 00:59:21","False"
"04_submission\package_genome_medicine_gateC8BRP_journal_facing_prefreeze_2026-08-25\additional_files\source_data\Supplementary_Figure_S3_source_data.csv","4375","0.0042",".csv","2026-08-21 00:59:26","False"
"04_submission\package_genome_medicine_gateC8BRP_journal_facing_prefreeze_2026-08-25\additional_files\source_data\Supplementary_Figure_S4_source_data.csv","5599","0.0053",".csv","2026-08-21 00:59:32","False"
"04_submission\package_genome_medicine_gateC8BRP_journal_facing_prefreeze_2026-08-25\additional_files\source_data\Supplementary_Figure_S5_source_data.csv","4113","0.0039",".csv","2026-08-21 00:59:37","False"
"04_submission\package_genome_medicine_gateC8BRP_journal_facing_prefreeze_2026-08-25\additional_files\source_data\Supplementary_Figure_S6_source_data.csv","6249","0.006",".csv","2026-08-21 00:59:43","False"
"04_submission\package_genome_medicine_gateC8BRP_journal_facing_prefreeze_2026-08-25\additional_files\source_data\Supplementary_Figure_S7_source_data.csv","2110","0.002",".csv","2026-08-21 00:59:47","False"
"04_submission\package_genome_medicine_gateC8BRP_journal_facing_prefreeze_2026-08-25\additional_files\Supplementary_Information.docx","2775576","2.647",".docx","2026-08-25 03:34:13","False"
"04_submission\package_genome_medicine_gateC8BRP_journal_facing_prefreeze_2026-08-25\figures_supplementary\Supplementary_Figure_S1_source_integrity_qc.pdf","51533","0.0491",".pdf","2026-08-21 00:59:18","False"
"04_submission\package_genome_medicine_gateC8BRP_journal_facing_prefreeze_2026-08-25\figures_supplementary\Supplementary_Figure_S1_source_integrity_qc.png","551569","0.526",".png","2026-08-21 00:59:21","False"
"04_submission\package_genome_medicine_gateC8BRP_journal_facing_prefreeze_2026-08-25\figures_supplementary\Supplementary_Figure_S2_representation_diagnostics.pdf","50861","0.0485",".pdf","2026-08-21 00:59:24","False"
"04_submission\package_genome_medicine_gateC8BRP_journal_facing_prefreeze_2026-08-25\figures_supplementary\Supplementary_Figure_S2_representation_diagnostics.png","503738","0.4804",".png","2026-08-21 00:59:26","False"
"04_submission\package_genome_medicine_gateC8BRP_journal_facing_prefreeze_2026-08-25\figures_supplementary\Supplementary_Figure_S3_identity_adjudication.pdf","51281","0.0489",".pdf","2026-08-21 00:59:30","False"
"04_submission\package_genome_medicine_gateC8BRP_journal_facing_prefreeze_2026-08-25\figures_supplementary\Supplementary_Figure_S3_identity_adjudication.png","384518","0.3667",".png","2026-08-21 00:59:32","False"
"04_submission\package_genome_medicine_gateC8BRP_journal_facing_prefreeze_2026-08-25\figures_supplementary\Supplementary_Figure_S4_composition_diagnostics.pdf","47952","0.0457",".pdf","2026-08-21 00:59:35","False"
"04_submission\package_genome_medicine_gateC8BRP_journal_facing_prefreeze_2026-08-25\figures_supplementary\Supplementary_Figure_S4_composition_diagnostics.png","335514","0.32",".png","2026-08-21 00:59:37","False"
"04_submission\package_genome_medicine_gateC8BRP_journal_facing_prefreeze_2026-08-25\figures_supplementary\Supplementary_Figure_S5_pseudobulk_diagnostics.pdf","51706","0.0493",".pdf","2026-08-21 00:59:40","False"
"04_submission\package_genome_medicine_gateC8BRP_journal_facing_prefreeze_2026-08-25\figures_supplementary\Supplementary_Figure_S5_pseudobulk_diagnostics.png","492551","0.4697",".png","2026-08-21 00:59:43","False"
"04_submission\package_genome_medicine_gateC8BRP_journal_facing_prefreeze_2026-08-25\figures_supplementary\Supplementary_Figure_S6_external_validation_diagnostics.pdf","48118","0.0459",".pdf","2026-08-21 00:59:46","False"
"04_submission\package_genome_medicine_gateC8BRP_journal_facing_prefreeze_2026-08-25\figures_supplementary\Supplementary_Figure_S6_external_validation_diagnostics.png","391944","0.3738",".png","2026-08-21 00:59:47","False"
"04_submission\package_genome_medicine_gateC8BRP_journal_facing_prefreeze_2026-08-25\figures_supplementary\Supplementary_Figure_S7_regulator_correlation_sensitivity.pdf","48444","0.0462",".pdf","2026-08-21 00:59:51","False"
"04_submission\package_genome_medicine_gateC8BRP_journal_facing_prefreeze_2026-08-25\figures_supplementary\Supplementary_Figure_S7_regulator_correlation_sensitivity.png","589432","0.5621",".png","2026-08-21 00:59:54","False"
"04_submission\package_genome_medicine_gateC8BRP_journal_facing_prefreeze_2026-08-25\figures\Figure1_disease_blind_identity_scope.pdf","52560","0.0501",".pdf","2026-08-25 03:25:10","False"
"04_submission\package_genome_medicine_gateC8BRP_journal_facing_prefreeze_2026-08-25\figures\Figure1_disease_blind_identity_scope.png","589235","0.5619",".png","2026-08-25 03:25:11","False"
"04_submission\package_genome_medicine_gateC8BRP_journal_facing_prefreeze_2026-08-25\figures\Figure2_sample_level_composition.pdf","49848","0.0475",".pdf","2026-08-21 00:58:47","False"
"04_submission\package_genome_medicine_gateC8BRP_journal_facing_prefreeze_2026-08-25\figures\Figure2_sample_level_composition.png","454608","0.4335",".png","2026-08-21 00:58:49","False"
"04_submission\package_genome_medicine_gateC8BRP_journal_facing_prefreeze_2026-08-25\figures\Figure3_gse174188_bconv_transcription.pdf","55135","0.0526",".pdf","2026-08-21 00:58:54","False"
"04_submission\package_genome_medicine_gateC8BRP_journal_facing_prefreeze_2026-08-25\figures\Figure3_gse174188_bconv_transcription.png","452040","0.4311",".png","2026-08-21 00:58:55","False"
"04_submission\package_genome_medicine_gateC8BRP_journal_facing_prefreeze_2026-08-25\figures\Figure4_independent_ifn_replication.pdf","54957","0.0524",".pdf","2026-08-25 03:25:15","False"
"04_submission\package_genome_medicine_gateC8BRP_journal_facing_prefreeze_2026-08-25\figures\Figure4_independent_ifn_replication.png","636449","0.607",".png","2026-08-25 03:25:16","False"
"04_submission\package_genome_medicine_gateC8BRP_journal_facing_prefreeze_2026-08-25\figures\Figure5_regulatory_evidence.pdf","53706","0.0512",".pdf","2026-08-25 03:25:19","False"
"04_submission\package_genome_medicine_gateC8BRP_journal_facing_prefreeze_2026-08-25\figures\Figure5_regulatory_evidence.png","635997","0.6065",".png","2026-08-25 03:25:22","False"
"04_submission\package_genome_medicine_gateC8BRP_journal_facing_prefreeze_2026-08-25\internal_qc\cover_letter_a11y.json","279","0.0003",".json","2026-08-25 03:35:11","False"
"04_submission\package_genome_medicine_gateC8BRP_journal_facing_prefreeze_2026-08-25\internal_qc\FINAL_AUDIT.json","4603","0.0044",".json","2026-08-25 03:35:12","False"
"04_submission\package_genome_medicine_gateC8BRP_journal_facing_prefreeze_2026-08-25\internal_qc\FINAL_AUDIT.md","3631","0.0035",".md","2026-08-25 03:35:12","False"
"04_submission\package_genome_medicine_gateC8BRP_journal_facing_prefreeze_2026-08-25\internal_qc\main_text_a11y.json","285","0.0003",".json","2026-08-25 03:35:10","False"
"04_submission\package_genome_medicine_gateC8BRP_journal_facing_prefreeze_2026-08-25\internal_qc\supplement_a11y.json","264","0.0003",".json","2026-08-25 03:35:10","False"
"04_submission\package_genome_medicine_gateC8BRP_journal_facing_prefreeze_2026-08-25\internal_qc\wps_render_cover_letter\Cover_Letter_WPS.pdf","84468","0.0806",".pdf","2026-08-25 03:34:45","False"
"04_submission\package_genome_medicine_gateC8BRP_journal_facing_prefreeze_2026-08-25\internal_qc\wps_render_cover_letter\final-page-1.png","400742","0.3822",".png","2026-08-25 03:35:09","False"
"04_submission\package_genome_medicine_gateC8BRP_journal_facing_prefreeze_2026-08-25\internal_qc\wps_render_main\final-page-01.png","275406","0.2626",".png","2026-08-25 03:34:46","False"
"04_submission\package_genome_medicine_gateC8BRP_journal_facing_prefreeze_2026-08-25\internal_qc\wps_render_main\final-page-02.png","308135","0.2939",".png","2026-08-25 03:34:47","False"
"04_submission\package_genome_medicine_gateC8BRP_journal_facing_prefreeze_2026-08-25\internal_qc\wps_render_main\final-page-03.png","305692","0.2915",".png","2026-08-25 03:34:48","False"
"04_submission\package_genome_medicine_gateC8BRP_journal_facing_prefreeze_2026-08-25\internal_qc\wps_render_main\final-page-04.png","286671","0.2734",".png","2026-08-25 03:34:48","False"
"04_submission\package_genome_medicine_gateC8BRP_journal_facing_prefreeze_2026-08-25\internal_qc\wps_render_main\final-page-05.png","291541","0.278",".png","2026-08-25 03:34:49","False"
"04_submission\package_genome_medicine_gateC8BRP_journal_facing_prefreeze_2026-08-25\internal_qc\wps_render_main\final-page-06.png","283858","0.2707",".png","2026-08-25 03:34:50","False"
"04_submission\package_genome_medicine_gateC8BRP_journal_facing_prefreeze_2026-08-25\internal_qc\wps_render_main\final-page-07.png","284830","0.2716",".png","2026-08-25 03:34:51","False"
"04_submission\package_genome_medicine_gateC8BRP_journal_facing_prefreeze_2026-08-25\internal_qc\wps_render_main\final-page-08.png","315872","0.3012",".png","2026-08-25 03:34:51","False"
"04_submission\package_genome_medicine_gateC8BRP_journal_facing_prefreeze_2026-08-25\internal_qc\wps_render_main\final-page-09.png","290286","0.2768",".png","2026-08-25 03:34:51","False"
"04_submission\package_genome_medicine_gateC8BRP_journal_facing_prefreeze_2026-08-25\internal_qc\wps_render_main\final-page-10.png","278727","0.2658",".png","2026-08-25 03:34:52","False"
"04_submission\package_genome_medicine_gateC8BRP_journal_facing_prefreeze_2026-08-25\internal_qc\wps_render_main\final-page-11.png","305292","0.2911",".png","2026-08-25 03:34:52","False"
"04_submission\package_genome_medicine_gateC8BRP_journal_facing_prefreeze_2026-08-25\internal_qc\wps_render_main\final-page-12.png","327998","0.3128",".png","2026-08-25 03:34:52","False"
"04_submission\package_genome_medicine_gateC8BRP_journal_facing_prefreeze_2026-08-25\internal_qc\wps_render_main\final-page-13.png","323528","0.3085",".png","2026-08-25 03:34:53","False"
"04_submission\package_genome_medicine_gateC8BRP_journal_facing_prefreeze_2026-08-25\internal_qc\wps_render_main\final-page-14.png","323465","0.3085",".png","2026-08-25 03:34:53","False"
"04_submission\package_genome_medicine_gateC8BRP_journal_facing_prefreeze_2026-08-25\internal_qc\wps_render_main\final-page-15.png","323033","0.3081",".png","2026-08-25 03:34:54","False"
"04_submission\package_genome_medicine_gateC8BRP_journal_facing_prefreeze_2026-08-25\internal_qc\wps_render_main\final-page-16.png","301438","0.2875",".png","2026-08-25 03:34:55","False"
"04_submission\package_genome_medicine_gateC8BRP_journal_facing_prefreeze_2026-08-25\internal_qc\wps_render_main\final-page-17.png","307739","0.2935",".png","2026-08-25 03:34:56","False"
"04_submission\package_genome_medicine_gateC8BRP_journal_facing_prefreeze_2026-08-25\internal_qc\wps_render_main\final-page-18.png","303670","0.2896",".png","2026-08-25 03:34:57","False"
"04_submission\package_genome_medicine_gateC8BRP_journal_facing_prefreeze_2026-08-25\internal_qc\wps_render_main\final-page-19.png","290167","0.2767",".png","2026-08-25 03:34:57","False"
"04_submission\package_genome_medicine_gateC8BRP_journal_facing_prefreeze_2026-08-25\internal_qc\wps_render_main\final-page-20.png","285758","0.2725",".png","2026-08-25 03:34:58","False"
"04_submission\package_genome_medicine_gateC8BRP_journal_facing_prefreeze_2026-08-25\internal_qc\wps_render_main\final-page-21.png","270559","0.258",".png","2026-08-25 03:34:58","False"
"04_submission\package_genome_medicine_gateC8BRP_journal_facing_prefreeze_2026-08-25\internal_qc\wps_render_main\final-page-22.png","319141","0.3044",".png","2026-08-25 03:34:58","False"
"04_submission\package_genome_medicine_gateC8BRP_journal_facing_prefreeze_2026-08-25\internal_qc\wps_render_main\final-page-23.png","321891","0.307",".png","2026-08-25 03:34:59","False"
"04_submission\package_genome_medicine_gateC8BRP_journal_facing_prefreeze_2026-08-25\internal_qc\wps_render_main\final-page-24.png","272782","0.2601",".png","2026-08-25 03:34:59","False"
"04_submission\package_genome_medicine_gateC8BRP_journal_facing_prefreeze_2026-08-25\internal_qc\wps_render_main\final-page-25.png","287364","0.2741",".png","2026-08-25 03:34:59","False"
"04_submission\package_genome_medicine_gateC8BRP_journal_facing_prefreeze_2026-08-25\internal_qc\wps_render_main\final-page-26.png","294698","0.281",".png","2026-08-25 03:35:00","False"
"04_submission\package_genome_medicine_gateC8BRP_journal_facing_prefreeze_2026-08-25\internal_qc\wps_render_main\final-page-27.png","294625","0.281",".png","2026-08-25 03:35:00","False"
"04_submission\package_genome_medicine_gateC8BRP_journal_facing_prefreeze_2026-08-25\internal_qc\wps_render_main\final-page-28.png","197401","0.1883",".png","2026-08-25 03:35:01","False"
"04_submission\package_genome_medicine_gateC8BRP_journal_facing_prefreeze_2026-08-25\internal_qc\wps_render_main\Genome_Medicine_Manuscript_WPS.pdf","251073","0.2394",".pdf","2026-08-25 03:34:23","False"
"04_submission\package_genome_medicine_gateC8BRP_journal_facing_prefreeze_2026-08-25\internal_qc\wps_render_supplement\final-page-01.png","401548","0.3829",".png","2026-08-25 03:35:02","False"
"04_submission\package_genome_medicine_gateC8BRP_journal_facing_prefreeze_2026-08-25\internal_qc\wps_render_supplement\final-page-02.png","408591","0.3897",".png","2026-08-25 03:35:03","False"
"04_submission\package_genome_medicine_gateC8BRP_journal_facing_prefreeze_2026-08-25\internal_qc\wps_render_supplement\final-page-03.png","265741","0.2534",".png","2026-08-25 03:35:04","False"
"04_submission\package_genome_medicine_gateC8BRP_journal_facing_prefreeze_2026-08-25\internal_qc\wps_render_supplement\final-page-04.png","274487","0.2618",".png","2026-08-25 03:35:04","False"
"04_submission\package_genome_medicine_gateC8BRP_journal_facing_prefreeze_2026-08-25\internal_qc\wps_render_supplement\final-page-05.png","130911","0.1248",".png","2026-08-25 03:35:05","False"
"04_submission\package_genome_medicine_gateC8BRP_journal_facing_prefreeze_2026-08-25\internal_qc\wps_render_supplement\final-page-06.png","98810","0.0942",".png","2026-08-25 03:35:05","False"
"04_submission\package_genome_medicine_gateC8BRP_journal_facing_prefreeze_2026-08-25\internal_qc\wps_render_supplement\final-page-07.png","222010","0.2117",".png","2026-08-25 03:35:05","False"
"04_submission\package_genome_medicine_gateC8BRP_journal_facing_prefreeze_2026-08-25\internal_qc\wps_render_supplement\final-page-08.png","213350","0.2035",".png","2026-08-25 03:35:06","False"
"04_submission\package_genome_medicine_gateC8BRP_journal_facing_prefreeze_2026-08-25\internal_qc\wps_render_supplement\final-page-09.png","185394","0.1768",".png","2026-08-25 03:35:06","False"
"04_submission\package_genome_medicine_gateC8BRP_journal_facing_prefreeze_2026-08-25\internal_qc\wps_render_supplement\final-page-10.png","171349","0.1634",".png","2026-08-25 03:35:06","False"
"04_submission\package_genome_medicine_gateC8BRP_journal_facing_prefreeze_2026-08-25\internal_qc\wps_render_supplement\final-page-11.png","210824","0.2011",".png","2026-08-25 03:35:07","False"
"04_submission\package_genome_medicine_gateC8BRP_journal_facing_prefreeze_2026-08-25\internal_qc\wps_render_supplement\final-page-12.png","166975","0.1592",".png","2026-08-25 03:35:07","False"
"04_submission\package_genome_medicine_gateC8BRP_journal_facing_prefreeze_2026-08-25\internal_qc\wps_render_supplement\final-page-13.png","212118","0.2023",".png","2026-08-25 03:35:08","False"
"04_submission\package_genome_medicine_gateC8BRP_journal_facing_prefreeze_2026-08-25\internal_qc\wps_render_supplement\Supplementary_Information_WPS.pdf","3288063","3.1357",".pdf","2026-08-25 03:34:38","False"
"04_submission\package_genome_medicine_gateC8BRP_journal_facing_prefreeze_2026-08-25\main_text\Genome_Medicine_Manuscript_AUTHOR_COMPLETION_REQUIRED.docx","59723","0.057",".docx","2026-08-25 03:34:12","False"
"04_submission\package_genome_medicine_gateC8BRP_journal_facing_prefreeze_2026-08-25\MANIFEST_SHA256.csv","17324","0.0165",".csv","2026-08-25 03:35:13","False"
"04_submission\package_genome_medicine_gateC8BRP_journal_facing_prefreeze_2026-08-25\portal_upload_preview\Cover_Letter.docx","40181","0.0383",".docx","2026-08-25 03:34:13","False"
"04_submission\package_genome_medicine_gateC8BRP_journal_facing_prefreeze_2026-08-25\portal_upload_preview\DO_NOT_UPLOAD_AUTHOR_ACTION_REQUIRED.txt","209","0.0002",".txt","2026-08-25 03:34:14","False"
"04_submission\package_genome_medicine_gateC8BRP_journal_facing_prefreeze_2026-08-25\portal_upload_preview\Figure_1.pdf","52560","0.0501",".pdf","2026-08-25 03:25:10","False"
"04_submission\package_genome_medicine_gateC8BRP_journal_facing_prefreeze_2026-08-25\portal_upload_preview\Figure_2.pdf","49848","0.0475",".pdf","2026-08-21 00:58:47","False"
"04_submission\package_genome_medicine_gateC8BRP_journal_facing_prefreeze_2026-08-25\portal_upload_preview\Figure_3.pdf","55135","0.0526",".pdf","2026-08-21 00:58:54","False"
"04_submission\package_genome_medicine_gateC8BRP_journal_facing_prefreeze_2026-08-25\portal_upload_preview\Figure_4.pdf","54957","0.0524",".pdf","2026-08-25 03:25:15","False"
"04_submission\package_genome_medicine_gateC8BRP_journal_facing_prefreeze_2026-08-25\portal_upload_preview\Figure_5.pdf","53706","0.0512",".pdf","2026-08-25 03:25:19","False"
"04_submission\package_genome_medicine_gateC8BRP_journal_facing_prefreeze_2026-08-25\portal_upload_preview\Figure_Source_Data.zip","178665","0.1704",".zip","2026-08-25 03:34:14","False"
"04_submission\package_genome_medicine_gateC8BRP_journal_facing_prefreeze_2026-08-25\portal_upload_preview\Full_Statistical_Results.zip","8314122","7.929",".zip","2026-08-21 00:59:56","False"
"04_submission\package_genome_medicine_gateC8BRP_journal_facing_prefreeze_2026-08-25\portal_upload_preview\Genome_Medicine_Manuscript.docx","59723","0.057",".docx","2026-08-25 03:34:12","False"
"04_submission\package_genome_medicine_gateC8BRP_journal_facing_prefreeze_2026-08-25\portal_upload_preview\Regulator_Sensitivity.zip","2336","0.0022",".zip","2026-08-25 03:34:14","False"
"04_submission\package_genome_medicine_gateC8BRP_journal_facing_prefreeze_2026-08-25\portal_upload_preview\Supplementary_Figure_S1.pdf","51533","0.0491",".pdf","2026-08-21 00:59:18","False"
"04_submission\package_genome_medicine_gateC8BRP_journal_facing_prefreeze_2026-08-25\portal_upload_preview\Supplementary_Figure_S2.pdf","50861","0.0485",".pdf","2026-08-21 00:59:24","False"
"04_submission\package_genome_medicine_gateC8BRP_journal_facing_prefreeze_2026-08-25\portal_upload_preview\Supplementary_Figure_S3.pdf","51281","0.0489",".pdf","2026-08-21 00:59:30","False"
"04_submission\package_genome_medicine_gateC8BRP_journal_facing_prefreeze_2026-08-25\portal_upload_preview\Supplementary_Figure_S4.pdf","47952","0.0457",".pdf","2026-08-21 00:59:35","False"
"04_submission\package_genome_medicine_gateC8BRP_journal_facing_prefreeze_2026-08-25\portal_upload_preview\Supplementary_Figure_S5.pdf","51706","0.0493",".pdf","2026-08-21 00:59:40","False"
"04_submission\package_genome_medicine_gateC8BRP_journal_facing_prefreeze_2026-08-25\portal_upload_preview\Supplementary_Figure_S6.pdf","48118","0.0459",".pdf","2026-08-21 00:59:46","False"
"04_submission\package_genome_medicine_gateC8BRP_journal_facing_prefreeze_2026-08-25\portal_upload_preview\Supplementary_Figure_S7.pdf","48444","0.0462",".pdf","2026-08-21 00:59:51","False"
"04_submission\package_genome_medicine_gateC8BRP_journal_facing_prefreeze_2026-08-25\portal_upload_preview\Supplementary_Information.docx","2775576","2.647",".docx","2026-08-25 03:34:13","False"
"04_submission\package_genome_medicine_gateC8BRP_journal_facing_prefreeze_2026-08-25\README_PACKAGE.md","2329","0.0022",".md","2026-08-25 03:35:12","False"
"04_submission\package_genome_medicine_gateC8BRP_journal_facing_prefreeze_2026-08-25\references\crossref_raw_gateC8BR.json","888631","0.8475",".json","2026-08-25 02:17:46","False"
"04_submission\package_genome_medicine_gateC8BRP_journal_facing_prefreeze_2026-08-25\references\reference_verification_gateC8BR.csv","5699","0.0054",".csv","2026-08-25 02:17:46","False"
"04_submission\package_genome_medicine_gateC8BRP_journal_facing_prefreeze_2026-08-25\references\reference_verification_gateC8BR.md","2293","0.0022",".md","2026-08-25 02:17:46","False"
"04_submission\package_genome_medicine_gateC8BRP_journal_facing_prefreeze_2026-08-25\references\references_gateC8BR_vancouver.md","6725","0.0064",".md","2026-08-25 02:17:46","False"
"04_submission\package_genome_medicine_gateC8BRP_journal_facing_prefreeze_2026-08-25\reproducibility\00_create_gateC8BR_release_env.ps1","2704","0.0026",".ps1","2026-08-25 03:13:44","False"
"04_submission\package_genome_medicine_gateC8BRP_journal_facing_prefreeze_2026-08-25\reproducibility\docx_a11y_audit.py","5024","0.0048",".py","2026-08-25 02:01:40","False"
"04_submission\package_genome_medicine_gateC8BRP_journal_facing_prefreeze_2026-08-25\reproducibility\environment_gateC8BR_release_2026-08-25.yml","496","0.0005",".yml","2026-08-25 02:01:40","False"
"04_submission\package_genome_medicine_gateC8BRP_journal_facing_prefreeze_2026-08-25\reproducibility\environment_gateC8BR_release_explicit_win64_2026-08-25.txt","1607","0.0015",".txt","2026-08-25 03:14:04","False"
"04_submission\package_genome_medicine_gateC8BRP_journal_facing_prefreeze_2026-08-25\reproducibility\environment_phase17_v7_explicit_win64_2026-08-10.txt","16373","0.0156",".txt","2026-08-10 19:20:12","False"
"04_submission\package_genome_medicine_gateC8BRP_journal_facing_prefreeze_2026-08-25\reproducibility\environment_phase17_v7_pip_freeze_2026-08-10.txt","75","0.0001",".txt","2026-08-10 19:21:51","False"
"04_submission\package_genome_medicine_gateC8BRP_journal_facing_prefreeze_2026-08-25\reproducibility\environment_phase17_v7_resolved_2026-08-10.yml","6935","0.0066",".yml","2026-08-10 19:20:34","False"
"04_submission\package_genome_medicine_gateC8BRP_journal_facing_prefreeze_2026-08-25\reproducibility\phase17_c8br_00_release_smoke_test.py","3104","0.003",".py","2026-08-25 02:01:40","False"
"04_submission\package_genome_medicine_gateC8BRP_journal_facing_prefreeze_2026-08-25\reproducibility\REPRODUCIBILITY.md","6819","0.0065",".md","2026-08-25 03:33:41","False"
"04_submission\package_genome_medicine_gateC8BRP_journal_facing_prefreeze_2026-08-25\reproducibility\run_6013RP_phase17_gateC8BRP_journal_facing_prefreeze.ps1","9232","0.0088",".ps1","2026-08-25 03:16:38","False"
"04_submission\package_genome_medicine_gateC8BRP_journal_facing_prefreeze_2026-08-25\review_copies\Cover_Letter_WPS.pdf","84468","0.0806",".pdf","2026-08-25 03:34:45","False"
"04_submission\package_genome_medicine_gateC8BRP_journal_facing_prefreeze_2026-08-25\review_copies\Genome_Medicine_Manuscript_WPS.pdf","251073","0.2394",".pdf","2026-08-25 03:34:23","False"
"04_submission\package_genome_medicine_gateC8BRP_journal_facing_prefreeze_2026-08-25\review_copies\Supplementary_Information_WPS.pdf","3288063","3.1357",".pdf","2026-08-25 03:34:38","False"
"04_submission\package_genome_medicine_gateC8BRP_journal_facing_prefreeze_2026-08-25\submission_docs\author_completion_matrix_gateC8BRP_2026-08-25.md","3621","0.0035",".md","2026-08-25 03:34:10","False"
"04_submission\package_genome_medicine_gateC8BRP_journal_facing_prefreeze_2026-08-25\submission_docs\Cover_Letter_AUTHOR_CONFIRMATION_REQUIRED.docx","40181","0.0383",".docx","2026-08-25 03:34:13","False"
"04_submission\package_genome_medicine_gateC8BRP_journal_facing_prefreeze_2026-08-25\submission_docs\cover_letter_genome_medicine_gateC8BRP_AUTHOR_COMPLETION_REQUIRED_2026-08-25.md","3408","0.0033",".md","2026-08-25 03:34:10","False"
"04_submission\package_genome_medicine_gateC8BRP_journal_facing_prefreeze_2026-08-25\submission_docs\journal_target_decision_gateC8BRP_2026-08-25.md","1843","0.0018",".md","2026-08-25 03:34:10","False"
"04_submission\package_genome_medicine_gateC8BRP_journal_facing_prefreeze_2026-08-25\submission_docs\PORTAL_UPLOAD_FILENAME_MAP.csv","4789","0.0046",".csv","2026-08-25 03:34:14","False"
"04_submission\package_genome_medicine_gateC8BRP_journal_facing_prefreeze_2026-08-25\submission_docs\reporting_checklist_gateC8BRP_2026-08-25.md","3042","0.0029",".md","2026-08-25 03:34:10","False"
"04_submission\package_genome_medicine_gateC8R_2026-08-20 (2).zip","12209367","11.6438",".zip","2026-08-20 18:30:50","False"
"04_submission\package_genome_medicine_gateC8R_2026-08-20.zip","12198352","11.6333",".zip","2026-08-20 18:22:14","False"
"04_submission\package_genome_medicine_gateC8R_2026-08-20\additional_files\Additional_file_1_Supplementary_Information_GateC8R.docx","44632","0.0426",".docx","2026-08-20 18:21:54","False"
"04_submission\package_genome_medicine_gateC8R_2026-08-20\additional_files\Additional_file_2_Figure_Source_Data_GateC8R.zip","157482","0.1502",".zip","2026-08-20 18:21:54","False"
"04_submission\package_genome_medicine_gateC8R_2026-08-20\additional_files\Additional_file_3_Regulator_Sensitivity_GateC8R.zip","2338","0.0022",".zip","2026-08-20 18:21:54","False"
"04_submission\package_genome_medicine_gateC8R_2026-08-20\additional_files\regulator_sensitivity\03_CORRELATION_AWARE_STAT1_STAT2_SENSITIVITY.csv","2083","0.002",".csv","2026-08-20 18:21:53","False"
"04_submission\package_genome_medicine_gateC8R_2026-08-20\additional_files\regulator_sensitivity\04_CORRELATION_AWARE_STAT1_STAT2_DECISION.json","1389","0.0013",".json","2026-08-20 18:21:53","False"
"04_submission\package_genome_medicine_gateC8R_2026-08-20\additional_files\regulator_sensitivity\SHA256SUMS.csv","257","0.0002",".csv","2026-08-20 18:21:54","False"
"04_submission\package_genome_medicine_gateC8R_2026-08-20\additional_files\source_data\Figure1_source_data.csv","3652","0.0035",".csv","2026-08-20 18:21:34","False"
"04_submission\package_genome_medicine_gateC8R_2026-08-20\additional_files\source_data\Figure2_source_data.csv","33705","0.0321",".csv","2026-08-20 18:21:36","False"
"04_submission\package_genome_medicine_gateC8R_2026-08-20\additional_files\source_data\Figure3_source_data.csv","8333","0.0079",".csv","2026-08-20 18:21:38","False"
"04_submission\package_genome_medicine_gateC8R_2026-08-20\additional_files\source_data\Figure4_source_data.csv","500362","0.4772",".csv","2026-08-20 18:21:40","False"
"04_submission\package_genome_medicine_gateC8R_2026-08-20\additional_files\source_data\Figure5_source_data.csv","4194","0.004",".csv","2026-08-20 18:21:43","False"
"04_submission\package_genome_medicine_gateC8R_2026-08-20\additional_files\source_data\SHA256SUMS.csv","497","0.0005",".csv","2026-08-20 18:21:54","False"
"04_submission\package_genome_medicine_gateC8R_2026-08-20\figures\Figure1_disease_blind_identity_scope.pdf","60738","0.0579",".pdf","2026-08-20 18:21:35","False"
"04_submission\package_genome_medicine_gateC8R_2026-08-20\figures\Figure1_disease_blind_identity_scope.png","524199","0.4999",".png","2026-08-20 18:21:36","False"
"04_submission\package_genome_medicine_gateC8R_2026-08-20\figures\Figure2_sample_level_composition.pdf","49848","0.0475",".pdf","2026-08-20 18:21:37","False"
"04_submission\package_genome_medicine_gateC8R_2026-08-20\figures\Figure2_sample_level_composition.png","454608","0.4335",".png","2026-08-20 18:21:38","False"
"04_submission\package_genome_medicine_gateC8R_2026-08-20\figures\Figure3_gse174188_bconv_transcription.pdf","55055","0.0525",".pdf","2026-08-20 18:21:39","False"
"04_submission\package_genome_medicine_gateC8R_2026-08-20\figures\Figure3_gse174188_bconv_transcription.png","454067","0.433",".png","2026-08-20 18:21:40","False"
"04_submission\package_genome_medicine_gateC8R_2026-08-20\figures\Figure4_independent_ifn_replication.pdf","56820","0.0542",".pdf","2026-08-20 18:21:42","False"
"04_submission\package_genome_medicine_gateC8R_2026-08-20\figures\Figure4_independent_ifn_replication.png","628446","0.5993",".png","2026-08-20 18:21:43","False"
"04_submission\package_genome_medicine_gateC8R_2026-08-20\figures\Figure5_regulatory_evidence.pdf","54763","0.0522",".pdf","2026-08-20 18:21:44","False"
"04_submission\package_genome_medicine_gateC8R_2026-08-20\figures\Figure5_regulatory_evidence.png","579776","0.5529",".png","2026-08-20 18:21:45","False"
"04_submission\package_genome_medicine_gateC8R_2026-08-20\internal_qc\cover_letter_a11y.json","285","0.0003",".json","2026-08-20 18:22:12","False"
"04_submission\package_genome_medicine_gateC8R_2026-08-20\internal_qc\GATE_C8R_FINAL_AUDIT.json","4917","0.0047",".json","2026-08-20 18:22:12","False"
"04_submission\package_genome_medicine_gateC8R_2026-08-20\internal_qc\GATE_C8R_FINAL_AUDIT.md","3887","0.0037",".md","2026-08-20 18:22:12","False"
"04_submission\package_genome_medicine_gateC8R_2026-08-20\internal_qc\main_text_a11y.json","275","0.0003",".json","2026-08-20 18:22:12","False"
"04_submission\package_genome_medicine_gateC8R_2026-08-20\internal_qc\supplement_a11y.json","272","0.0003",".json","2026-08-20 18:22:12","False"
"04_submission\package_genome_medicine_gateC8R_2026-08-20\internal_qc\wps_render_cover_letter\Genome_Medicine_Cover_Letter_GateC8R_AUTHOR_CONFIRMATION_REQUIRED_WPS.pdf","83963","0.0801",".pdf","2026-08-20 18:22:11","False"
"04_submission\package_genome_medicine_gateC8R_2026-08-20\internal_qc\wps_render_cover_letter\page-1.png","367833","0.3508",".png","2026-08-20 18:22:12","False"
"04_submission\package_genome_medicine_gateC8R_2026-08-20\internal_qc\wps_render_main\Genome_Medicine_Manuscript_GateC8R_AUTHOR_COMPLETION_REQUIRED_WPS.pdf","240343","0.2292",".pdf","2026-08-20 18:21:57","False"
"04_submission\package_genome_medicine_gateC8R_2026-08-20\internal_qc\wps_render_main\page-01.png","276073","0.2633",".png","2026-08-20 18:21:58","False"
"04_submission\package_genome_medicine_gateC8R_2026-08-20\internal_qc\wps_render_main\page-02.png","304095","0.29",".png","2026-08-20 18:21:58","False"
"04_submission\package_genome_medicine_gateC8R_2026-08-20\internal_qc\wps_render_main\page-03.png","292106","0.2786",".png","2026-08-20 18:21:59","False"
"04_submission\package_genome_medicine_gateC8R_2026-08-20\internal_qc\wps_render_main\page-04.png","265791","0.2535",".png","2026-08-20 18:21:59","False"
"04_submission\package_genome_medicine_gateC8R_2026-08-20\internal_qc\wps_render_main\page-05.png","311288","0.2969",".png","2026-08-20 18:21:59","False"
"04_submission\package_genome_medicine_gateC8R_2026-08-20\internal_qc\wps_render_main\page-06.png","293348","0.2798",".png","2026-08-20 18:21:59","False"
"04_submission\package_genome_medicine_gateC8R_2026-08-20\internal_qc\wps_render_main\page-07.png","296895","0.2831",".png","2026-08-20 18:22:00","False"
"04_submission\package_genome_medicine_gateC8R_2026-08-20\internal_qc\wps_render_main\page-08.png","294395","0.2808",".png","2026-08-20 18:22:00","False"
"04_submission\package_genome_medicine_gateC8R_2026-08-20\internal_qc\wps_render_main\page-09.png","285272","0.2721",".png","2026-08-20 18:22:00","False"
"04_submission\package_genome_medicine_gateC8R_2026-08-20\internal_qc\wps_render_main\page-10.png","321672","0.3068",".png","2026-08-20 18:22:00","False"
"04_submission\package_genome_medicine_gateC8R_2026-08-20\internal_qc\wps_render_main\page-11.png","316639","0.302",".png","2026-08-20 18:22:01","False"
"04_submission\package_genome_medicine_gateC8R_2026-08-20\internal_qc\wps_render_main\page-12.png","305591","0.2914",".png","2026-08-20 18:22:01","False"
"04_submission\package_genome_medicine_gateC8R_2026-08-20\internal_qc\wps_render_main\page-13.png","294601","0.281",".png","2026-08-20 18:22:01","False"
"04_submission\package_genome_medicine_gateC8R_2026-08-20\internal_qc\wps_render_main\page-14.png","337455","0.3218",".png","2026-08-20 18:22:01","False"
"04_submission\package_genome_medicine_gateC8R_2026-08-20\internal_qc\wps_render_main\page-15.png","315431","0.3008",".png","2026-08-20 18:22:02","False"
"04_submission\package_genome_medicine_gateC8R_2026-08-20\internal_qc\wps_render_main\page-16.png","312059","0.2976",".png","2026-08-20 18:22:02","False"
"04_submission\package_genome_medicine_gateC8R_2026-08-20\internal_qc\wps_render_main\page-17.png","283788","0.2706",".png","2026-08-20 18:22:02","False"
"04_submission\package_genome_medicine_gateC8R_2026-08-20\internal_qc\wps_render_main\page-18.png","310419","0.296",".png","2026-08-20 18:22:02","False"
"04_submission\package_genome_medicine_gateC8R_2026-08-20\internal_qc\wps_render_main\page-19.png","252024","0.2403",".png","2026-08-20 18:22:03","False"
"04_submission\package_genome_medicine_gateC8R_2026-08-20\internal_qc\wps_render_main\page-20.png","276994","0.2642",".png","2026-08-20 18:22:03","False"
"04_submission\package_genome_medicine_gateC8R_2026-08-20\internal_qc\wps_render_main\page-21.png","334243","0.3188",".png","2026-08-20 18:22:03","False"
"04_submission\package_genome_medicine_gateC8R_2026-08-20\internal_qc\wps_render_main\page-22.png","291380","0.2779",".png","2026-08-20 18:22:03","False"
"04_submission\package_genome_medicine_gateC8R_2026-08-20\internal_qc\wps_render_main\page-23.png","289397","0.276",".png","2026-08-20 18:22:04","False"
"04_submission\package_genome_medicine_gateC8R_2026-08-20\internal_qc\wps_render_main\page-24.png","263789","0.2516",".png","2026-08-20 18:22:04","False"
"04_submission\package_genome_medicine_gateC8R_2026-08-20\internal_qc\wps_render_main\page-25.png","282199","0.2691",".png","2026-08-20 18:22:04","False"
"04_submission\package_genome_medicine_gateC8R_2026-08-20\internal_qc\wps_render_main\page-26.png","175744","0.1676",".png","2026-08-20 18:22:04","False"
"04_submission\package_genome_medicine_gateC8R_2026-08-20\internal_qc\wps_render_supplement\Additional_file_1_Supplementary_Information_GateC8R_WPS.pdf","127749","0.1218",".pdf","2026-08-20 18:22:07","False"
"04_submission\package_genome_medicine_gateC8R_2026-08-20\internal_qc\wps_render_supplement\page-1.png","375907","0.3585",".png","2026-08-20 18:22:08","False"
"04_submission\package_genome_medicine_gateC8R_2026-08-20\internal_qc\wps_render_supplement\page-2.png","305551","0.2914",".png","2026-08-20 18:22:08","False"
"04_submission\package_genome_medicine_gateC8R_2026-08-20\internal_qc\wps_render_supplement\page-3.png","272392","0.2598",".png","2026-08-20 18:22:08","False"
"04_submission\package_genome_medicine_gateC8R_2026-08-20\internal_qc\wps_render_supplement\page-4.png","208400","0.1987",".png","2026-08-20 18:22:08","False"
"04_submission\package_genome_medicine_gateC8R_2026-08-20\main_text\Genome_Medicine_Manuscript_GateC8R_AUTHOR_COMPLETION_REQUIRED.docx","58157","0.0555",".docx","2026-08-20 18:21:54","False"
"04_submission\package_genome_medicine_gateC8R_2026-08-20\MANIFEST_SHA256.csv","9281","0.0089",".csv","2026-08-20 18:22:12","False"
"04_submission\package_genome_medicine_gateC8R_2026-08-20\README_GATE_C8R_PACKAGE.md","1746","0.0017",".md","2026-08-20 18:22:12","False"
"04_submission\package_genome_medicine_gateC8R_2026-08-20\references\crossref_raw_gateC8R.json","827398","0.7891",".json","2026-08-20 17:57:43","False"
"04_submission\package_genome_medicine_gateC8R_2026-08-20\references\reference_verification_gateC8R.csv","5145","0.0049",".csv","2026-08-20 17:57:43","False"
"04_submission\package_genome_medicine_gateC8R_2026-08-20\references\reference_verification_gateC8R.md","1867","0.0018",".md","2026-08-20 17:57:43","False"
"04_submission\package_genome_medicine_gateC8R_2026-08-20\references\references_gateC8R_vancouver.md","6114","0.0058",".md","2026-08-20 17:57:43","False"
"04_submission\package_genome_medicine_gateC8R_2026-08-20\review_copies\Additional_file_1_Supplementary_Information_GateC8R_WPS.pdf","127749","0.1218",".pdf","2026-08-20 18:22:07","False"
"04_submission\package_genome_medicine_gateC8R_2026-08-20\review_copies\Genome_Medicine_Cover_Letter_GateC8R_AUTHOR_CONFIRMATION_REQUIRED_WPS.pdf","83963","0.0801",".pdf","2026-08-20 18:22:11","False"
"04_submission\package_genome_medicine_gateC8R_2026-08-20\review_copies\Genome_Medicine_Manuscript_GateC8R_AUTHOR_COMPLETION_REQUIRED_WPS.pdf","240343","0.2292",".pdf","2026-08-20 18:21:57","False"
"04_submission\package_genome_medicine_gateC8R_2026-08-20\submission_docs\author_completion_form_gateC8R_2026-08-20.md","2329","0.0022",".md","2026-08-20 18:21:54","False"
"04_submission\package_genome_medicine_gateC8R_2026-08-20\submission_docs\cover_letter_genome_medicine_gateC8R_AUTHOR_COMPLETION_REQUIRED_2026-08-20.md","3142","0.003",".md","2026-08-20 18:21:54","False"
"04_submission\package_genome_medicine_gateC8R_2026-08-20\submission_docs\Genome_Medicine_Cover_Letter_GateC8R_AUTHOR_CONFIRMATION_REQUIRED.docx","40061","0.0382",".docx","2026-08-20 18:21:54","False"
"04_submission\package_genome_medicine_gateC8R_2026-08-20\submission_docs\journal_target_decision_gateC8R_2026-08-20.md","2828","0.0027",".md","2026-08-20 18:21:54","False"
"04_submission\package_genome_medicine_gateC8R_2026-08-20\submission_docs\reporting_checklist_gateC8R_2026-08-20.md","2107","0.002",".md","2026-08-20 18:21:54","False"
"04_submission\package_genome_medicine_gateC8S_2026-08-21.zip","31631792","30.1664",".zip","2026-08-21 01:00:41","False"
"04_submission\package_genome_medicine_gateC8S_2026-08-21\additional_files\Additional_file_1_Supplementary_Information_GateC8S.docx","2775025","2.6465",".docx","2026-08-21 00:59:59","False"
"04_submission\package_genome_medicine_gateC8S_2026-08-21\additional_files\Additional_file_2_Figure_Source_Data_GateC8S.zip","178669","0.1704",".zip","2026-08-21 00:59:59","False"
"04_submission\package_genome_medicine_gateC8S_2026-08-21\additional_files\Additional_file_3_Regulator_Sensitivity_GateC8S.zip","2338","0.0022",".zip","2026-08-21 00:59:59","False"
"04_submission\package_genome_medicine_gateC8S_2026-08-21\additional_files\Additional_file_4_Full_Statistical_Results_GateC8S.zip","8314122","7.929",".zip","2026-08-21 00:59:56","False"
"04_submission\package_genome_medicine_gateC8S_2026-08-21\additional_files\regulator_sensitivity\03_CORRELATION_AWARE_STAT1_STAT2_SENSITIVITY.csv","2083","0.002",".csv","2026-08-20 18:21:53","False"
"04_submission\package_genome_medicine_gateC8S_2026-08-21\additional_files\regulator_sensitivity\04_CORRELATION_AWARE_STAT1_STAT2_DECISION.json","1389","0.0013",".json","2026-08-20 18:21:53","False"
"04_submission\package_genome_medicine_gateC8S_2026-08-21\additional_files\regulator_sensitivity\SHA256SUMS.csv","257","0.0002",".csv","2026-08-21 00:59:59","False"
"04_submission\package_genome_medicine_gateC8S_2026-08-21\additional_files\source_data\Figure1_source_data.csv","3652","0.0035",".csv","2026-08-21 00:58:37","False"
"04_submission\package_genome_medicine_gateC8S_2026-08-21\additional_files\source_data\Figure2_source_data.csv","33705","0.0321",".csv","2026-08-21 00:58:44","False"
"04_submission\package_genome_medicine_gateC8S_2026-08-21\additional_files\source_data\Figure3_source_data.csv","8333","0.0079",".csv","2026-08-21 00:58:49","False"
"04_submission\package_genome_medicine_gateC8S_2026-08-21\additional_files\source_data\Figure4_source_data.csv","500362","0.4772",".csv","2026-08-21 00:58:56","False"
"04_submission\package_genome_medicine_gateC8S_2026-08-21\additional_files\source_data\Figure5_source_data.csv","4162","0.004",".csv","2026-08-21 00:59:03","False"
"04_submission\package_genome_medicine_gateC8S_2026-08-21\additional_files\source_data\SHA256SUMS.csv","1276","0.0012",".csv","2026-08-21 00:59:59","False"
"04_submission\package_genome_medicine_gateC8S_2026-08-21\additional_files\source_data\Supplementary_Figure_S1_source_data.csv","15014","0.0143",".csv","2026-08-21 00:59:15","False"
"04_submission\package_genome_medicine_gateC8S_2026-08-21\additional_files\source_data\Supplementary_Figure_S2_source_data.csv","26506","0.0253",".csv","2026-08-21 00:59:21","False"
"04_submission\package_genome_medicine_gateC8S_2026-08-21\additional_files\source_data\Supplementary_Figure_S3_source_data.csv","4375","0.0042",".csv","2026-08-21 00:59:26","False"
"04_submission\package_genome_medicine_gateC8S_2026-08-21\additional_files\source_data\Supplementary_Figure_S4_source_data.csv","5599","0.0053",".csv","2026-08-21 00:59:32","False"
"04_submission\package_genome_medicine_gateC8S_2026-08-21\additional_files\source_data\Supplementary_Figure_S5_source_data.csv","4113","0.0039",".csv","2026-08-21 00:59:37","False"
"04_submission\package_genome_medicine_gateC8S_2026-08-21\additional_files\source_data\Supplementary_Figure_S6_source_data.csv","6249","0.006",".csv","2026-08-21 00:59:43","False"
"04_submission\package_genome_medicine_gateC8S_2026-08-21\additional_files\source_data\Supplementary_Figure_S7_source_data.csv","2110","0.002",".csv","2026-08-21 00:59:47","False"
"04_submission\package_genome_medicine_gateC8S_2026-08-21\figures_supplementary\Supplementary_Figure_S1_source_integrity_qc.pdf","51533","0.0491",".pdf","2026-08-21 00:59:18","False"
"04_submission\package_genome_medicine_gateC8S_2026-08-21\figures_supplementary\Supplementary_Figure_S1_source_integrity_qc.png","551569","0.526",".png","2026-08-21 00:59:21","False"
"04_submission\package_genome_medicine_gateC8S_2026-08-21\figures_supplementary\Supplementary_Figure_S2_representation_diagnostics.pdf","50861","0.0485",".pdf","2026-08-21 00:59:24","False"
"04_submission\package_genome_medicine_gateC8S_2026-08-21\figures_supplementary\Supplementary_Figure_S2_representation_diagnostics.png","503738","0.4804",".png","2026-08-21 00:59:26","False"
"04_submission\package_genome_medicine_gateC8S_2026-08-21\figures_supplementary\Supplementary_Figure_S3_identity_adjudication.pdf","51281","0.0489",".pdf","2026-08-21 00:59:30","False"
"04_submission\package_genome_medicine_gateC8S_2026-08-21\figures_supplementary\Supplementary_Figure_S3_identity_adjudication.png","384518","0.3667",".png","2026-08-21 00:59:32","False"
"04_submission\package_genome_medicine_gateC8S_2026-08-21\figures_supplementary\Supplementary_Figure_S4_composition_diagnostics.pdf","47952","0.0457",".pdf","2026-08-21 00:59:35","False"
"04_submission\package_genome_medicine_gateC8S_2026-08-21\figures_supplementary\Supplementary_Figure_S4_composition_diagnostics.png","335514","0.32",".png","2026-08-21 00:59:37","False"
"04_submission\package_genome_medicine_gateC8S_2026-08-21\figures_supplementary\Supplementary_Figure_S5_pseudobulk_diagnostics.pdf","51706","0.0493",".pdf","2026-08-21 00:59:40","False"
"04_submission\package_genome_medicine_gateC8S_2026-08-21\figures_supplementary\Supplementary_Figure_S5_pseudobulk_diagnostics.png","492551","0.4697",".png","2026-08-21 00:59:43","False"
"04_submission\package_genome_medicine_gateC8S_2026-08-21\figures_supplementary\Supplementary_Figure_S6_external_validation_diagnostics.pdf","48118","0.0459",".pdf","2026-08-21 00:59:46","False"
"04_submission\package_genome_medicine_gateC8S_2026-08-21\figures_supplementary\Supplementary_Figure_S6_external_validation_diagnostics.png","391944","0.3738",".png","2026-08-21 00:59:47","False"
"04_submission\package_genome_medicine_gateC8S_2026-08-21\figures_supplementary\Supplementary_Figure_S7_regulator_correlation_sensitivity.pdf","48444","0.0462",".pdf","2026-08-21 00:59:51","False"
"04_submission\package_genome_medicine_gateC8S_2026-08-21\figures_supplementary\Supplementary_Figure_S7_regulator_correlation_sensitivity.png","589432","0.5621",".png","2026-08-21 00:59:54","False"
"04_submission\package_genome_medicine_gateC8S_2026-08-21\figures\Figure1_disease_blind_identity_scope.pdf","60977","0.0582",".pdf","2026-08-21 00:58:41","False"
"04_submission\package_genome_medicine_gateC8S_2026-08-21\figures\Figure1_disease_blind_identity_scope.png","523356","0.4991",".png","2026-08-21 00:58:44","False"
"04_submission\package_genome_medicine_gateC8S_2026-08-21\figures\Figure2_sample_level_composition.pdf","49848","0.0475",".pdf","2026-08-21 00:58:47","False"
"04_submission\package_genome_medicine_gateC8S_2026-08-21\figures\Figure2_sample_level_composition.png","454608","0.4335",".png","2026-08-21 00:58:49","False"
"04_submission\package_genome_medicine_gateC8S_2026-08-21\figures\Figure3_gse174188_bconv_transcription.pdf","55135","0.0526",".pdf","2026-08-21 00:58:54","False"
"04_submission\package_genome_medicine_gateC8S_2026-08-21\figures\Figure3_gse174188_bconv_transcription.png","452040","0.4311",".png","2026-08-21 00:58:55","False"
"04_submission\package_genome_medicine_gateC8S_2026-08-21\figures\Figure4_independent_ifn_replication.pdf","56820","0.0542",".pdf","2026-08-21 00:59:00","False"
"04_submission\package_genome_medicine_gateC8S_2026-08-21\figures\Figure4_independent_ifn_replication.png","628446","0.5993",".png","2026-08-21 00:59:03","False"
"04_submission\package_genome_medicine_gateC8S_2026-08-21\figures\Figure5_regulatory_evidence.pdf","54763","0.0522",".pdf","2026-08-21 00:59:08","False"
"04_submission\package_genome_medicine_gateC8S_2026-08-21\figures\Figure5_regulatory_evidence.png","579776","0.5529",".png","2026-08-21 00:59:10","False"
"04_submission\package_genome_medicine_gateC8S_2026-08-21\internal_qc\cover_letter_a11y.json","285","0.0003",".json","2026-08-21 01:00:36","False"
"04_submission\package_genome_medicine_gateC8S_2026-08-21\internal_qc\GATE_C8S_FINAL_AUDIT.json","3816","0.0036",".json","2026-08-21 01:00:36","False"
"04_submission\package_genome_medicine_gateC8S_2026-08-21\internal_qc\GATE_C8S_FINAL_AUDIT.md","3117","0.003",".md","2026-08-21 01:00:36","False"
"04_submission\package_genome_medicine_gateC8S_2026-08-21\internal_qc\main_text_a11y.json","275","0.0003",".json","2026-08-21 01:00:35","False"
"04_submission\package_genome_medicine_gateC8S_2026-08-21\internal_qc\supplement_a11y.json","272","0.0003",".json","2026-08-21 01:00:36","False"
"04_submission\package_genome_medicine_gateC8S_2026-08-21\internal_qc\wps_render_cover_letter\final-page-1.png","391928","0.3738",".png","2026-08-21 01:00:35","False"
"04_submission\package_genome_medicine_gateC8S_2026-08-21\internal_qc\wps_render_cover_letter\Genome_Medicine_Cover_Letter_GateC8S_AUTHOR_CONFIRMATION_REQUIRED_WPS.pdf","84312","0.0804",".pdf","2026-08-21 01:00:23","False"
"04_submission\package_genome_medicine_gateC8S_2026-08-21\internal_qc\wps_render_main\final-page-01.png","279645","0.2667",".png","2026-08-21 01:00:24","False"
"04_submission\package_genome_medicine_gateC8S_2026-08-21\internal_qc\wps_render_main\final-page-02.png","304309","0.2902",".png","2026-08-21 01:00:24","False"
"04_submission\package_genome_medicine_gateC8S_2026-08-21\internal_qc\wps_render_main\final-page-03.png","292364","0.2788",".png","2026-08-21 01:00:24","False"
"04_submission\package_genome_medicine_gateC8S_2026-08-21\internal_qc\wps_render_main\final-page-04.png","266091","0.2538",".png","2026-08-21 01:00:24","False"
"04_submission\package_genome_medicine_gateC8S_2026-08-21\internal_qc\wps_render_main\final-page-05.png","311609","0.2972",".png","2026-08-21 01:00:25","False"
"04_submission\package_genome_medicine_gateC8S_2026-08-21\internal_qc\wps_render_main\final-page-06.png","293645","0.28",".png","2026-08-21 01:00:25","False"
"04_submission\package_genome_medicine_gateC8S_2026-08-21\internal_qc\wps_render_main\final-page-07.png","297225","0.2835",".png","2026-08-21 01:00:25","False"
"04_submission\package_genome_medicine_gateC8S_2026-08-21\internal_qc\wps_render_main\final-page-08.png","294692","0.281",".png","2026-08-21 01:00:25","False"
"04_submission\package_genome_medicine_gateC8S_2026-08-21\internal_qc\wps_render_main\final-page-09.png","298350","0.2845",".png","2026-08-21 01:00:25","False"
"04_submission\package_genome_medicine_gateC8S_2026-08-21\internal_qc\wps_render_main\final-page-10.png","283019","0.2699",".png","2026-08-21 01:00:26","False"
"04_submission\package_genome_medicine_gateC8S_2026-08-21\internal_qc\wps_render_main\final-page-11.png","322156","0.3072",".png","2026-08-21 01:00:26","False"
"04_submission\package_genome_medicine_gateC8S_2026-08-21\internal_qc\wps_render_main\final-page-12.png","318687","0.3039",".png","2026-08-21 01:00:26","False"
"04_submission\package_genome_medicine_gateC8S_2026-08-21\internal_qc\wps_render_main\final-page-13.png","307199","0.293",".png","2026-08-21 01:00:27","False"
"04_submission\package_genome_medicine_gateC8S_2026-08-21\internal_qc\wps_render_main\final-page-14.png","293054","0.2795",".png","2026-08-21 01:00:27","False"
"04_submission\package_genome_medicine_gateC8S_2026-08-21\internal_qc\wps_render_main\final-page-15.png","337322","0.3217",".png","2026-08-21 01:00:27","False"
"04_submission\package_genome_medicine_gateC8S_2026-08-21\internal_qc\wps_render_main\final-page-16.png","315547","0.3009",".png","2026-08-21 01:00:28","False"
"04_submission\package_genome_medicine_gateC8S_2026-08-21\internal_qc\wps_render_main\final-page-17.png","314142","0.2996",".png","2026-08-21 01:00:28","False"
"04_submission\package_genome_medicine_gateC8S_2026-08-21\internal_qc\wps_render_main\final-page-18.png","303929","0.2898",".png","2026-08-21 01:00:29","False"
"04_submission\package_genome_medicine_gateC8S_2026-08-21\internal_qc\wps_render_main\final-page-19.png","270922","0.2584",".png","2026-08-21 01:00:29","False"
"04_submission\package_genome_medicine_gateC8S_2026-08-21\internal_qc\wps_render_main\final-page-20.png","273100","0.2604",".png","2026-08-21 01:00:29","False"
"04_submission\package_genome_medicine_gateC8S_2026-08-21\internal_qc\wps_render_main\final-page-21.png","300219","0.2863",".png","2026-08-21 01:00:30","False"
"04_submission\package_genome_medicine_gateC8S_2026-08-21\internal_qc\wps_render_main\final-page-22.png","330473","0.3152",".png","2026-08-21 01:00:31","False"
"04_submission\package_genome_medicine_gateC8S_2026-08-21\internal_qc\wps_render_main\final-page-23.png","297069","0.2833",".png","2026-08-21 01:00:31","False"
"04_submission\package_genome_medicine_gateC8S_2026-08-21\internal_qc\wps_render_main\final-page-24.png","289363","0.276",".png","2026-08-21 01:00:31","False"
"04_submission\package_genome_medicine_gateC8S_2026-08-21\internal_qc\wps_render_main\final-page-25.png","282982","0.2699",".png","2026-08-21 01:00:32","False"
"04_submission\package_genome_medicine_gateC8S_2026-08-21\internal_qc\wps_render_main\final-page-26.png","286331","0.2731",".png","2026-08-21 01:00:32","False"
"04_submission\package_genome_medicine_gateC8S_2026-08-21\internal_qc\wps_render_main\final-page-27.png","255859","0.244",".png","2026-08-21 01:00:32","False"
"04_submission\package_genome_medicine_gateC8S_2026-08-21\internal_qc\wps_render_main\Genome_Medicine_Manuscript_GateC8S_AUTHOR_COMPLETION_REQUIRED_WPS.pdf","246934","0.2355",".pdf","2026-08-21 01:00:05","False"
"04_submission\package_genome_medicine_gateC8S_2026-08-21\internal_qc\wps_render_supplement\Additional_file_1_Supplementary_Information_GateC8S_WPS.pdf","3286530","3.1343",".pdf","2026-08-21 01:00:19","False"
"04_submission\package_genome_medicine_gateC8S_2026-08-21\internal_qc\wps_render_supplement\final-page-01.png","372985","0.3557",".png","2026-08-21 01:00:33","False"
"04_submission\package_genome_medicine_gateC8S_2026-08-21\internal_qc\wps_render_supplement\final-page-02.png","301532","0.2876",".png","2026-08-21 01:00:33","False"
"04_submission\package_genome_medicine_gateC8S_2026-08-21\internal_qc\wps_render_supplement\final-page-03.png","259568","0.2475",".png","2026-08-21 01:00:33","False"
"04_submission\package_genome_medicine_gateC8S_2026-08-21\internal_qc\wps_render_supplement\final-page-04.png","262805","0.2506",".png","2026-08-21 01:00:33","False"
"04_submission\package_genome_medicine_gateC8S_2026-08-21\internal_qc\wps_render_supplement\final-page-05.png","100430","0.0958",".png","2026-08-21 01:00:34","False"
"04_submission\package_genome_medicine_gateC8S_2026-08-21\internal_qc\wps_render_supplement\final-page-06.png","223579","0.2132",".png","2026-08-21 01:00:34","False"
"04_submission\package_genome_medicine_gateC8S_2026-08-21\internal_qc\wps_render_supplement\final-page-07.png","214466","0.2045",".png","2026-08-21 01:00:34","False"
"04_submission\package_genome_medicine_gateC8S_2026-08-21\internal_qc\wps_render_supplement\final-page-08.png","187285","0.1786",".png","2026-08-21 01:00:34","False"
"04_submission\package_genome_medicine_gateC8S_2026-08-21\internal_qc\wps_render_supplement\final-page-09.png","172743","0.1647",".png","2026-08-21 01:00:34","False"
"04_submission\package_genome_medicine_gateC8S_2026-08-21\internal_qc\wps_render_supplement\final-page-10.png","212845","0.203",".png","2026-08-21 01:00:35","False"
"04_submission\package_genome_medicine_gateC8S_2026-08-21\internal_qc\wps_render_supplement\final-page-11.png","168408","0.1606",".png","2026-08-21 01:00:35","False"
"04_submission\package_genome_medicine_gateC8S_2026-08-21\internal_qc\wps_render_supplement\final-page-12.png","283928","0.2708",".png","2026-08-21 01:00:35","False"
"04_submission\package_genome_medicine_gateC8S_2026-08-21\main_text\Genome_Medicine_Manuscript_GateC8S_AUTHOR_COMPLETION_REQUIRED.docx","59072","0.0563",".docx","2026-08-21 00:59:58","False"
"04_submission\package_genome_medicine_gateC8S_2026-08-21\MANIFEST_SHA256.csv","13802","0.0132",".csv","2026-08-21 01:00:37","False"
"04_submission\package_genome_medicine_gateC8S_2026-08-21\README_GATE_C8S_PACKAGE.md","1910","0.0018",".md","2026-08-21 01:00:36","False"
"04_submission\package_genome_medicine_gateC8S_2026-08-21\references\crossref_raw_gateC8R.json","827398","0.7891",".json","2026-08-20 17:57:43","False"
"04_submission\package_genome_medicine_gateC8S_2026-08-21\references\reference_verification_gateC8R.csv","5145","0.0049",".csv","2026-08-20 17:57:43","False"
"04_submission\package_genome_medicine_gateC8S_2026-08-21\references\reference_verification_gateC8R.md","1867","0.0018",".md","2026-08-20 17:57:43","False"
"04_submission\package_genome_medicine_gateC8S_2026-08-21\references\references_gateC8R_vancouver.md","6114","0.0058",".md","2026-08-20 17:57:43","False"
"04_submission\package_genome_medicine_gateC8S_2026-08-21\review_copies\Additional_file_1_Supplementary_Information_GateC8S_WPS.pdf","3286530","3.1343",".pdf","2026-08-21 01:00:19","False"
"04_submission\package_genome_medicine_gateC8S_2026-08-21\review_copies\Genome_Medicine_Cover_Letter_GateC8S_AUTHOR_CONFIRMATION_REQUIRED_WPS.pdf","84312","0.0804",".pdf","2026-08-21 01:00:23","False"
"04_submission\package_genome_medicine_gateC8S_2026-08-21\review_copies\Genome_Medicine_Manuscript_GateC8S_AUTHOR_COMPLETION_REQUIRED_WPS.pdf","246934","0.2355",".pdf","2026-08-21 01:00:05","False"
"04_submission\package_genome_medicine_gateC8S_2026-08-21\submission_docs\author_completion_form_gateC8S_2026-08-21.md","2287","0.0022",".md","2026-08-21 00:59:57","False"
"04_submission\package_genome_medicine_gateC8S_2026-08-21\submission_docs\cover_letter_genome_medicine_gateC8S_AUTHOR_COMPLETION_REQUIRED_2026-08-21.md","3340","0.0032",".md","2026-08-21 00:59:57","False"
"04_submission\package_genome_medicine_gateC8S_2026-08-21\submission_docs\Genome_Medicine_Cover_Letter_GateC8S_AUTHOR_CONFIRMATION_REQUIRED.docx","40165","0.0383",".docx","2026-08-21 00:59:59","False"
"04_submission\package_genome_medicine_gateC8S_2026-08-21\submission_docs\journal_target_decision_gateC8S_2026-08-21.md","2985","0.0028",".md","2026-08-21 00:59:57","False"
"04_submission\package_genome_medicine_gateC8S_2026-08-21\submission_docs\reporting_checklist_gateC8S_2026-08-21.md","2377","0.0023",".md","2026-08-21 00:59:57","False"
"04_submission\package_working\bundle_manifest.csv","20824","0.0199",".csv","2026-07-22 11:41:41","False"
"04_submission\package_working\bundle_manifest.md","18972","0.0181",".md","2026-07-22 11:41:41","False"
"04_submission\package_working\figures_main\Figure_1_dataset_overview.png","651863","0.6217",".png","2026-06-29 06:30:02","False"
"04_submission\package_working\figures_main\Figure_2_refined_bcell_state_atlas.png","2090996","1.9941",".png","2026-06-24 01:18:47","False"
"04_submission\package_working\figures_main\Figure_3_abc_apc_focus.png","1038759","0.9906",".png","2026-06-29 06:41:33","False"
"04_submission\package_working\figures_main\Figure_4_covariate_sensitivity.png","617213","0.5886",".png","2026-07-01 05:17:40","False"
"04_submission\package_working\figures_main\Figure_5_literature_signature_validation.png","788119","0.7516",".png","2026-07-01 05:29:43","False"
"04_submission\package_working\figures_supplementary\Supplementary_Figure_S1_flagged_cluster_qc.png","1038155","0.9901",".png","2026-06-29 06:55:32","False"
"04_submission\package_working\figures_validation\Figure_6_candidate_gse163121_independent_bcell_validation.png","402179","0.3835",".png","2026-07-07 22:35:07","False"
"04_submission\package_working\figures_validation\Figure_6_gse135779_large_cohort_validation.pdf","64618","0.0616",".pdf","2026-07-22 11:35:54","False"
"04_submission\package_working\figures_validation\Figure_6_gse135779_large_cohort_validation.png","394861","0.3766",".png","2026-07-22 11:35:53","False"
"04_submission\package_working\figures_validation\Figure_7_candidate_OneK1K_Bcell_reference_context.pdf","66135","0.0631",".pdf","2026-07-22 11:34:49","False"
"04_submission\package_working\figures_validation\Figure_7_candidate_OneK1K_Bcell_reference_context.png","358699","0.3421",".png","2026-07-22 11:34:48","False"
"04_submission\package_working\internal_qc\citation_signature_audit_v1.md","11493","0.011",".md","2026-07-01 05:59:10","False"
"04_submission\package_working\internal_qc\figure_contact_sheet_2026-07-22.png","526241","0.5019",".png","2026-07-22 11:36:05","False"
"04_submission\package_working\internal_qc\figure_quality_qc_2026-07-22.csv","2218","0.0021",".csv","2026-07-22 11:36:04","False"
"04_submission\package_working\internal_qc\figure_quality_qc_2026-07-22.md","2451","0.0023",".md","2026-07-22 11:36:04","False"
"04_submission\package_working\internal_qc\gse135779_bcell_validation_summary.md","1715","0.0016",".md","2026-07-22 11:35:52","False"
"04_submission\package_working\internal_qc\gse135779_validation_readiness_summary.md","2068","0.002",".md","2026-07-07 22:33:59","False"
"04_submission\package_working\internal_qc\gse163121_bcell_validation_summary.md","2141","0.002",".md","2026-07-07 22:35:03","False"
"04_submission\package_working\internal_qc\manuscript_evidence_table_2026-06-29.csv","5643","0.0054",".csv","2026-07-01 05:32:29","False"
"04_submission\package_working\internal_qc\manuscript_v3_numeric_claim_audit.md","3816","0.0036",".md","2026-07-08 19:40:55","False"
"04_submission\package_working\internal_qc\manuscript_v3_structure_qc_2026-07-09.csv","347","0.0003",".csv","2026-07-09 05:57:19","False"
"04_submission\package_working\internal_qc\manuscript_v3_structure_qc_2026-07-09.md","1331","0.0013",".md","2026-07-09 05:57:19","False"
"04_submission\package_working\internal_qc\manuscript_v3_upper_q1_working_structure_qc_2026-07-22.md","1348","0.0013",".md","2026-07-22 11:38:57","False"
"04_submission\package_working\internal_qc\manuscript_v4_nature_style_refined_structure_qc_2026-07-22.md","1329","0.0013",".md","2026-07-22 11:38:57","False"
"04_submission\package_working\internal_qc\manuscript_v4_numeric_claim_audit_2026-07-22.md","3257","0.0031",".md","2026-07-22 11:41:25","False"
"04_submission\package_working\internal_qc\onek1k_bcell_reference_context_summary.md","1034","0.001",".md","2026-07-22 11:34:49","False"
"04_submission\package_working\internal_qc\onek1k_cellxgene_inspection_summary.md","1252","0.0012",".md","2026-07-08 18:59:02","False"
"04_submission\package_working\internal_qc\OneK1K_checksums_sha256_2026-07-08.txt","207","0.0002",".txt","2026-07-08 19:07:10","False"
"04_submission\package_working\internal_qc\phase10_targets_2026-07-07.md","2164","0.0021",".md","2026-07-08 18:07:03","False"
"04_submission\package_working\internal_qc\phase11_targets_2026-07-08.md","1989","0.0019",".md","2026-07-08 18:07:52","False"
"04_submission\package_working\internal_qc\phase12_targets_2026-07-08.md","2106","0.002",".md","2026-07-08 19:24:58","False"
"04_submission\package_working\internal_qc\phase13_targets_2026-07-08.md","2251","0.0021",".md","2026-07-08 19:38:27","False"
"04_submission\package_working\internal_qc\phase14_targets_2026-07-09.md","2888","0.0028",".md","2026-07-09 05:58:08","False"
"04_submission\package_working\internal_qc\phase15_targets_2026-07-22.md","2861","0.0027",".md","2026-07-22 11:40:57","False"
"04_submission\package_working\internal_qc\phase9_targets_2026-07-01.md","1885","0.0018",".md","2026-07-01 06:52:55","False"
"04_submission\package_working\internal_qc\reference_verification_crossref_2026-07-09.csv","1860","0.0018",".csv","2026-07-09 05:53:55","False"
"04_submission\package_working\internal_qc\reference_verification_crossref_2026-07-09.md","2511","0.0024",".md","2026-07-09 05:53:55","False"
"04_submission\package_working\internal_qc\signature_to_citation_audit_2026-07-01.csv","2993","0.0029",".csv","2026-07-01 05:59:10","False"
"04_submission\package_working\internal_qc\submission_manifest_v1.csv","5445","0.0052",".csv","2026-07-01 06:44:16","False"
"04_submission\package_working\internal_qc\submission_manifest_v1.md","2937","0.0028",".md","2026-07-01 06:44:16","False"
"04_submission\package_working\main_text\figure_legends\figure1_legend_draft.md","2058","0.002",".md","2026-06-29 06:31:17","False"
"04_submission\package_working\main_text\figure_legends\figure2_v3_legend_draft.md","3044","0.0029",".md","2026-06-24 01:19:51","False"
"04_submission\package_working\main_text\figure_legends\figure3_v1_legend_draft.md","3213","0.0031",".md","2026-06-29 06:50:46","False"
"04_submission\package_working\main_text\figure_legends\figure4_v1_legend_draft.md","2725","0.0026",".md","2026-07-01 05:19:47","False"
"04_submission\package_working\main_text\figure_legends\figure5_v1_legend_draft.md","2793","0.0027",".md","2026-07-01 05:32:29","False"
"04_submission\package_working\main_text\figure_legends\figure6_gse135779_validation_legend_draft.md","1634","0.0016",".md","2026-07-08 18:07:52","False"
"04_submission\package_working\main_text\figure_legends\figure6_gse163121_validation_legend_draft.md","1592","0.0015",".md","2026-07-07 22:38:57","False"
"04_submission\package_working\main_text\figure_legends\figure7_onek1k_reference_context_legend_draft.md","1114","0.0011",".md","2026-07-08 19:24:58","False"
"04_submission\package_working\main_text\figure_legends\supplement_qc_flagged_cluster_legend_draft.md","2022","0.0019",".md","2026-06-29 06:56:46","False"
"04_submission\package_working\main_text\manuscript_v2_submission_style.md","13779","0.0131",".md","2026-07-01 06:42:29","False"
"04_submission\package_working\main_text\manuscript_v3_upper_q1_working.md","20701","0.0197",".md","2026-07-09 05:57:40","False"
"04_submission\package_working\main_text\manuscript_v4_nature_style_refined.md","18514","0.0177",".md","2026-07-22 11:38:06","False"
"04_submission\package_working\main_text\methods_external_validation_addendum.md","3635","0.0035",".md","2026-07-08 19:33:58","False"
"04_submission\package_working\main_text\results_drafts\results_draft_phase10_external_validation.md","3297","0.0031",".md","2026-07-08 18:07:03","False"
"04_submission\package_working\main_text\results_drafts\results_draft_phase12_onek1k_reference_context.md","1472","0.0014",".md","2026-07-08 19:24:58","False"
"04_submission\package_working\main_text\title_abstract_options_v1.md","4352","0.0042",".md","2026-06-29 06:57:56","False"
"04_submission\package_working\README.md","1352","0.0013",".md","2026-07-22 11:41:41","False"
"04_submission\package_working\references\references_verified_crossref_2026-07-09.bib","8923","0.0085",".bib","2026-07-09 05:53:55","False"
"04_submission\package_working\references\references_working_v1.bib","3235","0.0031",".bib","2026-07-08 19:33:58","False"
"04_submission\package_working\submission_docs\advisor_full_project_audit_2026-07-22.md","6235","0.0059",".md","2026-07-22 11:39:57","False"
"04_submission\package_working\submission_docs\cover_letter_pitch_v1.md","1791","0.0017",".md","2026-07-08 19:35:23","False"
"04_submission\package_working\submission_docs\data_code_availability_v1.md","1924","0.0018",".md","2026-07-08 19:36:16","False"
"04_submission\package_working\submission_docs\external_regulatory_evidence_strategy_v1.md","2257","0.0022",".md","2026-07-08 19:24:58","False"
"04_submission\package_working\submission_docs\figure_triage_nature_style_2026-07-22.md","2068","0.002",".md","2026-07-22 11:39:57","False"
"04_submission\package_working\submission_docs\figure_triage_v1.md","3066","0.0029",".md","2026-07-22 11:39:57","False"
"04_submission\package_working\submission_docs\final_formatting_todo_by_journal_type_v1.md","3731","0.0036",".md","2026-07-01 06:52:14","False"
"04_submission\package_working\submission_docs\journal_shortlist_upper_q1_2026-07-09.md","5676","0.0054",".md","2026-07-09 05:55:38","False"
"04_submission\package_working\submission_docs\journal_target_decision_matrix_v1.md","5587","0.0053",".md","2026-07-09 05:55:38","False"
"04_submission\package_working\submission_docs\manuscript_qc_v1.md","1755","0.0017",".md","2026-07-01 06:45:08","False"
"04_submission\package_working\submission_docs\reviewer_risk_register_v1.md","3074","0.0029",".md","2026-07-08 19:35:23","False"
"04_submission\package_working\submission_docs\submission_package_checklist_v1.md","3886","0.0037",".md","2026-07-22 11:40:34","False"
"04_submission\package_working\submission_docs\supplementary_tables_index_v1.md","3459","0.0033",".md","2026-07-08 19:35:23","False"
"04_submission\package_working\submission_docs\upper_q1_validation_strategy_v1.md","3115","0.003",".md","2026-07-08 19:24:58","False"
"04_submission\package_working\tables_supplementary\Supplementary_Table_S1_dataset_summary.csv","127","0.0001",".csv","2026-06-29 06:29:58","False"
"04_submission\package_working\tables_supplementary\Supplementary_Table_S2_refined_bcell_state_counts.csv","430","0.0004",".csv","2026-06-29 06:29:58","False"
"04_submission\package_working\tables_supplementary\Supplementary_Table_S3_donor_state_abundance_tests.csv","1532","0.0015",".csv","2026-06-23 19:27:46","False"
"04_submission\package_working\tables_supplementary\Supplementary_Table_S4_raw_count_marker_summary_by_state.csv","62684","0.0598",".csv","2026-06-24 01:08:51","False"
"04_submission\package_working\tables_supplementary\Supplementary_Table_S5_abc_apc_pseudobulk_program_tests.csv","1844","0.0018",".csv","2026-06-29 06:37:13","False"
"04_submission\package_working\tables_supplementary\Supplementary_Table_S6_covariate_adjusted_abundance_models.csv","5856","0.0056",".csv","2026-07-01 05:17:35","False"
"04_submission\package_working\tables_supplementary\Supplementary_Table_S7_literature_signature_tests.csv","2277","0.0022",".csv","2026-07-01 05:29:39","False"
"04_submission\package_working\tables_supplementary\Supplementary_Table_S8_literature_signature_catalog.csv","2217","0.0021",".csv","2026-07-01 05:29:38","False"
"04_submission\package_working\tables_supplementary\Supplementary_Table_S9a_flagged_cluster_top_ranked_markers.csv","2291","0.0022",".csv","2026-06-29 06:55:33","False"
"04_submission\package_working\tables_supplementary\Supplementary_Table_S9b_flagged_cluster_selected_marker_expression.csv","1638","0.0016",".csv","2026-06-29 06:55:33","False"
"04_submission\package_working\tables_supplementary\Supplementary_Table_S9c_core_state_sensitivity_excluding_flagged_cluster.csv","1431","0.0014",".csv","2026-06-29 06:55:33","False"
"04_submission\package_working\tables_validation\GSE135779_donor_program_score_tests.csv","4179","0.004",".csv","2026-07-22 11:35:52","False"
"04_submission\package_working\tables_validation\GSE135779_donor_program_scores.csv","10461","0.01",".csv","2026-07-22 11:35:52","False"
"04_submission\package_working\tables_validation\GSE135779_marker_summary_by_disease.csv","1276","0.0012",".csv","2026-07-22 11:35:52","False"
"04_submission\package_working\tables_validation\GSE135779_metadata_summary.csv","215","0.0002",".csv","2026-07-07 22:33:59","False"
"04_submission\package_working\tables_validation\GSE135779_program_gene_presence.csv","1065","0.001",".csv","2026-07-07 22:33:59","False"
"04_submission\package_working\tables_validation\GSE163121_marker_summary_by_disease.csv","1261","0.0012",".csv","2026-07-07 22:35:03","False"
"04_submission\package_working\tables_validation\GSE163121_sample_program_score_tests.csv","1313","0.0013",".csv","2026-07-07 22:35:03","False"
"04_submission\package_working\tables_validation\GSE163121_sample_program_scores.csv","1156","0.0011",".csv","2026-07-07 22:35:03","False"
"04_submission\package_working\tables_validation\OneK1K_b_lineage_like_summary.csv","109","0.0001",".csv","2026-07-08 18:58:59","False"
"04_submission\package_working\tables_validation\OneK1K_bcell_cell_type_counts.csv","136","0.0001",".csv","2026-07-22 11:34:46","False"
"04_submission\package_working\tables_validation\OneK1K_bcell_marker_expression_by_cell_type.csv","5547","0.0053",".csv","2026-07-22 11:34:46","False"
"04_submission\package_working\tables_validation\OneK1K_bcell_program_gene_presence.csv","558","0.0005",".csv","2026-07-22 11:34:46","False"
"04_submission\package_working\tables_validation\OneK1K_bcell_program_summary_by_cell_type.csv","3170","0.003",".csv","2026-07-22 11:34:46","False"
"04_submission\package_working\tables_validation\OneK1K_bcell_program_summary_by_donor_cell_type.csv","537100","0.5122",".csv","2026-07-22 11:34:46","False"
"04_submission\package_working\tables_validation\OneK1K_bcell_target_gene_presence.csv","469","0.0004",".csv","2026-07-22 11:34:46","False"
"04_submission\package_working\tables_validation\OneK1K_cellxgene_collection_metadata.csv","441","0.0004",".csv","2026-07-08 18:58:59","False"
"04_submission\package_working\tables_validation\OneK1K_manuscript_gene_presence.csv","210","0.0002",".csv","2026-07-08 18:58:59","False"
"04_submission\package_working\tables_validation\OneK1K_top_cell_type_counts.csv","1094","0.001",".csv","2026-07-08 18:59:00","False"
"04_submission\phase7_regulatory_evidence_audit_2026-07-27.md","4655","0.0044",".md","2026-07-27 08:09:48","False"
"04_submission\phase7_regulatory_evidence_qc_2026-07-27.csv","1510","0.0014",".csv","2026-07-27 08:13:48","False"
"04_submission\phase7_regulatory_evidence_qc_2026-07-27.md","1843","0.0018",".md","2026-07-27 08:13:48","False"
"04_submission\Portal_Upload_Guide.md","1551","0.0015",".md","2026-08-25 06:20:42","True"
"04_submission\README.md","987","0.0009",".md","2026-08-25 06:35:22","True"
"04_submission\reference_verification\reference_verification_crossref_2026-07-09.csv","1860","0.0018",".csv","2026-07-09 05:53:55","False"
"04_submission\reference_verification\reference_verification_crossref_2026-07-09.md","2511","0.0024",".md","2026-07-09 05:53:55","False"
"04_submission\reporting_checklist_gateC8_2026-08-20.md","1758","0.0017",".md","2026-08-20 17:06:20","False"
"04_submission\reporting_checklist_gateC8R_2026-08-20.md","2107","0.002",".md","2026-08-20 18:21:54","False"
"04_submission\reporting_checklist_gateC8S_2026-08-21.md","2377","0.0023",".md","2026-08-21 00:59:57","False"
"04_submission\Reporting_Checklist.md","2167","0.0021",".md","2026-08-27 10:44:16","True"
"04_submission\reviewer_risk_register_v1.md","3074","0.0029",".md","2026-07-08 19:35:23","False"
"04_submission\SHA256SUMS_v1.0.0.txt","235","0.0002",".txt","2026-08-25 04:55:45","False"
"04_submission\SLE_Bcell_Advisor_Report_Package_2026-07-31.zip","12724373","12.1349",".zip","2026-07-31 12:34:56","False"
"04_submission\SLE_Bcell_Advisor_Report_Package_2026-07-31.zip.sha256","115","0.0001",".sha256","2026-07-31 12:34:56","False"
"04_submission\sle-bcell-remodeling-v1.0.0-source.zip","41764089","39.8293",".zip","2026-08-25 04:55:26","False"
"04_submission\submission_manifest_v1.csv","5445","0.0052",".csv","2026-07-01 06:44:16","False"
"04_submission\submission_manifest_v1.md","2937","0.0028",".md","2026-07-01 06:44:16","False"
"04_submission\submission_package_checklist_v1.md","3886","0.0037",".md","2026-07-22 11:40:34","False"
"04_submission\submission_package_checklist_v2_2026-07-22.md","2408","0.0023",".md","2026-07-22 12:39:58","False"
"04_submission\submission_package_checklist_v3_2026-07-27.md","2820","0.0027",".md","2026-07-27 07:13:53","False"
"04_submission\submission_package_checklist_v4_2026-07-31.md","2928","0.0028",".md","2026-07-31 03:55:47","False"
"04_submission\submission_readiness_and_next_stage_v5_2026-07-31.md","3210","0.0031",".md","2026-07-31 03:55:47","False"
"04_submission\supplementary_tables_index_v1.md","3459","0.0033",".md","2026-07-08 19:35:23","False"
"04_submission\upper_q1_validation_strategy_v1.md","3115","0.003",".md","2026-07-08 19:24:58","False"
"04_submission\Zenodo_Metadata.json","1326","0.0013",".json","2026-08-27 10:44:16","True"
"99_admin_course_docs\实验室安全承诺书陈植.pdf","68297","0.0651",".pdf","2026-05-22 22:23:24","False"
"99_admin_course_docs\实验室安全考核证书陈植.pdf","7758120","7.3987",".pdf","2026-05-22 22:23:24","False"
"99_admin_course_docs\Consent Letter.jpg","317719","0.303",".jpg","2026-05-22 22:23:23","False"
"99_admin_course_docs\Consent Letter.pdf","119619","0.1141",".pdf","2026-05-22 22:23:24","False"
"audit_tools\__pycache__\build_6013RP_phase17_review_pack.cpython-311.pyc","19963","0.019",".pyc","2026-08-10 19:40:04","False"
"audit_tools\__pycache__\build_page_contact_sheets.cpython-312.pyc","4284","0.0041",".pyc","2026-08-21 02:03:07","False"
"audit_tools\__pycache__\build_research_proposal_v14.cpython-311.pyc","26358","0.0251",".pyc","2026-08-10 17:55:14","False"
"audit_tools\__pycache__\build_research_proposal_v14.cpython-312.pyc","22572","0.0215",".pyc","2026-08-10 17:18:09","False"
"audit_tools\__pycache__\check_submission_environment.cpython-311.pyc","5867","0.0056",".pyc","2026-08-25 06:32:14","False"
"audit_tools\__pycache__\docx_a11y_audit.cpython-313.pyc","7156","0.0068",".pyc","2026-08-25 02:31:32","False"
"audit_tools\__pycache__\inspect_6013RP_h5ad_deep.cpython-311.pyc","19238","0.0183",".pyc","2026-08-10 19:40:04","False"
"audit_tools\__pycache__\phase17_00_freeze_and_verify_inputs_v2.cpython-311.pyc","8285","0.0079",".pyc","2026-08-10 19:40:04","False"
"audit_tools\__pycache__\phase17_01_metadata_hierarchy_audit_v2.cpython-311.pyc","16411","0.0157",".pyc","2026-08-10 19:40:04","False"
"audit_tools\__pycache__\phase17_02_raw_count_qc_profile_v2.cpython-311.pyc","18718","0.0179",".pyc","2026-08-10 19:40:04","False"
"audit_tools\__pycache__\phase17_c1_03_strict_support_reaudit.cpython-311.pyc","6226","0.0059",".pyc","2026-08-10 18:25:39","False"
"audit_tools\__pycache__\phase17_c2a_01_prepare_smoke.cpython-311.pyc","19925","0.019",".pyc","2026-08-10 17:06:51","False"
"audit_tools\__pycache__\phase17_c2a_02_smoke_recluster.cpython-311.pyc","24413","0.0233",".pyc","2026-08-10 17:02:35","False"
"audit_tools\__pycache__\phase17_c2a_03_review_smoke.cpython-311.pyc","11207","0.0107",".pyc","2026-08-10 18:25:39","False"
"audit_tools\__pycache__\phase17_c2b_01_prepare_full.cpython-311.pyc","10349","0.0099",".pyc","2026-08-10 18:25:39","False"
"audit_tools\__pycache__\phase17_c2b_02_full_library_doublets.cpython-311.pyc","16160","0.0154",".pyc","2026-08-10 19:13:01","False"
"audit_tools\__pycache__\phase17_c2b_03_review_residual_doublets.cpython-311.pyc","16117","0.0154",".pyc","2026-08-10 19:13:01","False"
"audit_tools\__pycache__\phase17_c2b_04_blineage_extraction_audit.cpython-311.pyc","15553","0.0148",".pyc","2026-08-12 17:56:41","False"
"audit_tools\__pycache__\phase17_c2b_05_finalize_gatec2b1.cpython-311.pyc","13911","0.0133",".pyc","2026-08-12 17:56:41","False"
"audit_tools\__pycache__\phase17_c2b_06_refine_blineage_candidates.cpython-311.pyc","16152","0.0154",".pyc","2026-08-12 17:56:41","False"
"audit_tools\__pycache__\phase17_c2b_07_prepare_representation.cpython-311.pyc","28106","0.0268",".pyc","2026-08-25 17:43:57","False"
"audit_tools\__pycache__\phase17_c2b_08_fit_representation.cpython-311.pyc","34274","0.0327",".pyc","2026-08-14 15:11:16","False"
"audit_tools\__pycache__\phase17_c2b_09_review_representation.cpython-311.pyc","40335","0.0385",".pyc","2026-08-13 13:50:58","False"
"audit_tools\__pycache__\phase17_c2b_10_finalize_gatec2b2.cpython-311.pyc","18374","0.0175",".pyc","2026-08-13 13:50:58","False"
"audit_tools\__pycache__\phase17_c2b_11_resampling_stability.cpython-311.pyc","24288","0.0232",".pyc","2026-08-14 15:11:16","False"
"audit_tools\__pycache__\phase17_c2b_12_map_blineage_candidates.cpython-311.pyc","23444","0.0224",".pyc","2026-08-13 13:50:58","False"
"audit_tools\__pycache__\phase17_c2b_13_rank_neutral_markers.cpython-311.pyc","20682","0.0197",".pyc","2026-08-13 13:50:58","False"
"audit_tools\__pycache__\phase17_c2b_14_review_gatec2b3.cpython-311.pyc","22151","0.0211",".pyc","2026-08-14 15:11:16","False"
"audit_tools\__pycache__\phase17_c2b_15_adjudicate_two_level_model.cpython-311.pyc","34659","0.0331",".pyc","2026-08-15 14:02:26","False"
"audit_tools\__pycache__\phase17_c3_01_unlock_metadata_and_freeze_design.cpython-311.pyc","49742","0.0474",".pyc","2026-08-15 14:17:15","False"
"audit_tools\__pycache__\phase17_c3_02_fit_frozen_abundance.cpython-311.pyc","63044","0.0601",".pyc","2026-08-15 14:41:24","False"
"audit_tools\__pycache__\phase17_c3_02_fit_frozen_abundance.cpython-313.pyc","54151","0.0516",".pyc","2026-08-27 10:13:52","False"
"audit_tools\__pycache__\phase17_c4a_01_extract_raw_pseudobulk.cpython-311.pyc","47791","0.0456",".pyc","2026-08-15 15:14:23","False"
"audit_tools\__pycache__\phase17_c4a_02_review_freeze.cpython-311.pyc","36514","0.0348",".pyc","2026-08-15 15:14:23","False"
"audit_tools\__pycache__\phase17_c4b_01_export_frozen_matrices.cpython-311.pyc","19149","0.0183",".pyc","2026-08-15 15:25:17","False"
"audit_tools\__pycache__\phase17_c4b_04_review_and_figure.cpython-311.pyc","37026","0.0353",".pyc","2026-08-15 15:39:31","False"
"audit_tools\__pycache__\phase17_c5a_01_source_mapping_freeze.cpython-311.pyc","39449","0.0376",".pyc","2026-08-15 16:16:35","False"
"audit_tools\__pycache__\phase17_c5a_01_source_mapping_freeze.cpython-313.pyc","34045","0.0325",".pyc","2026-08-15 16:27:58","False"
"audit_tools\__pycache__\phase17_c5a_02_review_freeze.cpython-311.pyc","31880","0.0304",".pyc","2026-08-15 16:16:35","False"
"audit_tools\__pycache__\phase17_c5a_02_review_freeze.cpython-313.pyc","28946","0.0276",".pyc","2026-08-15 16:27:58","False"
"audit_tools\__pycache__\phase17_c5b_01_export_frozen_matrices.cpython-311.pyc","22543","0.0215",".pyc","2026-08-15 17:21:38","False"
"audit_tools\__pycache__\phase17_c5b_04_review_and_figure.cpython-311.pyc","45057","0.043",".pyc","2026-08-15 17:21:38","False"
"audit_tools\__pycache__\phase17_c6b_01_freeze_external_resources.cpython-311.pyc","19833","0.0189",".pyc","2026-08-15 18:14:44","False"
"audit_tools\__pycache__\phase17_c6b_01_freeze_external_resources.cpython-313.pyc","16712","0.0159",".pyc","2026-08-15 18:32:17","False"
"audit_tools\__pycache__\phase17_c6b_02_qualify_regulatory_engine.cpython-311.pyc","29584","0.0282",".pyc","2026-08-15 18:14:44","False"
"audit_tools\__pycache__\phase17_c6b_02_qualify_regulatory_engine.cpython-313.pyc","24618","0.0235",".pyc","2026-08-15 18:32:17","False"
"audit_tools\__pycache__\phase17_c6b_03_fit_frozen_regulators.cpython-311.pyc","37829","0.0361",".pyc","2026-08-15 18:19:36","False"
"audit_tools\__pycache__\phase17_c6b_03_fit_frozen_regulators.cpython-313.pyc","31055","0.0296",".pyc","2026-08-15 18:32:17","False"
"audit_tools\__pycache__\phase17_c6b_04_qualify_orthogonal_methods.cpython-311.pyc","12873","0.0123",".pyc","2026-08-15 18:17:37","False"
"audit_tools\__pycache__\phase17_c6b_04_qualify_orthogonal_methods.cpython-313.pyc","10932","0.0104",".pyc","2026-08-15 18:32:17","False"
"audit_tools\__pycache__\phase17_c6b_05_run_orthogonal_response.cpython-311.pyc","25678","0.0245",".pyc","2026-08-15 18:21:17","False"
"audit_tools\__pycache__\phase17_c6b_05_run_orthogonal_response.cpython-313.pyc","21279","0.0203",".pyc","2026-08-15 18:32:17","False"
"audit_tools\__pycache__\phase17_c6b_06_review_and_figure.cpython-311.pyc","37383","0.0357",".pyc","2026-08-15 18:26:36","False"
"audit_tools\__pycache__\phase17_c6b_06_review_and_figure.cpython-313.pyc","31894","0.0304",".pyc","2026-08-15 18:32:17","False"
"audit_tools\__pycache__\phase17_c7_01_build_main_figures.cpython-311.pyc","81846","0.0781",".pyc","2026-08-25 04:29:03","False"
"audit_tools\__pycache__\phase17_c7_01_build_main_figures.cpython-312.pyc","64372","0.0614",".pyc","2026-08-21 01:49:39","False"
"audit_tools\__pycache__\phase17_c7_01_build_main_figures.cpython-313.pyc","74066","0.0706",".pyc","2026-08-27 10:36:46","False"
"audit_tools\__pycache__\phase17_c7_02_integrate_manuscript.cpython-313.pyc","43097","0.0411",".pyc","2026-08-20 16:24:10","False"
"audit_tools\__pycache__\phase17_c7_03_audit_package.cpython-313.pyc","21135","0.0202",".pyc","2026-08-20 16:24:10","False"
"audit_tools\__pycache__\phase17_c8_01_verify_references.cpython-312.pyc","10886","0.0104",".pyc","2026-08-20 16:42:54","False"
"audit_tools\__pycache__\phase17_c8_02_build_submission_sources.cpython-312.pyc","33635","0.0321",".pyc","2026-08-20 16:42:54","False"
"audit_tools\__pycache__\phase17_c8_03_build_documents.cpython-312.pyc","34250","0.0327",".pyc","2026-08-20 16:42:54","False"
"audit_tools\__pycache__\phase17_c8b_00_build_main_figures.cpython-312.pyc","4224","0.004",".pyc","2026-08-21 02:03:07","False"
"audit_tools\__pycache__\phase17_c8b_01_verify_references.cpython-312.pyc","3829","0.0037",".pyc","2026-08-21 02:03:07","False"
"audit_tools\__pycache__\phase17_c8b_02_build_submission_sources.cpython-312.pyc","13740","0.0131",".pyc","2026-08-21 02:03:07","False"
"audit_tools\__pycache__\phase17_c8b_03_build_documents.cpython-312.pyc","9556","0.0091",".pyc","2026-08-21 02:03:07","False"
"audit_tools\__pycache__\phase17_c8b_04_final_audit.cpython-312.pyc","35086","0.0335",".pyc","2026-08-21 02:03:07","False"
"audit_tools\__pycache__\phase17_c8br_00_build_main_figures.cpython-313.pyc","6095","0.0058",".pyc","2026-08-25 02:31:32","False"
"audit_tools\__pycache__\phase17_c8br_00_release_smoke_test.cpython-313.pyc","5339","0.0051",".pyc","2026-08-25 02:31:32","False"
"audit_tools\__pycache__\phase17_c8br_01_verify_references.cpython-313.pyc","4255","0.0041",".pyc","2026-08-25 02:31:32","False"
"audit_tools\__pycache__\phase17_c8br_02_build_submission_sources.cpython-313.pyc","23907","0.0228",".pyc","2026-08-25 02:31:32","False"
"audit_tools\__pycache__\phase17_c8br_03_build_documents.cpython-313.pyc","9940","0.0095",".pyc","2026-08-25 02:31:32","False"
"audit_tools\__pycache__\phase17_c8br_04_final_audit.cpython-313.pyc","38875","0.0371",".pyc","2026-08-25 02:31:32","False"
"audit_tools\__pycache__\phase17_c8brf_00_build_main_figures.cpython-311.pyc","10234","0.0098",".pyc","2026-08-25 04:29:03","False"
"audit_tools\__pycache__\phase17_c8brf_00_build_main_figures.cpython-313.pyc","12112","0.0116",".pyc","2026-08-25 23:30:09","False"
"audit_tools\__pycache__\phase17_c8brf_01_uuid_governance.cpython-311.pyc","10093","0.0096",".pyc","2026-08-25 04:29:03","False"
"audit_tools\__pycache__\phase17_c8brf_01_uuid_governance.cpython-313.pyc","8917","0.0085",".pyc","2026-08-25 04:54:04","False"
"audit_tools\__pycache__\phase17_c8brf_02_build_submission_sources.cpython-313.pyc","25151","0.024",".pyc","2026-08-27 10:46:54","False"
"audit_tools\__pycache__\phase17_c8brf_03_build_documents.cpython-311.pyc","17499","0.0167",".pyc","2026-08-25 06:32:14","False"
"audit_tools\__pycache__\phase17_c8brf_03_build_documents.cpython-313.pyc","24744","0.0236",".pyc","2026-08-27 10:46:54","False"
"audit_tools\__pycache__\phase17_c8brf_04_final_audit.cpython-311.pyc","30471","0.0291",".pyc","2026-08-25 06:32:14","False"
"audit_tools\__pycache__\phase17_c8brf_04_final_audit.cpython-313.pyc","29189","0.0278",".pyc","2026-08-27 10:46:54","False"
"audit_tools\__pycache__\phase17_c8brp_00_build_main_figures.cpython-313.pyc","5932","0.0057",".pyc","2026-08-25 03:36:01","False"
"audit_tools\__pycache__\phase17_c8brp_01_build_submission_sources.cpython-313.pyc","28035","0.0267",".pyc","2026-08-25 03:36:01","False"
"audit_tools\__pycache__\phase17_c8brp_02_build_documents.cpython-313.pyc","14186","0.0135",".pyc","2026-08-25 03:36:01","False"
"audit_tools\__pycache__\phase17_c8brp_03_final_audit.cpython-313.pyc","44958","0.0429",".pyc","2026-08-25 03:36:01","False"
"audit_tools\__pycache__\phase17_c8r_02_verify_references.cpython-312.pyc","12284","0.0117",".pyc","2026-08-20 18:20:08","False"
"audit_tools\__pycache__\phase17_c8r_02_verify_references.cpython-313.pyc","12487","0.0119",".pyc","2026-08-25 02:17:08","False"
"audit_tools\__pycache__\phase17_c8r_03_build_submission_sources.cpython-312.pyc","43262","0.0413",".pyc","2026-08-20 18:20:08","False"
"audit_tools\__pycache__\phase17_c8r_04_build_documents.cpython-312.pyc","37121","0.0354",".pyc","2026-08-20 18:20:08","False"
"audit_tools\__pycache__\phase17_c8r_05_final_submission_audit.cpython-312.pyc","40267","0.0384",".pyc","2026-08-20 18:20:08","False"
"audit_tools\__pycache__\phase17_c8s_01_build_supplementary_figures.cpython-312.pyc","57231","0.0546",".pyc","2026-08-21 01:04:10","False"
"audit_tools\__pycache__\phase17_c8s_02_build_full_statistical_archive.cpython-311.pyc","24284","0.0232",".pyc","2026-08-21 00:35:57","False"
"audit_tools\__pycache__\phase17_c8s_02_build_full_statistical_archive.cpython-312.pyc","21488","0.0205",".pyc","2026-08-21 01:04:10","False"
"audit_tools\__pycache__\phase17_c8s_03_build_submission_sources.cpython-311.pyc","33493","0.0319",".pyc","2026-08-21 00:35:57","False"
"audit_tools\__pycache__\phase17_c8s_03_build_submission_sources.cpython-312.pyc","32073","0.0306",".pyc","2026-08-21 01:04:10","False"
"audit_tools\__pycache__\phase17_c8s_04_build_documents.cpython-311.pyc","46445","0.0443",".pyc","2026-08-21 00:35:57","False"
"audit_tools\__pycache__\phase17_c8s_04_build_documents.cpython-312.pyc","40685","0.0388",".pyc","2026-08-21 01:04:10","False"
"audit_tools\__pycache__\phase17_c8s_04_build_documents.cpython-313.pyc","41736","0.0398",".pyc","2026-08-25 23:30:09","False"
"audit_tools\__pycache__\phase17_c8s_05_final_submission_audit.cpython-312.pyc","37384","0.0357",".pyc","2026-08-21 01:04:10","False"
"audit_tools\__pycache__\phase17_round6_02_build_overlap_depletion_figure.cpython-313.pyc","13315","0.0127",".pyc","2026-08-25 23:30:09","False"
"audit_tools\__pycache__\phase17_round6_03_full_pipeline_identity_resampling.cpython-311.pyc","32862","0.0313",".pyc","2026-08-25 23:30:11","False"
"audit_tools\__pycache__\phase17_round6_04_audit_r1_hold_and_prepare_propagation.cpython-311.pyc","32631","0.0311",".pyc","2026-08-27 10:17:07","False"
"audit_tools\__pycache__\phase17_round6_04_audit_r1_hold_and_prepare_propagation.cpython-313.pyc","28511","0.0272",".pyc","2026-08-27 10:46:54","False"
"audit_tools\__pycache__\phase17_round6_05_fit_identity_uncertainty_composition.cpython-313.pyc","12783","0.0122",".pyc","2026-08-27 10:46:54","False"
"audit_tools\__pycache__\phase17_round6_06_build_identity_hold_figure.cpython-313.pyc","21424","0.0204",".pyc","2026-08-27 10:46:54","False"
"audit_tools\__pycache__\render_docx_windows.cpython-311.pyc","23567","0.0225",".pyc","2026-08-10 17:55:14","False"
"audit_tools\00_create_gateC8BR_release_env.ps1","2704","0.0026",".ps1","2026-08-25 03:13:44","True"
"audit_tools\6013RP_audit_interpretation_next_stage_2026-08-06.md","5918","0.0056",".md","2026-08-06 03:56:28","True"
"audit_tools\6013RP_gateC1_final_review_2026-08-06.md","8635","0.0082",".md","2026-08-10 18:09:17","True"
"audit_tools\6013RP_gateC1_to_gateC2A_workflow_2026-08-06.md","1851","0.0018",".md","2026-08-10 17:34:31","True"
"audit_tools\6013RP_gateC2A_smoke_design_2026-08-06.md","2308","0.0022",".md","2026-08-06 05:58:28","True"
"audit_tools\6013RP_phase17_gateC1_hotfix_v1.1_2026-08-06.zip","10371","0.0099",".zip","2026-08-06 13:41:36","False"
"audit_tools\6013RP_phase17_gateC1_hotfix_workflow_2026-08-06.md","530","0.0005",".md","2026-08-06 05:29:44","True"
"audit_tools\6013RP_phase17_gateC1_toolkit_2026-08-06.zip","25120","0.024",".zip","2026-08-06 13:15:29","False"
"audit_tools\6013RP_phase17_gateC1_toolkit_2026-08-06\__pycache__\phase17_00_freeze_and_verify_inputs.cpython-311.pyc","10554","0.0101",".pyc","2026-08-10 19:40:03","False"
"audit_tools\6013RP_phase17_gateC1_toolkit_2026-08-06\__pycache__\phase17_01_metadata_hierarchy_audit.cpython-311.pyc","13800","0.0132",".pyc","2026-08-10 19:40:03","False"
"audit_tools\6013RP_phase17_gateC1_toolkit_2026-08-06\__pycache__\phase17_02_raw_count_qc_profile.cpython-311.pyc","16853","0.0161",".pyc","2026-08-10 19:40:04","False"
"audit_tools\6013RP_phase17_gateC1_toolkit_2026-08-06\6013RP_phase17_gateAB_full_reassessment_2026-08-06.md","17127","0.0163",".md","2026-08-06 04:25:26","True"
"audit_tools\6013RP_phase17_gateC1_toolkit_2026-08-06\6013RP_phase17_gateAB_workflow_2026-08-06.md","1222","0.0012",".md","2026-08-06 04:25:26","True"
"audit_tools\6013RP_phase17_gateC1_toolkit_2026-08-06\6013RP_phase17_v7_analysis_design_2026-08-06.md","9191","0.0088",".md","2026-08-06 04:25:26","True"
"audit_tools\6013RP_phase17_gateC1_toolkit_2026-08-06\phase17_00_freeze_and_verify_inputs.py","5636","0.0054",".py","2026-08-06 04:26:52","True"
"audit_tools\6013RP_phase17_gateC1_toolkit_2026-08-06\phase17_01_metadata_hierarchy_audit.py","7365","0.007",".py","2026-08-06 04:26:52","True"
"audit_tools\6013RP_phase17_gateC1_toolkit_2026-08-06\phase17_02_raw_count_qc_profile.py","9050","0.0086",".py","2026-08-06 04:26:52","True"
"audit_tools\6013RP_phase17_gateC1_toolkit_2026-08-06\phase17_gateC1_config.json","506","0.0005",".json","2026-08-06 04:25:26","True"
"audit_tools\6013RP_phase17_gateC1_toolkit_2026-08-06\README_6013RP_phase17_gateC1.md","1612","0.0015",".md","2026-08-06 04:25:26","True"
"audit_tools\6013RP_phase17_gateC1_toolkit_2026-08-06\run_6013RP_phase17_gateC1.ps1","2427","0.0023",".ps1","2026-08-06 04:25:26","True"
"audit_tools\6013RP_phase17_gateC2A_smoke_toolkit_2026-08-06.zip","18911","0.018",".zip","2026-08-06 14:01:57","False"
"audit_tools\6013RP_phase17_preflight_toolkit_2026-08-06.zip","14093","0.0134",".zip","2026-08-06 11:59:14","False"
"audit_tools\6013RP_phase17_preflight_toolkit_2026-08-06\__pycache__\build_6013RP_phase17_review_pack.cpython-311.pyc","20007","0.0191",".pyc","2026-08-10 19:40:04","False"
"audit_tools\6013RP_phase17_preflight_toolkit_2026-08-06\__pycache__\inspect_6013RP_h5ad_deep.cpython-311.pyc","19282","0.0184",".pyc","2026-08-10 19:40:04","False"
"audit_tools\6013RP_phase17_preflight_toolkit_2026-08-06\6013RP_audit_interpretation_next_stage_2026-08-06.md","5918","0.0056",".md","2026-08-06 03:56:28","True"
"audit_tools\6013RP_phase17_preflight_toolkit_2026-08-06\build_6013RP_phase17_review_pack.py","11711","0.0112",".py","2026-08-06 03:56:28","True"
"audit_tools\6013RP_phase17_preflight_toolkit_2026-08-06\inspect_6013RP_h5ad_deep.py","11514","0.011",".py","2026-08-06 03:56:28","True"
"audit_tools\6013RP_phase17_preflight_toolkit_2026-08-06\README_6013RP_phase17_preflight.md","1118","0.0011",".md","2026-08-06 03:56:28","True"
"audit_tools\6013RP_phase17_preflight_toolkit_2026-08-06\run_build_6013RP_phase17_review_pack.ps1","1210","0.0012",".ps1","2026-08-06 03:56:28","True"
"audit_tools\6013RP_phase17_preflight_toolkit_2026-08-06\run_inspect_6013RP_h5ad_deep.ps1","1975","0.0019",".ps1","2026-08-06 03:56:28","True"
"audit_tools\6013RP_wyf_project_audit_toolkit_2026-08-06.zip","21557","0.0206",".zip","2026-08-06 11:02:31","False"
"audit_tools\6013RP_wyf_project_audit_toolkit_2026-08-06\__pycache__\audit_6013RP_wyf.cpython-311.pyc","88335","0.0842",".pyc","2026-08-10 19:40:04","False"
"audit_tools\6013RP_wyf_project_audit_toolkit_2026-08-06\audit_6013RP_wyf.py","60471","0.0577",".py","2026-08-06 03:01:32","True"
"audit_tools\6013RP_wyf_project_audit_toolkit_2026-08-06\README_6013RP_wyf_audit.md","2709","0.0026",".md","2026-08-06 03:01:32","True"
"audit_tools\6013RP_wyf_project_audit_toolkit_2026-08-06\run_6013RP_wyf_audit.ps1","4358","0.0042",".ps1","2026-08-06 03:01:32","True"
"audit_tools\6013RP_wyf_project_audit_toolkit_2026-08-06\workflow_6013RP_audit_script_2026-08-06.md","1492","0.0014",".md","2026-08-06 03:01:32","True"
"audit_tools\build_6013RP_phase17_review_pack.py","11711","0.0112",".py","2026-08-06 03:56:28","True"
"audit_tools\build_page_contact_sheets.py","2218","0.0021",".py","2026-08-21 01:58:03","True"
"audit_tools\build_research_proposal_v14.py","13791","0.0132",".py","2026-08-10 17:30:35","True"
"audit_tools\build_submission_package.ps1","1012","0.001",".ps1","2026-08-25 06:20:42","True"
"audit_tools\check_submission_environment.py","3073","0.0029",".py","2026-08-25 06:31:40","True"
"audit_tools\create_submission_environment.ps1","2519","0.0024",".ps1","2026-08-25 06:32:01","True"
"audit_tools\docx_a11y_audit.py","5024","0.0048",".py","2026-08-25 02:01:40","True"
"audit_tools\environment_analysis_python.txt","75","0.0001",".txt","2026-08-10 19:21:51","True"
"audit_tools\environment_analysis_win64.txt","16373","0.0156",".txt","2026-08-10 19:20:12","True"
"audit_tools\environment_analysis.yml","6940","0.0066",".yml","2026-08-25 06:32:18","True"
"audit_tools\environment_gateC8BR_release_2026-08-25.yml","496","0.0005",".yml","2026-08-25 02:01:40","True"
"audit_tools\environment_gateC8BR_release_explicit_win64_2026-08-25.txt","1607","0.0015",".txt","2026-08-25 03:14:04","True"
"audit_tools\environment_phase17_v7_explicit_win64_2026-08-10.txt","16373","0.0156",".txt","2026-08-10 19:20:12","True"
"audit_tools\environment_phase17_v7_pip_freeze_2026-08-10.txt","75","0.0001",".txt","2026-08-10 19:21:51","True"
"audit_tools\environment_phase17_v7_resolved_2026-08-10.yml","6935","0.0066",".yml","2026-08-10 19:20:34","True"
"audit_tools\environment_phase17_v7.yml","501","0.0005",".yml","2026-08-10 17:14:37","True"
"audit_tools\environment_submission_win64.txt","1607","0.0015",".txt","2026-08-25 03:14:04","True"
"audit_tools\environment_submission.yml","494","0.0005",".yml","2026-08-25 06:31:40","True"
"audit_tools\inspect_6013RP_h5ad_deep.py","11514","0.011",".py","2026-08-06 03:56:28","True"
"audit_tools\phase17_00_freeze_and_verify_inputs_v2.py","3571","0.0034",".py","2026-08-06 05:29:44","True"
"audit_tools\phase17_01_metadata_hierarchy_audit_v2.py","8976","0.0086",".py","2026-08-06 05:29:44","True"
"audit_tools\phase17_02_raw_count_qc_profile_v2.py","7629","0.0073",".py","2026-08-06 05:29:44","True"
"audit_tools\phase17_c1_03_strict_support_reaudit.py","3728","0.0036",".py","2026-08-10 18:08:19","True"
"audit_tools\phase17_c2a_01_prepare_smoke.py","12033","0.0115",".py","2026-08-06 05:58:28","True"
"audit_tools\phase17_c2a_02_smoke_recluster.py","17137","0.0163",".py","2026-08-10 17:00:34","True"
"audit_tools\phase17_c2a_03_review_smoke.py","7413","0.0071",".py","2026-08-10 17:02:18","True"
"audit_tools\phase17_c2b_01_prepare_full.py","6703","0.0064",".py","2026-08-10 17:05:49","True"
"audit_tools\phase17_c2b_02_full_library_doublets.py","10601","0.0101",".py","2026-08-10 19:08:43","True"
"audit_tools\phase17_c2b_03_review_residual_doublets.py","9218","0.0088",".py","2026-08-10 19:11:29","True"
"audit_tools\phase17_c2b_04_blineage_extraction_audit.py","9334","0.0089",".py","2026-08-12 16:40:04","True"
"audit_tools\phase17_c2b_05_finalize_gatec2b1.py","8409","0.008",".py","2026-08-12 16:18:28","True"
"audit_tools\phase17_c2b_06_refine_blineage_candidates.py","9938","0.0095",".py","2026-08-12 16:46:43","True"
"audit_tools\phase17_c2b_07_prepare_representation.py","17667","0.0168",".py","2026-08-12 17:58:18","True"
"audit_tools\phase17_c2b_08_fit_representation.py","23465","0.0224",".py","2026-08-14 15:01:42","True"
"audit_tools\phase17_c2b_09_review_representation.py","25457","0.0243",".py","2026-08-13 13:30:33","True"
"audit_tools\phase17_c2b_10_finalize_gatec2b2.py","12904","0.0123",".py","2026-08-13 13:31:51","True"
"audit_tools\phase17_c2b_11_resampling_stability.py","16667","0.0159",".py","2026-08-14 15:01:42","True"
"audit_tools\phase17_c2b_12_map_blineage_candidates.py","14921","0.0142",".py","2026-08-13 13:41:01","True"
"audit_tools\phase17_c2b_13_rank_neutral_markers.py","11626","0.0111",".py","2026-08-13 13:35:36","True"
"audit_tools\phase17_c2b_14_review_gatec2b3.py","15908","0.0152",".py","2026-08-14 15:06:40","True"
"audit_tools\phase17_c2b_15_adjudicate_two_level_model.py","25792","0.0246",".py","2026-08-15 13:57:07","True"
"audit_tools\phase17_c3_01_unlock_metadata_and_freeze_design.py","35438","0.0338",".py","2026-08-15 14:14:10","True"
"audit_tools\phase17_c3_02_fit_frozen_abundance.py","43931","0.0419",".py","2026-08-15 14:36:36","True"
"audit_tools\phase17_c4a_01_extract_raw_pseudobulk.py","36096","0.0344",".py","2026-08-15 15:02:49","True"
"audit_tools\phase17_c4a_02_review_freeze.py","24087","0.023",".py","2026-08-15 15:10:04","True"
"audit_tools\phase17_c4b_00_install_packages.R","1160","0.0011",".r","2026-08-15 15:41:52","True"
"audit_tools\phase17_c4b_01_export_frozen_matrices.py","11783","0.0112",".py","2026-08-15 15:24:00","True"
"audit_tools\phase17_c4b_02_qualify_edger.R","7720","0.0074",".r","2026-08-15 15:54:16","True"
"audit_tools\phase17_c4b_03_fit_frozen_models.R","19240","0.0183",".r","2026-08-15 15:50:57","True"
"audit_tools\phase17_c4b_04_review_and_figure.py","24999","0.0238",".py","2026-08-15 15:40:12","True"
"audit_tools\phase17_c5a_01_source_mapping_freeze.py","26570","0.0253",".py","2026-08-15 16:25:53","True"
"audit_tools\phase17_c5a_02_review_freeze.py","20167","0.0192",".py","2026-08-15 16:26:06","True"
"audit_tools\phase17_c5b_01_export_frozen_matrices.py","13663","0.013",".py","2026-08-15 17:02:14","True"
"audit_tools\phase17_c5b_02_qualify_edger.R","7776","0.0074",".r","2026-08-15 17:22:42","True"
"audit_tools\phase17_c5b_03_fit_frozen_models.R","20472","0.0195",".r","2026-08-15 17:05:16","True"
"audit_tools\phase17_c5b_04_review_and_figure.py","30638","0.0292",".py","2026-08-15 17:17:01","True"
"audit_tools\phase17_c6a_01_integrate_claims.py","28104","0.0268",".py","2026-08-15 17:51:56","True"
"audit_tools\phase17_c6b_00_inventory_resources.py","13047","0.0124",".py","2026-08-15 17:46:50","True"
"audit_tools\phase17_c6b_01_freeze_external_resources.py","12918","0.0123",".py","2026-08-15 18:09:08","True"
"audit_tools\phase17_c6b_02_qualify_regulatory_engine.py","16521","0.0158",".py","2026-08-15 18:11:17","True"
"audit_tools\phase17_c6b_03_fit_frozen_regulators.py","21168","0.0202",".py","2026-08-15 18:15:18","True"
"audit_tools\phase17_c6b_04_qualify_orthogonal_methods.py","8268","0.0079",".py","2026-08-15 18:17:32","True"
"audit_tools\phase17_c6b_05_run_orthogonal_response.py","15895","0.0152",".py","2026-08-15 18:21:13","True"
"audit_tools\phase17_c6b_06_review_and_figure.py","22931","0.0219",".py","2026-08-15 18:28:53","True"
"audit_tools\phase17_c7_01_build_main_figures.py","63639","0.0607",".py","2026-08-27 10:36:34","True"
"audit_tools\phase17_c7_02_integrate_manuscript.py","42338","0.0404",".py","2026-08-20 16:28:04","True"
"audit_tools\phase17_c7_03_audit_package.py","13712","0.0131",".py","2026-08-20 16:25:31","True"
"audit_tools\phase17_c8_01_verify_references.py","6543","0.0062",".py","2026-08-20 16:39:26","True"
"audit_tools\phase17_c8_02_build_submission_sources.py","31447","0.03",".py","2026-08-20 17:06:13","True"
"audit_tools\phase17_c8_03_build_documents.py","22599","0.0216",".py","2026-08-20 16:59:47","True"
"audit_tools\phase17_c8_04_final_submission_audit.py","18813","0.0179",".py","2026-08-20 17:06:13","True"
"audit_tools\phase17_c8b_00_build_main_figures.py","2791","0.0027",".py","2026-08-21 01:53:59","True"
"audit_tools\phase17_c8b_01_verify_references.py","2763","0.0026",".py","2026-08-21 01:45:33","True"
"audit_tools\phase17_c8b_02_build_submission_sources.py","13348","0.0127",".py","2026-08-21 02:05:30","True"
"audit_tools\phase17_c8b_03_build_documents.py","6959","0.0066",".py","2026-08-21 01:47:06","True"
"audit_tools\phase17_c8b_04_final_audit.py","22605","0.0216",".py","2026-08-21 01:49:29","True"
"audit_tools\phase17_c8br_00_build_main_figures.py","4105","0.0039",".py","2026-08-25 02:01:40","True"
"audit_tools\phase17_c8br_00_release_smoke_test.py","3104","0.003",".py","2026-08-25 02:01:40","True"
"audit_tools\phase17_c8br_01_verify_references.py","3265","0.0031",".py","2026-08-25 02:02:08","True"
"audit_tools\phase17_c8br_02_build_submission_sources.py","22492","0.0215",".py","2026-08-25 02:29:55","True"
"audit_tools\phase17_c8br_03_build_documents.py","7506","0.0072",".py","2026-08-25 02:11:28","True"
"audit_tools\phase17_c8br_04_final_audit.py","25282","0.0241",".py","2026-08-25 02:11:28","True"
"audit_tools\phase17_c8brf_00_build_main_figures.py","8536","0.0081",".py","2026-08-25 17:27:48","True"
"audit_tools\phase17_c8brf_01_uuid_governance.py","6165","0.0059",".py","2026-08-25 04:28:25","True"
"audit_tools\phase17_c8brf_02_build_submission_sources.py","23266","0.0222",".py","2026-08-27 10:32:33","True"
"audit_tools\phase17_c8brf_03_build_documents.py","19627","0.0187",".py","2026-08-27 10:39:34","True"
"audit_tools\phase17_c8brf_04_final_audit.py","19997","0.0191",".py","2026-08-27 10:34:32","True"
"audit_tools\phase17_c8brp_00_build_main_figures.py","4031","0.0038",".py","2026-08-25 03:11:09","True"
"audit_tools\phase17_c8brp_01_build_submission_sources.py","25524","0.0243",".py","2026-08-25 03:24:36","True"
"audit_tools\phase17_c8brp_02_build_documents.py","11354","0.0108",".py","2026-08-25 03:15:36","True"
"audit_tools\phase17_c8brp_03_final_audit.py","30676","0.0293",".py","2026-08-25 03:33:57","True"
"audit_tools\phase17_c8r_01_correlation_aware_regulator_sensitivity.R","10811","0.0103",".r","2026-08-20 17:47:57","True"
"audit_tools\phase17_c8r_02_verify_references.py","7785","0.0074",".py","2026-08-20 17:53:03","True"
"audit_tools\phase17_c8r_03_build_submission_sources.py","39661","0.0378",".py","2026-08-20 17:57:54","True"
"audit_tools\phase17_c8r_04_build_documents.py","23728","0.0226",".py","2026-08-20 18:23:19","True"
"audit_tools\phase17_c8r_05_final_submission_audit.py","25622","0.0244",".py","2026-08-20 18:18:46","True"
"audit_tools\phase17_c8s_01_build_supplementary_figures.py","36230","0.0346",".py","2026-08-21 00:39:00","True"
"audit_tools\phase17_c8s_02_build_full_statistical_archive.py","16997","0.0162",".py","2026-08-21 00:26:52","True"
"audit_tools\phase17_c8s_03_build_submission_sources.py","28818","0.0275",".py","2026-08-21 00:48:19","True"
"audit_tools\phase17_c8s_04_build_documents.py","27026","0.0258",".py","2026-08-25 17:55:29","True"
"audit_tools\phase17_c8s_05_final_submission_audit.py","23109","0.022",".py","2026-08-21 00:57:43","True"
"audit_tools\phase17_round6_01_overlap_depletion_sensitivity.R","18397","0.0175",".r","2026-08-25 17:35:23","True"
"audit_tools\phase17_round6_02_build_overlap_depletion_figure.py","9059","0.0086",".py","2026-08-25 17:38:50","True"
"audit_tools\phase17_round6_03_full_pipeline_identity_resampling.py","22883","0.0218",".py","2026-08-25 18:04:22","True"
"audit_tools\phase17_round6_04_audit_r1_hold_and_prepare_propagation.py","22422","0.0214",".py","2026-08-27 10:16:55","True"
"audit_tools\phase17_round6_05_fit_identity_uncertainty_composition.py","9772","0.0093",".py","2026-08-27 10:16:55","True"
"audit_tools\phase17_round6_05_fit_identity_uncertainty_ifn.R","7612","0.0073",".r","2026-08-27 10:22:20","True"
"audit_tools\phase17_round6_06_build_identity_hold_figure.py","16007","0.0153",".py","2026-08-27 10:36:34","True"
"audit_tools\README_6013RP_phase17_gateC1_hotfix_v1_1.md","947","0.0009",".md","2026-08-06 05:29:44","True"
"audit_tools\README_6013RP_phase17_gateC2A.md","1957","0.0019",".md","2026-08-10 17:34:31","True"
"audit_tools\README_6013RP_phase17_gateC2B1.md","1887","0.0018",".md","2026-08-10 19:11:51","True"
"audit_tools\README_6013RP_phase17_preflight.md","1118","0.0011",".md","2026-08-06 03:56:28","True"
"audit_tools\render_docx_windows.py","16359","0.0156",".py","2026-08-10 17:24:41","True"
"audit_tools\render_docx_with_wps.ps1","1614","0.0015",".ps1","2026-08-20 16:50:07","True"
"audit_tools\run_6013RP_phase17_blineage_extraction_audit.ps1","2323","0.0022",".ps1","2026-08-12 16:44:25","True"
"audit_tools\run_6013RP_phase17_gateC1_hotfix_v1_1.ps1","2346","0.0022",".ps1","2026-08-06 05:29:44","True"
"audit_tools\run_6013RP_phase17_gateC2A_smoke.ps1","1080","0.001",".ps1","2026-08-06 05:58:28","True"
"audit_tools\run_6013RP_phase17_gateC2A_smoke.sh","2362","0.0023",".sh","2026-08-06 05:58:28","True"
"audit_tools\run_6013RP_phase17_gateC2B1_full_doublets.ps1","3932","0.0037",".ps1","2026-08-12 17:52:54","True"
"audit_tools\run_6013RP_phase17_gateC2B2_full_representation.ps1","6148","0.0059",".ps1","2026-08-13 13:30:33","True"
"audit_tools\run_6013RP_phase17_gateC2B3_neutral_state_freeze.ps1","8638","0.0082",".ps1","2026-08-14 15:02:15","True"
"audit_tools\run_6013RP_phase17_gateC2B4_two_level_state_model.ps1","3804","0.0036",".ps1","2026-08-15 14:00:16","True"
"audit_tools\run_6013RP_phase17_gateC3_metadata_design.ps1","4405","0.0042",".ps1","2026-08-15 14:14:59","True"
"audit_tools\run_6013RP_phase17_gateC3A_abundance.ps1","3392","0.0032",".ps1","2026-08-15 14:27:32","True"
"audit_tools\run_6013RP_phase17_gateC4A_raw_pseudobulk_freeze.ps1","4231","0.004",".ps1","2026-08-15 15:10:04","True"
"audit_tools\run_6013RP_phase17_gateC4B_prepare_edger.ps1","2176","0.0021",".ps1","2026-08-15 15:41:52","True"
"audit_tools\run_6013RP_phase17_gateC4B_transcription.ps1","4423","0.0042",".ps1","2026-08-15 15:41:52","True"
"audit_tools\run_6013RP_phase17_gateC5A_gse135779_freeze.ps1","2856","0.0027",".ps1","2026-08-15 16:16:23","True"
"audit_tools\run_6013RP_phase17_gateC5B_external_validation.ps1","4904","0.0047",".ps1","2026-08-15 17:09:17","True"
"audit_tools\run_6013RP_phase17_gateC7_commit.ps1","2585","0.0025",".ps1","2026-08-20 16:28:32","True"
"audit_tools\run_6013RP_phase17_gateC8_submission_package.ps1","3575","0.0034",".ps1","2026-08-20 17:04:56","True"
"audit_tools\run_6013RP_phase17_gateC8B_editorial_preflight.ps1","5361","0.0051",".ps1","2026-08-21 01:56:33","True"
"audit_tools\run_6013RP_phase17_gateC8BR_release_portability_preflight.ps1","9607","0.0092",".ps1","2026-08-25 02:15:38","True"
"audit_tools\run_6013RP_phase17_gateC8BRF_author_release.ps1","8117","0.0077",".ps1","2026-08-25 06:31:40","True"
"audit_tools\run_6013RP_phase17_gateC8BRP_journal_facing_prefreeze.ps1","9232","0.0088",".ps1","2026-08-25 03:16:38","True"
"audit_tools\run_6013RP_phase17_gateC8R_submission_package.ps1","5930","0.0057",".ps1","2026-08-20 18:21:23","True"
"audit_tools\run_6013RP_phase17_gateC8S_submission_package.ps1","5933","0.0057",".ps1","2026-08-21 00:53:16","True"
"audit_tools\run_6013RP_round6_full_pipeline_identity_resampling.ps1","2009","0.0019",".ps1","2026-08-25 18:04:22","True"
"audit_tools\run_6013RP_round6_overlap_depletion.ps1","1067","0.001",".ps1","2026-08-25 17:34:35","True"
"audit_tools\run_6013RP_round6_r1_hold_integration.ps1","3137","0.003",".ps1","2026-08-27 10:16:55","True"
"audit_tools\run_build_6013RP_phase17_review_pack.ps1","1210","0.0012",".ps1","2026-08-06 03:56:28","True"
"audit_tools\run_inspect_6013RP_h5ad_deep.ps1","1975","0.0019",".ps1","2026-08-06 03:56:28","True"
"CITATION.cff","1021","0.001",".cff","2026-08-27 10:44:16","True"
"Data\external_regulatory\GCST005831\29848360-GCST005831-EFO_0002690.h.tsv.gz","203551020","194.1214",".gz","2026-07-27 07:58:41","False"
"Data\external_regulatory\GCST005831\29848360-GCST005831-EFO_0002690.h.tsv.gz-meta.yaml","825","0.0008",".yaml","2026-07-27 07:58:43","False"
"Data\external_regulatory\GCST005831\download_manifest_gcst005831.csv","673","0.0006",".csv","2026-07-27 08:06:52","False"
"Data\external_regulatory\GCST90558100\download_manifest_gcst90558100.csv","492","0.0005",".csv","2026-07-27 07:42:01","False"
"Data\external_regulatory\GCST90558100\GCST90558100.h.tsv.gz","48066859","45.8401",".gz","2026-07-27 07:41:54","False"
"Data\external_regulatory\GCST90558100\GCST90558100.h.tsv.gz-meta.yaml","963","0.0009",".yaml","2026-07-27 07:41:59","False"
"Data\external_regulatory\GCST90558100\GCST90558100.h.tsv.gz.tbi","1419473","1.3537",".tbi","2026-07-27 07:41:58","False"
"Data\external_regulatory\GCST90558100\md5sum.txt","116","0.0001",".txt","2026-07-27 07:42:01","False"
"Data\GSE174188#\GSE174188_family.soft.gz","8110","0.0077",".gz","2026-05-22 23:00:22","False"
"Data\GSE174188#\GSE174188_family.xml.tgz","8544","0.0081",".tgz","2026-05-22 23:00:23","False"
"Data\GSE174188#\GSE174188_series_matrix.txt.gz","7030","0.0067",".gz","2026-05-22 23:00:22","False"
"Data\processed\GSE135779_nehar_validation\gse135779_b_subcluster_counts.h5ad","81631316","77.8497",".h5ad","2026-07-27 07:22:48","False"
"Data\processed\GSE135779_nehar_validation\source\GSE135779_genes.tsv.gz","257271","0.2454",".gz","2026-07-07 22:22:58","False"
"Data\processed\GSE135779_nehar_validation\source\GSE135779_RAW.tar","1299783680","1239.5703",".tar","2026-07-08 17:51:53","False"
"Data\processed\GSE135779_nehar_validation\source\GSE135779_series_matrix.txt.gz","5465","0.0052",".gz","2026-07-07 22:22:55","False"
"Data\processed\GSE135779_nehar_validation\source\libaries.csv","540","0.0005",".csv","2026-07-07 22:24:01","False"
"Data\processed\GSE135779_nehar_validation\source\Meta_caSLE_processed_08092021_small.csv","22285464","21.2531",".csv","2026-07-07 22:23:57","False"
"Data\processed\GSE135779_nehar_validation\source\Meta_cSLE_processed_0809202_small.csv","20902801","19.9345",".csv","2026-07-07 22:23:17","False"
"Data\processed\GSE163121_bcell_validation\gse163121_bcell_counts.h5ad","77162737","73.5881",".h5ad","2026-07-27 06:35:02","False"
"Data\processed\GSE163121_bcell_validation\source\GSE163121_RAW.tar","95979520","91.5332",".tar","2026-07-07 22:23:32","False"
"Data\processed\GSE163121_bcell_validation\source\GSE163121_series_matrix.txt.gz","2213","0.0021",".gz","2026-07-07 22:22:55","False"
"Data\processed\GSE174188_perez_cellxgene\bcell_subset_full.h5ad","1306803705","1246.2651",".h5ad","2026-06-23 02:30:39","False"
"Data\processed\GSE174188_perez_cellxgene\bcell_subset_smoke_20k.h5ad","179599033","171.279",".h5ad","2026-06-23 01:45:33","False"
"Data\processed\GSE174188_perez_cellxgene\download_manifest_cellxgene.csv","416","0.0004",".csv","2026-06-23 01:42:01","False"
"Data\processed\GSE174188_perez_cellxgene\perez_gse174188_cellxgene.h5ad","12218105530","11652.0934",".h5ad","2026-06-22 22:27:26","False"
"Data\processed\GSE196830_onek1k_cellxgene\source\cellxgene_collection_onek1k_gse196830.json","22062","0.021",".json","2026-07-08 18:34:17","False"
"Data\processed\GSE196830_onek1k_cellxgene\source\checksums_sha256_2026-07-08.txt","207","0.0002",".txt","2026-07-08 19:07:10","False"
"Data\processed\GSE196830_onek1k_cellxgene\source\onek1k_gse196830_cellxgene.h5ad","4434273970","4228.8532",".h5ad","2026-07-08 18:55:25","False"
"Data\readme.txt","7208","0.0069",".txt","2026-05-22 22:48:09","False"
"Data\SRA：PRJNA1301449\NIHMS2123360-supplement-Data_file_S1.xlsx","86409","0.0824",".xlsx","2026-05-22 23:00:27","False"
"Data\SRA：PRJNA1301449\NIHMS2123360-supplement-MDAR_reproducibility_checklist.pdf","597311","0.5696",".pdf","2026-05-22 23:00:28","False"
"Data\SRA：PRJNA1301449\NIHMS2123360-supplement-Supplementary_figures.pdf","30197076","28.7982",".pdf","2026-05-22 23:12:00","False"
"Data\SRA：PRJNA1301449\NIHMS2123360-supplement-Supplementary_tables.xlsx","42133","0.0402",".xlsx","2026-05-22 23:00:28","False"
"LICENSE","1077","0.001","","2026-08-25 04:32:29","True"
"LICENSE_CONTENT_CC_BY_4.0.md","475","0.0005",".md","2026-08-25 04:32:29","True"
"LICENSE_SCOPE.md","1414","0.0013",".md","2026-08-25 04:32:29","True"
"PAPER\2025.04.27.649460v1.full.pdf","3470888","3.3101",".pdf","2026-05-22 22:48:12","False"
"PAPER\s41467-022-35209-1.pdf","6772596","6.4589",".pdf","2026-05-22 22:48:16","False"
"PAPER\science.abf1970.pdf","8771095","8.3648",".pdf","2026-05-22 22:59:03","False"
"PAPER\science.abf3041.pdf","7759228","7.3998",".pdf","2026-05-22 22:48:49","False"
"PAPER\science.adf8531.pdf","4937654","4.7089",".pdf","2026-05-22 22:48:41","False"
"PAPER\science.adt3130.pdf","8090695","7.7159",".pdf","2026-05-22 22:48:41","False"
"PAPER\scitranslmed.adu6015.pdf","2660767","2.5375",".pdf","2026-05-22 22:48:41","False"
"PAPER\scitranslmed.ady0210.pdf","5062079","4.8276",".pdf","2026-05-22 22:48:47","False"
"PAPER\Single-cell landscape of immune cells in multiple autoimmune diseases.pdf","8156394","7.7785",".pdf","2026-05-22 22:48:47","False"
"phase17_v7\gateC1\_LATEST_GATE_C1.txt","86","0.0001",".txt","2026-08-06 13:42:26","True"
"phase17_v7\gateC1\20260806_132230\00_INPUT_FREEZE_SUMMARY.md","442","0.0004",".md","2026-08-06 13:22:34","True"
"phase17_v7\gateC1\20260806_132230\00_input_manifest.csv","1111","0.0011",".csv","2026-08-06 13:22:34","True"
"phase17_v7\gateC1\20260806_132230\00_input_manifest.json","1243","0.0012",".json","2026-08-06 13:22:34","True"
"phase17_v7\gateC1\20260806_132230\01_METADATA_HIERARCHY_SUMMARY.md","427","0.0004",".md","2026-08-06 13:22:41","True"
"phase17_v7\gateC1\20260806_132230\01_sample_manifest.csv","92534","0.0882",".csv","2026-08-06 13:22:41","True"
"phase17_v7\gateC1\20260806_132230\02_donor_manifest.csv","100697","0.096",".csv","2026-08-06 13:22:41","True"
"phase17_v7\gateC1\20260806_132230\03_library_manifest.csv","7661","0.0073",".csv","2026-08-06 13:22:41","True"
"phase17_v7\gateC1\20260806_132230\04_cohort_disease_common_support.csv","464","0.0004",".csv","2026-08-06 13:22:41","True"
"phase17_v7\gateC1\20260806_132230\05_repeated_donor_manifest.csv","6197","0.0059",".csv","2026-08-06 13:22:41","True"
"phase17_v7\gateC1\20260806_132230\06_metadata_conflicts.csv","138053","0.1317",".csv","2026-08-06 13:22:41","True"
"phase17_v7\gateC1\20260806_134213_hotfix_v1_1\00_INPUT_FREEZE_SUMMARY.md","442","0.0004",".md","2026-08-06 13:22:34","True"
"phase17_v7\gateC1\20260806_134213_hotfix_v1_1\00_input_manifest.csv","1111","0.0011",".csv","2026-08-06 13:22:34","True"
"phase17_v7\gateC1\20260806_134213_hotfix_v1_1\00_input_manifest.json","1243","0.0012",".json","2026-08-06 13:22:34","True"
"phase17_v7\gateC1\20260806_134213_hotfix_v1_1\01_METADATA_HIERARCHY_SUMMARY.md","560","0.0005",".md","2026-08-06 13:42:15","True"
"phase17_v7\gateC1\20260806_134213_hotfix_v1_1\01_sample_manifest.csv","94420","0.09",".csv","2026-08-06 13:42:15","True"
"phase17_v7\gateC1\20260806_134213_hotfix_v1_1\02_donor_manifest.csv","101039","0.0964",".csv","2026-08-06 13:42:15","True"
"phase17_v7\gateC1\20260806_134213_hotfix_v1_1\02_RAW_COUNT_QC_SUMMARY.md","511","0.0005",".md","2026-08-06 13:42:26","True"
"phase17_v7\gateC1\20260806_134213_hotfix_v1_1\03_library_manifest.csv","73998","0.0706",".csv","2026-08-06 13:42:15","True"
"phase17_v7\gateC1\20260806_134213_hotfix_v1_1\04_cohort_disease_common_support.csv","564","0.0005",".csv","2026-08-06 13:42:15","True"
"phase17_v7\gateC1\20260806_134213_hotfix_v1_1\05_repeated_donor_manifest.csv","6291","0.006",".csv","2026-08-06 13:42:15","True"
"phase17_v7\gateC1\20260806_134213_hotfix_v1_1\06_metadata_conflicts.csv","50","0",".csv","2026-08-06 13:42:15","True"
"phase17_v7\gateC1\20260806_134213_hotfix_v1_1\07_sample_library_manifest.csv","168475","0.1607",".csv","2026-08-06 13:42:15","True"
"phase17_v7\gateC1\20260806_134213_hotfix_v1_1\08_sample_cohort_manifest.csv","31350","0.0299",".csv","2026-08-06 13:42:15","True"
"phase17_v7\gateC1\20260806_134213_hotfix_v1_1\09_relationship_flags.csv","86029","0.082",".csv","2026-08-06 13:42:15","True"
"phase17_v7\gateC1\20260806_134213_hotfix_v1_1\10_per_cell_raw_qc.csv.gz","8634665","8.2347",".gz","2026-08-06 13:42:23","False"
"phase17_v7\gateC1\20260806_134213_hotfix_v1_1\11_sample_qc_summary.csv","252509","0.2408",".csv","2026-08-06 13:42:25","True"
"phase17_v7\gateC1\20260806_134213_hotfix_v1_1\12_library_qc_summary.csv","82510","0.0787",".csv","2026-08-06 13:42:26","True"
"phase17_v7\gateC1\20260806_134213_hotfix_v1_1\13_sample_qc_candidate_thresholds.csv","78322","0.0747",".csv","2026-08-06 13:42:26","True"
"phase17_v7\gateC1\20260806_134213_hotfix_v1_1\14_library_qc_candidate_thresholds.csv","25788","0.0246",".csv","2026-08-06 13:42:26","True"
"phase17_v7\gateC1\20260806_134213_hotfix_v1_1\15_strict_common_support_reaudit.csv","141","0.0001",".csv","2026-08-10 18:08:51","True"
"phase17_v7\gateC1\20260806_134213_hotfix_v1_1\16_STRICT_COMMON_SUPPORT_ERRATUM.md","1243","0.0012",".md","2026-08-10 18:08:51","True"
"phase17_v7\gateC1\20260806_134213_hotfix_v1_1\WORKFLOW_GATE_C1_HOTFIX_V1_1.md","435","0.0004",".md","2026-08-06 13:42:26","True"
"phase17_v7\gateC2A\_LATEST_GATE_C2A.txt","78","0.0001",".txt","2026-08-10 16:57:28","True"
"phase17_v7\gateC2A\_RUNNING_GATE_C2A.txt","78","0.0001",".txt","2026-08-10 16:40:12","False"
"phase17_v7\gateC2A\20260810_164012_smoke\00_config.json","509","0.0005",".json","2026-08-10 16:40:25","True"
"phase17_v7\gateC2A\20260810_164012_smoke\01_qc_decisions.csv.gz","9253526","8.8249",".gz","2026-08-10 16:40:22","False"
"phase17_v7\gateC2A\20260810_164012_smoke\02_qc_retention_summary.csv","483","0.0005",".csv","2026-08-10 16:40:22","True"
"phase17_v7\gateC2A\20260810_164012_smoke\03_protected_outcome_metadata.csv.gz","327906","0.3127",".gz","2026-08-10 16:40:23","False"
"phase17_v7\gateC2A\20260810_164012_smoke\04_smoke_selection_summary.csv","106767","0.1018",".csv","2026-08-10 16:40:23","True"
"phase17_v7\gateC2A\20260810_164012_smoke\05_smoke_raw_counts.h5ad","39699710","37.8606",".h5ad","2026-08-10 16:40:25","False"
"phase17_v7\gateC2A\20260810_164012_smoke\06_scrublet_library_summary.csv","7811","0.0074",".csv","2026-08-10 16:53:36","True"
"phase17_v7\gateC2A\20260810_164012_smoke\07_batch_mixing_metrics.csv","699","0.0007",".csv","2026-08-10 16:57:06","True"
"phase17_v7\gateC2A\20260810_164012_smoke\08_cluster_coverage.csv","3335","0.0032",".csv","2026-08-10 16:57:06","True"
"phase17_v7\gateC2A\20260810_164012_smoke\09_marker_scores_by_cluster.csv","2718","0.0026",".csv","2026-08-10 16:57:06","True"
"phase17_v7\gateC2A\20260810_164012_smoke\10_ranked_markers_r06.csv","11495323","10.9628",".csv","2026-08-10 16:57:18","False"
"phase17_v7\gateC2A\20260810_164012_smoke\11_smoke_cell_assignments.csv.gz","2074404","1.9783",".gz","2026-08-10 16:57:18","False"
"phase17_v7\gateC2A\20260810_164012_smoke\12_smoke_reclustered_hvg.h5ad","28801798","27.4675",".h5ad","2026-08-10 16:57:27","False"
"phase17_v7\gateC2A\20260810_164012_smoke\13_GATE_C2A_SUMMARY.json","295","0.0003",".json","2026-08-10 16:57:27","True"
"phase17_v7\gateC2A\20260810_164012_smoke\14_resolution_stability_posthoc.csv","381","0.0004",".csv","2026-08-10 17:02:37","True"
"phase17_v7\gateC2A\20260810_164012_smoke\15_protected_disease_balance_posthoc.csv","688","0.0007",".csv","2026-08-10 17:02:38","True"
"phase17_v7\gateC2A\20260810_164012_smoke\16_GATE_C2A_DECISION.md","2083","0.002",".md","2026-08-10 17:02:38","True"
"phase17_v7\gateC2A\20260810_164012_smoke\17_GATE_C2A_DECISION.json","803","0.0008",".json","2026-08-10 17:02:38","True"
"phase17_v7\gateC2A\20260810_164012_smoke\figures\harmony_leiden_harmony_r0_6.png","476252","0.4542",".png","2026-08-10 16:57:22","True"
"phase17_v7\gateC2A\20260810_164012_smoke\figures\harmony_library_uuid.png","1198052","1.1426",".png","2026-08-10 16:57:24","True"
"phase17_v7\gateC2A\20260810_164012_smoke\figures\harmony_Processing_Cohort.png","583000","0.556",".png","2026-08-10 16:57:22","True"
"phase17_v7\gateC2A\20260810_164012_smoke\figures\marker_dotplot_r06.png","192694","0.1838",".png","2026-08-10 16:57:25","True"
"phase17_v7\gateC2A\20260810_164012_smoke\figures\unintegrated_leiden_harmony_r0_6.png","685192","0.6535",".png","2026-08-10 16:57:19","True"
"phase17_v7\gateC2A\20260810_164012_smoke\figures\unintegrated_library_uuid.png","1362539","1.2994",".png","2026-08-10 16:57:21","True"
"phase17_v7\gateC2A\20260810_164012_smoke\figures\unintegrated_Processing_Cohort.png","689684","0.6577",".png","2026-08-10 16:57:19","True"
"phase17_v7\gateC2B1\_CURRENT_GATE_C2B1.txt","146","0.0001",".txt","2026-08-10 17:31:58","True"
"phase17_v7\gateC2B1\_LATEST_GATE_C2B1.txt","66","0.0001",".txt","2026-08-12 17:53:01","True"
"phase17_v7\gateC2B1\_software_tests\residual_checkpoint_review_20260810\05_full_library_doublet_summary.csv","311","0.0003",".csv","2026-08-10 19:13:37","False"
"phase17_v7\gateC2B1\_software_tests\residual_checkpoint_review_20260810\06_full_cell_doublet_scores.csv.gz","7060","0.0067",".gz","2026-08-10 19:13:37","False"
"phase17_v7\gateC2B1\_software_tests\residual_checkpoint_review_20260810\07_GATE_C2B1_DOUBLET_REVIEW.json","808","0.0008",".json","2026-08-10 19:13:39","False"
"phase17_v7\gateC2B1\_software_tests\residual_checkpoint_review_20260810\08_GATE_C2B1_DOUBLET_REVIEW.md","949","0.0009",".md","2026-08-10 19:13:39","False"
"phase17_v7\gateC2B1\_software_tests\residual_checkpoint_review_20260810\10_residual_doublet_cell_diagnostics.csv.gz","18292","0.0174",".gz","2026-08-10 19:13:26","False"
"phase17_v7\gateC2B1\_software_tests\residual_checkpoint_review_20260810\11_residual_doublet_module_coverage.csv","289","0.0003",".csv","2026-08-10 19:13:26","False"
"phase17_v7\gateC2B1\_software_tests\residual_checkpoint_review_20260810\12_residual_doublet_group_summary.csv","1364","0.0013",".csv","2026-08-10 19:13:26","False"
"phase17_v7\gateC2B1\_software_tests\residual_checkpoint_review_20260810\13_residual_doublet_score_correlations.csv","534","0.0005",".csv","2026-08-10 19:13:26","False"
"phase17_v7\gateC2B1\_software_tests\residual_checkpoint_review_20260810\14_residual_doublet_library_review.csv","331","0.0003",".csv","2026-08-10 19:13:26","False"
"phase17_v7\gateC2B1\_software_tests\residual_checkpoint_review_20260810\15_GATE_C2B1_RESIDUAL_DOUBLET_ASSESSMENT.md","1110","0.0011",".md","2026-08-10 19:13:30","False"
"phase17_v7\gateC2B1\_software_tests\residual_checkpoint_review_20260810\doublet_score_checkpoints\library_358d427f5a37.csv.gz","7085","0.0068",".gz","2026-08-10 19:13:17","False"
"phase17_v7\gateC2B1\_software_tests\residual_checkpoint_review_20260810\doublet_score_checkpoints\library_358d427f5a37.summary.json","314","0.0003",".json","2026-08-10 19:13:17","False"
"phase17_v7\gateC2B1\_software_tests\residual_checkpoint_review_20260810\figures\full_library_doublet_diagnostics.pdf","14713","0.014",".pdf","2026-08-10 19:13:39","False"
"phase17_v7\gateC2B1\_software_tests\residual_checkpoint_review_20260810\figures\full_library_doublet_diagnostics.png","64150","0.0612",".png","2026-08-10 19:13:38","False"
"phase17_v7\gateC2B1\_software_tests\residual_checkpoint_review_20260810\figures\residual_doublet_multimetric_review.pdf","20802","0.0198",".pdf","2026-08-10 19:13:30","False"
"phase17_v7\gateC2B1\_software_tests\residual_checkpoint_review_20260810\figures\residual_doublet_multimetric_review.png","188893","0.1801",".png","2026-08-10 19:13:28","False"
"phase17_v7\gateC2B1\_software_tests\residual_checkpoint_review_20260810\input_one_complete_library.h5ad","4046273","3.8588",".h5ad","2026-08-10 19:13:06","False"
"phase17_v7\gateC2B1\20260810_171000_full_library_doublets\00_full_config.json","527","0.0005",".json","2026-08-10 17:07:33","True"
"phase17_v7\gateC2B1\20260810_171000_full_library_doublets\01_full_qc_decisions.csv.gz","9148865","8.725",".gz","2026-08-10 17:07:05","False"
"phase17_v7\gateC2B1\20260810_171000_full_library_doublets\02_full_qc_retention_summary.csv","485","0.0005",".csv","2026-08-10 17:07:05","True"
"phase17_v7\gateC2B1\20260810_171000_full_library_doublets\03_protected_outcome_metadata.csv.gz","2347716","2.239",".gz","2026-08-10 17:07:09","False"
"phase17_v7\gateC2B1\20260810_171000_full_library_doublets\04_full_raw_counts.h5ad","270671628","258.1326",".h5ad","2026-08-10 17:07:33","False"
"phase17_v7\gateC2B1\20260810_171000_full_library_doublets\05_full_library_doublet_summary.csv","11524","0.011",".csv","2026-08-10 19:59:29","True"
"phase17_v7\gateC2B1\20260810_171000_full_library_doublets\06_full_cell_doublet_scores.csv.gz","2052079","1.957",".gz","2026-08-10 19:59:31","False"
"phase17_v7\gateC2B1\20260810_171000_full_library_doublets\07_GATE_C2B1_DOUBLET_REVIEW.json","795","0.0008",".json","2026-08-10 19:59:32","True"
"phase17_v7\gateC2B1\20260810_171000_full_library_doublets\08_GATE_C2B1_DOUBLET_REVIEW.md","957","0.0009",".md","2026-08-10 19:59:32","True"
"phase17_v7\gateC2B1\20260810_171000_full_library_doublets\09_GATE_C2B1_PREPARATION_STATUS.md","1824","0.0017",".md","2026-08-10 17:31:58","True"
"phase17_v7\gateC2B1\20260810_171000_full_library_doublets\10_residual_doublet_cell_diagnostics.csv.gz","7454208","7.1089",".gz","2026-08-10 19:59:50","False"
"phase17_v7\gateC2B1\20260810_171000_full_library_doublets\11_residual_doublet_module_coverage.csv","289","0.0003",".csv","2026-08-10 19:59:50","True"
"phase17_v7\gateC2B1\20260810_171000_full_library_doublets\12_residual_doublet_group_summary.csv","1439","0.0014",".csv","2026-08-10 19:59:50","True"
"phase17_v7\gateC2B1\20260810_171000_full_library_doublets\13_residual_doublet_score_correlations.csv","567","0.0005",".csv","2026-08-10 19:59:51","True"
"phase17_v7\gateC2B1\20260810_171000_full_library_doublets\14_residual_doublet_library_review.csv","13495","0.0129",".csv","2026-08-10 19:59:51","True"
"phase17_v7\gateC2B1\20260810_171000_full_library_doublets\15_GATE_C2B1_RESIDUAL_DOUBLET_ASSESSMENT.md","1139","0.0011",".md","2026-08-10 19:59:55","True"
"phase17_v7\gateC2B1\20260810_171000_full_library_doublets\16_GATE_C2B1_DECISION.md","1890","0.0018",".md","2026-08-12 16:18:37","True"
"phase17_v7\gateC2B1\20260810_171000_full_library_doublets\17_GATE_C2B1_DECISION.json","2244","0.0021",".json","2026-08-12 16:18:37","True"
"phase17_v7\gateC2B1\20260810_171000_full_library_doublets\doublet_score_checkpoints\library_02e222c51c75.csv.gz","24037","0.0229",".gz","2026-08-10 19:58:35","False"
"phase17_v7\gateC2B1\20260810_171000_full_library_doublets\doublet_score_checkpoints\library_02e222c51c75.summary.json","316","0.0003",".json","2026-08-10 19:58:35","False"
"phase17_v7\gateC2B1\20260810_171000_full_library_doublets\doublet_score_checkpoints\library_075d34e5715b.csv.gz","26069","0.0249",".gz","2026-08-10 19:53:30","False"
"phase17_v7\gateC2B1\20260810_171000_full_library_doublets\doublet_score_checkpoints\library_075d34e5715b.summary.json","317","0.0003",".json","2026-08-10 19:53:30","False"
"phase17_v7\gateC2B1\20260810_171000_full_library_doublets\doublet_score_checkpoints\library_077061110fae.csv.gz","22295","0.0213",".gz","2026-08-10 19:53:25","False"
"phase17_v7\gateC2B1\20260810_171000_full_library_doublets\doublet_score_checkpoints\library_077061110fae.summary.json","318","0.0003",".json","2026-08-10 19:53:25","False"
"phase17_v7\gateC2B1\20260810_171000_full_library_doublets\doublet_score_checkpoints\library_09f0e587e3d2.csv.gz","24243","0.0231",".gz","2026-08-10 19:56:59","False"
"phase17_v7\gateC2B1\20260810_171000_full_library_doublets\doublet_score_checkpoints\library_09f0e587e3d2.summary.json","317","0.0003",".json","2026-08-10 19:56:59","False"
"phase17_v7\gateC2B1\20260810_171000_full_library_doublets\doublet_score_checkpoints\library_0c6a4da41f33.csv.gz","18568","0.0177",".gz","2026-08-10 19:58:26","False"
"phase17_v7\gateC2B1\20260810_171000_full_library_doublets\doublet_score_checkpoints\library_0c6a4da41f33.summary.json","314","0.0003",".json","2026-08-10 19:58:26","False"
"phase17_v7\gateC2B1\20260810_171000_full_library_doublets\doublet_score_checkpoints\library_0f19ab003f3b.csv.gz","22095","0.0211",".gz","2026-08-10 19:55:06","False"
"phase17_v7\gateC2B1\20260810_171000_full_library_doublets\doublet_score_checkpoints\library_0f19ab003f3b.summary.json","317","0.0003",".json","2026-08-10 19:55:06","False"
"phase17_v7\gateC2B1\20260810_171000_full_library_doublets\doublet_score_checkpoints\library_0fbe85f06046.csv.gz","20596","0.0196",".gz","2026-08-10 19:53:30","False"
"phase17_v7\gateC2B1\20260810_171000_full_library_doublets\doublet_score_checkpoints\library_0fbe85f06046.summary.json","317","0.0003",".json","2026-08-10 19:53:30","False"
"phase17_v7\gateC2B1\20260810_171000_full_library_doublets\doublet_score_checkpoints\library_10d4288a3a67.csv.gz","19815","0.0189",".gz","2026-08-10 19:53:32","False"
"phase17_v7\gateC2B1\20260810_171000_full_library_doublets\doublet_score_checkpoints\library_10d4288a3a67.summary.json","314","0.0003",".json","2026-08-10 19:53:32","False"
"phase17_v7\gateC2B1\20260810_171000_full_library_doublets\doublet_score_checkpoints\library_128db2cb48a0.csv.gz","22733","0.0217",".gz","2026-08-10 19:58:23","False"
"phase17_v7\gateC2B1\20260810_171000_full_library_doublets\doublet_score_checkpoints\library_128db2cb48a0.summary.json","315","0.0003",".json","2026-08-10 19:58:23","False"
"phase17_v7\gateC2B1\20260810_171000_full_library_doublets\doublet_score_checkpoints\library_1375407dde73.csv.gz","18025","0.0172",".gz","2026-08-10 19:53:22","False"
"phase17_v7\gateC2B1\20260810_171000_full_library_doublets\doublet_score_checkpoints\library_1375407dde73.summary.json","315","0.0003",".json","2026-08-10 19:53:22","False"
"phase17_v7\gateC2B1\20260810_171000_full_library_doublets\doublet_score_checkpoints\library_1622b4c38654.csv.gz","26443","0.0252",".gz","2026-08-10 19:54:49","False"
"phase17_v7\gateC2B1\20260810_171000_full_library_doublets\doublet_score_checkpoints\library_1622b4c38654.summary.json","316","0.0003",".json","2026-08-10 19:54:49","False"
"phase17_v7\gateC2B1\20260810_171000_full_library_doublets\doublet_score_checkpoints\library_188b504558b0.csv.gz","17441","0.0166",".gz","2026-08-10 19:53:22","False"
"phase17_v7\gateC2B1\20260810_171000_full_library_doublets\doublet_score_checkpoints\library_188b504558b0.summary.json","316","0.0003",".json","2026-08-10 19:53:22","False"
"phase17_v7\gateC2B1\20260810_171000_full_library_doublets\doublet_score_checkpoints\library_20a2ec79ccde.csv.gz","31406","0.03",".gz","2026-08-10 19:54:35","False"
"phase17_v7\gateC2B1\20260810_171000_full_library_doublets\doublet_score_checkpoints\library_20a2ec79ccde.summary.json","314","0.0003",".json","2026-08-10 19:54:35","False"
"phase17_v7\gateC2B1\20260810_171000_full_library_doublets\doublet_score_checkpoints\library_218c837a9ab1.csv.gz","25615","0.0244",".gz","2026-08-10 19:58:40","False"
"phase17_v7\gateC2B1\20260810_171000_full_library_doublets\doublet_score_checkpoints\library_218c837a9ab1.summary.json","316","0.0003",".json","2026-08-10 19:58:40","False"
"phase17_v7\gateC2B1\20260810_171000_full_library_doublets\doublet_score_checkpoints\library_2199204b296b.csv.gz","21548","0.0205",".gz","2026-08-10 19:58:05","False"
"phase17_v7\gateC2B1\20260810_171000_full_library_doublets\doublet_score_checkpoints\library_2199204b296b.summary.json","315","0.0003",".json","2026-08-10 19:58:05","False"
"phase17_v7\gateC2B1\20260810_171000_full_library_doublets\doublet_score_checkpoints\library_221c70b9d3cd.csv.gz","22783","0.0217",".gz","2026-08-10 19:53:37","False"
"phase17_v7\gateC2B1\20260810_171000_full_library_doublets\doublet_score_checkpoints\library_221c70b9d3cd.summary.json","316","0.0003",".json","2026-08-10 19:53:37","False"
"phase17_v7\gateC2B1\20260810_171000_full_library_doublets\doublet_score_checkpoints\library_22f56aa6cd62.csv.gz","19109","0.0182",".gz","2026-08-10 19:54:07","False"
"phase17_v7\gateC2B1\20260810_171000_full_library_doublets\doublet_score_checkpoints\library_22f56aa6cd62.summary.json","315","0.0003",".json","2026-08-10 19:54:07","False"
"phase17_v7\gateC2B1\20260810_171000_full_library_doublets\doublet_score_checkpoints\library_230d22026d8d.csv.gz","21225","0.0202",".gz","2026-08-10 19:54:10","False"
"phase17_v7\gateC2B1\20260810_171000_full_library_doublets\doublet_score_checkpoints\library_230d22026d8d.summary.json","317","0.0003",".json","2026-08-10 19:54:10","False"
"phase17_v7\gateC2B1\20260810_171000_full_library_doublets\doublet_score_checkpoints\library_253859ca1285.csv.gz","20327","0.0194",".gz","2026-08-10 19:58:44","False"
"phase17_v7\gateC2B1\20260810_171000_full_library_doublets\doublet_score_checkpoints\library_253859ca1285.summary.json","315","0.0003",".json","2026-08-10 19:58:44","False"
"phase17_v7\gateC2B1\20260810_171000_full_library_doublets\doublet_score_checkpoints\library_2798751dce7e.csv.gz","22171","0.0211",".gz","2026-08-10 19:55:39","False"
"phase17_v7\gateC2B1\20260810_171000_full_library_doublets\doublet_score_checkpoints\library_2798751dce7e.summary.json","315","0.0003",".json","2026-08-10 19:55:39","False"
"phase17_v7\gateC2B1\20260810_171000_full_library_doublets\doublet_score_checkpoints\library_2d62433cacfe.csv.gz","23660","0.0226",".gz","2026-08-10 19:59:29","False"
"phase17_v7\gateC2B1\20260810_171000_full_library_doublets\doublet_score_checkpoints\library_2d62433cacfe.summary.json","317","0.0003",".json","2026-08-10 19:59:29","False"
"phase17_v7\gateC2B1\20260810_171000_full_library_doublets\doublet_score_checkpoints\library_2ee63a80ca34.csv.gz","25988","0.0248",".gz","2026-08-10 19:54:54","False"
"phase17_v7\gateC2B1\20260810_171000_full_library_doublets\doublet_score_checkpoints\library_2ee63a80ca34.summary.json","316","0.0003",".json","2026-08-10 19:54:54","False"
"phase17_v7\gateC2B1\20260810_171000_full_library_doublets\doublet_score_checkpoints\library_2ff99026cecf.csv.gz","21528","0.0205",".gz","2026-08-10 19:58:56","False"
"phase17_v7\gateC2B1\20260810_171000_full_library_doublets\doublet_score_checkpoints\library_2ff99026cecf.summary.json","315","0.0003",".json","2026-08-10 19:58:56","False"
"phase17_v7\gateC2B1\20260810_171000_full_library_doublets\doublet_score_checkpoints\library_30d8ac645877.csv.gz","25666","0.0245",".gz","2026-08-10 19:59:08","False"
"phase17_v7\gateC2B1\20260810_171000_full_library_doublets\doublet_score_checkpoints\library_30d8ac645877.summary.json","316","0.0003",".json","2026-08-10 19:59:08","False"
"phase17_v7\gateC2B1\20260810_171000_full_library_doublets\doublet_score_checkpoints\library_315c1487ce63.csv.gz","21717","0.0207",".gz","2026-08-10 19:58:08","False"
"phase17_v7\gateC2B1\20260810_171000_full_library_doublets\doublet_score_checkpoints\library_315c1487ce63.summary.json","315","0.0003",".json","2026-08-10 19:58:08","False"
"phase17_v7\gateC2B1\20260810_171000_full_library_doublets\doublet_score_checkpoints\library_31b527d8c8c9.csv.gz","29901","0.0285",".gz","2026-08-10 19:53:27","False"
"phase17_v7\gateC2B1\20260810_171000_full_library_doublets\doublet_score_checkpoints\library_31b527d8c8c9.summary.json","315","0.0003",".json","2026-08-10 19:53:27","False"
"phase17_v7\gateC2B1\20260810_171000_full_library_doublets\doublet_score_checkpoints\library_343ec374e18f.csv.gz","27867","0.0266",".gz","2026-08-10 19:57:09","False"
"phase17_v7\gateC2B1\20260810_171000_full_library_doublets\doublet_score_checkpoints\library_343ec374e18f.summary.json","316","0.0003",".json","2026-08-10 19:57:09","False"
"phase17_v7\gateC2B1\20260810_171000_full_library_doublets\doublet_score_checkpoints\library_35288be76858.csv.gz","23126","0.0221",".gz","2026-08-10 19:58:00","False"
"phase17_v7\gateC2B1\20260810_171000_full_library_doublets\doublet_score_checkpoints\library_35288be76858.summary.json","316","0.0003",".json","2026-08-10 19:58:00","False"
"phase17_v7\gateC2B1\20260810_171000_full_library_doublets\doublet_score_checkpoints\library_358d427f5a37.csv.gz","7085","0.0068",".gz","2026-08-10 19:58:52","False"
"phase17_v7\gateC2B1\20260810_171000_full_library_doublets\doublet_score_checkpoints\library_358d427f5a37.summary.json","314","0.0003",".json","2026-08-10 19:58:52","False"
"phase17_v7\gateC2B1\20260810_171000_full_library_doublets\doublet_score_checkpoints\library_380599f0d787.csv.gz","27044","0.0258",".gz","2026-08-10 19:57:17","False"
"phase17_v7\gateC2B1\20260810_171000_full_library_doublets\doublet_score_checkpoints\library_380599f0d787.summary.json","316","0.0003",".json","2026-08-10 19:57:17","False"
"phase17_v7\gateC2B1\20260810_171000_full_library_doublets\doublet_score_checkpoints\library_3b571ddf5338.csv.gz","20537","0.0196",".gz","2026-08-10 19:55:02","False"
"phase17_v7\gateC2B1\20260810_171000_full_library_doublets\doublet_score_checkpoints\library_3b571ddf5338.summary.json","315","0.0003",".json","2026-08-10 19:55:02","False"
"phase17_v7\gateC2B1\20260810_171000_full_library_doublets\doublet_score_checkpoints\library_44589c44fd76.csv.gz","20785","0.0198",".gz","2026-08-10 19:56:15","False"
"phase17_v7\gateC2B1\20260810_171000_full_library_doublets\doublet_score_checkpoints\library_44589c44fd76.summary.json","315","0.0003",".json","2026-08-10 19:56:15","False"
"phase17_v7\gateC2B1\20260810_171000_full_library_doublets\doublet_score_checkpoints\library_455db01896ce.csv.gz","22634","0.0216",".gz","2026-08-10 19:53:18","False"
"phase17_v7\gateC2B1\20260810_171000_full_library_doublets\doublet_score_checkpoints\library_455db01896ce.summary.json","316","0.0003",".json","2026-08-10 19:53:18","False"
"phase17_v7\gateC2B1\20260810_171000_full_library_doublets\doublet_score_checkpoints\library_5ded2ea02b2b.csv.gz","13039","0.0124",".gz","2026-08-10 19:59:02","False"
"phase17_v7\gateC2B1\20260810_171000_full_library_doublets\doublet_score_checkpoints\library_5ded2ea02b2b.summary.json","315","0.0003",".json","2026-08-10 19:59:02","False"
"phase17_v7\gateC2B1\20260810_171000_full_library_doublets\doublet_score_checkpoints\library_5f8183a03fdc.csv.gz","23655","0.0226",".gz","2026-08-10 19:55:33","False"
"phase17_v7\gateC2B1\20260810_171000_full_library_doublets\doublet_score_checkpoints\library_5f8183a03fdc.summary.json","316","0.0003",".json","2026-08-10 19:55:33","False"
"phase17_v7\gateC2B1\20260810_171000_full_library_doublets\doublet_score_checkpoints\library_62a1c0c4e9f9.csv.gz","20164","0.0192",".gz","2026-08-10 19:53:31","False"
"phase17_v7\gateC2B1\20260810_171000_full_library_doublets\doublet_score_checkpoints\library_62a1c0c4e9f9.summary.json","316","0.0003",".json","2026-08-10 19:53:31","False"
"phase17_v7\gateC2B1\20260810_171000_full_library_doublets\doublet_score_checkpoints\library_6455ee41f5c6.csv.gz","31831","0.0304",".gz","2026-08-10 19:53:21","False"
"phase17_v7\gateC2B1\20260810_171000_full_library_doublets\doublet_score_checkpoints\library_6455ee41f5c6.summary.json","314","0.0003",".json","2026-08-10 19:53:21","False"
"phase17_v7\gateC2B1\20260810_171000_full_library_doublets\doublet_score_checkpoints\library_6526acb67fec.csv.gz","21386","0.0204",".gz","2026-08-10 19:55:27","False"
"phase17_v7\gateC2B1\20260810_171000_full_library_doublets\doublet_score_checkpoints\library_6526acb67fec.summary.json","316","0.0003",".json","2026-08-10 19:55:27","False"
"phase17_v7\gateC2B1\20260810_171000_full_library_doublets\doublet_score_checkpoints\library_725f7e62d939.csv.gz","18793","0.0179",".gz","2026-08-10 19:54:38","False"
"phase17_v7\gateC2B1\20260810_171000_full_library_doublets\doublet_score_checkpoints\library_725f7e62d939.summary.json","316","0.0003",".json","2026-08-10 19:54:38","False"
"phase17_v7\gateC2B1\20260810_171000_full_library_doublets\doublet_score_checkpoints\library_72e73a6775c0.csv.gz","21544","0.0205",".gz","2026-08-10 19:59:01","False"
"phase17_v7\gateC2B1\20260810_171000_full_library_doublets\doublet_score_checkpoints\library_72e73a6775c0.summary.json","316","0.0003",".json","2026-08-10 19:59:01","False"
"phase17_v7\gateC2B1\20260810_171000_full_library_doublets\doublet_score_checkpoints\library_76f8dd697ee3.csv.gz","31059","0.0296",".gz","2026-08-10 19:58:09","False"
"phase17_v7\gateC2B1\20260810_171000_full_library_doublets\doublet_score_checkpoints\library_76f8dd697ee3.summary.json","314","0.0003",".json","2026-08-10 19:58:09","False"
"phase17_v7\gateC2B1\20260810_171000_full_library_doublets\doublet_score_checkpoints\library_770dfdb815ad.csv.gz","31933","0.0305",".gz","2026-08-10 19:59:24","False"
"phase17_v7\gateC2B1\20260810_171000_full_library_doublets\doublet_score_checkpoints\library_770dfdb815ad.summary.json","314","0.0003",".json","2026-08-10 19:59:24","False"
"phase17_v7\gateC2B1\20260810_171000_full_library_doublets\doublet_score_checkpoints\library_77878d5bf127.csv.gz","24629","0.0235",".gz","2026-08-10 19:59:18","False"
"phase17_v7\gateC2B1\20260810_171000_full_library_doublets\doublet_score_checkpoints\library_77878d5bf127.summary.json","317","0.0003",".json","2026-08-10 19:59:18","False"
"phase17_v7\gateC2B1\20260810_171000_full_library_doublets\doublet_score_checkpoints\library_79af7bce4e74.csv.gz","23970","0.0229",".gz","2026-08-10 19:54:43","False"
"phase17_v7\gateC2B1\20260810_171000_full_library_doublets\doublet_score_checkpoints\library_79af7bce4e74.summary.json","316","0.0003",".json","2026-08-10 19:54:43","False"
"phase17_v7\gateC2B1\20260810_171000_full_library_doublets\doublet_score_checkpoints\library_7a8897cbbb96.csv.gz","21151","0.0202",".gz","2026-08-10 19:56:21","False"
"phase17_v7\gateC2B1\20260810_171000_full_library_doublets\doublet_score_checkpoints\library_7a8897cbbb96.summary.json","316","0.0003",".json","2026-08-10 19:56:21","False"
"phase17_v7\gateC2B1\20260810_171000_full_library_doublets\doublet_score_checkpoints\library_7d9a6b8de3d6.csv.gz","31601","0.0301",".gz","2026-08-10 19:56:00","False"
"phase17_v7\gateC2B1\20260810_171000_full_library_doublets\doublet_score_checkpoints\library_7d9a6b8de3d6.summary.json","315","0.0003",".json","2026-08-10 19:56:00","False"
"phase17_v7\gateC2B1\20260810_171000_full_library_doublets\doublet_score_checkpoints\library_828dca04d7a4.csv.gz","22184","0.0212",".gz","2026-08-10 19:58:52","False"
"phase17_v7\gateC2B1\20260810_171000_full_library_doublets\doublet_score_checkpoints\library_828dca04d7a4.summary.json","317","0.0003",".json","2026-08-10 19:58:52","False"
"phase17_v7\gateC2B1\20260810_171000_full_library_doublets\doublet_score_checkpoints\library_82973c23ffad.csv.gz","23561","0.0225",".gz","2026-08-10 19:56:44","False"
"phase17_v7\gateC2B1\20260810_171000_full_library_doublets\doublet_score_checkpoints\library_82973c23ffad.summary.json","316","0.0003",".json","2026-08-10 19:56:44","False"
"phase17_v7\gateC2B1\20260810_171000_full_library_doublets\doublet_score_checkpoints\library_83348f1a7b50.csv.gz","27956","0.0267",".gz","2026-08-10 19:55:13","False"
"phase17_v7\gateC2B1\20260810_171000_full_library_doublets\doublet_score_checkpoints\library_83348f1a7b50.summary.json","316","0.0003",".json","2026-08-10 19:55:13","False"
"phase17_v7\gateC2B1\20260810_171000_full_library_doublets\doublet_score_checkpoints\library_83b3d3fe029a.csv.gz","21498","0.0205",".gz","2026-08-10 19:56:51","False"
"phase17_v7\gateC2B1\20260810_171000_full_library_doublets\doublet_score_checkpoints\library_83b3d3fe029a.summary.json","316","0.0003",".json","2026-08-10 19:56:51","False"
"phase17_v7\gateC2B1\20260810_171000_full_library_doublets\doublet_score_checkpoints\library_899d055eb9fd.csv.gz","24177","0.0231",".gz","2026-08-10 19:54:58","False"
"phase17_v7\gateC2B1\20260810_171000_full_library_doublets\doublet_score_checkpoints\library_899d055eb9fd.summary.json","316","0.0003",".json","2026-08-10 19:54:58","False"
"phase17_v7\gateC2B1\20260810_171000_full_library_doublets\doublet_score_checkpoints\library_8c52cfa94f21.csv.gz","20585","0.0196",".gz","2026-08-10 19:55:20","False"
"phase17_v7\gateC2B1\20260810_171000_full_library_doublets\doublet_score_checkpoints\library_8c52cfa94f21.summary.json","316","0.0003",".json","2026-08-10 19:55:20","False"
"phase17_v7\gateC2B1\20260810_171000_full_library_doublets\doublet_score_checkpoints\library_8cf63a1ff546.csv.gz","20761","0.0198",".gz","2026-08-10 19:58:30","False"
"phase17_v7\gateC2B1\20260810_171000_full_library_doublets\doublet_score_checkpoints\library_8cf63a1ff546.summary.json","314","0.0003",".json","2026-08-10 19:58:30","False"
"phase17_v7\gateC2B1\20260810_171000_full_library_doublets\doublet_score_checkpoints\library_8cfaec5b7340.csv.gz","22833","0.0218",".gz","2026-08-10 19:54:13","False"
"phase17_v7\gateC2B1\20260810_171000_full_library_doublets\doublet_score_checkpoints\library_8cfaec5b7340.summary.json","315","0.0003",".json","2026-08-10 19:54:13","False"
"phase17_v7\gateC2B1\20260810_171000_full_library_doublets\doublet_score_checkpoints\library_93407fcf5bb0.csv.gz","34022","0.0324",".gz","2026-08-10 19:53:28","False"
"phase17_v7\gateC2B1\20260810_171000_full_library_doublets\doublet_score_checkpoints\library_93407fcf5bb0.summary.json","315","0.0003",".json","2026-08-10 19:53:28","False"
"phase17_v7\gateC2B1\20260810_171000_full_library_doublets\doublet_score_checkpoints\library_95fde9998f12.csv.gz","26076","0.0249",".gz","2026-08-10 19:53:24","False"
"phase17_v7\gateC2B1\20260810_171000_full_library_doublets\doublet_score_checkpoints\library_95fde9998f12.summary.json","317","0.0003",".json","2026-08-10 19:53:24","False"
"phase17_v7\gateC2B1\20260810_171000_full_library_doublets\doublet_score_checkpoints\library_99a032e49472.csv.gz","25815","0.0246",".gz","2026-08-10 19:53:19","False"
"phase17_v7\gateC2B1\20260810_171000_full_library_doublets\doublet_score_checkpoints\library_99a032e49472.summary.json","317","0.0003",".json","2026-08-10 19:53:19","False"
"phase17_v7\gateC2B1\20260810_171000_full_library_doublets\doublet_score_checkpoints\library_9f5765b01912.csv.gz","19586","0.0187",".gz","2026-08-10 19:56:04","False"
"phase17_v7\gateC2B1\20260810_171000_full_library_doublets\doublet_score_checkpoints\library_9f5765b01912.summary.json","314","0.0003",".json","2026-08-10 19:56:04","False"
"phase17_v7\gateC2B1\20260810_171000_full_library_doublets\doublet_score_checkpoints\library_a53c8b54e29a.csv.gz","30912","0.0295",".gz","2026-08-10 19:54:04","False"
"phase17_v7\gateC2B1\20260810_171000_full_library_doublets\doublet_score_checkpoints\library_a53c8b54e29a.summary.json","316","0.0003",".json","2026-08-10 19:54:04","False"
"phase17_v7\gateC2B1\20260810_171000_full_library_doublets\doublet_score_checkpoints\library_a6c7324793f4.csv.gz","20930","0.02",".gz","2026-08-10 19:53:26","False"
"phase17_v7\gateC2B1\20260810_171000_full_library_doublets\doublet_score_checkpoints\library_a6c7324793f4.summary.json","312","0.0003",".json","2026-08-10 19:53:26","False"
"phase17_v7\gateC2B1\20260810_171000_full_library_doublets\doublet_score_checkpoints\library_abcafd51ff2c.csv.gz","22362","0.0213",".gz","2026-08-10 19:56:37","False"
"phase17_v7\gateC2B1\20260810_171000_full_library_doublets\doublet_score_checkpoints\library_abcafd51ff2c.summary.json","316","0.0003",".json","2026-08-10 19:56:37","False"
"phase17_v7\gateC2B1\20260810_171000_full_library_doublets\doublet_score_checkpoints\library_b3ea78d5ac60.csv.gz","22397","0.0214",".gz","2026-08-10 19:55:47","False"
"phase17_v7\gateC2B1\20260810_171000_full_library_doublets\doublet_score_checkpoints\library_b3ea78d5ac60.summary.json","316","0.0003",".json","2026-08-10 19:55:47","False"
"phase17_v7\gateC2B1\20260810_171000_full_library_doublets\doublet_score_checkpoints\library_b5638674a415.csv.gz","21155","0.0202",".gz","2026-08-10 19:57:55","False"
"phase17_v7\gateC2B1\20260810_171000_full_library_doublets\doublet_score_checkpoints\library_b5638674a415.summary.json","315","0.0003",".json","2026-08-10 19:57:55","False"
"phase17_v7\gateC2B1\20260810_171000_full_library_doublets\doublet_score_checkpoints\library_b62112411656.csv.gz","22785","0.0217",".gz","2026-08-10 19:53:25","False"
"phase17_v7\gateC2B1\20260810_171000_full_library_doublets\doublet_score_checkpoints\library_b62112411656.summary.json","316","0.0003",".json","2026-08-10 19:53:25","False"
"phase17_v7\gateC2B1\20260810_171000_full_library_doublets\doublet_score_checkpoints\library_b7c9e65ae292.csv.gz","22736","0.0217",".gz","2026-08-10 19:53:18","False"
"phase17_v7\gateC2B1\20260810_171000_full_library_doublets\doublet_score_checkpoints\library_b7c9e65ae292.summary.json","315","0.0003",".json","2026-08-10 19:53:18","False"
"phase17_v7\gateC2B1\20260810_171000_full_library_doublets\doublet_score_checkpoints\library_c0f5d8b501e4.csv.gz","35587","0.0339",".gz","2026-08-10 19:58:18","False"
"phase17_v7\gateC2B1\20260810_171000_full_library_doublets\doublet_score_checkpoints\library_c0f5d8b501e4.summary.json","316","0.0003",".json","2026-08-10 19:58:18","False"
"phase17_v7\gateC2B1\20260810_171000_full_library_doublets\doublet_score_checkpoints\library_c6685cec9456.csv.gz","21170","0.0202",".gz","2026-08-10 19:53:23","False"
"phase17_v7\gateC2B1\20260810_171000_full_library_doublets\doublet_score_checkpoints\library_c6685cec9456.summary.json","315","0.0003",".json","2026-08-10 19:53:23","False"
"phase17_v7\gateC2B1\20260810_171000_full_library_doublets\doublet_score_checkpoints\library_ccbf4ec9e98c.csv.gz","25738","0.0245",".gz","2026-08-10 19:56:29","False"
"phase17_v7\gateC2B1\20260810_171000_full_library_doublets\doublet_score_checkpoints\library_ccbf4ec9e98c.summary.json","317","0.0003",".json","2026-08-10 19:56:29","False"
"phase17_v7\gateC2B1\20260810_171000_full_library_doublets\doublet_score_checkpoints\library_cccf4c47bc9d.csv.gz","22709","0.0217",".gz","2026-08-10 19:57:43","False"
"phase17_v7\gateC2B1\20260810_171000_full_library_doublets\doublet_score_checkpoints\library_cccf4c47bc9d.summary.json","316","0.0003",".json","2026-08-10 19:57:43","False"
"phase17_v7\gateC2B1\20260810_171000_full_library_doublets\doublet_score_checkpoints\library_d076c8c28e3d.csv.gz","22719","0.0217",".gz","2026-08-10 19:53:43","False"
"phase17_v7\gateC2B1\20260810_171000_full_library_doublets\doublet_score_checkpoints\library_d076c8c28e3d.summary.json","317","0.0003",".json","2026-08-10 19:53:43","False"
"phase17_v7\gateC2B1\20260810_171000_full_library_doublets\doublet_score_checkpoints\library_d2a865158ce2.csv.gz","26481","0.0253",".gz","2026-08-10 19:53:20","False"
"phase17_v7\gateC2B1\20260810_171000_full_library_doublets\doublet_score_checkpoints\library_d2a865158ce2.summary.json","317","0.0003",".json","2026-08-10 19:53:20","False"
"phase17_v7\gateC2B1\20260810_171000_full_library_doublets\doublet_score_checkpoints\library_d8d3bef6d381.csv.gz","24053","0.0229",".gz","2026-08-10 19:53:56","False"
"phase17_v7\gateC2B1\20260810_171000_full_library_doublets\doublet_score_checkpoints\library_d8d3bef6d381.summary.json","317","0.0003",".json","2026-08-10 19:53:56","False"
"phase17_v7\gateC2B1\20260810_171000_full_library_doublets\doublet_score_checkpoints\library_d9e8bd79e478.csv.gz","25038","0.0239",".gz","2026-08-10 19:59:13","False"
"phase17_v7\gateC2B1\20260810_171000_full_library_doublets\doublet_score_checkpoints\library_d9e8bd79e478.summary.json","317","0.0003",".json","2026-08-10 19:59:13","False"
"phase17_v7\gateC2B1\20260810_171000_full_library_doublets\doublet_score_checkpoints\library_dba6e22fb6b0.csv.gz","24892","0.0237",".gz","2026-08-10 19:57:37","False"
"phase17_v7\gateC2B1\20260810_171000_full_library_doublets\doublet_score_checkpoints\library_dba6e22fb6b0.summary.json","316","0.0003",".json","2026-08-10 19:57:37","False"
"phase17_v7\gateC2B1\20260810_171000_full_library_doublets\doublet_score_checkpoints\library_dca7e0c6ca9d.csv.gz","24183","0.0231",".gz","2026-08-10 19:57:30","False"
"phase17_v7\gateC2B1\20260810_171000_full_library_doublets\doublet_score_checkpoints\library_dca7e0c6ca9d.summary.json","314","0.0003",".json","2026-08-10 19:57:30","False"
"phase17_v7\gateC2B1\20260810_171000_full_library_doublets\doublet_score_checkpoints\library_de464cffd820.csv.gz","22155","0.0211",".gz","2026-08-10 19:58:09","False"
"phase17_v7\gateC2B1\20260810_171000_full_library_doublets\doublet_score_checkpoints\library_de464cffd820.summary.json","314","0.0003",".json","2026-08-10 19:58:09","False"
"phase17_v7\gateC2B1\20260810_171000_full_library_doublets\doublet_score_checkpoints\library_e5d2ac9352ef.csv.gz","26704","0.0255",".gz","2026-08-10 19:57:52","False"
"phase17_v7\gateC2B1\20260810_171000_full_library_doublets\doublet_score_checkpoints\library_e5d2ac9352ef.summary.json","314","0.0003",".json","2026-08-10 19:57:52","False"
"phase17_v7\gateC2B1\20260810_171000_full_library_doublets\doublet_score_checkpoints\library_e757a64396f8.csv.gz","20331","0.0194",".gz","2026-08-10 19:58:08","False"
"phase17_v7\gateC2B1\20260810_171000_full_library_doublets\doublet_score_checkpoints\library_e757a64396f8.summary.json","316","0.0003",".json","2026-08-10 19:58:08","False"
"phase17_v7\gateC2B1\20260810_171000_full_library_doublets\doublet_score_checkpoints\library_eb43643ce871.csv.gz","20325","0.0194",".gz","2026-08-10 19:56:09","False"
"phase17_v7\gateC2B1\20260810_171000_full_library_doublets\doublet_score_checkpoints\library_eb43643ce871.summary.json","314","0.0003",".json","2026-08-10 19:56:09","False"
"phase17_v7\gateC2B1\20260810_171000_full_library_doublets\doublet_score_checkpoints\library_eb78fff7e780.csv.gz","26493","0.0253",".gz","2026-08-10 19:53:47","False"
"phase17_v7\gateC2B1\20260810_171000_full_library_doublets\doublet_score_checkpoints\library_eb78fff7e780.summary.json","317","0.0003",".json","2026-08-10 19:53:47","False"
"phase17_v7\gateC2B1\20260810_171000_full_library_doublets\doublet_score_checkpoints\library_ed60ab70de03.csv.gz","20850","0.0199",".gz","2026-08-10 19:54:11","False"
"phase17_v7\gateC2B1\20260810_171000_full_library_doublets\doublet_score_checkpoints\library_ed60ab70de03.summary.json","314","0.0003",".json","2026-08-10 19:54:11","False"
"phase17_v7\gateC2B1\20260810_171000_full_library_doublets\doublet_score_checkpoints\library_ee0866008cae.csv.gz","24116","0.023",".gz","2026-08-10 19:53:29","False"
"phase17_v7\gateC2B1\20260810_171000_full_library_doublets\doublet_score_checkpoints\library_ee0866008cae.summary.json","317","0.0003",".json","2026-08-10 19:53:29","False"
"phase17_v7\gateC2B1\20260810_171000_full_library_doublets\doublet_score_checkpoints\library_efd084b4c06c.csv.gz","19004","0.0181",".gz","2026-08-10 19:57:21","False"
"phase17_v7\gateC2B1\20260810_171000_full_library_doublets\doublet_score_checkpoints\library_efd084b4c06c.summary.json","316","0.0003",".json","2026-08-10 19:57:21","False"
"phase17_v7\gateC2B1\20260810_171000_full_library_doublets\doublet_score_checkpoints\library_effec7994165.csv.gz","20862","0.0199",".gz","2026-08-10 19:54:11","False"
"phase17_v7\gateC2B1\20260810_171000_full_library_doublets\doublet_score_checkpoints\library_effec7994165.summary.json","317","0.0003",".json","2026-08-10 19:54:11","False"
"phase17_v7\gateC2B1\20260810_171000_full_library_doublets\doublet_score_checkpoints\library_f10b910438be.csv.gz","34332","0.0327",".gz","2026-08-10 19:54:29","False"
"phase17_v7\gateC2B1\20260810_171000_full_library_doublets\doublet_score_checkpoints\library_f10b910438be.summary.json","316","0.0003",".json","2026-08-10 19:54:29","False"
"phase17_v7\gateC2B1\20260810_171000_full_library_doublets\doublet_score_checkpoints\library_f3d4d2018f71.csv.gz","20550","0.0196",".gz","2026-08-10 19:53:51","False"
"phase17_v7\gateC2B1\20260810_171000_full_library_doublets\doublet_score_checkpoints\library_f3d4d2018f71.summary.json","314","0.0003",".json","2026-08-10 19:53:51","False"
"phase17_v7\gateC2B1\20260810_171000_full_library_doublets\doublet_score_checkpoints\library_fb860df38968.csv.gz","12730","0.0121",".gz","2026-08-10 19:54:10","False"
"phase17_v7\gateC2B1\20260810_171000_full_library_doublets\doublet_score_checkpoints\library_fb860df38968.summary.json","313","0.0003",".json","2026-08-10 19:54:10","False"
"phase17_v7\gateC2B1\20260810_171000_full_library_doublets\doublet_score_checkpoints\library_feb17bd0005f.csv.gz","29215","0.0279",".gz","2026-08-10 19:54:20","False"
"phase17_v7\gateC2B1\20260810_171000_full_library_doublets\doublet_score_checkpoints\library_feb17bd0005f.summary.json","316","0.0003",".json","2026-08-10 19:54:20","False"
"phase17_v7\gateC2B1\20260810_171000_full_library_doublets\figures\full_library_doublet_diagnostics.pdf","15055","0.0144",".pdf","2026-08-10 19:59:32","True"
"phase17_v7\gateC2B1\20260810_171000_full_library_doublets\figures\full_library_doublet_diagnostics.png","64117","0.0611",".png","2026-08-10 19:59:32","True"
"phase17_v7\gateC2B1\20260810_171000_full_library_doublets\figures\residual_doublet_multimetric_review.pdf","28687","0.0274",".pdf","2026-08-10 19:59:55","True"
"phase17_v7\gateC2B1\20260810_171000_full_library_doublets\figures\residual_doublet_multimetric_review.png","208108","0.1985",".png","2026-08-10 19:59:54","True"
"phase17_v7\gateC2B2_prechecks\_software_test_blineage_3000\01_blineage_source_summary.csv","304","0.0003",".csv","2026-08-10 19:33:04","False"
"phase17_v7\gateC2B2_prechecks\_software_test_blineage_3000\02_blineage_marker_coverage.csv","339","0.0003",".csv","2026-08-10 19:33:04","False"
"phase17_v7\gateC2B2_prechecks\_software_test_blineage_3000\03_blineage_candidate_rule_sensitivity.csv","961","0.0009",".csv","2026-08-10 19:33:04","False"
"phase17_v7\gateC2B2_prechecks\_software_test_blineage_3000\04_blineage_strict_candidates.csv.gz","1330","0.0013",".gz","2026-08-10 19:33:04","False"
"phase17_v7\gateC2B2_prechecks\_software_test_blineage_3000\05_blineage_candidates_by_source_label.csv","728","0.0007",".csv","2026-08-10 19:33:04","False"
"phase17_v7\gateC2B2_prechecks\_software_test_blineage_3000\06_BLINEAGE_EXTRACTION_AUDIT.md","1010","0.001",".md","2026-08-10 19:33:05","False"
"phase17_v7\gateC2B2_prechecks\_software_test_blineage_3000\figures\blineage_candidates_by_source_label.pdf","14791","0.0141",".pdf","2026-08-10 19:33:05","False"
"phase17_v7\gateC2B2_prechecks\_software_test_blineage_3000\figures\blineage_candidates_by_source_label.png","95371","0.091",".png","2026-08-10 19:33:04","False"
"phase17_v7\gateC2B2_prechecks\_software_test_blineage_3000\input_3000.h5ad","32553359","31.0453",".h5ad","2026-08-10 19:31:46","False"
"phase17_v7\gateC2B2_prechecks\blineage_extraction_completeness\01_blineage_source_summary.csv","332","0.0003",".csv","2026-08-12 16:41:28","True"
"phase17_v7\gateC2B2_prechecks\blineage_extraction_completeness\02_blineage_marker_coverage.csv","339","0.0003",".csv","2026-08-12 16:40:19","True"
"phase17_v7\gateC2B2_prechecks\blineage_extraction_completeness\03_blineage_candidate_rule_sensitivity.csv","1109","0.0011",".csv","2026-08-12 16:41:27","True"
"phase17_v7\gateC2B2_prechecks\blineage_extraction_completeness\04_blineage_strict_candidates.csv.gz","221164","0.2109",".gz","2026-08-12 16:41:27","False"
"phase17_v7\gateC2B2_prechecks\blineage_extraction_completeness\05_blineage_candidates_by_source_label.csv","895","0.0009",".csv","2026-08-12 16:41:28","True"
"phase17_v7\gateC2B2_prechecks\blineage_extraction_completeness\06_BLINEAGE_EXTRACTION_AUDIT.md","1027","0.001",".md","2026-08-12 16:41:37","True"
"phase17_v7\gateC2B2_prechecks\blineage_extraction_completeness\07_blineage_candidate_gene_profiles.csv.gz","371529","0.3543",".gz","2026-08-12 16:47:48","False"
"phase17_v7\gateC2B2_prechecks\blineage_extraction_completeness\08_blineage_refined_candidates_by_source_label.csv","715","0.0007",".csv","2026-08-12 16:47:48","True"
"phase17_v7\gateC2B2_prechecks\blineage_extraction_completeness\09_blineage_candidate_gene_prevalence.csv","13167","0.0126",".csv","2026-08-12 16:47:48","True"
"phase17_v7\gateC2B2_prechecks\blineage_extraction_completeness\10_BLINEAGE_INPUT_DECISION.md","1300","0.0012",".md","2026-08-12 16:47:49","True"
"phase17_v7\gateC2B2_prechecks\blineage_extraction_completeness\11_BLINEAGE_INPUT_DECISION.json","612","0.0006",".json","2026-08-12 16:47:48","True"
"phase17_v7\gateC2B2_prechecks\blineage_extraction_completeness\figures\blineage_candidate_refinement.pdf","15360","0.0146",".pdf","2026-08-12 16:47:49","True"
"phase17_v7\gateC2B2_prechecks\blineage_extraction_completeness\figures\blineage_candidate_refinement.png","99879","0.0953",".png","2026-08-12 16:47:48","True"
"phase17_v7\gateC2B2_prechecks\blineage_extraction_completeness\figures\blineage_candidates_by_source_label.pdf","14382","0.0137",".pdf","2026-08-12 16:41:37","True"
"phase17_v7\gateC2B2_prechecks\blineage_extraction_completeness\figures\blineage_candidates_by_source_label.png","99098","0.0945",".png","2026-08-12 16:41:31","True"
"phase17_v7\gateC2B2\_LATEST_GATE_C2B2.txt","61","0.0001",".txt","2026-08-13 03:27:51","True"
"phase17_v7\gateC2B2\_software_test_1000_v2\01_hvg_recurrence_table.csv","993839","0.9478",".csv","2026-08-12 17:44:02","False"
"phase17_v7\gateC2B2\_software_test_1000_v2\02_hvg_branch_summary.csv","254","0.0002",".csv","2026-08-12 17:44:02","False"
"phase17_v7\gateC2B2\_software_test_1000_v2\03_prepared_log_union_hvg.h5ad","791466","0.7548",".h5ad","2026-08-12 17:44:02","False"
"phase17_v7\gateC2B2\_software_test_1000_v2\04_GATE_C2B2_PREPARATION.json","1187","0.0011",".json","2026-08-12 17:44:02","False"
"phase17_v7\gateC2B2\_software_test_1000_v2\05_GATE_C2B2_PREPARATION.md","631","0.0006",".md","2026-08-12 17:44:02","False"
"phase17_v7\gateC2B2\_software_test_1000_v3\01_hvg_recurrence_table.csv","953833","0.9096",".csv","2026-08-12 17:59:04","False"
"phase17_v7\gateC2B2\_software_test_1000_v3\02_hvg_branch_summary.csv","207","0.0002",".csv","2026-08-12 17:59:04","False"
"phase17_v7\gateC2B2\_software_test_1000_v3\02b_feature_space_sensitivity_availability.csv","466","0.0004",".csv","2026-08-12 17:59:04","False"
"phase17_v7\gateC2B2\_software_test_1000_v3\03_prepared_log_union_hvg.h5ad","849184","0.8098",".h5ad","2026-08-12 17:59:04","False"
"phase17_v7\gateC2B2\_software_test_1000_v3\04_GATE_C2B2_PREPARATION.json","1516","0.0014",".json","2026-08-12 17:59:04","False"
"phase17_v7\gateC2B2\_software_test_1000_v3\05_GATE_C2B2_PREPARATION.md","766","0.0007",".md","2026-08-12 17:59:04","False"
"phase17_v7\gateC2B2\_software_test_1000_v3\06_primary_all_cells_representation.h5ad","1242317","1.1848",".h5ad","2026-08-12 18:01:46","False"
"phase17_v7\gateC2B2\_software_test_1000_v3\07_singlet_sensitivity_representation.h5ad","1213532","1.1573",".h5ad","2026-08-12 18:01:48","False"
"phase17_v7\gateC2B2\_software_test_1000_v3\08_isg_excluded_representation.h5ad","1221782","1.1652",".h5ad","2026-08-12 18:01:49","False"
"phase17_v7\gateC2B2\_software_test_1000_v3\10_primary_neighbor_mixing.csv","717","0.0007",".csv","2026-08-12 18:01:46","False"
"phase17_v7\gateC2B2\_software_test_1000_v3\11_primary_bridge_centroid_distances.csv","12503","0.0119",".csv","2026-08-12 18:01:46","False"
"phase17_v7\gateC2B2\_software_test_1000_v3\12_primary_cluster_coverage.csv","5821","0.0056",".csv","2026-08-12 18:01:49","False"
"phase17_v7\gateC2B2\_software_test_1000_v3\13_residual_risk_localization.csv","6420","0.0061",".csv","2026-08-12 18:01:49","False"
"phase17_v7\gateC2B2\_software_test_1000_v3\14_branch_and_resolution_concordance.csv","1662","0.0016",".csv","2026-08-12 18:01:49","False"
"phase17_v7\gateC2B2\_software_test_1000_v3\15_primary_cell_assignments.csv.gz","49476","0.0472",".gz","2026-08-12 18:01:49","False"
"phase17_v7\gateC2B2\_software_test_1000_v3\16_GATE_C2B2_FIT_SUMMARY.json","1708","0.0016",".json","2026-08-12 18:01:49","False"
"phase17_v7\gateC2B2\_software_test_1000_v3\16_GATE_C2B2_PARTIAL.json","254","0.0002",".json","2026-08-12 17:49:27","False"
"phase17_v7\gateC2B2\_software_test_1000_v3\17_GATE_C2B2_FIT_STATUS.md","562","0.0005",".md","2026-08-12 18:01:49","False"
"phase17_v7\gateC2B2\_software_test_1000_v3\18_marker_coverage.csv","1869","0.0018",".csv","2026-08-12 18:01:54","False"
"phase17_v7\gateC2B2\_software_test_1000_v3\19_marker_gene_by_cluster.csv","35392","0.0338",".csv","2026-08-12 18:01:54","False"
"phase17_v7\gateC2B2\_software_test_1000_v3\20_marker_module_by_cluster.csv","8357","0.008",".csv","2026-08-12 18:01:54","False"
"phase17_v7\gateC2B2\_software_test_1000_v3\21_GATE_C2B2_REVIEW.md","1777","0.0017",".md","2026-08-12 18:01:59","False"
"phase17_v7\gateC2B2\_software_test_1000_v3\22_GATE_C2B2_REVIEW.json","2377","0.0023",".json","2026-08-12 18:01:59","False"
"phase17_v7\gateC2B2\_software_test_1000_v3\figures_review\c2b2_branch_concordance.pdf","14824","0.0141",".pdf","2026-08-12 18:01:59","False"
"phase17_v7\gateC2B2\_software_test_1000_v3\figures_review\c2b2_branch_concordance.png","83603","0.0797",".png","2026-08-12 18:01:59","False"
"phase17_v7\gateC2B2\_software_test_1000_v3\figures_review\c2b2_marker_module_dotplot.pdf","50836","0.0485",".pdf","2026-08-12 18:01:57","False"
"phase17_v7\gateC2B2\_software_test_1000_v3\figures_review\c2b2_marker_module_dotplot.png","351482","0.3352",".png","2026-08-12 18:01:57","False"
"phase17_v7\gateC2B2\_software_test_1000_v3\figures_review\c2b2_representation_audit.pdf","66408","0.0633",".pdf","2026-08-12 18:01:56","False"
"phase17_v7\gateC2B2\_software_test_1000_v3\figures_review\c2b2_representation_audit.png","309221","0.2949",".png","2026-08-12 18:01:56","False"
"phase17_v7\gateC2B2\_software_test_5000\01_hvg_recurrence_table.csv","1664814","1.5877",".csv","2026-08-12 16:58:40","False"
"phase17_v7\gateC2B2\_software_test_5000\02_hvg_branch_summary.csv","246","0.0002",".csv","2026-08-12 16:58:41","False"
"phase17_v7\gateC2B2\_software_test_5000\03_prepared_log_union_hvg.h5ad","4242887","4.0463",".h5ad","2026-08-12 16:58:41","False"
"phase17_v7\gateC2B2\_software_test_5000\04_GATE_C2B2_PREPARATION.json","1181","0.0011",".json","2026-08-12 16:58:41","False"
"phase17_v7\gateC2B2\_software_test_5000\05_GATE_C2B2_PREPARATION.md","636","0.0006",".md","2026-08-12 16:58:41","False"
"phase17_v7\gateC2B2\_software_test_5000\06_primary_all_cells_representation.h5ad","4796074","4.5739",".h5ad","2026-08-12 17:05:15","False"
"phase17_v7\gateC2B2\_software_test_5000\07_singlet_sensitivity_representation.h5ad","4661921","4.446",".h5ad","2026-08-12 17:20:26","False"
"phase17_v7\gateC2B2\_software_test_5000\08_isg_excluded_representation.h5ad","4717784","4.4992",".h5ad","2026-08-12 17:28:36","False"
"phase17_v7\gateC2B2\_software_test_5000\09_ig_retained_representation.h5ad","4719841","4.5012",".h5ad","2026-08-12 17:36:07","False"
"phase17_v7\gateC2B2\_software_test_5000\10_primary_neighbor_mixing.csv","744","0.0007",".csv","2026-08-12 17:05:14","False"
"phase17_v7\gateC2B2\_software_test_5000\11_primary_bridge_centroid_distances.csv","14357","0.0137",".csv","2026-08-12 17:05:14","False"
"phase17_v7\gateC2B2\_software_test_5000\12_primary_cluster_coverage.csv","5875","0.0056",".csv","2026-08-12 17:36:08","False"
"phase17_v7\gateC2B2\_software_test_5000\13_residual_risk_localization.csv","6621","0.0063",".csv","2026-08-12 17:36:08","False"
"phase17_v7\gateC2B2\_software_test_5000\14_branch_and_resolution_concordance.csv","2182","0.0021",".csv","2026-08-12 17:36:09","False"
"phase17_v7\gateC2B2\_software_test_5000\15_primary_cell_assignments.csv.gz","236650","0.2257",".gz","2026-08-12 17:36:10","False"
"phase17_v7\gateC2B2\_software_test_5000\16_GATE_C2B2_FIT_SUMMARY.json","1516","0.0014",".json","2026-08-12 17:36:10","False"
"phase17_v7\gateC2B2\_software_test_5000\16_GATE_C2B2_PARTIAL.json","274","0.0003",".json","2026-08-12 17:28:37","False"
"phase17_v7\gateC2B2\_software_test_5000\17_GATE_C2B2_FIT_STATUS.md","564","0.0005",".md","2026-08-12 17:36:10","False"
"phase17_v7\gateC2B2\_software_test_5000\18_marker_coverage.csv","1869","0.0018",".csv","2026-08-12 17:42:05","False"
"phase17_v7\gateC2B2\_software_test_5000\19_marker_gene_by_cluster.csv","26687","0.0255",".csv","2026-08-12 17:42:05","False"
"phase17_v7\gateC2B2\_software_test_5000\20_marker_module_by_cluster.csv","5992","0.0057",".csv","2026-08-12 17:42:05","False"
"phase17_v7\gateC2B2\_software_test_5000\21_GATE_C2B2_REVIEW.md","1655","0.0016",".md","2026-08-12 17:42:17","False"
"phase17_v7\gateC2B2\_software_test_5000\22_GATE_C2B2_REVIEW.json","2207","0.0021",".json","2026-08-12 17:42:17","False"
"phase17_v7\gateC2B2\_software_test_5000\figures_review\c2b2_branch_concordance.pdf","15722","0.015",".pdf","2026-08-12 17:42:16","False"
"phase17_v7\gateC2B2\_software_test_5000\figures_review\c2b2_branch_concordance.png","97010","0.0925",".png","2026-08-12 17:42:16","False"
"phase17_v7\gateC2B2\_software_test_5000\figures_review\c2b2_marker_module_dotplot.pdf","35682","0.034",".pdf","2026-08-12 17:42:12","False"
"phase17_v7\gateC2B2\_software_test_5000\figures_review\c2b2_marker_module_dotplot.png","233444","0.2226",".png","2026-08-12 17:42:11","False"
"phase17_v7\gateC2B2\_software_test_5000\figures_review\c2b2_representation_audit.pdf","255326","0.2435",".pdf","2026-08-12 17:42:10","False"
"phase17_v7\gateC2B2\_software_test_5000\figures_review\c2b2_representation_audit.png","952290","0.9082",".png","2026-08-12 17:42:08","False"
"phase17_v7\gateC2B2\20260812_full_representation\01_hvg_recurrence_table.csv","2600802","2.4803",".csv","2026-08-12 18:21:17","True"
"phase17_v7\gateC2B2\20260812_full_representation\02_hvg_branch_summary.csv","210","0.0002",".csv","2026-08-12 18:21:17","True"
"phase17_v7\gateC2B2\20260812_full_representation\02b_feature_space_sensitivity_availability.csv","466","0.0004",".csv","2026-08-12 18:21:17","True"
"phase17_v7\gateC2B2\20260812_full_representation\03_prepared_log_union_hvg.h5ad","81253153","77.489",".h5ad","2026-08-12 18:21:23","False"
"phase17_v7\gateC2B2\20260812_full_representation\04_GATE_C2B2_PREPARATION.json","1526","0.0015",".json","2026-08-12 18:21:23","True"
"phase17_v7\gateC2B2\20260812_full_representation\05_GATE_C2B2_PREPARATION.md","775","0.0007",".md","2026-08-12 18:21:23","True"
"phase17_v7\gateC2B2\20260812_full_representation\06_primary_all_cells_representation.h5ad","114432893","109.1317",".h5ad","2026-08-12 20:50:21","False"
"phase17_v7\gateC2B2\20260812_full_representation\07_singlet_sensitivity_representation.h5ad","110840186","105.7054",".h5ad","2026-08-12 23:26:52","False"
"phase17_v7\gateC2B2\20260812_full_representation\08_isg_excluded_representation.h5ad","112284504","107.0828",".h5ad","2026-08-13 03:26:28","False"
"phase17_v7\gateC2B2\20260812_full_representation\10_primary_neighbor_mixing.csv","769","0.0007",".csv","2026-08-12 20:50:12","True"
"phase17_v7\gateC2B2\20260812_full_representation\11_primary_bridge_centroid_distances.csv","14777","0.0141",".csv","2026-08-12 20:50:12","True"
"phase17_v7\gateC2B2\20260812_full_representation\12_primary_cluster_coverage.csv","2701","0.0026",".csv","2026-08-13 03:26:31","True"
"phase17_v7\gateC2B2\20260812_full_representation\13_residual_risk_localization.csv","3073","0.0029",".csv","2026-08-13 03:26:31","True"
"phase17_v7\gateC2B2\20260812_full_representation\14_branch_and_resolution_concordance.csv","1684","0.0016",".csv","2026-08-13 03:26:54","True"
"phase17_v7\gateC2B2\20260812_full_representation\15_primary_cell_assignments.csv.gz","6738318","6.4262",".gz","2026-08-13 03:26:59","False"
"phase17_v7\gateC2B2\20260812_full_representation\16_GATE_C2B2_FIT_SUMMARY.json","1722","0.0016",".json","2026-08-13 03:26:59","True"
"phase17_v7\gateC2B2\20260812_full_representation\17_GATE_C2B2_FIT_STATUS.md","568","0.0005",".md","2026-08-13 03:26:59","True"
"phase17_v7\gateC2B2\20260812_full_representation\18_marker_coverage.csv","1869","0.0018",".csv","2026-08-13 13:38:07","True"
"phase17_v7\gateC2B2\20260812_full_representation\19_marker_gene_by_cluster.csv","13013","0.0124",".csv","2026-08-13 13:38:09","True"
"phase17_v7\gateC2B2\20260812_full_representation\20_marker_module_by_cluster.csv","2942","0.0028",".csv","2026-08-13 13:38:09","True"
"phase17_v7\gateC2B2\20260812_full_representation\21_GATE_C2B2_REVIEW.md","1921","0.0018",".md","2026-08-13 13:38:50","True"
"phase17_v7\gateC2B2\20260812_full_representation\22_GATE_C2B2_REVIEW.json","2609","0.0025",".json","2026-08-13 13:38:50","True"
"phase17_v7\gateC2B2\20260812_full_representation\23_marker_gene_all_resolutions.csv","107930","0.1029",".csv","2026-08-13 13:38:15","True"
"phase17_v7\gateC2B2\20260812_full_representation\24_marker_module_all_resolutions.csv","24164","0.023",".csv","2026-08-13 13:38:15","True"
"phase17_v7\gateC2B2\20260812_full_representation\25_gate_c2b2_resolution_advisor_table.csv","1039","0.001",".csv","2026-08-13 13:38:59","True"
"phase17_v7\gateC2B2\20260812_full_representation\26_GATE_C2B2_ADVISOR_DECISION.json","2118","0.002",".json","2026-08-13 13:38:59","True"
"phase17_v7\gateC2B2\20260812_full_representation\26_GATE_C2B2_ADVISOR_DECISION.md","1826","0.0017",".md","2026-08-13 13:39:00","True"
"phase17_v7\gateC2B2\20260812_full_representation\27_gate_c2b2_integrity_manifest.csv","3474","0.0033",".csv","2026-08-13 13:39:00","True"
"phase17_v7\gateC2B2\20260812_full_representation\figures_review\c2b2_branch_concordance.pdf","15296","0.0146",".pdf","2026-08-13 13:38:50","True"
"phase17_v7\gateC2B2\20260812_full_representation\figures_review\c2b2_branch_concordance.png","82840","0.079",".png","2026-08-13 13:38:50","True"
"phase17_v7\gateC2B2\20260812_full_representation\figures_review\c2b2_marker_module_dotplot.pdf","28912","0.0276",".pdf","2026-08-13 13:38:31","True"
"phase17_v7\gateC2B2\20260812_full_representation\figures_review\c2b2_marker_module_dotplot.png","188404","0.1797",".png","2026-08-13 13:38:31","True"
"phase17_v7\gateC2B2\20260812_full_representation\figures_review\c2b2_representation_audit.pdf","394324","0.3761",".pdf","2026-08-13 13:38:29","True"
"phase17_v7\gateC2B2\20260812_full_representation\figures_review\c2b2_representation_audit.png","4572202","4.3604",".png","2026-08-13 13:38:24","True"
"phase17_v7\gateC2B3\_invalidated_30pc_resampling_20260814\00_GATE_C2B3_RUN_STATUS.json","282","0.0003",".json","2026-08-14 10:43:56","True"
"phase17_v7\gateC2B3\_invalidated_30pc_resampling_20260814\00_GATE_C2B3_RUN_STATUS.md","344","0.0003",".md","2026-08-14 10:43:56","True"
"phase17_v7\gateC2B3\_invalidated_30pc_resampling_20260814\01_resampling_replicate_metrics.csv","4661","0.0044",".csv","2026-08-14 10:43:25","True"
"phase17_v7\gateC2B3\_invalidated_30pc_resampling_20260814\02_resampling_cluster_metrics.csv","18808","0.0179",".csv","2026-08-14 10:43:25","True"
"phase17_v7\gateC2B3\_invalidated_30pc_resampling_20260814\03_resampling_resolution_summary.csv","508","0.0005",".csv","2026-08-14 10:43:25","True"
"phase17_v7\gateC2B3\_invalidated_30pc_resampling_20260814\04_resampling_cluster_summary.csv","1046","0.001",".csv","2026-08-14 10:43:25","True"
"phase17_v7\gateC2B3\_invalidated_30pc_resampling_20260814\05_resampling_cell_stability.csv.gz","5393593","5.1437",".gz","2026-08-14 10:43:35","False"
"phase17_v7\gateC2B3\_invalidated_30pc_resampling_20260814\06_RESAMPLING_STATUS.json","366","0.0003",".json","2026-08-14 10:43:35","True"
"phase17_v7\gateC2B3\_invalidated_30pc_resampling_20260814\15_neutral_state_freeze_table.csv","378","0.0004",".csv","2026-08-14 10:43:50","True"
"phase17_v7\gateC2B3\_invalidated_30pc_resampling_20260814\16_GATE_C2B3_ADVISOR_REVIEW.json","1615","0.0015",".json","2026-08-14 10:43:50","True"
"phase17_v7\gateC2B3\_invalidated_30pc_resampling_20260814\16_GATE_C2B3_ADVISOR_REVIEW.md","1044","0.001",".md","2026-08-14 10:43:56","True"
"phase17_v7\gateC2B3\_invalidated_30pc_resampling_20260814\17_gate_c2b3_integrity_manifest.csv","2568","0.0024",".csv","2026-08-14 10:43:56","True"
"phase17_v7\gateC2B3\_invalidated_30pc_resampling_20260814\figures\c2b3_resampling_stability.pdf","13001","0.0124",".pdf","2026-08-14 10:43:56","True"
"phase17_v7\gateC2B3\_invalidated_30pc_resampling_20260814\figures\c2b3_resampling_stability.png","77205","0.0736",".png","2026-08-14 10:43:53","True"
"phase17_v7\gateC2B3\_invalidated_30pc_resampling_20260814\README_INVALIDATED.md","1346","0.0013",".md","2026-08-14 15:10:31","True"
"phase17_v7\gateC2B3\_LATEST_GATE_C2B3.txt","67","0.0001",".txt","2026-08-15 06:50:47","True"
"phase17_v7\gateC2B3\_software_test_5000\00_GATE_C2B3_RUN_STATUS.json","396","0.0004",".json","2026-08-14 15:07:55","False"
"phase17_v7\gateC2B3\_software_test_5000\00_GATE_C2B3_RUN_STATUS.md","410","0.0004",".md","2026-08-14 15:07:55","False"
"phase17_v7\gateC2B3\_software_test_5000\01_resampling_replicate_metrics.csv","806","0.0008",".csv","2026-08-14 15:04:18","False"
"phase17_v7\gateC2B3\_software_test_5000\01b_resampling_r04_policy_metrics.csv","968","0.0009",".csv","2026-08-14 15:04:18","False"
"phase17_v7\gateC2B3\_software_test_5000\02_resampling_cluster_metrics.csv","2627","0.0025",".csv","2026-08-14 15:04:18","False"
"phase17_v7\gateC2B3\_software_test_5000\02b_resampling_reference_transitions.csv","6280","0.006",".csv","2026-08-14 15:04:18","False"
"phase17_v7\gateC2B3\_software_test_5000\03_resampling_resolution_summary.csv","505","0.0005",".csv","2026-08-14 15:04:18","False"
"phase17_v7\gateC2B3\_software_test_5000\04_resampling_cluster_summary.csv","1030","0.001",".csv","2026-08-14 15:04:18","False"
"phase17_v7\gateC2B3\_software_test_5000\04b_resampling_r04_policy_cluster_summary.csv","926","0.0009",".csv","2026-08-14 15:04:18","False"
"phase17_v7\gateC2B3\_software_test_5000\04c_resampling_r04_policy_summary.csv","603","0.0006",".csv","2026-08-14 15:04:18","False"
"phase17_v7\gateC2B3\_software_test_5000\05_resampling_cell_stability.csv.gz","154653","0.1475",".gz","2026-08-14 15:04:18","False"
"phase17_v7\gateC2B3\_software_test_5000\06_RESAMPLING_STATUS.json","605","0.0006",".json","2026-08-14 15:04:18","False"
"phase17_v7\gateC2B3\_software_test_5000\07_outside_label_candidate_mapping.csv.gz","72045","0.0687",".gz","2026-08-13 13:42:04","False"
"phase17_v7\gateC2B3\_software_test_5000\08_candidate_mapping_by_cluster.csv","616","0.0006",".csv","2026-08-13 13:42:04","False"
"phase17_v7\gateC2B3\_software_test_5000\09_candidate_mapping_by_source_label.csv","554","0.0005",".csv","2026-08-13 13:42:04","False"
"phase17_v7\gateC2B3\_software_test_5000\10_CANDIDATE_MAPPING_DECISION.json","648","0.0006",".json","2026-08-13 13:42:04","False"
"phase17_v7\gateC2B3\_software_test_5000\10_CANDIDATE_MAPPING_DECISION.md","614","0.0006",".md","2026-08-13 13:42:06","False"
"phase17_v7\gateC2B3\_software_test_5000\11_ranked_neutral_markers.csv","201096","0.1918",".csv","2026-08-13 13:42:17","False"
"phase17_v7\gateC2B3\_software_test_5000\12_neutral_marker_dictionary.csv","42422","0.0405",".csv","2026-08-13 13:42:17","False"
"phase17_v7\gateC2B3\_software_test_5000\13_neutral_marker_dictionary_summary.csv","392","0.0004",".csv","2026-08-13 13:42:17","False"
"phase17_v7\gateC2B3\_software_test_5000\14_MARKER_RANKING_STATUS.json","359","0.0003",".json","2026-08-13 13:42:17","False"
"phase17_v7\gateC2B3\_software_test_5000\15_neutral_state_freeze_table.csv","601","0.0006",".csv","2026-08-14 15:07:54","False"
"phase17_v7\gateC2B3\_software_test_5000\16_GATE_C2B3_ADVISOR_REVIEW.json","2898","0.0028",".json","2026-08-14 15:07:54","False"
"phase17_v7\gateC2B3\_software_test_5000\16_GATE_C2B3_ADVISOR_REVIEW.md","1273","0.0012",".md","2026-08-14 15:07:55","False"
"phase17_v7\gateC2B3\_software_test_5000\17_gate_c2b3_integrity_manifest.csv","3010","0.0029",".csv","2026-08-14 15:07:55","False"
"phase17_v7\gateC2B3\_software_test_5000\figures\c2b3_resampling_stability.pdf","17204","0.0164",".pdf","2026-08-14 15:07:55","False"
"phase17_v7\gateC2B3\_software_test_5000\figures\c2b3_resampling_stability.png","130006","0.124",".png","2026-08-14 15:07:55","False"
"phase17_v7\gateC2B3\_software_test_5000\figures\candidate_mapping_audit.pdf","25433","0.0243",".pdf","2026-08-13 13:42:06","False"
"phase17_v7\gateC2B3\_software_test_5000\figures\candidate_mapping_audit.png","143391","0.1367",".png","2026-08-13 13:42:05","False"
"phase17_v7\gateC2B3\20260813_full_neutral_state_freeze\00_GATE_C2B3_RUN_STATUS.json","362","0.0003",".json","2026-08-15 06:50:47","True"
"phase17_v7\gateC2B3\20260813_full_neutral_state_freeze\00_GATE_C2B3_RUN_STATUS.md","378","0.0004",".md","2026-08-15 06:50:47","True"
"phase17_v7\gateC2B3\20260813_full_neutral_state_freeze\01_resampling_replicate_metrics.csv","4660","0.0044",".csv","2026-08-15 06:50:28","True"
"phase17_v7\gateC2B3\20260813_full_neutral_state_freeze\01b_resampling_r04_policy_metrics.csv","5838","0.0056",".csv","2026-08-15 06:50:28","True"
"phase17_v7\gateC2B3\20260813_full_neutral_state_freeze\02_resampling_cluster_metrics.csv","19904","0.019",".csv","2026-08-15 06:50:28","True"
"phase17_v7\gateC2B3\20260813_full_neutral_state_freeze\02b_resampling_reference_transitions.csv","60809","0.058",".csv","2026-08-15 06:50:28","True"
"phase17_v7\gateC2B3\20260813_full_neutral_state_freeze\03_resampling_resolution_summary.csv","595","0.0006",".csv","2026-08-15 06:50:28","True"
"phase17_v7\gateC2B3\20260813_full_neutral_state_freeze\04_resampling_cluster_summary.csv","1124","0.0011",".csv","2026-08-15 06:50:28","True"
"phase17_v7\gateC2B3\20260813_full_neutral_state_freeze\04b_resampling_r04_policy_cluster_summary.csv","1020","0.001",".csv","2026-08-15 06:50:28","True"
"phase17_v7\gateC2B3\20260813_full_neutral_state_freeze\04c_resampling_r04_policy_summary.csv","667","0.0006",".csv","2026-08-15 06:50:28","True"
"phase17_v7\gateC2B3\20260813_full_neutral_state_freeze\05_resampling_cell_stability.csv.gz","5383194","5.1338",".gz","2026-08-15 06:50:38","False"
"phase17_v7\gateC2B3\20260813_full_neutral_state_freeze\06_RESAMPLING_STATUS.json","627","0.0006",".json","2026-08-15 06:50:38","True"
"phase17_v7\gateC2B3\20260813_full_neutral_state_freeze\07_outside_label_candidate_mapping.csv.gz","68706","0.0655",".gz","2026-08-13 13:43:06","False"
"phase17_v7\gateC2B3\20260813_full_neutral_state_freeze\08_candidate_mapping_by_cluster.csv","747","0.0007",".csv","2026-08-13 13:43:06","True"
"phase17_v7\gateC2B3\20260813_full_neutral_state_freeze\09_candidate_mapping_by_source_label.csv","555","0.0005",".csv","2026-08-13 13:43:06","True"
"phase17_v7\gateC2B3\20260813_full_neutral_state_freeze\10_CANDIDATE_MAPPING_DECISION.json","642","0.0006",".json","2026-08-13 13:43:06","True"
"phase17_v7\gateC2B3\20260813_full_neutral_state_freeze\10_CANDIDATE_MAPPING_DECISION.md","614","0.0006",".md","2026-08-13 13:43:08","True"
"phase17_v7\gateC2B3\20260813_full_neutral_state_freeze\11_ranked_neutral_markers.csv","205744","0.1962",".csv","2026-08-13 13:44:04","True"
"phase17_v7\gateC2B3\20260813_full_neutral_state_freeze\12_neutral_marker_dictionary.csv","43955","0.0419",".csv","2026-08-13 13:44:04","True"
"phase17_v7\gateC2B3\20260813_full_neutral_state_freeze\13_neutral_marker_dictionary_summary.csv","462","0.0004",".csv","2026-08-13 13:44:04","True"
"phase17_v7\gateC2B3\20260813_full_neutral_state_freeze\14_MARKER_RANKING_STATUS.json","384","0.0004",".json","2026-08-13 13:44:04","True"
"phase17_v7\gateC2B3\20260813_full_neutral_state_freeze\15_neutral_state_freeze_table.csv","646","0.0006",".csv","2026-08-15 06:50:44","True"
"phase17_v7\gateC2B3\20260813_full_neutral_state_freeze\16_GATE_C2B3_ADVISOR_REVIEW.json","2876","0.0027",".json","2026-08-15 06:50:44","True"
"phase17_v7\gateC2B3\20260813_full_neutral_state_freeze\16_GATE_C2B3_ADVISOR_REVIEW.md","1253","0.0012",".md","2026-08-15 06:50:47","True"
"phase17_v7\gateC2B3\20260813_full_neutral_state_freeze\17_gate_c2b3_integrity_manifest.csv","3255","0.0031",".csv","2026-08-15 06:50:47","True"
"phase17_v7\gateC2B3\20260813_full_neutral_state_freeze\18_RESAMPLING_INVALIDATION_NOTICE_2026-08-14.json","486","0.0005",".json","2026-08-14 15:06:03","True"
"phase17_v7\gateC2B3\20260813_full_neutral_state_freeze\18_RESAMPLING_INVALIDATION_NOTICE_2026-08-14.md","1170","0.0011",".md","2026-08-14 15:06:03","True"
"phase17_v7\gateC2B3\20260813_full_neutral_state_freeze\figures\c2b3_resampling_stability.pdf","17208","0.0164",".pdf","2026-08-15 06:50:47","True"
"phase17_v7\gateC2B3\20260813_full_neutral_state_freeze\figures\c2b3_resampling_stability.png","128037","0.1221",".png","2026-08-15 06:50:46","True"
"phase17_v7\gateC2B3\20260813_full_neutral_state_freeze\figures\candidate_mapping_audit.pdf","25709","0.0245",".pdf","2026-08-13 13:43:08","True"
"phase17_v7\gateC2B3\20260813_full_neutral_state_freeze\figures\candidate_mapping_audit.png","157136","0.1499",".png","2026-08-13 13:43:07","True"
"phase17_v7\gateC2B4\_LATEST_GATE_C2B4.txt","64","0.0001",".txt","2026-08-15 14:00:32","True"
"phase17_v7\gateC2B4\20260815_two_level_state_repair\00_GATE_C2B4_RUN_STATUS.json","276","0.0003",".json","2026-08-15 14:00:31","True"
"phase17_v7\gateC2B4\20260815_two_level_state_repair\00_GATE_C2B4_RUN_STATUS.md","327","0.0003",".md","2026-08-15 14:00:31","True"
"phase17_v7\gateC2B4\20260815_two_level_state_repair\01_reconstructed_policy_metrics.csv","8224","0.0078",".csv","2026-08-15 14:00:29","True"
"phase17_v7\gateC2B4\20260815_two_level_state_repair\02_reconstructed_policy_summary.csv","845","0.0008",".csv","2026-08-15 14:00:30","True"
"phase17_v7\gateC2B4\20260815_two_level_state_repair\03_two_compartment_state_stability.csv","3705","0.0035",".csv","2026-08-15 14:00:30","True"
"phase17_v7\gateC2B4\20260815_two_level_state_repair\04_two_compartment_state_summary.csv","317","0.0003",".csv","2026-08-15 14:00:30","True"
"phase17_v7\gateC2B4\20260815_two_level_state_repair\05_two_compartment_freeze_table.csv","550","0.0005",".csv","2026-08-15 14:00:30","True"
"phase17_v7\gateC2B4\20260815_two_level_state_repair\06_GATE_C2B4_ADVISOR_DECISION.json","3087","0.0029",".json","2026-08-15 14:00:31","True"
"phase17_v7\gateC2B4\20260815_two_level_state_repair\06_GATE_C2B4_ADVISOR_DECISION.md","1873","0.0018",".md","2026-08-15 14:00:31","True"
"phase17_v7\gateC2B4\20260815_two_level_state_repair\07_gate_c2b4_integrity_manifest.csv","1215","0.0012",".csv","2026-08-15 14:00:31","True"
"phase17_v7\gateC2B4\20260815_two_level_state_repair\figures\c2b4_two_level_state_adjudication.pdf","30648","0.0292",".pdf","2026-08-15 14:00:31","True"
"phase17_v7\gateC2B4\20260815_two_level_state_repair\figures\c2b4_two_level_state_adjudication.png","207984","0.1983",".png","2026-08-15 14:00:30","True"
"phase17_v7\gateC3\_LATEST_GATE_C3.txt","55","0.0001",".txt","2026-08-15 14:15:22","True"
"phase17_v7\gateC3\20260815_metadata_design\00_GATE_C3_RUN_STATUS.json","286","0.0003",".json","2026-08-15 14:15:22","True"
"phase17_v7\gateC3\20260815_metadata_design\00_GATE_C3_RUN_STATUS.md","364","0.0003",".md","2026-08-15 14:15:22","True"
"phase17_v7\gateC3\20260815_metadata_design\01_unlocked_cell_metadata.csv.gz","7631238","7.2777",".gz","2026-08-15 14:15:19","False"
"phase17_v7\gateC3\20260815_metadata_design\02_metadata_key_invariants.csv","468","0.0004",".csv","2026-08-15 14:15:19","True"
"phase17_v7\gateC3\20260815_metadata_design\03_sample_design_audit.csv","55881","0.0533",".csv","2026-08-15 14:15:20","True"
"phase17_v7\gateC3\20260815_metadata_design\04_sample_cohort_design_audit.csv","67085","0.064",".csv","2026-08-15 14:15:20","True"
"phase17_v7\gateC3\20260815_metadata_design\05_sample_compartment_counts.csv","76365","0.0728",".csv","2026-08-15 14:15:20","True"
"phase17_v7\gateC3\20260815_metadata_design\06_sample_cohort_compartment_counts.csv","90996","0.0868",".csv","2026-08-15 14:15:20","True"
"phase17_v7\gateC3\20260815_metadata_design\07_donor_design_audit.csv","21406","0.0204",".csv","2026-08-15 14:15:20","True"
"phase17_v7\gateC3\20260815_metadata_design\08_eligible_design_strata.csv","574","0.0005",".csv","2026-08-15 14:15:20","True"
"phase17_v7\gateC3\20260815_metadata_design\09_cohort_sample_overlap.csv","224","0.0002",".csv","2026-08-15 14:15:20","True"
"phase17_v7\gateC3\20260815_metadata_design\10_metadata_missingness.csv","461","0.0004",".csv","2026-08-15 14:15:20","True"
"phase17_v7\gateC3\20260815_metadata_design\11_primary_model_matrix.csv","26250","0.025",".csv","2026-08-15 14:15:20","True"
"phase17_v7\gateC3\20260815_metadata_design\12_validation_model_matrix.csv","18822","0.018",".csv","2026-08-15 14:15:20","True"
"phase17_v7\gateC3\20260815_metadata_design\13_flare_model_matrix.csv","10145","0.0097",".csv","2026-08-15 14:15:20","True"
"phase17_v7\gateC3\20260815_metadata_design\14_MODEL_DESIGN_CONTRACT.json","2610","0.0025",".json","2026-08-15 14:15:21","True"
"phase17_v7\gateC3\20260815_metadata_design\14_MODEL_DESIGN_CONTRACT.md","872","0.0008",".md","2026-08-15 14:15:21","True"
"phase17_v7\gateC3\20260815_metadata_design\15_GATE_C3_METADATA_AUDIT.json","3097","0.003",".json","2026-08-15 14:15:22","True"
"phase17_v7\gateC3\20260815_metadata_design\15_GATE_C3_METADATA_AUDIT.md","2009","0.0019",".md","2026-08-15 14:15:22","True"
"phase17_v7\gateC3\20260815_metadata_design\16_gate_c3_integrity_manifest.csv","2192","0.0021",".csv","2026-08-15 14:15:22","True"
"phase17_v7\gateC3\20260815_metadata_design\figures\gate_c3_metadata_and_design_audit.pdf","29179","0.0278",".pdf","2026-08-15 14:15:22","True"
"phase17_v7\gateC3\20260815_metadata_design\figures\gate_c3_metadata_and_design_audit.png","208079","0.1984",".png","2026-08-15 14:15:21","True"
"phase17_v7\gateC3A\_LATEST_GATE_C3A.txt","57","0.0001",".txt","2026-08-15 14:36:59","True"
"phase17_v7\gateC3A\20260815_frozen_abundance\00_GATE_C3A_RUN_STATUS.json","234","0.0002",".json","2026-08-15 14:36:59","True"
"phase17_v7\gateC3A\20260815_frozen_abundance\00_GATE_C3A_RUN_STATUS.md","302","0.0003",".md","2026-08-15 14:36:59","True"
"phase17_v7\gateC3A\20260815_frozen_abundance\01_base_model_coefficients.csv","3478","0.0033",".csv","2026-08-15 14:36:58","True"
"phase17_v7\gateC3A\20260815_frozen_abundance\02_base_and_nonoverlap_contrasts.csv","1966","0.0019",".csv","2026-08-15 14:36:58","True"
"phase17_v7\gateC3A\20260815_frozen_abundance\03_adjusted_predictions.csv","1479","0.0014",".csv","2026-08-15 14:36:58","True"
"phase17_v7\gateC3A\20260815_frozen_abundance\04_mandatory_sensitivity_contrasts.csv","4127","0.0039",".csv","2026-08-15 14:36:58","True"
"phase17_v7\gateC3A\20260815_frozen_abundance\05_two_part_sensitivity.csv","1497","0.0014",".csv","2026-08-15 14:36:58","True"
"phase17_v7\gateC3A\20260815_frozen_abundance\06_primary_leave_one_out.csv","13637","0.013",".csv","2026-08-15 14:36:58","True"
"phase17_v7\gateC3A\20260815_frozen_abundance\07_replication_overlap_audit.csv","187","0.0002",".csv","2026-08-15 14:36:58","True"
"phase17_v7\gateC3A\20260815_frozen_abundance\08_model_diagnostics.csv","6885","0.0066",".csv","2026-08-15 14:36:58","True"
"phase17_v7\gateC3A\20260815_frozen_abundance\09_GATE_C3A_ADVISOR_DECISION.json","3241","0.0031",".json","2026-08-15 14:36:59","True"
"phase17_v7\gateC3A\20260815_frozen_abundance\09_GATE_C3A_ADVISOR_DECISION.md","1988","0.0019",".md","2026-08-15 14:36:59","True"
"phase17_v7\gateC3A\20260815_frozen_abundance\10_gate_c3a_integrity_manifest.csv","1487","0.0014",".csv","2026-08-15 14:36:59","True"
"phase17_v7\gateC3A\20260815_frozen_abundance\figures\gate_c3a_abundance_model_audit.pdf","27962","0.0267",".pdf","2026-08-15 14:36:59","True"
"phase17_v7\gateC3A\20260815_frozen_abundance\figures\gate_c3a_abundance_model_audit.png","168513","0.1607",".png","2026-08-15 14:36:59","True"
"phase17_v7\gateC4A\_LATEST_GATE_C4A.txt","62","0.0001",".txt","2026-08-15 15:12:02","True"
"phase17_v7\gateC4A\20260815_raw_pseudobulk_freeze\00_GATE_C4A_RUN_STATUS.json","306","0.0003",".json","2026-08-15 15:12:01","True"
"phase17_v7\gateC4A\20260815_raw_pseudobulk_freeze\00_GATE_C4A_RUN_STATUS.md","428","0.0004",".md","2026-08-15 15:12:01","True"
"phase17_v7\gateC4A\20260815_raw_pseudobulk_freeze\01_raw_input_and_cell_id_audit.json","1088","0.001",".json","2026-08-15 15:11:46","True"
"phase17_v7\gateC4A\20260815_raw_pseudobulk_freeze\01_raw_input_and_cell_id_audit.md","481","0.0005",".md","2026-08-15 15:11:46","True"
"phase17_v7\gateC4A\20260815_raw_pseudobulk_freeze\02_pseudobulk_counts_all_branches.npz","24099636","22.9832",".npz","2026-08-15 15:11:44","False"
"phase17_v7\gateC4A\20260815_raw_pseudobulk_freeze\03_pseudobulk_row_metadata.csv","248344","0.2368",".csv","2026-08-15 15:11:44","True"
"phase17_v7\gateC4A\20260815_raw_pseudobulk_freeze\04_gene_universe.csv.gz","284866","0.2717",".gz","2026-08-15 15:11:44","False"
"phase17_v7\gateC4A\20260815_raw_pseudobulk_freeze\05_compartment_support_audit.csv","126731","0.1209",".csv","2026-08-15 15:11:44","True"
"phase17_v7\gateC4A\20260815_raw_pseudobulk_freeze\06_primary_bconv_model_matrix.csv","21482","0.0205",".csv","2026-08-15 15:11:44","True"
"phase17_v7\gateC4A\20260815_raw_pseudobulk_freeze\07_validation_bconv_model_matrix.csv","16504","0.0157",".csv","2026-08-15 15:11:44","True"
"phase17_v7\gateC4A\20260815_raw_pseudobulk_freeze\08_flare_bconv_model_matrix.csv","8978","0.0086",".csv","2026-08-15 15:11:44","True"
"phase17_v7\gateC4A\20260815_raw_pseudobulk_freeze\09_replication_nonoverlap_audit.csv","187","0.0002",".csv","2026-08-15 15:11:44","True"
"phase17_v7\gateC4A\20260815_raw_pseudobulk_freeze\10_basc_pseudobulk_support.csv","1080","0.001",".csv","2026-08-15 15:11:44","True"
"phase17_v7\gateC4A\20260815_raw_pseudobulk_freeze\11_program_dictionary.csv","14689","0.014",".csv","2026-08-15 15:11:46","True"
"phase17_v7\gateC4A\20260815_raw_pseudobulk_freeze\12_program_gene_availability.csv","10478","0.01",".csv","2026-08-15 15:11:46","True"
"phase17_v7\gateC4A\20260815_raw_pseudobulk_freeze\13_GATE_C4A_FREEZE_CONTRACT.json","2904","0.0028",".json","2026-08-15 15:11:46","True"
"phase17_v7\gateC4A\20260815_raw_pseudobulk_freeze\13_GATE_C4A_FREEZE_CONTRACT.md","960","0.0009",".md","2026-08-15 15:11:46","True"
"phase17_v7\gateC4A\20260815_raw_pseudobulk_freeze\14_GATE_C4A_ADVISOR_DECISION.json","3616","0.0034",".json","2026-08-15 15:12:01","True"
"phase17_v7\gateC4A\20260815_raw_pseudobulk_freeze\14_GATE_C4A_ADVISOR_DECISION.md","2623","0.0025",".md","2026-08-15 15:12:01","True"
"phase17_v7\gateC4A\20260815_raw_pseudobulk_freeze\14_gene_count_conservation_audit.json","417","0.0004",".json","2026-08-15 15:12:00","True"
"phase17_v7\gateC4A\20260815_raw_pseudobulk_freeze\14_gene_count_conservation_audit.md","331","0.0003",".md","2026-08-15 15:12:00","True"
"phase17_v7\gateC4A\20260815_raw_pseudobulk_freeze\15_gate_c4a_integrity_manifest.csv","2827","0.0027",".csv","2026-08-15 15:12:01","True"
"phase17_v7\gateC4A\20260815_raw_pseudobulk_freeze\checkpoints\checkpoint_contract.json","580","0.0006",".json","2026-08-15 15:06:05","False"
"phase17_v7\gateC4A\20260815_raw_pseudobulk_freeze\checkpoints\chunk_0000000_0005000.json","320","0.0003",".json","2026-08-15 15:06:07","False"
"phase17_v7\gateC4A\20260815_raw_pseudobulk_freeze\checkpoints\chunk_0000000_0005000.npz","5722247","5.4572",".npz","2026-08-15 15:06:07","False"
"phase17_v7\gateC4A\20260815_raw_pseudobulk_freeze\checkpoints\chunk_0005000_0010000.json","324","0.0003",".json","2026-08-15 15:06:09","False"
"phase17_v7\gateC4A\20260815_raw_pseudobulk_freeze\checkpoints\chunk_0005000_0010000.npz","5716719","5.4519",".npz","2026-08-15 15:06:09","False"
"phase17_v7\gateC4A\20260815_raw_pseudobulk_freeze\checkpoints\chunk_0010000_0015000.json","325","0.0003",".json","2026-08-15 15:06:11","False"
"phase17_v7\gateC4A\20260815_raw_pseudobulk_freeze\checkpoints\chunk_0010000_0015000.npz","5717994","5.4531",".npz","2026-08-15 15:06:11","False"
"phase17_v7\gateC4A\20260815_raw_pseudobulk_freeze\checkpoints\chunk_0015000_0020000.json","325","0.0003",".json","2026-08-15 15:06:13","False"
"phase17_v7\gateC4A\20260815_raw_pseudobulk_freeze\checkpoints\chunk_0015000_0020000.npz","5796848","5.5283",".npz","2026-08-15 15:06:13","False"
"phase17_v7\gateC4A\20260815_raw_pseudobulk_freeze\checkpoints\chunk_0020000_0025000.json","325","0.0003",".json","2026-08-15 15:06:16","False"
"phase17_v7\gateC4A\20260815_raw_pseudobulk_freeze\checkpoints\chunk_0020000_0025000.npz","5741653","5.4757",".npz","2026-08-15 15:06:15","False"
"phase17_v7\gateC4A\20260815_raw_pseudobulk_freeze\checkpoints\chunk_0025000_0030000.json","325","0.0003",".json","2026-08-15 15:06:18","False"
"phase17_v7\gateC4A\20260815_raw_pseudobulk_freeze\checkpoints\chunk_0025000_0030000.npz","5706876","5.4425",".npz","2026-08-15 15:06:18","False"
"phase17_v7\gateC4A\20260815_raw_pseudobulk_freeze\checkpoints\chunk_0030000_0035000.json","325","0.0003",".json","2026-08-15 15:06:21","False"
"phase17_v7\gateC4A\20260815_raw_pseudobulk_freeze\checkpoints\chunk_0030000_0035000.npz","5783719","5.5158",".npz","2026-08-15 15:06:20","False"
"phase17_v7\gateC4A\20260815_raw_pseudobulk_freeze\checkpoints\chunk_0035000_0040000.json","325","0.0003",".json","2026-08-15 15:06:22","False"
"phase17_v7\gateC4A\20260815_raw_pseudobulk_freeze\checkpoints\chunk_0035000_0040000.npz","5651587","5.3898",".npz","2026-08-15 15:06:22","False"
"phase17_v7\gateC4A\20260815_raw_pseudobulk_freeze\checkpoints\chunk_0040000_0045000.json","325","0.0003",".json","2026-08-15 15:06:24","False"
"phase17_v7\gateC4A\20260815_raw_pseudobulk_freeze\checkpoints\chunk_0040000_0045000.npz","5732763","5.4672",".npz","2026-08-15 15:06:24","False"
"phase17_v7\gateC4A\20260815_raw_pseudobulk_freeze\checkpoints\chunk_0045000_0050000.json","325","0.0003",".json","2026-08-15 15:06:26","False"
"phase17_v7\gateC4A\20260815_raw_pseudobulk_freeze\checkpoints\chunk_0045000_0050000.npz","5757953","5.4912",".npz","2026-08-15 15:06:26","False"
"phase17_v7\gateC4A\20260815_raw_pseudobulk_freeze\checkpoints\chunk_0050000_0055000.json","325","0.0003",".json","2026-08-15 15:06:28","False"
"phase17_v7\gateC4A\20260815_raw_pseudobulk_freeze\checkpoints\chunk_0050000_0055000.npz","5662070","5.3998",".npz","2026-08-15 15:06:28","False"
"phase17_v7\gateC4A\20260815_raw_pseudobulk_freeze\checkpoints\chunk_0055000_0060000.json","325","0.0003",".json","2026-08-15 15:06:30","False"
"phase17_v7\gateC4A\20260815_raw_pseudobulk_freeze\checkpoints\chunk_0055000_0060000.npz","5694818","5.431",".npz","2026-08-15 15:06:29","False"
"phase17_v7\gateC4A\20260815_raw_pseudobulk_freeze\checkpoints\chunk_0060000_0065000.json","325","0.0003",".json","2026-08-15 15:06:31","False"
"phase17_v7\gateC4A\20260815_raw_pseudobulk_freeze\checkpoints\chunk_0060000_0065000.npz","5735728","5.47",".npz","2026-08-15 15:06:31","False"
"phase17_v7\gateC4A\20260815_raw_pseudobulk_freeze\checkpoints\chunk_0065000_0070000.json","325","0.0003",".json","2026-08-15 15:06:33","False"
"phase17_v7\gateC4A\20260815_raw_pseudobulk_freeze\checkpoints\chunk_0065000_0070000.npz","5769109","5.5019",".npz","2026-08-15 15:06:33","False"
"phase17_v7\gateC4A\20260815_raw_pseudobulk_freeze\checkpoints\chunk_0070000_0075000.json","325","0.0003",".json","2026-08-15 15:06:35","False"
"phase17_v7\gateC4A\20260815_raw_pseudobulk_freeze\checkpoints\chunk_0070000_0075000.npz","5744061","5.478",".npz","2026-08-15 15:06:35","False"
"phase17_v7\gateC4A\20260815_raw_pseudobulk_freeze\checkpoints\chunk_0075000_0080000.json","325","0.0003",".json","2026-08-15 15:06:37","False"
"phase17_v7\gateC4A\20260815_raw_pseudobulk_freeze\checkpoints\chunk_0075000_0080000.npz","5707819","5.4434",".npz","2026-08-15 15:06:37","False"
"phase17_v7\gateC4A\20260815_raw_pseudobulk_freeze\checkpoints\chunk_0080000_0085000.json","325","0.0003",".json","2026-08-15 15:06:39","False"
"phase17_v7\gateC4A\20260815_raw_pseudobulk_freeze\checkpoints\chunk_0080000_0085000.npz","5793829","5.5254",".npz","2026-08-15 15:06:39","False"
"phase17_v7\gateC4A\20260815_raw_pseudobulk_freeze\checkpoints\chunk_0085000_0090000.json","325","0.0003",".json","2026-08-15 15:06:41","False"
"phase17_v7\gateC4A\20260815_raw_pseudobulk_freeze\checkpoints\chunk_0085000_0090000.npz","5650590","5.3888",".npz","2026-08-15 15:06:40","False"
"phase17_v7\gateC4A\20260815_raw_pseudobulk_freeze\checkpoints\chunk_0090000_0095000.json","325","0.0003",".json","2026-08-15 15:06:42","False"
"phase17_v7\gateC4A\20260815_raw_pseudobulk_freeze\checkpoints\chunk_0090000_0095000.npz","5741084","5.4751",".npz","2026-08-15 15:06:42","False"
"phase17_v7\gateC4A\20260815_raw_pseudobulk_freeze\checkpoints\chunk_0095000_0100000.json","326","0.0003",".json","2026-08-15 15:06:44","False"
"phase17_v7\gateC4A\20260815_raw_pseudobulk_freeze\checkpoints\chunk_0095000_0100000.npz","5693272","5.4295",".npz","2026-08-15 15:06:44","False"
"phase17_v7\gateC4A\20260815_raw_pseudobulk_freeze\checkpoints\chunk_0100000_0105000.json","327","0.0003",".json","2026-08-15 15:06:46","False"
"phase17_v7\gateC4A\20260815_raw_pseudobulk_freeze\checkpoints\chunk_0100000_0105000.npz","5711137","5.4466",".npz","2026-08-15 15:06:46","False"
"phase17_v7\gateC4A\20260815_raw_pseudobulk_freeze\checkpoints\chunk_0105000_0110000.json","327","0.0003",".json","2026-08-15 15:06:48","False"
"phase17_v7\gateC4A\20260815_raw_pseudobulk_freeze\checkpoints\chunk_0105000_0110000.npz","5823537","5.5538",".npz","2026-08-15 15:06:48","False"
"phase17_v7\gateC4A\20260815_raw_pseudobulk_freeze\checkpoints\chunk_0110000_0115000.json","326","0.0003",".json","2026-08-15 15:06:50","False"
"phase17_v7\gateC4A\20260815_raw_pseudobulk_freeze\checkpoints\chunk_0110000_0115000.npz","5705475","5.4412",".npz","2026-08-15 15:06:49","False"
"phase17_v7\gateC4A\20260815_raw_pseudobulk_freeze\checkpoints\chunk_0115000_0120000.json","327","0.0003",".json","2026-08-15 15:06:51","False"
"phase17_v7\gateC4A\20260815_raw_pseudobulk_freeze\checkpoints\chunk_0115000_0120000.npz","5778770","5.5111",".npz","2026-08-15 15:06:51","False"
"phase17_v7\gateC4A\20260815_raw_pseudobulk_freeze\checkpoints\chunk_0120000_0125000.json","326","0.0003",".json","2026-08-15 15:06:53","False"
"phase17_v7\gateC4A\20260815_raw_pseudobulk_freeze\checkpoints\chunk_0120000_0125000.npz","5628752","5.368",".npz","2026-08-15 15:06:53","False"
"phase17_v7\gateC4A\20260815_raw_pseudobulk_freeze\checkpoints\chunk_0125000_0130000.json","326","0.0003",".json","2026-08-15 15:06:55","False"
"phase17_v7\gateC4A\20260815_raw_pseudobulk_freeze\checkpoints\chunk_0125000_0130000.npz","5745026","5.4789",".npz","2026-08-15 15:06:55","False"
"phase17_v7\gateC4A\20260815_raw_pseudobulk_freeze\checkpoints\chunk_0130000_0135000.json","327","0.0003",".json","2026-08-15 15:06:57","False"
"phase17_v7\gateC4A\20260815_raw_pseudobulk_freeze\checkpoints\chunk_0130000_0135000.npz","5640922","5.3796",".npz","2026-08-15 15:06:57","False"
"phase17_v7\gateC4A\20260815_raw_pseudobulk_freeze\checkpoints\chunk_0135000_0140000.json","327","0.0003",".json","2026-08-15 15:06:59","False"
"phase17_v7\gateC4A\20260815_raw_pseudobulk_freeze\checkpoints\chunk_0135000_0140000.npz","5735805","5.4701",".npz","2026-08-15 15:06:59","False"
"phase17_v7\gateC4A\20260815_raw_pseudobulk_freeze\checkpoints\chunk_0140000_0145000.json","327","0.0003",".json","2026-08-15 15:07:01","False"
"phase17_v7\gateC4A\20260815_raw_pseudobulk_freeze\checkpoints\chunk_0140000_0145000.npz","5686196","5.4228",".npz","2026-08-15 15:07:01","False"
"phase17_v7\gateC4A\20260815_raw_pseudobulk_freeze\checkpoints\chunk_0145000_0150000.json","327","0.0003",".json","2026-08-15 15:07:02","False"
"phase17_v7\gateC4A\20260815_raw_pseudobulk_freeze\checkpoints\chunk_0145000_0150000.npz","5657884","5.3958",".npz","2026-08-15 15:07:02","False"
"phase17_v7\gateC4A\20260815_raw_pseudobulk_freeze\checkpoints\chunk_0150000_0150402.json","319","0.0003",".json","2026-08-15 15:07:03","False"
"phase17_v7\gateC4A\20260815_raw_pseudobulk_freeze\checkpoints\chunk_0150000_0150402.npz","946327","0.9025",".npz","2026-08-15 15:07:03","False"
"phase17_v7\gateC4A\20260815_raw_pseudobulk_freeze\figures\gate_c4a_raw_pseudobulk_and_program_freeze.pdf","31941","0.0305",".pdf","2026-08-15 15:12:01","True"
"phase17_v7\gateC4A\20260815_raw_pseudobulk_freeze\figures\gate_c4a_raw_pseudobulk_and_program_freeze.png","242678","0.2314",".png","2026-08-15 15:12:01","True"
"phase17_v7\gateC4B\20260815_edger_transcription\01_R_sessionInfo.txt","959","0.0009",".txt","2026-08-15 15:54:26","True"
"phase17_v7\gateC4B\20260815_edger_transcription\02_matrix_exports\flare_full_counts.mtx.gz","1335417","1.2736",".gz","2026-08-15 15:51:27","False"
"phase17_v7\gateC4B\20260815_edger_transcription\02_matrix_exports\flare_full_gene_sums.csv.gz","137982","0.1316",".gz","2026-08-15 15:51:27","False"
"phase17_v7\gateC4B\20260815_edger_transcription\02_matrix_exports\flare_full_samples.csv","9940","0.0095",".csv","2026-08-15 15:51:27","True"
"phase17_v7\gateC4B\20260815_edger_transcription\02_matrix_exports\gene_metadata.csv.gz","284863","0.2717",".gz","2026-08-15 15:51:17","False"
"phase17_v7\gateC4B\20260815_edger_transcription\02_matrix_exports\primary_base_counts.mtx.gz","2839871","2.7083",".gz","2026-08-15 15:51:18","False"
"phase17_v7\gateC4B\20260815_edger_transcription\02_matrix_exports\primary_base_gene_sums.csv.gz","139193","0.1327",".gz","2026-08-15 15:51:18","False"
"phase17_v7\gateC4B\20260815_edger_transcription\02_matrix_exports\primary_base_samples.csv","23871","0.0228",".csv","2026-08-15 15:51:18","True"
"phase17_v7\gateC4B\20260815_edger_transcription\02_matrix_exports\primary_min100_counts.mtx.gz","2796898","2.6673",".gz","2026-08-15 15:51:22","False"
"phase17_v7\gateC4B\20260815_edger_transcription\02_matrix_exports\primary_min100_gene_sums.csv.gz","139193","0.1327",".gz","2026-08-15 15:51:22","False"
"phase17_v7\gateC4B\20260815_edger_transcription\02_matrix_exports\primary_min100_samples.csv","23650","0.0226",".csv","2026-08-15 15:51:22","True"
"phase17_v7\gateC4B\20260815_edger_transcription\02_matrix_exports\primary_min20_counts.mtx.gz","2920468","2.7852",".gz","2026-08-15 15:51:20","False"
"phase17_v7\gateC4B\20260815_edger_transcription\02_matrix_exports\primary_min20_gene_sums.csv.gz","139259","0.1328",".gz","2026-08-15 15:51:20","False"
"phase17_v7\gateC4B\20260815_edger_transcription\02_matrix_exports\primary_min20_samples.csv","25390","0.0242",".csv","2026-08-15 15:51:20","True"
"phase17_v7\gateC4B\20260815_edger_transcription\02_matrix_exports\primary_residual_risk_negative_counts.mtx.gz","2828727","2.6977",".gz","2026-08-15 15:51:23","False"
"phase17_v7\gateC4B\20260815_edger_transcription\02_matrix_exports\primary_residual_risk_negative_gene_sums.csv.gz","139092","0.1326",".gz","2026-08-15 15:51:23","False"
"phase17_v7\gateC4B\20260815_edger_transcription\02_matrix_exports\primary_residual_risk_negative_samples.csv","24849","0.0237",".csv","2026-08-15 15:51:23","True"
"phase17_v7\gateC4B\20260815_edger_transcription\02_matrix_exports\validation_full_counts.mtx.gz","2304367","2.1976",".gz","2026-08-15 15:51:25","False"
"phase17_v7\gateC4B\20260815_edger_transcription\02_matrix_exports\validation_full_gene_sums.csv.gz","139769","0.1333",".gz","2026-08-15 15:51:25","False"
"phase17_v7\gateC4B\20260815_edger_transcription\02_matrix_exports\validation_full_samples.csv","18230","0.0174",".csv","2026-08-15 15:51:25","True"
"phase17_v7\gateC4B\20260815_edger_transcription\02_matrix_exports\validation_nonoverlap_counts.mtx.gz","1933103","1.8436",".gz","2026-08-15 15:51:26","False"
"phase17_v7\gateC4B\20260815_edger_transcription\02_matrix_exports\validation_nonoverlap_gene_sums.csv.gz","138675","0.1323",".gz","2026-08-15 15:51:26","False"
"phase17_v7\gateC4B\20260815_edger_transcription\02_matrix_exports\validation_nonoverlap_samples.csv","15367","0.0147",".csv","2026-08-15 15:51:26","True"
"phase17_v7\gateC4B\20260815_edger_transcription\03_MATRIX_EXPORT_AUDIT.json","8866","0.0085",".json","2026-08-15 15:51:27","True"
"phase17_v7\gateC4B\20260815_edger_transcription\03_MATRIX_EXPORT_AUDIT.md","1107","0.0011",".md","2026-08-15 15:51:27","True"
"phase17_v7\gateC4B\20260815_edger_transcription\04_EDGER_QUALIFICATION.json","1787","0.0017",".json","2026-08-15 15:51:42","True"
"phase17_v7\gateC4B\20260815_edger_transcription\04_EDGER_QUALIFICATION.md","1051","0.001",".md","2026-08-15 15:51:42","True"
"phase17_v7\gateC4B\20260815_edger_transcription\05_gene_results\flare_full_gene_results.csv.gz","713119","0.6801",".gz","2026-08-15 15:52:54","False"
"phase17_v7\gateC4B\20260815_edger_transcription\05_gene_results\primary_base_gene_results.csv.gz","549643","0.5242",".gz","2026-08-15 15:51:57","False"
"phase17_v7\gateC4B\20260815_edger_transcription\05_gene_results\primary_min100_gene_results.csv.gz","555670","0.5299",".gz","2026-08-15 15:52:23","False"
"phase17_v7\gateC4B\20260815_edger_transcription\05_gene_results\primary_min20_gene_results.csv.gz","532055","0.5074",".gz","2026-08-15 15:52:10","False"
"phase17_v7\gateC4B\20260815_edger_transcription\05_gene_results\primary_residual_risk_negative_gene_results.csv.gz","559341","0.5334",".gz","2026-08-15 15:52:32","False"
"phase17_v7\gateC4B\20260815_edger_transcription\05_gene_results\validation_full_gene_results.csv.gz","635186","0.6058",".gz","2026-08-15 15:52:41","False"
"phase17_v7\gateC4B\20260815_edger_transcription\05_gene_results\validation_nonoverlap_gene_results.csv.gz","634719","0.6053",".gz","2026-08-15 15:52:48","False"
"phase17_v7\gateC4B\20260815_edger_transcription\05_MODEL_SUMMARY.csv","1132","0.0011",".csv","2026-08-15 15:52:54","True"
"phase17_v7\gateC4B\20260815_edger_transcription\06_TOP100_GENE_RESULTS.csv","130908","0.1248",".csv","2026-08-15 15:52:54","True"
"phase17_v7\gateC4B\20260815_edger_transcription\07_PROGRAM_RESULTS.csv","16977","0.0162",".csv","2026-08-15 15:52:54","True"
"phase17_v7\gateC4B\20260815_edger_transcription\08_PROGRAM_SAMPLE_SCORES.csv.gz","74536","0.0711",".gz","2026-08-15 15:52:54","False"
"phase17_v7\gateC4B\20260815_edger_transcription\09_FROZEN_PROGRAM_ARM_CAMERA.csv","13666","0.013",".csv","2026-08-15 15:52:54","True"
"phase17_v7\gateC4B\20260815_edger_transcription\10_PRIMARY_PROGRAM_LOO.csv","1937","0.0018",".csv","2026-08-15 15:52:55","True"
"phase17_v7\gateC4B\20260815_edger_transcription\11_PRIMARY_CONFIRMATORY_GENE_LOO.csv","7698","0.0073",".csv","2026-08-15 15:52:55","True"
"phase17_v7\gateC4B\20260815_edger_transcription\12_CROSS_COHORT_EFFECT_CONCORDANCE.csv","625","0.0006",".csv","2026-08-15 15:52:59","True"
"phase17_v7\gateC4B\20260815_edger_transcription\13_PRIMARY_RANKED_QC_FAMILY_AUDIT.csv","158","0.0002",".csv","2026-08-15 15:52:59","True"
"phase17_v7\gateC4B\20260815_edger_transcription\14_FROZEN_MODEL_RUN_STATUS.json","3775","0.0036",".json","2026-08-15 15:52:59","True"
"phase17_v7\gateC4B\20260815_edger_transcription\15_GATE_C4B_ADVISOR_DECISION.json","6758","0.0064",".json","2026-08-15 15:54:33","True"
"phase17_v7\gateC4B\20260815_edger_transcription\15_GATE_C4B_ADVISOR_DECISION.md","2213","0.0021",".md","2026-08-15 15:54:33","True"
"phase17_v7\gateC4B\20260815_edger_transcription\16_GATE_C4B_RESULT_INTEGRITY_AUDIT.json","2303","0.0022",".json","2026-08-15 15:54:33","True"
"phase17_v7\gateC4B\20260815_edger_transcription\16_GATE_C4B_RESULT_INTEGRITY_AUDIT.md","787","0.0008",".md","2026-08-15 15:54:33","True"
"phase17_v7\gateC4B\20260815_edger_transcription\17_gate_c4b_integrity_manifest.csv","6462","0.0062",".csv","2026-08-15 15:54:33","True"
"phase17_v7\gateC4B\20260815_edger_transcription\figures\gate_c4b_bconv_transcription_replication.pdf","132783","0.1266",".pdf","2026-08-15 15:54:33","True"
"phase17_v7\gateC4B\20260815_edger_transcription\figures\gate_c4b_bconv_transcription_replication.png","566503","0.5403",".png","2026-08-15 15:54:32","True"
"phase17_v7\gateC5A\20260815_gse135779_source_mapping_freeze\00_GATE_C5A_RUN_STATUS.json","275","0.0003",".json","2026-08-15 16:27:21","True"
"phase17_v7\gateC5A\20260815_gse135779_source_mapping_freeze\01_SOURCE_FILE_MANIFEST.csv","729","0.0007",".csv","2026-08-15 16:26:24","True"
"phase17_v7\gateC5A\20260815_gse135779_source_mapping_freeze\02_TAR_MEMBER_MANIFEST.csv","15024","0.0143",".csv","2026-08-15 16:27:18","True"
"phase17_v7\gateC5A\20260815_gse135779_source_mapping_freeze\03_SAMPLE_SOURCE_AUDIT.csv","6096","0.0058",".csv","2026-08-15 16:27:18","True"
"phase17_v7\gateC5A\20260815_gse135779_source_mapping_freeze\03A_METADATA_BARCODE_EXCEPTIONS.csv","537","0.0005",".csv","2026-08-15 16:27:18","True"
"phase17_v7\gateC5A\20260815_gse135779_source_mapping_freeze\04_METADATA_WITHOUT_MATRIX_SAMPLES.csv","2629","0.0025",".csv","2026-08-15 16:27:18","True"
"phase17_v7\gateC5A\20260815_gse135779_source_mapping_freeze\04A_CHILDHOOD_METADATA_VERSION_AUDIT.csv","3066","0.0029",".csv","2026-08-15 16:26:29","True"
"phase17_v7\gateC5A\20260815_gse135779_source_mapping_freeze\05_SOURCE_LABEL_DICTIONARY.csv","4427","0.0042",".csv","2026-08-15 16:26:32","True"
"phase17_v7\gateC5A\20260815_gse135779_source_mapping_freeze\06_SAMPLE_LABEL_SUPPORT.csv","21931","0.0209",".csv","2026-08-15 16:27:18","True"
"phase17_v7\gateC5A\20260815_gse135779_source_mapping_freeze\07_EXTERNAL_PSEUDOBULK_COUNTS.npz","11389992","10.8623",".npz","2026-08-15 16:27:20","False"
"phase17_v7\gateC5A\20260815_gse135779_source_mapping_freeze\08_EXTERNAL_PSEUDOBULK_ROW_METADATA.csv","47616","0.0454",".csv","2026-08-15 16:27:20","True"
"phase17_v7\gateC5A\20260815_gse135779_source_mapping_freeze\09_EXTERNAL_GENE_UNIVERSE.csv.gz","334003","0.3185",".gz","2026-08-15 16:27:21","False"
"phase17_v7\gateC5A\20260815_gse135779_source_mapping_freeze\10_FROZEN_PROGRAM_DICTIONARY.csv","14596","0.0139",".csv","2026-08-15 16:27:21","True"
"phase17_v7\gateC5A\20260815_gse135779_source_mapping_freeze\11_FROZEN_PROGRAM_GENE_AVAILABILITY.csv","15247","0.0145",".csv","2026-08-15 16:27:21","True"
"phase17_v7\gateC5A\20260815_gse135779_source_mapping_freeze\12_COMBINED_MIN50_MODEL_MATRIX.csv","6747","0.0064",".csv","2026-08-15 16:27:21","True"
"phase17_v7\gateC5A\20260815_gse135779_source_mapping_freeze\13_CHILDHOOD_MIN50_MODEL_MATRIX.csv","5123","0.0049",".csv","2026-08-15 16:27:21","True"
"phase17_v7\gateC5A\20260815_gse135779_source_mapping_freeze\14_ADULT_MIN50_MODEL_MATRIX.csv","1364","0.0013",".csv","2026-08-15 16:27:21","True"
"phase17_v7\gateC5A\20260815_gse135779_source_mapping_freeze\15_THRESHOLD_SENSITIVITY_MODEL_MATRICES.csv","13267","0.0127",".csv","2026-08-15 16:27:21","True"
"phase17_v7\gateC5A\20260815_gse135779_source_mapping_freeze\16_GATE_C5A_DESIGN_SUMMARY.csv","361","0.0003",".csv","2026-08-15 16:27:21","True"
"phase17_v7\gateC5A\20260815_gse135779_source_mapping_freeze\16_GATE_C5A_FREEZE_CONTRACT.json","3487","0.0033",".json","2026-08-15 16:27:21","True"
"phase17_v7\gateC5A\20260815_gse135779_source_mapping_freeze\16_GATE_C5A_PROGRAM_ARM_SUMMARY.csv","966","0.0009",".csv","2026-08-15 16:27:21","True"
"phase17_v7\gateC5A\20260815_gse135779_source_mapping_freeze\17_GATE_C5A_ADVISOR_DECISION.json","3055","0.0029",".json","2026-08-15 16:27:30","True"
"phase17_v7\gateC5A\20260815_gse135779_source_mapping_freeze\17_GATE_C5A_ADVISOR_DECISION.md","2712","0.0026",".md","2026-08-15 16:27:30","True"
"phase17_v7\gateC5A\20260815_gse135779_source_mapping_freeze\18_GATE_C5A_INTEGRITY_AUDIT.json","1910","0.0018",".json","2026-08-15 16:27:30","True"
"phase17_v7\gateC5A\20260815_gse135779_source_mapping_freeze\18_GATE_C5A_INTEGRITY_AUDIT.md","270","0.0003",".md","2026-08-15 16:27:30","True"
"phase17_v7\gateC5A\20260815_gse135779_source_mapping_freeze\19_gate_c5a_integrity_manifest.csv","3135","0.003",".csv","2026-08-15 16:27:30","True"
"phase17_v7\gateC5A\20260815_gse135779_source_mapping_freeze\figures\gate_c5a_gse135779_source_mapping_freeze.pdf","57563","0.0549",".pdf","2026-08-15 16:27:30","True"
"phase17_v7\gateC5A\20260815_gse135779_source_mapping_freeze\figures\gate_c5a_gse135779_source_mapping_freeze.png","387073","0.3691",".png","2026-08-15 16:27:29","True"
"phase17_v7\gateC5B\20260815_gse135779_external_validation\01_R_sessionInfo.txt","923","0.0009",".txt","2026-08-15 17:24:34","True"
"phase17_v7\gateC5B\20260815_gse135779_external_validation\02_matrix_exports\adult_min50_counts.mtx.gz","415720","0.3965",".gz","2026-08-15 17:23:02","False"
"phase17_v7\gateC5B\20260815_gse135779_external_validation\02_matrix_exports\adult_min50_gene_sums.csv.gz","139285","0.1328",".gz","2026-08-15 17:23:03","False"
"phase17_v7\gateC5B\20260815_gse135779_external_validation\02_matrix_exports\adult_min50_samples.csv","1572","0.0015",".csv","2026-08-15 17:23:02","True"
"phase17_v7\gateC5B\20260815_gse135779_external_validation\02_matrix_exports\childhood_min50_counts.mtx.gz","1963257","1.8723",".gz","2026-08-15 17:23:01","False"
"phase17_v7\gateC5B\20260815_gse135779_external_validation\02_matrix_exports\childhood_min50_gene_sums.csv.gz","153699","0.1466",".gz","2026-08-15 17:23:01","False"
"phase17_v7\gateC5B\20260815_gse135779_external_validation\02_matrix_exports\childhood_min50_samples.csv","5797","0.0055",".csv","2026-08-15 17:23:01","True"
"phase17_v7\gateC5B\20260815_gse135779_external_validation\02_matrix_exports\childhood_min50_without_b_casc0_counts.mtx.gz","1880229","1.7931",".gz","2026-08-15 17:23:05","False"
"phase17_v7\gateC5B\20260815_gse135779_external_validation\02_matrix_exports\childhood_min50_without_b_casc0_gene_sums.csv.gz","152445","0.1454",".gz","2026-08-15 17:23:05","False"
"phase17_v7\gateC5B\20260815_gse135779_external_validation\02_matrix_exports\childhood_min50_without_b_casc0_samples.csv","6887","0.0066",".csv","2026-08-15 17:23:05","True"
"phase17_v7\gateC5B\20260815_gse135779_external_validation\02_matrix_exports\childhood_min50_without_b_casc1_counts.mtx.gz","1887633","1.8002",".gz","2026-08-15 17:23:06","False"
"phase17_v7\gateC5B\20260815_gse135779_external_validation\02_matrix_exports\childhood_min50_without_b_casc1_gene_sums.csv.gz","152312","0.1453",".gz","2026-08-15 17:23:06","False"
"phase17_v7\gateC5B\20260815_gse135779_external_validation\02_matrix_exports\childhood_min50_without_b_casc1_samples.csv","6881","0.0066",".csv","2026-08-15 17:23:06","True"
"phase17_v7\gateC5B\20260815_gse135779_external_validation\02_matrix_exports\childhood_min50_without_b_casc2_counts.mtx.gz","1865004","1.7786",".gz","2026-08-15 17:23:07","False"
"phase17_v7\gateC5B\20260815_gse135779_external_validation\02_matrix_exports\childhood_min50_without_b_casc2_gene_sums.csv.gz","152142","0.1451",".gz","2026-08-15 17:23:07","False"
"phase17_v7\gateC5B\20260815_gse135779_external_validation\02_matrix_exports\childhood_min50_without_b_casc2_samples.csv","6880","0.0066",".csv","2026-08-15 17:23:07","True"
"phase17_v7\gateC5B\20260815_gse135779_external_validation\02_matrix_exports\childhood_min50_without_b_casc3_counts.mtx.gz","1908131","1.8197",".gz","2026-08-15 17:23:08","False"
"phase17_v7\gateC5B\20260815_gse135779_external_validation\02_matrix_exports\childhood_min50_without_b_casc3_gene_sums.csv.gz","152565","0.1455",".gz","2026-08-15 17:23:08","False"
"phase17_v7\gateC5B\20260815_gse135779_external_validation\02_matrix_exports\childhood_min50_without_b_casc3_samples.csv","6860","0.0065",".csv","2026-08-15 17:23:08","True"
"phase17_v7\gateC5B\20260815_gse135779_external_validation\02_matrix_exports\childhood_min50_without_b_casc4_counts.mtx.gz","1930010","1.8406",".gz","2026-08-15 17:23:09","False"
"phase17_v7\gateC5B\20260815_gse135779_external_validation\02_matrix_exports\childhood_min50_without_b_casc4_gene_sums.csv.gz","153125","0.146",".gz","2026-08-15 17:23:09","False"
"phase17_v7\gateC5B\20260815_gse135779_external_validation\02_matrix_exports\childhood_min50_without_b_casc4_samples.csv","6881","0.0066",".csv","2026-08-15 17:23:09","True"
"phase17_v7\gateC5B\20260815_gse135779_external_validation\02_matrix_exports\childhood_min50_without_b_casc5_counts.mtx.gz","1905211","1.817",".gz","2026-08-15 17:23:09","False"
"phase17_v7\gateC5B\20260815_gse135779_external_validation\02_matrix_exports\childhood_min50_without_b_casc5_gene_sums.csv.gz","152601","0.1455",".gz","2026-08-15 17:23:10","False"
"phase17_v7\gateC5B\20260815_gse135779_external_validation\02_matrix_exports\childhood_min50_without_b_casc5_samples.csv","6871","0.0066",".csv","2026-08-15 17:23:09","True"
"phase17_v7\gateC5B\20260815_gse135779_external_validation\02_matrix_exports\childhood_min50_without_b_casc6_counts.mtx.gz","1945302","1.8552",".gz","2026-08-15 17:23:10","False"
"phase17_v7\gateC5B\20260815_gse135779_external_validation\02_matrix_exports\childhood_min50_without_b_casc6_gene_sums.csv.gz","153272","0.1462",".gz","2026-08-15 17:23:10","False"
"phase17_v7\gateC5B\20260815_gse135779_external_validation\02_matrix_exports\childhood_min50_without_b_casc6_samples.csv","6873","0.0066",".csv","2026-08-15 17:23:10","True"
"phase17_v7\gateC5B\20260815_gse135779_external_validation\02_matrix_exports\childhood_min50_without_b_casc7_counts.mtx.gz","1944569","1.8545",".gz","2026-08-15 17:23:11","False"
"phase17_v7\gateC5B\20260815_gse135779_external_validation\02_matrix_exports\childhood_min50_without_b_casc7_gene_sums.csv.gz","153244","0.1461",".gz","2026-08-15 17:23:11","False"
"phase17_v7\gateC5B\20260815_gse135779_external_validation\02_matrix_exports\childhood_min50_without_b_casc7_samples.csv","6864","0.0065",".csv","2026-08-15 17:23:11","True"
"phase17_v7\gateC5B\20260815_gse135779_external_validation\02_matrix_exports\combined_min100_counts.mtx.gz","2278765","2.1732",".gz","2026-08-15 17:23:04","False"
"phase17_v7\gateC5B\20260815_gse135779_external_validation\02_matrix_exports\combined_min100_gene_sums.csv.gz","154227","0.1471",".gz","2026-08-15 17:23:05","False"
"phase17_v7\gateC5B\20260815_gse135779_external_validation\02_matrix_exports\combined_min100_samples.csv","7294","0.007",".csv","2026-08-15 17:23:04","True"
"phase17_v7\gateC5B\20260815_gse135779_external_validation\02_matrix_exports\combined_min20_counts.mtx.gz","2421814","2.3096",".gz","2026-08-15 17:23:03","False"
"phase17_v7\gateC5B\20260815_gse135779_external_validation\02_matrix_exports\combined_min20_gene_sums.csv.gz","154178","0.147",".gz","2026-08-15 17:23:04","False"
"phase17_v7\gateC5B\20260815_gse135779_external_validation\02_matrix_exports\combined_min20_samples.csv","7842","0.0075",".csv","2026-08-15 17:23:03","True"
"phase17_v7\gateC5B\20260815_gse135779_external_validation\02_matrix_exports\combined_min50_counts.mtx.gz","2373567","2.2636",".gz","2026-08-15 17:23:02","False"
"phase17_v7\gateC5B\20260815_gse135779_external_validation\02_matrix_exports\combined_min50_gene_sums.csv.gz","154231","0.1471",".gz","2026-08-15 17:23:02","False"
"phase17_v7\gateC5B\20260815_gse135779_external_validation\02_matrix_exports\combined_min50_samples.csv","7581","0.0072",".csv","2026-08-15 17:23:02","True"
"phase17_v7\gateC5B\20260815_gse135779_external_validation\02_matrix_exports\gene_metadata.csv.gz","333991","0.3185",".gz","2026-08-15 17:23:00","False"
"phase17_v7\gateC5B\20260815_gse135779_external_validation\03_MATRIX_EXPORT_AUDIT.json","17006","0.0162",".json","2026-08-15 17:23:11","True"
"phase17_v7\gateC5B\20260815_gse135779_external_validation\03_MATRIX_EXPORT_AUDIT.md","892","0.0009",".md","2026-08-15 17:23:11","True"
"phase17_v7\gateC5B\20260815_gse135779_external_validation\04_EDGER_QUALIFICATION.json","4574","0.0044",".json","2026-08-15 17:24:34","True"
"phase17_v7\gateC5B\20260815_gse135779_external_validation\04_EDGER_QUALIFICATION.md","836","0.0008",".md","2026-08-15 17:24:34","True"
"phase17_v7\gateC5B\20260815_gse135779_external_validation\05_gene_results\adult_min50_gene_results.csv.gz","691459","0.6594",".gz","2026-08-15 17:23:54","False"
"phase17_v7\gateC5B\20260815_gse135779_external_validation\05_gene_results\childhood_min50_gene_results.csv.gz","818557","0.7806",".gz","2026-08-15 17:23:34","False"
"phase17_v7\gateC5B\20260815_gse135779_external_validation\05_gene_results\combined_min100_gene_results.csv.gz","832639","0.7941",".gz","2026-08-15 17:24:19","False"
"phase17_v7\gateC5B\20260815_gse135779_external_validation\05_gene_results\combined_min20_gene_results.csv.gz","817635","0.7798",".gz","2026-08-15 17:24:09","False"
"phase17_v7\gateC5B\20260815_gse135779_external_validation\05_gene_results\combined_min50_gene_results.csv.gz","825167","0.7869",".gz","2026-08-15 17:23:50","False"
"phase17_v7\gateC5B\20260815_gse135779_external_validation\05_MODEL_SUMMARY.csv","791","0.0008",".csv","2026-08-15 17:24:34","True"
"phase17_v7\gateC5B\20260815_gse135779_external_validation\06_TOP100_GENE_RESULTS.csv","86379","0.0824",".csv","2026-08-15 17:24:34","True"
"phase17_v7\gateC5B\20260815_gse135779_external_validation\07_PROGRAM_RESULTS.csv","11981","0.0114",".csv","2026-08-15 17:24:34","True"
"phase17_v7\gateC5B\20260815_gse135779_external_validation\08_PROGRAM_SAMPLE_SCORES.csv.gz","29046","0.0277",".gz","2026-08-15 17:24:20","False"
"phase17_v7\gateC5B\20260815_gse135779_external_validation\09_FROZEN_PROGRAM_ARM_CAMERA.csv","9581","0.0091",".csv","2026-08-15 17:24:34","True"
"phase17_v7\gateC5B\20260815_gse135779_external_validation\10_PRIMARY_PROGRAM_DONOR_LOO.csv","1642","0.0016",".csv","2026-08-15 17:24:34","True"
"phase17_v7\gateC5B\20260815_gse135779_external_validation\11_PRIMARY_CONFIRMATORY_GENE_DONOR_LOO.csv","6362","0.0061",".csv","2026-08-15 17:24:34","True"
"phase17_v7\gateC5B\20260815_gse135779_external_validation\12_SOURCE_LABEL_LOO_PROGRAM_RESULTS.csv","21300","0.0203",".csv","2026-08-15 17:24:34","True"
"phase17_v7\gateC5B\20260815_gse135779_external_validation\13_EXTERNAL_GENE_EFFECT_CONCORDANCE.csv","578","0.0006",".csv","2026-08-15 17:24:34","True"
"phase17_v7\gateC5B\20260815_gse135779_external_validation\14_PRIMARY_RANKED_QC_FAMILY_AUDIT.csv","147","0.0001",".csv","2026-08-15 17:24:34","True"
"phase17_v7\gateC5B\20260815_gse135779_external_validation\15_FROZEN_MODEL_RUN_STATUS.json","2867","0.0027",".json","2026-08-15 17:24:34","True"
"phase17_v7\gateC5B\20260815_gse135779_external_validation\16_CROSS_DATASET_IFN_GENE_EFFECTS.csv","3962","0.0038",".csv","2026-08-15 17:24:34","True"
"phase17_v7\gateC5B\20260815_gse135779_external_validation\16_CROSS_DATASET_IFN_PROGRAM_EFFECTS.csv","777","0.0007",".csv","2026-08-15 17:24:34","True"
"phase17_v7\gateC5B\20260815_gse135779_external_validation\17_GATE_C5B_ADVISOR_DECISION.json","5602","0.0053",".json","2026-08-15 17:24:37","True"
"phase17_v7\gateC5B\20260815_gse135779_external_validation\17_GATE_C5B_ADVISOR_DECISION.md","1527","0.0015",".md","2026-08-15 17:24:37","True"
"phase17_v7\gateC5B\20260815_gse135779_external_validation\18_GATE_C5B_RESULT_INTEGRITY_AUDIT.json","3554","0.0034",".json","2026-08-15 17:24:37","True"
"phase17_v7\gateC5B\20260815_gse135779_external_validation\18_GATE_C5B_RESULT_INTEGRITY_AUDIT.md","342","0.0003",".md","2026-08-15 17:24:37","True"
"phase17_v7\gateC5B\20260815_gse135779_external_validation\19_gate_c5b_integrity_manifest.csv","9246","0.0088",".csv","2026-08-15 17:24:38","True"
"phase17_v7\gateC5B\20260815_gse135779_external_validation\figures\gate_c5b_gse135779_independent_ifn_validation.pdf","131700","0.1256",".pdf","2026-08-15 17:24:37","True"
"phase17_v7\gateC5B\20260815_gse135779_external_validation\figures\gate_c5b_gse135779_independent_ifn_validation.png","453651","0.4326",".png","2026-08-15 17:24:36","True"
"phase17_v7\gateC6A\20260815_claim_integration\01_CLAIM_TO_EVIDENCE_MATRIX.csv","4841","0.0046",".csv","2026-08-15 17:53:09","True"
"phase17_v7\gateC6A\20260815_claim_integration\01_CLAIM_TO_EVIDENCE_MATRIX.md","1870","0.0018",".md","2026-08-15 17:53:09","True"
"phase17_v7\gateC6A\20260815_claim_integration\02_MANUSCRIPT_NUMERIC_SOURCE.csv","1983","0.0019",".csv","2026-08-15 17:53:09","True"
"phase17_v7\gateC6A\20260815_claim_integration\04_GATE_C6A_TEXT_QC.csv","871","0.0008",".csv","2026-08-15 17:53:09","True"
"phase17_v7\gateC6A\20260815_claim_integration\05_GATE_C6A_ADVISOR_DECISION.json","1228","0.0012",".json","2026-08-15 17:53:09","True"
"phase17_v7\gateC6A\20260815_claim_integration\05_GATE_C6A_ADVISOR_DECISION.md","1151","0.0011",".md","2026-08-15 17:53:09","True"
"phase17_v7\gateC6A\20260815_claim_integration\06_GATE_C6A_INTEGRITY_MANIFEST.csv","3209","0.0031",".csv","2026-08-15 17:53:09","True"
"phase17_v7\gateC6B\20260815_pre_effect_resource_freeze\01_COLLECTRI_RESOURCE_METADATA.json","1708","0.0016",".json","2026-08-15 17:46:55","True"
"phase17_v7\gateC6B\20260815_pre_effect_resource_freeze\02_REGULATOR_TARGET_COVERAGE.csv","656","0.0006",".csv","2026-08-15 17:46:54","True"
"phase17_v7\gateC6B\20260815_pre_effect_resource_freeze\03_RESOURCE_INVENTORY.md","2330","0.0022",".md","2026-08-15 17:46:55","True"
"phase17_v7\gateC6B\20260815_pre_effect_resource_freeze\04_CONTRAST_REGULATOR_COVERAGE.csv","1664","0.0016",".csv","2026-08-15 17:46:55","True"
"phase17_v7\gateC6B\20260815_pre_effect_resource_freeze\05_MSIGDB_M5911_GENE_SET.csv","6466","0.0062",".csv","2026-08-15 18:09:13","True"
"phase17_v7\gateC6B\20260815_pre_effect_resource_freeze\06_GSE23307_SAMPLE_PAIRING.csv","487","0.0005",".csv","2026-08-15 18:09:13","True"
"phase17_v7\gateC6B\20260815_pre_effect_resource_freeze\07_EXTERNAL_RESOURCE_MANIFEST.csv","1045","0.001",".csv","2026-08-15 18:09:13","True"
"phase17_v7\gateC6B\20260815_pre_effect_resource_freeze\08_EXTERNAL_RESOURCE_FREEZE.json","967","0.0009",".json","2026-08-15 18:09:13","True"
"phase17_v7\gateC6B\20260815_pre_effect_resource_freeze\08_EXTERNAL_RESOURCE_FREEZE.md","1024","0.001",".md","2026-08-15 18:09:13","True"
"phase17_v7\gateC6B\20260815_pre_effect_resource_freeze\09_C6B1_REAL_INPUT_COVERAGE.csv","2168","0.0021",".csv","2026-08-15 18:11:26","True"
"phase17_v7\gateC6B\20260815_pre_effect_resource_freeze\10_C6B1_SYNTHETIC_SIGNAL_RESULTS.csv","2202","0.0021",".csv","2026-08-15 18:11:27","True"
"phase17_v7\gateC6B\20260815_pre_effect_resource_freeze\11_C6B1_QUALIFICATION_DECISION.json","1973","0.0019",".json","2026-08-15 18:11:27","True"
"phase17_v7\gateC6B\20260815_pre_effect_resource_freeze\11_C6B1_QUALIFICATION_DECISION.md","900","0.0009",".md","2026-08-15 18:11:27","True"
"phase17_v7\gateC6B\20260815_pre_effect_resource_freeze\resources\collectri_human_omnipath_20260815.tsv.gz","648943","0.6189",".gz","2026-08-15 17:44:31","False"
"phase17_v7\gateC6B\20260815_pre_effect_resource_freeze\resources\GPL6104.annot.gz","4584978","4.3726",".gz","2026-08-15 18:08:25","False"
"phase17_v7\gateC6B\20260815_pre_effect_resource_freeze\resources\GSE23307_series_matrix.txt.gz","645027","0.6151",".gz","2026-08-15 17:58:27","False"
"phase17_v7\gateC6B\20260815_pre_effect_resource_freeze\resources\h.all.v2026.1.Hs.symbols.gmt","48686","0.0464",".gmt","2026-08-15 17:58:23","False"
"phase17_v7\gateC6B\20260815_regulatory_evidence\01_CONFIRMATORY_REGULATOR_RESULTS.csv","6168","0.0059",".csv","2026-08-15 18:15:39","True"
"phase17_v7\gateC6B\20260815_regulatory_evidence\02_IFN_TARGET_INFLUENCE_SUMMARY.csv","1614","0.0015",".csv","2026-08-15 18:15:39","True"
"phase17_v7\gateC6B\20260815_regulatory_evidence\03_IFN_TARGET_LEAVE_ONE_OUT.csv","28339","0.027",".csv","2026-08-15 18:15:39","True"
"phase17_v7\gateC6B\20260815_regulatory_evidence\04_IFN_TARGET_RESAMPLING.csv","74964","0.0715",".csv","2026-08-15 18:15:39","True"
"phase17_v7\gateC6B\20260815_regulatory_evidence\05_SUPPORTIVE_SENSITIVITY_REGULATOR_RESULTS.csv","17510","0.0167",".csv","2026-08-15 18:15:39","True"
"phase17_v7\gateC6B\20260815_regulatory_evidence\06_INPUT_AUDIT.csv","3633","0.0035",".csv","2026-08-15 18:15:39","True"
"phase17_v7\gateC6B\20260815_regulatory_evidence\07_GATE_C6B2_DECISION.json","952","0.0009",".json","2026-08-15 18:15:39","True"
"phase17_v7\gateC6B\20260815_regulatory_evidence\07_GATE_C6B2_DECISION.md","3022","0.0029",".md","2026-08-15 18:15:39","True"
"phase17_v7\gateC6B\20260815_regulatory_evidence\08_GSE23307_FROZEN_PROBE_MAPPING.csv","1564","0.0015",".csv","2026-08-15 18:17:42","True"
"phase17_v7\gateC6B\20260815_regulatory_evidence\09_C6B3_ORTHOGONAL_METHOD_FREEZE.json","1655","0.0016",".json","2026-08-15 18:17:42","True"
"phase17_v7\gateC6B\20260815_regulatory_evidence\09_C6B3_ORTHOGONAL_METHOD_FREEZE.md","685","0.0007",".md","2026-08-15 18:17:42","True"
"phase17_v7\gateC6B\20260815_regulatory_evidence\10_GSE23307_GENE_SAMPLE_EXPRESSION.csv","2460","0.0023",".csv","2026-08-15 18:19:39","True"
"phase17_v7\gateC6B\20260815_regulatory_evidence\11_GSE23307_PAIRED_GENE_EFFECTS.csv","1741","0.0017",".csv","2026-08-15 18:19:39","True"
"phase17_v7\gateC6B\20260815_regulatory_evidence\12_GSE23307_DONOR_PROGRAM_EFFECTS.csv","293","0.0003",".csv","2026-08-15 18:19:39","True"
"phase17_v7\gateC6B\20260815_regulatory_evidence\13_MSIGDB_M5911_PRERANKED_GSEA.csv","1495","0.0014",".csv","2026-08-15 18:19:39","True"
"phase17_v7\gateC6B\20260815_regulatory_evidence\14_GATE_C6B4_ORTHOGONAL_DECISION.json","3832","0.0037",".json","2026-08-15 18:19:39","True"
"phase17_v7\gateC6B\20260815_regulatory_evidence\14_GATE_C6B4_ORTHOGONAL_DECISION.md","870","0.0008",".md","2026-08-15 18:19:39","True"
"phase17_v7\gateC6B\20260815_regulatory_evidence\15_C6B3A_SCALE_REPAIR_FREEZE.json","1198","0.0011",".json","2026-08-15 18:21:55","True"
"phase17_v7\gateC6B\20260815_regulatory_evidence\15_C6B3A_SCALE_REPAIR_FREEZE.md","1077","0.001",".md","2026-08-15 18:21:55","True"
"phase17_v7\gateC6B\20260815_regulatory_evidence\16_GSE23307_LOG2P1_GENE_SAMPLE_EXPRESSION.csv","2873","0.0027",".csv","2026-08-15 18:21:23","True"
"phase17_v7\gateC6B\20260815_regulatory_evidence\17_GSE23307_LOG2P1_PAIRED_GENE_EFFECTS.csv","2288","0.0022",".csv","2026-08-15 18:21:23","True"
"phase17_v7\gateC6B\20260815_regulatory_evidence\18_GSE23307_LOG2P1_DONOR_PROGRAM_EFFECTS.csv","316","0.0003",".csv","2026-08-15 18:21:23","True"
"phase17_v7\gateC6B\20260815_regulatory_evidence\19_MSIGDB_M5911_PRERANKED_GSEA.csv","1495","0.0014",".csv","2026-08-15 18:21:23","True"
"phase17_v7\gateC6B\20260815_regulatory_evidence\20_GATE_C6B4A_ORTHOGONAL_DECISION.json","4097","0.0039",".json","2026-08-15 18:21:23","True"
"phase17_v7\gateC6B\20260815_regulatory_evidence\20_GATE_C6B4A_ORTHOGONAL_DECISION.md","906","0.0009",".md","2026-08-15 18:21:23","True"
"phase17_v7\gateC6B\20260815_regulatory_evidence\21_FIGURE5_SOURCE_DATA.csv","4248","0.0041",".csv","2026-08-15 18:29:00","True"
"phase17_v7\gateC6B\20260815_regulatory_evidence\22_FIGURE5_REGULATORY_EVIDENCE.pdf","54360","0.0518",".pdf","2026-08-15 18:29:02","True"
"phase17_v7\gateC6B\20260815_regulatory_evidence\22_FIGURE5_REGULATORY_EVIDENCE.png","546146","0.5208",".png","2026-08-15 18:29:01","True"
"phase17_v7\gateC6B\20260815_regulatory_evidence\23_FIGURE5_CAPTION.md","1203","0.0011",".md","2026-08-15 18:29:02","True"
"phase17_v7\gateC6B\20260815_regulatory_evidence\24_GATE_C6B_FINAL_AUDIT.json","1299","0.0012",".json","2026-08-15 18:29:02","True"
"phase17_v7\gateC6B\20260815_regulatory_evidence\24_GATE_C6B_FINAL_AUDIT.md","1503","0.0014",".md","2026-08-15 18:29:02","True"
"phase17_v7\gateC6B\20260815_regulatory_evidence\25_INTEGRITY_MANIFEST.csv","3580","0.0034",".csv","2026-08-15 18:29:02","True"
"phase17_v7\gateC7\20260820_manuscript_figure_integration\01_FIGURE_BUILD_STATUS.json","233","0.0002",".json","2026-08-20 16:13:14","True"
"phase17_v7\gateC7\20260820_manuscript_figure_integration\02_CLAIM_NUMBER_CROSSWALK.csv","6439","0.0061",".csv","2026-08-20 16:28:13","True"
"phase17_v7\gateC7\20260820_manuscript_figure_integration\03_FIGURE_SOURCE_CROSSWALK.csv","614","0.0006",".csv","2026-08-20 16:28:13","True"
"phase17_v7\gateC7\20260820_manuscript_figure_integration\04_MANUSCRIPT_NUMERIC_SOURCE.csv","3072","0.0029",".csv","2026-08-20 16:28:13","True"
"phase17_v7\gateC7\20260820_manuscript_figure_integration\05_TEXT_INTEGRATION_STATUS.json","790","0.0008",".json","2026-08-20 16:28:13","True"
"phase17_v7\gateC7\20260820_manuscript_figure_integration\06_GATE_C7_FINAL_AUDIT.json","3800","0.0036",".json","2026-08-20 16:28:48","True"
"phase17_v7\gateC7\20260820_manuscript_figure_integration\06_GATE_C7_FINAL_AUDIT.md","2356","0.0022",".md","2026-08-20 16:28:48","True"
"phase17_v7\gateC7\20260820_manuscript_figure_integration\07_INTEGRITY_MANIFEST.csv","4921","0.0047",".csv","2026-08-20 16:28:48","True"
"phase17_v7\gateC7\20260820_manuscript_figure_integration\figures\Figure1_disease_blind_identity_scope.pdf","57720","0.055",".pdf","2026-08-20 16:13:05","True"
"phase17_v7\gateC7\20260820_manuscript_figure_integration\figures\Figure1_disease_blind_identity_scope.png","610052","0.5818",".png","2026-08-20 16:13:06","True"
"phase17_v7\gateC7\20260820_manuscript_figure_integration\figures\Figure2_sample_level_composition.pdf","48942","0.0467",".pdf","2026-08-20 16:13:07","True"
"phase17_v7\gateC7\20260820_manuscript_figure_integration\figures\Figure2_sample_level_composition.png","485523","0.463",".png","2026-08-20 16:13:09","True"
"phase17_v7\gateC7\20260820_manuscript_figure_integration\figures\Figure3_gse174188_bconv_transcription.pdf","53403","0.0509",".pdf","2026-08-20 16:13:09","True"
"phase17_v7\gateC7\20260820_manuscript_figure_integration\figures\Figure3_gse174188_bconv_transcription.png","442445","0.4219",".png","2026-08-20 16:13:10","True"
"phase17_v7\gateC7\20260820_manuscript_figure_integration\figures\Figure4_independent_ifn_replication.pdf","55421","0.0529",".pdf","2026-08-20 16:13:12","True"
"phase17_v7\gateC7\20260820_manuscript_figure_integration\figures\Figure4_independent_ifn_replication.png","637595","0.6081",".png","2026-08-20 16:13:13","True"
"phase17_v7\gateC7\20260820_manuscript_figure_integration\figures\Figure5_regulatory_evidence.pdf","53558","0.0511",".pdf","2026-08-20 16:13:14","True"
"phase17_v7\gateC7\20260820_manuscript_figure_integration\figures\Figure5_regulatory_evidence.png","501635","0.4784",".png","2026-08-20 16:13:14","True"
"phase17_v7\gateC7\20260820_manuscript_figure_integration\source_data\Figure1_source_data.csv","3652","0.0035",".csv","2026-08-20 16:13:05","True"
"phase17_v7\gateC7\20260820_manuscript_figure_integration\source_data\Figure2_source_data.csv","33705","0.0321",".csv","2026-08-20 16:13:06","True"
"phase17_v7\gateC7\20260820_manuscript_figure_integration\source_data\Figure3_source_data.csv","8333","0.0079",".csv","2026-08-20 16:13:09","True"
"phase17_v7\gateC7\20260820_manuscript_figure_integration\source_data\Figure4_source_data.csv","500362","0.4772",".csv","2026-08-20 16:13:10","True"
"phase17_v7\gateC7\20260820_manuscript_figure_integration\source_data\Figure5_source_data.csv","4194","0.004",".csv","2026-08-20 16:13:13","True"
"phase17_v7\gateC8\20260820_genome_medicine_submission_package\01_GATE_C8_SOURCE_BUILD_STATUS.json","558","0.0005",".json","2026-08-20 17:06:20","True"
"phase17_v7\gateC8\20260820_genome_medicine_submission_package\02_GATE_C8_DOCUMENT_BUILD_STATUS.json","1654","0.0016",".json","2026-08-20 17:00:00","True"
"phase17_v7\gateC8\20260820_genome_medicine_submission_package\03_GATE_C8_FINAL_AUDIT.json","4013","0.0038",".json","2026-08-20 17:06:21","True"
"phase17_v7\gateC8\20260820_genome_medicine_submission_package\03_GATE_C8_FINAL_AUDIT.md","3192","0.003",".md","2026-08-20 17:06:21","True"
"phase17_v7\gateC8\20260820_genome_medicine_submission_package\04_GATE_C8_INTEGRITY_MANIFEST.csv","7687","0.0073",".csv","2026-08-20 17:06:21","True"
"phase17_v7\gateC8\20260820_genome_medicine_submission_package\05_GATE_C8_PACKAGE_STATUS.json","4256","0.0041",".json","2026-08-20 17:06:22","True"
"phase17_v7\gateC8\20260820_genome_medicine_submission_package\references\crossref_raw_gateC8.json","409446","0.3905",".json","2026-08-20 16:39:50","True"
"phase17_v7\gateC8\20260820_genome_medicine_submission_package\references\reference_verification_gateC8.csv","2500","0.0024",".csv","2026-08-20 16:39:50","True"
"phase17_v7\gateC8\20260820_genome_medicine_submission_package\references\reference_verification_gateC8.md","1148","0.0011",".md","2026-08-20 16:39:50","True"
"phase17_v7\gateC8\20260820_genome_medicine_submission_package\references\references_gateC8_vancouver.md","2939","0.0028",".md","2026-08-20 16:39:50","True"
"phase17_v7\gateC8B\20260821_editorial_literature_preflight\01_FIGURE_BUILD_STATUS.json","435","0.0004",".json","2026-08-21 01:59:22","True"
"phase17_v7\gateC8B\20260821_editorial_literature_preflight\01_GATE_C8B_REFERENCE_STATUS.json","276","0.0003",".json","2026-08-21 01:51:11","True"
"phase17_v7\gateC8B\20260821_editorial_literature_preflight\02_PANEL_DATA_ASSERTIONS.json","6186","0.0059",".json","2026-08-21 01:59:22","True"
"phase17_v7\gateC8B\20260821_editorial_literature_preflight\03_GATE_C8B_SOURCE_BUILD_STATUS.json","1125","0.0011",".json","2026-08-21 01:50:13","True"
"phase17_v7\gateC8B\20260821_editorial_literature_preflight\04_GATE_C8B_DOCUMENT_BUILD_STATUS.json","2374","0.0023",".json","2026-08-21 01:54:49","True"
"phase17_v7\gateC8B\20260821_editorial_literature_preflight\05_GATE_C8B_FINAL_AUDIT.json","3738","0.0036",".json","2026-08-21 01:59:43","True"
"phase17_v7\gateC8B\20260821_editorial_literature_preflight\05_GATE_C8B_FINAL_AUDIT.md","3013","0.0029",".md","2026-08-21 01:59:43","True"
"phase17_v7\gateC8B\20260821_editorial_literature_preflight\06_GATE_C8B_INTEGRITY_MANIFEST.csv","14623","0.0139",".csv","2026-08-21 01:59:43","True"
"phase17_v7\gateC8B\20260821_editorial_literature_preflight\07_GATE_C8B_PACKAGE_STATUS.json","4123","0.0039",".json","2026-08-21 01:59:47","True"
"phase17_v7\gateC8B\20260821_editorial_literature_preflight\figures\Figure1_disease_blind_identity_scope.pdf","60977","0.0582",".pdf","2026-08-21 00:58:41","True"
"phase17_v7\gateC8B\20260821_editorial_literature_preflight\figures\Figure1_disease_blind_identity_scope.png","523356","0.4991",".png","2026-08-21 00:58:44","True"
"phase17_v7\gateC8B\20260821_editorial_literature_preflight\figures\Figure2_sample_level_composition.pdf","49848","0.0475",".pdf","2026-08-21 00:58:47","True"
"phase17_v7\gateC8B\20260821_editorial_literature_preflight\figures\Figure2_sample_level_composition.png","454608","0.4335",".png","2026-08-21 00:58:49","True"
"phase17_v7\gateC8B\20260821_editorial_literature_preflight\figures\Figure3_gse174188_bconv_transcription.pdf","55135","0.0526",".pdf","2026-08-21 00:58:54","True"
"phase17_v7\gateC8B\20260821_editorial_literature_preflight\figures\Figure3_gse174188_bconv_transcription.png","452040","0.4311",".png","2026-08-21 00:58:55","True"
"phase17_v7\gateC8B\20260821_editorial_literature_preflight\figures\Figure4_independent_ifn_replication.pdf","56820","0.0542",".pdf","2026-08-21 00:59:00","True"
"phase17_v7\gateC8B\20260821_editorial_literature_preflight\figures\Figure4_independent_ifn_replication.png","628446","0.5993",".png","2026-08-21 00:59:03","True"
"phase17_v7\gateC8B\20260821_editorial_literature_preflight\figures\Figure5_regulatory_evidence.pdf","54056","0.0516",".pdf","2026-08-21 01:59:21","True"
"phase17_v7\gateC8B\20260821_editorial_literature_preflight\figures\Figure5_regulatory_evidence.png","594965","0.5674",".png","2026-08-21 01:59:22","True"
"phase17_v7\gateC8B\20260821_editorial_literature_preflight\references\crossref_raw_gateC8B.json","858301","0.8185",".json","2026-08-21 01:51:11","True"
"phase17_v7\gateC8B\20260821_editorial_literature_preflight\references\reference_verification_gateC8B.csv","5456","0.0052",".csv","2026-08-21 01:51:11","True"
"phase17_v7\gateC8B\20260821_editorial_literature_preflight\references\reference_verification_gateC8B.md","2043","0.0019",".md","2026-08-21 01:51:11","True"
"phase17_v7\gateC8B\20260821_editorial_literature_preflight\references\references_gateC8B_vancouver.md","6466","0.0062",".md","2026-08-21 01:51:11","True"
"phase17_v7\gateC8B\20260821_editorial_literature_preflight\source_data\Figure1_source_data.csv","3652","0.0035",".csv","2026-08-21 00:58:37","True"
"phase17_v7\gateC8B\20260821_editorial_literature_preflight\source_data\Figure2_source_data.csv","33705","0.0321",".csv","2026-08-21 00:58:44","True"
"phase17_v7\gateC8B\20260821_editorial_literature_preflight\source_data\Figure3_source_data.csv","8333","0.0079",".csv","2026-08-21 00:58:49","True"
"phase17_v7\gateC8B\20260821_editorial_literature_preflight\source_data\Figure4_source_data.csv","500362","0.4772",".csv","2026-08-21 00:58:56","True"
"phase17_v7\gateC8B\20260821_editorial_literature_preflight\source_data\Figure5_source_data.csv","4162","0.004",".csv","2026-08-21 01:59:20","True"
"phase17_v7\gateC8BR\20260825_release_portability_preflight\_runtime_smoke\docx_smoke.docx","36652","0.035",".docx","2026-08-25 03:14:10","False"
"phase17_v7\gateC8BR\20260825_release_portability_preflight\_runtime_smoke\savefig_smoke.pdf","14214","0.0136",".pdf","2026-08-25 03:14:10","False"
"phase17_v7\gateC8BR\20260825_release_portability_preflight\_runtime_smoke\savefig_smoke.png","26227","0.025",".png","2026-08-25 03:14:10","False"
"phase17_v7\gateC8BR\20260825_release_portability_preflight\00_GATE_C8BR_RELEASE_RUNTIME_STATUS.json","867","0.0008",".json","2026-08-25 03:14:10","True"
"phase17_v7\gateC8BR\20260825_release_portability_preflight\01_FIGURE_BUILD_STATUS.json","1659","0.0016",".json","2026-08-25 02:17:57","True"
"phase17_v7\gateC8BR\20260825_release_portability_preflight\01_GATE_C8BR_REFERENCE_STATUS.json","475","0.0005",".json","2026-08-25 02:17:46","True"
"phase17_v7\gateC8BR\20260825_release_portability_preflight\02_PANEL_DATA_ASSERTIONS.json","6186","0.0059",".json","2026-08-25 02:17:57","True"
"phase17_v7\gateC8BR\20260825_release_portability_preflight\03_GATE_C8BR_SOURCE_BUILD_STATUS.json","1302","0.0012",".json","2026-08-25 02:30:11","True"
"phase17_v7\gateC8BR\20260825_release_portability_preflight\04_GATE_C8BR_DOCUMENT_BUILD_STATUS.json","2459","0.0023",".json","2026-08-25 02:30:12","True"
"phase17_v7\gateC8BR\20260825_release_portability_preflight\05_GATE_C8BR_FINAL_AUDIT.json","4395","0.0042",".json","2026-08-25 02:30:58","True"
"phase17_v7\gateC8BR\20260825_release_portability_preflight\05_GATE_C8BR_FINAL_AUDIT.md","3485","0.0033",".md","2026-08-25 02:30:58","True"
"phase17_v7\gateC8BR\20260825_release_portability_preflight\06_GATE_C8BR_INTEGRITY_MANIFEST.csv","14579","0.0139",".csv","2026-08-25 02:30:58","True"
"phase17_v7\gateC8BR\20260825_release_portability_preflight\07_GATE_C8BR_PACKAGE_STATUS.json","4791","0.0046",".json","2026-08-25 02:31:03","True"
"phase17_v7\gateC8BR\20260825_release_portability_preflight\figures\Figure1_disease_blind_identity_scope.pdf","60977","0.0582",".pdf","2026-08-21 00:58:41","True"
"phase17_v7\gateC8BR\20260825_release_portability_preflight\figures\Figure1_disease_blind_identity_scope.png","523356","0.4991",".png","2026-08-21 00:58:44","True"
"phase17_v7\gateC8BR\20260825_release_portability_preflight\figures\Figure2_sample_level_composition.pdf","49848","0.0475",".pdf","2026-08-21 00:58:47","True"
"phase17_v7\gateC8BR\20260825_release_portability_preflight\figures\Figure2_sample_level_composition.png","454608","0.4335",".png","2026-08-21 00:58:49","True"
"phase17_v7\gateC8BR\20260825_release_portability_preflight\figures\Figure3_gse174188_bconv_transcription.pdf","55135","0.0526",".pdf","2026-08-21 00:58:54","True"
"phase17_v7\gateC8BR\20260825_release_portability_preflight\figures\Figure3_gse174188_bconv_transcription.png","452040","0.4311",".png","2026-08-21 00:58:55","True"
"phase17_v7\gateC8BR\20260825_release_portability_preflight\figures\Figure4_independent_ifn_replication.pdf","56820","0.0542",".pdf","2026-08-21 00:59:00","True"
"phase17_v7\gateC8BR\20260825_release_portability_preflight\figures\Figure4_independent_ifn_replication.png","628446","0.5993",".png","2026-08-21 00:59:03","True"
"phase17_v7\gateC8BR\20260825_release_portability_preflight\figures\Figure5_regulatory_evidence.pdf","53706","0.0512",".pdf","2026-08-25 02:17:54","True"
"phase17_v7\gateC8BR\20260825_release_portability_preflight\figures\Figure5_regulatory_evidence.png","635997","0.6065",".png","2026-08-25 02:17:57","True"
"phase17_v7\gateC8BR\20260825_release_portability_preflight\references\crossref_raw_gateC8BR.json","888631","0.8475",".json","2026-08-25 02:17:46","True"
"phase17_v7\gateC8BR\20260825_release_portability_preflight\references\reference_verification_gateC8BR.csv","5699","0.0054",".csv","2026-08-25 02:17:46","True"
"phase17_v7\gateC8BR\20260825_release_portability_preflight\references\reference_verification_gateC8BR.md","2293","0.0022",".md","2026-08-25 02:17:46","True"
"phase17_v7\gateC8BR\20260825_release_portability_preflight\references\references_gateC8BR_vancouver.md","6725","0.0064",".md","2026-08-25 02:17:46","True"
"phase17_v7\gateC8BR\20260825_release_portability_preflight\source_data\Figure1_source_data.csv","3652","0.0035",".csv","2026-08-21 00:58:37","True"
"phase17_v7\gateC8BR\20260825_release_portability_preflight\source_data\Figure2_source_data.csv","33705","0.0321",".csv","2026-08-21 00:58:44","True"
"phase17_v7\gateC8BR\20260825_release_portability_preflight\source_data\Figure3_source_data.csv","8333","0.0079",".csv","2026-08-21 00:58:49","True"
"phase17_v7\gateC8BR\20260825_release_portability_preflight\source_data\Figure4_source_data.csv","500362","0.4772",".csv","2026-08-21 00:58:56","True"
"phase17_v7\gateC8BR\20260825_release_portability_preflight\source_data\Figure5_source_data.csv","4162","0.004",".csv","2026-08-25 02:17:50","True"
"phase17_v7\gateC8BRF\20260825_author_release\00_FIGURE1_PUBLICATION_SOURCE_PROVENANCE.json","1059","0.001",".json","2026-08-27 10:36:56","True"
"phase17_v7\gateC8BRF\20260825_author_release\00_GATE_C8BR_RELEASE_RUNTIME_STATUS.json","867","0.0008",".json","2026-08-25 04:48:51","True"
"phase17_v7\gateC8BRF\20260825_author_release\01_FIGURE_BUILD_STATUS.json","2042","0.0019",".json","2026-08-27 10:36:56","True"
"phase17_v7\gateC8BRF\20260825_author_release\02_PANEL_DATA_ASSERTIONS.json","6186","0.0059",".json","2026-08-27 10:36:56","True"
"phase17_v7\gateC8BRF\20260825_author_release\03_FIGURE2_UUID_GOVERNANCE.json","1555","0.0015",".json","2026-08-27 10:44:16","True"
"phase17_v7\gateC8BRF\20260825_author_release\03_FIGURE2_UUID_GOVERNANCE.md","990","0.0009",".md","2026-08-27 10:44:16","True"
"phase17_v7\gateC8BRF\20260825_author_release\04_SOURCE_BUILD_STATUS.json","929","0.0009",".json","2026-08-27 10:44:16","True"
"phase17_v7\gateC8BRF\20260825_author_release\05_DOCUMENT_BUILD_STATUS.json","2810","0.0027",".json","2026-08-27 10:44:18","True"
"phase17_v7\gateC8BRF\20260825_author_release\06_GATE_C8BRF_FINAL_AUDIT.json","4892","0.0047",".json","2026-08-27 10:44:54","True"
"phase17_v7\gateC8BRF\20260825_author_release\06_GATE_C8BRF_FINAL_AUDIT.md","1481","0.0014",".md","2026-08-27 10:44:54","True"
"phase17_v7\gateC8BRF\20260825_author_release\07_GATE_C8BRF_PACKAGE_STATUS.json","354","0.0003",".json","2026-08-27 10:44:54","True"
"phase17_v7\gateC8BRF\20260825_author_release\08_VISUAL_QA_STATUS.json","711","0.0007",".json","2026-08-25 04:53:45","True"
"phase17_v7\gateC8BRF\20260825_author_release\08_VISUAL_QA_STATUS.md","832","0.0008",".md","2026-08-25 04:53:45","True"
"phase17_v7\gateC8BRF\20260825_author_release\09_PUBLIC_RELEASE_STATUS.json","2635","0.0025",".json","2026-08-25 05:16:37","True"
"phase17_v7\gateC8BRF\20260825_author_release\09_PUBLIC_RELEASE_STATUS.md","860","0.0008",".md","2026-08-25 05:16:37","True"
"phase17_v7\gateC8BRF\20260825_author_release\figures\Figure1_disease_blind_identity_scope.pdf","58256","0.0556",".pdf","2026-08-27 10:36:48","True"
"phase17_v7\gateC8BRF\20260825_author_release\figures\Figure1_disease_blind_identity_scope.png","638620","0.609",".png","2026-08-27 10:36:48","True"
"phase17_v7\gateC8BRF\20260825_author_release\figures\Figure2_sample_level_composition.pdf","49303","0.047",".pdf","2026-08-27 10:36:49","True"
"phase17_v7\gateC8BRF\20260825_author_release\figures\Figure2_sample_level_composition.png","471529","0.4497",".png","2026-08-27 10:36:50","True"
"phase17_v7\gateC8BRF\20260825_author_release\figures\Figure3_gse174188_bconv_transcription.pdf","54202","0.0517",".pdf","2026-08-27 10:36:51","True"
"phase17_v7\gateC8BRF\20260825_author_release\figures\Figure3_gse174188_bconv_transcription.png","457009","0.4358",".png","2026-08-27 10:36:52","True"
"phase17_v7\gateC8BRF\20260825_author_release\figures\Figure4_independent_ifn_replication.pdf","54815","0.0523",".pdf","2026-08-27 10:36:53","True"
"phase17_v7\gateC8BRF\20260825_author_release\figures\Figure4_independent_ifn_replication.png","604889","0.5769",".png","2026-08-27 10:36:54","True"
"phase17_v7\gateC8BRF\20260825_author_release\figures\Figure5_regulatory_evidence.pdf","63040","0.0601",".pdf","2026-08-27 10:36:55","True"
"phase17_v7\gateC8BRF\20260825_author_release\figures\Figure5_regulatory_evidence.png","751098","0.7163",".png","2026-08-27 10:36:56","True"
"phase17_v7\gateC8BRF\20260825_author_release\source_data\Figure1_source_data.csv","3481","0.0033",".csv","2026-08-27 10:36:47","True"
"phase17_v7\gateC8BRF\20260825_author_release\source_data\Figure2_source_data.csv","33705","0.0321",".csv","2026-08-27 10:36:48","True"
"phase17_v7\gateC8BRF\20260825_author_release\source_data\Figure3_source_data.csv","8333","0.0079",".csv","2026-08-27 10:36:50","True"
"phase17_v7\gateC8BRF\20260825_author_release\source_data\Figure4_source_data.csv","500362","0.4772",".csv","2026-08-27 10:36:52","True"
"phase17_v7\gateC8BRF\20260825_author_release\source_data\Figure5_source_data.csv","4162","0.004",".csv","2026-08-27 10:36:54","True"
"phase17_v7\gateC8BRP\20260825_journal_facing_prefreeze\_runtime_smoke\docx_smoke.docx","36652","0.035",".docx","2026-08-25 03:25:05","False"
"phase17_v7\gateC8BRP\20260825_journal_facing_prefreeze\_runtime_smoke\savefig_smoke.pdf","14214","0.0136",".pdf","2026-08-25 03:25:05","False"
"phase17_v7\gateC8BRP\20260825_journal_facing_prefreeze\_runtime_smoke\savefig_smoke.png","26227","0.025",".png","2026-08-25 03:25:05","False"
"phase17_v7\gateC8BRP\20260825_journal_facing_prefreeze\00_GATE_C8BR_RELEASE_RUNTIME_STATUS.json","867","0.0008",".json","2026-08-25 03:25:05","True"
"phase17_v7\gateC8BRP\20260825_journal_facing_prefreeze\01_FIGURE_BUILD_STATUS.json","1162","0.0011",".json","2026-08-25 03:25:22","True"
"phase17_v7\gateC8BRP\20260825_journal_facing_prefreeze\01_GATE_C8BRP_REFERENCE_STATUS.json","266","0.0003",".json","2026-08-25 03:34:10","True"
"phase17_v7\gateC8BRP\20260825_journal_facing_prefreeze\02_PANEL_DATA_ASSERTIONS.json","6186","0.0059",".json","2026-08-25 03:25:22","True"
"phase17_v7\gateC8BRP\20260825_journal_facing_prefreeze\03_GATE_C8BRP_SOURCE_BUILD_STATUS.json","1319","0.0013",".json","2026-08-25 03:34:10","True"
"phase17_v7\gateC8BRP\20260825_journal_facing_prefreeze\04_GATE_C8BRP_DOCUMENT_BUILD_STATUS.json","2350","0.0022",".json","2026-08-25 03:34:14","True"
"phase17_v7\gateC8BRP\20260825_journal_facing_prefreeze\05_GATE_C8BRP_FINAL_AUDIT.json","4603","0.0044",".json","2026-08-25 03:35:12","True"
"phase17_v7\gateC8BRP\20260825_journal_facing_prefreeze\05_GATE_C8BRP_FINAL_AUDIT.md","3631","0.0035",".md","2026-08-25 03:35:12","True"
"phase17_v7\gateC8BRP\20260825_journal_facing_prefreeze\06_GATE_C8BRP_INTEGRITY_MANIFEST.csv","17324","0.0165",".csv","2026-08-25 03:35:13","True"
"phase17_v7\gateC8BRP\20260825_journal_facing_prefreeze\07_GATE_C8BRP_PACKAGE_STATUS.json","4995","0.0048",".json","2026-08-25 03:35:20","True"
"phase17_v7\gateC8BRP\20260825_journal_facing_prefreeze\08_VISUAL_QA_STATUS.json","947","0.0009",".json","2026-08-25 03:31:05","True"
"phase17_v7\gateC8BRP\20260825_journal_facing_prefreeze\08_VISUAL_QA_STATUS.md","1001","0.001",".md","2026-08-25 03:31:05","True"
"phase17_v7\gateC8BRP\20260825_journal_facing_prefreeze\figures\Figure1_disease_blind_identity_scope.pdf","52560","0.0501",".pdf","2026-08-25 03:25:10","True"
"phase17_v7\gateC8BRP\20260825_journal_facing_prefreeze\figures\Figure1_disease_blind_identity_scope.png","589235","0.5619",".png","2026-08-25 03:25:11","True"
"phase17_v7\gateC8BRP\20260825_journal_facing_prefreeze\figures\Figure2_sample_level_composition.pdf","49848","0.0475",".pdf","2026-08-21 00:58:47","True"
"phase17_v7\gateC8BRP\20260825_journal_facing_prefreeze\figures\Figure2_sample_level_composition.png","454608","0.4335",".png","2026-08-21 00:58:49","True"
"phase17_v7\gateC8BRP\20260825_journal_facing_prefreeze\figures\Figure3_gse174188_bconv_transcription.pdf","55135","0.0526",".pdf","2026-08-21 00:58:54","True"
"phase17_v7\gateC8BRP\20260825_journal_facing_prefreeze\figures\Figure3_gse174188_bconv_transcription.png","452040","0.4311",".png","2026-08-21 00:58:55","True"
"phase17_v7\gateC8BRP\20260825_journal_facing_prefreeze\figures\Figure4_independent_ifn_replication.pdf","54957","0.0524",".pdf","2026-08-25 03:25:15","True"
"phase17_v7\gateC8BRP\20260825_journal_facing_prefreeze\figures\Figure4_independent_ifn_replication.png","636449","0.607",".png","2026-08-25 03:25:16","True"
"phase17_v7\gateC8BRP\20260825_journal_facing_prefreeze\figures\Figure5_regulatory_evidence.pdf","53706","0.0512",".pdf","2026-08-25 03:25:19","True"
"phase17_v7\gateC8BRP\20260825_journal_facing_prefreeze\figures\Figure5_regulatory_evidence.png","635997","0.6065",".png","2026-08-25 03:25:22","True"
"phase17_v7\gateC8BRP\20260825_journal_facing_prefreeze\references\crossref_raw_gateC8BR.json","888631","0.8475",".json","2026-08-25 02:17:46","True"
"phase17_v7\gateC8BRP\20260825_journal_facing_prefreeze\references\reference_verification_gateC8BR.csv","5699","0.0054",".csv","2026-08-25 02:17:46","True"
"phase17_v7\gateC8BRP\20260825_journal_facing_prefreeze\references\reference_verification_gateC8BR.md","2293","0.0022",".md","2026-08-25 02:17:46","True"
"phase17_v7\gateC8BRP\20260825_journal_facing_prefreeze\references\references_gateC8BR_vancouver.md","6725","0.0064",".md","2026-08-25 02:17:46","True"
"phase17_v7\gateC8BRP\20260825_journal_facing_prefreeze\source_data\Figure1_source_data.csv","3652","0.0035",".csv","2026-08-25 03:25:08","True"
"phase17_v7\gateC8BRP\20260825_journal_facing_prefreeze\source_data\Figure2_source_data.csv","33705","0.0321",".csv","2026-08-21 00:58:44","True"
"phase17_v7\gateC8BRP\20260825_journal_facing_prefreeze\source_data\Figure3_source_data.csv","8333","0.0079",".csv","2026-08-21 00:58:49","True"
"phase17_v7\gateC8BRP\20260825_journal_facing_prefreeze\source_data\Figure4_source_data.csv","500362","0.4772",".csv","2026-08-25 03:25:11","True"
"phase17_v7\gateC8BRP\20260825_journal_facing_prefreeze\source_data\Figure5_source_data.csv","4162","0.004",".csv","2026-08-25 03:25:16","True"
"phase17_v7\gateC8BRP\20260825_journal_facing_prefreeze\visual_qa\cover_page_01.png","767373","0.7318",".png","2026-08-25 03:28:43","False"
"phase17_v7\gateC8BRP\20260825_journal_facing_prefreeze\visual_qa\main_pages_01_08.png","1935619","1.846",".png","2026-08-25 03:28:23","False"
"phase17_v7\gateC8BRP\20260825_journal_facing_prefreeze\visual_qa\main_pages_09_16.png","1986539","1.8945",".png","2026-08-25 03:28:28","False"
"phase17_v7\gateC8BRP\20260825_journal_facing_prefreeze\visual_qa\main_pages_17_24.png","4268762","4.071",".png","2026-08-25 03:28:33","False"
"phase17_v7\gateC8BRP\20260825_journal_facing_prefreeze\visual_qa\main_pages_25_28.png","809911","0.7724",".png","2026-08-25 03:28:36","False"
"phase17_v7\gateC8BRP\20260825_journal_facing_prefreeze\visual_qa\supp_pages_01_07.png","3309782","3.1565",".png","2026-08-25 03:28:39","False"
"phase17_v7\gateC8BRP\20260825_journal_facing_prefreeze\visual_qa\supp_pages_08_13.png","1681887","1.604",".png","2026-08-25 03:28:43","False"
"phase17_v7\gateC8R\20260820_pre_submission_repair\01_FIGURE_BUILD_STATUS.json","305","0.0003",".json","2026-08-20 18:21:45","True"
"phase17_v7\gateC8R\20260820_pre_submission_repair\02_PANEL_DATA_ASSERTIONS.json","5814","0.0055",".json","2026-08-20 18:21:45","True"
"phase17_v7\gateC8R\20260820_pre_submission_repair\03_CORRELATION_AWARE_STAT1_STAT2_SENSITIVITY.csv","2083","0.002",".csv","2026-08-20 18:21:53","True"
"phase17_v7\gateC8R\20260820_pre_submission_repair\04_CORRELATION_AWARE_STAT1_STAT2_DECISION.json","1389","0.0013",".json","2026-08-20 18:21:53","True"
"phase17_v7\gateC8R\20260820_pre_submission_repair\05_GATE_C8R_SOURCE_BUILD_STATUS.json","1008","0.001",".json","2026-08-20 18:21:54","True"
"phase17_v7\gateC8R\20260820_pre_submission_repair\06_GATE_C8R_DOCUMENT_BUILD_STATUS.json","1879","0.0018",".json","2026-08-20 18:21:54","True"
"phase17_v7\gateC8R\20260820_pre_submission_repair\07_GATE_C8R_FINAL_AUDIT.json","4917","0.0047",".json","2026-08-20 18:22:12","True"
"phase17_v7\gateC8R\20260820_pre_submission_repair\07_GATE_C8R_FINAL_AUDIT.md","3887","0.0037",".md","2026-08-20 18:22:12","True"
"phase17_v7\gateC8R\20260820_pre_submission_repair\08_GATE_C8R_INTEGRITY_MANIFEST.csv","9281","0.0089",".csv","2026-08-20 18:22:12","True"
"phase17_v7\gateC8R\20260820_pre_submission_repair\09_GATE_C8R_PACKAGE_STATUS.json","5209","0.005",".json","2026-08-20 18:22:14","True"
"phase17_v7\gateC8R\20260820_pre_submission_repair\figures\Figure1_disease_blind_identity_scope.pdf","60738","0.0579",".pdf","2026-08-20 18:21:35","True"
"phase17_v7\gateC8R\20260820_pre_submission_repair\figures\Figure1_disease_blind_identity_scope.png","524199","0.4999",".png","2026-08-20 18:21:36","True"
"phase17_v7\gateC8R\20260820_pre_submission_repair\figures\Figure2_sample_level_composition.pdf","49848","0.0475",".pdf","2026-08-20 18:21:37","True"
"phase17_v7\gateC8R\20260820_pre_submission_repair\figures\Figure2_sample_level_composition.png","454608","0.4335",".png","2026-08-20 18:21:38","True"
"phase17_v7\gateC8R\20260820_pre_submission_repair\figures\Figure3_gse174188_bconv_transcription.pdf","55055","0.0525",".pdf","2026-08-20 18:21:39","True"
"phase17_v7\gateC8R\20260820_pre_submission_repair\figures\Figure3_gse174188_bconv_transcription.png","454067","0.433",".png","2026-08-20 18:21:40","True"
"phase17_v7\gateC8R\20260820_pre_submission_repair\figures\Figure4_independent_ifn_replication.pdf","56820","0.0542",".pdf","2026-08-20 18:21:42","True"
"phase17_v7\gateC8R\20260820_pre_submission_repair\figures\Figure4_independent_ifn_replication.png","628446","0.5993",".png","2026-08-20 18:21:43","True"
"phase17_v7\gateC8R\20260820_pre_submission_repair\figures\Figure5_regulatory_evidence.pdf","54763","0.0522",".pdf","2026-08-20 18:21:44","True"
"phase17_v7\gateC8R\20260820_pre_submission_repair\figures\Figure5_regulatory_evidence.png","579776","0.5529",".png","2026-08-20 18:21:45","True"
"phase17_v7\gateC8R\20260820_pre_submission_repair\references\crossref_raw_gateC8R.json","827398","0.7891",".json","2026-08-20 17:57:43","True"
"phase17_v7\gateC8R\20260820_pre_submission_repair\references\reference_verification_gateC8R.csv","5145","0.0049",".csv","2026-08-20 17:57:43","True"
"phase17_v7\gateC8R\20260820_pre_submission_repair\references\reference_verification_gateC8R.md","1867","0.0018",".md","2026-08-20 17:57:43","True"
"phase17_v7\gateC8R\20260820_pre_submission_repair\references\references_gateC8R_vancouver.md","6114","0.0058",".md","2026-08-20 17:57:43","True"
"phase17_v7\gateC8R\20260820_pre_submission_repair\source_data\Figure1_source_data.csv","3652","0.0035",".csv","2026-08-20 18:21:34","True"
"phase17_v7\gateC8R\20260820_pre_submission_repair\source_data\Figure2_source_data.csv","33705","0.0321",".csv","2026-08-20 18:21:36","True"
"phase17_v7\gateC8R\20260820_pre_submission_repair\source_data\Figure3_source_data.csv","8333","0.0079",".csv","2026-08-20 18:21:38","True"
"phase17_v7\gateC8R\20260820_pre_submission_repair\source_data\Figure4_source_data.csv","500362","0.4772",".csv","2026-08-20 18:21:40","True"
"phase17_v7\gateC8R\20260820_pre_submission_repair\source_data\Figure5_source_data.csv","4194","0.004",".csv","2026-08-20 18:21:43","True"
"phase17_v7\gateC8S\20260821_supplementary_traceability_freeze\01_FIGURE_BUILD_STATUS.json","305","0.0003",".json","2026-08-21 00:59:10","True"
"phase17_v7\gateC8S\20260821_supplementary_traceability_freeze\02_PANEL_DATA_ASSERTIONS.json","6186","0.0059",".json","2026-08-21 00:59:10","True"
"phase17_v7\gateC8S\20260821_supplementary_traceability_freeze\03_SUPPLEMENTARY_PANEL_DATA_ASSERTIONS.json","3864","0.0037",".json","2026-08-21 00:59:54","True"
"phase17_v7\gateC8S\20260821_supplementary_traceability_freeze\04_SUPPLEMENTARY_FIGURE_BUILD_STATUS.json","354","0.0003",".json","2026-08-21 00:59:54","True"
"phase17_v7\gateC8S\20260821_supplementary_traceability_freeze\05_FULL_STATISTICAL_RESULTS_STATUS.json","553","0.0005",".json","2026-08-21 00:59:57","True"
"phase17_v7\gateC8S\20260821_supplementary_traceability_freeze\06_GATE_C8S_SOURCE_BUILD_STATUS.json","944","0.0009",".json","2026-08-21 00:59:57","True"
"phase17_v7\gateC8S\20260821_supplementary_traceability_freeze\07_GATE_C8S_DOCUMENT_BUILD_STATUS.json","2185","0.0021",".json","2026-08-21 00:59:59","True"
"phase17_v7\gateC8S\20260821_supplementary_traceability_freeze\08_GATE_C8S_FINAL_AUDIT.json","3816","0.0036",".json","2026-08-21 01:00:36","True"
"phase17_v7\gateC8S\20260821_supplementary_traceability_freeze\08_GATE_C8S_FINAL_AUDIT.md","3117","0.003",".md","2026-08-21 01:00:36","True"
"phase17_v7\gateC8S\20260821_supplementary_traceability_freeze\09_GATE_C8S_INTEGRITY_MANIFEST.csv","13802","0.0132",".csv","2026-08-21 01:00:37","True"
"phase17_v7\gateC8S\20260821_supplementary_traceability_freeze\10_GATE_C8S_PACKAGE_STATUS.json","4109","0.0039",".json","2026-08-21 01:00:41","True"
"phase17_v7\gateC8S\20260821_supplementary_traceability_freeze\Additional_file_4_Full_Statistical_Results_GateC8S.zip","8314122","7.929",".zip","2026-08-21 00:59:56","False"
"phase17_v7\gateC8S\20260821_supplementary_traceability_freeze\figures\Figure1_disease_blind_identity_scope.pdf","60977","0.0582",".pdf","2026-08-21 00:58:41","True"
"phase17_v7\gateC8S\20260821_supplementary_traceability_freeze\figures\Figure1_disease_blind_identity_scope.png","523356","0.4991",".png","2026-08-21 00:58:44","True"
"phase17_v7\gateC8S\20260821_supplementary_traceability_freeze\figures\Figure2_sample_level_composition.pdf","49848","0.0475",".pdf","2026-08-21 00:58:47","True"
"phase17_v7\gateC8S\20260821_supplementary_traceability_freeze\figures\Figure2_sample_level_composition.png","454608","0.4335",".png","2026-08-21 00:58:49","True"
"phase17_v7\gateC8S\20260821_supplementary_traceability_freeze\figures\Figure3_gse174188_bconv_transcription.pdf","55135","0.0526",".pdf","2026-08-21 00:58:54","True"
"phase17_v7\gateC8S\20260821_supplementary_traceability_freeze\figures\Figure3_gse174188_bconv_transcription.png","452040","0.4311",".png","2026-08-21 00:58:55","True"
"phase17_v7\gateC8S\20260821_supplementary_traceability_freeze\figures\Figure4_independent_ifn_replication.pdf","56820","0.0542",".pdf","2026-08-21 00:59:00","True"
"phase17_v7\gateC8S\20260821_supplementary_traceability_freeze\figures\Figure4_independent_ifn_replication.png","628446","0.5993",".png","2026-08-21 00:59:03","True"
"phase17_v7\gateC8S\20260821_supplementary_traceability_freeze\figures\Figure5_regulatory_evidence.pdf","54763","0.0522",".pdf","2026-08-21 00:59:08","True"
"phase17_v7\gateC8S\20260821_supplementary_traceability_freeze\figures\Figure5_regulatory_evidence.png","579776","0.5529",".png","2026-08-21 00:59:10","True"
"phase17_v7\gateC8S\20260821_supplementary_traceability_freeze\full_statistical_results\composition\01_base_model_coefficients.csv","3478","0.0033",".csv","2026-08-15 14:36:58","True"
"phase17_v7\gateC8S\20260821_supplementary_traceability_freeze\full_statistical_results\composition\02_base_and_nonoverlap_contrasts.csv","1966","0.0019",".csv","2026-08-15 14:36:58","True"
"phase17_v7\gateC8S\20260821_supplementary_traceability_freeze\full_statistical_results\composition\03_adjusted_predictions.csv","1479","0.0014",".csv","2026-08-15 14:36:58","True"
"phase17_v7\gateC8S\20260821_supplementary_traceability_freeze\full_statistical_results\composition\04_mandatory_sensitivity_contrasts.csv","4127","0.0039",".csv","2026-08-15 14:36:58","True"
"phase17_v7\gateC8S\20260821_supplementary_traceability_freeze\full_statistical_results\composition\05_two_part_sensitivity.csv","1497","0.0014",".csv","2026-08-15 14:36:58","True"
"phase17_v7\gateC8S\20260821_supplementary_traceability_freeze\full_statistical_results\composition\06_primary_leave_one_out.csv","13637","0.013",".csv","2026-08-15 14:36:58","True"
"phase17_v7\gateC8S\20260821_supplementary_traceability_freeze\full_statistical_results\composition\07_replication_overlap_audit.csv","187","0.0002",".csv","2026-08-15 14:36:58","True"
"phase17_v7\gateC8S\20260821_supplementary_traceability_freeze\full_statistical_results\composition\08_model_diagnostics.csv","6885","0.0066",".csv","2026-08-15 14:36:58","True"
"phase17_v7\gateC8S\20260821_supplementary_traceability_freeze\full_statistical_results\gene_level_results\GSE135779\adult_min50_gene_results.csv.gz","691459","0.6594",".gz","2026-08-15 17:23:54","False"
"phase17_v7\gateC8S\20260821_supplementary_traceability_freeze\full_statistical_results\gene_level_results\GSE135779\childhood_min50_gene_results.csv.gz","818557","0.7806",".gz","2026-08-15 17:23:34","False"
"phase17_v7\gateC8S\20260821_supplementary_traceability_freeze\full_statistical_results\gene_level_results\GSE135779\combined_min100_gene_results.csv.gz","832639","0.7941",".gz","2026-08-15 17:24:19","False"
"phase17_v7\gateC8S\20260821_supplementary_traceability_freeze\full_statistical_results\gene_level_results\GSE135779\combined_min20_gene_results.csv.gz","817635","0.7798",".gz","2026-08-15 17:24:09","False"
"phase17_v7\gateC8S\20260821_supplementary_traceability_freeze\full_statistical_results\gene_level_results\GSE135779\combined_min50_gene_results.csv.gz","825167","0.7869",".gz","2026-08-15 17:23:50","False"
"phase17_v7\gateC8S\20260821_supplementary_traceability_freeze\full_statistical_results\gene_level_results\GSE174188\flare_full_gene_results.csv.gz","713119","0.6801",".gz","2026-08-15 15:52:54","False"
"phase17_v7\gateC8S\20260821_supplementary_traceability_freeze\full_statistical_results\gene_level_results\GSE174188\primary_base_gene_results.csv.gz","549643","0.5242",".gz","2026-08-15 15:51:57","False"
"phase17_v7\gateC8S\20260821_supplementary_traceability_freeze\full_statistical_results\gene_level_results\GSE174188\primary_min100_gene_results.csv.gz","555670","0.5299",".gz","2026-08-15 15:52:23","False"
"phase17_v7\gateC8S\20260821_supplementary_traceability_freeze\full_statistical_results\gene_level_results\GSE174188\primary_min20_gene_results.csv.gz","532055","0.5074",".gz","2026-08-15 15:52:10","False"
"phase17_v7\gateC8S\20260821_supplementary_traceability_freeze\full_statistical_results\gene_level_results\GSE174188\primary_residual_risk_negative_gene_results.csv.gz","559341","0.5334",".gz","2026-08-15 15:52:32","False"
"phase17_v7\gateC8S\20260821_supplementary_traceability_freeze\full_statistical_results\gene_level_results\GSE174188\validation_full_gene_results.csv.gz","635186","0.6058",".gz","2026-08-15 15:52:41","False"
"phase17_v7\gateC8S\20260821_supplementary_traceability_freeze\full_statistical_results\gene_level_results\GSE174188\validation_nonoverlap_gene_results.csv.gz","634719","0.6053",".gz","2026-08-15 15:52:48","False"
"phase17_v7\gateC8S\20260821_supplementary_traceability_freeze\full_statistical_results\MANIFEST_SHA256.csv","8031","0.0077",".csv","2026-08-21 00:59:56","True"
"phase17_v7\gateC8S\20260821_supplementary_traceability_freeze\full_statistical_results\README_FULL_STATISTICAL_RESULTS.md","2038","0.0019",".md","2026-08-21 00:59:56","True"
"phase17_v7\gateC8S\20260821_supplementary_traceability_freeze\full_statistical_results\regulatory_and_orthogonal\01_CONFIRMATORY_REGULATOR_RESULTS.csv","6168","0.0059",".csv","2026-08-15 18:15:39","True"
"phase17_v7\gateC8S\20260821_supplementary_traceability_freeze\full_statistical_results\regulatory_and_orthogonal\02_IFN_TARGET_INFLUENCE_SUMMARY.csv","1614","0.0015",".csv","2026-08-15 18:15:39","True"
"phase17_v7\gateC8S\20260821_supplementary_traceability_freeze\full_statistical_results\regulatory_and_orthogonal\03_CORRELATION_AWARE_STAT1_STAT2_SENSITIVITY.csv","2083","0.002",".csv","2026-08-20 18:21:53","True"
"phase17_v7\gateC8S\20260821_supplementary_traceability_freeze\full_statistical_results\regulatory_and_orthogonal\03_IFN_TARGET_LEAVE_ONE_OUT.csv","28339","0.027",".csv","2026-08-15 18:15:39","True"
"phase17_v7\gateC8S\20260821_supplementary_traceability_freeze\full_statistical_results\regulatory_and_orthogonal\04_CORRELATION_AWARE_STAT1_STAT2_DECISION.json","1389","0.0013",".json","2026-08-20 18:21:53","True"
"phase17_v7\gateC8S\20260821_supplementary_traceability_freeze\full_statistical_results\regulatory_and_orthogonal\04_IFN_TARGET_RESAMPLING.csv","74964","0.0715",".csv","2026-08-15 18:15:39","True"
"phase17_v7\gateC8S\20260821_supplementary_traceability_freeze\full_statistical_results\regulatory_and_orthogonal\05_SUPPORTIVE_SENSITIVITY_REGULATOR_RESULTS.csv","17510","0.0167",".csv","2026-08-15 18:15:39","True"
"phase17_v7\gateC8S\20260821_supplementary_traceability_freeze\full_statistical_results\regulatory_and_orthogonal\18_GSE23307_LOG2P1_DONOR_PROGRAM_EFFECTS.csv","316","0.0003",".csv","2026-08-15 18:21:23","True"
"phase17_v7\gateC8S\20260821_supplementary_traceability_freeze\full_statistical_results\regulatory_and_orthogonal\19_MSIGDB_M5911_PRERANKED_GSEA.csv","1495","0.0014",".csv","2026-08-15 18:21:23","True"
"phase17_v7\gateC8S\20260821_supplementary_traceability_freeze\full_statistical_results\sanitized_design_matrices\GSE135779_adult_min50_design.csv","1258","0.0012",".csv","2026-08-21 00:59:56","True"
"phase17_v7\gateC8S\20260821_supplementary_traceability_freeze\full_statistical_results\sanitized_design_matrices\GSE135779_childhood_min50_design.csv","4648","0.0044",".csv","2026-08-21 00:59:56","True"
"phase17_v7\gateC8S\20260821_supplementary_traceability_freeze\full_statistical_results\sanitized_design_matrices\GSE135779_combined_min100_design.csv","5947","0.0057",".csv","2026-08-21 00:59:56","True"
"phase17_v7\gateC8S\20260821_supplementary_traceability_freeze\full_statistical_results\sanitized_design_matrices\GSE135779_combined_min20_design.csv","6364","0.0061",".csv","2026-08-21 00:59:56","True"
"phase17_v7\gateC8S\20260821_supplementary_traceability_freeze\full_statistical_results\sanitized_design_matrices\GSE135779_combined_min50_design.csv","6156","0.0059",".csv","2026-08-21 00:59:56","True"
"phase17_v7\gateC8S\20260821_supplementary_traceability_freeze\full_statistical_results\sanitized_design_matrices\GSE174188_flare_full_design.csv","3941","0.0038",".csv","2026-08-21 00:59:56","True"
"phase17_v7\gateC8S\20260821_supplementary_traceability_freeze\full_statistical_results\sanitized_design_matrices\GSE174188_primary_base_design.csv","8727","0.0083",".csv","2026-08-21 00:59:56","True"
"phase17_v7\gateC8S\20260821_supplementary_traceability_freeze\full_statistical_results\sanitized_design_matrices\GSE174188_primary_min100_design.csv","9934","0.0095",".csv","2026-08-21 00:59:56","True"
"phase17_v7\gateC8S\20260821_supplementary_traceability_freeze\full_statistical_results\sanitized_design_matrices\GSE174188_primary_min20_design.csv","10580","0.0101",".csv","2026-08-21 00:59:56","True"
"phase17_v7\gateC8S\20260821_supplementary_traceability_freeze\full_statistical_results\sanitized_design_matrices\GSE174188_primary_residual_risk_negative_design.csv","10328","0.0098",".csv","2026-08-21 00:59:56","True"
"phase17_v7\gateC8S\20260821_supplementary_traceability_freeze\full_statistical_results\sanitized_design_matrices\GSE174188_validation_full_design.csv","6813","0.0065",".csv","2026-08-21 00:59:56","True"
"phase17_v7\gateC8S\20260821_supplementary_traceability_freeze\full_statistical_results\sanitized_design_matrices\GSE174188_validation_nonoverlap_design.csv","6120","0.0058",".csv","2026-08-21 00:59:56","True"
"phase17_v7\gateC8S\20260821_supplementary_traceability_freeze\full_statistical_results\SOURCE_PROVENANCE.csv","13582","0.013",".csv","2026-08-21 00:59:56","True"
"phase17_v7\gateC8S\20260821_supplementary_traceability_freeze\full_statistical_results\statistical_framework\STATISTICAL_TEST_AND_MULTIPLICITY_MAP.csv","1787","0.0017",".csv","2026-08-21 00:59:56","True"
"phase17_v7\gateC8S\20260821_supplementary_traceability_freeze\full_statistical_results\transcription\GSE135779\05_MODEL_SUMMARY.csv","791","0.0008",".csv","2026-08-15 17:24:34","True"
"phase17_v7\gateC8S\20260821_supplementary_traceability_freeze\full_statistical_results\transcription\GSE135779\07_PROGRAM_RESULTS.csv","11981","0.0114",".csv","2026-08-15 17:24:34","True"
"phase17_v7\gateC8S\20260821_supplementary_traceability_freeze\full_statistical_results\transcription\GSE135779\08_PROGRAM_SAMPLE_SCORES.csv.gz","29046","0.0277",".gz","2026-08-15 17:24:20","False"
"phase17_v7\gateC8S\20260821_supplementary_traceability_freeze\full_statistical_results\transcription\GSE135779\09_FROZEN_PROGRAM_ARM_CAMERA.csv","9581","0.0091",".csv","2026-08-15 17:24:34","True"
"phase17_v7\gateC8S\20260821_supplementary_traceability_freeze\full_statistical_results\transcription\GSE135779\10_PRIMARY_PROGRAM_DONOR_LOO.csv","1642","0.0016",".csv","2026-08-15 17:24:34","True"
"phase17_v7\gateC8S\20260821_supplementary_traceability_freeze\full_statistical_results\transcription\GSE135779\11_PRIMARY_CONFIRMATORY_GENE_DONOR_LOO.csv","6362","0.0061",".csv","2026-08-15 17:24:34","True"
"phase17_v7\gateC8S\20260821_supplementary_traceability_freeze\full_statistical_results\transcription\GSE135779\12_SOURCE_LABEL_LOO_PROGRAM_RESULTS.csv","21300","0.0203",".csv","2026-08-15 17:24:34","True"
"phase17_v7\gateC8S\20260821_supplementary_traceability_freeze\full_statistical_results\transcription\GSE135779\13_EXTERNAL_GENE_EFFECT_CONCORDANCE.csv","578","0.0006",".csv","2026-08-15 17:24:34","True"
"phase17_v7\gateC8S\20260821_supplementary_traceability_freeze\full_statistical_results\transcription\GSE135779\14_PRIMARY_RANKED_QC_FAMILY_AUDIT.csv","147","0.0001",".csv","2026-08-15 17:24:34","True"
"phase17_v7\gateC8S\20260821_supplementary_traceability_freeze\full_statistical_results\transcription\GSE135779\16_CROSS_DATASET_IFN_GENE_EFFECTS.csv","3962","0.0038",".csv","2026-08-15 17:24:34","True"
"phase17_v7\gateC8S\20260821_supplementary_traceability_freeze\full_statistical_results\transcription\GSE135779\16_CROSS_DATASET_IFN_PROGRAM_EFFECTS.csv","777","0.0007",".csv","2026-08-15 17:24:34","True"
"phase17_v7\gateC8S\20260821_supplementary_traceability_freeze\full_statistical_results\transcription\GSE174188\05_MODEL_SUMMARY.csv","1132","0.0011",".csv","2026-08-15 15:52:54","True"
"phase17_v7\gateC8S\20260821_supplementary_traceability_freeze\full_statistical_results\transcription\GSE174188\07_PROGRAM_RESULTS.csv","16977","0.0162",".csv","2026-08-15 15:52:54","True"
"phase17_v7\gateC8S\20260821_supplementary_traceability_freeze\full_statistical_results\transcription\GSE174188\09_FROZEN_PROGRAM_ARM_CAMERA.csv","13666","0.013",".csv","2026-08-15 15:52:54","True"
"phase17_v7\gateC8S\20260821_supplementary_traceability_freeze\full_statistical_results\transcription\GSE174188\10_PRIMARY_PROGRAM_LOO.csv","1937","0.0018",".csv","2026-08-15 15:52:55","True"
"phase17_v7\gateC8S\20260821_supplementary_traceability_freeze\full_statistical_results\transcription\GSE174188\11_PRIMARY_CONFIRMATORY_GENE_LOO.csv","7698","0.0073",".csv","2026-08-15 15:52:55","True"
"phase17_v7\gateC8S\20260821_supplementary_traceability_freeze\full_statistical_results\transcription\GSE174188\12_CROSS_COHORT_EFFECT_CONCORDANCE.csv","625","0.0006",".csv","2026-08-15 15:52:59","True"
"phase17_v7\gateC8S\20260821_supplementary_traceability_freeze\full_statistical_results\transcription\GSE174188\13_PRIMARY_RANKED_QC_FAMILY_AUDIT.csv","158","0.0002",".csv","2026-08-15 15:52:59","True"
"phase17_v7\gateC8S\20260821_supplementary_traceability_freeze\source_data\Figure1_source_data.csv","3652","0.0035",".csv","2026-08-21 00:58:37","True"
"phase17_v7\gateC8S\20260821_supplementary_traceability_freeze\source_data\Figure2_source_data.csv","33705","0.0321",".csv","2026-08-21 00:58:44","True"
"phase17_v7\gateC8S\20260821_supplementary_traceability_freeze\source_data\Figure3_source_data.csv","8333","0.0079",".csv","2026-08-21 00:58:49","True"
"phase17_v7\gateC8S\20260821_supplementary_traceability_freeze\source_data\Figure4_source_data.csv","500362","0.4772",".csv","2026-08-21 00:58:56","True"
"phase17_v7\gateC8S\20260821_supplementary_traceability_freeze\source_data\Figure5_source_data.csv","4162","0.004",".csv","2026-08-21 00:59:03","True"
"phase17_v7\gateC8S\20260821_supplementary_traceability_freeze\supplementary_figures\Supplementary_Figure_S1_source_integrity_qc.pdf","51533","0.0491",".pdf","2026-08-21 00:59:18","True"
"phase17_v7\gateC8S\20260821_supplementary_traceability_freeze\supplementary_figures\Supplementary_Figure_S1_source_integrity_qc.png","551569","0.526",".png","2026-08-21 00:59:21","True"
"phase17_v7\gateC8S\20260821_supplementary_traceability_freeze\supplementary_figures\Supplementary_Figure_S2_representation_diagnostics.pdf","50861","0.0485",".pdf","2026-08-21 00:59:24","True"
"phase17_v7\gateC8S\20260821_supplementary_traceability_freeze\supplementary_figures\Supplementary_Figure_S2_representation_diagnostics.png","503738","0.4804",".png","2026-08-21 00:59:26","True"
"phase17_v7\gateC8S\20260821_supplementary_traceability_freeze\supplementary_figures\Supplementary_Figure_S3_identity_adjudication.pdf","51281","0.0489",".pdf","2026-08-21 00:59:30","True"
"phase17_v7\gateC8S\20260821_supplementary_traceability_freeze\supplementary_figures\Supplementary_Figure_S3_identity_adjudication.png","384518","0.3667",".png","2026-08-21 00:59:32","True"
"phase17_v7\gateC8S\20260821_supplementary_traceability_freeze\supplementary_figures\Supplementary_Figure_S4_composition_diagnostics.pdf","47952","0.0457",".pdf","2026-08-21 00:59:35","True"
"phase17_v7\gateC8S\20260821_supplementary_traceability_freeze\supplementary_figures\Supplementary_Figure_S4_composition_diagnostics.png","335514","0.32",".png","2026-08-21 00:59:37","True"
"phase17_v7\gateC8S\20260821_supplementary_traceability_freeze\supplementary_figures\Supplementary_Figure_S5_pseudobulk_diagnostics.pdf","51706","0.0493",".pdf","2026-08-21 00:59:40","True"
"phase17_v7\gateC8S\20260821_supplementary_traceability_freeze\supplementary_figures\Supplementary_Figure_S5_pseudobulk_diagnostics.png","492551","0.4697",".png","2026-08-21 00:59:43","True"
"phase17_v7\gateC8S\20260821_supplementary_traceability_freeze\supplementary_figures\Supplementary_Figure_S6_external_validation_diagnostics.pdf","48118","0.0459",".pdf","2026-08-21 00:59:46","True"
"phase17_v7\gateC8S\20260821_supplementary_traceability_freeze\supplementary_figures\Supplementary_Figure_S6_external_validation_diagnostics.png","391944","0.3738",".png","2026-08-21 00:59:47","True"
"phase17_v7\gateC8S\20260821_supplementary_traceability_freeze\supplementary_figures\Supplementary_Figure_S7_regulator_correlation_sensitivity.pdf","48444","0.0462",".pdf","2026-08-21 00:59:51","True"
"phase17_v7\gateC8S\20260821_supplementary_traceability_freeze\supplementary_figures\Supplementary_Figure_S7_regulator_correlation_sensitivity.png","589432","0.5621",".png","2026-08-21 00:59:54","True"
"phase17_v7\gateC8S\20260821_supplementary_traceability_freeze\supplementary_source_data\Supplementary_Figure_S1_source_data.csv","15014","0.0143",".csv","2026-08-21 00:59:15","True"
"phase17_v7\gateC8S\20260821_supplementary_traceability_freeze\supplementary_source_data\Supplementary_Figure_S2_source_data.csv","26506","0.0253",".csv","2026-08-21 00:59:21","True"
"phase17_v7\gateC8S\20260821_supplementary_traceability_freeze\supplementary_source_data\Supplementary_Figure_S3_source_data.csv","4375","0.0042",".csv","2026-08-21 00:59:26","True"
"phase17_v7\gateC8S\20260821_supplementary_traceability_freeze\supplementary_source_data\Supplementary_Figure_S4_source_data.csv","5599","0.0053",".csv","2026-08-21 00:59:32","True"
"phase17_v7\gateC8S\20260821_supplementary_traceability_freeze\supplementary_source_data\Supplementary_Figure_S5_source_data.csv","4113","0.0039",".csv","2026-08-21 00:59:37","True"
"phase17_v7\gateC8S\20260821_supplementary_traceability_freeze\supplementary_source_data\Supplementary_Figure_S6_source_data.csv","6249","0.006",".csv","2026-08-21 00:59:43","True"
"phase17_v7\gateC8S\20260821_supplementary_traceability_freeze\supplementary_source_data\Supplementary_Figure_S7_source_data.csv","2110","0.002",".csv","2026-08-21 00:59:47","True"
"phase17_v7\round6_q1_robustness\_software_test_full_pipeline_5000\00_RUN_CONTRACT.json","1050","0.001",".json","2026-08-25 18:08:54","False"
"phase17_v7\round6_q1_robustness\_software_test_full_pipeline_5000\01_ALL_REPLICATE_METRICS.csv","1163","0.0011",".csv","2026-08-25 18:08:54","False"
"phase17_v7\round6_q1_robustness\_software_test_full_pipeline_5000\02_ALL_STATE_METRICS.csv","1769","0.0017",".csv","2026-08-25 18:08:54","False"
"phase17_v7\round6_q1_robustness\_software_test_full_pipeline_5000\03_BRANCH_RESOLUTION_SUMMARY.csv","1081","0.001",".csv","2026-08-25 18:08:54","False"
"phase17_v7\round6_q1_robustness\_software_test_full_pipeline_5000\04_STATE_SUMMARY.csv","1271","0.0012",".csv","2026-08-25 18:08:54","False"
"phase17_v7\round6_q1_robustness\_software_test_full_pipeline_5000\05_FULL_PIPELINE_RESAMPLING_STATUS.json","1311","0.0013",".json","2026-08-25 18:08:54","False"
"phase17_v7\round6_q1_robustness\_software_test_full_pipeline_5000\replicate_001\00_REPLICATE_STATUS.json","1404","0.0013",".json","2026-08-25 18:06:54","False"
"phase17_v7\round6_q1_robustness\_software_test_full_pipeline_5000\replicate_001\01_REPLICATE_METRICS.csv","659","0.0006",".csv","2026-08-25 18:06:54","False"
"phase17_v7\round6_q1_robustness\_software_test_full_pipeline_5000\replicate_001\02_STATE_METRICS.csv","929","0.0009",".csv","2026-08-25 18:06:54","False"
"phase17_v7\round6_q1_robustness\_software_test_full_pipeline_5000\replicate_001\03_SELECTED_HVGS.csv","447390","0.4267",".csv","2026-08-25 18:05:02","False"
"phase17_v7\round6_q1_robustness\_software_test_full_pipeline_5000\replicate_001\04_R04_CELL_ASSIGNMENTS.csv.gz","113945","0.1087",".gz","2026-08-25 18:06:54","False"
"phase17_v7\round6_q1_robustness\_software_test_full_pipeline_5000\replicate_002\00_REPLICATE_STATUS.json","1404","0.0013",".json","2026-08-25 18:08:25","False"
"phase17_v7\round6_q1_robustness\_software_test_full_pipeline_5000\replicate_002\01_REPLICATE_METRICS.csv","665","0.0006",".csv","2026-08-25 18:08:25","False"
"phase17_v7\round6_q1_robustness\_software_test_full_pipeline_5000\replicate_002\02_STATE_METRICS.csv","929","0.0009",".csv","2026-08-25 18:08:25","False"
"phase17_v7\round6_q1_robustness\_software_test_full_pipeline_5000\replicate_002\03_SELECTED_HVGS.csv","447360","0.4266",".csv","2026-08-25 18:06:58","False"
"phase17_v7\round6_q1_robustness\_software_test_full_pipeline_5000\replicate_002\04_R04_CELL_ASSIGNMENTS.csv.gz","113568","0.1083",".gz","2026-08-25 18:08:25","False"
"phase17_v7\round6_q1_robustness\20260825_full_pipeline_identity_resampling\00_RUN_CONTRACT.json","1049","0.001",".json","2026-08-25 23:35:50","True"
"phase17_v7\round6_q1_robustness\20260825_full_pipeline_identity_resampling\01_ALL_REPLICATE_METRICS.csv","10466","0.01",".csv","2026-08-27 07:50:51","True"
"phase17_v7\round6_q1_robustness\20260825_full_pipeline_identity_resampling\02_ALL_STATE_METRICS.csv","17732","0.0169",".csv","2026-08-27 07:50:51","True"
"phase17_v7\round6_q1_robustness\20260825_full_pipeline_identity_resampling\03_BRANCH_RESOLUTION_SUMMARY.csv","1088","0.001",".csv","2026-08-27 07:50:51","True"
"phase17_v7\round6_q1_robustness\20260825_full_pipeline_identity_resampling\04_STATE_SUMMARY.csv","1259","0.0012",".csv","2026-08-27 07:50:51","True"
"phase17_v7\round6_q1_robustness\20260825_full_pipeline_identity_resampling\05_FULL_PIPELINE_RESAMPLING_STATUS.json","1352","0.0013",".json","2026-08-27 07:50:51","True"
"phase17_v7\round6_q1_robustness\20260825_full_pipeline_identity_resampling\replicate_001\00_REPLICATE_STATUS.json","1405","0.0013",".json","2026-08-26 01:10:16","True"
"phase17_v7\round6_q1_robustness\20260825_full_pipeline_identity_resampling\replicate_001\01_REPLICATE_METRICS.csv","671","0.0006",".csv","2026-08-26 01:10:11","True"
"phase17_v7\round6_q1_robustness\20260825_full_pipeline_identity_resampling\replicate_001\02_STATE_METRICS.csv","932","0.0009",".csv","2026-08-26 01:10:11","True"
"phase17_v7\round6_q1_robustness\20260825_full_pipeline_identity_resampling\replicate_001\03_SELECTED_HVGS.csv","450242","0.4294",".csv","2026-08-25 23:36:01","True"
"phase17_v7\round6_q1_robustness\20260825_full_pipeline_identity_resampling\replicate_001\04_R04_CELL_ASSIGNMENTS.csv.gz","3126494","2.9817",".gz","2026-08-26 01:10:16","False"
"phase17_v7\round6_q1_robustness\20260825_full_pipeline_identity_resampling\replicate_002\00_REPLICATE_STATUS.json","1405","0.0013",".json","2026-08-26 02:56:47","True"
"phase17_v7\round6_q1_robustness\20260825_full_pipeline_identity_resampling\replicate_002\01_REPLICATE_METRICS.csv","673","0.0006",".csv","2026-08-26 02:56:41","True"
"phase17_v7\round6_q1_robustness\20260825_full_pipeline_identity_resampling\replicate_002\02_STATE_METRICS.csv","971","0.0009",".csv","2026-08-26 02:56:41","True"
"phase17_v7\round6_q1_robustness\20260825_full_pipeline_identity_resampling\replicate_002\03_SELECTED_HVGS.csv","450119","0.4293",".csv","2026-08-26 01:10:35","True"
"phase17_v7\round6_q1_robustness\20260825_full_pipeline_identity_resampling\replicate_002\04_R04_CELL_ASSIGNMENTS.csv.gz","3141503","2.996",".gz","2026-08-26 02:56:47","False"
"phase17_v7\round6_q1_robustness\20260825_full_pipeline_identity_resampling\replicate_003\00_REPLICATE_STATUS.json","1405","0.0013",".json","2026-08-26 04:28:22","True"
"phase17_v7\round6_q1_robustness\20260825_full_pipeline_identity_resampling\replicate_003\01_REPLICATE_METRICS.csv","673","0.0006",".csv","2026-08-26 04:28:18","True"
"phase17_v7\round6_q1_robustness\20260825_full_pipeline_identity_resampling\replicate_003\02_STATE_METRICS.csv","971","0.0009",".csv","2026-08-26 04:28:18","True"
"phase17_v7\round6_q1_robustness\20260825_full_pipeline_identity_resampling\replicate_003\03_SELECTED_HVGS.csv","450091","0.4292",".csv","2026-08-26 02:57:06","True"
"phase17_v7\round6_q1_robustness\20260825_full_pipeline_identity_resampling\replicate_003\04_R04_CELL_ASSIGNMENTS.csv.gz","3114370","2.9701",".gz","2026-08-26 04:28:22","False"
"phase17_v7\round6_q1_robustness\20260825_full_pipeline_identity_resampling\replicate_004\00_REPLICATE_STATUS.json","1405","0.0013",".json","2026-08-26 05:59:07","True"
"phase17_v7\round6_q1_robustness\20260825_full_pipeline_identity_resampling\replicate_004\01_REPLICATE_METRICS.csv","673","0.0006",".csv","2026-08-26 05:59:01","True"
"phase17_v7\round6_q1_robustness\20260825_full_pipeline_identity_resampling\replicate_004\02_STATE_METRICS.csv","954","0.0009",".csv","2026-08-26 05:59:01","True"
"phase17_v7\round6_q1_robustness\20260825_full_pipeline_identity_resampling\replicate_004\03_SELECTED_HVGS.csv","450142","0.4293",".csv","2026-08-26 04:28:37","True"
"phase17_v7\round6_q1_robustness\20260825_full_pipeline_identity_resampling\replicate_004\04_R04_CELL_ASSIGNMENTS.csv.gz","3135590","2.9903",".gz","2026-08-26 05:59:07","False"
"phase17_v7\round6_q1_robustness\20260825_full_pipeline_identity_resampling\replicate_005\00_REPLICATE_STATUS.json","1405","0.0013",".json","2026-08-26 07:38:37","True"
"phase17_v7\round6_q1_robustness\20260825_full_pipeline_identity_resampling\replicate_005\01_REPLICATE_METRICS.csv","673","0.0006",".csv","2026-08-26 07:38:33","True"
"phase17_v7\round6_q1_robustness\20260825_full_pipeline_identity_resampling\replicate_005\02_STATE_METRICS.csv","971","0.0009",".csv","2026-08-26 07:38:33","True"
"phase17_v7\round6_q1_robustness\20260825_full_pipeline_identity_resampling\replicate_005\03_SELECTED_HVGS.csv","449999","0.4292",".csv","2026-08-26 05:59:25","True"
"phase17_v7\round6_q1_robustness\20260825_full_pipeline_identity_resampling\replicate_005\04_R04_CELL_ASSIGNMENTS.csv.gz","3139622","2.9942",".gz","2026-08-26 07:38:37","False"
"phase17_v7\round6_q1_robustness\20260825_full_pipeline_identity_resampling\replicate_006\00_REPLICATE_STATUS.json","1405","0.0013",".json","2026-08-26 09:09:57","True"
"phase17_v7\round6_q1_robustness\20260825_full_pipeline_identity_resampling\replicate_006\01_REPLICATE_METRICS.csv","672","0.0006",".csv","2026-08-26 09:09:52","True"
"phase17_v7\round6_q1_robustness\20260825_full_pipeline_identity_resampling\replicate_006\02_STATE_METRICS.csv","970","0.0009",".csv","2026-08-26 09:09:52","True"
"phase17_v7\round6_q1_robustness\20260825_full_pipeline_identity_resampling\replicate_006\03_SELECTED_HVGS.csv","450051","0.4292",".csv","2026-08-26 07:38:52","True"
"phase17_v7\round6_q1_robustness\20260825_full_pipeline_identity_resampling\replicate_006\04_R04_CELL_ASSIGNMENTS.csv.gz","3122507","2.9779",".gz","2026-08-26 09:09:57","False"
"phase17_v7\round6_q1_robustness\20260825_full_pipeline_identity_resampling\replicate_007\00_REPLICATE_STATUS.json","1405","0.0013",".json","2026-08-26 10:43:22","True"
"phase17_v7\round6_q1_robustness\20260825_full_pipeline_identity_resampling\replicate_007\01_REPLICATE_METRICS.csv","671","0.0006",".csv","2026-08-26 10:43:16","True"
"phase17_v7\round6_q1_robustness\20260825_full_pipeline_identity_resampling\replicate_007\02_STATE_METRICS.csv","969","0.0009",".csv","2026-08-26 10:43:16","True"
"phase17_v7\round6_q1_robustness\20260825_full_pipeline_identity_resampling\replicate_007\03_SELECTED_HVGS.csv","450185","0.4293",".csv","2026-08-26 09:10:12","True"
"phase17_v7\round6_q1_robustness\20260825_full_pipeline_identity_resampling\replicate_007\04_R04_CELL_ASSIGNMENTS.csv.gz","3119184","2.9747",".gz","2026-08-26 10:43:22","False"
"phase17_v7\round6_q1_robustness\20260825_full_pipeline_identity_resampling\replicate_008\00_REPLICATE_STATUS.json","1405","0.0013",".json","2026-08-26 12:33:16","True"
"phase17_v7\round6_q1_robustness\20260825_full_pipeline_identity_resampling\replicate_008\01_REPLICATE_METRICS.csv","674","0.0006",".csv","2026-08-26 12:33:10","True"
"phase17_v7\round6_q1_robustness\20260825_full_pipeline_identity_resampling\replicate_008\02_STATE_METRICS.csv","971","0.0009",".csv","2026-08-26 12:33:10","True"
"phase17_v7\round6_q1_robustness\20260825_full_pipeline_identity_resampling\replicate_008\03_SELECTED_HVGS.csv","450248","0.4294",".csv","2026-08-26 10:43:41","True"
"phase17_v7\round6_q1_robustness\20260825_full_pipeline_identity_resampling\replicate_008\04_R04_CELL_ASSIGNMENTS.csv.gz","3135780","2.9905",".gz","2026-08-26 12:33:16","False"
"phase17_v7\round6_q1_robustness\20260825_full_pipeline_identity_resampling\replicate_009\00_REPLICATE_STATUS.json","1405","0.0013",".json","2026-08-26 14:11:49","True"
"phase17_v7\round6_q1_robustness\20260825_full_pipeline_identity_resampling\replicate_009\01_REPLICATE_METRICS.csv","673","0.0006",".csv","2026-08-26 14:11:44","True"
"phase17_v7\round6_q1_robustness\20260825_full_pipeline_identity_resampling\replicate_009\02_STATE_METRICS.csv","970","0.0009",".csv","2026-08-26 14:11:44","True"
"phase17_v7\round6_q1_robustness\20260825_full_pipeline_identity_resampling\replicate_009\03_SELECTED_HVGS.csv","450170","0.4293",".csv","2026-08-26 12:33:34","True"
"phase17_v7\round6_q1_robustness\20260825_full_pipeline_identity_resampling\replicate_009\04_R04_CELL_ASSIGNMENTS.csv.gz","3142457","2.9969",".gz","2026-08-26 14:11:49","False"
"phase17_v7\round6_q1_robustness\20260825_full_pipeline_identity_resampling\replicate_010\00_REPLICATE_STATUS.json","1406","0.0013",".json","2026-08-26 15:47:51","True"
"phase17_v7\round6_q1_robustness\20260825_full_pipeline_identity_resampling\replicate_010\01_REPLICATE_METRICS.csv","680","0.0006",".csv","2026-08-26 15:47:44","True"
"phase17_v7\round6_q1_robustness\20260825_full_pipeline_identity_resampling\replicate_010\02_STATE_METRICS.csv","943","0.0009",".csv","2026-08-26 15:47:44","True"
"phase17_v7\round6_q1_robustness\20260825_full_pipeline_identity_resampling\replicate_010\03_SELECTED_HVGS.csv","450054","0.4292",".csv","2026-08-26 14:12:08","True"
"phase17_v7\round6_q1_robustness\20260825_full_pipeline_identity_resampling\replicate_010\04_R04_CELL_ASSIGNMENTS.csv.gz","3115992","2.9716",".gz","2026-08-26 15:47:51","False"
"phase17_v7\round6_q1_robustness\20260825_full_pipeline_identity_resampling\replicate_011\00_REPLICATE_STATUS.json","1406","0.0013",".json","2026-08-26 18:07:27","True"
"phase17_v7\round6_q1_robustness\20260825_full_pipeline_identity_resampling\replicate_011\01_REPLICATE_METRICS.csv","680","0.0006",".csv","2026-08-26 18:07:22","True"
"phase17_v7\round6_q1_robustness\20260825_full_pipeline_identity_resampling\replicate_011\02_STATE_METRICS.csv","972","0.0009",".csv","2026-08-26 18:07:22","True"
"phase17_v7\round6_q1_robustness\20260825_full_pipeline_identity_resampling\replicate_011\03_SELECTED_HVGS.csv","450111","0.4293",".csv","2026-08-26 15:48:09","True"
"phase17_v7\round6_q1_robustness\20260825_full_pipeline_identity_resampling\replicate_011\04_R04_CELL_ASSIGNMENTS.csv.gz","3110991","2.9669",".gz","2026-08-26 18:07:27","False"
"phase17_v7\round6_q1_robustness\20260825_full_pipeline_identity_resampling\replicate_012\00_REPLICATE_STATUS.json","1406","0.0013",".json","2026-08-26 19:24:40","True"
"phase17_v7\round6_q1_robustness\20260825_full_pipeline_identity_resampling\replicate_012\01_REPLICATE_METRICS.csv","678","0.0006",".csv","2026-08-26 19:24:35","True"
"phase17_v7\round6_q1_robustness\20260825_full_pipeline_identity_resampling\replicate_012\02_STATE_METRICS.csv","969","0.0009",".csv","2026-08-26 19:24:35","True"
"phase17_v7\round6_q1_robustness\20260825_full_pipeline_identity_resampling\replicate_012\03_SELECTED_HVGS.csv","450077","0.4292",".csv","2026-08-26 18:07:46","True"
"phase17_v7\round6_q1_robustness\20260825_full_pipeline_identity_resampling\replicate_012\04_R04_CELL_ASSIGNMENTS.csv.gz","3129660","2.9847",".gz","2026-08-26 19:24:40","False"
"phase17_v7\round6_q1_robustness\20260825_full_pipeline_identity_resampling\replicate_013\00_REPLICATE_STATUS.json","1406","0.0013",".json","2026-08-26 20:27:25","True"
"phase17_v7\round6_q1_robustness\20260825_full_pipeline_identity_resampling\replicate_013\01_REPLICATE_METRICS.csv","681","0.0006",".csv","2026-08-26 20:27:21","True"
"phase17_v7\round6_q1_robustness\20260825_full_pipeline_identity_resampling\replicate_013\02_STATE_METRICS.csv","980","0.0009",".csv","2026-08-26 20:27:21","True"
"phase17_v7\round6_q1_robustness\20260825_full_pipeline_identity_resampling\replicate_013\03_SELECTED_HVGS.csv","450233","0.4294",".csv","2026-08-26 19:24:53","True"
"phase17_v7\round6_q1_robustness\20260825_full_pipeline_identity_resampling\replicate_013\04_R04_CELL_ASSIGNMENTS.csv.gz","3119598","2.9751",".gz","2026-08-26 20:27:25","False"
"phase17_v7\round6_q1_robustness\20260825_full_pipeline_identity_resampling\replicate_014\00_REPLICATE_STATUS.json","1406","0.0013",".json","2026-08-26 21:43:16","True"
"phase17_v7\round6_q1_robustness\20260825_full_pipeline_identity_resampling\replicate_014\01_REPLICATE_METRICS.csv","676","0.0006",".csv","2026-08-26 21:43:12","True"
"phase17_v7\round6_q1_robustness\20260825_full_pipeline_identity_resampling\replicate_014\02_STATE_METRICS.csv","984","0.0009",".csv","2026-08-26 21:43:12","True"
"phase17_v7\round6_q1_robustness\20260825_full_pipeline_identity_resampling\replicate_014\03_SELECTED_HVGS.csv","450197","0.4293",".csv","2026-08-26 20:27:41","True"
"phase17_v7\round6_q1_robustness\20260825_full_pipeline_identity_resampling\replicate_014\04_R04_CELL_ASSIGNMENTS.csv.gz","3108256","2.9643",".gz","2026-08-26 21:43:16","False"
"phase17_v7\round6_q1_robustness\20260825_full_pipeline_identity_resampling\replicate_015\00_REPLICATE_STATUS.json","1406","0.0013",".json","2026-08-26 23:33:01","True"
"phase17_v7\round6_q1_robustness\20260825_full_pipeline_identity_resampling\replicate_015\01_REPLICATE_METRICS.csv","681","0.0006",".csv","2026-08-26 23:32:57","True"
"phase17_v7\round6_q1_robustness\20260825_full_pipeline_identity_resampling\replicate_015\02_STATE_METRICS.csv","980","0.0009",".csv","2026-08-26 23:32:57","True"
"phase17_v7\round6_q1_robustness\20260825_full_pipeline_identity_resampling\replicate_015\03_SELECTED_HVGS.csv","450182","0.4293",".csv","2026-08-26 21:43:32","True"
"phase17_v7\round6_q1_robustness\20260825_full_pipeline_identity_resampling\replicate_015\04_R04_CELL_ASSIGNMENTS.csv.gz","3137705","2.9923",".gz","2026-08-26 23:33:01","False"
"phase17_v7\round6_q1_robustness\20260825_full_pipeline_identity_resampling\replicate_016\00_REPLICATE_STATUS.json","1406","0.0013",".json","2026-08-27 00:53:35","True"
"phase17_v7\round6_q1_robustness\20260825_full_pipeline_identity_resampling\replicate_016\01_REPLICATE_METRICS.csv","679","0.0006",".csv","2026-08-27 00:53:31","True"
"phase17_v7\round6_q1_robustness\20260825_full_pipeline_identity_resampling\replicate_016\02_STATE_METRICS.csv","982","0.0009",".csv","2026-08-27 00:53:31","True"
"phase17_v7\round6_q1_robustness\20260825_full_pipeline_identity_resampling\replicate_016\03_SELECTED_HVGS.csv","450185","0.4293",".csv","2026-08-26 23:33:17","True"
"phase17_v7\round6_q1_robustness\20260825_full_pipeline_identity_resampling\replicate_016\04_R04_CELL_ASSIGNMENTS.csv.gz","3109472","2.9654",".gz","2026-08-27 00:53:35","False"
"phase17_v7\round6_q1_robustness\20260825_full_pipeline_identity_resampling\replicate_017\00_REPLICATE_STATUS.json","1406","0.0013",".json","2026-08-27 03:07:57","True"
"phase17_v7\round6_q1_robustness\20260825_full_pipeline_identity_resampling\replicate_017\01_REPLICATE_METRICS.csv","677","0.0006",".csv","2026-08-27 03:07:51","True"
"phase17_v7\round6_q1_robustness\20260825_full_pipeline_identity_resampling\replicate_017\02_STATE_METRICS.csv","986","0.0009",".csv","2026-08-27 03:07:51","True"
"phase17_v7\round6_q1_robustness\20260825_full_pipeline_identity_resampling\replicate_017\03_SELECTED_HVGS.csv","450154","0.4293",".csv","2026-08-27 00:53:51","True"
"phase17_v7\round6_q1_robustness\20260825_full_pipeline_identity_resampling\replicate_017\04_R04_CELL_ASSIGNMENTS.csv.gz","3128440","2.9835",".gz","2026-08-27 03:07:57","False"
"phase17_v7\round6_q1_robustness\20260825_full_pipeline_identity_resampling\replicate_018\00_REPLICATE_STATUS.json","1406","0.0013",".json","2026-08-27 04:23:08","True"
"phase17_v7\round6_q1_robustness\20260825_full_pipeline_identity_resampling\replicate_018\01_REPLICATE_METRICS.csv","681","0.0006",".csv","2026-08-27 04:23:03","True"
"phase17_v7\round6_q1_robustness\20260825_full_pipeline_identity_resampling\replicate_018\02_STATE_METRICS.csv","982","0.0009",".csv","2026-08-27 04:23:03","True"
"phase17_v7\round6_q1_robustness\20260825_full_pipeline_identity_resampling\replicate_018\03_SELECTED_HVGS.csv","450078","0.4292",".csv","2026-08-27 03:08:17","True"
"phase17_v7\round6_q1_robustness\20260825_full_pipeline_identity_resampling\replicate_018\04_R04_CELL_ASSIGNMENTS.csv.gz","3128571","2.9836",".gz","2026-08-27 04:23:08","False"
"phase17_v7\round6_q1_robustness\20260825_full_pipeline_identity_resampling\replicate_019\00_REPLICATE_STATUS.json","1406","0.0013",".json","2026-08-27 05:56:22","True"
"phase17_v7\round6_q1_robustness\20260825_full_pipeline_identity_resampling\replicate_019\01_REPLICATE_METRICS.csv","680","0.0006",".csv","2026-08-27 05:56:18","True"
"phase17_v7\round6_q1_robustness\20260825_full_pipeline_identity_resampling\replicate_019\02_STATE_METRICS.csv","983","0.0009",".csv","2026-08-27 05:56:18","True"
"phase17_v7\round6_q1_robustness\20260825_full_pipeline_identity_resampling\replicate_019\03_SELECTED_HVGS.csv","450197","0.4293",".csv","2026-08-27 04:23:26","True"
"phase17_v7\round6_q1_robustness\20260825_full_pipeline_identity_resampling\replicate_019\04_R04_CELL_ASSIGNMENTS.csv.gz","3141762","2.9962",".gz","2026-08-27 05:56:22","False"
"phase17_v7\round6_q1_robustness\20260825_full_pipeline_identity_resampling\replicate_020\00_REPLICATE_STATUS.json","1406","0.0013",".json","2026-08-27 07:50:51","True"
"phase17_v7\round6_q1_robustness\20260825_full_pipeline_identity_resampling\replicate_020\01_REPLICATE_METRICS.csv","679","0.0006",".csv","2026-08-27 07:50:46","True"
"phase17_v7\round6_q1_robustness\20260825_full_pipeline_identity_resampling\replicate_020\02_STATE_METRICS.csv","983","0.0009",".csv","2026-08-27 07:50:46","True"
"phase17_v7\round6_q1_robustness\20260825_full_pipeline_identity_resampling\replicate_020\03_SELECTED_HVGS.csv","450155","0.4293",".csv","2026-08-27 05:56:37","True"
"phase17_v7\round6_q1_robustness\20260825_full_pipeline_identity_resampling\replicate_020\04_R04_CELL_ASSIGNMENTS.csv.gz","3144459","2.9988",".gz","2026-08-27 07:50:51","False"
"phase17_v7\round6_q1_robustness\20260825_overlap_depletion\01_OVERLAP_DEPLETION_RESULTS.csv","12343","0.0118",".csv","2026-08-25 17:35:58","True"
"phase17_v7\round6_q1_robustness\20260825_overlap_depletion\02_ULM_LEAVE_ONE_TARGET.csv","67001","0.0639",".csv","2026-08-25 17:35:58","True"
"phase17_v7\round6_q1_robustness\20260825_overlap_depletion\03_ULM_LEAVE_ONE_TARGET_SUMMARY.csv","1306","0.0012",".csv","2026-08-25 17:35:58","True"
"phase17_v7\round6_q1_robustness\20260825_overlap_depletion\04_METHOD_SUMMARY.csv","474","0.0005",".csv","2026-08-25 17:35:58","True"
"phase17_v7\round6_q1_robustness\20260825_overlap_depletion\05_OVERLAP_DEPLETION_STATUS.json","3536","0.0034",".json","2026-08-25 17:35:58","True"
"phase17_v7\round6_q1_robustness\20260825_overlap_depletion\06_SUPPLEMENTARY_FIGURE_S8_STATUS.json","588","0.0006",".json","2026-08-25 17:38:59","True"
"phase17_v7\round6_q1_robustness\20260825_overlap_depletion\07_ROUND6_OVERLAP_DEPLETION_ADVISOR_REVIEW.md","3717","0.0035",".md","2026-08-25 23:32:53","True"
"phase17_v7\round6_q1_robustness\20260825_overlap_depletion\figures\Supplementary_Figure_S8_overlap_depletion.pdf","49826","0.0475",".pdf","2026-08-25 17:38:59","True"
"phase17_v7\round6_q1_robustness\20260825_overlap_depletion\figures\Supplementary_Figure_S8_overlap_depletion.png","562614","0.5366",".png","2026-08-25 17:38:59","True"
"phase17_v7\round6_q1_robustness\20260825_overlap_depletion\source_data\Supplementary_Figure_S8_source_data.csv","8005","0.0076",".csv","2026-08-25 17:38:57","True"
"phase17_v7\round6_q1_robustness\20260827_r1_hold_integration\01_RECOMPUTED_BRANCH_SUMMARY.csv","1088","0.001",".csv","2026-08-27 10:18:01","True"
"phase17_v7\round6_q1_robustness\20260827_r1_hold_integration\02_RECOMPUTED_STATE_SUMMARY.csv","1258","0.0012",".csv","2026-08-27 10:18:01","True"
"phase17_v7\round6_q1_robustness\20260827_r1_hold_integration\03_BOUNDARY_EXCHANGE.csv","3200","0.0031",".csv","2026-08-27 10:18:01","True"
"phase17_v7\round6_q1_robustness\20260827_r1_hold_integration\04_REPLICATE_INTEGRITY_MANIFEST.csv","7317","0.007",".csv","2026-08-27 10:18:01","True"
"phase17_v7\round6_q1_robustness\20260827_r1_hold_integration\05_MATRIX_EXPORT_MANIFEST.csv","7089","0.0068",".csv","2026-08-27 10:18:01","True"
"phase17_v7\round6_q1_robustness\20260827_r1_hold_integration\06_AUDIT_AND_PROPAGATION_PREP_STATUS.json","1713","0.0016",".json","2026-08-27 10:18:01","True"
"phase17_v7\round6_q1_robustness\20260827_r1_hold_integration\07_COMPOSITION_UNCERTAINTY_RESULTS.csv","11989","0.0114",".csv","2026-08-27 10:18:11","True"
"phase17_v7\round6_q1_robustness\20260827_r1_hold_integration\08_COMPOSITION_UNCERTAINTY_SUMMARY.csv","678","0.0006",".csv","2026-08-27 10:18:11","True"
"phase17_v7\round6_q1_robustness\20260827_r1_hold_integration\09_COMPOSITION_UNCERTAINTY_STATUS.json","1080","0.001",".json","2026-08-27 10:18:11","True"
"phase17_v7\round6_q1_robustness\20260827_r1_hold_integration\10_IFN_UNCERTAINTY_RESULTS.csv","5855","0.0056",".csv","2026-08-27 10:23:37","True"
"phase17_v7\round6_q1_robustness\20260827_r1_hold_integration\11_IFN_UNCERTAINTY_SUMMARY.csv","407","0.0004",".csv","2026-08-27 10:23:37","True"
"phase17_v7\round6_q1_robustness\20260827_r1_hold_integration\12_IFN_UNCERTAINTY_STATUS.json","1351","0.0013",".json","2026-08-27 10:23:37","True"
"phase17_v7\round6_q1_robustness\20260827_r1_hold_integration\13_SUPPLEMENTARY_FIGURE_S9_STATUS.json","1016","0.001",".json","2026-08-27 10:36:48","True"
"phase17_v7\round6_q1_robustness\20260827_r1_hold_integration\14_ROUND6_R1_HOLD_ADVISOR_REVIEW.md","2473","0.0024",".md","2026-08-27 10:36:48","True"
"phase17_v7\round6_q1_robustness\20260827_r1_hold_integration\figures\Supplementary_Figure_S9_identity_boundary_and_propagation.pdf","52943","0.0505",".pdf","2026-08-27 10:36:47","True"
"phase17_v7\round6_q1_robustness\20260827_r1_hold_integration\figures\Supplementary_Figure_S9_identity_boundary_and_propagation.png","591268","0.5639",".png","2026-08-27 10:36:48","True"
"phase17_v7\round6_q1_robustness\20260827_r1_hold_integration\matrix_exports\replicate_001_primary_base_counts.mtx.gz","2839864","2.7083",".gz","2026-08-27 10:17:27","False"
"phase17_v7\round6_q1_robustness\20260827_r1_hold_integration\matrix_exports\replicate_001_validation_nonoverlap_counts.mtx.gz","1932495","1.843",".gz","2026-08-27 10:17:28","False"
"phase17_v7\round6_q1_robustness\20260827_r1_hold_integration\matrix_exports\replicate_002_primary_base_counts.mtx.gz","2839806","2.7083",".gz","2026-08-27 10:17:29","False"
"phase17_v7\round6_q1_robustness\20260827_r1_hold_integration\matrix_exports\replicate_002_validation_nonoverlap_counts.mtx.gz","1932953","1.8434",".gz","2026-08-27 10:17:30","False"
"phase17_v7\round6_q1_robustness\20260827_r1_hold_integration\matrix_exports\replicate_003_primary_base_counts.mtx.gz","2840188","2.7086",".gz","2026-08-27 10:17:31","False"
"phase17_v7\round6_q1_robustness\20260827_r1_hold_integration\matrix_exports\replicate_003_validation_nonoverlap_counts.mtx.gz","1933153","1.8436",".gz","2026-08-27 10:17:31","False"
"phase17_v7\round6_q1_robustness\20260827_r1_hold_integration\matrix_exports\replicate_004_primary_base_counts.mtx.gz","2839406","2.7079",".gz","2026-08-27 10:17:32","False"
"phase17_v7\round6_q1_robustness\20260827_r1_hold_integration\matrix_exports\replicate_004_validation_nonoverlap_counts.mtx.gz","1932931","1.8434",".gz","2026-08-27 10:17:33","False"
"phase17_v7\round6_q1_robustness\20260827_r1_hold_integration\matrix_exports\replicate_005_primary_base_counts.mtx.gz","2839866","2.7083",".gz","2026-08-27 10:17:34","False"
"phase17_v7\round6_q1_robustness\20260827_r1_hold_integration\matrix_exports\replicate_005_validation_nonoverlap_counts.mtx.gz","1933083","1.8435",".gz","2026-08-27 10:17:35","False"
"phase17_v7\round6_q1_robustness\20260827_r1_hold_integration\matrix_exports\replicate_006_primary_base_counts.mtx.gz","2839780","2.7082",".gz","2026-08-27 10:17:36","False"
"phase17_v7\round6_q1_robustness\20260827_r1_hold_integration\matrix_exports\replicate_006_validation_nonoverlap_counts.mtx.gz","1932947","1.8434",".gz","2026-08-27 10:17:37","False"
"phase17_v7\round6_q1_robustness\20260827_r1_hold_integration\matrix_exports\replicate_007_primary_base_counts.mtx.gz","2839484","2.7079",".gz","2026-08-27 10:17:38","False"
"phase17_v7\round6_q1_robustness\20260827_r1_hold_integration\matrix_exports\replicate_007_validation_nonoverlap_counts.mtx.gz","1932919","1.8434",".gz","2026-08-27 10:17:38","False"
"phase17_v7\round6_q1_robustness\20260827_r1_hold_integration\matrix_exports\replicate_008_primary_base_counts.mtx.gz","2839835","2.7083",".gz","2026-08-27 10:17:39","False"
"phase17_v7\round6_q1_robustness\20260827_r1_hold_integration\matrix_exports\replicate_008_validation_nonoverlap_counts.mtx.gz","1932891","1.8433",".gz","2026-08-27 10:17:40","False"
"phase17_v7\round6_q1_robustness\20260827_r1_hold_integration\matrix_exports\replicate_009_primary_base_counts.mtx.gz","2839833","2.7083",".gz","2026-08-27 10:17:41","False"
"phase17_v7\round6_q1_robustness\20260827_r1_hold_integration\matrix_exports\replicate_009_validation_nonoverlap_counts.mtx.gz","1932978","1.8434",".gz","2026-08-27 10:17:42","False"
"phase17_v7\round6_q1_robustness\20260827_r1_hold_integration\matrix_exports\replicate_010_primary_base_counts.mtx.gz","2839509","2.708",".gz","2026-08-27 10:17:43","False"
"phase17_v7\round6_q1_robustness\20260827_r1_hold_integration\matrix_exports\replicate_010_validation_nonoverlap_counts.mtx.gz","1932799","1.8433",".gz","2026-08-27 10:17:44","False"
"phase17_v7\round6_q1_robustness\20260827_r1_hold_integration\matrix_exports\replicate_011_primary_base_counts.mtx.gz","2839660","2.7081",".gz","2026-08-27 10:17:45","False"
"phase17_v7\round6_q1_robustness\20260827_r1_hold_integration\matrix_exports\replicate_011_validation_nonoverlap_counts.mtx.gz","1932946","1.8434",".gz","2026-08-27 10:17:45","False"
"phase17_v7\round6_q1_robustness\20260827_r1_hold_integration\matrix_exports\replicate_012_primary_base_counts.mtx.gz","2839672","2.7081",".gz","2026-08-27 10:17:46","False"
"phase17_v7\round6_q1_robustness\20260827_r1_hold_integration\matrix_exports\replicate_012_validation_nonoverlap_counts.mtx.gz","1933045","1.8435",".gz","2026-08-27 10:17:47","False"
"phase17_v7\round6_q1_robustness\20260827_r1_hold_integration\matrix_exports\replicate_013_primary_base_counts.mtx.gz","2839689","2.7081",".gz","2026-08-27 10:17:48","False"
"phase17_v7\round6_q1_robustness\20260827_r1_hold_integration\matrix_exports\replicate_013_validation_nonoverlap_counts.mtx.gz","1932885","1.8433",".gz","2026-08-27 10:17:49","False"
"phase17_v7\round6_q1_robustness\20260827_r1_hold_integration\matrix_exports\replicate_014_primary_base_counts.mtx.gz","2839657","2.7081",".gz","2026-08-27 10:17:50","False"
"phase17_v7\round6_q1_robustness\20260827_r1_hold_integration\matrix_exports\replicate_014_validation_nonoverlap_counts.mtx.gz","1932975","1.8434",".gz","2026-08-27 10:17:51","False"
"phase17_v7\round6_q1_robustness\20260827_r1_hold_integration\matrix_exports\replicate_015_primary_base_counts.mtx.gz","2839971","2.7084",".gz","2026-08-27 10:17:52","False"
"phase17_v7\round6_q1_robustness\20260827_r1_hold_integration\matrix_exports\replicate_015_validation_nonoverlap_counts.mtx.gz","1933111","1.8436",".gz","2026-08-27 10:17:52","False"
"phase17_v7\round6_q1_robustness\20260827_r1_hold_integration\matrix_exports\replicate_016_primary_base_counts.mtx.gz","2839808","2.7083",".gz","2026-08-27 10:17:53","False"
"phase17_v7\round6_q1_robustness\20260827_r1_hold_integration\matrix_exports\replicate_016_validation_nonoverlap_counts.mtx.gz","1932763","1.8432",".gz","2026-08-27 10:17:54","False"
"phase17_v7\round6_q1_robustness\20260827_r1_hold_integration\matrix_exports\replicate_017_primary_base_counts.mtx.gz","2839828","2.7083",".gz","2026-08-27 10:17:55","False"
"phase17_v7\round6_q1_robustness\20260827_r1_hold_integration\matrix_exports\replicate_017_validation_nonoverlap_counts.mtx.gz","1932899","1.8434",".gz","2026-08-27 10:17:56","False"
"phase17_v7\round6_q1_robustness\20260827_r1_hold_integration\matrix_exports\replicate_018_primary_base_counts.mtx.gz","2839568","2.708",".gz","2026-08-27 10:17:57","False"
"phase17_v7\round6_q1_robustness\20260827_r1_hold_integration\matrix_exports\replicate_018_validation_nonoverlap_counts.mtx.gz","1932879","1.8433",".gz","2026-08-27 10:17:57","False"
"phase17_v7\round6_q1_robustness\20260827_r1_hold_integration\matrix_exports\replicate_019_primary_base_counts.mtx.gz","2839618","2.7081",".gz","2026-08-27 10:17:58","False"
"phase17_v7\round6_q1_robustness\20260827_r1_hold_integration\matrix_exports\replicate_019_validation_nonoverlap_counts.mtx.gz","1932791","1.8433",".gz","2026-08-27 10:17:59","False"
"phase17_v7\round6_q1_robustness\20260827_r1_hold_integration\matrix_exports\replicate_020_primary_base_counts.mtx.gz","2839820","2.7083",".gz","2026-08-27 10:18:00","False"
"phase17_v7\round6_q1_robustness\20260827_r1_hold_integration\matrix_exports\replicate_020_validation_nonoverlap_counts.mtx.gz","1933049","1.8435",".gz","2026-08-27 10:18:01","False"
"phase17_v7\round6_q1_robustness\20260827_r1_hold_integration\source_data\Supplementary_Figure_S9_source_data.csv","18720","0.0179",".csv","2026-08-27 10:36:48","True"
"README.md","6945","0.0066",".md","2026-08-27 10:47:34","True"
"RELEASE_NOTES.md","1707","0.0016",".md","2026-08-25 06:16:42","True"
"REPRODUCIBILITY.md","7913","0.0075",".md","2026-08-27 10:43:40","True"
"science.abf1970.pdf","8771095","8.3648",".pdf","2026-05-22 22:59:03","False"
