level,id,field,n_unique,values
sample,11c6a06c-f0e0-45bc-b5ec-1b14445548d4,Processing_Cohort,2,1.0 | 2.0
sample,13ec931d-a536-4679-ad6c-39d7bbaa8d5d,Processing_Cohort,2,1.0 | 2.0
sample,2688f505-eb1a-4f9f-af54-e30b3da7dff3,Processing_Cohort,2,2.0 | 4.0
sample,27ae3b51-85d4-49fe-bcc3-89b0cbd59e23,Processing_Cohort,2,3.0 | 4.0
sample,27b03089-9abd-4025-b745-1a4d42f729a3,Processing_Cohort,2,2.0 | 3.0
sample,2c6239f0-efd3-469e-86aa-554f62dfb4f8,Processing_Cohort,2,2.0 | 3.0
sample,342b5092-67e5-4a0e-a437-8b735f2a863c,Processing_Cohort,2,2.0 | 4.0
sample,3672d82d-f24c-4536-b75a-0627889e1426,Processing_Cohort,2,1.0 | 2.0
sample,3876bd23-e063-4b96-89ae-eec693743c86,Processing_Cohort,2,1.0 | 2.0
sample,3ecf5ad3-4ae3-4152-a1d2-4c9c548c5551,Processing_Cohort,2,2.0 | 4.0
sample,3f068829-713e-4b6a-a79a-754b7d9eef46,Processing_Cohort,2,2.0 | 4.0
sample,3ff8915f-d4b6-418d-89ec-61fffb366646,Processing_Cohort,2,2.0 | 4.0
sample,46e6ff98-de92-4b09-98ae-ff683d6ed775,Processing_Cohort,2,2.0 | 4.0
sample,4752a18e-a3a0-4699-99e8-18c7fee59072,Processing_Cohort,3,1.0 | 2.0 | 3.0
sample,4a555a89-3c4e-4e35-91ed-eed175492e5d,Processing_Cohort,2,2.0 | 4.0
sample,4e63511b-e07c-4fe2-af13-d535b769bbbd,Processing_Cohort,2,2.0 | 3.0
sample,4f96324f-0403-4ba1-b110-02c96a5cba84,Processing_Cohort,2,3.0 | 4.0
sample,577bce84-8d37-4851-9fb4-53f9467699ba,Processing_Cohort,2,2.0 | 4.0
sample,58491584-2df2-4f81-829b-6f930c4d8649,Processing_Cohort,2,3.0 | 4.0
sample,5a4d2669-4967-4de5-853b-13c224029d30,Processing_Cohort,2,2.0 | 4.0
sample,5e0ed28c-a75a-4ecd-a0c7-49e71264690b,Processing_Cohort,2,2.0 | 4.0
sample,5f31d290-7101-4ef4-9510-f3692aba34de,Processing_Cohort,3,1.0 | 2.0 | 3.0
sample,670c5ac9-5e1c-4834-8087-2dd39d87d04b,Processing_Cohort,2,2.0 | 4.0
sample,6779676d-7bac-4431-bbb0-0b7c773b55da,Processing_Cohort,2,2.0 | 4.0
sample,69b3abaf-0498-44c8-867f-086ccc8dce13,Processing_Cohort,2,2.0 | 4.0
sample,77712740-d29f-4bb0-9b90-2aa3db72f3ba,Processing_Cohort,2,1.0 | 2.0
sample,7b7167c1-bc81-4fa8-b322-18bab1ea6269,Processing_Cohort,2,2.0 | 4.0
sample,7eff9450-2afd-4265-a1f4-4c53580b47bc,Processing_Cohort,2,2.0 | 4.0
sample,886dc81a-06f7-47dc-bdf6-da1524e86d7d,Processing_Cohort,2,1.0 | 2.0
sample,8a1f4cc3-6e34-4cd2-aba9-0f4d266e7dd9,Processing_Cohort,2,2.0 | 4.0
sample,9245fdfa-904c-4421-ba87-60da990f40ed,Processing_Cohort,3,1.0 | 2.0 | 3.0
sample,9258d552-bade-4414-ad62-96fea54df354,Processing_Cohort,2,2.0 | 4.0
sample,92d39096-b1d1-4746-9812-474db1f5f049,Processing_Cohort,2,2.0 | 4.0
sample,98e974a9-c08e-4066-8930-d627b18f1a89,Processing_Cohort,2,1.0 | 2.0
sample,9e51b938-f3a9-4d97-8802-b820ed2a6b96,Processing_Cohort,2,2.0 | 4.0
sample,a51ffc5a-e4cb-4b47-9154-4514e1dc9d65,Processing_Cohort,3,1.0 | 2.0 | 3.0
sample,b4cbfe6a-acdc-48e8-a9f1-6f0ae959301f,Processing_Cohort,2,2.0 | 4.0
sample,b7c8655d-8d5e-4865-bc97-3c606cdaf5e9,Processing_Cohort,2,1.0 | 2.0
sample,bffca8a1-fc84-4f20-acae-3cf0d6313002,Processing_Cohort,3,1.0 | 2.0 | 3.0
sample,c21e0e54-2ea8-4fc7-9438-5d2d8d63899c,Processing_Cohort,2,2.0 | 4.0
sample,ccccc606-2c86-4d7a-bb4a-8354017807a6,Processing_Cohort,2,2.0 | 4.0
sample,cf0f9104-fd3e-4cdd-ad08-69035510a32d,Processing_Cohort,2,1.0 | 2.0
sample,d0660ae1-7bd5-4f68-9131-434571c29e96,Processing_Cohort,2,2.0 | 3.0
sample,d0bbdc84-7f92-4114-9759-59d158034879,Processing_Cohort,2,2.0 | 4.0
sample,d65c2394-3eed-48b8-8a26-5f214003f312,Processing_Cohort,3,1.0 | 2.0 | 3.0
sample,e0286325-9289-4765-af44-1bded6b1d3df,Processing_Cohort,2,1.0 | 2.0
sample,e869b441-83d5-44d3-abc7-1a970170e1e4,Processing_Cohort,2,2.0 | 4.0
sample,e9cf8f89-d60a-4584-951b-ae7df22cf6d7,Processing_Cohort,2,2.0 | 3.0
sample,f0a33a73-192b-4398-b8bc-05eb0c59ae54,Processing_Cohort,3,1.0 | 2.0 | 3.0
sample,f3091b7a-a59b-4bee-a4c4-c930424b63f3,Processing_Cohort,2,1.0 | 2.0
sample,f6f39d84-6fb4-4519-9efa-f9ca4651e3c9,Processing_Cohort,2,2.0 | 3.0
sample,fc11ebf7-2767-4d92-96f9-a57af8f1be30,Processing_Cohort,2,2.0 | 4.0
sample,fd256bdb-e6dd-47ef-a4e4-ac0a7d2dcd1e,Processing_Cohort,3,1.0 | 2.0 | 3.0
sample,00d8685c-548c-4e5f-b151-47d678b31cd6,library_uuid,4,1e3165e4-e0c0-4bf7-b803-7d8271b99fd5 | 60373b7d-7c45-428f-9622-aa4f854c4860 | d4d2da4e-6580-479c-b5f6-77b109e72715 | fb1e97d1-dd9c-4314-aae2-9c3745df1411
sample,02404cf5-4210-43b8-b998-797422f7b1a8,library_uuid,4,1495b93b-a19f-4364-95a3-6d8ac531eac6 | 3332f018-936e-4c4c-9105-99d9503db5a3 | 70a004b7-4a17-4702-8910-4557aa0c4279 | cdab3145-edc9-4352-932c-1638e791bfc9
sample,025b6b04-0e79-4c4b-bbb5-15042ca0474e,library_uuid,4,28401515-eca4-442a-85fc-f8c2793b1c26 | 9184b09f-ca66-4623-a733-1f64bc1b424f | d9bf3113-086e-4165-ba13-e78a3d7b4138 | e16d2c39-bfd1-4fb1-8ed6-ad6b16f3652e
sample,0332dc59-e2c0-4b55-9921-3e0d0f565e5e,library_uuid,4,2236c52d-924b-415a-aae0-00fa08d12d1f | 894c6ccb-cb7a-4ea1-b032-b1d93b25247d | 9850fb76-4155-4910-881f-b5d33ee0835c | f2380b81-e46f-430b-8fd2-e3897ddf7be9
sample,037d2b66-6091-42f8-b0ff-07c9130dea62,library_uuid,4,16552c24-ef48-4e1f-aff5-319a1f739299 | 43b9b939-e389-4784-b4e0-ee9d12aa7ca1 | 91761416-a756-48e5-8768-fd169c7c564c | d9942805-5a63-4958-b714-7088c0428c65
sample,0426d045-1567-4897-8407-e7925395251c,library_uuid,4,0c3a7808-800f-43b1-a57b-08c3b2bb9e5a | 222b358b-71e7-4b0f-9f9b-47b4c67aaa27 | 585af22b-b80b-4a1d-8cc8-17d65b2639e1 | d8a37460-32f2-4b61-b1d2-1f7f0ba92779
sample,09e143b6-bb61-40d5-99d8-bcf32ae0a20a,library_uuid,4,28401515-eca4-442a-85fc-f8c2793b1c26 | 9184b09f-ca66-4623-a733-1f64bc1b424f | d9bf3113-086e-4165-ba13-e78a3d7b4138 | e16d2c39-bfd1-4fb1-8ed6-ad6b16f3652e
sample,09fc2399-2a9e-47ec-a0f4-f0c83ee59b98,library_uuid,4,1e3165e4-e0c0-4bf7-b803-7d8271b99fd5 | 60373b7d-7c45-428f-9622-aa4f854c4860 | d4d2da4e-6580-479c-b5f6-77b109e72715 | fb1e97d1-dd9c-4314-aae2-9c3745df1411
sample,0a1148dc-356f-4dc4-9c32-bf0823257d93,library_uuid,4,1495b93b-a19f-4364-95a3-6d8ac531eac6 | 3332f018-936e-4c4c-9105-99d9503db5a3 | 70a004b7-4a17-4702-8910-4557aa0c4279 | cdab3145-edc9-4352-932c-1638e791bfc9
sample,0a4bb8a3-0abf-46eb-a33c-c14a23d44387,library_uuid,4,3639058a-5dc3-49ad-82ff-cec405483912 | 56b848af-d12b-4f9c-b605-947e296caa46 | 8950207b-4940-4ef9-ad01-0ad0dace6f27 | b993ef60-52c8-41e2-83a2-bb44f1fb916f
sample,0b078cad-b547-43a9-a401-35cab69549b4,library_uuid,4,2dbf699a-f6cd-446d-8dc4-0595319cfa99 | 39564abe-76f3-4a33-9f10-f574069834bc | 78c34b8c-196b-4a31-b700-08882bfaf4ab | cdf51e52-a49a-474f-a6ba-da5a14137d09
sample,0e4725c3-8e87-420e-bbf1-15781f6bbf5c,library_uuid,4,0c7c125d-46d6-40ba-8088-31fb2b526a78 | 272dbb99-7929-46e2-8446-a19c21af05da | 6ab35eea-1bae-4ee8-8e5f-5f1505715ac3 | fc140c51-9b4f-427f-8e11-640bc7400007
sample,0e59aacb-7550-45ed-8510-b29b63163539,library_uuid,4,16552c24-ef48-4e1f-aff5-319a1f739299 | 43b9b939-e389-4784-b4e0-ee9d12aa7ca1 | 91761416-a756-48e5-8768-fd169c7c564c | d9942805-5a63-4958-b714-7088c0428c65
sample,0eebb9c2-8cf2-4e46-abcb-0525a9507033,library_uuid,4,0955850b-157b-4396-a3da-83b8bcbed172 | 34585dab-86cd-40a1-9780-83204c304046 | ddae4c77-2b07-4e3e-97f1-84a37cf04321 | ecd9109f-7197-46df-b3a8-1ac2d9990185
sample,0f3a21f5-e7b9-4139-93fb-5407dbfde4fc,library_uuid,4,152e2bfd-e9ea-4d70-a999-6f37fb3fb96c | 30bbf8d6-bd6a-4b4f-8d3e-a54bf78f79d5 | b816335c-8d84-4ecc-aa3e-2dea51795320 | df159c28-05fb-4f35-83b8-8c14af793f2a
sample,1046eed3-a68a-4d02-b26c-4f8054029760,library_uuid,4,1e3165e4-e0c0-4bf7-b803-7d8271b99fd5 | 60373b7d-7c45-428f-9622-aa4f854c4860 | d4d2da4e-6580-479c-b5f6-77b109e72715 | fb1e97d1-dd9c-4314-aae2-9c3745df1411
sample,11c6a06c-f0e0-45bc-b5ec-1b14445548d4,library_uuid,8,28401515-eca4-442a-85fc-f8c2793b1c26 | 9184b09f-ca66-4623-a733-1f64bc1b424f | a5cedd63-caae-415f-b7e4-c7f660fc89c8 | cd2306bc-106c-4506-b778-d184713c463a | d9278721-fad6-4eba-a1bb-4a26c0aea206 | d9bf3113-086e-4165-ba13-e78a3d7b4138 | e16d2c39-bfd1-4fb1-8ed6-ad6b16f3652e | f1568b25-4a87-414f-8329-1a860a3a8aeb
sample,11e9756a-d4e3-4024-8167-81f1c9013e09,library_uuid,4,2e65a160-ba6e-4001-b942-c2aa46cd2c5b | 7a2abe44-abb7-4648-bb14-224625a6da0b | 7c76a618-92ba-41fd-b0a7-306a1c1a6bf2 | a5750809-7c9f-409f-baa1-9bfbb22d2fcc
sample,13ec931d-a536-4679-ad6c-39d7bbaa8d5d,library_uuid,12,0103e306-959a-46b0-896d-d8b9dee40157 | 0be87f87-d01a-495e-9605-d89d36240908 | 1556abac-8f1a-404a-8a2f-402ac562143c | 3044f2b9-48b5-45ec-ac14-107f0d7372f0 | 54530f14-aadf-4c2a-8f92-9c22a69cc022 | 665a3535-8f40-4ae3-9260-cbce7060781f | 9586e7f4-5c57-452e-bb13-90ceef874118 | b795713b-ff23-4494-b6a3-1438b2baee3e | d461010c-38fd-414f-91bd-e1b3e7e2f8fb | dac92812-557b-4abd-8fb0-4f823ae8ff59 | e3629615-6d5c-4167-808f-996d53989dbf | e7240495-f3e8-42a3-ac5c-4a9a7eebc341
sample,145e48d0-e1f3-48cd-a198-d4c62e1f8ba0,library_uuid,4,1495b93b-a19f-4364-95a3-6d8ac531eac6 | 3332f018-936e-4c4c-9105-99d9503db5a3 | 70a004b7-4a17-4702-8910-4557aa0c4279 | cdab3145-edc9-4352-932c-1638e791bfc9
sample,150f491b-4af3-4972-853f-5d39e7ea824a,library_uuid,4,0c7c125d-46d6-40ba-8088-31fb2b526a78 | 272dbb99-7929-46e2-8446-a19c21af05da | 6ab35eea-1bae-4ee8-8e5f-5f1505715ac3 | fc140c51-9b4f-427f-8e11-640bc7400007
sample,168bc7ce-f2e2-46f4-8b35-43f4ddf39693,library_uuid,4,28401515-eca4-442a-85fc-f8c2793b1c26 | 9184b09f-ca66-4623-a733-1f64bc1b424f | d9bf3113-086e-4165-ba13-e78a3d7b4138 | e16d2c39-bfd1-4fb1-8ed6-ad6b16f3652e
sample,18773af4-60a6-4a6a-9249-429ddf7f5a89,library_uuid,4,152e2bfd-e9ea-4d70-a999-6f37fb3fb96c | 30bbf8d6-bd6a-4b4f-8d3e-a54bf78f79d5 | b816335c-8d84-4ecc-aa3e-2dea51795320 | df159c28-05fb-4f35-83b8-8c14af793f2a
sample,1990a6b9-ef47-4b7d-ac77-421031dec003,library_uuid,4,048cb921-e15f-47a6-a9e3-ed512574e5d7 | c64fa002-95f9-4429-b65c-6f55c7f907d4 | c7f79595-aa68-4139-9a87-094c761cc5ab | d641571e-6406-4309-ae61-acc6f2e0a50d
sample,1d10643b-90b7-4d0c-ad8d-534e5bd1ae8a,library_uuid,4,8321fef1-a067-4a62-a461-37e1f1b4f868 | 8627b3d4-c529-45b3-bf1e-0313791be91d | cfb525cf-987b-42c8-afca-8dd18f45b32d | d49aa545-2b96-409c-85e8-2bf8706475fb
sample,1d38192e-5e0c-43e5-a813-835461e099ae,library_uuid,4,16552c24-ef48-4e1f-aff5-319a1f739299 | 43b9b939-e389-4784-b4e0-ee9d12aa7ca1 | 91761416-a756-48e5-8768-fd169c7c564c | d9942805-5a63-4958-b714-7088c0428c65
sample,1f4f30c3-dbfc-4478-be7e-e047b7ad642a,library_uuid,4,15024b21-fb68-4bbe-92cf-0c9ab90f11a6 | 683bd537-4ff4-4741-afe5-be328f499d4b | 68492085-4a2b-4551-9b12-75062c694069 | bdc30514-427c-403e-a0ee-61e7d04e407e
sample,1fccdc9f-3051-4556-bea4-57412a092eb8,library_uuid,4,15024b21-fb68-4bbe-92cf-0c9ab90f11a6 | 683bd537-4ff4-4741-afe5-be328f499d4b | 68492085-4a2b-4551-9b12-75062c694069 | bdc30514-427c-403e-a0ee-61e7d04e407e
sample,20e15d59-e68c-4af0-873f-199998c6ee3b,library_uuid,4,2236c52d-924b-415a-aae0-00fa08d12d1f | 894c6ccb-cb7a-4ea1-b032-b1d93b25247d | 9850fb76-4155-4910-881f-b5d33ee0835c | f2380b81-e46f-430b-8fd2-e3897ddf7be9
sample,2261aca1-82ee-4276-9eaa-1d61688bd2f8,library_uuid,4,1e3165e4-e0c0-4bf7-b803-7d8271b99fd5 | 60373b7d-7c45-428f-9622-aa4f854c4860 | d4d2da4e-6580-479c-b5f6-77b109e72715 | fb1e97d1-dd9c-4314-aae2-9c3745df1411
sample,23373939-b15c-4982-bc28-48770bad82e2,library_uuid,4,0c7c125d-46d6-40ba-8088-31fb2b526a78 | 272dbb99-7929-46e2-8446-a19c21af05da | 6ab35eea-1bae-4ee8-8e5f-5f1505715ac3 | fc140c51-9b4f-427f-8e11-640bc7400007
sample,2512ead7-e6f3-4ceb-9894-46e1e71eb8df,library_uuid,4,0c7c125d-46d6-40ba-8088-31fb2b526a78 | 272dbb99-7929-46e2-8446-a19c21af05da | 6ab35eea-1bae-4ee8-8e5f-5f1505715ac3 | fc140c51-9b4f-427f-8e11-640bc7400007
sample,261c08e0-fa34-4086-950f-1d8425f2476b,library_uuid,4,16552c24-ef48-4e1f-aff5-319a1f739299 | 43b9b939-e389-4784-b4e0-ee9d12aa7ca1 | 91761416-a756-48e5-8768-fd169c7c564c | d9942805-5a63-4958-b714-7088c0428c65
sample,2688f505-eb1a-4f9f-af54-e30b3da7dff3,library_uuid,8,048cb921-e15f-47a6-a9e3-ed512574e5d7 | 16552c24-ef48-4e1f-aff5-319a1f739299 | 43b9b939-e389-4784-b4e0-ee9d12aa7ca1 | 91761416-a756-48e5-8768-fd169c7c564c | c64fa002-95f9-4429-b65c-6f55c7f907d4 | c7f79595-aa68-4139-9a87-094c761cc5ab | d641571e-6406-4309-ae61-acc6f2e0a50d | d9942805-5a63-4958-b714-7088c0428c65
sample,27978e88-cfed-4b90-b622-fd572e5ea40d,library_uuid,4,3639058a-5dc3-49ad-82ff-cec405483912 | 56b848af-d12b-4f9c-b605-947e296caa46 | 8950207b-4940-4ef9-ad01-0ad0dace6f27 | b993ef60-52c8-41e2-83a2-bb44f1fb916f
sample,279d06b2-a656-413d-8805-b07615ea48ee,library_uuid,4,39093cbf-e0a9-480d-ab0b-e9e4cf95a9f8 | 64f6fec6-18a3-4563-b731-189faf6423f2 | 6fd714df-b88d-43a6-8f75-3d300278329d | c2641f62-eb23-4dad-9c22-b52e72b79df2
sample,27ae3b51-85d4-49fe-bcc3-89b0cbd59e23,library_uuid,8,16552c24-ef48-4e1f-aff5-319a1f739299 | 2e65a160-ba6e-4001-b942-c2aa46cd2c5b | 43b9b939-e389-4784-b4e0-ee9d12aa7ca1 | 7a2abe44-abb7-4648-bb14-224625a6da0b | 7c76a618-92ba-41fd-b0a7-306a1c1a6bf2 | 91761416-a756-48e5-8768-fd169c7c564c | a5750809-7c9f-409f-baa1-9bfbb22d2fcc | d9942805-5a63-4958-b714-7088c0428c65
sample,27b03089-9abd-4025-b745-1a4d42f729a3,library_uuid,6,2236c52d-924b-415a-aae0-00fa08d12d1f | 4e57f7cc-1df2-467f-8bfe-cb19af5d7350 | 894c6ccb-cb7a-4ea1-b032-b1d93b25247d | 9850fb76-4155-4910-881f-b5d33ee0835c | ddb0a996-79fe-4eac-8760-76ee74c7c333 | f2380b81-e46f-430b-8fd2-e3897ddf7be9
sample,2899cc75-6bcb-4c24-9375-81a37c2a62f5,library_uuid,4,0c3a7808-800f-43b1-a57b-08c3b2bb9e5a | 222b358b-71e7-4b0f-9f9b-47b4c67aaa27 | 585af22b-b80b-4a1d-8cc8-17d65b2639e1 | d8a37460-32f2-4b61-b1d2-1f7f0ba92779
sample,2c6239f0-efd3-469e-86aa-554f62dfb4f8,library_uuid,6,2236c52d-924b-415a-aae0-00fa08d12d1f | 3c722d55-1664-4996-8228-63504e862676 | 894c6ccb-cb7a-4ea1-b032-b1d93b25247d | 9850fb76-4155-4910-881f-b5d33ee0835c | e9ebbe1e-ce77-4c97-a04e-4a64befe98c8 | f2380b81-e46f-430b-8fd2-e3897ddf7be9
sample,2d3d3f42-1bf4-4177-9be3-0f70a79f9d49,library_uuid,4,048cb921-e15f-47a6-a9e3-ed512574e5d7 | c64fa002-95f9-4429-b65c-6f55c7f907d4 | c7f79595-aa68-4139-9a87-094c761cc5ab | d641571e-6406-4309-ae61-acc6f2e0a50d
sample,2de24ffa-ba31-4218-a87f-7176c9b8f67c,library_uuid,4,048cb921-e15f-47a6-a9e3-ed512574e5d7 | c64fa002-95f9-4429-b65c-6f55c7f907d4 | c7f79595-aa68-4139-9a87-094c761cc5ab | d641571e-6406-4309-ae61-acc6f2e0a50d
sample,2e90178e-8c6e-44a4-8d5a-82dab547abcf,library_uuid,4,152e2bfd-e9ea-4d70-a999-6f37fb3fb96c | 30bbf8d6-bd6a-4b4f-8d3e-a54bf78f79d5 | b816335c-8d84-4ecc-aa3e-2dea51795320 | df159c28-05fb-4f35-83b8-8c14af793f2a
sample,2ed3aef8-6c08-4c7c-9d7c-8aa618321841,library_uuid,4,0955850b-157b-4396-a3da-83b8bcbed172 | 34585dab-86cd-40a1-9780-83204c304046 | ddae4c77-2b07-4e3e-97f1-84a37cf04321 | ecd9109f-7197-46df-b3a8-1ac2d9990185
sample,2f17ecfd-2b2e-4603-bf0e-4105f13870b5,library_uuid,4,15024b21-fb68-4bbe-92cf-0c9ab90f11a6 | 683bd537-4ff4-4741-afe5-be328f499d4b | 68492085-4a2b-4551-9b12-75062c694069 | bdc30514-427c-403e-a0ee-61e7d04e407e
sample,3098a146-f3f2-4994-b7d1-770425e1f8b8,library_uuid,4,28401515-eca4-442a-85fc-f8c2793b1c26 | 9184b09f-ca66-4623-a733-1f64bc1b424f | d9bf3113-086e-4165-ba13-e78a3d7b4138 | e16d2c39-bfd1-4fb1-8ed6-ad6b16f3652e
sample,3178b123-e965-4449-8944-c88b17d0d082,library_uuid,4,1e3165e4-e0c0-4bf7-b803-7d8271b99fd5 | 60373b7d-7c45-428f-9622-aa4f854c4860 | d4d2da4e-6580-479c-b5f6-77b109e72715 | fb1e97d1-dd9c-4314-aae2-9c3745df1411
sample,32207039-fb11-4f7f-8113-13538664ea08,library_uuid,4,152e2bfd-e9ea-4d70-a999-6f37fb3fb96c | 30bbf8d6-bd6a-4b4f-8d3e-a54bf78f79d5 | b816335c-8d84-4ecc-aa3e-2dea51795320 | df159c28-05fb-4f35-83b8-8c14af793f2a
sample,3382e6de-ead1-467c-9d88-972e44e867bf,library_uuid,4,1495b93b-a19f-4364-95a3-6d8ac531eac6 | 3332f018-936e-4c4c-9105-99d9503db5a3 | 70a004b7-4a17-4702-8910-4557aa0c4279 | cdab3145-edc9-4352-932c-1638e791bfc9
sample,342b5092-67e5-4a0e-a437-8b735f2a863c,library_uuid,8,16552c24-ef48-4e1f-aff5-319a1f739299 | 2236c52d-924b-415a-aae0-00fa08d12d1f | 43b9b939-e389-4784-b4e0-ee9d12aa7ca1 | 894c6ccb-cb7a-4ea1-b032-b1d93b25247d | 91761416-a756-48e5-8768-fd169c7c564c | 9850fb76-4155-4910-881f-b5d33ee0835c | d9942805-5a63-4958-b714-7088c0428c65 | f2380b81-e46f-430b-8fd2-e3897ddf7be9
sample,3434bd39-04ed-4492-97b1-7410192739e8,library_uuid,4,2236c52d-924b-415a-aae0-00fa08d12d1f | 894c6ccb-cb7a-4ea1-b032-b1d93b25247d | 9850fb76-4155-4910-881f-b5d33ee0835c | f2380b81-e46f-430b-8fd2-e3897ddf7be9
sample,34fcf40d-5976-44a6-8f49-1fe0e3b1c064,library_uuid,4,8321fef1-a067-4a62-a461-37e1f1b4f868 | 8627b3d4-c529-45b3-bf1e-0313791be91d | cfb525cf-987b-42c8-afca-8dd18f45b32d | d49aa545-2b96-409c-85e8-2bf8706475fb
sample,3672d82d-f24c-4536-b75a-0627889e1426,library_uuid,12,1556abac-8f1a-404a-8a2f-402ac562143c | 3044f2b9-48b5-45ec-ac14-107f0d7372f0 | 665a3535-8f40-4ae3-9260-cbce7060781f | 8321fef1-a067-4a62-a461-37e1f1b4f868 | 8627b3d4-c529-45b3-bf1e-0313791be91d | a5cedd63-caae-415f-b7e4-c7f660fc89c8 | b795713b-ff23-4494-b6a3-1438b2baee3e | cd2306bc-106c-4506-b778-d184713c463a | cfb525cf-987b-42c8-afca-8dd18f45b32d | d49aa545-2b96-409c-85e8-2bf8706475fb | d9278721-fad6-4eba-a1bb-4a26c0aea206 | f1568b25-4a87-414f-8329-1a860a3a8aeb
sample,37214563-4102-451e-a546-a1833db3aedd,library_uuid,4,0955850b-157b-4396-a3da-83b8bcbed172 | 34585dab-86cd-40a1-9780-83204c304046 | ddae4c77-2b07-4e3e-97f1-84a37cf04321 | ecd9109f-7197-46df-b3a8-1ac2d9990185
sample,37d3daeb-c0f5-414a-8b98-0517e7464535,library_uuid,4,16552c24-ef48-4e1f-aff5-319a1f739299 | 43b9b939-e389-4784-b4e0-ee9d12aa7ca1 | 91761416-a756-48e5-8768-fd169c7c564c | d9942805-5a63-4958-b714-7088c0428c65
sample,385a6725-3504-4717-af12-cfed4adc3e9b,library_uuid,4,048cb921-e15f-47a6-a9e3-ed512574e5d7 | c64fa002-95f9-4429-b65c-6f55c7f907d4 | c7f79595-aa68-4139-9a87-094c761cc5ab | d641571e-6406-4309-ae61-acc6f2e0a50d
sample,3876bd23-e063-4b96-89ae-eec693743c86,library_uuid,12,048cb921-e15f-47a6-a9e3-ed512574e5d7 | 28401515-eca4-442a-85fc-f8c2793b1c26 | 9184b09f-ca66-4623-a733-1f64bc1b424f | a5cedd63-caae-415f-b7e4-c7f660fc89c8 | c64fa002-95f9-4429-b65c-6f55c7f907d4 | c7f79595-aa68-4139-9a87-094c761cc5ab | cd2306bc-106c-4506-b778-d184713c463a | d641571e-6406-4309-ae61-acc6f2e0a50d | d9278721-fad6-4eba-a1bb-4a26c0aea206 | d9bf3113-086e-4165-ba13-e78a3d7b4138 | e16d2c39-bfd1-4fb1-8ed6-ad6b16f3652e | f1568b25-4a87-414f-8329-1a860a3a8aeb
sample,38c6ab44-8cf8-4bcf-93da-5c8b0c104bbc,library_uuid,8,0c3a7808-800f-43b1-a57b-08c3b2bb9e5a | 222b358b-71e7-4b0f-9f9b-47b4c67aaa27 | 2dbf699a-f6cd-446d-8dc4-0595319cfa99 | 39564abe-76f3-4a33-9f10-f574069834bc | 585af22b-b80b-4a1d-8cc8-17d65b2639e1 | 78c34b8c-196b-4a31-b700-08882bfaf4ab | cdf51e52-a49a-474f-a6ba-da5a14137d09 | d8a37460-32f2-4b61-b1d2-1f7f0ba92779
sample,39006dbe-f7a7-4f05-aeac-0ca1876a7a3f,library_uuid,4,1495b93b-a19f-4364-95a3-6d8ac531eac6 | 3332f018-936e-4c4c-9105-99d9503db5a3 | 70a004b7-4a17-4702-8910-4557aa0c4279 | cdab3145-edc9-4352-932c-1638e791bfc9
sample,39824ee5-7478-4dc4-baad-9a90e3ca30ff,library_uuid,4,3639058a-5dc3-49ad-82ff-cec405483912 | 56b848af-d12b-4f9c-b605-947e296caa46 | 8950207b-4940-4ef9-ad01-0ad0dace6f27 | b993ef60-52c8-41e2-83a2-bb44f1fb916f
sample,39b05a41-41b3-4146-896b-017b0443556d,library_uuid,4,15024b21-fb68-4bbe-92cf-0c9ab90f11a6 | 683bd537-4ff4-4741-afe5-be328f499d4b | 68492085-4a2b-4551-9b12-75062c694069 | bdc30514-427c-403e-a0ee-61e7d04e407e
sample,3acf43ac-421f-48ad-9363-a51cce15e119,library_uuid,4,0c7c125d-46d6-40ba-8088-31fb2b526a78 | 272dbb99-7929-46e2-8446-a19c21af05da | 6ab35eea-1bae-4ee8-8e5f-5f1505715ac3 | fc140c51-9b4f-427f-8e11-640bc7400007
sample,3b0f67b7-7799-4746-8435-9ccb71ccacec,library_uuid,4,2dbf699a-f6cd-446d-8dc4-0595319cfa99 | 39564abe-76f3-4a33-9f10-f574069834bc | 78c34b8c-196b-4a31-b700-08882bfaf4ab | cdf51e52-a49a-474f-a6ba-da5a14137d09
sample,3be3bf0e-065c-4451-bdff-100e1f88b8d9,library_uuid,4,3639058a-5dc3-49ad-82ff-cec405483912 | 56b848af-d12b-4f9c-b605-947e296caa46 | 8950207b-4940-4ef9-ad01-0ad0dace6f27 | b993ef60-52c8-41e2-83a2-bb44f1fb916f
sample,3caa3c5a-9c12-464a-a794-8b7ca2cfaace,library_uuid,4,0103e306-959a-46b0-896d-d8b9dee40157 | 9586e7f4-5c57-452e-bb13-90ceef874118 | d461010c-38fd-414f-91bd-e1b3e7e2f8fb | e7240495-f3e8-42a3-ac5c-4a9a7eebc341
sample,3e17b93b-6d64-4b05-adf1-bee9b370788c,library_uuid,4,3639058a-5dc3-49ad-82ff-cec405483912 | 56b848af-d12b-4f9c-b605-947e296caa46 | 8950207b-4940-4ef9-ad01-0ad0dace6f27 | b993ef60-52c8-41e2-83a2-bb44f1fb916f
sample,3ecf5ad3-4ae3-4152-a1d2-4c9c548c5551,library_uuid,8,15024b21-fb68-4bbe-92cf-0c9ab90f11a6 | 16552c24-ef48-4e1f-aff5-319a1f739299 | 43b9b939-e389-4784-b4e0-ee9d12aa7ca1 | 683bd537-4ff4-4741-afe5-be328f499d4b | 68492085-4a2b-4551-9b12-75062c694069 | 91761416-a756-48e5-8768-fd169c7c564c | bdc30514-427c-403e-a0ee-61e7d04e407e | d9942805-5a63-4958-b714-7088c0428c65
sample,3f068829-713e-4b6a-a79a-754b7d9eef46,library_uuid,8,1495b93b-a19f-4364-95a3-6d8ac531eac6 | 15024b21-fb68-4bbe-92cf-0c9ab90f11a6 | 3332f018-936e-4c4c-9105-99d9503db5a3 | 683bd537-4ff4-4741-afe5-be328f499d4b | 68492085-4a2b-4551-9b12-75062c694069 | 70a004b7-4a17-4702-8910-4557aa0c4279 | bdc30514-427c-403e-a0ee-61e7d04e407e | cdab3145-edc9-4352-932c-1638e791bfc9
sample,3f29e4ef-952a-4a98-9659-d26028f71319,library_uuid,4,0c3a7808-800f-43b1-a57b-08c3b2bb9e5a | 222b358b-71e7-4b0f-9f9b-47b4c67aaa27 | 585af22b-b80b-4a1d-8cc8-17d65b2639e1 | d8a37460-32f2-4b61-b1d2-1f7f0ba92779
sample,3f7db560-4400-424a-87a7-45e712c31264,library_uuid,4,1556abac-8f1a-404a-8a2f-402ac562143c | 3044f2b9-48b5-45ec-ac14-107f0d7372f0 | 665a3535-8f40-4ae3-9260-cbce7060781f | b795713b-ff23-4494-b6a3-1438b2baee3e
sample,3ff8915f-d4b6-418d-89ec-61fffb366646,library_uuid,8,0c3a7808-800f-43b1-a57b-08c3b2bb9e5a | 10cec51f-a79f-4907-8745-b45df64f6946 | 222b358b-71e7-4b0f-9f9b-47b4c67aaa27 | 32436280-1ea6-4678-bb18-4632fe8c4933 | 585af22b-b80b-4a1d-8cc8-17d65b2639e1 | 90e60bb7-e776-4dff-a8ba-6390acefdbee | ca103ed6-7a7e-4450-9546-ac295532bced | d8a37460-32f2-4b61-b1d2-1f7f0ba92779
sample,4227d4ba-c467-4e19-8f48-5181a811a565,library_uuid,4,2dbf699a-f6cd-446d-8dc4-0595319cfa99 | 39564abe-76f3-4a33-9f10-f574069834bc | 78c34b8c-196b-4a31-b700-08882bfaf4ab | cdf51e52-a49a-474f-a6ba-da5a14137d09
sample,42e0623b-6872-409f-bd76-1c2cb5e3b5c0,library_uuid,4,0be87f87-d01a-495e-9605-d89d36240908 | 54530f14-aadf-4c2a-8f92-9c22a69cc022 | dac92812-557b-4abd-8fb0-4f823ae8ff59 | e3629615-6d5c-4167-808f-996d53989dbf
sample,4334dd89-25d8-4a14-a25a-dd3c14318ff2,library_uuid,2,3c722d55-1664-4996-8228-63504e862676 | e9ebbe1e-ce77-4c97-a04e-4a64befe98c8
sample,43af3cab-af35-45c0-82f6-304ca64e9f0d,library_uuid,4,10cec51f-a79f-4907-8745-b45df64f6946 | 32436280-1ea6-4678-bb18-4632fe8c4933 | 90e60bb7-e776-4dff-a8ba-6390acefdbee | ca103ed6-7a7e-4450-9546-ac295532bced
sample,43f3d10e-a47a-4f63-965c-a8fe58d5861f,library_uuid,4,0103e306-959a-46b0-896d-d8b9dee40157 | 9586e7f4-5c57-452e-bb13-90ceef874118 | d461010c-38fd-414f-91bd-e1b3e7e2f8fb | e7240495-f3e8-42a3-ac5c-4a9a7eebc341
sample,4452abfd-aa95-4982-b2c8-ac779e0cc76e,library_uuid,4,1e3165e4-e0c0-4bf7-b803-7d8271b99fd5 | 60373b7d-7c45-428f-9622-aa4f854c4860 | d4d2da4e-6580-479c-b5f6-77b109e72715 | fb1e97d1-dd9c-4314-aae2-9c3745df1411
sample,44c75170-6dfa-485f-99eb-275a1d77620b,library_uuid,4,048cb921-e15f-47a6-a9e3-ed512574e5d7 | c64fa002-95f9-4429-b65c-6f55c7f907d4 | c7f79595-aa68-4139-9a87-094c761cc5ab | d641571e-6406-4309-ae61-acc6f2e0a50d
sample,45abcda8-4f12-4496-983b-9c712250dc3c,library_uuid,4,28401515-eca4-442a-85fc-f8c2793b1c26 | 9184b09f-ca66-4623-a733-1f64bc1b424f | d9bf3113-086e-4165-ba13-e78a3d7b4138 | e16d2c39-bfd1-4fb1-8ed6-ad6b16f3652e
sample,45eb2bf7-4993-46ea-9055-645ad7d29a5e,library_uuid,4,1e3165e4-e0c0-4bf7-b803-7d8271b99fd5 | 60373b7d-7c45-428f-9622-aa4f854c4860 | d4d2da4e-6580-479c-b5f6-77b109e72715 | fb1e97d1-dd9c-4314-aae2-9c3745df1411
sample,46e0206c-f34e-4e58-a099-c5de09a89bdb,library_uuid,4,10cec51f-a79f-4907-8745-b45df64f6946 | 32436280-1ea6-4678-bb18-4632fe8c4933 | 90e60bb7-e776-4dff-a8ba-6390acefdbee | ca103ed6-7a7e-4450-9546-ac295532bced
sample,46e6ff98-de92-4b09-98ae-ff683d6ed775,library_uuid,8,10cec51f-a79f-4907-8745-b45df64f6946 | 2236c52d-924b-415a-aae0-00fa08d12d1f | 32436280-1ea6-4678-bb18-4632fe8c4933 | 894c6ccb-cb7a-4ea1-b032-b1d93b25247d | 90e60bb7-e776-4dff-a8ba-6390acefdbee | 9850fb76-4155-4910-881f-b5d33ee0835c | ca103ed6-7a7e-4450-9546-ac295532bced | f2380b81-e46f-430b-8fd2-e3897ddf7be9
sample,4752a18e-a3a0-4699-99e8-18c7fee59072,library_uuid,12,15024b21-fb68-4bbe-92cf-0c9ab90f11a6 | 152e2bfd-e9ea-4d70-a999-6f37fb3fb96c | 30bbf8d6-bd6a-4b4f-8d3e-a54bf78f79d5 | 683bd537-4ff4-4741-afe5-be328f499d4b | 68492085-4a2b-4551-9b12-75062c694069 | a5cedd63-caae-415f-b7e4-c7f660fc89c8 | b816335c-8d84-4ecc-aa3e-2dea51795320 | bdc30514-427c-403e-a0ee-61e7d04e407e | cd2306bc-106c-4506-b778-d184713c463a | d9278721-fad6-4eba-a1bb-4a26c0aea206 | df159c28-05fb-4f35-83b8-8c14af793f2a | f1568b25-4a87-414f-8329-1a860a3a8aeb
sample,486df2f6-0fc3-4c16-a895-ed987f19d081,library_uuid,4,0955850b-157b-4396-a3da-83b8bcbed172 | 34585dab-86cd-40a1-9780-83204c304046 | ddae4c77-2b07-4e3e-97f1-84a37cf04321 | ecd9109f-7197-46df-b3a8-1ac2d9990185
sample,4a555a89-3c4e-4e35-91ed-eed175492e5d,library_uuid,8,1495b93b-a19f-4364-95a3-6d8ac531eac6 | 2dbf699a-f6cd-446d-8dc4-0595319cfa99 | 3332f018-936e-4c4c-9105-99d9503db5a3 | 39564abe-76f3-4a33-9f10-f574069834bc | 70a004b7-4a17-4702-8910-4557aa0c4279 | 78c34b8c-196b-4a31-b700-08882bfaf4ab | cdab3145-edc9-4352-932c-1638e791bfc9 | cdf51e52-a49a-474f-a6ba-da5a14137d09
sample,4be5b6e5-f225-4892-9ac0-9233bf04dbb9,library_uuid,4,0c3a7808-800f-43b1-a57b-08c3b2bb9e5a | 222b358b-71e7-4b0f-9f9b-47b4c67aaa27 | 585af22b-b80b-4a1d-8cc8-17d65b2639e1 | d8a37460-32f2-4b61-b1d2-1f7f0ba92779
sample,4cb8f7e8-d13c-46e6-b86a-ee6dcb42db1a,library_uuid,4,2e65a160-ba6e-4001-b942-c2aa46cd2c5b | 7a2abe44-abb7-4648-bb14-224625a6da0b | 7c76a618-92ba-41fd-b0a7-306a1c1a6bf2 | a5750809-7c9f-409f-baa1-9bfbb22d2fcc
sample,4d63229d-5cc2-4b05-a3f4-28040827bd13,library_uuid,4,2e65a160-ba6e-4001-b942-c2aa46cd2c5b | 7a2abe44-abb7-4648-bb14-224625a6da0b | 7c76a618-92ba-41fd-b0a7-306a1c1a6bf2 | a5750809-7c9f-409f-baa1-9bfbb22d2fcc
sample,4e63511b-e07c-4fe2-af13-d535b769bbbd,library_uuid,6,2236c52d-924b-415a-aae0-00fa08d12d1f | 4e57f7cc-1df2-467f-8bfe-cb19af5d7350 | 894c6ccb-cb7a-4ea1-b032-b1d93b25247d | 9850fb76-4155-4910-881f-b5d33ee0835c | ddb0a996-79fe-4eac-8760-76ee74c7c333 | f2380b81-e46f-430b-8fd2-e3897ddf7be9
sample,4f96324f-0403-4ba1-b110-02c96a5cba84,library_uuid,8,0955850b-157b-4396-a3da-83b8bcbed172 | 2e65a160-ba6e-4001-b942-c2aa46cd2c5b | 34585dab-86cd-40a1-9780-83204c304046 | 7a2abe44-abb7-4648-bb14-224625a6da0b | 7c76a618-92ba-41fd-b0a7-306a1c1a6bf2 | a5750809-7c9f-409f-baa1-9bfbb22d2fcc | ddae4c77-2b07-4e3e-97f1-84a37cf04321 | ecd9109f-7197-46df-b3a8-1ac2d9990185
sample,503f2d5f-e904-46f9-99c6-c89dec37be2d,library_uuid,4,0955850b-157b-4396-a3da-83b8bcbed172 | 34585dab-86cd-40a1-9780-83204c304046 | ddae4c77-2b07-4e3e-97f1-84a37cf04321 | ecd9109f-7197-46df-b3a8-1ac2d9990185
sample,5178b16a-a577-456e-b53c-6ab4be7bed85,library_uuid,4,39093cbf-e0a9-480d-ab0b-e9e4cf95a9f8 | 64f6fec6-18a3-4563-b731-189faf6423f2 | 6fd714df-b88d-43a6-8f75-3d300278329d | c2641f62-eb23-4dad-9c22-b52e72b79df2
sample,52c33723-f3ef-430c-a3f2-dd9ddfe0a0dd,library_uuid,4,15024b21-fb68-4bbe-92cf-0c9ab90f11a6 | 683bd537-4ff4-4741-afe5-be328f499d4b | 68492085-4a2b-4551-9b12-75062c694069 | bdc30514-427c-403e-a0ee-61e7d04e407e
sample,53003f7f-f631-4dd0-ac73-543dcf566b81,library_uuid,4,0be87f87-d01a-495e-9605-d89d36240908 | 54530f14-aadf-4c2a-8f92-9c22a69cc022 | dac92812-557b-4abd-8fb0-4f823ae8ff59 | e3629615-6d5c-4167-808f-996d53989dbf
sample,553053e8-aa00-41be-a991-04eacc015380,library_uuid,4,0955850b-157b-4396-a3da-83b8bcbed172 | 34585dab-86cd-40a1-9780-83204c304046 | ddae4c77-2b07-4e3e-97f1-84a37cf04321 | ecd9109f-7197-46df-b3a8-1ac2d9990185
sample,55555033-33d9-49bc-b378-c20c8ed2fb1b,library_uuid,4,1495b93b-a19f-4364-95a3-6d8ac531eac6 | 3332f018-936e-4c4c-9105-99d9503db5a3 | 70a004b7-4a17-4702-8910-4557aa0c4279 | cdab3145-edc9-4352-932c-1638e791bfc9
sample,55e1ebfb-4571-4e95-9c84-8f81d3335fd9,library_uuid,4,0103e306-959a-46b0-896d-d8b9dee40157 | 9586e7f4-5c57-452e-bb13-90ceef874118 | d461010c-38fd-414f-91bd-e1b3e7e2f8fb | e7240495-f3e8-42a3-ac5c-4a9a7eebc341
sample,5699f1b6-492f-4e2a-8e10-54f25a6cae68,library_uuid,4,1495b93b-a19f-4364-95a3-6d8ac531eac6 | 3332f018-936e-4c4c-9105-99d9503db5a3 | 70a004b7-4a17-4702-8910-4557aa0c4279 | cdab3145-edc9-4352-932c-1638e791bfc9
sample,577bce84-8d37-4851-9fb4-53f9467699ba,library_uuid,8,1495b93b-a19f-4364-95a3-6d8ac531eac6 | 1556abac-8f1a-404a-8a2f-402ac562143c | 3044f2b9-48b5-45ec-ac14-107f0d7372f0 | 3332f018-936e-4c4c-9105-99d9503db5a3 | 665a3535-8f40-4ae3-9260-cbce7060781f | 70a004b7-4a17-4702-8910-4557aa0c4279 | b795713b-ff23-4494-b6a3-1438b2baee3e | cdab3145-edc9-4352-932c-1638e791bfc9
sample,57f0790a-15ce-4b6a-aae1-b45763b8d226,library_uuid,4,0c3a7808-800f-43b1-a57b-08c3b2bb9e5a | 222b358b-71e7-4b0f-9f9b-47b4c67aaa27 | 585af22b-b80b-4a1d-8cc8-17d65b2639e1 | d8a37460-32f2-4b61-b1d2-1f7f0ba92779
sample,58491584-2df2-4f81-829b-6f930c4d8649,library_uuid,8,10cec51f-a79f-4907-8745-b45df64f6946 | 152e2bfd-e9ea-4d70-a999-6f37fb3fb96c | 30bbf8d6-bd6a-4b4f-8d3e-a54bf78f79d5 | 32436280-1ea6-4678-bb18-4632fe8c4933 | 90e60bb7-e776-4dff-a8ba-6390acefdbee | b816335c-8d84-4ecc-aa3e-2dea51795320 | ca103ed6-7a7e-4450-9546-ac295532bced | df159c28-05fb-4f35-83b8-8c14af793f2a
sample,58d745d1-10b8-4195-9cc0-7d5aadf9a791,library_uuid,4,10cec51f-a79f-4907-8745-b45df64f6946 | 32436280-1ea6-4678-bb18-4632fe8c4933 | 90e60bb7-e776-4dff-a8ba-6390acefdbee | ca103ed6-7a7e-4450-9546-ac295532bced
sample,5a4d2669-4967-4de5-853b-13c224029d30,library_uuid,8,0c7c125d-46d6-40ba-8088-31fb2b526a78 | 272dbb99-7929-46e2-8446-a19c21af05da | 39093cbf-e0a9-480d-ab0b-e9e4cf95a9f8 | 64f6fec6-18a3-4563-b731-189faf6423f2 | 6ab35eea-1bae-4ee8-8e5f-5f1505715ac3 | 6fd714df-b88d-43a6-8f75-3d300278329d | c2641f62-eb23-4dad-9c22-b52e72b79df2 | fc140c51-9b4f-427f-8e11-640bc7400007
sample,5d0826b4-fa43-4e32-8426-4ee9b3950e0f,library_uuid,4,3639058a-5dc3-49ad-82ff-cec405483912 | 56b848af-d12b-4f9c-b605-947e296caa46 | 8950207b-4940-4ef9-ad01-0ad0dace6f27 | b993ef60-52c8-41e2-83a2-bb44f1fb916f
sample,5d55e840-0d9f-48df-bc26-6f4466c02eb6,library_uuid,4,048cb921-e15f-47a6-a9e3-ed512574e5d7 | c64fa002-95f9-4429-b65c-6f55c7f907d4 | c7f79595-aa68-4139-9a87-094c761cc5ab | d641571e-6406-4309-ae61-acc6f2e0a50d
sample,5e0ed28c-a75a-4ecd-a0c7-49e71264690b,library_uuid,8,1556abac-8f1a-404a-8a2f-402ac562143c | 3044f2b9-48b5-45ec-ac14-107f0d7372f0 | 39093cbf-e0a9-480d-ab0b-e9e4cf95a9f8 | 64f6fec6-18a3-4563-b731-189faf6423f2 | 665a3535-8f40-4ae3-9260-cbce7060781f | 6fd714df-b88d-43a6-8f75-3d300278329d | b795713b-ff23-4494-b6a3-1438b2baee3e | c2641f62-eb23-4dad-9c22-b52e72b79df2
sample,5f31d290-7101-4ef4-9510-f3692aba34de,library_uuid,16,0c7c125d-46d6-40ba-8088-31fb2b526a78 | 15024b21-fb68-4bbe-92cf-0c9ab90f11a6 | 272dbb99-7929-46e2-8446-a19c21af05da | 2e65a160-ba6e-4001-b942-c2aa46cd2c5b | 683bd537-4ff4-4741-afe5-be328f499d4b | 68492085-4a2b-4551-9b12-75062c694069 | 6ab35eea-1bae-4ee8-8e5f-5f1505715ac3 | 7a2abe44-abb7-4648-bb14-224625a6da0b | 7c76a618-92ba-41fd-b0a7-306a1c1a6bf2 | a5750809-7c9f-409f-baa1-9bfbb22d2fcc | a5cedd63-caae-415f-b7e4-c7f660fc89c8 | bdc30514-427c-403e-a0ee-61e7d04e407e | cd2306bc-106c-4506-b778-d184713c463a | d9278721-fad6-4eba-a1bb-4a26c0aea206 | f1568b25-4a87-414f-8329-1a860a3a8aeb | fc140c51-9b4f-427f-8e11-640bc7400007
sample,612207b0-dca1-4ac5-80c1-65a495c1a99d,library_uuid,4,0be87f87-d01a-495e-9605-d89d36240908 | 54530f14-aadf-4c2a-8f92-9c22a69cc022 | dac92812-557b-4abd-8fb0-4f823ae8ff59 | e3629615-6d5c-4167-808f-996d53989dbf
sample,6242534a-ef16-4237-b53e-9dc823087738,library_uuid,4,28401515-eca4-442a-85fc-f8c2793b1c26 | 9184b09f-ca66-4623-a733-1f64bc1b424f | d9bf3113-086e-4165-ba13-e78a3d7b4138 | e16d2c39-bfd1-4fb1-8ed6-ad6b16f3652e
sample,6307a65a-3edb-45f0-bc18-27a090661e19,library_uuid,4,39093cbf-e0a9-480d-ab0b-e9e4cf95a9f8 | 64f6fec6-18a3-4563-b731-189faf6423f2 | 6fd714df-b88d-43a6-8f75-3d300278329d | c2641f62-eb23-4dad-9c22-b52e72b79df2
sample,63c521a1-5a88-4a39-8d65-a0999cb2cfa6,library_uuid,4,39093cbf-e0a9-480d-ab0b-e9e4cf95a9f8 | 64f6fec6-18a3-4563-b731-189faf6423f2 | 6fd714df-b88d-43a6-8f75-3d300278329d | c2641f62-eb23-4dad-9c22-b52e72b79df2
sample,64c3201b-c402-4c5a-a7a5-ee67e5dc4351,library_uuid,4,1495b93b-a19f-4364-95a3-6d8ac531eac6 | 3332f018-936e-4c4c-9105-99d9503db5a3 | 70a004b7-4a17-4702-8910-4557aa0c4279 | cdab3145-edc9-4352-932c-1638e791bfc9
sample,64d258d2-f11a-4c9b-8206-614aef9d5a38,library_uuid,4,0955850b-157b-4396-a3da-83b8bcbed172 | 34585dab-86cd-40a1-9780-83204c304046 | ddae4c77-2b07-4e3e-97f1-84a37cf04321 | ecd9109f-7197-46df-b3a8-1ac2d9990185
sample,66e0d3ad-e8b3-4bae-a700-2626841e8d16,library_uuid,4,2236c52d-924b-415a-aae0-00fa08d12d1f | 894c6ccb-cb7a-4ea1-b032-b1d93b25247d | 9850fb76-4155-4910-881f-b5d33ee0835c | f2380b81-e46f-430b-8fd2-e3897ddf7be9
sample,670c5ac9-5e1c-4834-8087-2dd39d87d04b,library_uuid,8,0c7c125d-46d6-40ba-8088-31fb2b526a78 | 10cec51f-a79f-4907-8745-b45df64f6946 | 272dbb99-7929-46e2-8446-a19c21af05da | 32436280-1ea6-4678-bb18-4632fe8c4933 | 6ab35eea-1bae-4ee8-8e5f-5f1505715ac3 | 90e60bb7-e776-4dff-a8ba-6390acefdbee | ca103ed6-7a7e-4450-9546-ac295532bced | fc140c51-9b4f-427f-8e11-640bc7400007
sample,6779676d-7bac-4431-bbb0-0b7c773b55da,library_uuid,8,0c7c125d-46d6-40ba-8088-31fb2b526a78 | 1495b93b-a19f-4364-95a3-6d8ac531eac6 | 272dbb99-7929-46e2-8446-a19c21af05da | 3332f018-936e-4c4c-9105-99d9503db5a3 | 6ab35eea-1bae-4ee8-8e5f-5f1505715ac3 | 70a004b7-4a17-4702-8910-4557aa0c4279 | cdab3145-edc9-4352-932c-1638e791bfc9 | fc140c51-9b4f-427f-8e11-640bc7400007
sample,678d2b37-30f0-4771-9702-7e74c70f1d12,library_uuid,4,0be87f87-d01a-495e-9605-d89d36240908 | 54530f14-aadf-4c2a-8f92-9c22a69cc022 | dac92812-557b-4abd-8fb0-4f823ae8ff59 | e3629615-6d5c-4167-808f-996d53989dbf
sample,68a0c04e-d86a-4f1b-a557-ec0331c4f71f,library_uuid,4,10cec51f-a79f-4907-8745-b45df64f6946 | 32436280-1ea6-4678-bb18-4632fe8c4933 | 90e60bb7-e776-4dff-a8ba-6390acefdbee | ca103ed6-7a7e-4450-9546-ac295532bced
sample,69b3abaf-0498-44c8-867f-086ccc8dce13,library_uuid,8,048cb921-e15f-47a6-a9e3-ed512574e5d7 | 16552c24-ef48-4e1f-aff5-319a1f739299 | 43b9b939-e389-4784-b4e0-ee9d12aa7ca1 | 91761416-a756-48e5-8768-fd169c7c564c | c64fa002-95f9-4429-b65c-6f55c7f907d4 | c7f79595-aa68-4139-9a87-094c761cc5ab | d641571e-6406-4309-ae61-acc6f2e0a50d | d9942805-5a63-4958-b714-7088c0428c65
sample,69f01d3d-94dc-44e1-a463-74beabeb022f,library_uuid,4,2e65a160-ba6e-4001-b942-c2aa46cd2c5b | 7a2abe44-abb7-4648-bb14-224625a6da0b | 7c76a618-92ba-41fd-b0a7-306a1c1a6bf2 | a5750809-7c9f-409f-baa1-9bfbb22d2fcc
sample,6a84e718-fd28-4df4-be57-5d3a0b9b06a4,library_uuid,4,0be87f87-d01a-495e-9605-d89d36240908 | 54530f14-aadf-4c2a-8f92-9c22a69cc022 | dac92812-557b-4abd-8fb0-4f823ae8ff59 | e3629615-6d5c-4167-808f-996d53989dbf
sample,6c925f38-0ae8-4db8-ba05-b5e2a2563511,library_uuid,4,8321fef1-a067-4a62-a461-37e1f1b4f868 | 8627b3d4-c529-45b3-bf1e-0313791be91d | cfb525cf-987b-42c8-afca-8dd18f45b32d | d49aa545-2b96-409c-85e8-2bf8706475fb
sample,6d32f89c-b5b9-4486-94f8-5368115f0408,library_uuid,4,3639058a-5dc3-49ad-82ff-cec405483912 | 56b848af-d12b-4f9c-b605-947e296caa46 | 8950207b-4940-4ef9-ad01-0ad0dace6f27 | b993ef60-52c8-41e2-83a2-bb44f1fb916f
sample,6d8ca891-26ad-487f-b162-a32a835fd534,library_uuid,4,0103e306-959a-46b0-896d-d8b9dee40157 | 9586e7f4-5c57-452e-bb13-90ceef874118 | d461010c-38fd-414f-91bd-e1b3e7e2f8fb | e7240495-f3e8-42a3-ac5c-4a9a7eebc341
sample,6e8c12a9-b87c-4eb7-9587-70b0174e3f60,library_uuid,4,2e65a160-ba6e-4001-b942-c2aa46cd2c5b | 7a2abe44-abb7-4648-bb14-224625a6da0b | 7c76a618-92ba-41fd-b0a7-306a1c1a6bf2 | a5750809-7c9f-409f-baa1-9bfbb22d2fcc
sample,6f092ad4-41e1-4b4f-b492-64496cf82fcb,library_uuid,4,048cb921-e15f-47a6-a9e3-ed512574e5d7 | c64fa002-95f9-4429-b65c-6f55c7f907d4 | c7f79595-aa68-4139-9a87-094c761cc5ab | d641571e-6406-4309-ae61-acc6f2e0a50d
sample,7075f840-56e5-4fef-89af-7797d3becf4d,library_uuid,4,2e65a160-ba6e-4001-b942-c2aa46cd2c5b | 7a2abe44-abb7-4648-bb14-224625a6da0b | 7c76a618-92ba-41fd-b0a7-306a1c1a6bf2 | a5750809-7c9f-409f-baa1-9bfbb22d2fcc
sample,71ddcc80-c234-4f27-aa06-b49ae5a28784,library_uuid,4,16552c24-ef48-4e1f-aff5-319a1f739299 | 43b9b939-e389-4784-b4e0-ee9d12aa7ca1 | 91761416-a756-48e5-8768-fd169c7c564c | d9942805-5a63-4958-b714-7088c0428c65
sample,72cad246-b111-4616-88b5-8d1373736f54,library_uuid,4,1e3165e4-e0c0-4bf7-b803-7d8271b99fd5 | 60373b7d-7c45-428f-9622-aa4f854c4860 | d4d2da4e-6580-479c-b5f6-77b109e72715 | fb1e97d1-dd9c-4314-aae2-9c3745df1411
sample,74489391-0e1a-40c9-9ac8-2691e7e42cf1,library_uuid,4,28401515-eca4-442a-85fc-f8c2793b1c26 | 9184b09f-ca66-4623-a733-1f64bc1b424f | d9bf3113-086e-4165-ba13-e78a3d7b4138 | e16d2c39-bfd1-4fb1-8ed6-ad6b16f3652e
sample,76337712-cfcd-4760-a462-1269a5ff215c,library_uuid,4,10cec51f-a79f-4907-8745-b45df64f6946 | 32436280-1ea6-4678-bb18-4632fe8c4933 | 90e60bb7-e776-4dff-a8ba-6390acefdbee | ca103ed6-7a7e-4450-9546-ac295532bced
sample,77712740-d29f-4bb0-9b90-2aa3db72f3ba,library_uuid,8,15024b21-fb68-4bbe-92cf-0c9ab90f11a6 | 683bd537-4ff4-4741-afe5-be328f499d4b | 68492085-4a2b-4551-9b12-75062c694069 | a5cedd63-caae-415f-b7e4-c7f660fc89c8 | bdc30514-427c-403e-a0ee-61e7d04e407e | cd2306bc-106c-4506-b778-d184713c463a | d9278721-fad6-4eba-a1bb-4a26c0aea206 | f1568b25-4a87-414f-8329-1a860a3a8aeb
sample,7b7167c1-bc81-4fa8-b322-18bab1ea6269,library_uuid,8,0c3a7808-800f-43b1-a57b-08c3b2bb9e5a | 222b358b-71e7-4b0f-9f9b-47b4c67aaa27 | 39093cbf-e0a9-480d-ab0b-e9e4cf95a9f8 | 585af22b-b80b-4a1d-8cc8-17d65b2639e1 | 64f6fec6-18a3-4563-b731-189faf6423f2 | 6fd714df-b88d-43a6-8f75-3d300278329d | c2641f62-eb23-4dad-9c22-b52e72b79df2 | d8a37460-32f2-4b61-b1d2-1f7f0ba92779
sample,7bbdb647-9288-4863-b66b-be24f9413e7b,library_uuid,4,1556abac-8f1a-404a-8a2f-402ac562143c | 3044f2b9-48b5-45ec-ac14-107f0d7372f0 | 665a3535-8f40-4ae3-9260-cbce7060781f | b795713b-ff23-4494-b6a3-1438b2baee3e
sample,7bedd5b4-8835-4825-ba08-502811d18911,library_uuid,4,2e65a160-ba6e-4001-b942-c2aa46cd2c5b | 7a2abe44-abb7-4648-bb14-224625a6da0b | 7c76a618-92ba-41fd-b0a7-306a1c1a6bf2 | a5750809-7c9f-409f-baa1-9bfbb22d2fcc
sample,7ded846e-1cc6-405e-b17f-6e99856f39e4,library_uuid,4,10cec51f-a79f-4907-8745-b45df64f6946 | 32436280-1ea6-4678-bb18-4632fe8c4933 | 90e60bb7-e776-4dff-a8ba-6390acefdbee | ca103ed6-7a7e-4450-9546-ac295532bced
sample,7eebe697-187f-4cce-b10d-9f71235d3a4f,library_uuid,4,a5cedd63-caae-415f-b7e4-c7f660fc89c8 | cd2306bc-106c-4506-b778-d184713c463a | d9278721-fad6-4eba-a1bb-4a26c0aea206 | f1568b25-4a87-414f-8329-1a860a3a8aeb
sample,7eff9450-2afd-4265-a1f4-4c53580b47bc,library_uuid,8,39093cbf-e0a9-480d-ab0b-e9e4cf95a9f8 | 64f6fec6-18a3-4563-b731-189faf6423f2 | 6fd714df-b88d-43a6-8f75-3d300278329d | 8321fef1-a067-4a62-a461-37e1f1b4f868 | 8627b3d4-c529-45b3-bf1e-0313791be91d | c2641f62-eb23-4dad-9c22-b52e72b79df2 | cfb525cf-987b-42c8-afca-8dd18f45b32d | d49aa545-2b96-409c-85e8-2bf8706475fb
sample,8037ce3c-a2dd-415b-b3d1-9116744c77e5,library_uuid,4,2236c52d-924b-415a-aae0-00fa08d12d1f | 894c6ccb-cb7a-4ea1-b032-b1d93b25247d | 9850fb76-4155-4910-881f-b5d33ee0835c | f2380b81-e46f-430b-8fd2-e3897ddf7be9
sample,803fece6-2b2d-4ba2-8370-49385734ab3b,library_uuid,4,3639058a-5dc3-49ad-82ff-cec405483912 | 56b848af-d12b-4f9c-b605-947e296caa46 | 8950207b-4940-4ef9-ad01-0ad0dace6f27 | b993ef60-52c8-41e2-83a2-bb44f1fb916f
sample,81d6439e-3bb2-4356-8a46-380b6620a895,library_uuid,4,15024b21-fb68-4bbe-92cf-0c9ab90f11a6 | 683bd537-4ff4-4741-afe5-be328f499d4b | 68492085-4a2b-4551-9b12-75062c694069 | bdc30514-427c-403e-a0ee-61e7d04e407e
sample,8252bf55-2aa7-411f-b276-fbc747265666,library_uuid,4,0c3a7808-800f-43b1-a57b-08c3b2bb9e5a | 222b358b-71e7-4b0f-9f9b-47b4c67aaa27 | 585af22b-b80b-4a1d-8cc8-17d65b2639e1 | d8a37460-32f2-4b61-b1d2-1f7f0ba92779
sample,8273e790-4f85-4d7a-8863-6a7674ae9659,library_uuid,4,152e2bfd-e9ea-4d70-a999-6f37fb3fb96c | 30bbf8d6-bd6a-4b4f-8d3e-a54bf78f79d5 | b816335c-8d84-4ecc-aa3e-2dea51795320 | df159c28-05fb-4f35-83b8-8c14af793f2a
sample,83a38413-11d1-494e-81d3-56f594148b71,library_uuid,4,3639058a-5dc3-49ad-82ff-cec405483912 | 56b848af-d12b-4f9c-b605-947e296caa46 | 8950207b-4940-4ef9-ad01-0ad0dace6f27 | b993ef60-52c8-41e2-83a2-bb44f1fb916f
sample,846608fe-7084-4723-8ed0-55e36de70877,library_uuid,4,8321fef1-a067-4a62-a461-37e1f1b4f868 | 8627b3d4-c529-45b3-bf1e-0313791be91d | cfb525cf-987b-42c8-afca-8dd18f45b32d | d49aa545-2b96-409c-85e8-2bf8706475fb
sample,869da0bb-4487-493b-86ca-e601eee46196,library_uuid,4,39093cbf-e0a9-480d-ab0b-e9e4cf95a9f8 | 64f6fec6-18a3-4563-b731-189faf6423f2 | 6fd714df-b88d-43a6-8f75-3d300278329d | c2641f62-eb23-4dad-9c22-b52e72b79df2
sample,886dc81a-06f7-47dc-bdf6-da1524e86d7d,library_uuid,12,0103e306-959a-46b0-896d-d8b9dee40157 | 0c7c125d-46d6-40ba-8088-31fb2b526a78 | 272dbb99-7929-46e2-8446-a19c21af05da | 2dbf699a-f6cd-446d-8dc4-0595319cfa99 | 39564abe-76f3-4a33-9f10-f574069834bc | 6ab35eea-1bae-4ee8-8e5f-5f1505715ac3 | 78c34b8c-196b-4a31-b700-08882bfaf4ab | 9586e7f4-5c57-452e-bb13-90ceef874118 | cdf51e52-a49a-474f-a6ba-da5a14137d09 | d461010c-38fd-414f-91bd-e1b3e7e2f8fb | e7240495-f3e8-42a3-ac5c-4a9a7eebc341 | fc140c51-9b4f-427f-8e11-640bc7400007
sample,8a1f4cc3-6e34-4cd2-aba9-0f4d266e7dd9,library_uuid,8,10cec51f-a79f-4907-8745-b45df64f6946 | 1556abac-8f1a-404a-8a2f-402ac562143c | 3044f2b9-48b5-45ec-ac14-107f0d7372f0 | 32436280-1ea6-4678-bb18-4632fe8c4933 | 665a3535-8f40-4ae3-9260-cbce7060781f | 90e60bb7-e776-4dff-a8ba-6390acefdbee | b795713b-ff23-4494-b6a3-1438b2baee3e | ca103ed6-7a7e-4450-9546-ac295532bced
sample,8ac7e282-b60a-4595-9904-8a46773e2c31,library_uuid,4,8321fef1-a067-4a62-a461-37e1f1b4f868 | 8627b3d4-c529-45b3-bf1e-0313791be91d | cfb525cf-987b-42c8-afca-8dd18f45b32d | d49aa545-2b96-409c-85e8-2bf8706475fb
sample,8c16622f-c4c5-4c77-bb15-c5cf74910184,library_uuid,4,28401515-eca4-442a-85fc-f8c2793b1c26 | 9184b09f-ca66-4623-a733-1f64bc1b424f | d9bf3113-086e-4165-ba13-e78a3d7b4138 | e16d2c39-bfd1-4fb1-8ed6-ad6b16f3652e
sample,8e5ccbdf-00ee-4cd5-9007-ff2ab414bbbf,library_uuid,4,2e65a160-ba6e-4001-b942-c2aa46cd2c5b | 7a2abe44-abb7-4648-bb14-224625a6da0b | 7c76a618-92ba-41fd-b0a7-306a1c1a6bf2 | a5750809-7c9f-409f-baa1-9bfbb22d2fcc
sample,910e95f1-f837-41c6-bcb3-683780852c38,library_uuid,4,1e3165e4-e0c0-4bf7-b803-7d8271b99fd5 | 60373b7d-7c45-428f-9622-aa4f854c4860 | d4d2da4e-6580-479c-b5f6-77b109e72715 | fb1e97d1-dd9c-4314-aae2-9c3745df1411
sample,9198675e-be82-472f-b352-a98629c9876a,library_uuid,4,1556abac-8f1a-404a-8a2f-402ac562143c | 3044f2b9-48b5-45ec-ac14-107f0d7372f0 | 665a3535-8f40-4ae3-9260-cbce7060781f | b795713b-ff23-4494-b6a3-1438b2baee3e
sample,9245fdfa-904c-4421-ba87-60da990f40ed,library_uuid,14,048cb921-e15f-47a6-a9e3-ed512574e5d7 | 28401515-eca4-442a-85fc-f8c2793b1c26 | 3c722d55-1664-4996-8228-63504e862676 | 9184b09f-ca66-4623-a733-1f64bc1b424f | a5cedd63-caae-415f-b7e4-c7f660fc89c8 | c64fa002-95f9-4429-b65c-6f55c7f907d4 | c7f79595-aa68-4139-9a87-094c761cc5ab | cd2306bc-106c-4506-b778-d184713c463a | d641571e-6406-4309-ae61-acc6f2e0a50d | d9278721-fad6-4eba-a1bb-4a26c0aea206 | d9bf3113-086e-4165-ba13-e78a3d7b4138 | e16d2c39-bfd1-4fb1-8ed6-ad6b16f3652e | e9ebbe1e-ce77-4c97-a04e-4a64befe98c8 | f1568b25-4a87-414f-8329-1a860a3a8aeb
sample,9258d552-bade-4414-ad62-96fea54df354,library_uuid,8,0955850b-157b-4396-a3da-83b8bcbed172 | 28401515-eca4-442a-85fc-f8c2793b1c26 | 34585dab-86cd-40a1-9780-83204c304046 | 9184b09f-ca66-4623-a733-1f64bc1b424f | d9bf3113-086e-4165-ba13-e78a3d7b4138 | ddae4c77-2b07-4e3e-97f1-84a37cf04321 | e16d2c39-bfd1-4fb1-8ed6-ad6b16f3652e | ecd9109f-7197-46df-b3a8-1ac2d9990185
sample,92d39096-b1d1-4746-9812-474db1f5f049,library_uuid,8,0c7c125d-46d6-40ba-8088-31fb2b526a78 | 10cec51f-a79f-4907-8745-b45df64f6946 | 272dbb99-7929-46e2-8446-a19c21af05da | 32436280-1ea6-4678-bb18-4632fe8c4933 | 6ab35eea-1bae-4ee8-8e5f-5f1505715ac3 | 90e60bb7-e776-4dff-a8ba-6390acefdbee | ca103ed6-7a7e-4450-9546-ac295532bced | fc140c51-9b4f-427f-8e11-640bc7400007
sample,9304bd33-e67a-46ba-96c5-954e5358db76,library_uuid,4,0be87f87-d01a-495e-9605-d89d36240908 | 54530f14-aadf-4c2a-8f92-9c22a69cc022 | dac92812-557b-4abd-8fb0-4f823ae8ff59 | e3629615-6d5c-4167-808f-996d53989dbf
sample,982d60b4-5677-4e2d-8b58-79503863710d,library_uuid,4,0c3a7808-800f-43b1-a57b-08c3b2bb9e5a | 222b358b-71e7-4b0f-9f9b-47b4c67aaa27 | 585af22b-b80b-4a1d-8cc8-17d65b2639e1 | d8a37460-32f2-4b61-b1d2-1f7f0ba92779
sample,98e974a9-c08e-4066-8930-d627b18f1a89,library_uuid,8,0be87f87-d01a-495e-9605-d89d36240908 | 54530f14-aadf-4c2a-8f92-9c22a69cc022 | a5cedd63-caae-415f-b7e4-c7f660fc89c8 | cd2306bc-106c-4506-b778-d184713c463a | d9278721-fad6-4eba-a1bb-4a26c0aea206 | dac92812-557b-4abd-8fb0-4f823ae8ff59 | e3629615-6d5c-4167-808f-996d53989dbf | f1568b25-4a87-414f-8329-1a860a3a8aeb
sample,99893daf-e8a9-4266-b669-73ef48ebc383,library_uuid,4,1e3165e4-e0c0-4bf7-b803-7d8271b99fd5 | 60373b7d-7c45-428f-9622-aa4f854c4860 | d4d2da4e-6580-479c-b5f6-77b109e72715 | fb1e97d1-dd9c-4314-aae2-9c3745df1411
sample,9a3e6aa1-13a1-462d-996b-6499cc31a81c,library_uuid,4,1556abac-8f1a-404a-8a2f-402ac562143c | 3044f2b9-48b5-45ec-ac14-107f0d7372f0 | 665a3535-8f40-4ae3-9260-cbce7060781f | b795713b-ff23-4494-b6a3-1438b2baee3e
sample,9b194366-b70d-40d8-8a9b-7157a95d6c13,library_uuid,4,152e2bfd-e9ea-4d70-a999-6f37fb3fb96c | 30bbf8d6-bd6a-4b4f-8d3e-a54bf78f79d5 | b816335c-8d84-4ecc-aa3e-2dea51795320 | df159c28-05fb-4f35-83b8-8c14af793f2a
sample,9c889cb3-c0ae-400b-b27d-e52241a7d342,library_uuid,4,0103e306-959a-46b0-896d-d8b9dee40157 | 9586e7f4-5c57-452e-bb13-90ceef874118 | d461010c-38fd-414f-91bd-e1b3e7e2f8fb | e7240495-f3e8-42a3-ac5c-4a9a7eebc341
sample,9ce1287e-217d-4812-a293-ced526e1b6a2,library_uuid,4,0be87f87-d01a-495e-9605-d89d36240908 | 54530f14-aadf-4c2a-8f92-9c22a69cc022 | dac92812-557b-4abd-8fb0-4f823ae8ff59 | e3629615-6d5c-4167-808f-996d53989dbf
sample,9e51b938-f3a9-4d97-8802-b820ed2a6b96,library_uuid,8,0be87f87-d01a-495e-9605-d89d36240908 | 1e3165e4-e0c0-4bf7-b803-7d8271b99fd5 | 54530f14-aadf-4c2a-8f92-9c22a69cc022 | 60373b7d-7c45-428f-9622-aa4f854c4860 | d4d2da4e-6580-479c-b5f6-77b109e72715 | dac92812-557b-4abd-8fb0-4f823ae8ff59 | e3629615-6d5c-4167-808f-996d53989dbf | fb1e97d1-dd9c-4314-aae2-9c3745df1411
sample,9e6a490c-24a3-41fa-a5e3-2879e75b45ff,library_uuid,4,16552c24-ef48-4e1f-aff5-319a1f739299 | 43b9b939-e389-4784-b4e0-ee9d12aa7ca1 | 91761416-a756-48e5-8768-fd169c7c564c | d9942805-5a63-4958-b714-7088c0428c65
sample,9ec7931d-1e6f-48eb-b455-4161dc116c2d,library_uuid,4,2236c52d-924b-415a-aae0-00fa08d12d1f | 894c6ccb-cb7a-4ea1-b032-b1d93b25247d | 9850fb76-4155-4910-881f-b5d33ee0835c | f2380b81-e46f-430b-8fd2-e3897ddf7be9
sample,9fb00ed6-2678-41f8-8e8e-c3ea1350b61b,library_uuid,4,1556abac-8f1a-404a-8a2f-402ac562143c | 3044f2b9-48b5-45ec-ac14-107f0d7372f0 | 665a3535-8f40-4ae3-9260-cbce7060781f | b795713b-ff23-4494-b6a3-1438b2baee3e
sample,a17b2b7f-ab2c-47b0-bb6f-257e8d2fa4c9,library_uuid,4,2e65a160-ba6e-4001-b942-c2aa46cd2c5b | 7a2abe44-abb7-4648-bb14-224625a6da0b | 7c76a618-92ba-41fd-b0a7-306a1c1a6bf2 | a5750809-7c9f-409f-baa1-9bfbb22d2fcc
sample,a3a3384a-3f4b-45ef-b48e-a4631cd99699,library_uuid,2,3c722d55-1664-4996-8228-63504e862676 | e9ebbe1e-ce77-4c97-a04e-4a64befe98c8
sample,a3ef43c2-caad-4ca3-86d0-3c362e778877,library_uuid,4,3639058a-5dc3-49ad-82ff-cec405483912 | 56b848af-d12b-4f9c-b605-947e296caa46 | 8950207b-4940-4ef9-ad01-0ad0dace6f27 | b993ef60-52c8-41e2-83a2-bb44f1fb916f
sample,a42d987e-b022-41a5-ba50-a831d04c3a5e,library_uuid,4,0955850b-157b-4396-a3da-83b8bcbed172 | 34585dab-86cd-40a1-9780-83204c304046 | ddae4c77-2b07-4e3e-97f1-84a37cf04321 | ecd9109f-7197-46df-b3a8-1ac2d9990185
sample,a51ffc5a-e4cb-4b47-9154-4514e1dc9d65,library_uuid,16,2dbf699a-f6cd-446d-8dc4-0595319cfa99 | 2e65a160-ba6e-4001-b942-c2aa46cd2c5b | 39564abe-76f3-4a33-9f10-f574069834bc | 78c34b8c-196b-4a31-b700-08882bfaf4ab | 7a2abe44-abb7-4648-bb14-224625a6da0b | 7c76a618-92ba-41fd-b0a7-306a1c1a6bf2 | 8321fef1-a067-4a62-a461-37e1f1b4f868 | 8627b3d4-c529-45b3-bf1e-0313791be91d | a5750809-7c9f-409f-baa1-9bfbb22d2fcc | a5cedd63-caae-415f-b7e4-c7f660fc89c8 | cd2306bc-106c-4506-b778-d184713c463a | cdf51e52-a49a-474f-a6ba-da5a14137d09 | cfb525cf-987b-42c8-afca-8dd18f45b32d | d49aa545-2b96-409c-85e8-2bf8706475fb | d9278721-fad6-4eba-a1bb-4a26c0aea206 | f1568b25-4a87-414f-8329-1a860a3a8aeb
sample,a66eb64a-2485-4539-9244-f1e1b7bb5d1b,library_uuid,4,1556abac-8f1a-404a-8a2f-402ac562143c | 3044f2b9-48b5-45ec-ac14-107f0d7372f0 | 665a3535-8f40-4ae3-9260-cbce7060781f | b795713b-ff23-4494-b6a3-1438b2baee3e
sample,a6ac0788-1205-4bfa-bc0d-bdedd7f77542,library_uuid,4,0c3a7808-800f-43b1-a57b-08c3b2bb9e5a | 222b358b-71e7-4b0f-9f9b-47b4c67aaa27 | 585af22b-b80b-4a1d-8cc8-17d65b2639e1 | d8a37460-32f2-4b61-b1d2-1f7f0ba92779
sample,a6c08d83-0500-4219-920e-e25d334a6409,library_uuid,4,2dbf699a-f6cd-446d-8dc4-0595319cfa99 | 39564abe-76f3-4a33-9f10-f574069834bc | 78c34b8c-196b-4a31-b700-08882bfaf4ab | cdf51e52-a49a-474f-a6ba-da5a14137d09
sample,a7044233-6fb9-4b71-96bb-62aa3b6062ea,library_uuid,4,28401515-eca4-442a-85fc-f8c2793b1c26 | 9184b09f-ca66-4623-a733-1f64bc1b424f | d9bf3113-086e-4165-ba13-e78a3d7b4138 | e16d2c39-bfd1-4fb1-8ed6-ad6b16f3652e
sample,a84b33db-a349-489f-af0b-22d57fb9bd69,library_uuid,4,8321fef1-a067-4a62-a461-37e1f1b4f868 | 8627b3d4-c529-45b3-bf1e-0313791be91d | cfb525cf-987b-42c8-afca-8dd18f45b32d | d49aa545-2b96-409c-85e8-2bf8706475fb
sample,a8a25630-19f3-4fc6-811b-62332dee7b86,library_uuid,4,152e2bfd-e9ea-4d70-a999-6f37fb3fb96c | 30bbf8d6-bd6a-4b4f-8d3e-a54bf78f79d5 | b816335c-8d84-4ecc-aa3e-2dea51795320 | df159c28-05fb-4f35-83b8-8c14af793f2a
sample,a95f8d98-ff4e-45fc-8ede-1687c1495833,library_uuid,4,2236c52d-924b-415a-aae0-00fa08d12d1f | 894c6ccb-cb7a-4ea1-b032-b1d93b25247d | 9850fb76-4155-4910-881f-b5d33ee0835c | f2380b81-e46f-430b-8fd2-e3897ddf7be9
sample,ae1510fa-1501-4ddd-8291-9ccd1917369e,library_uuid,4,16552c24-ef48-4e1f-aff5-319a1f739299 | 43b9b939-e389-4784-b4e0-ee9d12aa7ca1 | 91761416-a756-48e5-8768-fd169c7c564c | d9942805-5a63-4958-b714-7088c0428c65
sample,b0c3cf74-58cf-43e7-b4df-61ef0b3a9fdc,library_uuid,4,3639058a-5dc3-49ad-82ff-cec405483912 | 56b848af-d12b-4f9c-b605-947e296caa46 | 8950207b-4940-4ef9-ad01-0ad0dace6f27 | b993ef60-52c8-41e2-83a2-bb44f1fb916f
sample,b25deecf-dab2-4c86-ae98-047ee79ce320,library_uuid,4,3639058a-5dc3-49ad-82ff-cec405483912 | 56b848af-d12b-4f9c-b605-947e296caa46 | 8950207b-4940-4ef9-ad01-0ad0dace6f27 | b993ef60-52c8-41e2-83a2-bb44f1fb916f
sample,b27b5052-47f3-4c7d-b9a3-4a3b2934e78c,library_uuid,4,15024b21-fb68-4bbe-92cf-0c9ab90f11a6 | 683bd537-4ff4-4741-afe5-be328f499d4b | 68492085-4a2b-4551-9b12-75062c694069 | bdc30514-427c-403e-a0ee-61e7d04e407e
sample,b4cbfe6a-acdc-48e8-a9f1-6f0ae959301f,library_uuid,8,10cec51f-a79f-4907-8745-b45df64f6946 | 32436280-1ea6-4678-bb18-4632fe8c4933 | 8321fef1-a067-4a62-a461-37e1f1b4f868 | 8627b3d4-c529-45b3-bf1e-0313791be91d | 90e60bb7-e776-4dff-a8ba-6390acefdbee | ca103ed6-7a7e-4450-9546-ac295532bced | cfb525cf-987b-42c8-afca-8dd18f45b32d | d49aa545-2b96-409c-85e8-2bf8706475fb
sample,b5b93cb0-7248-4b48-ad21-5ea028207cac,library_uuid,4,152e2bfd-e9ea-4d70-a999-6f37fb3fb96c | 30bbf8d6-bd6a-4b4f-8d3e-a54bf78f79d5 | b816335c-8d84-4ecc-aa3e-2dea51795320 | df159c28-05fb-4f35-83b8-8c14af793f2a
sample,b6fa3b09-f5e2-46d0-a42a-c15cb3089214,library_uuid,4,2e65a160-ba6e-4001-b942-c2aa46cd2c5b | 7a2abe44-abb7-4648-bb14-224625a6da0b | 7c76a618-92ba-41fd-b0a7-306a1c1a6bf2 | a5750809-7c9f-409f-baa1-9bfbb22d2fcc
sample,b7c8655d-8d5e-4865-bc97-3c606cdaf5e9,library_uuid,12,2dbf699a-f6cd-446d-8dc4-0595319cfa99 | 39564abe-76f3-4a33-9f10-f574069834bc | 78c34b8c-196b-4a31-b700-08882bfaf4ab | 8321fef1-a067-4a62-a461-37e1f1b4f868 | 8627b3d4-c529-45b3-bf1e-0313791be91d | a5cedd63-caae-415f-b7e4-c7f660fc89c8 | cd2306bc-106c-4506-b778-d184713c463a | cdf51e52-a49a-474f-a6ba-da5a14137d09 | cfb525cf-987b-42c8-afca-8dd18f45b32d | d49aa545-2b96-409c-85e8-2bf8706475fb | d9278721-fad6-4eba-a1bb-4a26c0aea206 | f1568b25-4a87-414f-8329-1a860a3a8aeb
sample,b8196629-0482-415e-bc09-c1ce1cc49363,library_uuid,4,048cb921-e15f-47a6-a9e3-ed512574e5d7 | c64fa002-95f9-4429-b65c-6f55c7f907d4 | c7f79595-aa68-4139-9a87-094c761cc5ab | d641571e-6406-4309-ae61-acc6f2e0a50d
sample,b8dde0a0-6c13-429b-a5df-a0527c4fca14,library_uuid,2,4e57f7cc-1df2-467f-8bfe-cb19af5d7350 | ddb0a996-79fe-4eac-8760-76ee74c7c333
sample,b99cfca7-d0cc-427f-b4ec-373067995536,library_uuid,4,39093cbf-e0a9-480d-ab0b-e9e4cf95a9f8 | 64f6fec6-18a3-4563-b731-189faf6423f2 | 6fd714df-b88d-43a6-8f75-3d300278329d | c2641f62-eb23-4dad-9c22-b52e72b79df2
sample,ba126ef5-093b-4138-810c-def1fa61ac40,library_uuid,8,0c3a7808-800f-43b1-a57b-08c3b2bb9e5a | 222b358b-71e7-4b0f-9f9b-47b4c67aaa27 | 2dbf699a-f6cd-446d-8dc4-0595319cfa99 | 39564abe-76f3-4a33-9f10-f574069834bc | 585af22b-b80b-4a1d-8cc8-17d65b2639e1 | 78c34b8c-196b-4a31-b700-08882bfaf4ab | cdf51e52-a49a-474f-a6ba-da5a14137d09 | d8a37460-32f2-4b61-b1d2-1f7f0ba92779
sample,bc16e1fe-cd25-4a6b-a329-2e2c7121ad8d,library_uuid,4,0955850b-157b-4396-a3da-83b8bcbed172 | 34585dab-86cd-40a1-9780-83204c304046 | ddae4c77-2b07-4e3e-97f1-84a37cf04321 | ecd9109f-7197-46df-b3a8-1ac2d9990185
sample,bca9c9c7-62f2-4427-a3aa-3dcd297ced84,library_uuid,4,16552c24-ef48-4e1f-aff5-319a1f739299 | 43b9b939-e389-4784-b4e0-ee9d12aa7ca1 | 91761416-a756-48e5-8768-fd169c7c564c | d9942805-5a63-4958-b714-7088c0428c65
sample,bd6c3fde-42cb-459e-8e81-b5ef2a90190f,library_uuid,4,1e3165e4-e0c0-4bf7-b803-7d8271b99fd5 | 60373b7d-7c45-428f-9622-aa4f854c4860 | d4d2da4e-6580-479c-b5f6-77b109e72715 | fb1e97d1-dd9c-4314-aae2-9c3745df1411
sample,bf5fe2a7-ee49-4304-a20a-01596de43619,library_uuid,4,1495b93b-a19f-4364-95a3-6d8ac531eac6 | 3332f018-936e-4c4c-9105-99d9503db5a3 | 70a004b7-4a17-4702-8910-4557aa0c4279 | cdab3145-edc9-4352-932c-1638e791bfc9
sample,bffca8a1-fc84-4f20-acae-3cf0d6313002,library_uuid,12,0be87f87-d01a-495e-9605-d89d36240908 | 2e65a160-ba6e-4001-b942-c2aa46cd2c5b | 54530f14-aadf-4c2a-8f92-9c22a69cc022 | 7a2abe44-abb7-4648-bb14-224625a6da0b | 7c76a618-92ba-41fd-b0a7-306a1c1a6bf2 | a5750809-7c9f-409f-baa1-9bfbb22d2fcc | a5cedd63-caae-415f-b7e4-c7f660fc89c8 | cd2306bc-106c-4506-b778-d184713c463a | d9278721-fad6-4eba-a1bb-4a26c0aea206 | dac92812-557b-4abd-8fb0-4f823ae8ff59 | e3629615-6d5c-4167-808f-996d53989dbf | f1568b25-4a87-414f-8329-1a860a3a8aeb
sample,c0d761e1-0ada-4c43-a6c3-260f3a01e78c,library_uuid,4,39093cbf-e0a9-480d-ab0b-e9e4cf95a9f8 | 64f6fec6-18a3-4563-b731-189faf6423f2 | 6fd714df-b88d-43a6-8f75-3d300278329d | c2641f62-eb23-4dad-9c22-b52e72b79df2
sample,c1ac7564-4e90-4bc9-ad66-24cecb27127f,library_uuid,4,10cec51f-a79f-4907-8745-b45df64f6946 | 32436280-1ea6-4678-bb18-4632fe8c4933 | 90e60bb7-e776-4dff-a8ba-6390acefdbee | ca103ed6-7a7e-4450-9546-ac295532bced
sample,c1c68594-e342-485e-8c1b-6236ec9e107f,library_uuid,8,0c3a7808-800f-43b1-a57b-08c3b2bb9e5a | 222b358b-71e7-4b0f-9f9b-47b4c67aaa27 | 2dbf699a-f6cd-446d-8dc4-0595319cfa99 | 39564abe-76f3-4a33-9f10-f574069834bc | 585af22b-b80b-4a1d-8cc8-17d65b2639e1 | 78c34b8c-196b-4a31-b700-08882bfaf4ab | cdf51e52-a49a-474f-a6ba-da5a14137d09 | d8a37460-32f2-4b61-b1d2-1f7f0ba92779
sample,c21e0e54-2ea8-4fc7-9438-5d2d8d63899c,library_uuid,8,0955850b-157b-4396-a3da-83b8bcbed172 | 0be87f87-d01a-495e-9605-d89d36240908 | 34585dab-86cd-40a1-9780-83204c304046 | 54530f14-aadf-4c2a-8f92-9c22a69cc022 | dac92812-557b-4abd-8fb0-4f823ae8ff59 | ddae4c77-2b07-4e3e-97f1-84a37cf04321 | e3629615-6d5c-4167-808f-996d53989dbf | ecd9109f-7197-46df-b3a8-1ac2d9990185
sample,c3cd3b9e-6295-43ed-babc-46a5ab454773,library_uuid,4,152e2bfd-e9ea-4d70-a999-6f37fb3fb96c | 30bbf8d6-bd6a-4b4f-8d3e-a54bf78f79d5 | b816335c-8d84-4ecc-aa3e-2dea51795320 | df159c28-05fb-4f35-83b8-8c14af793f2a
sample,c49441c0-0e2b-4e5b-b9ba-2d0477d92b88,library_uuid,4,1556abac-8f1a-404a-8a2f-402ac562143c | 3044f2b9-48b5-45ec-ac14-107f0d7372f0 | 665a3535-8f40-4ae3-9260-cbce7060781f | b795713b-ff23-4494-b6a3-1438b2baee3e
sample,c4f152fb-04b4-4f5d-b4e6-4a3a93da7881,library_uuid,4,0103e306-959a-46b0-896d-d8b9dee40157 | 9586e7f4-5c57-452e-bb13-90ceef874118 | d461010c-38fd-414f-91bd-e1b3e7e2f8fb | e7240495-f3e8-42a3-ac5c-4a9a7eebc341
sample,c5c840c6-6238-4b37-b165-22016be695d9,library_uuid,8,0c3a7808-800f-43b1-a57b-08c3b2bb9e5a | 222b358b-71e7-4b0f-9f9b-47b4c67aaa27 | 2dbf699a-f6cd-446d-8dc4-0595319cfa99 | 39564abe-76f3-4a33-9f10-f574069834bc | 585af22b-b80b-4a1d-8cc8-17d65b2639e1 | 78c34b8c-196b-4a31-b700-08882bfaf4ab | cdf51e52-a49a-474f-a6ba-da5a14137d09 | d8a37460-32f2-4b61-b1d2-1f7f0ba92779
sample,c62b2de1-6778-400f-86f6-b5c5ed0516b2,library_uuid,4,2e65a160-ba6e-4001-b942-c2aa46cd2c5b | 7a2abe44-abb7-4648-bb14-224625a6da0b | 7c76a618-92ba-41fd-b0a7-306a1c1a6bf2 | a5750809-7c9f-409f-baa1-9bfbb22d2fcc
sample,c789d30c-0578-48dc-967f-dad52600ab54,library_uuid,4,8321fef1-a067-4a62-a461-37e1f1b4f868 | 8627b3d4-c529-45b3-bf1e-0313791be91d | cfb525cf-987b-42c8-afca-8dd18f45b32d | d49aa545-2b96-409c-85e8-2bf8706475fb
sample,c896fdae-1a67-4c5e-b3f8-f4671744e35f,library_uuid,4,3639058a-5dc3-49ad-82ff-cec405483912 | 56b848af-d12b-4f9c-b605-947e296caa46 | 8950207b-4940-4ef9-ad01-0ad0dace6f27 | b993ef60-52c8-41e2-83a2-bb44f1fb916f
sample,c8f4f3f5-e4ee-400f-b888-07d3508df6b5,library_uuid,4,39093cbf-e0a9-480d-ab0b-e9e4cf95a9f8 | 64f6fec6-18a3-4563-b731-189faf6423f2 | 6fd714df-b88d-43a6-8f75-3d300278329d | c2641f62-eb23-4dad-9c22-b52e72b79df2
sample,c926e690-4979-4c3f-b43e-2f66daa0c426,library_uuid,4,2e65a160-ba6e-4001-b942-c2aa46cd2c5b | 7a2abe44-abb7-4648-bb14-224625a6da0b | 7c76a618-92ba-41fd-b0a7-306a1c1a6bf2 | a5750809-7c9f-409f-baa1-9bfbb22d2fcc
sample,cb7c157f-9b39-46a5-8de9-15e26c5fa068,library_uuid,4,2dbf699a-f6cd-446d-8dc4-0595319cfa99 | 39564abe-76f3-4a33-9f10-f574069834bc | 78c34b8c-196b-4a31-b700-08882bfaf4ab | cdf51e52-a49a-474f-a6ba-da5a14137d09
sample,cb8f712a-5fad-4d3c-98ad-dc8307afd120,library_uuid,2,4e57f7cc-1df2-467f-8bfe-cb19af5d7350 | ddb0a996-79fe-4eac-8760-76ee74c7c333
sample,ccccc606-2c86-4d7a-bb4a-8354017807a6,library_uuid,8,048cb921-e15f-47a6-a9e3-ed512574e5d7 | 10cec51f-a79f-4907-8745-b45df64f6946 | 32436280-1ea6-4678-bb18-4632fe8c4933 | 90e60bb7-e776-4dff-a8ba-6390acefdbee | c64fa002-95f9-4429-b65c-6f55c7f907d4 | c7f79595-aa68-4139-9a87-094c761cc5ab | ca103ed6-7a7e-4450-9546-ac295532bced | d641571e-6406-4309-ae61-acc6f2e0a50d
sample,cd2dc30f-074c-4881-b328-a35cefdc7c68,library_uuid,4,1e3165e4-e0c0-4bf7-b803-7d8271b99fd5 | 60373b7d-7c45-428f-9622-aa4f854c4860 | d4d2da4e-6580-479c-b5f6-77b109e72715 | fb1e97d1-dd9c-4314-aae2-9c3745df1411
sample,cdee1325-af49-45b8-856c-ec273c155411,library_uuid,4,0be87f87-d01a-495e-9605-d89d36240908 | 54530f14-aadf-4c2a-8f92-9c22a69cc022 | dac92812-557b-4abd-8fb0-4f823ae8ff59 | e3629615-6d5c-4167-808f-996d53989dbf
sample,cee05776-3518-495c-aac9-42e5b6eea2a8,library_uuid,4,152e2bfd-e9ea-4d70-a999-6f37fb3fb96c | 30bbf8d6-bd6a-4b4f-8d3e-a54bf78f79d5 | b816335c-8d84-4ecc-aa3e-2dea51795320 | df159c28-05fb-4f35-83b8-8c14af793f2a
sample,cf0f9104-fd3e-4cdd-ad08-69035510a32d,library_uuid,8,28401515-eca4-442a-85fc-f8c2793b1c26 | 9184b09f-ca66-4623-a733-1f64bc1b424f | a5cedd63-caae-415f-b7e4-c7f660fc89c8 | cd2306bc-106c-4506-b778-d184713c463a | d9278721-fad6-4eba-a1bb-4a26c0aea206 | d9bf3113-086e-4165-ba13-e78a3d7b4138 | e16d2c39-bfd1-4fb1-8ed6-ad6b16f3652e | f1568b25-4a87-414f-8329-1a860a3a8aeb
sample,d0660ae1-7bd5-4f68-9131-434571c29e96,library_uuid,10,048cb921-e15f-47a6-a9e3-ed512574e5d7 | 2236c52d-924b-415a-aae0-00fa08d12d1f | 4e57f7cc-1df2-467f-8bfe-cb19af5d7350 | 894c6ccb-cb7a-4ea1-b032-b1d93b25247d | 9850fb76-4155-4910-881f-b5d33ee0835c | c64fa002-95f9-4429-b65c-6f55c7f907d4 | c7f79595-aa68-4139-9a87-094c761cc5ab | d641571e-6406-4309-ae61-acc6f2e0a50d | ddb0a996-79fe-4eac-8760-76ee74c7c333 | f2380b81-e46f-430b-8fd2-e3897ddf7be9
sample,d0bbdc84-7f92-4114-9759-59d158034879,library_uuid,8,1495b93b-a19f-4364-95a3-6d8ac531eac6 | 15024b21-fb68-4bbe-92cf-0c9ab90f11a6 | 3332f018-936e-4c4c-9105-99d9503db5a3 | 683bd537-4ff4-4741-afe5-be328f499d4b | 68492085-4a2b-4551-9b12-75062c694069 | 70a004b7-4a17-4702-8910-4557aa0c4279 | bdc30514-427c-403e-a0ee-61e7d04e407e | cdab3145-edc9-4352-932c-1638e791bfc9
sample,d1272c4d-f68a-4d3d-bae3-715e337bd80b,library_uuid,4,0955850b-157b-4396-a3da-83b8bcbed172 | 34585dab-86cd-40a1-9780-83204c304046 | ddae4c77-2b07-4e3e-97f1-84a37cf04321 | ecd9109f-7197-46df-b3a8-1ac2d9990185
sample,d2ec9dd4-2fbf-4dea-a274-4fd13d7395b8,library_uuid,4,1495b93b-a19f-4364-95a3-6d8ac531eac6 | 3332f018-936e-4c4c-9105-99d9503db5a3 | 70a004b7-4a17-4702-8910-4557aa0c4279 | cdab3145-edc9-4352-932c-1638e791bfc9
sample,d3aef314-d83b-4ce7-ac01-5ab74ea0fa4f,library_uuid,4,0103e306-959a-46b0-896d-d8b9dee40157 | 9586e7f4-5c57-452e-bb13-90ceef874118 | d461010c-38fd-414f-91bd-e1b3e7e2f8fb | e7240495-f3e8-42a3-ac5c-4a9a7eebc341
sample,d4486df4-6cee-4ff7-924a-98546d076135,library_uuid,4,0be87f87-d01a-495e-9605-d89d36240908 | 54530f14-aadf-4c2a-8f92-9c22a69cc022 | dac92812-557b-4abd-8fb0-4f823ae8ff59 | e3629615-6d5c-4167-808f-996d53989dbf
sample,d6532240-c625-4943-a0e7-cba6977ba428,library_uuid,4,0c7c125d-46d6-40ba-8088-31fb2b526a78 | 272dbb99-7929-46e2-8446-a19c21af05da | 6ab35eea-1bae-4ee8-8e5f-5f1505715ac3 | fc140c51-9b4f-427f-8e11-640bc7400007
sample,d65c2394-3eed-48b8-8a26-5f214003f312,library_uuid,10,0103e306-959a-46b0-896d-d8b9dee40157 | 2236c52d-924b-415a-aae0-00fa08d12d1f | 4e57f7cc-1df2-467f-8bfe-cb19af5d7350 | 894c6ccb-cb7a-4ea1-b032-b1d93b25247d | 9586e7f4-5c57-452e-bb13-90ceef874118 | 9850fb76-4155-4910-881f-b5d33ee0835c | d461010c-38fd-414f-91bd-e1b3e7e2f8fb | ddb0a996-79fe-4eac-8760-76ee74c7c333 | e7240495-f3e8-42a3-ac5c-4a9a7eebc341 | f2380b81-e46f-430b-8fd2-e3897ddf7be9
sample,d8d48d6c-7e19-4820-86e8-9174e400abbc,library_uuid,4,8321fef1-a067-4a62-a461-37e1f1b4f868 | 8627b3d4-c529-45b3-bf1e-0313791be91d | cfb525cf-987b-42c8-afca-8dd18f45b32d | d49aa545-2b96-409c-85e8-2bf8706475fb
sample,d9a71914-5a04-4393-9d41-c5f82cf2bd40,library_uuid,4,8321fef1-a067-4a62-a461-37e1f1b4f868 | 8627b3d4-c529-45b3-bf1e-0313791be91d | cfb525cf-987b-42c8-afca-8dd18f45b32d | d49aa545-2b96-409c-85e8-2bf8706475fb
sample,d9afaa54-38e3-48a7-b173-e59346f87a06,library_uuid,4,0955850b-157b-4396-a3da-83b8bcbed172 | 34585dab-86cd-40a1-9780-83204c304046 | ddae4c77-2b07-4e3e-97f1-84a37cf04321 | ecd9109f-7197-46df-b3a8-1ac2d9990185
sample,d9c476a6-93ff-4e35-bbe2-7a0ae0e32e87,library_uuid,4,8321fef1-a067-4a62-a461-37e1f1b4f868 | 8627b3d4-c529-45b3-bf1e-0313791be91d | cfb525cf-987b-42c8-afca-8dd18f45b32d | d49aa545-2b96-409c-85e8-2bf8706475fb
sample,d9e6e520-cf0c-45d6-ac51-fb3b7c5f0e99,library_uuid,4,152e2bfd-e9ea-4d70-a999-6f37fb3fb96c | 30bbf8d6-bd6a-4b4f-8d3e-a54bf78f79d5 | b816335c-8d84-4ecc-aa3e-2dea51795320 | df159c28-05fb-4f35-83b8-8c14af793f2a
sample,da8367c2-e07a-46e1-b4ff-d41fca972cbc,library_uuid,4,0c3a7808-800f-43b1-a57b-08c3b2bb9e5a | 222b358b-71e7-4b0f-9f9b-47b4c67aaa27 | 585af22b-b80b-4a1d-8cc8-17d65b2639e1 | d8a37460-32f2-4b61-b1d2-1f7f0ba92779
sample,dfb86424-acd3-41a0-8656-97d24996fef4,library_uuid,4,15024b21-fb68-4bbe-92cf-0c9ab90f11a6 | 683bd537-4ff4-4741-afe5-be328f499d4b | 68492085-4a2b-4551-9b12-75062c694069 | bdc30514-427c-403e-a0ee-61e7d04e407e
sample,e0286325-9289-4765-af44-1bded6b1d3df,library_uuid,12,0103e306-959a-46b0-896d-d8b9dee40157 | 0c7c125d-46d6-40ba-8088-31fb2b526a78 | 272dbb99-7929-46e2-8446-a19c21af05da | 2dbf699a-f6cd-446d-8dc4-0595319cfa99 | 39564abe-76f3-4a33-9f10-f574069834bc | 6ab35eea-1bae-4ee8-8e5f-5f1505715ac3 | 78c34b8c-196b-4a31-b700-08882bfaf4ab | 9586e7f4-5c57-452e-bb13-90ceef874118 | cdf51e52-a49a-474f-a6ba-da5a14137d09 | d461010c-38fd-414f-91bd-e1b3e7e2f8fb | e7240495-f3e8-42a3-ac5c-4a9a7eebc341 | fc140c51-9b4f-427f-8e11-640bc7400007
sample,e0d91e74-9836-43b7-b866-383398b2df70,library_uuid,4,3639058a-5dc3-49ad-82ff-cec405483912 | 56b848af-d12b-4f9c-b605-947e296caa46 | 8950207b-4940-4ef9-ad01-0ad0dace6f27 | b993ef60-52c8-41e2-83a2-bb44f1fb916f
sample,e0dba578-aa9e-44ef-b920-ef67ef41f01c,library_uuid,4,2dbf699a-f6cd-446d-8dc4-0595319cfa99 | 39564abe-76f3-4a33-9f10-f574069834bc | 78c34b8c-196b-4a31-b700-08882bfaf4ab | cdf51e52-a49a-474f-a6ba-da5a14137d09
sample,e140192f-3e5b-43bc-9ae0-36a28564a0b5,library_uuid,4,0c3a7808-800f-43b1-a57b-08c3b2bb9e5a | 222b358b-71e7-4b0f-9f9b-47b4c67aaa27 | 585af22b-b80b-4a1d-8cc8-17d65b2639e1 | d8a37460-32f2-4b61-b1d2-1f7f0ba92779
sample,e2078f37-b612-476a-aa96-5f836cd94254,library_uuid,4,048cb921-e15f-47a6-a9e3-ed512574e5d7 | c64fa002-95f9-4429-b65c-6f55c7f907d4 | c7f79595-aa68-4139-9a87-094c761cc5ab | d641571e-6406-4309-ae61-acc6f2e0a50d
sample,e237fb4b-e3eb-4365-b625-8e31534d7508,library_uuid,4,0103e306-959a-46b0-896d-d8b9dee40157 | 9586e7f4-5c57-452e-bb13-90ceef874118 | d461010c-38fd-414f-91bd-e1b3e7e2f8fb | e7240495-f3e8-42a3-ac5c-4a9a7eebc341
sample,e3ec6618-f5b9-42e2-846d-413e04f04308,library_uuid,4,39093cbf-e0a9-480d-ab0b-e9e4cf95a9f8 | 64f6fec6-18a3-4563-b731-189faf6423f2 | 6fd714df-b88d-43a6-8f75-3d300278329d | c2641f62-eb23-4dad-9c22-b52e72b79df2
sample,e45ecf7e-1906-4d51-b79d-fec6aef8a844,library_uuid,4,1556abac-8f1a-404a-8a2f-402ac562143c | 3044f2b9-48b5-45ec-ac14-107f0d7372f0 | 665a3535-8f40-4ae3-9260-cbce7060781f | b795713b-ff23-4494-b6a3-1438b2baee3e
sample,e570dc6e-cb7c-4143-af57-699407e46480,library_uuid,4,1e3165e4-e0c0-4bf7-b803-7d8271b99fd5 | 60373b7d-7c45-428f-9622-aa4f854c4860 | d4d2da4e-6580-479c-b5f6-77b109e72715 | fb1e97d1-dd9c-4314-aae2-9c3745df1411
sample,e6200840-e5b5-4bef-b341-f0f3e7425f5f,library_uuid,4,0955850b-157b-4396-a3da-83b8bcbed172 | 34585dab-86cd-40a1-9780-83204c304046 | ddae4c77-2b07-4e3e-97f1-84a37cf04321 | ecd9109f-7197-46df-b3a8-1ac2d9990185
sample,e7fbd289-5415-44bc-9ebc-a4266773c298,library_uuid,3,152e2bfd-e9ea-4d70-a999-6f37fb3fb96c | b816335c-8d84-4ecc-aa3e-2dea51795320 | df159c28-05fb-4f35-83b8-8c14af793f2a
sample,e8295a2a-ebac-417e-858e-52cd294dd906,library_uuid,4,0103e306-959a-46b0-896d-d8b9dee40157 | 9586e7f4-5c57-452e-bb13-90ceef874118 | d461010c-38fd-414f-91bd-e1b3e7e2f8fb | e7240495-f3e8-42a3-ac5c-4a9a7eebc341
sample,e869b441-83d5-44d3-abc7-1a970170e1e4,library_uuid,8,15024b21-fb68-4bbe-92cf-0c9ab90f11a6 | 39093cbf-e0a9-480d-ab0b-e9e4cf95a9f8 | 64f6fec6-18a3-4563-b731-189faf6423f2 | 683bd537-4ff4-4741-afe5-be328f499d4b | 68492085-4a2b-4551-9b12-75062c694069 | 6fd714df-b88d-43a6-8f75-3d300278329d | bdc30514-427c-403e-a0ee-61e7d04e407e | c2641f62-eb23-4dad-9c22-b52e72b79df2
sample,e93a00ac-77ef-4890-81e0-43382903cb0c,library_uuid,4,39093cbf-e0a9-480d-ab0b-e9e4cf95a9f8 | 64f6fec6-18a3-4563-b731-189faf6423f2 | 6fd714df-b88d-43a6-8f75-3d300278329d | c2641f62-eb23-4dad-9c22-b52e72b79df2
sample,e9cf8f89-d60a-4584-951b-ae7df22cf6d7,library_uuid,6,2236c52d-924b-415a-aae0-00fa08d12d1f | 3c722d55-1664-4996-8228-63504e862676 | 894c6ccb-cb7a-4ea1-b032-b1d93b25247d | 9850fb76-4155-4910-881f-b5d33ee0835c | e9ebbe1e-ce77-4c97-a04e-4a64befe98c8 | f2380b81-e46f-430b-8fd2-e3897ddf7be9
sample,ea4cbf47-9a3f-443a-821c-c33a2b7eb1b0,library_uuid,4,1e3165e4-e0c0-4bf7-b803-7d8271b99fd5 | 60373b7d-7c45-428f-9622-aa4f854c4860 | d4d2da4e-6580-479c-b5f6-77b109e72715 | fb1e97d1-dd9c-4314-aae2-9c3745df1411
sample,ebb5f4d9-b91c-4a11-b6a9-45e471f03bc3,library_uuid,4,152e2bfd-e9ea-4d70-a999-6f37fb3fb96c | 30bbf8d6-bd6a-4b4f-8d3e-a54bf78f79d5 | b816335c-8d84-4ecc-aa3e-2dea51795320 | df159c28-05fb-4f35-83b8-8c14af793f2a
sample,ef44a56d-cc63-4bf0-a451-59e809f9c5b4,library_uuid,2,3c722d55-1664-4996-8228-63504e862676 | e9ebbe1e-ce77-4c97-a04e-4a64befe98c8
sample,f08a943e-b63d-4b9f-b56b-010859a94367,library_uuid,4,0955850b-157b-4396-a3da-83b8bcbed172 | 34585dab-86cd-40a1-9780-83204c304046 | ddae4c77-2b07-4e3e-97f1-84a37cf04321 | ecd9109f-7197-46df-b3a8-1ac2d9990185
sample,f09bc3b1-4818-4240-bf10-415636180b4a,library_uuid,4,16552c24-ef48-4e1f-aff5-319a1f739299 | 43b9b939-e389-4784-b4e0-ee9d12aa7ca1 | 91761416-a756-48e5-8768-fd169c7c564c | d9942805-5a63-4958-b714-7088c0428c65
sample,f0a33a73-192b-4398-b8bc-05eb0c59ae54,library_uuid,16,152e2bfd-e9ea-4d70-a999-6f37fb3fb96c | 1556abac-8f1a-404a-8a2f-402ac562143c | 3044f2b9-48b5-45ec-ac14-107f0d7372f0 | 30bbf8d6-bd6a-4b4f-8d3e-a54bf78f79d5 | 665a3535-8f40-4ae3-9260-cbce7060781f | 8321fef1-a067-4a62-a461-37e1f1b4f868 | 8627b3d4-c529-45b3-bf1e-0313791be91d | a5cedd63-caae-415f-b7e4-c7f660fc89c8 | b795713b-ff23-4494-b6a3-1438b2baee3e | b816335c-8d84-4ecc-aa3e-2dea51795320 | cd2306bc-106c-4506-b778-d184713c463a | cfb525cf-987b-42c8-afca-8dd18f45b32d | d49aa545-2b96-409c-85e8-2bf8706475fb | d9278721-fad6-4eba-a1bb-4a26c0aea206 | df159c28-05fb-4f35-83b8-8c14af793f2a | f1568b25-4a87-414f-8329-1a860a3a8aeb
sample,f0f0c7c0-c2dd-4f71-a15d-cc29ad1144b6,library_uuid,4,3639058a-5dc3-49ad-82ff-cec405483912 | 56b848af-d12b-4f9c-b605-947e296caa46 | 8950207b-4940-4ef9-ad01-0ad0dace6f27 | b993ef60-52c8-41e2-83a2-bb44f1fb916f
sample,f10971cb-edb4-461e-acaa-820d7ab15ef8,library_uuid,4,2e65a160-ba6e-4001-b942-c2aa46cd2c5b | 7a2abe44-abb7-4648-bb14-224625a6da0b | 7c76a618-92ba-41fd-b0a7-306a1c1a6bf2 | a5750809-7c9f-409f-baa1-9bfbb22d2fcc
sample,f1d09f86-4d6a-435f-9b93-5ef0df73bce2,library_uuid,4,1556abac-8f1a-404a-8a2f-402ac562143c | 3044f2b9-48b5-45ec-ac14-107f0d7372f0 | 665a3535-8f40-4ae3-9260-cbce7060781f | b795713b-ff23-4494-b6a3-1438b2baee3e
sample,f3091b7a-a59b-4bee-a4c4-c930424b63f3,library_uuid,12,0be87f87-d01a-495e-9605-d89d36240908 | 1556abac-8f1a-404a-8a2f-402ac562143c | 3044f2b9-48b5-45ec-ac14-107f0d7372f0 | 54530f14-aadf-4c2a-8f92-9c22a69cc022 | 665a3535-8f40-4ae3-9260-cbce7060781f | a5cedd63-caae-415f-b7e4-c7f660fc89c8 | b795713b-ff23-4494-b6a3-1438b2baee3e | cd2306bc-106c-4506-b778-d184713c463a | d9278721-fad6-4eba-a1bb-4a26c0aea206 | dac92812-557b-4abd-8fb0-4f823ae8ff59 | e3629615-6d5c-4167-808f-996d53989dbf | f1568b25-4a87-414f-8329-1a860a3a8aeb
sample,f4222fc5-9db3-4d75-99fe-78f565b88648,library_uuid,4,2dbf699a-f6cd-446d-8dc4-0595319cfa99 | 39564abe-76f3-4a33-9f10-f574069834bc | 78c34b8c-196b-4a31-b700-08882bfaf4ab | cdf51e52-a49a-474f-a6ba-da5a14137d09
sample,f46fc513-1a40-4930-a9ee-c9c1da5de582,library_uuid,4,3639058a-5dc3-49ad-82ff-cec405483912 | 56b848af-d12b-4f9c-b605-947e296caa46 | 8950207b-4940-4ef9-ad01-0ad0dace6f27 | b993ef60-52c8-41e2-83a2-bb44f1fb916f
sample,f54a5b5a-c5be-4220-b515-3e22c596b9fd,library_uuid,4,16552c24-ef48-4e1f-aff5-319a1f739299 | 43b9b939-e389-4784-b4e0-ee9d12aa7ca1 | 91761416-a756-48e5-8768-fd169c7c564c | d9942805-5a63-4958-b714-7088c0428c65
sample,f5587137-c9aa-43ba-9cc1-60d0c26479be,library_uuid,4,2e65a160-ba6e-4001-b942-c2aa46cd2c5b | 7a2abe44-abb7-4648-bb14-224625a6da0b | 7c76a618-92ba-41fd-b0a7-306a1c1a6bf2 | a5750809-7c9f-409f-baa1-9bfbb22d2fcc
sample,f6f39d84-6fb4-4519-9efa-f9ca4651e3c9,library_uuid,10,048cb921-e15f-47a6-a9e3-ed512574e5d7 | 2236c52d-924b-415a-aae0-00fa08d12d1f | 3c722d55-1664-4996-8228-63504e862676 | 894c6ccb-cb7a-4ea1-b032-b1d93b25247d | 9850fb76-4155-4910-881f-b5d33ee0835c | c64fa002-95f9-4429-b65c-6f55c7f907d4 | c7f79595-aa68-4139-9a87-094c761cc5ab | d641571e-6406-4309-ae61-acc6f2e0a50d | e9ebbe1e-ce77-4c97-a04e-4a64befe98c8 | f2380b81-e46f-430b-8fd2-e3897ddf7be9
sample,f9330687-3035-4f1a-ab22-1f86de08b66a,library_uuid,4,39093cbf-e0a9-480d-ab0b-e9e4cf95a9f8 | 64f6fec6-18a3-4563-b731-189faf6423f2 | 6fd714df-b88d-43a6-8f75-3d300278329d | c2641f62-eb23-4dad-9c22-b52e72b79df2
sample,f96e68d4-b9e9-4cd5-889d-9fb46f9cc389,library_uuid,4,28401515-eca4-442a-85fc-f8c2793b1c26 | 9184b09f-ca66-4623-a733-1f64bc1b424f | d9bf3113-086e-4165-ba13-e78a3d7b4138 | e16d2c39-bfd1-4fb1-8ed6-ad6b16f3652e
sample,fa40c3dd-a3a5-4ffd-9470-ab39682965df,library_uuid,4,0103e306-959a-46b0-896d-d8b9dee40157 | 9586e7f4-5c57-452e-bb13-90ceef874118 | d461010c-38fd-414f-91bd-e1b3e7e2f8fb | e7240495-f3e8-42a3-ac5c-4a9a7eebc341
sample,fc11ebf7-2767-4d92-96f9-a57af8f1be30,library_uuid,8,0c7c125d-46d6-40ba-8088-31fb2b526a78 | 10cec51f-a79f-4907-8745-b45df64f6946 | 272dbb99-7929-46e2-8446-a19c21af05da | 32436280-1ea6-4678-bb18-4632fe8c4933 | 6ab35eea-1bae-4ee8-8e5f-5f1505715ac3 | 90e60bb7-e776-4dff-a8ba-6390acefdbee | ca103ed6-7a7e-4450-9546-ac295532bced | fc140c51-9b4f-427f-8e11-640bc7400007
sample,fcadfde9-31cc-4f2d-bf5b-b7deec30439a,library_uuid,4,0103e306-959a-46b0-896d-d8b9dee40157 | 9586e7f4-5c57-452e-bb13-90ceef874118 | d461010c-38fd-414f-91bd-e1b3e7e2f8fb | e7240495-f3e8-42a3-ac5c-4a9a7eebc341
sample,fd256bdb-e6dd-47ef-a4e4-ac0a7d2dcd1e,library_uuid,16,0c7c125d-46d6-40ba-8088-31fb2b526a78 | 15024b21-fb68-4bbe-92cf-0c9ab90f11a6 | 152e2bfd-e9ea-4d70-a999-6f37fb3fb96c | 272dbb99-7929-46e2-8446-a19c21af05da | 30bbf8d6-bd6a-4b4f-8d3e-a54bf78f79d5 | 683bd537-4ff4-4741-afe5-be328f499d4b | 68492085-4a2b-4551-9b12-75062c694069 | 6ab35eea-1bae-4ee8-8e5f-5f1505715ac3 | a5cedd63-caae-415f-b7e4-c7f660fc89c8 | b816335c-8d84-4ecc-aa3e-2dea51795320 | bdc30514-427c-403e-a0ee-61e7d04e407e | cd2306bc-106c-4506-b778-d184713c463a | d9278721-fad6-4eba-a1bb-4a26c0aea206 | df159c28-05fb-4f35-83b8-8c14af793f2a | f1568b25-4a87-414f-8329-1a860a3a8aeb | fc140c51-9b4f-427f-8e11-640bc7400007
sample,fe49ebfc-513a-4b74-8820-95c69298501e,library_uuid,4,0be87f87-d01a-495e-9605-d89d36240908 | 54530f14-aadf-4c2a-8f92-9c22a69cc022 | dac92812-557b-4abd-8fb0-4f823ae8ff59 | e3629615-6d5c-4167-808f-996d53989dbf
sample,fe517385-b033-4626-aa2c-70cfa0d1a74f,library_uuid,4,152e2bfd-e9ea-4d70-a999-6f37fb3fb96c | 30bbf8d6-bd6a-4b4f-8d3e-a54bf78f79d5 | b816335c-8d84-4ecc-aa3e-2dea51795320 | df159c28-05fb-4f35-83b8-8c14af793f2a
sample,fefcf023-ec1f-44d7-88b6-bbc3a34815d5,library_uuid,4,1495b93b-a19f-4364-95a3-6d8ac531eac6 | 3332f018-936e-4c4c-9105-99d9503db5a3 | 70a004b7-4a17-4702-8910-4557aa0c4279 | cdab3145-edc9-4352-932c-1638e791bfc9
donor,1130,sample_uuid,2,e45ecf7e-1906-4d51-b79d-fec6aef8a844 | ef44a56d-cc63-4bf0-a451-59e809f9c5b4
donor,1586,sample_uuid,2,a3a3384a-3f4b-45ef-b48e-a4631cd99699 | b8dde0a0-6c13-429b-a5df-a0527c4fca14
donor,1763,sample_uuid,3,4334dd89-25d8-4a14-a25a-dd3c14318ff2 | 8037ce3c-a2dd-415b-b3d1-9116744c77e5 | cb8f712a-5fad-4d3c-98ad-dc8307afd120
donor,1772,sample_uuid,2,3178b123-e965-4449-8944-c88b17d0d082 | a17b2b7f-ab2c-47b0-bb6f-257e8d2fa4c9
donor,FLARE001,sample_uuid,2,7bedd5b4-8835-4825-ba08-502811d18911 | cee05776-3518-495c-aac9-42e5b6eea2a8
donor,FLARE004,sample_uuid,2,18773af4-60a6-4a6a-9249-429ddf7f5a89 | b6fa3b09-f5e2-46d0-a42a-c15cb3089214
donor,FLARE009,sample_uuid,2,7075f840-56e5-4fef-89af-7797d3becf4d | ebb5f4d9-b91c-4a11-b6a9-45e471f03bc3
donor,FLARE010,sample_uuid,2,69f01d3d-94dc-44e1-a463-74beabeb022f | d9e6e520-cf0c-45d6-ac51-fb3b7c5f0e99
donor,FLARE011,sample_uuid,2,9b194366-b70d-40d8-8a9b-7157a95d6c13 | f5587137-c9aa-43ba-9cc1-60d0c26479be
donor,FLARE013,sample_uuid,2,8e5ccbdf-00ee-4cd5-9007-ff2ab414bbbf | e7fbd289-5415-44bc-9ebc-a4266773c298
donor,FLARE016,sample_uuid,2,4cb8f7e8-d13c-46e6-b86a-ee6dcb42db1a | 8273e790-4f85-4d7a-8863-6a7674ae9659
donor,1004,library_uuid,4,0be87f87-d01a-495e-9605-d89d36240908 | 54530f14-aadf-4c2a-8f92-9c22a69cc022 | dac92812-557b-4abd-8fb0-4f823ae8ff59 | e3629615-6d5c-4167-808f-996d53989dbf
donor,1014,library_uuid,8,0955850b-157b-4396-a3da-83b8bcbed172 | 0be87f87-d01a-495e-9605-d89d36240908 | 34585dab-86cd-40a1-9780-83204c304046 | 54530f14-aadf-4c2a-8f92-9c22a69cc022 | dac92812-557b-4abd-8fb0-4f823ae8ff59 | ddae4c77-2b07-4e3e-97f1-84a37cf04321 | e3629615-6d5c-4167-808f-996d53989dbf | ecd9109f-7197-46df-b3a8-1ac2d9990185
donor,1015,library_uuid,4,1e3165e4-e0c0-4bf7-b803-7d8271b99fd5 | 60373b7d-7c45-428f-9622-aa4f854c4860 | d4d2da4e-6580-479c-b5f6-77b109e72715 | fb1e97d1-dd9c-4314-aae2-9c3745df1411
donor,1019,library_uuid,4,0be87f87-d01a-495e-9605-d89d36240908 | 54530f14-aadf-4c2a-8f92-9c22a69cc022 | dac92812-557b-4abd-8fb0-4f823ae8ff59 | e3629615-6d5c-4167-808f-996d53989dbf
donor,1022,library_uuid,4,0be87f87-d01a-495e-9605-d89d36240908 | 54530f14-aadf-4c2a-8f92-9c22a69cc022 | dac92812-557b-4abd-8fb0-4f823ae8ff59 | e3629615-6d5c-4167-808f-996d53989dbf
donor,1031,library_uuid,4,0be87f87-d01a-495e-9605-d89d36240908 | 54530f14-aadf-4c2a-8f92-9c22a69cc022 | dac92812-557b-4abd-8fb0-4f823ae8ff59 | e3629615-6d5c-4167-808f-996d53989dbf
donor,1039,library_uuid,4,0955850b-157b-4396-a3da-83b8bcbed172 | 34585dab-86cd-40a1-9780-83204c304046 | ddae4c77-2b07-4e3e-97f1-84a37cf04321 | ecd9109f-7197-46df-b3a8-1ac2d9990185
donor,1045,library_uuid,4,0be87f87-d01a-495e-9605-d89d36240908 | 54530f14-aadf-4c2a-8f92-9c22a69cc022 | dac92812-557b-4abd-8fb0-4f823ae8ff59 | e3629615-6d5c-4167-808f-996d53989dbf
donor,1046,library_uuid,4,0be87f87-d01a-495e-9605-d89d36240908 | 54530f14-aadf-4c2a-8f92-9c22a69cc022 | dac92812-557b-4abd-8fb0-4f823ae8ff59 | e3629615-6d5c-4167-808f-996d53989dbf
donor,1051,library_uuid,4,0be87f87-d01a-495e-9605-d89d36240908 | 54530f14-aadf-4c2a-8f92-9c22a69cc022 | dac92812-557b-4abd-8fb0-4f823ae8ff59 | e3629615-6d5c-4167-808f-996d53989dbf
donor,1054,library_uuid,4,0be87f87-d01a-495e-9605-d89d36240908 | 54530f14-aadf-4c2a-8f92-9c22a69cc022 | dac92812-557b-4abd-8fb0-4f823ae8ff59 | e3629615-6d5c-4167-808f-996d53989dbf
donor,1056,library_uuid,4,1556abac-8f1a-404a-8a2f-402ac562143c | 3044f2b9-48b5-45ec-ac14-107f0d7372f0 | 665a3535-8f40-4ae3-9260-cbce7060781f | b795713b-ff23-4494-b6a3-1438b2baee3e
donor,1063,library_uuid,4,0be87f87-d01a-495e-9605-d89d36240908 | 54530f14-aadf-4c2a-8f92-9c22a69cc022 | dac92812-557b-4abd-8fb0-4f823ae8ff59 | e3629615-6d5c-4167-808f-996d53989dbf
donor,1068,library_uuid,4,0be87f87-d01a-495e-9605-d89d36240908 | 54530f14-aadf-4c2a-8f92-9c22a69cc022 | dac92812-557b-4abd-8fb0-4f823ae8ff59 | e3629615-6d5c-4167-808f-996d53989dbf
donor,1078,library_uuid,8,0be87f87-d01a-495e-9605-d89d36240908 | 1e3165e4-e0c0-4bf7-b803-7d8271b99fd5 | 54530f14-aadf-4c2a-8f92-9c22a69cc022 | 60373b7d-7c45-428f-9622-aa4f854c4860 | d4d2da4e-6580-479c-b5f6-77b109e72715 | dac92812-557b-4abd-8fb0-4f823ae8ff59 | e3629615-6d5c-4167-808f-996d53989dbf | fb1e97d1-dd9c-4314-aae2-9c3745df1411
donor,1087,library_uuid,4,1556abac-8f1a-404a-8a2f-402ac562143c | 3044f2b9-48b5-45ec-ac14-107f0d7372f0 | 665a3535-8f40-4ae3-9260-cbce7060781f | b795713b-ff23-4494-b6a3-1438b2baee3e
donor,1101,library_uuid,8,10cec51f-a79f-4907-8745-b45df64f6946 | 1556abac-8f1a-404a-8a2f-402ac562143c | 3044f2b9-48b5-45ec-ac14-107f0d7372f0 | 32436280-1ea6-4678-bb18-4632fe8c4933 | 665a3535-8f40-4ae3-9260-cbce7060781f | 90e60bb7-e776-4dff-a8ba-6390acefdbee | b795713b-ff23-4494-b6a3-1438b2baee3e | ca103ed6-7a7e-4450-9546-ac295532bced
donor,1110,library_uuid,8,1556abac-8f1a-404a-8a2f-402ac562143c | 3044f2b9-48b5-45ec-ac14-107f0d7372f0 | 39093cbf-e0a9-480d-ab0b-e9e4cf95a9f8 | 64f6fec6-18a3-4563-b731-189faf6423f2 | 665a3535-8f40-4ae3-9260-cbce7060781f | 6fd714df-b88d-43a6-8f75-3d300278329d | b795713b-ff23-4494-b6a3-1438b2baee3e | c2641f62-eb23-4dad-9c22-b52e72b79df2
donor,1119,library_uuid,4,1556abac-8f1a-404a-8a2f-402ac562143c | 3044f2b9-48b5-45ec-ac14-107f0d7372f0 | 665a3535-8f40-4ae3-9260-cbce7060781f | b795713b-ff23-4494-b6a3-1438b2baee3e
donor,1121,library_uuid,4,1556abac-8f1a-404a-8a2f-402ac562143c | 3044f2b9-48b5-45ec-ac14-107f0d7372f0 | 665a3535-8f40-4ae3-9260-cbce7060781f | b795713b-ff23-4494-b6a3-1438b2baee3e
donor,1122,library_uuid,4,1556abac-8f1a-404a-8a2f-402ac562143c | 3044f2b9-48b5-45ec-ac14-107f0d7372f0 | 665a3535-8f40-4ae3-9260-cbce7060781f | b795713b-ff23-4494-b6a3-1438b2baee3e
donor,1127,library_uuid,4,1556abac-8f1a-404a-8a2f-402ac562143c | 3044f2b9-48b5-45ec-ac14-107f0d7372f0 | 665a3535-8f40-4ae3-9260-cbce7060781f | b795713b-ff23-4494-b6a3-1438b2baee3e
donor,1130,library_uuid,6,1556abac-8f1a-404a-8a2f-402ac562143c | 3044f2b9-48b5-45ec-ac14-107f0d7372f0 | 3c722d55-1664-4996-8228-63504e862676 | 665a3535-8f40-4ae3-9260-cbce7060781f | b795713b-ff23-4494-b6a3-1438b2baee3e | e9ebbe1e-ce77-4c97-a04e-4a64befe98c8
donor,1132,library_uuid,8,1495b93b-a19f-4364-95a3-6d8ac531eac6 | 1556abac-8f1a-404a-8a2f-402ac562143c | 3044f2b9-48b5-45ec-ac14-107f0d7372f0 | 3332f018-936e-4c4c-9105-99d9503db5a3 | 665a3535-8f40-4ae3-9260-cbce7060781f | 70a004b7-4a17-4702-8910-4557aa0c4279 | b795713b-ff23-4494-b6a3-1438b2baee3e | cdab3145-edc9-4352-932c-1638e791bfc9
donor,1165,library_uuid,4,8321fef1-a067-4a62-a461-37e1f1b4f868 | 8627b3d4-c529-45b3-bf1e-0313791be91d | cfb525cf-987b-42c8-afca-8dd18f45b32d | d49aa545-2b96-409c-85e8-2bf8706475fb
donor,1193,library_uuid,4,8321fef1-a067-4a62-a461-37e1f1b4f868 | 8627b3d4-c529-45b3-bf1e-0313791be91d | cfb525cf-987b-42c8-afca-8dd18f45b32d | d49aa545-2b96-409c-85e8-2bf8706475fb
donor,1195,library_uuid,4,8321fef1-a067-4a62-a461-37e1f1b4f868 | 8627b3d4-c529-45b3-bf1e-0313791be91d | cfb525cf-987b-42c8-afca-8dd18f45b32d | d49aa545-2b96-409c-85e8-2bf8706475fb
donor,1196,library_uuid,4,1556abac-8f1a-404a-8a2f-402ac562143c | 3044f2b9-48b5-45ec-ac14-107f0d7372f0 | 665a3535-8f40-4ae3-9260-cbce7060781f | b795713b-ff23-4494-b6a3-1438b2baee3e
donor,1197,library_uuid,4,8321fef1-a067-4a62-a461-37e1f1b4f868 | 8627b3d4-c529-45b3-bf1e-0313791be91d | cfb525cf-987b-42c8-afca-8dd18f45b32d | d49aa545-2b96-409c-85e8-2bf8706475fb
donor,1203,library_uuid,4,1556abac-8f1a-404a-8a2f-402ac562143c | 3044f2b9-48b5-45ec-ac14-107f0d7372f0 | 665a3535-8f40-4ae3-9260-cbce7060781f | b795713b-ff23-4494-b6a3-1438b2baee3e
donor,1216,library_uuid,4,8321fef1-a067-4a62-a461-37e1f1b4f868 | 8627b3d4-c529-45b3-bf1e-0313791be91d | cfb525cf-987b-42c8-afca-8dd18f45b32d | d49aa545-2b96-409c-85e8-2bf8706475fb
donor,1219,library_uuid,4,8321fef1-a067-4a62-a461-37e1f1b4f868 | 8627b3d4-c529-45b3-bf1e-0313791be91d | cfb525cf-987b-42c8-afca-8dd18f45b32d | d49aa545-2b96-409c-85e8-2bf8706475fb
donor,1221,library_uuid,4,8321fef1-a067-4a62-a461-37e1f1b4f868 | 8627b3d4-c529-45b3-bf1e-0313791be91d | cfb525cf-987b-42c8-afca-8dd18f45b32d | d49aa545-2b96-409c-85e8-2bf8706475fb
donor,1222,library_uuid,8,39093cbf-e0a9-480d-ab0b-e9e4cf95a9f8 | 64f6fec6-18a3-4563-b731-189faf6423f2 | 6fd714df-b88d-43a6-8f75-3d300278329d | 8321fef1-a067-4a62-a461-37e1f1b4f868 | 8627b3d4-c529-45b3-bf1e-0313791be91d | c2641f62-eb23-4dad-9c22-b52e72b79df2 | cfb525cf-987b-42c8-afca-8dd18f45b32d | d49aa545-2b96-409c-85e8-2bf8706475fb
donor,1225,library_uuid,4,1495b93b-a19f-4364-95a3-6d8ac531eac6 | 3332f018-936e-4c4c-9105-99d9503db5a3 | 70a004b7-4a17-4702-8910-4557aa0c4279 | cdab3145-edc9-4352-932c-1638e791bfc9
donor,1226,library_uuid,4,8321fef1-a067-4a62-a461-37e1f1b4f868 | 8627b3d4-c529-45b3-bf1e-0313791be91d | cfb525cf-987b-42c8-afca-8dd18f45b32d | d49aa545-2b96-409c-85e8-2bf8706475fb
donor,1234,library_uuid,4,8321fef1-a067-4a62-a461-37e1f1b4f868 | 8627b3d4-c529-45b3-bf1e-0313791be91d | cfb525cf-987b-42c8-afca-8dd18f45b32d | d49aa545-2b96-409c-85e8-2bf8706475fb
donor,1240,library_uuid,4,2dbf699a-f6cd-446d-8dc4-0595319cfa99 | 39564abe-76f3-4a33-9f10-f574069834bc | 78c34b8c-196b-4a31-b700-08882bfaf4ab | cdf51e52-a49a-474f-a6ba-da5a14137d09
donor,1243,library_uuid,8,10cec51f-a79f-4907-8745-b45df64f6946 | 32436280-1ea6-4678-bb18-4632fe8c4933 | 8321fef1-a067-4a62-a461-37e1f1b4f868 | 8627b3d4-c529-45b3-bf1e-0313791be91d | 90e60bb7-e776-4dff-a8ba-6390acefdbee | ca103ed6-7a7e-4450-9546-ac295532bced | cfb525cf-987b-42c8-afca-8dd18f45b32d | d49aa545-2b96-409c-85e8-2bf8706475fb
donor,1248,library_uuid,4,2dbf699a-f6cd-446d-8dc4-0595319cfa99 | 39564abe-76f3-4a33-9f10-f574069834bc | 78c34b8c-196b-4a31-b700-08882bfaf4ab | cdf51e52-a49a-474f-a6ba-da5a14137d09
donor,1249,library_uuid,4,16552c24-ef48-4e1f-aff5-319a1f739299 | 43b9b939-e389-4784-b4e0-ee9d12aa7ca1 | 91761416-a756-48e5-8768-fd169c7c564c | d9942805-5a63-4958-b714-7088c0428c65
donor,1250,library_uuid,4,8321fef1-a067-4a62-a461-37e1f1b4f868 | 8627b3d4-c529-45b3-bf1e-0313791be91d | cfb525cf-987b-42c8-afca-8dd18f45b32d | d49aa545-2b96-409c-85e8-2bf8706475fb
donor,1251,library_uuid,4,2dbf699a-f6cd-446d-8dc4-0595319cfa99 | 39564abe-76f3-4a33-9f10-f574069834bc | 78c34b8c-196b-4a31-b700-08882bfaf4ab | cdf51e52-a49a-474f-a6ba-da5a14137d09
donor,1256,library_uuid,4,16552c24-ef48-4e1f-aff5-319a1f739299 | 43b9b939-e389-4784-b4e0-ee9d12aa7ca1 | 91761416-a756-48e5-8768-fd169c7c564c | d9942805-5a63-4958-b714-7088c0428c65
donor,1259,library_uuid,8,1495b93b-a19f-4364-95a3-6d8ac531eac6 | 2dbf699a-f6cd-446d-8dc4-0595319cfa99 | 3332f018-936e-4c4c-9105-99d9503db5a3 | 39564abe-76f3-4a33-9f10-f574069834bc | 70a004b7-4a17-4702-8910-4557aa0c4279 | 78c34b8c-196b-4a31-b700-08882bfaf4ab | cdab3145-edc9-4352-932c-1638e791bfc9 | cdf51e52-a49a-474f-a6ba-da5a14137d09
donor,1262,library_uuid,8,0c3a7808-800f-43b1-a57b-08c3b2bb9e5a | 222b358b-71e7-4b0f-9f9b-47b4c67aaa27 | 2dbf699a-f6cd-446d-8dc4-0595319cfa99 | 39564abe-76f3-4a33-9f10-f574069834bc | 585af22b-b80b-4a1d-8cc8-17d65b2639e1 | 78c34b8c-196b-4a31-b700-08882bfaf4ab | cdf51e52-a49a-474f-a6ba-da5a14137d09 | d8a37460-32f2-4b61-b1d2-1f7f0ba92779
donor,1270,library_uuid,8,0c3a7808-800f-43b1-a57b-08c3b2bb9e5a | 222b358b-71e7-4b0f-9f9b-47b4c67aaa27 | 2dbf699a-f6cd-446d-8dc4-0595319cfa99 | 39564abe-76f3-4a33-9f10-f574069834bc | 585af22b-b80b-4a1d-8cc8-17d65b2639e1 | 78c34b8c-196b-4a31-b700-08882bfaf4ab | cdf51e52-a49a-474f-a6ba-da5a14137d09 | d8a37460-32f2-4b61-b1d2-1f7f0ba92779
donor,1279,library_uuid,8,0c3a7808-800f-43b1-a57b-08c3b2bb9e5a | 222b358b-71e7-4b0f-9f9b-47b4c67aaa27 | 2dbf699a-f6cd-446d-8dc4-0595319cfa99 | 39564abe-76f3-4a33-9f10-f574069834bc | 585af22b-b80b-4a1d-8cc8-17d65b2639e1 | 78c34b8c-196b-4a31-b700-08882bfaf4ab | cdf51e52-a49a-474f-a6ba-da5a14137d09 | d8a37460-32f2-4b61-b1d2-1f7f0ba92779
donor,1281,library_uuid,8,0c3a7808-800f-43b1-a57b-08c3b2bb9e5a | 222b358b-71e7-4b0f-9f9b-47b4c67aaa27 | 2dbf699a-f6cd-446d-8dc4-0595319cfa99 | 39564abe-76f3-4a33-9f10-f574069834bc | 585af22b-b80b-4a1d-8cc8-17d65b2639e1 | 78c34b8c-196b-4a31-b700-08882bfaf4ab | cdf51e52-a49a-474f-a6ba-da5a14137d09 | d8a37460-32f2-4b61-b1d2-1f7f0ba92779
donor,1285,library_uuid,4,0955850b-157b-4396-a3da-83b8bcbed172 | 34585dab-86cd-40a1-9780-83204c304046 | ddae4c77-2b07-4e3e-97f1-84a37cf04321 | ecd9109f-7197-46df-b3a8-1ac2d9990185
donor,1294,library_uuid,4,0c7c125d-46d6-40ba-8088-31fb2b526a78 | 272dbb99-7929-46e2-8446-a19c21af05da | 6ab35eea-1bae-4ee8-8e5f-5f1505715ac3 | fc140c51-9b4f-427f-8e11-640bc7400007
donor,1297,library_uuid,4,2dbf699a-f6cd-446d-8dc4-0595319cfa99 | 39564abe-76f3-4a33-9f10-f574069834bc | 78c34b8c-196b-4a31-b700-08882bfaf4ab | cdf51e52-a49a-474f-a6ba-da5a14137d09
donor,1315,library_uuid,4,2dbf699a-f6cd-446d-8dc4-0595319cfa99 | 39564abe-76f3-4a33-9f10-f574069834bc | 78c34b8c-196b-4a31-b700-08882bfaf4ab | cdf51e52-a49a-474f-a6ba-da5a14137d09
donor,1320,library_uuid,4,1495b93b-a19f-4364-95a3-6d8ac531eac6 | 3332f018-936e-4c4c-9105-99d9503db5a3 | 70a004b7-4a17-4702-8910-4557aa0c4279 | cdab3145-edc9-4352-932c-1638e791bfc9
donor,1324,library_uuid,4,0c7c125d-46d6-40ba-8088-31fb2b526a78 | 272dbb99-7929-46e2-8446-a19c21af05da | 6ab35eea-1bae-4ee8-8e5f-5f1505715ac3 | fc140c51-9b4f-427f-8e11-640bc7400007
donor,1325,library_uuid,4,0955850b-157b-4396-a3da-83b8bcbed172 | 34585dab-86cd-40a1-9780-83204c304046 | ddae4c77-2b07-4e3e-97f1-84a37cf04321 | ecd9109f-7197-46df-b3a8-1ac2d9990185
donor,1326,library_uuid,8,0c7c125d-46d6-40ba-8088-31fb2b526a78 | 10cec51f-a79f-4907-8745-b45df64f6946 | 272dbb99-7929-46e2-8446-a19c21af05da | 32436280-1ea6-4678-bb18-4632fe8c4933 | 6ab35eea-1bae-4ee8-8e5f-5f1505715ac3 | 90e60bb7-e776-4dff-a8ba-6390acefdbee | ca103ed6-7a7e-4450-9546-ac295532bced | fc140c51-9b4f-427f-8e11-640bc7400007
donor,1329,library_uuid,4,0c7c125d-46d6-40ba-8088-31fb2b526a78 | 272dbb99-7929-46e2-8446-a19c21af05da | 6ab35eea-1bae-4ee8-8e5f-5f1505715ac3 | fc140c51-9b4f-427f-8e11-640bc7400007
donor,1333,library_uuid,4,0955850b-157b-4396-a3da-83b8bcbed172 | 34585dab-86cd-40a1-9780-83204c304046 | ddae4c77-2b07-4e3e-97f1-84a37cf04321 | ecd9109f-7197-46df-b3a8-1ac2d9990185
donor,1334,library_uuid,8,0c7c125d-46d6-40ba-8088-31fb2b526a78 | 10cec51f-a79f-4907-8745-b45df64f6946 | 272dbb99-7929-46e2-8446-a19c21af05da | 32436280-1ea6-4678-bb18-4632fe8c4933 | 6ab35eea-1bae-4ee8-8e5f-5f1505715ac3 | 90e60bb7-e776-4dff-a8ba-6390acefdbee | ca103ed6-7a7e-4450-9546-ac295532bced | fc140c51-9b4f-427f-8e11-640bc7400007
donor,1337,library_uuid,4,2dbf699a-f6cd-446d-8dc4-0595319cfa99 | 39564abe-76f3-4a33-9f10-f574069834bc | 78c34b8c-196b-4a31-b700-08882bfaf4ab | cdf51e52-a49a-474f-a6ba-da5a14137d09
donor,1338,library_uuid,4,2dbf699a-f6cd-446d-8dc4-0595319cfa99 | 39564abe-76f3-4a33-9f10-f574069834bc | 78c34b8c-196b-4a31-b700-08882bfaf4ab | cdf51e52-a49a-474f-a6ba-da5a14137d09
donor,1341,library_uuid,4,0c7c125d-46d6-40ba-8088-31fb2b526a78 | 272dbb99-7929-46e2-8446-a19c21af05da | 6ab35eea-1bae-4ee8-8e5f-5f1505715ac3 | fc140c51-9b4f-427f-8e11-640bc7400007
donor,1366,library_uuid,4,15024b21-fb68-4bbe-92cf-0c9ab90f11a6 | 683bd537-4ff4-4741-afe5-be328f499d4b | 68492085-4a2b-4551-9b12-75062c694069 | bdc30514-427c-403e-a0ee-61e7d04e407e
donor,1368,library_uuid,4,0c7c125d-46d6-40ba-8088-31fb2b526a78 | 272dbb99-7929-46e2-8446-a19c21af05da | 6ab35eea-1bae-4ee8-8e5f-5f1505715ac3 | fc140c51-9b4f-427f-8e11-640bc7400007
donor,1404,library_uuid,4,15024b21-fb68-4bbe-92cf-0c9ab90f11a6 | 683bd537-4ff4-4741-afe5-be328f499d4b | 68492085-4a2b-4551-9b12-75062c694069 | bdc30514-427c-403e-a0ee-61e7d04e407e
donor,1414,library_uuid,4,0c7c125d-46d6-40ba-8088-31fb2b526a78 | 272dbb99-7929-46e2-8446-a19c21af05da | 6ab35eea-1bae-4ee8-8e5f-5f1505715ac3 | fc140c51-9b4f-427f-8e11-640bc7400007
donor,1417,library_uuid,4,15024b21-fb68-4bbe-92cf-0c9ab90f11a6 | 683bd537-4ff4-4741-afe5-be328f499d4b | 68492085-4a2b-4551-9b12-75062c694069 | bdc30514-427c-403e-a0ee-61e7d04e407e
donor,1418,library_uuid,4,15024b21-fb68-4bbe-92cf-0c9ab90f11a6 | 683bd537-4ff4-4741-afe5-be328f499d4b | 68492085-4a2b-4551-9b12-75062c694069 | bdc30514-427c-403e-a0ee-61e7d04e407e
donor,1419,library_uuid,8,1495b93b-a19f-4364-95a3-6d8ac531eac6 | 15024b21-fb68-4bbe-92cf-0c9ab90f11a6 | 3332f018-936e-4c4c-9105-99d9503db5a3 | 683bd537-4ff4-4741-afe5-be328f499d4b | 68492085-4a2b-4551-9b12-75062c694069 | 70a004b7-4a17-4702-8910-4557aa0c4279 | bdc30514-427c-403e-a0ee-61e7d04e407e | cdab3145-edc9-4352-932c-1638e791bfc9
donor,1420,library_uuid,8,15024b21-fb68-4bbe-92cf-0c9ab90f11a6 | 16552c24-ef48-4e1f-aff5-319a1f739299 | 43b9b939-e389-4784-b4e0-ee9d12aa7ca1 | 683bd537-4ff4-4741-afe5-be328f499d4b | 68492085-4a2b-4551-9b12-75062c694069 | 91761416-a756-48e5-8768-fd169c7c564c | bdc30514-427c-403e-a0ee-61e7d04e407e | d9942805-5a63-4958-b714-7088c0428c65
donor,1445,library_uuid,4,39093cbf-e0a9-480d-ab0b-e9e4cf95a9f8 | 64f6fec6-18a3-4563-b731-189faf6423f2 | 6fd714df-b88d-43a6-8f75-3d300278329d | c2641f62-eb23-4dad-9c22-b52e72b79df2
donor,1452,library_uuid,4,39093cbf-e0a9-480d-ab0b-e9e4cf95a9f8 | 64f6fec6-18a3-4563-b731-189faf6423f2 | 6fd714df-b88d-43a6-8f75-3d300278329d | c2641f62-eb23-4dad-9c22-b52e72b79df2
donor,1472,library_uuid,4,0c3a7808-800f-43b1-a57b-08c3b2bb9e5a | 222b358b-71e7-4b0f-9f9b-47b4c67aaa27 | 585af22b-b80b-4a1d-8cc8-17d65b2639e1 | d8a37460-32f2-4b61-b1d2-1f7f0ba92779
donor,1479,library_uuid,4,0c3a7808-800f-43b1-a57b-08c3b2bb9e5a | 222b358b-71e7-4b0f-9f9b-47b4c67aaa27 | 585af22b-b80b-4a1d-8cc8-17d65b2639e1 | d8a37460-32f2-4b61-b1d2-1f7f0ba92779
donor,1480,library_uuid,4,0c3a7808-800f-43b1-a57b-08c3b2bb9e5a | 222b358b-71e7-4b0f-9f9b-47b4c67aaa27 | 585af22b-b80b-4a1d-8cc8-17d65b2639e1 | d8a37460-32f2-4b61-b1d2-1f7f0ba92779
donor,1492,library_uuid,4,0c3a7808-800f-43b1-a57b-08c3b2bb9e5a | 222b358b-71e7-4b0f-9f9b-47b4c67aaa27 | 585af22b-b80b-4a1d-8cc8-17d65b2639e1 | d8a37460-32f2-4b61-b1d2-1f7f0ba92779
donor,1493,library_uuid,4,10cec51f-a79f-4907-8745-b45df64f6946 | 32436280-1ea6-4678-bb18-4632fe8c4933 | 90e60bb7-e776-4dff-a8ba-6390acefdbee | ca103ed6-7a7e-4450-9546-ac295532bced
donor,1496,library_uuid,8,0c7c125d-46d6-40ba-8088-31fb2b526a78 | 272dbb99-7929-46e2-8446-a19c21af05da | 39093cbf-e0a9-480d-ab0b-e9e4cf95a9f8 | 64f6fec6-18a3-4563-b731-189faf6423f2 | 6ab35eea-1bae-4ee8-8e5f-5f1505715ac3 | 6fd714df-b88d-43a6-8f75-3d300278329d | c2641f62-eb23-4dad-9c22-b52e72b79df2 | fc140c51-9b4f-427f-8e11-640bc7400007
donor,1510,library_uuid,8,0c7c125d-46d6-40ba-8088-31fb2b526a78 | 10cec51f-a79f-4907-8745-b45df64f6946 | 272dbb99-7929-46e2-8446-a19c21af05da | 32436280-1ea6-4678-bb18-4632fe8c4933 | 6ab35eea-1bae-4ee8-8e5f-5f1505715ac3 | 90e60bb7-e776-4dff-a8ba-6390acefdbee | ca103ed6-7a7e-4450-9546-ac295532bced | fc140c51-9b4f-427f-8e11-640bc7400007
donor,1514,library_uuid,8,0c7c125d-46d6-40ba-8088-31fb2b526a78 | 1495b93b-a19f-4364-95a3-6d8ac531eac6 | 272dbb99-7929-46e2-8446-a19c21af05da | 3332f018-936e-4c4c-9105-99d9503db5a3 | 6ab35eea-1bae-4ee8-8e5f-5f1505715ac3 | 70a004b7-4a17-4702-8910-4557aa0c4279 | cdab3145-edc9-4352-932c-1638e791bfc9 | fc140c51-9b4f-427f-8e11-640bc7400007
donor,1522,library_uuid,4,0c3a7808-800f-43b1-a57b-08c3b2bb9e5a | 222b358b-71e7-4b0f-9f9b-47b4c67aaa27 | 585af22b-b80b-4a1d-8cc8-17d65b2639e1 | d8a37460-32f2-4b61-b1d2-1f7f0ba92779
donor,1535,library_uuid,4,0c3a7808-800f-43b1-a57b-08c3b2bb9e5a | 222b358b-71e7-4b0f-9f9b-47b4c67aaa27 | 585af22b-b80b-4a1d-8cc8-17d65b2639e1 | d8a37460-32f2-4b61-b1d2-1f7f0ba92779
donor,1543,library_uuid,4,15024b21-fb68-4bbe-92cf-0c9ab90f11a6 | 683bd537-4ff4-4741-afe5-be328f499d4b | 68492085-4a2b-4551-9b12-75062c694069 | bdc30514-427c-403e-a0ee-61e7d04e407e
donor,1545,library_uuid,8,1495b93b-a19f-4364-95a3-6d8ac531eac6 | 15024b21-fb68-4bbe-92cf-0c9ab90f11a6 | 3332f018-936e-4c4c-9105-99d9503db5a3 | 683bd537-4ff4-4741-afe5-be328f499d4b | 68492085-4a2b-4551-9b12-75062c694069 | 70a004b7-4a17-4702-8910-4557aa0c4279 | bdc30514-427c-403e-a0ee-61e7d04e407e | cdab3145-edc9-4352-932c-1638e791bfc9
donor,1558,library_uuid,4,15024b21-fb68-4bbe-92cf-0c9ab90f11a6 | 683bd537-4ff4-4741-afe5-be328f499d4b | 68492085-4a2b-4551-9b12-75062c694069 | bdc30514-427c-403e-a0ee-61e7d04e407e
donor,1567,library_uuid,4,28401515-eca4-442a-85fc-f8c2793b1c26 | 9184b09f-ca66-4623-a733-1f64bc1b424f | d9bf3113-086e-4165-ba13-e78a3d7b4138 | e16d2c39-bfd1-4fb1-8ed6-ad6b16f3652e
donor,1569,library_uuid,4,15024b21-fb68-4bbe-92cf-0c9ab90f11a6 | 683bd537-4ff4-4741-afe5-be328f499d4b | 68492085-4a2b-4551-9b12-75062c694069 | bdc30514-427c-403e-a0ee-61e7d04e407e
donor,1582,library_uuid,4,28401515-eca4-442a-85fc-f8c2793b1c26 | 9184b09f-ca66-4623-a733-1f64bc1b424f | d9bf3113-086e-4165-ba13-e78a3d7b4138 | e16d2c39-bfd1-4fb1-8ed6-ad6b16f3652e
donor,1584,library_uuid,4,28401515-eca4-442a-85fc-f8c2793b1c26 | 9184b09f-ca66-4623-a733-1f64bc1b424f | d9bf3113-086e-4165-ba13-e78a3d7b4138 | e16d2c39-bfd1-4fb1-8ed6-ad6b16f3652e
donor,1586,library_uuid,4,3c722d55-1664-4996-8228-63504e862676 | 4e57f7cc-1df2-467f-8bfe-cb19af5d7350 | ddb0a996-79fe-4eac-8760-76ee74c7c333 | e9ebbe1e-ce77-4c97-a04e-4a64befe98c8
donor,1588,library_uuid,4,15024b21-fb68-4bbe-92cf-0c9ab90f11a6 | 683bd537-4ff4-4741-afe5-be328f499d4b | 68492085-4a2b-4551-9b12-75062c694069 | bdc30514-427c-403e-a0ee-61e7d04e407e
donor,1596,library_uuid,8,15024b21-fb68-4bbe-92cf-0c9ab90f11a6 | 39093cbf-e0a9-480d-ab0b-e9e4cf95a9f8 | 64f6fec6-18a3-4563-b731-189faf6423f2 | 683bd537-4ff4-4741-afe5-be328f499d4b | 68492085-4a2b-4551-9b12-75062c694069 | 6fd714df-b88d-43a6-8f75-3d300278329d | bdc30514-427c-403e-a0ee-61e7d04e407e | c2641f62-eb23-4dad-9c22-b52e72b79df2
donor,1597,library_uuid,4,28401515-eca4-442a-85fc-f8c2793b1c26 | 9184b09f-ca66-4623-a733-1f64bc1b424f | d9bf3113-086e-4165-ba13-e78a3d7b4138 | e16d2c39-bfd1-4fb1-8ed6-ad6b16f3652e
donor,1602,library_uuid,4,0c3a7808-800f-43b1-a57b-08c3b2bb9e5a | 222b358b-71e7-4b0f-9f9b-47b4c67aaa27 | 585af22b-b80b-4a1d-8cc8-17d65b2639e1 | d8a37460-32f2-4b61-b1d2-1f7f0ba92779
donor,1614,library_uuid,8,0955850b-157b-4396-a3da-83b8bcbed172 | 28401515-eca4-442a-85fc-f8c2793b1c26 | 34585dab-86cd-40a1-9780-83204c304046 | 9184b09f-ca66-4623-a733-1f64bc1b424f | d9bf3113-086e-4165-ba13-e78a3d7b4138 | ddae4c77-2b07-4e3e-97f1-84a37cf04321 | e16d2c39-bfd1-4fb1-8ed6-ad6b16f3652e | ecd9109f-7197-46df-b3a8-1ac2d9990185
donor,1615,library_uuid,4,0c3a7808-800f-43b1-a57b-08c3b2bb9e5a | 222b358b-71e7-4b0f-9f9b-47b4c67aaa27 | 585af22b-b80b-4a1d-8cc8-17d65b2639e1 | d8a37460-32f2-4b61-b1d2-1f7f0ba92779
donor,1621,library_uuid,4,0c3a7808-800f-43b1-a57b-08c3b2bb9e5a | 222b358b-71e7-4b0f-9f9b-47b4c67aaa27 | 585af22b-b80b-4a1d-8cc8-17d65b2639e1 | d8a37460-32f2-4b61-b1d2-1f7f0ba92779
donor,1623,library_uuid,4,28401515-eca4-442a-85fc-f8c2793b1c26 | 9184b09f-ca66-4623-a733-1f64bc1b424f | d9bf3113-086e-4165-ba13-e78a3d7b4138 | e16d2c39-bfd1-4fb1-8ed6-ad6b16f3652e
donor,1633,library_uuid,4,048cb921-e15f-47a6-a9e3-ed512574e5d7 | c64fa002-95f9-4429-b65c-6f55c7f907d4 | c7f79595-aa68-4139-9a87-094c761cc5ab | d641571e-6406-4309-ae61-acc6f2e0a50d
donor,1641,library_uuid,4,048cb921-e15f-47a6-a9e3-ed512574e5d7 | c64fa002-95f9-4429-b65c-6f55c7f907d4 | c7f79595-aa68-4139-9a87-094c761cc5ab | d641571e-6406-4309-ae61-acc6f2e0a50d
donor,1660,library_uuid,8,048cb921-e15f-47a6-a9e3-ed512574e5d7 | 16552c24-ef48-4e1f-aff5-319a1f739299 | 43b9b939-e389-4784-b4e0-ee9d12aa7ca1 | 91761416-a756-48e5-8768-fd169c7c564c | c64fa002-95f9-4429-b65c-6f55c7f907d4 | c7f79595-aa68-4139-9a87-094c761cc5ab | d641571e-6406-4309-ae61-acc6f2e0a50d | d9942805-5a63-4958-b714-7088c0428c65
donor,1667,library_uuid,8,048cb921-e15f-47a6-a9e3-ed512574e5d7 | 10cec51f-a79f-4907-8745-b45df64f6946 | 32436280-1ea6-4678-bb18-4632fe8c4933 | 90e60bb7-e776-4dff-a8ba-6390acefdbee | c64fa002-95f9-4429-b65c-6f55c7f907d4 | c7f79595-aa68-4139-9a87-094c761cc5ab | ca103ed6-7a7e-4450-9546-ac295532bced | d641571e-6406-4309-ae61-acc6f2e0a50d
donor,1672,library_uuid,4,048cb921-e15f-47a6-a9e3-ed512574e5d7 | c64fa002-95f9-4429-b65c-6f55c7f907d4 | c7f79595-aa68-4139-9a87-094c761cc5ab | d641571e-6406-4309-ae61-acc6f2e0a50d
donor,1680,library_uuid,4,1495b93b-a19f-4364-95a3-6d8ac531eac6 | 3332f018-936e-4c4c-9105-99d9503db5a3 | 70a004b7-4a17-4702-8910-4557aa0c4279 | cdab3145-edc9-4352-932c-1638e791bfc9
donor,1682,library_uuid,8,048cb921-e15f-47a6-a9e3-ed512574e5d7 | 16552c24-ef48-4e1f-aff5-319a1f739299 | 43b9b939-e389-4784-b4e0-ee9d12aa7ca1 | 91761416-a756-48e5-8768-fd169c7c564c | c64fa002-95f9-4429-b65c-6f55c7f907d4 | c7f79595-aa68-4139-9a87-094c761cc5ab | d641571e-6406-4309-ae61-acc6f2e0a50d | d9942805-5a63-4958-b714-7088c0428c65
donor,1716,library_uuid,8,0c3a7808-800f-43b1-a57b-08c3b2bb9e5a | 222b358b-71e7-4b0f-9f9b-47b4c67aaa27 | 39093cbf-e0a9-480d-ab0b-e9e4cf95a9f8 | 585af22b-b80b-4a1d-8cc8-17d65b2639e1 | 64f6fec6-18a3-4563-b731-189faf6423f2 | 6fd714df-b88d-43a6-8f75-3d300278329d | c2641f62-eb23-4dad-9c22-b52e72b79df2 | d8a37460-32f2-4b61-b1d2-1f7f0ba92779
donor,1721,library_uuid,4,1495b93b-a19f-4364-95a3-6d8ac531eac6 | 3332f018-936e-4c4c-9105-99d9503db5a3 | 70a004b7-4a17-4702-8910-4557aa0c4279 | cdab3145-edc9-4352-932c-1638e791bfc9
donor,1726,library_uuid,4,0c3a7808-800f-43b1-a57b-08c3b2bb9e5a | 222b358b-71e7-4b0f-9f9b-47b4c67aaa27 | 585af22b-b80b-4a1d-8cc8-17d65b2639e1 | d8a37460-32f2-4b61-b1d2-1f7f0ba92779
donor,1730,library_uuid,8,0c3a7808-800f-43b1-a57b-08c3b2bb9e5a | 10cec51f-a79f-4907-8745-b45df64f6946 | 222b358b-71e7-4b0f-9f9b-47b4c67aaa27 | 32436280-1ea6-4678-bb18-4632fe8c4933 | 585af22b-b80b-4a1d-8cc8-17d65b2639e1 | 90e60bb7-e776-4dff-a8ba-6390acefdbee | ca103ed6-7a7e-4450-9546-ac295532bced | d8a37460-32f2-4b61-b1d2-1f7f0ba92779
donor,1731,library_uuid,4,28401515-eca4-442a-85fc-f8c2793b1c26 | 9184b09f-ca66-4623-a733-1f64bc1b424f | d9bf3113-086e-4165-ba13-e78a3d7b4138 | e16d2c39-bfd1-4fb1-8ed6-ad6b16f3652e
donor,1737,library_uuid,4,0955850b-157b-4396-a3da-83b8bcbed172 | 34585dab-86cd-40a1-9780-83204c304046 | ddae4c77-2b07-4e3e-97f1-84a37cf04321 | ecd9109f-7197-46df-b3a8-1ac2d9990185
donor,1741,library_uuid,4,2236c52d-924b-415a-aae0-00fa08d12d1f | 894c6ccb-cb7a-4ea1-b032-b1d93b25247d | 9850fb76-4155-4910-881f-b5d33ee0835c | f2380b81-e46f-430b-8fd2-e3897ddf7be9
donor,1743,library_uuid,8,10cec51f-a79f-4907-8745-b45df64f6946 | 2236c52d-924b-415a-aae0-00fa08d12d1f | 32436280-1ea6-4678-bb18-4632fe8c4933 | 894c6ccb-cb7a-4ea1-b032-b1d93b25247d | 90e60bb7-e776-4dff-a8ba-6390acefdbee | 9850fb76-4155-4910-881f-b5d33ee0835c | ca103ed6-7a7e-4450-9546-ac295532bced | f2380b81-e46f-430b-8fd2-e3897ddf7be9
donor,1754,library_uuid,6,2236c52d-924b-415a-aae0-00fa08d12d1f | 4e57f7cc-1df2-467f-8bfe-cb19af5d7350 | 894c6ccb-cb7a-4ea1-b032-b1d93b25247d | 9850fb76-4155-4910-881f-b5d33ee0835c | ddb0a996-79fe-4eac-8760-76ee74c7c333 | f2380b81-e46f-430b-8fd2-e3897ddf7be9
donor,1760,library_uuid,4,28401515-eca4-442a-85fc-f8c2793b1c26 | 9184b09f-ca66-4623-a733-1f64bc1b424f | d9bf3113-086e-4165-ba13-e78a3d7b4138 | e16d2c39-bfd1-4fb1-8ed6-ad6b16f3652e
donor,1763,library_uuid,8,2236c52d-924b-415a-aae0-00fa08d12d1f | 3c722d55-1664-4996-8228-63504e862676 | 4e57f7cc-1df2-467f-8bfe-cb19af5d7350 | 894c6ccb-cb7a-4ea1-b032-b1d93b25247d | 9850fb76-4155-4910-881f-b5d33ee0835c | ddb0a996-79fe-4eac-8760-76ee74c7c333 | e9ebbe1e-ce77-4c97-a04e-4a64befe98c8 | f2380b81-e46f-430b-8fd2-e3897ddf7be9
donor,1767,library_uuid,4,2236c52d-924b-415a-aae0-00fa08d12d1f | 894c6ccb-cb7a-4ea1-b032-b1d93b25247d | 9850fb76-4155-4910-881f-b5d33ee0835c | f2380b81-e46f-430b-8fd2-e3897ddf7be9
donor,1768,library_uuid,8,16552c24-ef48-4e1f-aff5-319a1f739299 | 2236c52d-924b-415a-aae0-00fa08d12d1f | 43b9b939-e389-4784-b4e0-ee9d12aa7ca1 | 894c6ccb-cb7a-4ea1-b032-b1d93b25247d | 91761416-a756-48e5-8768-fd169c7c564c | 9850fb76-4155-4910-881f-b5d33ee0835c | d9942805-5a63-4958-b714-7088c0428c65 | f2380b81-e46f-430b-8fd2-e3897ddf7be9
donor,1771,library_uuid,6,2236c52d-924b-415a-aae0-00fa08d12d1f | 3c722d55-1664-4996-8228-63504e862676 | 894c6ccb-cb7a-4ea1-b032-b1d93b25247d | 9850fb76-4155-4910-881f-b5d33ee0835c | e9ebbe1e-ce77-4c97-a04e-4a64befe98c8 | f2380b81-e46f-430b-8fd2-e3897ddf7be9
donor,1772,library_uuid,8,1e3165e4-e0c0-4bf7-b803-7d8271b99fd5 | 2e65a160-ba6e-4001-b942-c2aa46cd2c5b | 60373b7d-7c45-428f-9622-aa4f854c4860 | 7a2abe44-abb7-4648-bb14-224625a6da0b | 7c76a618-92ba-41fd-b0a7-306a1c1a6bf2 | a5750809-7c9f-409f-baa1-9bfbb22d2fcc | d4d2da4e-6580-479c-b5f6-77b109e72715 | fb1e97d1-dd9c-4314-aae2-9c3745df1411
donor,1775,library_uuid,4,28401515-eca4-442a-85fc-f8c2793b1c26 | 9184b09f-ca66-4623-a733-1f64bc1b424f | d9bf3113-086e-4165-ba13-e78a3d7b4138 | e16d2c39-bfd1-4fb1-8ed6-ad6b16f3652e
donor,1785,library_uuid,4,28401515-eca4-442a-85fc-f8c2793b1c26 | 9184b09f-ca66-4623-a733-1f64bc1b424f | d9bf3113-086e-4165-ba13-e78a3d7b4138 | e16d2c39-bfd1-4fb1-8ed6-ad6b16f3652e
donor,1791,library_uuid,6,2236c52d-924b-415a-aae0-00fa08d12d1f | 3c722d55-1664-4996-8228-63504e862676 | 894c6ccb-cb7a-4ea1-b032-b1d93b25247d | 9850fb76-4155-4910-881f-b5d33ee0835c | e9ebbe1e-ce77-4c97-a04e-4a64befe98c8 | f2380b81-e46f-430b-8fd2-e3897ddf7be9
donor,1799,library_uuid,4,28401515-eca4-442a-85fc-f8c2793b1c26 | 9184b09f-ca66-4623-a733-1f64bc1b424f | d9bf3113-086e-4165-ba13-e78a3d7b4138 | e16d2c39-bfd1-4fb1-8ed6-ad6b16f3652e
donor,1804,library_uuid,6,2236c52d-924b-415a-aae0-00fa08d12d1f | 4e57f7cc-1df2-467f-8bfe-cb19af5d7350 | 894c6ccb-cb7a-4ea1-b032-b1d93b25247d | 9850fb76-4155-4910-881f-b5d33ee0835c | ddb0a996-79fe-4eac-8760-76ee74c7c333 | f2380b81-e46f-430b-8fd2-e3897ddf7be9
donor,1815,library_uuid,4,048cb921-e15f-47a6-a9e3-ed512574e5d7 | c64fa002-95f9-4429-b65c-6f55c7f907d4 | c7f79595-aa68-4139-9a87-094c761cc5ab | d641571e-6406-4309-ae61-acc6f2e0a50d
donor,1827,library_uuid,4,048cb921-e15f-47a6-a9e3-ed512574e5d7 | c64fa002-95f9-4429-b65c-6f55c7f907d4 | c7f79595-aa68-4139-9a87-094c761cc5ab | d641571e-6406-4309-ae61-acc6f2e0a50d
donor,1829,library_uuid,4,048cb921-e15f-47a6-a9e3-ed512574e5d7 | c64fa002-95f9-4429-b65c-6f55c7f907d4 | c7f79595-aa68-4139-9a87-094c761cc5ab | d641571e-6406-4309-ae61-acc6f2e0a50d
donor,1848,library_uuid,4,048cb921-e15f-47a6-a9e3-ed512574e5d7 | c64fa002-95f9-4429-b65c-6f55c7f907d4 | c7f79595-aa68-4139-9a87-094c761cc5ab | d641571e-6406-4309-ae61-acc6f2e0a50d
donor,1857,library_uuid,4,1e3165e4-e0c0-4bf7-b803-7d8271b99fd5 | 60373b7d-7c45-428f-9622-aa4f854c4860 | d4d2da4e-6580-479c-b5f6-77b109e72715 | fb1e97d1-dd9c-4314-aae2-9c3745df1411
donor,1881,library_uuid,4,39093cbf-e0a9-480d-ab0b-e9e4cf95a9f8 | 64f6fec6-18a3-4563-b731-189faf6423f2 | 6fd714df-b88d-43a6-8f75-3d300278329d | c2641f62-eb23-4dad-9c22-b52e72b79df2
donor,1886,library_uuid,4,1e3165e4-e0c0-4bf7-b803-7d8271b99fd5 | 60373b7d-7c45-428f-9622-aa4f854c4860 | d4d2da4e-6580-479c-b5f6-77b109e72715 | fb1e97d1-dd9c-4314-aae2-9c3745df1411
donor,1888,library_uuid,4,16552c24-ef48-4e1f-aff5-319a1f739299 | 43b9b939-e389-4784-b4e0-ee9d12aa7ca1 | 91761416-a756-48e5-8768-fd169c7c564c | d9942805-5a63-4958-b714-7088c0428c65
donor,1891,library_uuid,4,048cb921-e15f-47a6-a9e3-ed512574e5d7 | c64fa002-95f9-4429-b65c-6f55c7f907d4 | c7f79595-aa68-4139-9a87-094c761cc5ab | d641571e-6406-4309-ae61-acc6f2e0a50d
donor,1892,library_uuid,4,048cb921-e15f-47a6-a9e3-ed512574e5d7 | c64fa002-95f9-4429-b65c-6f55c7f907d4 | c7f79595-aa68-4139-9a87-094c761cc5ab | d641571e-6406-4309-ae61-acc6f2e0a50d
donor,1909,library_uuid,4,39093cbf-e0a9-480d-ab0b-e9e4cf95a9f8 | 64f6fec6-18a3-4563-b731-189faf6423f2 | 6fd714df-b88d-43a6-8f75-3d300278329d | c2641f62-eb23-4dad-9c22-b52e72b79df2
donor,1928,library_uuid,4,39093cbf-e0a9-480d-ab0b-e9e4cf95a9f8 | 64f6fec6-18a3-4563-b731-189faf6423f2 | 6fd714df-b88d-43a6-8f75-3d300278329d | c2641f62-eb23-4dad-9c22-b52e72b79df2
donor,1941,library_uuid,4,16552c24-ef48-4e1f-aff5-319a1f739299 | 43b9b939-e389-4784-b4e0-ee9d12aa7ca1 | 91761416-a756-48e5-8768-fd169c7c564c | d9942805-5a63-4958-b714-7088c0428c65
donor,1947,library_uuid,4,2236c52d-924b-415a-aae0-00fa08d12d1f | 894c6ccb-cb7a-4ea1-b032-b1d93b25247d | 9850fb76-4155-4910-881f-b5d33ee0835c | f2380b81-e46f-430b-8fd2-e3897ddf7be9
donor,1958,library_uuid,4,2236c52d-924b-415a-aae0-00fa08d12d1f | 894c6ccb-cb7a-4ea1-b032-b1d93b25247d | 9850fb76-4155-4910-881f-b5d33ee0835c | f2380b81-e46f-430b-8fd2-e3897ddf7be9
donor,1961,library_uuid,4,2236c52d-924b-415a-aae0-00fa08d12d1f | 894c6ccb-cb7a-4ea1-b032-b1d93b25247d | 9850fb76-4155-4910-881f-b5d33ee0835c | f2380b81-e46f-430b-8fd2-e3897ddf7be9
donor,2061,library_uuid,4,0955850b-157b-4396-a3da-83b8bcbed172 | 34585dab-86cd-40a1-9780-83204c304046 | ddae4c77-2b07-4e3e-97f1-84a37cf04321 | ecd9109f-7197-46df-b3a8-1ac2d9990185
donor,2082,library_uuid,4,1e3165e4-e0c0-4bf7-b803-7d8271b99fd5 | 60373b7d-7c45-428f-9622-aa4f854c4860 | d4d2da4e-6580-479c-b5f6-77b109e72715 | fb1e97d1-dd9c-4314-aae2-9c3745df1411
donor,2132,library_uuid,4,2e65a160-ba6e-4001-b942-c2aa46cd2c5b | 7a2abe44-abb7-4648-bb14-224625a6da0b | 7c76a618-92ba-41fd-b0a7-306a1c1a6bf2 | a5750809-7c9f-409f-baa1-9bfbb22d2fcc
donor,2135,library_uuid,4,1e3165e4-e0c0-4bf7-b803-7d8271b99fd5 | 60373b7d-7c45-428f-9622-aa4f854c4860 | d4d2da4e-6580-479c-b5f6-77b109e72715 | fb1e97d1-dd9c-4314-aae2-9c3745df1411
donor,FLARE001,library_uuid,8,152e2bfd-e9ea-4d70-a999-6f37fb3fb96c | 2e65a160-ba6e-4001-b942-c2aa46cd2c5b | 30bbf8d6-bd6a-4b4f-8d3e-a54bf78f79d5 | 7a2abe44-abb7-4648-bb14-224625a6da0b | 7c76a618-92ba-41fd-b0a7-306a1c1a6bf2 | a5750809-7c9f-409f-baa1-9bfbb22d2fcc | b816335c-8d84-4ecc-aa3e-2dea51795320 | df159c28-05fb-4f35-83b8-8c14af793f2a
donor,FLARE004,library_uuid,8,152e2bfd-e9ea-4d70-a999-6f37fb3fb96c | 2e65a160-ba6e-4001-b942-c2aa46cd2c5b | 30bbf8d6-bd6a-4b4f-8d3e-a54bf78f79d5 | 7a2abe44-abb7-4648-bb14-224625a6da0b | 7c76a618-92ba-41fd-b0a7-306a1c1a6bf2 | a5750809-7c9f-409f-baa1-9bfbb22d2fcc | b816335c-8d84-4ecc-aa3e-2dea51795320 | df159c28-05fb-4f35-83b8-8c14af793f2a
donor,FLARE005,library_uuid,4,152e2bfd-e9ea-4d70-a999-6f37fb3fb96c | 30bbf8d6-bd6a-4b4f-8d3e-a54bf78f79d5 | b816335c-8d84-4ecc-aa3e-2dea51795320 | df159c28-05fb-4f35-83b8-8c14af793f2a
donor,FLARE006,library_uuid,4,152e2bfd-e9ea-4d70-a999-6f37fb3fb96c | 30bbf8d6-bd6a-4b4f-8d3e-a54bf78f79d5 | b816335c-8d84-4ecc-aa3e-2dea51795320 | df159c28-05fb-4f35-83b8-8c14af793f2a
donor,FLARE007,library_uuid,4,152e2bfd-e9ea-4d70-a999-6f37fb3fb96c | 30bbf8d6-bd6a-4b4f-8d3e-a54bf78f79d5 | b816335c-8d84-4ecc-aa3e-2dea51795320 | df159c28-05fb-4f35-83b8-8c14af793f2a
donor,FLARE009,library_uuid,8,152e2bfd-e9ea-4d70-a999-6f37fb3fb96c | 2e65a160-ba6e-4001-b942-c2aa46cd2c5b | 30bbf8d6-bd6a-4b4f-8d3e-a54bf78f79d5 | 7a2abe44-abb7-4648-bb14-224625a6da0b | 7c76a618-92ba-41fd-b0a7-306a1c1a6bf2 | a5750809-7c9f-409f-baa1-9bfbb22d2fcc | b816335c-8d84-4ecc-aa3e-2dea51795320 | df159c28-05fb-4f35-83b8-8c14af793f2a
donor,FLARE010,library_uuid,8,152e2bfd-e9ea-4d70-a999-6f37fb3fb96c | 2e65a160-ba6e-4001-b942-c2aa46cd2c5b | 30bbf8d6-bd6a-4b4f-8d3e-a54bf78f79d5 | 7a2abe44-abb7-4648-bb14-224625a6da0b | 7c76a618-92ba-41fd-b0a7-306a1c1a6bf2 | a5750809-7c9f-409f-baa1-9bfbb22d2fcc | b816335c-8d84-4ecc-aa3e-2dea51795320 | df159c28-05fb-4f35-83b8-8c14af793f2a
donor,FLARE011,library_uuid,8,152e2bfd-e9ea-4d70-a999-6f37fb3fb96c | 2e65a160-ba6e-4001-b942-c2aa46cd2c5b | 30bbf8d6-bd6a-4b4f-8d3e-a54bf78f79d5 | 7a2abe44-abb7-4648-bb14-224625a6da0b | 7c76a618-92ba-41fd-b0a7-306a1c1a6bf2 | a5750809-7c9f-409f-baa1-9bfbb22d2fcc | b816335c-8d84-4ecc-aa3e-2dea51795320 | df159c28-05fb-4f35-83b8-8c14af793f2a
donor,FLARE013,library_uuid,7,152e2bfd-e9ea-4d70-a999-6f37fb3fb96c | 2e65a160-ba6e-4001-b942-c2aa46cd2c5b | 7a2abe44-abb7-4648-bb14-224625a6da0b | 7c76a618-92ba-41fd-b0a7-306a1c1a6bf2 | a5750809-7c9f-409f-baa1-9bfbb22d2fcc | b816335c-8d84-4ecc-aa3e-2dea51795320 | df159c28-05fb-4f35-83b8-8c14af793f2a
donor,FLARE014,library_uuid,4,152e2bfd-e9ea-4d70-a999-6f37fb3fb96c | 30bbf8d6-bd6a-4b4f-8d3e-a54bf78f79d5 | b816335c-8d84-4ecc-aa3e-2dea51795320 | df159c28-05fb-4f35-83b8-8c14af793f2a
donor,FLARE015,library_uuid,4,152e2bfd-e9ea-4d70-a999-6f37fb3fb96c | 30bbf8d6-bd6a-4b4f-8d3e-a54bf78f79d5 | b816335c-8d84-4ecc-aa3e-2dea51795320 | df159c28-05fb-4f35-83b8-8c14af793f2a
donor,FLARE016,library_uuid,8,152e2bfd-e9ea-4d70-a999-6f37fb3fb96c | 2e65a160-ba6e-4001-b942-c2aa46cd2c5b | 30bbf8d6-bd6a-4b4f-8d3e-a54bf78f79d5 | 7a2abe44-abb7-4648-bb14-224625a6da0b | 7c76a618-92ba-41fd-b0a7-306a1c1a6bf2 | a5750809-7c9f-409f-baa1-9bfbb22d2fcc | b816335c-8d84-4ecc-aa3e-2dea51795320 | df159c28-05fb-4f35-83b8-8c14af793f2a
donor,FLARE017,library_uuid,4,2e65a160-ba6e-4001-b942-c2aa46cd2c5b | 7a2abe44-abb7-4648-bb14-224625a6da0b | 7c76a618-92ba-41fd-b0a7-306a1c1a6bf2 | a5750809-7c9f-409f-baa1-9bfbb22d2fcc
donor,FLARE020,library_uuid,4,2e65a160-ba6e-4001-b942-c2aa46cd2c5b | 7a2abe44-abb7-4648-bb14-224625a6da0b | 7c76a618-92ba-41fd-b0a7-306a1c1a6bf2 | a5750809-7c9f-409f-baa1-9bfbb22d2fcc
donor,HC-002,library_uuid,4,2e65a160-ba6e-4001-b942-c2aa46cd2c5b | 7a2abe44-abb7-4648-bb14-224625a6da0b | 7c76a618-92ba-41fd-b0a7-306a1c1a6bf2 | a5750809-7c9f-409f-baa1-9bfbb22d2fcc
donor,HC-006,library_uuid,4,39093cbf-e0a9-480d-ab0b-e9e4cf95a9f8 | 64f6fec6-18a3-4563-b731-189faf6423f2 | 6fd714df-b88d-43a6-8f75-3d300278329d | c2641f62-eb23-4dad-9c22-b52e72b79df2
donor,HC-008,library_uuid,4,39093cbf-e0a9-480d-ab0b-e9e4cf95a9f8 | 64f6fec6-18a3-4563-b731-189faf6423f2 | 6fd714df-b88d-43a6-8f75-3d300278329d | c2641f62-eb23-4dad-9c22-b52e72b79df2
donor,HC-009,library_uuid,4,39093cbf-e0a9-480d-ab0b-e9e4cf95a9f8 | 64f6fec6-18a3-4563-b731-189faf6423f2 | 6fd714df-b88d-43a6-8f75-3d300278329d | c2641f62-eb23-4dad-9c22-b52e72b79df2
donor,HC-011,library_uuid,4,0955850b-157b-4396-a3da-83b8bcbed172 | 34585dab-86cd-40a1-9780-83204c304046 | ddae4c77-2b07-4e3e-97f1-84a37cf04321 | ecd9109f-7197-46df-b3a8-1ac2d9990185
donor,HC-014,library_uuid,8,0955850b-157b-4396-a3da-83b8bcbed172 | 2e65a160-ba6e-4001-b942-c2aa46cd2c5b | 34585dab-86cd-40a1-9780-83204c304046 | 7a2abe44-abb7-4648-bb14-224625a6da0b | 7c76a618-92ba-41fd-b0a7-306a1c1a6bf2 | a5750809-7c9f-409f-baa1-9bfbb22d2fcc | ddae4c77-2b07-4e3e-97f1-84a37cf04321 | ecd9109f-7197-46df-b3a8-1ac2d9990185
donor,HC-015,library_uuid,4,39093cbf-e0a9-480d-ab0b-e9e4cf95a9f8 | 64f6fec6-18a3-4563-b731-189faf6423f2 | 6fd714df-b88d-43a6-8f75-3d300278329d | c2641f62-eb23-4dad-9c22-b52e72b79df2
donor,HC-019,library_uuid,4,10cec51f-a79f-4907-8745-b45df64f6946 | 32436280-1ea6-4678-bb18-4632fe8c4933 | 90e60bb7-e776-4dff-a8ba-6390acefdbee | ca103ed6-7a7e-4450-9546-ac295532bced
donor,HC-020,library_uuid,4,2e65a160-ba6e-4001-b942-c2aa46cd2c5b | 7a2abe44-abb7-4648-bb14-224625a6da0b | 7c76a618-92ba-41fd-b0a7-306a1c1a6bf2 | a5750809-7c9f-409f-baa1-9bfbb22d2fcc
donor,HC-022,library_uuid,4,0955850b-157b-4396-a3da-83b8bcbed172 | 34585dab-86cd-40a1-9780-83204c304046 | ddae4c77-2b07-4e3e-97f1-84a37cf04321 | ecd9109f-7197-46df-b3a8-1ac2d9990185
donor,HC-500,library_uuid,4,10cec51f-a79f-4907-8745-b45df64f6946 | 32436280-1ea6-4678-bb18-4632fe8c4933 | 90e60bb7-e776-4dff-a8ba-6390acefdbee | ca103ed6-7a7e-4450-9546-ac295532bced
donor,HC-501,library_uuid,4,152e2bfd-e9ea-4d70-a999-6f37fb3fb96c | 30bbf8d6-bd6a-4b4f-8d3e-a54bf78f79d5 | b816335c-8d84-4ecc-aa3e-2dea51795320 | df159c28-05fb-4f35-83b8-8c14af793f2a
donor,HC-502,library_uuid,4,152e2bfd-e9ea-4d70-a999-6f37fb3fb96c | 30bbf8d6-bd6a-4b4f-8d3e-a54bf78f79d5 | b816335c-8d84-4ecc-aa3e-2dea51795320 | df159c28-05fb-4f35-83b8-8c14af793f2a
donor,HC-503,library_uuid,4,2e65a160-ba6e-4001-b942-c2aa46cd2c5b | 7a2abe44-abb7-4648-bb14-224625a6da0b | 7c76a618-92ba-41fd-b0a7-306a1c1a6bf2 | a5750809-7c9f-409f-baa1-9bfbb22d2fcc
donor,HC-504,library_uuid,8,10cec51f-a79f-4907-8745-b45df64f6946 | 152e2bfd-e9ea-4d70-a999-6f37fb3fb96c | 30bbf8d6-bd6a-4b4f-8d3e-a54bf78f79d5 | 32436280-1ea6-4678-bb18-4632fe8c4933 | 90e60bb7-e776-4dff-a8ba-6390acefdbee | b816335c-8d84-4ecc-aa3e-2dea51795320 | ca103ed6-7a7e-4450-9546-ac295532bced | df159c28-05fb-4f35-83b8-8c14af793f2a
donor,HC-506,library_uuid,8,16552c24-ef48-4e1f-aff5-319a1f739299 | 2e65a160-ba6e-4001-b942-c2aa46cd2c5b | 43b9b939-e389-4784-b4e0-ee9d12aa7ca1 | 7a2abe44-abb7-4648-bb14-224625a6da0b | 7c76a618-92ba-41fd-b0a7-306a1c1a6bf2 | 91761416-a756-48e5-8768-fd169c7c564c | a5750809-7c9f-409f-baa1-9bfbb22d2fcc | d9942805-5a63-4958-b714-7088c0428c65
donor,HC-508,library_uuid,4,39093cbf-e0a9-480d-ab0b-e9e4cf95a9f8 | 64f6fec6-18a3-4563-b731-189faf6423f2 | 6fd714df-b88d-43a6-8f75-3d300278329d | c2641f62-eb23-4dad-9c22-b52e72b79df2
donor,HC-512,library_uuid,4,1e3165e4-e0c0-4bf7-b803-7d8271b99fd5 | 60373b7d-7c45-428f-9622-aa4f854c4860 | d4d2da4e-6580-479c-b5f6-77b109e72715 | fb1e97d1-dd9c-4314-aae2-9c3745df1411
donor,HC-516,library_uuid,4,1e3165e4-e0c0-4bf7-b803-7d8271b99fd5 | 60373b7d-7c45-428f-9622-aa4f854c4860 | d4d2da4e-6580-479c-b5f6-77b109e72715 | fb1e97d1-dd9c-4314-aae2-9c3745df1411
donor,HC-519,library_uuid,4,16552c24-ef48-4e1f-aff5-319a1f739299 | 43b9b939-e389-4784-b4e0-ee9d12aa7ca1 | 91761416-a756-48e5-8768-fd169c7c564c | d9942805-5a63-4958-b714-7088c0428c65
donor,HC-520,library_uuid,4,1e3165e4-e0c0-4bf7-b803-7d8271b99fd5 | 60373b7d-7c45-428f-9622-aa4f854c4860 | d4d2da4e-6580-479c-b5f6-77b109e72715 | fb1e97d1-dd9c-4314-aae2-9c3745df1411
donor,HC-524,library_uuid,4,1e3165e4-e0c0-4bf7-b803-7d8271b99fd5 | 60373b7d-7c45-428f-9622-aa4f854c4860 | d4d2da4e-6580-479c-b5f6-77b109e72715 | fb1e97d1-dd9c-4314-aae2-9c3745df1411
donor,HC-526,library_uuid,4,1e3165e4-e0c0-4bf7-b803-7d8271b99fd5 | 60373b7d-7c45-428f-9622-aa4f854c4860 | d4d2da4e-6580-479c-b5f6-77b109e72715 | fb1e97d1-dd9c-4314-aae2-9c3745df1411
donor,HC-531,library_uuid,4,1e3165e4-e0c0-4bf7-b803-7d8271b99fd5 | 60373b7d-7c45-428f-9622-aa4f854c4860 | d4d2da4e-6580-479c-b5f6-77b109e72715 | fb1e97d1-dd9c-4314-aae2-9c3745df1411
donor,HC-532,library_uuid,4,10cec51f-a79f-4907-8745-b45df64f6946 | 32436280-1ea6-4678-bb18-4632fe8c4933 | 90e60bb7-e776-4dff-a8ba-6390acefdbee | ca103ed6-7a7e-4450-9546-ac295532bced
donor,HC-533,library_uuid,4,1e3165e4-e0c0-4bf7-b803-7d8271b99fd5 | 60373b7d-7c45-428f-9622-aa4f854c4860 | d4d2da4e-6580-479c-b5f6-77b109e72715 | fb1e97d1-dd9c-4314-aae2-9c3745df1411
donor,HC-536,library_uuid,4,1e3165e4-e0c0-4bf7-b803-7d8271b99fd5 | 60373b7d-7c45-428f-9622-aa4f854c4860 | d4d2da4e-6580-479c-b5f6-77b109e72715 | fb1e97d1-dd9c-4314-aae2-9c3745df1411
donor,HC-538,library_uuid,4,0955850b-157b-4396-a3da-83b8bcbed172 | 34585dab-86cd-40a1-9780-83204c304046 | ddae4c77-2b07-4e3e-97f1-84a37cf04321 | ecd9109f-7197-46df-b3a8-1ac2d9990185
donor,HC-540,library_uuid,4,0955850b-157b-4396-a3da-83b8bcbed172 | 34585dab-86cd-40a1-9780-83204c304046 | ddae4c77-2b07-4e3e-97f1-84a37cf04321 | ecd9109f-7197-46df-b3a8-1ac2d9990185
donor,HC-541,library_uuid,4,0955850b-157b-4396-a3da-83b8bcbed172 | 34585dab-86cd-40a1-9780-83204c304046 | ddae4c77-2b07-4e3e-97f1-84a37cf04321 | ecd9109f-7197-46df-b3a8-1ac2d9990185
donor,HC-543,library_uuid,4,0955850b-157b-4396-a3da-83b8bcbed172 | 34585dab-86cd-40a1-9780-83204c304046 | ddae4c77-2b07-4e3e-97f1-84a37cf04321 | ecd9109f-7197-46df-b3a8-1ac2d9990185
donor,HC-545,library_uuid,4,0955850b-157b-4396-a3da-83b8bcbed172 | 34585dab-86cd-40a1-9780-83204c304046 | ddae4c77-2b07-4e3e-97f1-84a37cf04321 | ecd9109f-7197-46df-b3a8-1ac2d9990185
donor,HC-546,library_uuid,4,1495b93b-a19f-4364-95a3-6d8ac531eac6 | 3332f018-936e-4c4c-9105-99d9503db5a3 | 70a004b7-4a17-4702-8910-4557aa0c4279 | cdab3145-edc9-4352-932c-1638e791bfc9
donor,HC-551,library_uuid,4,1495b93b-a19f-4364-95a3-6d8ac531eac6 | 3332f018-936e-4c4c-9105-99d9503db5a3 | 70a004b7-4a17-4702-8910-4557aa0c4279 | cdab3145-edc9-4352-932c-1638e791bfc9
donor,HC-552,library_uuid,4,10cec51f-a79f-4907-8745-b45df64f6946 | 32436280-1ea6-4678-bb18-4632fe8c4933 | 90e60bb7-e776-4dff-a8ba-6390acefdbee | ca103ed6-7a7e-4450-9546-ac295532bced
donor,HC-554,library_uuid,4,1495b93b-a19f-4364-95a3-6d8ac531eac6 | 3332f018-936e-4c4c-9105-99d9503db5a3 | 70a004b7-4a17-4702-8910-4557aa0c4279 | cdab3145-edc9-4352-932c-1638e791bfc9
donor,HC-556,library_uuid,4,1495b93b-a19f-4364-95a3-6d8ac531eac6 | 3332f018-936e-4c4c-9105-99d9503db5a3 | 70a004b7-4a17-4702-8910-4557aa0c4279 | cdab3145-edc9-4352-932c-1638e791bfc9
donor,HC-558,library_uuid,4,16552c24-ef48-4e1f-aff5-319a1f739299 | 43b9b939-e389-4784-b4e0-ee9d12aa7ca1 | 91761416-a756-48e5-8768-fd169c7c564c | d9942805-5a63-4958-b714-7088c0428c65
donor,HC-563,library_uuid,4,16552c24-ef48-4e1f-aff5-319a1f739299 | 43b9b939-e389-4784-b4e0-ee9d12aa7ca1 | 91761416-a756-48e5-8768-fd169c7c564c | d9942805-5a63-4958-b714-7088c0428c65
donor,HC-566,library_uuid,4,16552c24-ef48-4e1f-aff5-319a1f739299 | 43b9b939-e389-4784-b4e0-ee9d12aa7ca1 | 91761416-a756-48e5-8768-fd169c7c564c | d9942805-5a63-4958-b714-7088c0428c65
donor,HC-567,library_uuid,4,16552c24-ef48-4e1f-aff5-319a1f739299 | 43b9b939-e389-4784-b4e0-ee9d12aa7ca1 | 91761416-a756-48e5-8768-fd169c7c564c | d9942805-5a63-4958-b714-7088c0428c65
donor,HC-571,library_uuid,4,10cec51f-a79f-4907-8745-b45df64f6946 | 32436280-1ea6-4678-bb18-4632fe8c4933 | 90e60bb7-e776-4dff-a8ba-6390acefdbee | ca103ed6-7a7e-4450-9546-ac295532bced
donor,HC-572,library_uuid,4,1495b93b-a19f-4364-95a3-6d8ac531eac6 | 3332f018-936e-4c4c-9105-99d9503db5a3 | 70a004b7-4a17-4702-8910-4557aa0c4279 | cdab3145-edc9-4352-932c-1638e791bfc9
donor,HC-573,library_uuid,4,16552c24-ef48-4e1f-aff5-319a1f739299 | 43b9b939-e389-4784-b4e0-ee9d12aa7ca1 | 91761416-a756-48e5-8768-fd169c7c564c | d9942805-5a63-4958-b714-7088c0428c65
donor,HC-574,library_uuid,4,10cec51f-a79f-4907-8745-b45df64f6946 | 32436280-1ea6-4678-bb18-4632fe8c4933 | 90e60bb7-e776-4dff-a8ba-6390acefdbee | ca103ed6-7a7e-4450-9546-ac295532bced
donor,HC-578,library_uuid,4,16552c24-ef48-4e1f-aff5-319a1f739299 | 43b9b939-e389-4784-b4e0-ee9d12aa7ca1 | 91761416-a756-48e5-8768-fd169c7c564c | d9942805-5a63-4958-b714-7088c0428c65
donor,HC-580,library_uuid,4,39093cbf-e0a9-480d-ab0b-e9e4cf95a9f8 | 64f6fec6-18a3-4563-b731-189faf6423f2 | 6fd714df-b88d-43a6-8f75-3d300278329d | c2641f62-eb23-4dad-9c22-b52e72b79df2
donor,HC-585,library_uuid,4,1495b93b-a19f-4364-95a3-6d8ac531eac6 | 3332f018-936e-4c4c-9105-99d9503db5a3 | 70a004b7-4a17-4702-8910-4557aa0c4279 | cdab3145-edc9-4352-932c-1638e791bfc9
donor,ICC_control,library_uuid,4,1495b93b-a19f-4364-95a3-6d8ac531eac6 | 3332f018-936e-4c4c-9105-99d9503db5a3 | 70a004b7-4a17-4702-8910-4557aa0c4279 | cdab3145-edc9-4352-932c-1638e791bfc9
donor,IGTB1290,library_uuid,10,048cb921-e15f-47a6-a9e3-ed512574e5d7 | 2236c52d-924b-415a-aae0-00fa08d12d1f | 3c722d55-1664-4996-8228-63504e862676 | 894c6ccb-cb7a-4ea1-b032-b1d93b25247d | 9850fb76-4155-4910-881f-b5d33ee0835c | c64fa002-95f9-4429-b65c-6f55c7f907d4 | c7f79595-aa68-4139-9a87-094c761cc5ab | d641571e-6406-4309-ae61-acc6f2e0a50d | e9ebbe1e-ce77-4c97-a04e-4a64befe98c8 | f2380b81-e46f-430b-8fd2-e3897ddf7be9
donor,IGTB1372,library_uuid,12,0be87f87-d01a-495e-9605-d89d36240908 | 2e65a160-ba6e-4001-b942-c2aa46cd2c5b | 54530f14-aadf-4c2a-8f92-9c22a69cc022 | 7a2abe44-abb7-4648-bb14-224625a6da0b | 7c76a618-92ba-41fd-b0a7-306a1c1a6bf2 | a5750809-7c9f-409f-baa1-9bfbb22d2fcc | a5cedd63-caae-415f-b7e4-c7f660fc89c8 | cd2306bc-106c-4506-b778-d184713c463a | d9278721-fad6-4eba-a1bb-4a26c0aea206 | dac92812-557b-4abd-8fb0-4f823ae8ff59 | e3629615-6d5c-4167-808f-996d53989dbf | f1568b25-4a87-414f-8329-1a860a3a8aeb
donor,IGTB141,library_uuid,8,15024b21-fb68-4bbe-92cf-0c9ab90f11a6 | 683bd537-4ff4-4741-afe5-be328f499d4b | 68492085-4a2b-4551-9b12-75062c694069 | a5cedd63-caae-415f-b7e4-c7f660fc89c8 | bdc30514-427c-403e-a0ee-61e7d04e407e | cd2306bc-106c-4506-b778-d184713c463a | d9278721-fad6-4eba-a1bb-4a26c0aea206 | f1568b25-4a87-414f-8329-1a860a3a8aeb
donor,IGTB143,library_uuid,12,2dbf699a-f6cd-446d-8dc4-0595319cfa99 | 39564abe-76f3-4a33-9f10-f574069834bc | 78c34b8c-196b-4a31-b700-08882bfaf4ab | 8321fef1-a067-4a62-a461-37e1f1b4f868 | 8627b3d4-c529-45b3-bf1e-0313791be91d | a5cedd63-caae-415f-b7e4-c7f660fc89c8 | cd2306bc-106c-4506-b778-d184713c463a | cdf51e52-a49a-474f-a6ba-da5a14137d09 | cfb525cf-987b-42c8-afca-8dd18f45b32d | d49aa545-2b96-409c-85e8-2bf8706475fb | d9278721-fad6-4eba-a1bb-4a26c0aea206 | f1568b25-4a87-414f-8329-1a860a3a8aeb
donor,IGTB1506,library_uuid,16,2dbf699a-f6cd-446d-8dc4-0595319cfa99 | 2e65a160-ba6e-4001-b942-c2aa46cd2c5b | 39564abe-76f3-4a33-9f10-f574069834bc | 78c34b8c-196b-4a31-b700-08882bfaf4ab | 7a2abe44-abb7-4648-bb14-224625a6da0b | 7c76a618-92ba-41fd-b0a7-306a1c1a6bf2 | 8321fef1-a067-4a62-a461-37e1f1b4f868 | 8627b3d4-c529-45b3-bf1e-0313791be91d | a5750809-7c9f-409f-baa1-9bfbb22d2fcc | a5cedd63-caae-415f-b7e4-c7f660fc89c8 | cd2306bc-106c-4506-b778-d184713c463a | cdf51e52-a49a-474f-a6ba-da5a14137d09 | cfb525cf-987b-42c8-afca-8dd18f45b32d | d49aa545-2b96-409c-85e8-2bf8706475fb | d9278721-fad6-4eba-a1bb-4a26c0aea206 | f1568b25-4a87-414f-8329-1a860a3a8aeb
donor,IGTB1539,library_uuid,8,28401515-eca4-442a-85fc-f8c2793b1c26 | 9184b09f-ca66-4623-a733-1f64bc1b424f | a5cedd63-caae-415f-b7e4-c7f660fc89c8 | cd2306bc-106c-4506-b778-d184713c463a | d9278721-fad6-4eba-a1bb-4a26c0aea206 | d9bf3113-086e-4165-ba13-e78a3d7b4138 | e16d2c39-bfd1-4fb1-8ed6-ad6b16f3652e | f1568b25-4a87-414f-8329-1a860a3a8aeb
donor,IGTB1540,library_uuid,12,0be87f87-d01a-495e-9605-d89d36240908 | 1556abac-8f1a-404a-8a2f-402ac562143c | 3044f2b9-48b5-45ec-ac14-107f0d7372f0 | 54530f14-aadf-4c2a-8f92-9c22a69cc022 | 665a3535-8f40-4ae3-9260-cbce7060781f | a5cedd63-caae-415f-b7e4-c7f660fc89c8 | b795713b-ff23-4494-b6a3-1438b2baee3e | cd2306bc-106c-4506-b778-d184713c463a | d9278721-fad6-4eba-a1bb-4a26c0aea206 | dac92812-557b-4abd-8fb0-4f823ae8ff59 | e3629615-6d5c-4167-808f-996d53989dbf | f1568b25-4a87-414f-8329-1a860a3a8aeb
donor,IGTB1542,library_uuid,4,2236c52d-924b-415a-aae0-00fa08d12d1f | 894c6ccb-cb7a-4ea1-b032-b1d93b25247d | 9850fb76-4155-4910-881f-b5d33ee0835c | f2380b81-e46f-430b-8fd2-e3897ddf7be9
donor,IGTB1575,library_uuid,8,28401515-eca4-442a-85fc-f8c2793b1c26 | 9184b09f-ca66-4623-a733-1f64bc1b424f | a5cedd63-caae-415f-b7e4-c7f660fc89c8 | cd2306bc-106c-4506-b778-d184713c463a | d9278721-fad6-4eba-a1bb-4a26c0aea206 | d9bf3113-086e-4165-ba13-e78a3d7b4138 | e16d2c39-bfd1-4fb1-8ed6-ad6b16f3652e | f1568b25-4a87-414f-8329-1a860a3a8aeb
donor,IGTB1650,library_uuid,12,0103e306-959a-46b0-896d-d8b9dee40157 | 0be87f87-d01a-495e-9605-d89d36240908 | 1556abac-8f1a-404a-8a2f-402ac562143c | 3044f2b9-48b5-45ec-ac14-107f0d7372f0 | 54530f14-aadf-4c2a-8f92-9c22a69cc022 | 665a3535-8f40-4ae3-9260-cbce7060781f | 9586e7f4-5c57-452e-bb13-90ceef874118 | b795713b-ff23-4494-b6a3-1438b2baee3e | d461010c-38fd-414f-91bd-e1b3e7e2f8fb | dac92812-557b-4abd-8fb0-4f823ae8ff59 | e3629615-6d5c-4167-808f-996d53989dbf | e7240495-f3e8-42a3-ac5c-4a9a7eebc341
donor,IGTB1731,library_uuid,4,0103e306-959a-46b0-896d-d8b9dee40157 | 9586e7f4-5c57-452e-bb13-90ceef874118 | d461010c-38fd-414f-91bd-e1b3e7e2f8fb | e7240495-f3e8-42a3-ac5c-4a9a7eebc341
donor,IGTB1762,library_uuid,4,3639058a-5dc3-49ad-82ff-cec405483912 | 56b848af-d12b-4f9c-b605-947e296caa46 | 8950207b-4940-4ef9-ad01-0ad0dace6f27 | b993ef60-52c8-41e2-83a2-bb44f1fb916f
donor,IGTB1768,library_uuid,4,0103e306-959a-46b0-896d-d8b9dee40157 | 9586e7f4-5c57-452e-bb13-90ceef874118 | d461010c-38fd-414f-91bd-e1b3e7e2f8fb | e7240495-f3e8-42a3-ac5c-4a9a7eebc341
donor,IGTB1789,library_uuid,4,3639058a-5dc3-49ad-82ff-cec405483912 | 56b848af-d12b-4f9c-b605-947e296caa46 | 8950207b-4940-4ef9-ad01-0ad0dace6f27 | b993ef60-52c8-41e2-83a2-bb44f1fb916f
donor,IGTB1793,library_uuid,4,3639058a-5dc3-49ad-82ff-cec405483912 | 56b848af-d12b-4f9c-b605-947e296caa46 | 8950207b-4940-4ef9-ad01-0ad0dace6f27 | b993ef60-52c8-41e2-83a2-bb44f1fb916f
donor,IGTB1814,library_uuid,4,0103e306-959a-46b0-896d-d8b9dee40157 | 9586e7f4-5c57-452e-bb13-90ceef874118 | d461010c-38fd-414f-91bd-e1b3e7e2f8fb | e7240495-f3e8-42a3-ac5c-4a9a7eebc341
donor,IGTB1815,library_uuid,4,3639058a-5dc3-49ad-82ff-cec405483912 | 56b848af-d12b-4f9c-b605-947e296caa46 | 8950207b-4940-4ef9-ad01-0ad0dace6f27 | b993ef60-52c8-41e2-83a2-bb44f1fb916f
donor,IGTB1819,library_uuid,4,3639058a-5dc3-49ad-82ff-cec405483912 | 56b848af-d12b-4f9c-b605-947e296caa46 | 8950207b-4940-4ef9-ad01-0ad0dace6f27 | b993ef60-52c8-41e2-83a2-bb44f1fb916f
donor,IGTB1826,library_uuid,4,0103e306-959a-46b0-896d-d8b9dee40157 | 9586e7f4-5c57-452e-bb13-90ceef874118 | d461010c-38fd-414f-91bd-e1b3e7e2f8fb | e7240495-f3e8-42a3-ac5c-4a9a7eebc341
donor,IGTB1827,library_uuid,4,0103e306-959a-46b0-896d-d8b9dee40157 | 9586e7f4-5c57-452e-bb13-90ceef874118 | d461010c-38fd-414f-91bd-e1b3e7e2f8fb | e7240495-f3e8-42a3-ac5c-4a9a7eebc341
donor,IGTB1828,library_uuid,4,3639058a-5dc3-49ad-82ff-cec405483912 | 56b848af-d12b-4f9c-b605-947e296caa46 | 8950207b-4940-4ef9-ad01-0ad0dace6f27 | b993ef60-52c8-41e2-83a2-bb44f1fb916f
donor,IGTB1840,library_uuid,4,3639058a-5dc3-49ad-82ff-cec405483912 | 56b848af-d12b-4f9c-b605-947e296caa46 | 8950207b-4940-4ef9-ad01-0ad0dace6f27 | b993ef60-52c8-41e2-83a2-bb44f1fb916f
donor,IGTB1844,library_uuid,4,0103e306-959a-46b0-896d-d8b9dee40157 | 9586e7f4-5c57-452e-bb13-90ceef874118 | d461010c-38fd-414f-91bd-e1b3e7e2f8fb | e7240495-f3e8-42a3-ac5c-4a9a7eebc341
donor,IGTB1871,library_uuid,4,3639058a-5dc3-49ad-82ff-cec405483912 | 56b848af-d12b-4f9c-b605-947e296caa46 | 8950207b-4940-4ef9-ad01-0ad0dace6f27 | b993ef60-52c8-41e2-83a2-bb44f1fb916f
donor,IGTB1895,library_uuid,4,3639058a-5dc3-49ad-82ff-cec405483912 | 56b848af-d12b-4f9c-b605-947e296caa46 | 8950207b-4940-4ef9-ad01-0ad0dace6f27 | b993ef60-52c8-41e2-83a2-bb44f1fb916f
donor,IGTB1901,library_uuid,4,3639058a-5dc3-49ad-82ff-cec405483912 | 56b848af-d12b-4f9c-b605-947e296caa46 | 8950207b-4940-4ef9-ad01-0ad0dace6f27 | b993ef60-52c8-41e2-83a2-bb44f1fb916f
donor,IGTB1906,library_uuid,4,a5cedd63-caae-415f-b7e4-c7f660fc89c8 | cd2306bc-106c-4506-b778-d184713c463a | d9278721-fad6-4eba-a1bb-4a26c0aea206 | f1568b25-4a87-414f-8329-1a860a3a8aeb
donor,IGTB1908,library_uuid,4,0103e306-959a-46b0-896d-d8b9dee40157 | 9586e7f4-5c57-452e-bb13-90ceef874118 | d461010c-38fd-414f-91bd-e1b3e7e2f8fb | e7240495-f3e8-42a3-ac5c-4a9a7eebc341
donor,IGTB1913,library_uuid,4,0103e306-959a-46b0-896d-d8b9dee40157 | 9586e7f4-5c57-452e-bb13-90ceef874118 | d461010c-38fd-414f-91bd-e1b3e7e2f8fb | e7240495-f3e8-42a3-ac5c-4a9a7eebc341
donor,IGTB1916,library_uuid,4,0103e306-959a-46b0-896d-d8b9dee40157 | 9586e7f4-5c57-452e-bb13-90ceef874118 | d461010c-38fd-414f-91bd-e1b3e7e2f8fb | e7240495-f3e8-42a3-ac5c-4a9a7eebc341
donor,IGTB1921,library_uuid,10,0103e306-959a-46b0-896d-d8b9dee40157 | 2236c52d-924b-415a-aae0-00fa08d12d1f | 4e57f7cc-1df2-467f-8bfe-cb19af5d7350 | 894c6ccb-cb7a-4ea1-b032-b1d93b25247d | 9586e7f4-5c57-452e-bb13-90ceef874118 | 9850fb76-4155-4910-881f-b5d33ee0835c | d461010c-38fd-414f-91bd-e1b3e7e2f8fb | ddb0a996-79fe-4eac-8760-76ee74c7c333 | e7240495-f3e8-42a3-ac5c-4a9a7eebc341 | f2380b81-e46f-430b-8fd2-e3897ddf7be9
donor,IGTB195,library_uuid,16,152e2bfd-e9ea-4d70-a999-6f37fb3fb96c | 1556abac-8f1a-404a-8a2f-402ac562143c | 3044f2b9-48b5-45ec-ac14-107f0d7372f0 | 30bbf8d6-bd6a-4b4f-8d3e-a54bf78f79d5 | 665a3535-8f40-4ae3-9260-cbce7060781f | 8321fef1-a067-4a62-a461-37e1f1b4f868 | 8627b3d4-c529-45b3-bf1e-0313791be91d | a5cedd63-caae-415f-b7e4-c7f660fc89c8 | b795713b-ff23-4494-b6a3-1438b2baee3e | b816335c-8d84-4ecc-aa3e-2dea51795320 | cd2306bc-106c-4506-b778-d184713c463a | cfb525cf-987b-42c8-afca-8dd18f45b32d | d49aa545-2b96-409c-85e8-2bf8706475fb | d9278721-fad6-4eba-a1bb-4a26c0aea206 | df159c28-05fb-4f35-83b8-8c14af793f2a | f1568b25-4a87-414f-8329-1a860a3a8aeb
donor,IGTB1952,library_uuid,4,3639058a-5dc3-49ad-82ff-cec405483912 | 56b848af-d12b-4f9c-b605-947e296caa46 | 8950207b-4940-4ef9-ad01-0ad0dace6f27 | b993ef60-52c8-41e2-83a2-bb44f1fb916f
donor,IGTB1966,library_uuid,4,3639058a-5dc3-49ad-82ff-cec405483912 | 56b848af-d12b-4f9c-b605-947e296caa46 | 8950207b-4940-4ef9-ad01-0ad0dace6f27 | b993ef60-52c8-41e2-83a2-bb44f1fb916f
donor,IGTB1974,library_uuid,4,0103e306-959a-46b0-896d-d8b9dee40157 | 9586e7f4-5c57-452e-bb13-90ceef874118 | d461010c-38fd-414f-91bd-e1b3e7e2f8fb | e7240495-f3e8-42a3-ac5c-4a9a7eebc341
donor,IGTB1982,library_uuid,4,3639058a-5dc3-49ad-82ff-cec405483912 | 56b848af-d12b-4f9c-b605-947e296caa46 | 8950207b-4940-4ef9-ad01-0ad0dace6f27 | b993ef60-52c8-41e2-83a2-bb44f1fb916f
donor,IGTB1987,library_uuid,4,0103e306-959a-46b0-896d-d8b9dee40157 | 9586e7f4-5c57-452e-bb13-90ceef874118 | d461010c-38fd-414f-91bd-e1b3e7e2f8fb | e7240495-f3e8-42a3-ac5c-4a9a7eebc341
donor,IGTB1996,library_uuid,4,3639058a-5dc3-49ad-82ff-cec405483912 | 56b848af-d12b-4f9c-b605-947e296caa46 | 8950207b-4940-4ef9-ad01-0ad0dace6f27 | b993ef60-52c8-41e2-83a2-bb44f1fb916f
donor,IGTB2007,library_uuid,4,3639058a-5dc3-49ad-82ff-cec405483912 | 56b848af-d12b-4f9c-b605-947e296caa46 | 8950207b-4940-4ef9-ad01-0ad0dace6f27 | b993ef60-52c8-41e2-83a2-bb44f1fb916f
donor,IGTB2065,library_uuid,4,3639058a-5dc3-49ad-82ff-cec405483912 | 56b848af-d12b-4f9c-b605-947e296caa46 | 8950207b-4940-4ef9-ad01-0ad0dace6f27 | b993ef60-52c8-41e2-83a2-bb44f1fb916f
donor,IGTB256,library_uuid,10,048cb921-e15f-47a6-a9e3-ed512574e5d7 | 2236c52d-924b-415a-aae0-00fa08d12d1f | 4e57f7cc-1df2-467f-8bfe-cb19af5d7350 | 894c6ccb-cb7a-4ea1-b032-b1d93b25247d | 9850fb76-4155-4910-881f-b5d33ee0835c | c64fa002-95f9-4429-b65c-6f55c7f907d4 | c7f79595-aa68-4139-9a87-094c761cc5ab | d641571e-6406-4309-ae61-acc6f2e0a50d | ddb0a996-79fe-4eac-8760-76ee74c7c333 | f2380b81-e46f-430b-8fd2-e3897ddf7be9
donor,IGTB469,library_uuid,16,0c7c125d-46d6-40ba-8088-31fb2b526a78 | 15024b21-fb68-4bbe-92cf-0c9ab90f11a6 | 272dbb99-7929-46e2-8446-a19c21af05da | 2e65a160-ba6e-4001-b942-c2aa46cd2c5b | 683bd537-4ff4-4741-afe5-be328f499d4b | 68492085-4a2b-4551-9b12-75062c694069 | 6ab35eea-1bae-4ee8-8e5f-5f1505715ac3 | 7a2abe44-abb7-4648-bb14-224625a6da0b | 7c76a618-92ba-41fd-b0a7-306a1c1a6bf2 | a5750809-7c9f-409f-baa1-9bfbb22d2fcc | a5cedd63-caae-415f-b7e4-c7f660fc89c8 | bdc30514-427c-403e-a0ee-61e7d04e407e | cd2306bc-106c-4506-b778-d184713c463a | d9278721-fad6-4eba-a1bb-4a26c0aea206 | f1568b25-4a87-414f-8329-1a860a3a8aeb | fc140c51-9b4f-427f-8e11-640bc7400007
donor,IGTB498,library_uuid,12,1556abac-8f1a-404a-8a2f-402ac562143c | 3044f2b9-48b5-45ec-ac14-107f0d7372f0 | 665a3535-8f40-4ae3-9260-cbce7060781f | 8321fef1-a067-4a62-a461-37e1f1b4f868 | 8627b3d4-c529-45b3-bf1e-0313791be91d | a5cedd63-caae-415f-b7e4-c7f660fc89c8 | b795713b-ff23-4494-b6a3-1438b2baee3e | cd2306bc-106c-4506-b778-d184713c463a | cfb525cf-987b-42c8-afca-8dd18f45b32d | d49aa545-2b96-409c-85e8-2bf8706475fb | d9278721-fad6-4eba-a1bb-4a26c0aea206 | f1568b25-4a87-414f-8329-1a860a3a8aeb
donor,IGTB508,library_uuid,16,0c7c125d-46d6-40ba-8088-31fb2b526a78 | 15024b21-fb68-4bbe-92cf-0c9ab90f11a6 | 152e2bfd-e9ea-4d70-a999-6f37fb3fb96c | 272dbb99-7929-46e2-8446-a19c21af05da | 30bbf8d6-bd6a-4b4f-8d3e-a54bf78f79d5 | 683bd537-4ff4-4741-afe5-be328f499d4b | 68492085-4a2b-4551-9b12-75062c694069 | 6ab35eea-1bae-4ee8-8e5f-5f1505715ac3 | a5cedd63-caae-415f-b7e4-c7f660fc89c8 | b816335c-8d84-4ecc-aa3e-2dea51795320 | bdc30514-427c-403e-a0ee-61e7d04e407e | cd2306bc-106c-4506-b778-d184713c463a | d9278721-fad6-4eba-a1bb-4a26c0aea206 | df159c28-05fb-4f35-83b8-8c14af793f2a | f1568b25-4a87-414f-8329-1a860a3a8aeb | fc140c51-9b4f-427f-8e11-640bc7400007
donor,IGTB514,library_uuid,14,048cb921-e15f-47a6-a9e3-ed512574e5d7 | 28401515-eca4-442a-85fc-f8c2793b1c26 | 3c722d55-1664-4996-8228-63504e862676 | 9184b09f-ca66-4623-a733-1f64bc1b424f | a5cedd63-caae-415f-b7e4-c7f660fc89c8 | c64fa002-95f9-4429-b65c-6f55c7f907d4 | c7f79595-aa68-4139-9a87-094c761cc5ab | cd2306bc-106c-4506-b778-d184713c463a | d641571e-6406-4309-ae61-acc6f2e0a50d | d9278721-fad6-4eba-a1bb-4a26c0aea206 | d9bf3113-086e-4165-ba13-e78a3d7b4138 | e16d2c39-bfd1-4fb1-8ed6-ad6b16f3652e | e9ebbe1e-ce77-4c97-a04e-4a64befe98c8 | f1568b25-4a87-414f-8329-1a860a3a8aeb
donor,IGTB645,library_uuid,12,048cb921-e15f-47a6-a9e3-ed512574e5d7 | 28401515-eca4-442a-85fc-f8c2793b1c26 | 9184b09f-ca66-4623-a733-1f64bc1b424f | a5cedd63-caae-415f-b7e4-c7f660fc89c8 | c64fa002-95f9-4429-b65c-6f55c7f907d4 | c7f79595-aa68-4139-9a87-094c761cc5ab | cd2306bc-106c-4506-b778-d184713c463a | d641571e-6406-4309-ae61-acc6f2e0a50d | d9278721-fad6-4eba-a1bb-4a26c0aea206 | d9bf3113-086e-4165-ba13-e78a3d7b4138 | e16d2c39-bfd1-4fb1-8ed6-ad6b16f3652e | f1568b25-4a87-414f-8329-1a860a3a8aeb
donor,IGTB670,library_uuid,8,0be87f87-d01a-495e-9605-d89d36240908 | 54530f14-aadf-4c2a-8f92-9c22a69cc022 | a5cedd63-caae-415f-b7e4-c7f660fc89c8 | cd2306bc-106c-4506-b778-d184713c463a | d9278721-fad6-4eba-a1bb-4a26c0aea206 | dac92812-557b-4abd-8fb0-4f823ae8ff59 | e3629615-6d5c-4167-808f-996d53989dbf | f1568b25-4a87-414f-8329-1a860a3a8aeb
donor,IGTB826,library_uuid,12,15024b21-fb68-4bbe-92cf-0c9ab90f11a6 | 152e2bfd-e9ea-4d70-a999-6f37fb3fb96c | 30bbf8d6-bd6a-4b4f-8d3e-a54bf78f79d5 | 683bd537-4ff4-4741-afe5-be328f499d4b | 68492085-4a2b-4551-9b12-75062c694069 | a5cedd63-caae-415f-b7e4-c7f660fc89c8 | b816335c-8d84-4ecc-aa3e-2dea51795320 | bdc30514-427c-403e-a0ee-61e7d04e407e | cd2306bc-106c-4506-b778-d184713c463a | d9278721-fad6-4eba-a1bb-4a26c0aea206 | df159c28-05fb-4f35-83b8-8c14af793f2a | f1568b25-4a87-414f-8329-1a860a3a8aeb
donor,IGTB884,library_uuid,12,0103e306-959a-46b0-896d-d8b9dee40157 | 0c7c125d-46d6-40ba-8088-31fb2b526a78 | 272dbb99-7929-46e2-8446-a19c21af05da | 2dbf699a-f6cd-446d-8dc4-0595319cfa99 | 39564abe-76f3-4a33-9f10-f574069834bc | 6ab35eea-1bae-4ee8-8e5f-5f1505715ac3 | 78c34b8c-196b-4a31-b700-08882bfaf4ab | 9586e7f4-5c57-452e-bb13-90ceef874118 | cdf51e52-a49a-474f-a6ba-da5a14137d09 | d461010c-38fd-414f-91bd-e1b3e7e2f8fb | e7240495-f3e8-42a3-ac5c-4a9a7eebc341 | fc140c51-9b4f-427f-8e11-640bc7400007
donor,IGTB986,library_uuid,12,0103e306-959a-46b0-896d-d8b9dee40157 | 0c7c125d-46d6-40ba-8088-31fb2b526a78 | 272dbb99-7929-46e2-8446-a19c21af05da | 2dbf699a-f6cd-446d-8dc4-0595319cfa99 | 39564abe-76f3-4a33-9f10-f574069834bc | 6ab35eea-1bae-4ee8-8e5f-5f1505715ac3 | 78c34b8c-196b-4a31-b700-08882bfaf4ab | 9586e7f4-5c57-452e-bb13-90ceef874118 | cdf51e52-a49a-474f-a6ba-da5a14137d09 | d461010c-38fd-414f-91bd-e1b3e7e2f8fb | e7240495-f3e8-42a3-ac5c-4a9a7eebc341 | fc140c51-9b4f-427f-8e11-640bc7400007
donor,1014,Processing_Cohort,2,2.0 | 4.0
donor,1078,Processing_Cohort,2,2.0 | 4.0
donor,1101,Processing_Cohort,2,2.0 | 4.0
donor,1110,Processing_Cohort,2,2.0 | 4.0
donor,1130,Processing_Cohort,2,2.0 | 3.0
donor,1132,Processing_Cohort,2,2.0 | 4.0
donor,1222,Processing_Cohort,2,2.0 | 4.0
donor,1243,Processing_Cohort,2,2.0 | 4.0
donor,1259,Processing_Cohort,2,2.0 | 4.0
donor,1326,Processing_Cohort,2,2.0 | 4.0
donor,1334,Processing_Cohort,2,2.0 | 4.0
donor,1419,Processing_Cohort,2,2.0 | 4.0
donor,1420,Processing_Cohort,2,2.0 | 4.0
donor,1496,Processing_Cohort,2,2.0 | 4.0
donor,1510,Processing_Cohort,2,2.0 | 4.0
donor,1514,Processing_Cohort,2,2.0 | 4.0
donor,1545,Processing_Cohort,2,2.0 | 4.0
donor,1596,Processing_Cohort,2,2.0 | 4.0
donor,1614,Processing_Cohort,2,2.0 | 4.0
donor,1660,Processing_Cohort,2,2.0 | 4.0
donor,1667,Processing_Cohort,2,2.0 | 4.0
donor,1682,Processing_Cohort,2,2.0 | 4.0
donor,1716,Processing_Cohort,2,2.0 | 4.0
donor,1730,Processing_Cohort,2,2.0 | 4.0
donor,1743,Processing_Cohort,2,2.0 | 4.0
donor,1754,Processing_Cohort,2,2.0 | 3.0
donor,1763,Processing_Cohort,2,2.0 | 3.0
donor,1768,Processing_Cohort,2,2.0 | 4.0
donor,1771,Processing_Cohort,2,2.0 | 3.0
donor,1772,Processing_Cohort,2,3.0 | 4.0
donor,1791,Processing_Cohort,2,2.0 | 3.0
donor,1804,Processing_Cohort,2,2.0 | 3.0
donor,HC-014,Processing_Cohort,2,3.0 | 4.0
donor,HC-504,Processing_Cohort,2,3.0 | 4.0
donor,HC-506,Processing_Cohort,2,3.0 | 4.0
donor,IGTB1290,Processing_Cohort,2,2.0 | 3.0
donor,IGTB1372,Processing_Cohort,3,1.0 | 2.0 | 3.0
donor,IGTB141,Processing_Cohort,2,1.0 | 2.0
donor,IGTB143,Processing_Cohort,2,1.0 | 2.0
donor,IGTB1506,Processing_Cohort,3,1.0 | 2.0 | 3.0
donor,IGTB1539,Processing_Cohort,2,1.0 | 2.0
donor,IGTB1540,Processing_Cohort,2,1.0 | 2.0
donor,IGTB1575,Processing_Cohort,2,1.0 | 2.0
donor,IGTB1650,Processing_Cohort,2,1.0 | 2.0
donor,IGTB1921,Processing_Cohort,3,1.0 | 2.0 | 3.0
donor,IGTB195,Processing_Cohort,3,1.0 | 2.0 | 3.0
donor,IGTB256,Processing_Cohort,2,2.0 | 3.0
donor,IGTB469,Processing_Cohort,3,1.0 | 2.0 | 3.0
donor,IGTB498,Processing_Cohort,2,1.0 | 2.0
donor,IGTB508,Processing_Cohort,3,1.0 | 2.0 | 3.0
donor,IGTB514,Processing_Cohort,3,1.0 | 2.0 | 3.0
donor,IGTB645,Processing_Cohort,2,1.0 | 2.0
donor,IGTB670,Processing_Cohort,2,1.0 | 2.0
donor,IGTB826,Processing_Cohort,3,1.0 | 2.0 | 3.0
donor,IGTB884,Processing_Cohort,2,1.0 | 2.0
donor,IGTB986,Processing_Cohort,2,1.0 | 2.0
donor,1130,disease_state,2,flare | managed
donor,1586,disease_state,2,flare | treated
donor,1763,disease_state,3,flare | managed | treated
donor,1772,disease_state,2,flare | managed
donor,FLARE001,disease_state,2,flare | treated
donor,FLARE004,disease_state,2,flare | treated
donor,FLARE009,disease_state,2,flare | treated
donor,FLARE010,disease_state,2,flare | treated
donor,FLARE011,disease_state,2,flare | treated
donor,FLARE013,disease_state,2,flare | treated
donor,FLARE016,disease_state,2,flare | treated
donor,1130,development_stage,2,27-year-old stage | 29-year-old stage
donor,1772,development_stage,2,20-year-old stage | 21-year-old stage
