gene_index,gene_id,feature_name,n_cells,highly_variable,means,dispersions,dispersions_norm,highly_variable_nbatches,highly_variable_intersection,is_mitochondrial,is_ribosomal,is_hemoglobin,is_stress,is_cell_cycle,is_immunoglobulin,is_strong_isg
ENSG00000106211,ENSG00000106211,HSPB1,14054,True,0.6436148187209478,2.792176950972417,8.743228,88,True,False,False,False,False,False,False,False
ENSG00000132465,ENSG00000132465,JCHAIN,37152,True,1.8681666993022008,5.175353888401333,6.056245,88,True,False,False,False,False,False,False,False
ENSG00000234184,ENSG00000234184,LINC01781,20281,True,0.9539727755950828,2.4989782104540055,5.25213,88,True,False,False,False,False,False,False,False
ENSG00000117318,ENSG00000117318,ID3,7766,True,0.35212301766265464,2.3344165568178816,4.997428,88,True,False,False,False,False,False,False,False
ENSG00000066923,ENSG00000066923,STAG3,9158,True,0.4254239640734518,2.2151927204494597,4.891367,88,True,False,False,False,False,False,False,False
ENSG00000254709,ENSG00000254709,IGLL5,46882,True,2.489394233767245,5.666746584543509,3.927254,88,True,False,False,False,False,False,False,False
ENSG00000116741,ENSG00000116741,RGS2,28670,True,1.0821190609463869,2.4113984335372787,3.922413,88,True,False,False,False,False,False,False,False
ENSG00000100097,ENSG00000100097,LGALS1,28727,True,0.9923872113522098,2.230705192540146,3.15782,88,True,False,False,False,False,False,False,False
ENSG00000273338,ENSG00000273338,ENSG00000273338,19031,True,0.7550557731785085,2.1138578604179084,2.9625628,88,True,False,False,False,False,False,False,False
ENSG00000257275,ENSG00000257275,ENSG00000257275,7925,True,0.36423634730433957,2.083232339473417,2.9574094,88,True,False,False,False,False,False,False,False
ENSG00000137959,ENSG00000137959,IFI44L,23089,True,0.8618942977164784,2.1645974298278734,2.7373679,88,True,False,False,False,False,False,False,True
ENSG00000237541,ENSG00000237541,HLA-DQA2,25407,True,0.9135058247141233,2.1285668803778424,2.7172105,88,True,False,False,False,False,False,False,False
ENSG00000100721,ENSG00000100721,TCL1A,49332,True,1.7127734439982776,2.4490478057905225,2.656609,88,True,False,False,False,False,False,False,False
ENSG00000184897,ENSG00000184897,H1-10,15027,True,0.5774914961109373,2.007483750353705,2.5991452,88,True,False,False,False,False,False,False,False
ENSG00000077238,ENSG00000077238,IL4R,25008,True,0.9099778077246089,2.131156966898594,2.5783708,88,True,False,False,False,False,False,False,False
ENSG00000060138,ENSG00000060138,YBX3,23628,True,0.8602482460314974,2.0670409934369953,2.3217864,88,True,False,False,False,False,False,False,False
ENSG00000110848,ENSG00000110848,CD69,63100,True,1.9844681851087358,2.58124983781994,2.2429008,88,True,False,False,False,False,False,False,False
ENSG00000099860,ENSG00000099860,GADD45B,23402,True,0.7873325130728538,2.052170872441188,2.1979089,88,True,False,False,False,False,False,False,False
ENSG00000205542,ENSG00000205542,TMSB4X,120301,True,4.689089441066195,2.951033592976603,1.9688691,88,True,False,False,False,False,False,False,False
ENSG00000163736,ENSG00000163736,PPBP,12252,True,0.4782907829976091,1.9545560720460022,1.9687752,88,True,False,False,False,False,False,False,False
ENSG00000213231,ENSG00000213231,TCL1B,2189,True,0.11608693115249581,2.1308508010061162,1.9156287,88,True,False,False,False,False,False,False,False
ENSG00000184226,ENSG00000184226,PCDH9,8800,True,0.3642846512984781,1.9666574043670364,1.9082128,88,True,False,False,False,False,False,False,False
ENSG00000141682,ENSG00000141682,PMAIP1,29881,True,0.9921376743675466,2.0263422696483846,1.8658786,88,True,False,False,False,False,False,False,False
ENSG00000126353,ENSG00000126353,CCR7,17309,True,0.6217415006272751,1.950881001850927,1.8011745,88,True,False,False,False,False,False,False,False
ENSG00000034510,ENSG00000034510,TMSB10,119841,True,4.018742320102636,2.526029023581352,1.7756773,88,True,False,False,False,False,False,False,False
ENSG00000147535,ENSG00000147535,PLPP5,34486,True,1.1173099810085523,2.030495986670457,1.7290789,88,True,False,False,False,False,False,False,False
ENSG00000163737,ENSG00000163737,PF4,8892,True,0.3611081888701894,1.9762965611400836,1.7158114,88,True,False,False,False,False,False,False,False
ENSG00000198502,ENSG00000198502,HLA-DRB5,54515,True,1.6173229720554132,2.20260442161969,1.6554396,88,True,False,False,False,False,False,False,False
ENSG00000187837,ENSG00000187837,H1-2,17653,True,0.6047375503836622,1.9368602486898794,1.6273152,88,True,False,False,False,False,False,False,False
ENSG00000172264,ENSG00000172264,MACROD2,9193,True,0.3686762793663373,1.9386153362790504,1.6039741,88,True,False,False,False,False,False,False,False
ENSG00000104921,ENSG00000104921,FCER2,31432,True,1.0183224645821976,1.9942493059655342,1.5135032,88,True,False,False,False,False,False,False,False
ENSG00000128218,ENSG00000128218,VPREB3,49001,True,1.4777688386405161,2.0985706310458743,1.500976,88,True,False,False,False,False,False,False,False
ENSG00000080546,ENSG00000080546,SESN1,5788,True,0.23685064792810595,1.9436347490918664,1.4285991,88,True,False,False,False,False,False,False,False
ENSG00000010278,ENSG00000010278,CD9,4564,True,0.20797000279387975,1.9847216208751703,1.3730514,88,True,False,False,False,False,False,False,False
ENSG00000019582,ENSG00000019582,CD74,120141,True,4.366041898646407,2.4212941236581496,1.2893391,88,True,False,False,False,False,False,False,False
ENSG00000099958,ENSG00000099958,DERL3,5250,True,0.21644657239212278,1.9799861965031078,1.2570955,88,True,False,False,False,False,False,False,False
ENSG00000166710,ENSG00000166710,B2M,120311,True,4.7324834006857595,2.712179321427156,1.2424738,88,True,False,False,False,False,False,False,False
ENSG00000163958,ENSG00000163958,ZDHHC19,2269,True,0.10692362237030038,1.9674374480796226,1.2087787,88,True,False,False,False,False,False,False,False
ENSG00000267858,ENSG00000267858,MZF1-AS1,5135,True,0.22210197675060375,1.9257259313815211,1.2084252,88,True,False,False,False,False,False,False,False
ENSG00000189057,ENSG00000189057,FAM111B,4077,True,0.1741622774320299,1.955558807869407,1.1804893,88,True,False,False,False,False,False,False,False
ENSG00000174469,ENSG00000174469,CNTNAP2,4519,True,0.1968831320800093,1.9579440769050656,1.1610245,88,True,False,False,False,False,False,False,False
ENSG00000204852,ENSG00000204852,TCTN1,4146,True,0.18464534281812225,1.947782464538571,1.1145371,88,True,False,False,False,False,False,False,False
ENSG00000174944,ENSG00000174944,P2RY14,4465,True,0.19450962710416286,1.91473242094183,1.0327531,88,True,False,False,False,False,False,False,False
ENSG00000109906,ENSG00000109906,ZBTB16,3902,True,0.15987577885585583,1.9085931666894853,1.0077565,88,True,False,False,False,False,False,False,False
ENSG00000251562,ENSG00000251562,MALAT1,120319,True,6.575082459255725,4.051227339112604,1.0,88,True,False,False,False,False,False,False,False
ENSG00000250850,ENSG00000250850,ENSG00000250850,6149,True,0.2564422257070383,1.8914319069613017,0.97543097,88,True,False,False,False,False,False,False,False
ENSG00000197520,ENSG00000197520,FAM177B,4009,True,0.1788409523131648,1.9032931041543166,0.930715,88,True,False,False,False,False,False,False,False
ENSG00000091972,ENSG00000091972,CD200,5781,True,0.24825225732874587,1.8917624219542868,0.9275869,88,True,False,False,False,False,False,False,False
ENSG00000204287,ENSG00000204287,HLA-DRA,119558,True,3.9695188836588398,2.2890634840484707,0.87884605,88,True,False,False,False,False,False,False,False
ENSG00000082293,ENSG00000082293,COL19A1,6650,True,0.2646609794652009,1.8583388421934146,0.86705923,88,True,False,False,False,False,False,False,False
ENSG00000136603,ENSG00000136603,SKIL,7151,True,0.27774369547028005,1.8382863214382006,0.7274976,88,True,False,False,False,False,False,False,False
ENSG00000169762,ENSG00000169762,TAPT1,4349,True,0.17766937512666245,1.8497368445170232,0.69623095,88,True,False,False,False,False,False,False,False
ENSG00000151687,ENSG00000151687,ANKAR,4603,True,0.18168534041687326,1.8330787534209578,0.6068584,88,True,False,False,False,False,False,False,False
ENSG00000170476,ENSG00000170476,MZB1,17248,True,0.7337703681312189,2.894597239883998,9.312251,87,False,False,False,False,False,False,False,False
ENSG00000166598,ENSG00000166598,HSP90B1,27008,True,0.9096084683873005,2.502050956659291,4.7727146,87,False,False,False,False,False,False,False,False
ENSG00000158050,ENSG00000158050,DUSP2,12438,True,0.4958588270282704,2.1680855398551677,3.7801335,87,False,False,False,False,False,False,False,False
ENSG00000143297,ENSG00000143297,FCRL5,14339,True,0.5443928535284769,2.014879159393346,2.643879,87,False,False,False,False,False,False,False,False
ENSG00000112137,ENSG00000112137,PHACTR1,19859,True,0.7145460052801316,1.9866350131122794,1.9257288,87,False,False,False,False,False,False,False,False
ENSG00000170606,ENSG00000170606,HSPA4,15293,True,0.5628775681066764,1.9428812478948752,1.9125568,87,False,False,False,False,False,False,False,False
ENSG00000112149,ENSG00000112149,CD83,25271,True,0.838676275228956,2.0026248557624218,1.8584002,87,False,False,False,False,False,False,False,False
ENSG00000180573,ENSG00000180573,H2AC6,10558,True,0.41787808891053024,1.930755355432653,1.7968215,87,False,False,False,False,False,False,False,False
ENSG00000196937,ENSG00000196937,FAM3C,16671,True,0.5894504621289154,1.9328503261187644,1.745917,87,False,False,False,False,False,False,False,False
ENSG00000226777,ENSG00000226777,FAM30A,23026,True,0.8171104625521367,1.987249488159557,1.711188,87,False,False,False,False,False,False,False,False
ENSG00000113387,ENSG00000113387,SUB1,57789,True,1.6165443428334263,2.242749103019266,1.6341786,87,False,False,False,False,False,False,False,False
ENSG00000051108,ENSG00000051108,HERPUD1,40489,True,1.222785213946471,2.0431431595248815,1.5306834,87,False,False,False,False,False,False,False,False
ENSG00000112182,ENSG00000112182,BACH2,11920,True,0.45090748825860255,1.8980634125194404,1.4904933,87,False,False,False,False,False,False,False,False
ENSG00000140398,ENSG00000140398,NEIL1,7114,True,0.2813518355625184,1.931519263717152,1.4543045,87,False,False,False,False,False,False,False,False
ENSG00000100906,ENSG00000100906,NFKBIA,55833,True,1.5989193547299152,2.120769764270143,1.3204535,87,False,False,False,False,False,False,False,False
ENSG00000132530,ENSG00000132530,XAF1,16616,True,0.5872024992607547,1.919777338655914,1.3054062,87,False,False,False,False,False,False,False,True
ENSG00000150347,ENSG00000150347,ARID5B,32750,True,1.0172682577390566,1.9549594541276767,1.2017683,87,False,False,False,False,False,False,False,False
ENSG00000142227,ENSG00000142227,EMP3,60018,True,1.681782135320833,2.163453302797558,1.1767105,87,False,False,False,False,False,False,False,False
ENSG00000106537,ENSG00000106537,TSPAN13,20361,True,0.7206191570036011,1.8944465863104605,1.1195393,87,False,False,False,False,False,False,False,False
ENSG00000187514,ENSG00000187514,PTMA,119670,True,3.880507155189029,2.281528129736372,1.0150683,87,False,False,False,False,False,False,False,False
ENSG00000259536,ENSG00000259536,ENSG00000259536,1967,True,0.09007114621735192,1.9179093432453003,1.0040578,87,False,False,False,False,False,False,False,False
ENSG00000164543,ENSG00000164543,STK17A,32439,True,0.9988220825921474,1.9166707374144716,0.95230466,87,False,False,False,False,False,False,False,False
ENSG00000156313,ENSG00000156313,RPGR,4499,True,0.18354413968717512,1.882891272058052,0.92020655,87,False,False,False,False,False,False,False,False
ENSG00000096696,ENSG00000096696,DSP,2099,True,0.09045460148187255,1.890593727819189,0.88888365,87,False,False,False,False,False,False,False,False
ENSG00000141293,ENSG00000141293,SKAP1,7414,True,0.2858391064379642,1.8616407684789038,0.8441705,87,False,False,False,False,False,False,False,False
ENSG00000141753,ENSG00000141753,IGFBP4,1972,True,0.0859473277185936,1.8775105014829656,0.8130746,87,False,False,False,False,False,False,False,False
ENSG00000110841,ENSG00000110841,PPFIBP1,1401,True,0.06168045069638752,1.8640533802896988,0.7614742,87,False,False,False,False,False,False,False,False
ENSG00000166770,ENSG00000166770,ZNF667-AS1,3353,True,0.14847570316631778,1.8585138112491,0.7277287,87,False,False,False,False,False,False,False,False
ENSG00000272501,ENSG00000272501,ENSG00000272501,7247,True,0.27853870179373497,1.8425503817756492,0.7253722,87,False,False,False,False,False,False,False,False
ENSG00000005471,ENSG00000005471,ABCB4,5548,True,0.23052439383711001,1.854726193599717,0.70689625,87,False,False,False,False,False,False,False,False
ENSG00000171467,ENSG00000171467,ZNF318,5838,True,0.22506662679478656,1.829757345418155,0.6600598,87,False,False,False,False,False,False,False,False
ENSG00000071051,ENSG00000071051,NCK2,5281,True,0.20910741948162126,1.8394397681198562,0.64541584,87,False,False,False,False,False,False,False,False
ENSG00000185418,ENSG00000185418,TARS3,7377,True,0.2775622318372489,1.8256937847641341,0.63517,87,False,False,False,False,False,False,False,False
ENSG00000155085,ENSG00000155085,AK9,5012,True,0.2027206978820444,1.8195082641431084,0.5674124,87,False,False,False,False,False,False,False,False
ENSG00000170222,ENSG00000170222,ADPRM,6087,True,0.2369038046586632,1.8230717801301433,0.5628693,87,False,False,False,False,False,False,False,False
ENSG00000167258,ENSG00000167258,CDK12,10786,True,0.40322976911004954,2.196392551577755,4.116243,86,False,False,False,False,False,False,False,False
ENSG00000187608,ENSG00000187608,ISG15,26183,True,0.9305968437276363,2.2963582534931515,3.5171483,86,False,False,False,False,False,False,False,True
ENSG00000167641,ENSG00000167641,PPP1R14A,14203,True,0.5634490988985841,2.070841230249482,3.2493966,86,False,False,False,False,False,False,False,False
ENSG00000143443,ENSG00000143443,C1orf56,16397,True,0.6504003143984348,2.0425377828154287,2.7713268,86,False,False,False,False,False,False,False,False
ENSG00000224137,ENSG00000224137,LINC01857,13926,True,0.5167850489784024,1.9594933300933008,2.1637084,86,False,False,False,False,False,False,False,False
ENSG00000171476,ENSG00000171476,HOPX,7903,True,0.32112156738074366,1.9794600175794874,1.8449982,86,False,False,False,False,False,False,False,False
ENSG00000130844,ENSG00000130844,ZNF331,13011,True,0.4857195772783296,1.9433830006630524,1.7159326,86,False,False,False,False,False,False,False,False
ENSG00000125347,ENSG00000125347,IRF1,31718,True,0.9891206936322573,2.0498920854565785,1.7155408,86,False,False,False,False,False,False,False,False
ENSG00000197747,ENSG00000197747,S100A10,30589,True,0.9913661003400464,2.0211935353029626,1.6887087,86,False,False,False,False,False,False,False,False
ENSG00000124766,ENSG00000124766,SOX4,5363,True,0.2343715144713234,2.022377336265816,1.6749145,86,False,False,False,False,False,False,False,False
ENSG00000110987,ENSG00000110987,BCL7A,20402,True,0.733581809309605,1.9438790137055548,1.5373827,86,False,False,False,False,False,False,False,False
ENSG00000023445,ENSG00000023445,BIRC3,50558,True,1.454873371034156,2.0895536454278636,1.3531302,86,False,False,False,False,False,False,False,False
ENSG00000205056,ENSG00000205056,LINC02397,17892,True,0.6423406682984047,1.8993609811849765,1.3066527,86,False,False,False,False,False,False,False,False
ENSG00000213928,ENSG00000213928,IRF9,12584,True,0.44764095071240945,1.867515727914414,1.1287644,86,False,False,False,False,False,False,False,False
ENSG00000128536,ENSG00000128536,CDHR3,923,True,0.04262351410141652,1.8953021169760402,1.0429265,86,False,False,False,False,False,False,False,False
ENSG00000067082,ENSG00000067082,KLF6,54405,True,1.5358326538970268,2.031973051873647,1.0139738,86,False,False,False,False,False,False,False,False
ENSG00000163683,ENSG00000163683,SMIM14,29189,True,0.9362342804837113,1.9030965398179907,0.9407788,86,False,False,False,False,False,False,False,False
ENSG00000042980,ENSG00000042980,ADAM28,31883,True,0.9884989448229216,1.9144968526854986,0.9205674,86,False,False,False,False,False,False,False,False
ENSG00000164056,ENSG00000164056,SPRY1,1292,True,0.061536045088114055,1.8871062892528594,0.8598769,86,False,False,False,False,False,False,False,False
ENSG00000188404,ENSG00000188404,SELL,50821,True,1.4415162654934628,1.9764184710953763,0.8051149,86,False,False,False,False,False,False,False,False
ENSG00000266088,ENSG00000266088,ENSG00000266088,2581,True,0.1156621939670433,1.872923093440711,0.8012285,86,False,False,False,False,False,False,False,False
ENSG00000187210,ENSG00000187210,GCNT1,2484,True,0.10781922931423159,1.8529005013364859,0.70999986,86,False,False,False,False,False,False,False,False
ENSG00000107679,ENSG00000107679,PLEKHA1,5560,True,0.21913602775305394,1.8514833994138096,0.6863841,86,False,False,False,False,False,False,False,False
ENSG00000169902,ENSG00000169902,TPST1,1410,True,0.06215069883327173,1.8503027459722778,0.67888093,86,False,False,False,False,False,False,False,False
ENSG00000145012,ENSG00000145012,LPP,7800,True,0.28830412061101607,1.8103594467487127,0.63660103,86,False,False,False,False,False,False,False,False
ENSG00000173890,ENSG00000173890,GPR160,5086,True,0.20212718886546535,1.828517563320306,0.5935721,86,False,False,False,False,False,False,False,False
ENSG00000197381,ENSG00000197381,ADARB1,4725,True,0.18760720223274888,1.8053196706386492,0.49339336,86,False,False,False,False,False,False,False,False
ENSG00000151743,ENSG00000151743,AMN1,3986,True,0.16032295824563272,1.7976300600459048,0.475943,86,False,False,False,False,False,False,False,False
ENSG00000114315,ENSG00000114315,HES1,4743,True,0.2300157318322345,2.1237962106709505,2.640417,85,False,False,False,False,False,False,False,False
ENSG00000048462,ENSG00000048462,TNFRSF17,2946,True,0.15803500300346052,2.198473377190147,2.3608043,85,False,False,False,False,False,False,False,False
ENSG00000169508,ENSG00000169508,GPR183,28643,True,0.954033978841992,2.008838076389971,1.7681837,85,False,False,False,False,False,False,False,False
ENSG00000169045,ENSG00000169045,HNRNPH1,32470,True,1.0459114216066019,1.993148169569271,1.4775952,85,False,False,False,False,False,False,False,False
ENSG00000121966,ENSG00000121966,CXCR4,102220,True,2.8702560854544683,2.5373364643569336,1.4760059,85,False,False,False,False,False,False,False,False
ENSG00000133639,ENSG00000133639,BTG1,110766,True,3.087796894560118,2.5035277659258015,1.3622916,85,False,False,False,False,False,False,False,False
ENSG00000137101,ENSG00000137101,CD72,15782,True,0.5715415705741502,1.8898391364578406,1.3242314,85,False,False,False,False,False,False,False,False
ENSG00000100519,ENSG00000100519,PSMC6,17007,True,0.6014617948450369,1.8733205225283773,1.2050503,85,False,False,False,False,False,False,False,False
ENSG00000160856,ENSG00000160856,FCRL3,8638,True,0.3302493451420754,1.8763669286127729,1.1788404,85,False,False,False,False,False,False,False,False
ENSG00000084234,ENSG00000084234,APLP2,19748,True,0.6912071364629626,1.8920230830326141,1.1459631,85,False,False,False,False,False,False,False,False
ENSG00000110852,ENSG00000110852,CLEC2B,24511,True,0.8397014931892702,1.9040569066135837,1.0789567,85,False,False,False,False,False,False,False,False
ENSG00000026559,ENSG00000026559,KCNG1,1821,True,0.08399552753398586,1.8980641771858933,0.9195298,85,False,False,False,False,False,False,False,False
ENSG00000127528,ENSG00000127528,KLF2,46881,True,1.3535064373155299,1.9733757431180314,0.86460835,85,False,False,False,False,False,False,False,False
ENSG00000081189,ENSG00000081189,MEF2C,69731,True,1.869575398447286,2.1083325354803466,0.82154125,85,False,False,False,False,False,False,False,False
ENSG00000145088,ENSG00000145088,EAF2,30691,True,0.9748511123443346,1.8837301585859458,0.7944831,85,False,False,False,False,False,False,False,False
ENSG00000103528,ENSG00000103528,SYT17,1748,True,0.07821626299616133,1.8714546444852742,0.7846805,85,False,False,False,False,False,False,False,False
ENSG00000196782,ENSG00000196782,MAML3,1518,True,0.06815262471598736,1.8610230269271073,0.72509515,85,False,False,False,False,False,False,False,False
ENSG00000131724,ENSG00000131724,IL13RA1,3904,True,0.15656965701271547,1.854749183443635,0.72499293,85,False,False,False,False,False,False,False,False
ENSG00000160223,ENSG00000160223,ICOSLG,7236,True,0.2750202553043715,1.8299867400427734,0.64154965,85,False,False,False,False,False,False,False,False
ENSG00000186265,ENSG00000186265,BTLA,9155,True,0.3432021550336618,1.81810011823384,0.63745797,85,False,False,False,False,False,False,False,False
ENSG00000214140,ENSG00000214140,PRCD,2817,True,0.12121781645288056,1.833506127598355,0.6178028,85,False,False,False,False,False,False,False,False
ENSG00000133302,ENSG00000133302,SLF1,5486,True,0.21797087495586417,1.8295518821175683,0.5949466,85,False,False,False,False,False,False,False,False
ENSG00000133142,ENSG00000133142,TCEAL4,6428,True,0.24743444601351852,1.8150399366129337,0.58969676,85,False,False,False,False,False,False,False,False
ENSG00000238142,ENSG00000238142,ENSG00000238142,4388,True,0.1886816143240771,1.8117385797904146,0.5498723,85,False,False,False,False,False,False,False,False
ENSG00000150907,ENSG00000150907,FOXO1,4385,True,0.17144734380584667,1.8164393921423276,0.5424433,85,False,False,False,False,False,False,False,False
ENSG00000123636,ENSG00000123636,BAZ2B,6843,True,0.2512665259125005,1.8057508049077315,0.53577834,85,False,False,False,False,False,False,False,False
ENSG00000179088,ENSG00000179088,C12orf42,4446,True,0.1779561816467563,1.8045729314827452,0.49060628,85,False,False,False,False,False,False,False,False
ENSG00000121413,ENSG00000121413,ZSCAN18,4881,True,0.18669988705826973,1.7969549425169453,0.4609885,85,False,False,False,False,False,False,False,False
ENSG00000082146,ENSG00000082146,STRADB,5982,True,0.2323393655741002,1.7929790950409064,0.4457629,85,False,False,False,False,False,False,False,False
ENSG00000142197,ENSG00000142197,DOP1B,5746,True,0.24262413347005057,2.3637468306532146,3.4334676,84,False,False,False,False,False,False,False,False
ENSG00000213145,ENSG00000213145,CRIP1,25496,True,0.9639467203604556,2.3323273067258934,3.2358344,84,False,False,False,False,False,False,False,False
ENSG00000090104,ENSG00000090104,RGS1,11136,True,0.4590267007992216,2.1118232253909857,2.8049817,84,False,False,False,False,False,False,False,False
ENSG00000126709,ENSG00000126709,IFI6,18359,True,0.6682672815525403,2.0810295004692354,2.517627,84,False,False,False,False,False,False,False,True
ENSG00000150681,ENSG00000150681,RGS18,3849,True,0.18017454705006758,2.0324531420452314,1.8085527,84,False,False,False,False,False,False,False,False
ENSG00000133316,ENSG00000133316,WDR74,18803,True,0.6781724701995718,1.96251499358957,1.725205,84,False,False,False,False,False,False,False,False
ENSG00000136997,ENSG00000136997,MYC,15710,True,0.5526701036021713,1.923820662551614,1.7164,84,False,False,False,False,False,False,False,False
ENSG00000245532,ENSG00000245532,NEAT1,42092,True,1.247162034382684,2.057063722502253,1.5730456,84,False,False,False,False,False,False,False,False
ENSG00000184009,ENSG00000184009,ACTG1,53788,True,1.5063477203467932,2.180354357924714,1.5562794,84,False,False,False,False,False,False,False,False
ENSG00000111880,ENSG00000111880,RNGTT,9844,True,0.3789049333003938,1.902403710009346,1.4301922,84,False,False,False,False,False,False,False,False
ENSG00000126653,ENSG00000126653,NSRP1,13705,True,0.49013641318958534,1.8689996732141636,1.2451043,84,False,False,False,False,False,False,False,False
ENSG00000120885,ENSG00000120885,CLU,3192,True,0.14606656160946738,1.9344680249793784,1.2413692,84,False,False,False,False,False,False,False,False
ENSG00000135048,ENSG00000135048,CEMIP2,9553,True,0.34898455347540785,1.8800975124898793,1.1871252,84,False,False,False,False,False,False,False,False
ENSG00000152518,ENSG00000152518,ZFP36L2,53319,True,1.4978342616481823,2.067809898496637,1.171772,84,False,False,False,False,False,False,False,False
ENSG00000128040,ENSG00000128040,SPINK2,1220,True,0.058229226145969086,1.9208891057095931,1.0797842,84,False,False,False,False,False,False,False,False
ENSG00000175130,ENSG00000175130,MARCKSL1,20040,True,0.6842868652951377,1.885503742085305,1.0753068,84,False,False,False,False,False,False,False,False
ENSG00000198707,ENSG00000198707,CEP290,6272,True,0.24230391447116875,1.851795262466903,0.82441574,84,False,False,False,False,False,False,False,False
ENSG00000133424,ENSG00000133424,LARGE1,1379,True,0.061109531947640884,1.8674217018168167,0.76644504,84,False,False,False,False,False,False,False,False
ENSG00000079819,ENSG00000079819,EPB41L2,5545,True,0.22123233799455588,1.8413221951200065,0.674459,84,False,False,False,False,False,False,False,False
ENSG00000079691,ENSG00000079691,CARMIL1,2403,True,0.09687906427742811,1.842159212031046,0.662738,84,False,False,False,False,False,False,False,False
ENSG00000165175,ENSG00000165175,MID1IP1,5600,True,0.21670452303462068,1.8350837465624463,0.65918344,84,False,False,False,False,False,False,False,False
ENSG00000125245,ENSG00000125245,GPR18,7017,True,0.2759877470460904,1.81837104425896,0.6243453,84,False,False,False,False,False,False,False,False
ENSG00000185338,ENSG00000185338,SOCS1,4808,True,0.19425764568384055,1.8273315978374136,0.5861357,84,False,False,False,False,False,False,False,False
ENSG00000176593,ENSG00000176593,ZNF606-AS1,4227,True,0.16279757808898238,1.8217876727616036,0.5782838,84,False,False,False,False,False,False,False,False
ENSG00000185950,ENSG00000185950,IRS2,4371,True,0.17800581124687712,1.819469822435697,0.56548977,84,False,False,False,False,False,False,False,False
ENSG00000131781,ENSG00000131781,FMO5,1364,True,0.058537323997383206,1.8198559203232492,0.5588,84,False,False,False,False,False,False,False,False
ENSG00000151882,ENSG00000151882,CCL28,4011,True,0.15948040039886624,1.815033314286366,0.53072786,84,False,False,False,False,False,False,False,False
ENSG00000187231,ENSG00000187231,SESTD1,6498,True,0.24885502832951972,1.8074218528020942,0.52124506,84,False,False,False,False,False,False,False,False
ENSG00000119950,ENSG00000119950,MXI1,4804,True,0.18957318995902633,1.8074838780403821,0.5154805,84,False,False,False,False,False,False,False,False
ENSG00000182183,ENSG00000182183,SHISAL2A,5847,True,0.22609856849710874,1.8087654358540362,0.51335657,84,False,False,False,False,False,False,False,False
ENSG00000033627,ENSG00000033627,ATP6V0A1,4186,True,0.16009908522599983,1.8029372959809145,0.50616366,84,False,False,False,False,False,False,False,False
ENSG00000152484,ENSG00000152484,USP12,5404,True,0.20829237132122555,1.8041914717574237,0.5003655,84,False,False,False,False,False,False,False,False
ENSG00000145246,ENSG00000145246,ATP10D,4243,True,0.17195508228456158,1.8066378980425333,0.49215537,84,False,False,False,False,False,False,False,False
ENSG00000153250,ENSG00000153250,RBMS1,5869,True,0.2236636109635575,1.7976673824196345,0.4676209,84,False,False,False,False,False,False,False,False
ENSG00000171291,ENSG00000171291,ZNF439,4849,True,0.1817600335757098,1.7975924825010643,0.4623698,84,False,False,False,False,False,False,False,False
ENSG00000150093,ENSG00000150093,ITGB1,14530,True,0.5659810355070716,2.09256815418321,3.2251565,83,False,False,False,False,False,False,False,False
ENSG00000166794,ENSG00000166794,PPIB,31061,True,0.9714874834783452,2.2020029391148896,2.8770604,83,False,False,False,False,False,False,False,False
ENSG00000100219,ENSG00000100219,XBP1,9315,True,0.3648054682924567,2.016195609907618,2.5744686,83,False,False,False,False,False,False,False,False
ENSG00000198625,ENSG00000198625,MDM4,29607,True,0.9616815991627877,1.98564219130262,1.5604748,83,False,False,False,False,False,False,False,False
ENSG00000163617,ENSG00000163617,CCDC191,6555,True,0.25528155129263974,1.8938463807929393,1.0847352,83,False,False,False,False,False,False,False,False
ENSG00000245904,ENSG00000245904,BTG1-DT,9825,True,0.3920089314791017,1.8419149194131224,0.90648997,83,False,False,False,False,False,False,False,False
ENSG00000188820,ENSG00000188820,CALHM6,34726,True,1.0589917306174104,1.9133287261819654,0.8818348,83,False,False,False,False,False,False,False,False
ENSG00000064886,ENSG00000064886,CHI3L2,5780,True,0.23314531090042492,1.8629591280408206,0.8765588,83,False,False,False,False,False,False,False,False
ENSG00000184588,ENSG00000184588,PDE4B,23001,True,0.7536594637729327,1.8590417654515854,0.7761935,83,False,False,False,False,False,False,False,False
ENSG00000154655,ENSG00000154655,L3MBTL4,1324,True,0.05815706376733536,1.8147165932019433,0.6604362,83,False,False,False,False,False,False,False,False
ENSG00000153253,ENSG00000153253,SCN3A,2322,True,0.09783063001476325,1.8372348706157942,0.6475186,83,False,False,False,False,False,False,False,False
ENSG00000164221,ENSG00000164221,CCDC112,5134,True,0.20490111923848134,1.8395949972931789,0.6450083,83,False,False,False,False,False,False,False,False
ENSG00000164610,ENSG00000164610,RP9,7494,True,0.2861063250341606,1.8327204262906927,0.6330167,83,False,False,False,False,False,False,False,False
ENSG00000008513,ENSG00000008513,ST3GAL1,7540,True,0.28002639295129317,1.820091338132815,0.6265865,83,False,False,False,False,False,False,False,False
ENSG00000073464,ENSG00000073464,CLCN4,1370,True,0.059588899240888796,1.8025208017142829,0.61382145,83,False,False,False,False,False,False,False,False
ENSG00000002587,ENSG00000002587,HS3ST1,1953,True,0.08139731884197303,1.8288842070319469,0.60473156,83,False,False,False,False,False,False,False,False
ENSG00000174799,ENSG00000174799,CEP135,7159,True,0.2626918709444391,1.8133386191001015,0.578108,83,False,False,False,False,False,False,False,False
ENSG00000143633,ENSG00000143633,C1orf131,7187,True,0.27380428563459025,1.8131413069201365,0.56700134,83,False,False,False,False,False,False,False,False
ENSG00000103550,ENSG00000103550,KNOP1,4506,True,0.17917661040503913,1.82180510813168,0.5633696,83,False,False,False,False,False,False,False,False
ENSG00000112773,ENSG00000112773,TENT5A,4491,True,0.17401035875100135,1.8186916044878083,0.5624209,83,False,False,False,False,False,False,False,False
ENSG00000225331,ENSG00000225331,LINC01678,3892,True,0.15313114075758744,1.8204725938570356,0.56170076,83,False,False,False,False,False,False,False,False
ENSG00000182568,ENSG00000182568,SATB1,5476,True,0.2134497774339583,1.815582643550706,0.55456364,83,False,False,False,False,False,False,False,False
ENSG00000180917,ENSG00000180917,CMTR2,4230,True,0.1646505939302027,1.8135426920062805,0.55176574,83,False,False,False,False,False,False,False,False
ENSG00000230438,ENSG00000230438,SERPINB9P1,2327,True,0.0974695268192076,1.816724074374237,0.5428867,83,False,False,False,False,False,False,False,False
ENSG00000227486,ENSG00000227486,ENSG00000227486,7163,True,0.27625835104203866,1.803128859649857,0.5408127,83,False,False,False,False,False,False,False,False
ENSG00000184305,ENSG00000184305,CCSER1,5001,True,0.1943108080957914,1.8056586574996907,0.529502,83,False,False,False,False,False,False,False,False
ENSG00000177683,ENSG00000177683,THAP5,4858,True,0.19146746640581175,1.8100612132805636,0.5215041,83,False,False,False,False,False,False,False,False
ENSG00000134215,ENSG00000134215,VAV3,6652,True,0.2525148457679362,1.8065071056190758,0.515862,83,False,False,False,False,False,False,False,False
ENSG00000117009,ENSG00000117009,KMO,5273,True,0.2061523427801288,1.8046333525799227,0.4954667,83,False,False,False,False,False,False,False,False
ENSG00000087266,ENSG00000087266,SH3BP2,4946,True,0.19418652178522053,1.8069416217804544,0.49494797,83,False,False,False,False,False,False,False,False
ENSG00000189319,ENSG00000189319,FAM53B,4067,True,0.15521753243111414,1.8054600221659838,0.48607853,83,False,False,False,False,False,False,False,False
ENSG00000221968,ENSG00000221968,FADS3,3842,True,0.15301878769137842,1.8018193872283632,0.48123387,83,False,False,False,False,False,False,False,False
ENSG00000118596,ENSG00000118596,SLC16A7,3005,True,0.11744910723551345,1.7993178932037706,0.47391173,83,False,False,False,False,False,False,False,False
ENSG00000167613,ENSG00000167613,LAIR1,5894,True,0.22341223583234052,1.7937854875028807,0.44975197,83,False,False,False,False,False,False,False,False
ENSG00000130921,ENSG00000130921,MTRFR,5615,True,0.20864914627194908,1.790785413011978,0.43692878,83,False,False,False,False,False,False,False,False
ENSG00000086062,ENSG00000086062,B4GALT1,13378,True,0.49540197424964433,1.8994597777817916,1.4655863,82,False,False,False,False,False,False,False,False
ENSG00000109787,ENSG00000109787,KLF3,16781,True,0.5740698082345633,1.8750864817014057,1.1527553,82,False,False,False,False,False,False,False,False
ENSG00000242265,ENSG00000242265,PEG10,2525,True,0.11143933697802555,1.938916406881235,1.0934838,82,False,False,False,False,False,False,False,False
ENSG00000157601,ENSG00000157601,MX1,13834,True,0.4873973544825981,1.872361134765366,1.0641326,82,False,False,False,False,False,False,False,True
ENSG00000272211,ENSG00000272211,ENSG00000272211,25039,True,0.8528119052542574,1.893582617147599,0.99257475,82,False,False,False,False,False,False,False,False
ENSG00000167186,ENSG00000167186,COQ7,9884,True,0.3704491516282241,1.847204999542108,0.946215,82,False,False,False,False,False,False,False,False
ENSG00000156110,ENSG00000156110,ADK,19586,True,0.6609685990984047,1.8636784281958725,0.9440101,82,False,False,False,False,False,False,False,False
ENSG00000169413,ENSG00000169413,RNASE6,15650,True,0.5594037682539221,1.8588995996412343,0.94380504,82,False,False,False,False,False,False,False,False
ENSG00000167552,ENSG00000167552,TUBA1A,38120,True,1.1326567131540948,1.9308213646020347,0.8545451,82,False,False,False,False,False,False,False,False
ENSG00000069493,ENSG00000069493,CLEC2D,19071,True,0.6468244725619982,1.8503018303863963,0.81360006,82,False,False,False,False,False,False,False,False
ENSG00000171681,ENSG00000171681,ATF7IP,18081,True,0.5814866387493385,1.8469479697213034,0.8034581,82,False,False,False,False,False,False,False,False
ENSG00000117519,ENSG00000117519,CNN3,1310,True,0.06014279640342086,1.8613019133620852,0.73916256,82,False,False,False,False,False,False,False,False
ENSG00000114861,ENSG00000114861,FOXP1,46131,True,1.3252262967700517,1.9298330842534235,0.7383546,82,False,False,False,False,False,False,False,False
ENSG00000163328,ENSG00000163328,GPR155,2360,True,0.09746688456909611,1.8448233141613373,0.68249863,82,False,False,False,False,False,False,False,False
ENSG00000079950,ENSG00000079950,STX7,30050,True,0.9180297865317754,1.8732757413441894,0.67264485,82,False,False,False,False,False,False,False,False
ENSG00000125482,ENSG00000125482,TTF1,7941,True,0.3005122314086993,1.8235500474735244,0.64349926,82,False,False,False,False,False,False,False,False
ENSG00000270164,ENSG00000270164,LINC01480,4916,True,0.21058216655159773,1.8295211336227277,0.60273707,82,False,False,False,False,False,False,False,False
ENSG00000164182,ENSG00000164182,NDUFAF2,5950,True,0.23394944774279916,1.8260337422857895,0.6001151,82,False,False,False,False,False,False,False,False
ENSG00000263327,ENSG00000263327,TAPT1-AS1,1498,True,0.06107175323480935,1.8247216070569892,0.57843584,82,False,False,False,False,False,False,False,False
ENSG00000197928,ENSG00000197928,ZNF677,3312,True,0.1375215874116508,1.8231822552845862,0.5754256,82,False,False,False,False,False,False,False,False
ENSG00000003249,ENSG00000003249,DBNDD1,1375,True,0.059481975591076625,1.7925244830034197,0.5680968,82,False,False,False,False,False,False,False,False
ENSG00000158321,ENSG00000158321,AUTS2,1999,True,0.08264993009965128,1.8185566135854543,0.5523689,82,False,False,False,False,False,False,False,False
ENSG00000167261,ENSG00000167261,DPEP2,7325,True,0.2702945513202706,1.811165730314733,0.546779,82,False,False,False,False,False,False,False,False
ENSG00000119138,ENSG00000119138,KLF9,7082,True,0.2673682360831248,1.8164849711976883,0.5415868,82,False,False,False,False,False,False,False,False
ENSG00000155189,ENSG00000155189,AGPAT5,6217,True,0.236574535992034,1.8141713976228133,0.5325651,82,False,False,False,False,False,False,False,False
ENSG00000063180,ENSG00000063180,CA11,2895,True,0.11860774728344481,1.812298883956683,0.5314266,82,False,False,False,False,False,False,False,False
ENSG00000196247,ENSG00000196247,ZNF107,5878,True,0.2121931273318327,1.8127267413088675,0.52615434,82,False,False,False,False,False,False,False,False
ENSG00000126870,ENSG00000126870,DYNC2I1,4439,True,0.16953203884944748,1.807368224147041,0.5186256,82,False,False,False,False,False,False,False,False
ENSG00000188177,ENSG00000188177,ZC3H6,4362,True,0.16885930269815547,1.809411647560398,0.515082,82,False,False,False,False,False,False,False,False
ENSG00000162654,ENSG00000162654,GBP4,4861,True,0.1891831604973958,1.8065462845011844,0.5126499,82,False,False,False,False,False,False,False,False
ENSG00000264247,ENSG00000264247,ZNF407-AS1,4018,True,0.15287137046556712,1.8082588482080553,0.5102802,82,False,False,False,False,False,False,False,False
ENSG00000152464,ENSG00000152464,RPP38,4824,True,0.18821044956235403,1.8088453900733596,0.5071023,82,False,False,False,False,False,False,False,False
ENSG00000257698,ENSG00000257698,GIHCG,4035,True,0.15990427947050542,1.8071447640005887,0.5042752,82,False,False,False,False,False,False,False,False
ENSG00000112232,ENSG00000112232,KHDRBS2,2764,True,0.11068925918857143,1.807165733517379,0.50279427,82,False,False,False,False,False,False,False,False
ENSG00000205189,ENSG00000205189,ZBTB10,6547,True,0.25527436702572315,1.8057662714038736,0.5012467,82,False,False,False,False,False,False,False,False
ENSG00000137642,ENSG00000137642,SORL1,5370,True,0.20584571892229483,1.8049820337790885,0.49437425,82,False,False,False,False,False,False,False,False
ENSG00000115652,ENSG00000115652,UXS1,4814,True,0.18784328112353546,1.800960567898983,0.48962408,82,False,False,False,False,False,False,False,False
ENSG00000107902,ENSG00000107902,LHPP,6414,True,0.24058318764258854,1.8001756403951228,0.48465732,82,False,False,False,False,False,False,False,False
ENSG00000105738,ENSG00000105738,SIPA1L3,4028,True,0.16258384564130612,1.7999715373944725,0.4819419,82,False,False,False,False,False,False,False,False
ENSG00000145687,ENSG00000145687,SSBP2,7884,True,0.2939868048095049,1.8019467117697132,0.46656054,82,False,False,False,False,False,False,False,False
ENSG00000257242,ENSG00000257242,LINC01619,6090,True,0.24097909191315203,1.7970703450863184,0.45753783,82,False,False,False,False,False,False,False,False
ENSG00000173926,ENSG00000173926,MARCHF3,4348,True,0.17201952392941824,1.7941998809745399,0.45118764,82,False,False,False,False,False,False,False,False
ENSG00000119900,ENSG00000119900,OGFRL1,4676,True,0.18000384782043907,1.798009197736576,0.45059404,82,False,False,False,False,False,False,False,False
ENSG00000169239,ENSG00000169239,CA5B,4845,True,0.190987511902111,1.7929546339274238,0.4409346,82,False,False,False,False,False,False,False,False
ENSG00000172493,ENSG00000172493,AFF1,4848,True,0.18128822944180575,1.7888917979455952,0.44043586,82,False,False,False,False,False,False,False,False
ENSG00000224505,ENSG00000224505,HEXIM2-AS1,3541,True,0.14435448842798507,1.7924371263612,0.43112016,82,False,False,False,False,False,False,False,False
ENSG00000138764,ENSG00000138764,CCNG2,6964,True,0.2611647565387162,1.7876390114177376,0.4174656,82,False,False,False,False,False,False,False,False
ENSG00000196268,ENSG00000196268,ZNF493,6087,True,0.23206797540715843,1.778918597297694,0.38887173,82,False,False,False,False,False,False,False,False
ENSG00000162819,ENSG00000162819,BROX,6805,True,0.25460038425251463,1.7788105802868743,0.38496017,82,False,False,False,False,False,False,False,False
ENSG00000136244,ENSG00000136244,IL6,3458,True,0.18533177531617898,2.1561427488053972,2.6831431,81,False,False,False,False,False,False,False,False
ENSG00000167740,ENSG00000167740,CYB5D2,2750,True,0.11986930709888988,1.9903093489950456,1.2714967,81,False,False,False,False,False,False,False,False
ENSG00000267100,ENSG00000267100,ILF3-DT,16266,True,0.5822644894550716,1.8837885722924355,1.1122054,81,False,False,False,False,False,False,False,False
ENSG00000132475,ENSG00000132475,H3-3B,109667,True,2.972406296003545,2.4362876967781038,1.0372871,81,False,False,False,False,False,False,False,False
ENSG00000185043,ENSG00000185043,CIB1,33094,True,1.0116646311679052,1.9397168344123485,1.0315474,81,False,False,False,False,False,False,False,False
ENSG00000100100,ENSG00000100100,PIK3IP1,19131,True,0.6311795947909989,1.8745517704931791,1.0046167,81,False,False,False,False,False,False,False,False
ENSG00000271614,ENSG00000271614,ATP2B1-AS1,16345,True,0.5781627228455667,1.8465969989304263,0.8867005,81,False,False,False,False,False,False,False,False
ENSG00000070814,ENSG00000070814,TCOF1,18885,True,0.6110471148714776,1.8585933836545487,0.85858214,81,False,False,False,False,False,False,False,False
ENSG00000004468,ENSG00000004468,CD38,4518,True,0.1817156092821914,1.8787980219216112,0.84652233,81,False,False,False,False,False,False,False,False
ENSG00000198865,ENSG00000198865,CCDC152,1723,True,0.07391607440955997,1.8734368468498757,0.80778366,81,False,False,False,False,False,False,False,False
ENSG00000183486,ENSG00000183486,MX2,8098,True,0.30509920067419966,1.8222461299675379,0.7711321,81,False,False,False,False,False,False,False,True
ENSG00000164649,ENSG00000164649,CDCA7L,18267,True,0.616116390325549,1.8395980233638873,0.736763,81,False,False,False,False,False,False,False,False
ENSG00000085563,ENSG00000085563,ABCB1,1276,True,0.0562271891808501,1.8508455586602546,0.7056281,81,False,False,False,False,False,False,False,False
ENSG00000226179,ENSG00000226179,LINC00685,2402,True,0.0976282809849768,1.8457929674632263,0.6818174,81,False,False,False,False,False,False,False,False
ENSG00000168497,ENSG00000168497,CAVIN2,4274,True,0.17318867779008545,1.8392151272800208,0.65848726,81,False,False,False,False,False,False,False,False
ENSG00000146757,ENSG00000146757,ZNF92,10448,True,0.3578641450248262,1.819308495172112,0.6411175,81,False,False,False,False,False,False,False,False
ENSG00000184205,ENSG00000184205,TSPYL2,8595,True,0.31309025462511614,1.8129755569609736,0.6044963,81,False,False,False,False,False,False,False,False
ENSG00000109458,ENSG00000109458,GAB1,1639,True,0.06832747529866577,1.8278621867930804,0.5975481,81,False,False,False,False,False,False,False,False
ENSG00000261824,ENSG00000261824,LINC00662,4160,True,0.16637851638945178,1.822316533654873,0.5766338,81,False,False,False,False,False,False,False,False
ENSG00000008083,ENSG00000008083,JARID2,8463,True,0.3163088896487824,1.8148685761999017,0.5535711,81,False,False,False,False,False,False,False,False
ENSG00000104205,ENSG00000104205,SGK3,1441,True,0.06007407397891112,1.78259646924477,0.5359302,81,False,False,False,False,False,False,False,False
ENSG00000273247,ENSG00000273247,RAB33B-AS1,6654,True,0.24764090928618485,1.8032013645390434,0.5303308,81,False,False,False,False,False,False,False,False
ENSG00000237765,ENSG00000237765,FAM200B,7831,True,0.2987835323892403,1.8023283411605546,0.529994,81,False,False,False,False,False,False,False,False
ENSG00000166707,ENSG00000166707,ZCCHC18,1548,True,0.06719102590968462,1.8156437752719363,0.5296448,81,False,False,False,False,False,False,False,False
ENSG00000047644,ENSG00000047644,WWC3,3048,True,0.11883594800572465,1.8075412746485555,0.50187814,81,False,False,False,False,False,False,False,False
ENSG00000115993,ENSG00000115993,TRAK2,3507,True,0.13740913008060154,1.806409236698997,0.50157905,81,False,False,False,False,False,False,False,False
ENSG00000152127,ENSG00000152127,MGAT5,3633,True,0.1406455961850824,1.8085158063373414,0.5009872,81,False,False,False,False,False,False,False,False
ENSG00000143641,ENSG00000143641,GALNT2,4585,True,0.17500376454628053,1.800463224143189,0.4869877,81,False,False,False,False,False,False,False,False
ENSG00000140563,ENSG00000140563,MCTP2,4133,True,0.16049914252756614,1.796709785818175,0.45744067,81,False,False,False,False,False,False,False,False
ENSG00000253535,ENSG00000253535,ADAM7-AS1,1570,True,0.06548782131333125,1.7963612519471654,0.45700994,81,False,False,False,False,False,False,False,False
ENSG00000243156,ENSG00000243156,MICAL3,6286,True,0.2312564116566689,1.7939563539409953,0.45271873,81,False,False,False,False,False,False,False,False
ENSG00000196511,ENSG00000196511,TPK1,3105,True,0.12359125558792479,1.7940297685895152,0.45215935,81,False,False,False,False,False,False,False,False
ENSG00000181896,ENSG00000181896,ZNF101,5777,True,0.20897613878960308,1.7933877559390632,0.44874328,81,False,False,False,False,False,False,False,False
ENSG00000140386,ENSG00000140386,SCAPER,5973,True,0.22551567910129808,1.793571993854431,0.44095263,81,False,False,False,False,False,False,False,False
ENSG00000135318,ENSG00000135318,NT5E,4152,True,0.1633132978690356,1.7896283834670577,0.4362793,81,False,False,False,False,False,False,False,False
ENSG00000108960,ENSG00000108960,MMD,6059,True,0.23930177767695698,1.7851743785619545,0.41775385,81,False,False,False,False,False,False,False,False
ENSG00000089335,ENSG00000089335,ZNF302,6470,True,0.2413764441077577,1.7840381304719732,0.4160025,81,False,False,False,False,False,False,False,False
ENSG00000221923,ENSG00000221923,ZNF880,5606,True,0.2214200225763478,1.7861815851556329,0.41002485,81,False,False,False,False,False,False,False,False
ENSG00000122591,ENSG00000122591,HYCC1,4466,True,0.17260117180486026,1.7827596665938863,0.40888318,81,False,False,False,False,False,False,False,False
ENSG00000181026,ENSG00000181026,AEN,3673,True,0.13826811805888814,1.7820778009932547,0.39300773,81,False,False,False,False,False,False,False,False
ENSG00000138078,ENSG00000138078,PREPL,5594,True,0.20663710138849536,1.7775385597361792,0.38311717,81,False,False,False,False,False,False,False,False
ENSG00000118263,ENSG00000118263,KLF7,3744,True,0.14031113021874508,1.7763255894254006,0.37526077,81,False,False,False,False,False,False,False,False
ENSG00000166949,ENSG00000166949,SMAD3,5370,True,0.20094997909756876,1.7718020023956718,0.35543174,81,False,False,False,False,False,False,False,False
ENSG00000075790,ENSG00000075790,BCAP29,6192,True,0.23078964523277293,1.769466879253082,0.3410621,81,False,False,False,False,False,False,False,False
ENSG00000165949,ENSG00000165949,IFI27,4466,True,0.2983707049389391,2.602778141303908,6.676425,80,False,False,False,False,False,False,False,True
ENSG00000143878,ENSG00000143878,RHOB,12303,True,0.456158435216018,1.8983895248031728,1.5319318,80,False,False,False,False,False,False,False,False
ENSG00000197622,ENSG00000197622,CDC42SE1,23491,True,0.7933496362356894,1.9140585116635833,1.1999062,80,False,False,False,False,False,False,False,False
ENSG00000156265,ENSG00000156265,MAP3K7CL,6582,True,0.2603781002292646,1.8580195758716223,0.9832015,80,False,False,False,False,False,False,False,False
ENSG00000179029,ENSG00000179029,TMEM107,7652,True,0.3068980818682814,1.842901211035869,0.93160164,80,False,False,False,False,False,False,False,False
ENSG00000163534,ENSG00000163534,FCRL1,19866,True,0.65390510618946,1.8654342662788628,0.9126761,80,False,False,False,False,False,False,False,False
ENSG00000232442,ENSG00000232442,MHENCR,12307,True,0.4500110800842951,1.8358552857882082,0.8932647,80,False,False,False,False,False,False,False,False
ENSG00000155329,ENSG00000155329,ZCCHC10,13194,True,0.47820074750969893,1.8360196345898065,0.877267,80,False,False,False,False,False,False,False,False
ENSG00000143353,ENSG00000143353,LYPLAL1,9070,True,0.33865739649765403,1.832797412808663,0.8341583,80,False,False,False,False,False,False,False,False
ENSG00000164691,ENSG00000164691,TAGAP,20022,True,0.6602110855895925,1.8567597342881867,0.8291485,80,False,False,False,False,False,False,False,False
ENSG00000167604,ENSG00000167604,NFKBID,16605,True,0.550453428272756,1.842666935177747,0.8062647,80,False,False,False,False,False,False,False,False
ENSG00000270022,ENSG00000270022,ENSG00000270022,3087,True,0.13628751370335904,1.859293259138577,0.74201113,80,False,False,False,False,False,False,False,False
ENSG00000181788,ENSG00000181788,SIAH2,9773,True,0.36871759698935064,1.8215056359063055,0.7391219,80,False,False,False,False,False,False,False,False
ENSG00000138182,ENSG00000138182,KIF20B,8709,True,0.319991707104963,1.8197370551255914,0.6683092,80,False,False,False,False,False,False,False,False
ENSG00000138646,ENSG00000138646,HERC5,4213,True,0.16868443738941077,1.8275219500703728,0.62320715,80,False,False,False,False,False,False,False,True
ENSG00000120688,ENSG00000120688,WBP4,3835,True,0.15247847963028527,1.8290169919019759,0.6215211,80,False,False,False,False,False,False,False,False
ENSG00000135315,ENSG00000135315,CEP162,2540,True,0.10459115741885956,1.8311743220561973,0.61107117,80,False,False,False,False,False,False,False,False
ENSG00000102804,ENSG00000102804,TSC22D1,3309,True,0.13915412928253146,1.8308949888658106,0.609673,80,False,False,False,False,False,False,False,False
ENSG00000176542,ENSG00000176542,USF3,7914,True,0.28792023602218336,1.8139936323318073,0.5861124,80,False,False,False,False,False,False,False,False
ENSG00000229989,ENSG00000229989,MIR181A1HG,1777,True,0.07285141082944184,1.8179006337283303,0.5649244,80,False,False,False,False,False,False,False,False
ENSG00000198598,ENSG00000198598,MMP17,1084,True,0.04940925193967293,1.8184684037262229,0.5527566,80,False,False,False,False,False,False,False,False
ENSG00000166432,ENSG00000166432,ZMAT1,4961,True,0.19933788574496838,1.816410398091493,0.54829496,80,False,False,False,False,False,False,False,False
ENSG00000196950,ENSG00000196950,SLC39A10,7796,True,0.2887104281985244,1.805849266725711,0.5243643,80,False,False,False,False,False,False,False,False
ENSG00000234705,ENSG00000234705,HMGA1P4,3418,True,0.1454936472187396,1.8054798653343773,0.5086691,80,False,False,False,False,False,False,False,False
ENSG00000160953,ENSG00000160953,PWWP3A,4439,True,0.17953413678280972,1.8056407948995472,0.501754,80,False,False,False,False,False,False,False,False
ENSG00000184068,ENSG00000184068,SREBF2-AS1,2969,True,0.12393592505574214,1.8038818309758278,0.5015166,80,False,False,False,False,False,False,False,False
ENSG00000255150,ENSG00000255150,EID3,1833,True,0.07660149921009428,1.806408635133512,0.49706504,80,False,False,False,False,False,False,False,False
ENSG00000253645,ENSG00000253645,ENSG00000253645,1364,True,0.057758788354030074,1.7743722282353034,0.4916783,80,False,False,False,False,False,False,False,False
ENSG00000179743,ENSG00000179743,SPEN-AS1,5344,True,0.20649368495659665,1.8022035461978996,0.4913135,80,False,False,False,False,False,False,False,False
ENSG00000197457,ENSG00000197457,STMN3,6462,True,0.2403243873979494,1.802277824595331,0.49094096,80,False,False,False,False,False,False,False,False
ENSG00000272606,ENSG00000272606,PPP4R3B-DT,3069,True,0.12645684257841297,1.800801422971503,0.47846138,80,False,False,False,False,False,False,False,False
ENSG00000236287,ENSG00000236287,ZBED5,8128,True,0.30422350655514624,1.7963838730764812,0.47359636,80,False,False,False,False,False,False,False,False
ENSG00000197555,ENSG00000197555,SIPA1L1,5957,True,0.2210626687521244,1.7948967280960877,0.46757996,80,False,False,False,False,False,False,False,False
ENSG00000072858,ENSG00000072858,SIDT1,4736,True,0.17933974903462632,1.7962768337922386,0.46688935,80,False,False,False,False,False,False,False,False
ENSG00000184220,ENSG00000184220,CMSS1,6119,True,0.2358401080062239,1.7948254667935153,0.46174267,80,False,False,False,False,False,False,False,False
ENSG00000150995,ENSG00000150995,ITPR1,7120,True,0.26422374377537,1.7961962578614916,0.44934833,80,False,False,False,False,False,False,False,False
ENSG00000111729,ENSG00000111729,CLEC4A,2589,True,0.10774511555785055,1.7933446424034232,0.43722382,80,False,False,False,False,False,False,False,False
ENSG00000166435,ENSG00000166435,XRRA1,5306,True,0.20195606524444612,1.7911904601058126,0.43063423,80,False,False,False,False,False,False,False,False
ENSG00000173451,ENSG00000173451,THAP2,3861,True,0.1541475730898546,1.7863838806781096,0.4223438,80,False,False,False,False,False,False,False,False
ENSG00000033867,ENSG00000033867,SLC4A7,6276,True,0.2333098650287109,1.7879369776351075,0.4169882,80,False,False,False,False,False,False,False,False
ENSG00000196151,ENSG00000196151,WDSUB1,2836,True,0.11453438472527115,1.7844510508615115,0.4070885,80,False,False,False,False,False,False,False,False
ENSG00000113971,ENSG00000113971,NPHP3,2369,True,0.09213974343753532,1.7837377348673769,0.39984939,80,False,False,False,False,False,False,False,False
ENSG00000086619,ENSG00000086619,ERO1B,6719,True,0.2445804257965145,1.7903329190353665,0.39891323,80,False,False,False,False,False,False,False,False
ENSG00000163312,ENSG00000163312,HELQ,3290,True,0.12808800550350394,1.7794340485090758,0.383575,80,False,False,False,False,False,False,False,False
ENSG00000204977,ENSG00000204977,TRIM13,6014,True,0.22785266607532104,1.7802998125182399,0.38251722,80,False,False,False,False,False,False,False,False
ENSG00000142065,ENSG00000142065,ZFP14,4862,True,0.1826890926568545,1.7786231361756484,0.38131198,80,False,False,False,False,False,False,False,False
ENSG00000196267,ENSG00000196267,ZNF836,3678,True,0.14902467332177174,1.7771521789105937,0.37969592,80,False,False,False,False,False,False,False,False
ENSG00000067533,ENSG00000067533,RRP15,5966,True,0.2228458966851167,1.7761258011947831,0.37771055,80,False,False,False,False,False,False,False,False
ENSG00000166562,ENSG00000166562,SEC11C,13635,True,0.5004883961226185,2.03518207490607,2.919008,79,False,False,False,False,False,False,False,False
ENSG00000074842,ENSG00000074842,MYDGF,11505,True,0.4207767367461271,1.9172544636214097,1.6769271,79,False,False,False,False,False,False,False,False
ENSG00000134285,ENSG00000134285,FKBP11,6206,True,0.2584968170715711,2.0077355257302574,1.6158446,79,False,False,False,False,False,False,False,False
ENSG00000075624,ENSG00000075624,ACTB,112036,True,3.158888146357742,2.3937299355866717,1.1660985,79,False,False,False,False,False,False,False,False
ENSG00000154146,ENSG00000154146,NRGN,4533,True,0.18734985927906436,1.8963689057247592,1.0078654,79,False,False,False,False,False,False,False,False
ENSG00000137818,ENSG00000137818,RPLP1,120236,True,4.5790970995231435,2.407302578512511,0.9134328,79,False,False,False,False,False,False,False,False
ENSG00000158023,ENSG00000158023,CFAP251,1106,True,0.053875346678837116,1.8856040258907236,0.867657,79,False,False,False,False,False,False,False,False
ENSG00000154380,ENSG00000154380,ENAH,645,True,0.029723581161066413,1.7948172209105786,0.72142047,79,False,False,False,False,False,False,False,False
ENSG00000130066,ENSG00000130066,SAT1,61345,True,1.6561023912843182,2.0236427428602544,0.714391,79,False,False,False,False,False,False,False,False
ENSG00000135968,ENSG00000135968,GCC2,25396,True,0.8102265479729923,1.8565464438134478,0.684318,79,False,False,False,False,False,False,False,False
ENSG00000272256,ENSG00000272256,ENSG00000272256,7385,True,0.2735139928865377,1.8200021720400967,0.6805928,79,False,False,False,False,False,False,False,False
ENSG00000268027,ENSG00000268027,ENSG00000268027,8858,True,0.3405681530677623,1.8188965960841705,0.6463199,79,False,False,False,False,False,False,False,False
ENSG00000247982,ENSG00000247982,LINC00926,45650,True,1.2843792220251915,1.9227508909968953,0.64307535,79,False,False,False,False,False,False,False,False
ENSG00000189241,ENSG00000189241,TSPYL1,12326,True,0.45450123952904825,1.811480084840239,0.6293416,79,False,False,False,False,False,False,False,False
ENSG00000271938,ENSG00000271938,ENSG00000271938,860,True,0.039476051187842726,1.8264736285060523,0.60168976,79,False,False,False,False,False,False,False,False
ENSG00000188825,ENSG00000188825,LINC00910,3294,True,0.13153572329493013,1.8228217467445837,0.59365493,79,False,False,False,False,False,False,False,False
ENSG00000109321,ENSG00000109321,AREG,2043,True,0.09157442466881306,1.8247968786625628,0.5846297,79,False,False,False,False,False,False,False,False
ENSG00000127920,ENSG00000127920,GNG11,6565,True,0.2555205155707379,1.8217685078818397,0.5793787,79,False,False,False,False,False,False,False,False
ENSG00000186056,ENSG00000186056,MATN1-AS1,1667,True,0.06905000334679762,1.7886459840259912,0.554377,79,False,False,False,False,False,False,False,False
ENSG00000271869,ENSG00000271869,DCTN6-DT,6134,True,0.2554093880835438,1.8112106596835325,0.5537792,79,False,False,False,False,False,False,False,False
ENSG00000155903,ENSG00000155903,RASA2,8678,True,0.31475138892035476,1.8020700422963492,0.5374158,79,False,False,False,False,False,False,False,False
ENSG00000172071,ENSG00000172071,EIF2AK3,3708,True,0.145909608901815,1.802037391781956,0.48616207,79,False,False,False,False,False,False,False,False
ENSG00000179523,ENSG00000179523,EIF3J-DT,2972,True,0.12163299275849387,1.803446130302993,0.48369366,79,False,False,False,False,False,False,False,False
ENSG00000151135,ENSG00000151135,TMEM263,4382,True,0.16504383158848698,1.7970371789086779,0.47285435,79,False,False,False,False,False,False,False,False
ENSG00000272994,ENSG00000272994,C2orf49-DT,3429,True,0.13458683003911653,1.799615942180619,0.46361804,79,False,False,False,False,False,False,False,False
ENSG00000144161,ENSG00000144161,ZC3H8,5932,True,0.22334016506500462,1.7908145560217563,0.46079412,79,False,False,False,False,False,False,False,False
ENSG00000174428,ENSG00000174428,GTF2IRD2B,4420,True,0.16769886314119328,1.794812079457575,0.44001758,79,False,False,False,False,False,False,False,False
ENSG00000185973,ENSG00000185973,TMLHE,2734,True,0.11169457359712753,1.7931194008481974,0.4349205,79,False,False,False,False,False,False,False,False
ENSG00000173960,ENSG00000173960,UBXN2A,5727,True,0.20978969081170887,1.7882123036796167,0.42170662,79,False,False,False,False,False,False,False,False
ENSG00000196911,ENSG00000196911,KPNA5,5075,True,0.19469641670941285,1.7848806193593887,0.40839103,79,False,False,False,False,False,False,False,False
ENSG00000152465,ENSG00000152465,NMT2,2985,True,0.12081757746589,1.7830670598537204,0.40809834,79,False,False,False,False,False,False,False,False
ENSG00000162702,ENSG00000162702,ZNF281,5433,True,0.20299811404837262,1.7839931292486624,0.40621644,79,False,False,False,False,False,False,False,False
ENSG00000231663,ENSG00000231663,COA6-AS1,3526,True,0.1455898890878709,1.7829772035044242,0.3964536,79,False,False,False,False,False,False,False,False
ENSG00000198945,ENSG00000198945,L3MBTL3,5394,True,0.20419207358894942,1.7793251244250163,0.38924068,79,False,False,False,False,False,False,False,False
ENSG00000266053,ENSG00000266053,NDUFV2-AS1,2363,True,0.09323043638946879,1.7784706482980648,0.3855163,79,False,False,False,False,False,False,False,False
ENSG00000120162,ENSG00000120162,MOB3B,3023,True,0.1191838620674306,1.7800903036800506,0.38492212,79,False,False,False,False,False,False,False,False
ENSG00000121879,ENSG00000121879,PIK3CA,4862,True,0.18401142995445843,1.7787805912687213,0.3831241,79,False,False,False,False,False,False,False,False
ENSG00000107362,ENSG00000107362,ABHD17B,3643,True,0.13828518792517855,1.778398423422753,0.38262197,79,False,False,False,False,False,False,False,False
ENSG00000100483,ENSG00000100483,VCPKMT,6175,True,0.23350388791585777,1.7765733748753727,0.37703893,79,False,False,False,False,False,False,False,False
ENSG00000163322,ENSG00000163322,ABRAXAS1,4967,True,0.18654152048837247,1.7763168751352483,0.3677893,79,False,False,False,False,False,False,False,False
ENSG00000267040,ENSG00000267040,ATP8B1-AS1,6147,True,0.22584191907949777,1.7671285073643623,0.3294933,79,False,False,False,False,False,False,False,False
ENSG00000135916,ENSG00000135916,ITM2C,11379,True,0.4200567600008878,1.9874488244527284,2.4168274,78,False,False,False,False,False,False,False,False
ENSG00000198157,ENSG00000198157,HMGN5,1211,True,0.05567379574281749,1.9007347099328629,0.93700564,78,False,False,False,False,False,False,False,False
ENSG00000145349,ENSG00000145349,CAMK2D,10981,True,0.4050070683663698,1.8359009957211738,0.8235287,78,False,False,False,False,False,False,False,False
ENSG00000132842,ENSG00000132842,AP3B1,12417,True,0.436222105932726,1.8304281036685124,0.8168354,78,False,False,False,False,False,False,False,False
ENSG00000089048,ENSG00000089048,ESF1,12044,True,0.4405609368586706,1.827359341688361,0.8052495,78,False,False,False,False,False,False,False,False
ENSG00000169507,ENSG00000169507,SLC38A11,1863,True,0.07963071943717276,1.849556606953626,0.706887,78,False,False,False,False,False,False,False,False
ENSG00000122644,ENSG00000122644,ARL4A,25526,True,0.8289936015273163,1.8635679231636173,0.7036798,78,False,False,False,False,False,False,False,False
ENSG00000135116,ENSG00000135116,HRK,3239,True,0.12894213788274625,1.8474871941147448,0.7030986,78,False,False,False,False,False,False,False,False
ENSG00000101162,ENSG00000101162,TUBB1,2783,True,0.11751007454873683,1.8489853375674832,0.70018756,78,False,False,False,False,False,False,False,False
ENSG00000260979,ENSG00000260979,USP7-AS1,1117,True,0.04861952839461066,1.8474448526405256,0.6773815,78,False,False,False,False,False,False,False,False
ENSG00000143110,ENSG00000143110,C1orf162,24443,True,0.8000214154567044,1.8493985577703724,0.63661414,78,False,False,False,False,False,False,False,False
ENSG00000268804,ENSG00000268804,LINC02132,1029,True,0.047103899295490054,1.8337459728031158,0.610541,78,False,False,False,False,False,False,False,False
ENSG00000006638,ENSG00000006638,TBXA2R,778,True,0.03382487111929312,1.8209908013702512,0.5679282,78,False,False,False,False,False,False,False,False
ENSG00000182405,ENSG00000182405,PGBD4,1457,True,0.06055257545676041,1.8191226310038255,0.56761676,78,False,False,False,False,False,False,False,False
ENSG00000273148,ENSG00000273148,LCDR,1842,True,0.07600656291237755,1.8048298099664337,0.50764304,78,False,False,False,False,False,False,False,False
ENSG00000087074,ENSG00000087074,PPP1R15A,42646,True,1.219301963845396,1.907091421063708,0.5028431,78,False,False,False,False,False,False,False,False
ENSG00000109929,ENSG00000109929,SC5D,3557,True,0.13967810298449762,1.8043923670382258,0.49968082,78,False,False,False,False,False,False,False,False
ENSG00000108405,ENSG00000108405,P2RX1,2084,True,0.08183103922783871,1.7750457032039593,0.49416116,78,False,False,False,False,False,False,False,False
ENSG00000246851,ENSG00000246851,ENSG00000246851,5604,True,0.2307217826993551,1.8010824764014666,0.4919608,78,False,False,False,False,False,False,False,False
ENSG00000164938,ENSG00000164938,TP53INP1,7060,True,0.2654365077100879,1.8042727268928787,0.49136344,78,False,False,False,False,False,False,False,False
ENSG00000255760,ENSG00000255760,LINC02422,6406,True,0.2518996669022565,1.8078591541266087,0.4887347,78,False,False,False,False,False,False,False,False
ENSG00000138468,ENSG00000138468,SENP7,6241,True,0.23375129046516666,1.8029648661675282,0.48452336,78,False,False,False,False,False,False,False,False
ENSG00000068650,ENSG00000068650,ATP11A,1993,True,0.07913920455582081,1.804008462987001,0.48438668,78,False,False,False,False,False,False,False,False
ENSG00000104154,ENSG00000104154,SLC30A4,1455,True,0.06053914795143301,1.781590526524478,0.48323974,78,False,False,False,False,False,False,False,False
ENSG00000145365,ENSG00000145365,TIFA,7843,True,0.2800654874664903,1.7897681973593607,0.47945967,78,False,False,False,False,False,False,False,False
ENSG00000132819,ENSG00000132819,RBM38,8982,True,0.32548951195922726,1.7999067008357246,0.4704594,78,False,False,False,False,False,False,False,False
ENSG00000185298,ENSG00000185298,CCDC137,5756,True,0.21573421050720026,1.7921870518258987,0.46338266,78,False,False,False,False,False,False,False,False
ENSG00000170088,ENSG00000170088,TMEM192,5438,True,0.20347444337258772,1.795950290527194,0.46302062,78,False,False,False,False,False,False,False,False
ENSG00000138670,ENSG00000138670,RASGEF1B,6315,True,0.24816931010068072,1.8003503453860774,0.46048692,78,False,False,False,False,False,False,False,False
ENSG00000118507,ENSG00000118507,AKAP7,3530,True,0.14576478452136796,1.7966134525853912,0.45696524,78,False,False,False,False,False,False,False,False
ENSG00000168675,ENSG00000168675,LDLRAD4,3568,True,0.14751246527050219,1.7941995077498705,0.45331705,78,False,False,False,False,False,False,False,False
ENSG00000152133,ENSG00000152133,GPATCH11,5610,True,0.21108811198004618,1.7935709927894903,0.45156375,78,False,False,False,False,False,False,False,False
ENSG00000244479,ENSG00000244479,OR2A1-AS1,2026,True,0.08426026418898934,1.7943671606711364,0.45038757,78,False,False,False,False,False,False,False,False
ENSG00000246067,ENSG00000246067,RAB30-DT,5257,True,0.2018829156135208,1.792043055967712,0.4498189,78,False,False,False,False,False,False,False,False
ENSG00000116044,ENSG00000116044,NFE2L2,8516,True,0.315082302293636,1.791833705216385,0.44928178,78,False,False,False,False,False,False,False,False
ENSG00000160683,ENSG00000160683,CXCR5,6921,True,0.25549617852232287,1.8048283346424634,0.44813985,78,False,False,False,False,False,False,False,False
ENSG00000196507,ENSG00000196507,TCEAL3,2906,True,0.1187751465261122,1.793644508783747,0.44634,78,False,False,False,False,False,False,False,False
ENSG00000177426,ENSG00000177426,TGIF1,6344,True,0.23932427723102298,1.7847236486982667,0.4412,78,False,False,False,False,False,False,False,False
ENSG00000146802,ENSG00000146802,TMEM168,2159,True,0.08406512042852365,1.7926885809544024,0.43774486,78,False,False,False,False,False,False,False,False
ENSG00000178852,ENSG00000178852,EFCAB13,2781,True,0.10526228800197533,1.789149112324614,0.4274644,78,False,False,False,False,False,False,False,False
ENSG00000119684,ENSG00000119684,MLH3,3963,True,0.15275131773934122,1.7902755559166899,0.42500857,78,False,False,False,False,False,False,False,False
ENSG00000145390,ENSG00000145390,USP53,3194,True,0.12146951324662952,1.7887802453270552,0.41910487,78,False,False,False,False,False,False,False,False
ENSG00000166532,ENSG00000166532,RIMKLB,2584,True,0.10580645166579633,1.7857127565059785,0.41310215,78,False,False,False,False,False,False,False,False
ENSG00000198887,ENSG00000198887,SMC5,8962,True,0.3140799658281232,1.7841598280711148,0.40983534,78,False,False,False,False,False,False,False,False
ENSG00000046653,ENSG00000046653,GPM6B,3601,True,0.1509554332015091,1.7856888969096525,0.40895355,78,False,False,False,False,False,False,False,False
ENSG00000253982,ENSG00000253982,CLN8-AS1,2897,True,0.11641492739735658,1.7832828178342717,0.40685812,78,False,False,False,False,False,False,False,False
ENSG00000162241,ENSG00000162241,SLC25A45,7418,True,0.26472958555212556,1.7841651154478166,0.40303645,78,False,False,False,False,False,False,False,False
ENSG00000148572,ENSG00000148572,NRBF2,4841,True,0.17839691308793393,1.7789728713456077,0.3932848,78,False,False,False,False,False,False,False,False
ENSG00000131013,ENSG00000131013,PPIL4,6132,True,0.22549379609253092,1.778615196922325,0.3909821,78,False,False,False,False,False,False,False,False
ENSG00000184384,ENSG00000184384,MAML2,4357,True,0.1595955702720353,1.779450972870862,0.38663813,78,False,False,False,False,False,False,False,False
ENSG00000131378,ENSG00000131378,RFTN1,5494,True,0.20326072147371674,1.7777398542762919,0.38357,78,False,False,False,False,False,False,False,False
ENSG00000114450,ENSG00000114450,GNB4,3256,True,0.12487406773705408,1.7786495110843041,0.37925586,78,False,False,False,False,False,False,False,False
ENSG00000108651,ENSG00000108651,UTP6,5401,True,0.20079860468713243,1.776842463866945,0.37230965,78,False,False,False,False,False,False,False,False
ENSG00000166801,ENSG00000166801,FAM111A,6567,True,0.2320040450302234,1.7739752727440015,0.36672786,78,False,False,False,False,False,False,False,False
ENSG00000205758,ENSG00000205758,CRYZL1,6602,True,0.24572802627842655,1.7714479604172326,0.36014566,78,False,False,False,False,False,False,False,False
ENSG00000179456,ENSG00000179456,ZBTB18,3593,True,0.14191668084387501,1.7751509156149836,0.35865703,78,False,False,False,False,False,False,False,False
ENSG00000166266,ENSG00000166266,CUL5,7078,True,0.2571847218738089,1.7735499571447457,0.35504663,78,False,False,False,False,False,False,False,False
ENSG00000165102,ENSG00000165102,HGSNAT,3860,True,0.144945325328771,1.7727292384305173,0.35213745,78,False,False,False,False,False,False,False,False
ENSG00000214717,ENSG00000214717,ZBED1,3809,True,0.1395207863218444,1.7692545043093342,0.34320503,78,False,False,False,False,False,False,False,False
ENSG00000148300,ENSG00000148300,REXO4,6895,True,0.2552705822738295,1.7693689311039043,0.32578805,78,False,False,False,False,False,False,False,False
ENSG00000198740,ENSG00000198740,ZNF652,7191,True,0.26295136944743436,1.76625776099797,0.2903801,78,False,False,False,False,False,False,False,False
ENSG00000107968,ENSG00000107968,MAP3K8,15864,True,0.5551263233072409,1.8756108641998368,1.1427338,77,False,False,False,False,False,False,False,False
ENSG00000155660,ENSG00000155660,PDIA4,6758,True,0.2637042318983591,1.87975324018827,1.0729896,77,False,False,False,False,False,False,False,False
ENSG00000054654,ENSG00000054654,SYNE2,10035,True,0.3499722014985793,1.8314644110085958,0.8835486,77,False,False,False,False,False,False,False,False
ENSG00000055332,ENSG00000055332,EIF2AK2,15568,True,0.5342164582499419,1.851103586182408,0.8809741,77,False,False,False,False,False,False,False,False
ENSG00000179820,ENSG00000179820,MYADM,8843,True,0.33297020643647274,1.8415149626275573,0.8395408,77,False,False,False,False,False,False,False,False
ENSG00000226752,ENSG00000226752,CUTALP,10948,True,0.40356389875474546,1.8305636755680836,0.81193733,77,False,False,False,False,False,False,False,False
ENSG00000197903,ENSG00000197903,H2BC12,16675,True,0.5727330737647112,1.8405392398953984,0.8009389,77,False,False,False,False,False,False,False,False
ENSG00000059804,ENSG00000059804,SLC2A3,19203,True,0.6420506474798436,1.8526686027044343,0.761629,77,False,False,False,False,False,False,False,False
ENSG00000137831,ENSG00000137831,UACA,1133,True,0.048735725732742215,1.8024895397265766,0.743126,77,False,False,False,False,False,False,False,False
ENSG00000167522,ENSG00000167522,ANKRD11,16849,True,0.5585076461467939,1.8261818649813548,0.6954003,77,False,False,False,False,False,False,False,False
ENSG00000228495,ENSG00000228495,LINC01013,2133,True,0.093046342569308,1.8398439319597515,0.6652792,77,False,False,False,False,False,False,False,False
ENSG00000112320,ENSG00000112320,SOBP,1174,True,0.051605606976217716,1.827645925771334,0.60337406,77,False,False,False,False,False,False,False,False
ENSG00000173875,ENSG00000173875,ZNF791,9447,True,0.3453244308299431,1.807564203413515,0.57746625,77,False,False,False,False,False,False,False,False
ENSG00000139318,ENSG00000139318,DUSP6,3169,True,0.12778836012151518,1.820470853483006,0.5718635,77,False,False,False,False,False,False,False,False
ENSG00000173145,ENSG00000173145,NOC3L,7196,True,0.26493198243673377,1.8014391267816408,0.5471322,77,False,False,False,False,False,False,False,False
ENSG00000188313,ENSG00000188313,PLSCR1,7921,True,0.2990834664651746,1.8069530101578608,0.5459529,77,False,False,False,False,False,False,False,False
ENSG00000140259,ENSG00000140259,MFAP1,2695,True,0.10718775701422248,1.8092546080763034,0.5284978,77,False,False,False,False,False,False,False,False
ENSG00000183960,ENSG00000183960,KCNH8,1548,True,0.06341211737064092,1.8114491200875145,0.5262062,77,False,False,False,False,False,False,False,False
ENSG00000107890,ENSG00000107890,ANKRD26,2829,True,0.11114918695454899,1.805233368368865,0.5173289,77,False,False,False,False,False,False,False,False
ENSG00000152558,ENSG00000152558,TMEM123,30932,True,0.9367326287667549,1.853852571848761,0.50476635,77,False,False,False,False,False,False,False,False
ENSG00000164442,ENSG00000164442,CITED2,7578,True,0.27565831754069586,1.7951978491683074,0.48274797,77,False,False,False,False,False,False,False,False
ENSG00000171806,ENSG00000171806,METTL18,2527,True,0.10170799992474255,1.8017206683240687,0.48274437,77,False,False,False,False,False,False,False,False
ENSG00000234028,ENSG00000234028,EIF2AK3-DT,1257,True,0.05276980139720086,1.8025868233860918,0.48088086,77,False,False,False,False,False,False,False,False
ENSG00000091879,ENSG00000091879,ANGPT2,1999,True,0.07832559391426952,1.769517786039705,0.47371244,77,False,False,False,False,False,False,False,False
ENSG00000166004,ENSG00000166004,CEP295,3755,True,0.14311039115513008,1.7980154237077806,0.47319347,77,False,False,False,False,False,False,False,False
ENSG00000121766,ENSG00000121766,ZCCHC17,6454,True,0.23707462199824328,1.7935844708295954,0.4681294,77,False,False,False,False,False,False,False,False
ENSG00000272447,ENSG00000272447,ENSG00000272447,1955,True,0.0817853484145067,1.792875592961164,0.45192057,77,False,False,False,False,False,False,False,False
ENSG00000080608,ENSG00000080608,PUM3,7683,True,0.2781622864705812,1.7953540652220885,0.44098932,77,False,False,False,False,False,False,False,False
ENSG00000163596,ENSG00000163596,ICA1L,4917,True,0.1855363352942452,1.7921953669818118,0.4339498,77,False,False,False,False,False,False,False,False
ENSG00000102738,ENSG00000102738,MRPS31,7913,True,0.29560305850370133,1.7869025007350459,0.42627358,77,False,False,False,False,False,False,False,False
ENSG00000272677,ENSG00000272677,HNRNPD-DT,2744,True,0.1170207307340855,1.791652825753439,0.42618945,77,False,False,False,False,False,False,False,False
ENSG00000138381,ENSG00000138381,ASNSD1,6155,True,0.23043259342677136,1.7887802128903412,0.42011288,77,False,False,False,False,False,False,False,False
ENSG00000171132,ENSG00000171132,PRKCE,2958,True,0.11626380562469724,1.78670900313703,0.4183162,77,False,False,False,False,False,False,False,False
ENSG00000132510,ENSG00000132510,KDM6B,6300,True,0.23781518516414044,1.782236524569288,0.40491933,77,False,False,False,False,False,False,False,False
ENSG00000232859,ENSG00000232859,LYRM9,4065,True,0.15918242109840613,1.785201448571403,0.40464023,77,False,False,False,False,False,False,False,False
ENSG00000162373,ENSG00000162373,BEND5,4144,True,0.16002551104103868,1.7863274542286405,0.40184227,77,False,False,False,False,False,False,False,False
ENSG00000166947,ENSG00000166947,EPB42,3305,True,0.13381259993553715,1.7857964767322139,0.4015019,77,False,False,False,False,False,False,False,False
ENSG00000147400,ENSG00000147400,CETN2,4946,True,0.18986759114199553,1.7841668917086133,0.40126005,77,False,False,False,False,False,False,False,False
ENSG00000175155,ENSG00000175155,YPEL2,4288,True,0.1587915942803383,1.780957262625538,0.39781046,77,False,False,False,False,False,False,False,False
ENSG00000152894,ENSG00000152894,PTPRK,2756,True,0.11432359200389822,1.7843451296227124,0.3969736,77,False,False,False,False,False,False,False,False
ENSG00000236778,ENSG00000236778,INTS6-AS1,2985,True,0.11960815998668638,1.7817127636218166,0.38666484,77,False,False,False,False,False,False,False,False
ENSG00000256060,ENSG00000256060,TRAPPC2B,5190,True,0.2079550841895797,1.779177800358572,0.38652423,77,False,False,False,False,False,False,False,False
ENSG00000130024,ENSG00000130024,PHF10,3525,True,0.13548398356137104,1.7783095634596038,0.38313624,77,False,False,False,False,False,False,False,False
ENSG00000273344,ENSG00000273344,PAXIP1-DT,5261,True,0.19957813923354684,1.7782813830097908,0.38063863,77,False,False,False,False,False,False,False,False
ENSG00000215908,ENSG00000215908,CROCCP2,3756,True,0.14131282973045117,1.7751308532462182,0.3794817,77,False,False,False,False,False,False,False,False
ENSG00000152457,ENSG00000152457,DCLRE1C,6144,True,0.22414480101507347,1.7828972328131407,0.37778705,77,False,False,False,False,False,False,False,False
ENSG00000124508,ENSG00000124508,BTN2A2,4970,True,0.18565836961686052,1.7765787285292693,0.37485588,77,False,False,False,False,False,False,False,False
ENSG00000173041,ENSG00000173041,ZNF680,3058,True,0.1165649465482426,1.7765287924804802,0.3747602,77,False,False,False,False,False,False,False,False
ENSG00000137770,ENSG00000137770,CTDSPL2,5904,True,0.21561961890928272,1.7809293081043547,0.36930853,77,False,False,False,False,False,False,False,False
ENSG00000143748,ENSG00000143748,NVL,3528,True,0.1366070360489479,1.773677865142114,0.36539292,77,False,False,False,False,False,False,False,False
ENSG00000135951,ENSG00000135951,TSGA10,2992,True,0.11841036859889874,1.7744994689940903,0.36227292,77,False,False,False,False,False,False,False,False
ENSG00000156650,ENSG00000156650,KAT6B,6855,True,0.24443774471140192,1.7789111329681888,0.3613308,77,False,False,False,False,False,False,False,False
ENSG00000163602,ENSG00000163602,RYBP,3314,True,0.12822271723598086,1.7744332679188235,0.36090598,77,False,False,False,False,False,False,False,False
ENSG00000147854,ENSG00000147854,UHRF2,5626,True,0.20664646331272582,1.7723142869607265,0.35110968,77,False,False,False,False,False,False,False,False
ENSG00000183891,ENSG00000183891,TTC32,5585,True,0.21924228689717828,1.7702730831821996,0.3436743,77,False,False,False,False,False,False,False,False
ENSG00000092140,ENSG00000092140,G2E3,4394,True,0.16345744573253754,1.7683787444776629,0.34252173,77,False,False,False,False,False,False,False,False
ENSG00000163788,ENSG00000163788,SNRK,4999,True,0.18466216598431437,1.7659482809067044,0.32761976,77,False,False,False,False,False,False,False,False
ENSG00000153814,ENSG00000153814,JAZF1,6202,True,0.23019766039568704,1.7655856236589473,0.32444227,77,False,False,False,False,False,False,False,False
ENSG00000157514,ENSG00000157514,TSC22D3,101459,True,2.731129677187304,2.3837285934999475,0.9606872,76,False,False,False,False,False,False,False,False
ENSG00000153234,ENSG00000153234,NR4A2,15218,True,0.5428758868658666,1.8777000143268623,0.9477628,76,False,False,False,False,False,False,False,False
ENSG00000135074,ENSG00000135074,ADAM19,10424,True,0.38153590752671973,1.826922437933782,0.79027677,76,False,False,False,False,False,False,False,False
ENSG00000158481,ENSG00000158481,CD1C,7008,True,0.2548825602203011,1.83204206880066,0.6982878,76,False,False,False,False,False,False,False,False
ENSG00000271856,ENSG00000271856,LINC01215,14968,True,0.5354466452915781,1.8227673196793504,0.68175024,76,False,False,False,False,False,False,False,False
ENSG00000122986,ENSG00000122986,HVCN1,33157,True,1.0106342985614554,1.8731596359647162,0.6384913,76,False,False,False,False,False,False,False,False
ENSG00000155368,ENSG00000155368,DBI,40175,True,1.176585035912578,1.8873302149143418,0.611658,76,False,False,False,False,False,False,False,False
ENSG00000184005,ENSG00000184005,ST6GALNAC3,496,True,0.02270360919174968,1.7446355886661173,0.6001309,76,False,False,False,False,False,False,False,False
ENSG00000135678,ENSG00000135678,CPM,1081,True,0.04749148411918413,1.8279401960909951,0.58796483,76,False,False,False,False,False,False,False,False
ENSG00000198046,ENSG00000198046,ZNF667,1145,True,0.05041220961127005,1.7602069589003457,0.5793869,76,False,False,False,False,False,False,False,False
ENSG00000173917,ENSG00000173917,HOXB2,1326,True,0.058017509479248226,1.8219366053272468,0.57399833,76,False,False,False,False,False,False,False,False
ENSG00000171522,ENSG00000171522,PTGER4,5260,True,0.1995349640205225,1.8067344955938878,0.52674776,76,False,False,False,False,False,False,False,False
ENSG00000135365,ENSG00000135365,PHF21A,4651,True,0.17648111612190706,1.8080836819474813,0.5130741,76,False,False,False,False,False,False,False,False
ENSG00000165029,ENSG00000165029,ABCA1,1784,True,0.07099181264002291,1.8066677012096684,0.499691,76,False,False,False,False,False,False,False,False
ENSG00000187824,ENSG00000187824,TMEM220,942,True,0.040905182286702584,1.8032691983317977,0.48896888,76,False,False,False,False,False,False,False,False
ENSG00000124374,ENSG00000124374,PAIP2B,1709,True,0.07202282572353828,1.8013633088930332,0.48112074,76,False,False,False,False,False,False,False,False
ENSG00000065883,ENSG00000065883,CDK13,7491,True,0.2580762257551366,1.7970353848294998,0.4746849,76,False,False,False,False,False,False,False,False
ENSG00000006634,ENSG00000006634,DBF4,8175,True,0.29261022922617314,1.792946059746145,0.47321594,76,False,False,False,False,False,False,False,False
ENSG00000183921,ENSG00000183921,SDR42E2,3500,True,0.1561469878713915,1.7946561271645036,0.46708554,76,False,False,False,False,False,False,False,False
ENSG00000103522,ENSG00000103522,IL21R,1431,True,0.06043352528990424,1.7959715083840253,0.46442318,76,False,False,False,False,False,False,False,False
ENSG00000166313,ENSG00000166313,APBB1,1242,True,0.04995398047580845,1.7984062657338447,0.46099052,76,False,False,False,False,False,False,False,False
ENSG00000254635,ENSG00000254635,WAC-AS1,5777,True,0.21234655031881877,1.7918321632600493,0.46092436,76,False,False,False,False,False,False,False,False
ENSG00000186153,ENSG00000186153,WWOX,1827,True,0.071934188735853,1.7951586694885149,0.4599517,76,False,False,False,False,False,False,False,False
ENSG00000246263,ENSG00000246263,UBR5-DT,1912,True,0.07499165142028134,1.7952505229593834,0.45350704,76,False,False,False,False,False,False,False,False
ENSG00000180530,ENSG00000180530,NRIP1,4427,True,0.16794261066002603,1.7910243939403094,0.4514531,76,False,False,False,False,False,False,False,False
ENSG00000015153,ENSG00000015153,YAF2,7155,True,0.2676429668470596,1.7897416076247232,0.44783476,76,False,False,False,False,False,False,False,False
ENSG00000160602,ENSG00000160602,NEK8,4827,True,0.18170308587732467,1.7965319719867716,0.44701114,76,False,False,False,False,False,False,False,False
ENSG00000151657,ENSG00000151657,KIN,6133,True,0.23006649729058895,1.7901430816907755,0.44260815,76,False,False,False,False,False,False,False,False
ENSG00000169131,ENSG00000169131,ZNF354A,2184,True,0.08538105089574398,1.7877568151854921,0.43471223,76,False,False,False,False,False,False,False,False
ENSG00000261064,ENSG00000261064,LINC02256,2541,True,0.10300412921205933,1.7911180738157342,0.43196228,76,False,False,False,False,False,False,False,False
ENSG00000184208,ENSG00000184208,C22orf46P,3057,True,0.12099513711555457,1.7916236998567328,0.43030128,76,False,False,False,False,False,False,False,False
ENSG00000105643,ENSG00000105643,ARRDC2,7979,True,0.28828737741356225,1.7886876685249886,0.4273592,76,False,False,False,False,False,False,False,False
ENSG00000198521,ENSG00000198521,ZNF43,3970,True,0.1437316804510218,1.7893612597042114,0.42596954,76,False,False,False,False,False,False,False,False
ENSG00000100281,ENSG00000100281,HMGXB4,5968,True,0.21750190970907352,1.7843982454358587,0.4238783,76,False,False,False,False,False,False,False,False
ENSG00000075407,ENSG00000075407,ZNF37A,4503,True,0.16660757086014633,1.7861728147605282,0.4226951,76,False,False,False,False,False,False,False,False
ENSG00000122484,ENSG00000122484,RPAP2,4743,True,0.17202867963771626,1.7849514781248976,0.41883627,76,False,False,False,False,False,False,False,False
ENSG00000075089,ENSG00000075089,ACTR6,6535,True,0.247773739217471,1.7816875386113025,0.4107678,76,False,False,False,False,False,False,False,False
ENSG00000197579,ENSG00000197579,TOPORS,7452,True,0.27783675211921904,1.786885681252077,0.40285212,76,False,False,False,False,False,False,False,False
ENSG00000170004,ENSG00000170004,CHD3,4476,True,0.16851823213662478,1.7816899106117428,0.39735767,76,False,False,False,False,False,False,False,False
ENSG00000163510,ENSG00000163510,CWC22,4993,True,0.18952850266893223,1.7830837541019784,0.3967271,76,False,False,False,False,False,False,False,False
ENSG00000102226,ENSG00000102226,USP11,4878,True,0.18106211873296088,1.780452885137584,0.3951253,76,False,False,False,False,False,False,False,False
ENSG00000179583,ENSG00000179583,CIITA,6221,True,0.22778990142336575,1.7844204843840294,0.3880352,76,False,False,False,False,False,False,False,False
ENSG00000167562,ENSG00000167562,ZNF701,1892,True,0.07597065053995192,1.77593020081952,0.37831548,76,False,False,False,False,False,False,False,False
ENSG00000121749,ENSG00000121749,TBC1D15,5752,True,0.21468776090384864,1.7759342865732555,0.37076455,76,False,False,False,False,False,False,False,False
ENSG00000005175,ENSG00000005175,RPAP3,7691,True,0.28244801149965376,1.7764149448174884,0.36804527,76,False,False,False,False,False,False,False,False
ENSG00000206527,ENSG00000206527,HACD2,3476,True,0.13017561126178812,1.777055111667321,0.36442807,76,False,False,False,False,False,False,False,False
ENSG00000166927,ENSG00000166927,MS4A7,5239,True,0.2023300131037053,1.7723366679047443,0.36323264,76,False,False,False,False,False,False,False,False
ENSG00000170542,ENSG00000170542,SERPINB9,5511,True,0.21222816924394247,1.7748514151629136,0.36248097,76,False,False,False,False,False,False,False,False
ENSG00000145220,ENSG00000145220,LYAR,4657,True,0.1730491925991916,1.771103615158772,0.35300815,76,False,False,False,False,False,False,False,False
ENSG00000272831,ENSG00000272831,ENSG00000272831,5483,True,0.21136943832855482,1.7729439062298888,0.35131133,76,False,False,False,False,False,False,False,False
ENSG00000133111,ENSG00000133111,RFXAP,2386,True,0.09496550833227997,1.7703493940547672,0.34921154,76,False,False,False,False,False,False,False,False
ENSG00000109323,ENSG00000109323,MANBA,5787,True,0.21203914397496726,1.770762087273168,0.3413702,76,False,False,False,False,False,False,False,False
ENSG00000135945,ENSG00000135945,REV1,4427,True,0.1641488975767593,1.766830973276592,0.32995588,76,False,False,False,False,False,False,False,False
ENSG00000135108,ENSG00000135108,FBXO21,6607,True,0.23988012043367152,1.76776639581454,0.3244406,76,False,False,False,False,False,False,False,False
ENSG00000116095,ENSG00000116095,PLEKHA3,5457,True,0.2048539904064208,1.7676713291189834,0.3240479,76,False,False,False,False,False,False,False,False
ENSG00000151893,ENSG00000151893,CACUL1,4260,True,0.16346179430061133,1.765774568863717,0.321696,76,False,False,False,False,False,False,False,False
ENSG00000155111,ENSG00000155111,CDK19,3372,True,0.13164616683886832,1.7628455052480079,0.31264445,76,False,False,False,False,False,False,False,False
ENSG00000119917,ENSG00000119917,IFIT3,3516,True,0.14918963941794766,1.9778274596507641,1.2757514,75,False,False,False,False,False,False,False,True
ENSG00000155657,ENSG00000155657,TTN,8006,True,0.2805896649796881,1.8346631348005764,0.8662044,75,False,False,False,False,False,False,False,False
ENSG00000253738,ENSG00000253738,OTUD6B-AS1,14252,True,0.5111312214628504,1.830233945987078,0.79224414,75,False,False,False,False,False,False,False,False
ENSG00000255112,ENSG00000255112,CHMP1B,24286,True,0.7912192201700179,1.8660322361012047,0.73219377,75,False,False,False,False,False,False,False,False
ENSG00000095794,ENSG00000095794,CREM,5719,True,0.22124100307443187,1.826430707548816,0.71788657,75,False,False,False,False,False,False,False,False
ENSG00000105926,ENSG00000105926,PALS2,4249,True,0.16779058068667407,1.845303080367539,0.67254657,75,False,False,False,False,False,False,False,False
ENSG00000157734,ENSG00000157734,SNX22,11847,True,0.4159964882923612,1.8127141676856058,0.6174198,75,False,False,False,False,False,False,False,False
ENSG00000144218,ENSG00000144218,AFF3,21125,True,0.6831703673685517,1.8278363068129584,0.55244,75,False,False,False,False,False,False,False,False
ENSG00000230489,ENSG00000230489,VAV3-AS1,1747,True,0.07599523439499276,1.81593540774368,0.5457389,75,False,False,False,False,False,False,False,False
ENSG00000143545,ENSG00000143545,RAB13,876,True,0.03760459413097855,1.811520640518654,0.51866794,75,False,False,False,False,False,False,False,False
ENSG00000247516,ENSG00000247516,MIR4458HG,2269,True,0.09965277281697085,1.8126568973560049,0.51779425,75,False,False,False,False,False,False,False,False
ENSG00000130340,ENSG00000130340,SNX9,7133,True,0.2540263295119361,1.7941140486445477,0.5138454,75,False,False,False,False,False,False,False,False
ENSG00000133134,ENSG00000133134,BEX2,8326,True,0.31219120807194095,1.7968655951141075,0.4971846,75,False,False,False,False,False,False,False,False
ENSG00000137965,ENSG00000137965,IFI44,6616,True,0.2539897969398349,1.794820770919206,0.49266812,75,False,False,False,False,False,False,False,True
ENSG00000123600,ENSG00000123600,METTL8,8590,True,0.3212433045071432,1.795504794269055,0.49243382,75,False,False,False,False,False,False,False,False
ENSG00000074695,ENSG00000074695,LMAN1,7579,True,0.28420606755551375,1.8001642932292887,0.48989308,75,False,False,False,False,False,False,False,False
ENSG00000272764,ENSG00000272764,ENSG00000272764,800,True,0.03476796065131154,1.8049053297747868,0.4892723,75,False,False,False,False,False,False,False,False
ENSG00000077044,ENSG00000077044,DGKD,9749,True,0.3420441123151475,1.8029556970327727,0.48633975,75,False,False,False,False,False,False,False,False
ENSG00000129990,ENSG00000129990,SYT5,1629,True,0.06752371464360708,1.801356007133836,0.47930157,75,False,False,False,False,False,False,False,False
ENSG00000163545,ENSG00000163545,NUAK2,5196,True,0.19408700275111831,1.79530954699731,0.4547229,75,False,False,False,False,False,False,False,False
ENSG00000203668,ENSG00000203668,CHML,2921,True,0.11211672340172979,1.7955966526415665,0.45228046,75,False,False,False,False,False,False,False,False
ENSG00000069188,ENSG00000069188,SDK2,935,True,0.03744707386509261,1.7661236768322661,0.44365686,75,False,False,False,False,False,False,False,False
ENSG00000236859,ENSG00000236859,NIFK-AS1,2209,True,0.08930708694966398,1.7936484760806495,0.4398715,75,False,False,False,False,False,False,False,False
ENSG00000105427,ENSG00000105427,CNFN,6757,True,0.25438107620479544,1.7826379259253924,0.4333103,75,False,False,False,False,False,False,False,False
ENSG00000145287,ENSG00000145287,PLAC8,60118,True,1.619142981976244,1.9407736667701472,0.4242853,75,False,False,False,False,False,False,False,False
ENSG00000198919,ENSG00000198919,DZIP3,5013,True,0.19157852658967836,1.7873838862314833,0.42327225,75,False,False,False,False,False,False,False,False
ENSG00000184898,ENSG00000184898,RBM43,2852,True,0.10957150554196127,1.7845496391346882,0.4224475,75,False,False,False,False,False,False,False,False
ENSG00000257704,ENSG00000257704,INAFM1,2071,True,0.08763257721801851,1.784962329911995,0.41125774,75,False,False,False,False,False,False,False,False
ENSG00000203880,ENSG00000203880,PCMTD2,5312,True,0.1982701912484227,1.7839143995932092,0.41012105,75,False,False,False,False,False,False,False,False
ENSG00000107554,ENSG00000107554,DNMBP,1923,True,0.07866571900095726,1.784279850535986,0.40764752,75,False,False,False,False,False,False,False,False
ENSG00000155366,ENSG00000155366,RHOC,6423,True,0.23488658738761856,1.7808959517566152,0.40639666,75,False,False,False,False,False,False,False,False
ENSG00000214401,ENSG00000214401,KANSL1-AS1,4627,True,0.17739056614311605,1.783025377890044,0.40476108,75,False,False,False,False,False,False,False,False
ENSG00000235194,ENSG00000235194,PPP1R3E,3719,True,0.14069570451938526,1.7818867559092169,0.3999598,75,False,False,False,False,False,False,False,False
ENSG00000104064,ENSG00000104064,GABPB1,4087,True,0.1529760339913191,1.7827299835902857,0.39856774,75,False,False,False,False,False,False,False,False
ENSG00000145416,ENSG00000145416,MARCHF1,38405,True,1.0983886771605744,1.8531896386352076,0.39851582,75,False,False,False,False,False,False,False,False
ENSG00000151748,ENSG00000151748,SAV1,4708,True,0.17938664040529007,1.7813822050535377,0.39382336,75,False,False,False,False,False,False,False,False
ENSG00000163214,ENSG00000163214,DHX57,2874,True,0.10894625918626627,1.7783510837712704,0.39084855,75,False,False,False,False,False,False,False,False
ENSG00000047365,ENSG00000047365,ARAP2,7216,True,0.25763331905140513,1.7826152001232196,0.3907279,75,False,False,False,False,False,False,False,False
ENSG00000196275,ENSG00000196275,GTF2IRD2,3324,True,0.12789167582336647,1.7830099095494412,0.38980973,75,False,False,False,False,False,False,False,False
ENSG00000198498,ENSG00000198498,TMA16,6659,True,0.2443254679412096,1.7842277320055409,0.38846004,75,False,False,False,False,False,False,False,False
ENSG00000112309,ENSG00000112309,B3GAT2,5461,True,0.21992137430657027,1.7774728448425043,0.3804466,75,False,False,False,False,False,False,False,False
ENSG00000180488,ENSG00000180488,MIGA1,3289,True,0.12462599268271747,1.7797823681019493,0.3799754,75,False,False,False,False,False,False,False,False
ENSG00000152944,ENSG00000152944,MED21,3252,True,0.13033632122309788,1.7763385535841627,0.37970218,75,False,False,False,False,False,False,False,False
ENSG00000183624,ENSG00000183624,HMCES,3335,True,0.12746119103147235,1.7730273052961634,0.36579838,75,False,False,False,False,False,False,False,False
ENSG00000178996,ENSG00000178996,SNX18,2266,True,0.08501472353065483,1.7767764544321842,0.36195844,75,False,False,False,False,False,False,False,False
ENSG00000107201,ENSG00000107201,RIGI,3930,True,0.14901611580417115,1.7720353142439123,0.36161497,75,False,False,False,False,False,False,False,False
ENSG00000198146,ENSG00000198146,ZNF770,7393,True,0.26722196136365894,1.777470812067599,0.360819,75,False,False,False,False,False,False,False,False
ENSG00000127804,ENSG00000127804,METTL16,4427,True,0.16021904512913876,1.7717342217885979,0.352046,75,False,False,False,False,False,False,False,False
ENSG00000254682,ENSG00000254682,DHCR7-DT,4796,True,0.1814143882257847,1.770546091815217,0.3516287,75,False,False,False,False,False,False,False,False
ENSG00000139636,ENSG00000139636,LMBR1L,4771,True,0.17651796791409222,1.771981338938116,0.34708136,75,False,False,False,False,False,False,False,False
ENSG00000136451,ENSG00000136451,VEZF1,4087,True,0.15281849270274617,1.7711854186529776,0.34637606,75,False,False,False,False,False,False,False,False
ENSG00000122435,ENSG00000122435,TRMT13,5845,True,0.21822854778762582,1.7697193972346867,0.34617877,75,False,False,False,False,False,False,False,False
ENSG00000104343,ENSG00000104343,UBE2W,6400,True,0.24322729821376451,1.7707102711386313,0.34372845,75,False,False,False,False,False,False,False,False
ENSG00000196233,ENSG00000196233,LCOR,6472,True,0.23846463309962607,1.7695557068818695,0.3396347,75,False,False,False,False,False,False,False,False
ENSG00000158636,ENSG00000158636,EMSY,2507,True,0.0968321730455148,1.7692333295001141,0.33818814,75,False,False,False,False,False,False,False,False
ENSG00000175455,ENSG00000175455,CCDC14,5714,True,0.21397081885461758,1.7682039096299886,0.33761024,75,False,False,False,False,False,False,False,False
ENSG00000164331,ENSG00000164331,ANKRA2,5556,True,0.20992767914598176,1.7683945368499032,0.3316201,75,False,False,False,False,False,False,False,False
ENSG00000188295,ENSG00000188295,ZNF669,4879,True,0.1833489011304261,1.7708167602750964,0.3309939,75,False,False,False,False,False,False,False,False
ENSG00000111203,ENSG00000111203,ITFG2,6322,True,0.22441683371151774,1.7680085847708453,0.32930255,75,False,False,False,False,False,False,False,False
ENSG00000157306,ENSG00000157306,ZFHX2-AS1,3223,True,0.12542590963541922,1.7613186035927932,0.31188226,75,False,False,False,False,False,False,False,False
ENSG00000173715,ENSG00000173715,TOP6BL,3503,True,0.1374637580299366,1.7604478223340265,0.3061277,75,False,False,False,False,False,False,False,False
ENSG00000108799,ENSG00000108799,EZH1,5015,True,0.18025568052180332,1.7611620963243235,0.29869995,75,False,False,False,False,False,False,False,False
ENSG00000152256,ENSG00000152256,PDK1,3239,True,0.12048780491224481,1.757322311313861,0.27956173,75,False,False,False,False,False,False,False,False
ENSG00000185885,ENSG00000185885,IFITM1,13141,True,0.48624056037508423,1.871449212070971,1.0180365,74,False,False,False,False,False,False,False,True
ENSG00000169442,ENSG00000169442,CD52,117569,True,3.4252666594729417,2.1709771078124804,0.7522754,74,False,False,False,False,False,False,False,False
ENSG00000115415,ENSG00000115415,STAT1,10753,True,0.38705638926353975,1.8215747978109902,0.74358475,74,False,False,False,False,False,False,False,True
ENSG00000196154,ENSG00000196154,S100A4,64259,True,1.7457084922723565,2.0649486402818327,0.7049012,74,False,False,False,False,False,False,False,False
ENSG00000166428,ENSG00000166428,PLD4,8721,True,0.31847320057835043,1.8146502348110447,0.6976384,74,False,False,False,False,False,False,False,False
ENSG00000204001,ENSG00000204001,LCN8,1628,True,0.07228843798341016,1.7979465983141294,0.66672415,74,False,False,False,False,False,False,False,False
ENSG00000169249,ENSG00000169249,ZRSR2,13055,True,0.46818851360308256,1.8160406175434425,0.660587,74,False,False,False,False,False,False,False,False
ENSG00000048471,ENSG00000048471,SNX29,12935,True,0.4518859112449643,1.821396578628345,0.6460451,74,False,False,False,False,False,False,False,False
ENSG00000198168,ENSG00000198168,SVIP,20212,True,0.6861230192401806,1.8327830643565763,0.6384345,74,False,False,False,False,False,False,False,False
ENSG00000128016,ENSG00000128016,ZFP36,45734,True,1.3131285132562835,1.9643641374976972,0.63465774,74,False,False,False,False,False,False,False,False
ENSG00000235750,ENSG00000235750,KIAA0040,12248,True,0.4379292504801089,1.811360722179243,0.5994962,74,False,False,False,False,False,False,False,False
ENSG00000260273,ENSG00000260273,ENSG00000260273,1133,True,0.05047812957166604,1.8200742930833003,0.586494,74,False,False,False,False,False,False,False,False
ENSG00000171606,ENSG00000171606,ZNF274,9092,True,0.32655786204155784,1.8132698699575833,0.5839534,74,False,False,False,False,False,False,False,False
ENSG00000139618,ENSG00000139618,BRCA2,2241,True,0.08633141337250647,1.813714437210303,0.53380567,74,False,False,False,False,False,False,False,False
ENSG00000176208,ENSG00000176208,ATAD5,2136,True,0.08283200517084194,1.8046877773044985,0.5266971,74,False,False,False,False,False,False,False,False
ENSG00000096060,ENSG00000096060,FKBP5,4749,True,0.17230295199226633,1.795479713072926,0.5152576,74,False,False,False,False,False,False,False,False
ENSG00000048052,ENSG00000048052,HDAC9,8989,True,0.3309481202018235,1.8005369795100337,0.5102262,74,False,False,False,False,False,False,False,False
ENSG00000231154,ENSG00000231154,MORF4L2-AS1,528,True,0.022322463686366596,1.7831184474344057,0.5083326,74,False,False,False,False,False,False,False,False
ENSG00000234572,ENSG00000234572,LINC01800,1399,True,0.06211011953996477,1.8068196290238783,0.5026992,74,False,False,False,False,False,False,False,False
ENSG00000134121,ENSG00000134121,CHL1,773,True,0.03314047487862455,1.8000927765684744,0.4848447,74,False,False,False,False,False,False,False,False
ENSG00000273141,ENSG00000273141,ENSG00000273141,782,True,0.03467247782428843,1.8015058911516677,0.4838082,74,False,False,False,False,False,False,False,False
ENSG00000165275,ENSG00000165275,TRMT10B,4072,True,0.16017423971694955,1.799755561345799,0.4800331,74,False,False,False,False,False,False,False,False
ENSG00000047634,ENSG00000047634,SCML1,1364,True,0.05839976846827473,1.8010847754882242,0.47833365,74,False,False,False,False,False,False,False,False
ENSG00000271646,ENSG00000271646,IRF2-DT,1510,True,0.05989359180937688,1.7961045633141361,0.47052744,74,False,False,False,False,False,False,False,False
ENSG00000147457,ENSG00000147457,CHMP7,8421,True,0.3034868835019862,1.7911523521001138,0.42995918,74,False,False,False,False,False,False,False,False
ENSG00000136824,ENSG00000136824,SMC2,3155,True,0.11923871305233126,1.7887514813353902,0.42876786,74,False,False,False,False,False,False,False,False
ENSG00000125731,ENSG00000125731,SH2D3A,3361,True,0.1262868982563024,1.7846179451601771,0.4269224,74,False,False,False,False,False,False,False,False
ENSG00000011523,ENSG00000011523,CEP68,2813,True,0.10735515022086516,1.7859287464843803,0.41563827,74,False,False,False,False,False,False,False,False
ENSG00000146409,ENSG00000146409,SLC18B1,2689,True,0.11122929016135133,1.7873449893583442,0.41187298,74,False,False,False,False,False,False,False,False
ENSG00000048392,ENSG00000048392,RRM2B,3068,True,0.12034922172759664,1.7831161658731516,0.40256432,74,False,False,False,False,False,False,False,False
ENSG00000108423,ENSG00000108423,TUBD1,1823,True,0.07319120999516669,1.784325571385831,0.39398873,74,False,False,False,False,False,False,False,False
ENSG00000167766,ENSG00000167766,ZNF83,5677,True,0.20350736116883048,1.7801630836246374,0.39343736,74,False,False,False,False,False,False,False,False
ENSG00000126070,ENSG00000126070,AGO3,5216,True,0.19006864160941078,1.78142722303827,0.39161235,74,False,False,False,False,False,False,False,False
ENSG00000118515,ENSG00000118515,SGK1,3042,True,0.11525663183746603,1.7804939907824844,0.38767228,74,False,False,False,False,False,False,False,False
ENSG00000259577,ENSG00000259577,CERNA1,2062,True,0.08432400220680512,1.7816478568076604,0.38615116,74,False,False,False,False,False,False,False,False
ENSG00000178567,ENSG00000178567,EPM2AIP1,7975,True,0.28386860362277927,1.7800363193653261,0.37926486,74,False,False,False,False,False,False,False,False
ENSG00000136108,ENSG00000136108,CKAP2,6195,True,0.22675862674304545,1.7707333429708318,0.37001047,74,False,False,False,False,False,False,False,False
ENSG00000042429,ENSG00000042429,MED17,7582,True,0.2646193758494544,1.766960332588284,0.36415908,74,False,False,False,False,False,False,False,False
ENSG00000100027,ENSG00000100027,YPEL1,3163,True,0.12080990960502858,1.7732756678259327,0.3635847,74,False,False,False,False,False,False,False,False
ENSG00000117151,ENSG00000117151,CTBS,6381,True,0.23061922008787272,1.7708458171329946,0.35661846,74,False,False,False,False,False,False,False,False
ENSG00000165943,ENSG00000165943,MOAP1,7578,True,0.27242312941404817,1.7788370873119843,0.3543009,74,False,False,False,False,False,False,False,False
ENSG00000056050,ENSG00000056050,HPF1,4263,True,0.1633520464567972,1.7706427622774945,0.35174647,74,False,False,False,False,False,False,False,False
ENSG00000015676,ENSG00000015676,NUDCD3,7316,True,0.2737283058975052,1.7732404199394005,0.35043228,74,False,False,False,False,False,False,False,False
ENSG00000168026,ENSG00000168026,TTC21A,2287,True,0.08819394116467281,1.7682267762155772,0.34053537,74,False,False,False,False,False,False,False,False
ENSG00000188917,ENSG00000188917,TRMT2B,2489,True,0.09496537179126528,1.770886154455905,0.33910593,74,False,False,False,False,False,False,False,False
ENSG00000183354,ENSG00000183354,BRD10,7554,True,0.2706821705464814,1.7688854808314503,0.33164045,74,False,False,False,False,False,False,False,False
ENSG00000105793,ENSG00000105793,GTPBP10,2299,True,0.08884603831060175,1.7624003873565017,0.32077885,74,False,False,False,False,False,False,False,False
ENSG00000147421,ENSG00000147421,HMBOX1,6026,True,0.21845071434052646,1.7633405098892836,0.30590197,74,False,False,False,False,False,False,False,False
ENSG00000140577,ENSG00000140577,CRTC3,6395,True,0.23298732781255202,1.764028644535825,0.30529222,74,False,False,False,False,False,False,False,False
ENSG00000177721,ENSG00000177721,ANXA2R,7178,True,0.26660501490588984,1.7597710952285888,0.30419955,74,False,False,False,False,False,False,False,False
ENSG00000122884,ENSG00000122884,P4HA1,4142,True,0.1592697818379779,1.7618243343997533,0.30384386,74,False,False,False,False,False,False,False,False
ENSG00000160226,ENSG00000160226,CFAP410,5307,True,0.19368245864838682,1.7590339402714072,0.30111498,74,False,False,False,False,False,False,False,False
ENSG00000006459,ENSG00000006459,KDM7A,5465,True,0.1990817463003844,1.7596626054835582,0.2960324,74,False,False,False,False,False,False,False,False
ENSG00000125629,ENSG00000125629,INSIG2,4281,True,0.16576827579649336,1.7595038085611194,0.29110023,74,False,False,False,False,False,False,False,False
ENSG00000163738,ENSG00000163738,MTHFD2L,5620,True,0.21362524657978213,1.755160877757284,0.28078055,74,False,False,False,False,False,False,False,False
ENSG00000112282,ENSG00000112282,MED23,5526,True,0.19816997317392476,1.7577605373452003,0.25450322,74,False,False,False,False,False,False,False,False
ENSG00000044574,ENSG00000044574,HSPA5,18027,True,0.6046750670562302,1.895577005432816,1.2302402,73,False,False,False,False,False,False,False,False
ENSG00000120129,ENSG00000120129,DUSP1,89867,True,2.44451435576745,2.341159819397037,0.78310645,73,False,False,False,False,False,False,False,False
ENSG00000132704,ENSG00000132704,FCRL2,14317,True,0.48681666601555573,1.829010930170549,0.7731385,73,False,False,False,False,False,False,False,False
ENSG00000205413,ENSG00000205413,SAMD9,16428,True,0.5536141162228929,1.8367120482296933,0.7594177,73,False,False,False,False,False,False,False,False
ENSG00000145050,ENSG00000145050,MANF,6099,True,0.24273494952326652,1.8490791924288856,0.75494117,73,False,False,False,False,False,False,False,False
ENSG00000196126,ENSG00000196126,HLA-DRB1,109478,True,2.9847509714862217,2.3340854414156023,0.74915135,73,False,False,False,False,False,False,False,False
ENSG00000146192,ENSG00000146192,FGD2,10106,True,0.36930265789950245,1.821975640412816,0.7213969,73,False,False,False,False,False,False,False,False
ENSG00000152804,ENSG00000152804,HHEX,18040,True,0.6073785943343553,1.8233424785350372,0.6668079,73,False,False,False,False,False,False,False,False
ENSG00000169499,ENSG00000169499,PLEKHA2,16164,True,0.5605252704947558,1.8254855713322486,0.6594972,73,False,False,False,False,False,False,False,False
ENSG00000114446,ENSG00000114446,IFT57,23500,True,0.746294583310558,1.8466138298254635,0.6141136,73,False,False,False,False,False,False,False,False
ENSG00000162614,ENSG00000162614,NEXN,1449,True,0.06203515671239313,1.8188706819911786,0.59550834,73,False,False,False,False,False,False,False,False
ENSG00000147905,ENSG00000147905,ZCCHC7,26845,True,0.8480563093465814,1.8464420863111073,0.5691295,73,False,False,False,False,False,False,False,False
ENSG00000173193,ENSG00000173193,PARP14,22201,True,0.7019475470938779,1.8260594381844795,0.51735806,73,False,False,False,False,False,False,False,False
ENSG00000269821,ENSG00000269821,KCNQ1OT1,4878,True,0.17907045020536644,1.7953005090231913,0.49101245,73,False,False,False,False,False,False,False,False
ENSG00000185650,ENSG00000185650,ZFP36L1,36953,True,1.0857397657187304,1.8612211434992678,0.47418082,73,False,False,False,False,False,False,False,False
ENSG00000198520,ENSG00000198520,ARMH1,5002,True,0.18867849548028212,1.7970691877995109,0.4644378,73,False,False,False,False,False,False,False,False
ENSG00000140450,ENSG00000140450,ARRDC4,1046,True,0.04616898396135094,1.798927941078314,0.4624652,73,False,False,False,False,False,False,False,False
ENSG00000103647,ENSG00000103647,CORO2B,653,True,0.029760940181724302,1.8005804541119135,0.4607451,73,False,False,False,False,False,False,False,False
ENSG00000165312,ENSG00000165312,OTUD1,4091,True,0.16407330911411103,1.7923057378830498,0.4483259,73,False,False,False,False,False,False,False,False
ENSG00000239569,ENSG00000239569,KMT2E-AS1,8156,True,0.3162669666209143,1.7842817419193175,0.4369281,73,False,False,False,False,False,False,False,False
ENSG00000078487,ENSG00000078487,ZCWPW1,3662,True,0.14287132595332033,1.7888252802284796,0.42587793,73,False,False,False,False,False,False,False,False
ENSG00000247092,ENSG00000247092,SNHG10,2868,True,0.12138367111768571,1.7912631802051584,0.4252093,73,False,False,False,False,False,False,False,False
ENSG00000165632,ENSG00000165632,TAF3,9043,True,0.32491541723853357,1.7904150509376584,0.42000973,73,False,False,False,False,False,False,False,False
ENSG00000185869,ENSG00000185869,ZNF829,1020,True,0.04204681411788457,1.7886830145465789,0.41517156,73,False,False,False,False,False,False,False,False
ENSG00000155093,ENSG00000155093,PTPRN2,3294,True,0.13096875043772424,1.786782573796816,0.41251788,73,False,False,False,False,False,False,False,False
ENSG00000130653,ENSG00000130653,PNPLA7,927,True,0.038831549375826065,1.7587093963808855,0.4123162,73,False,False,False,False,False,False,False,False
ENSG00000133104,ENSG00000133104,SPART,3099,True,0.12057612861355914,1.784892888086231,0.4073374,73,False,False,False,False,False,False,False,False
ENSG00000143851,ENSG00000143851,PTPN7,5235,True,0.1978196094124058,1.781407332156391,0.3999707,73,False,False,False,False,False,False,False,False
ENSG00000223547,ENSG00000223547,ZNF844,2907,True,0.1098089010640627,1.7831099010778964,0.3976623,73,False,False,False,False,False,False,False,False
ENSG00000142856,ENSG00000142856,ITGB3BP,7052,True,0.2647257050037939,1.7801111603864064,0.39509147,73,False,False,False,False,False,False,False,False
ENSG00000111860,ENSG00000111860,CEP85L,5412,True,0.19743350135903304,1.7809334232696414,0.39178705,73,False,False,False,False,False,False,False,False
ENSG00000111796,ENSG00000111796,KLRB1,5989,True,0.2128498040986668,1.7890634604229338,0.3888742,73,False,False,False,False,False,False,False,False
ENSG00000167842,ENSG00000167842,MIS12,3062,True,0.11638757633714789,1.7820546214345634,0.38504702,73,False,False,False,False,False,False,False,False
ENSG00000090376,ENSG00000090376,IRAK3,1447,True,0.05724152571751043,1.7782230675075381,0.37940332,73,False,False,False,False,False,False,False,False
ENSG00000073803,ENSG00000073803,MAP3K13,6289,True,0.2390168505141742,1.7787961977354583,0.3779899,73,False,False,False,False,False,False,False,False
ENSG00000186104,ENSG00000186104,CYP2R1,1741,True,0.06705151365814967,1.7785831013458426,0.37385863,73,False,False,False,False,False,False,False,False
ENSG00000196214,ENSG00000196214,ZNF766,4959,True,0.1845764134032519,1.7741726780693654,0.3693978,73,False,False,False,False,False,False,False,False
ENSG00000186812,ENSG00000186812,ZNF397,2836,True,0.11060534622165355,1.776525788463279,0.36778218,73,False,False,False,False,False,False,False,False
ENSG00000085788,ENSG00000085788,DDHD2,3417,True,0.12813399942522236,1.775829973875666,0.36433986,73,False,False,False,False,False,False,False,False
ENSG00000171657,ENSG00000171657,GPR82,2942,True,0.11428660034860089,1.7771068281008275,0.36305517,73,False,False,False,False,False,False,False,False
ENSG00000131089,ENSG00000131089,ARHGEF9,2416,True,0.09443270185069226,1.7731758796469776,0.36179632,73,False,False,False,False,False,False,False,False
ENSG00000160818,ENSG00000160818,GPATCH4,6074,True,0.21807280779476332,1.7709804256557957,0.35736609,73,False,False,False,False,False,False,False,False
ENSG00000170852,ENSG00000170852,KBTBD2,2890,True,0.11270725514747464,1.7704839460034802,0.35703444,73,False,False,False,False,False,False,False,False
ENSG00000083535,ENSG00000083535,PIBF1,5020,True,0.18186138898504922,1.7724249490247497,0.35680276,73,False,False,False,False,False,False,False,False
ENSG00000172292,ENSG00000172292,CERS6,2130,True,0.08749114748405774,1.771844848309484,0.35482466,73,False,False,False,False,False,False,False,False
ENSG00000100749,ENSG00000100749,VRK1,6521,True,0.24245032743392114,1.7727610096843465,0.3544635,73,False,False,False,False,False,False,False,False
ENSG00000159216,ENSG00000159216,RUNX1,3478,True,0.13370969539434288,1.7722402911011292,0.3527841,73,False,False,False,False,False,False,False,False
ENSG00000082068,ENSG00000082068,WDR70,6817,True,0.2506980692322295,1.7714044511749982,0.35194865,73,False,False,False,False,False,False,False,False
ENSG00000110422,ENSG00000110422,HIPK3,4122,True,0.15182679453179404,1.7724152825272184,0.3509446,73,False,False,False,False,False,False,False,False
ENSG00000101695,ENSG00000101695,RNF125,3951,True,0.1402025725990861,1.772338887841051,0.34974846,73,False,False,False,False,False,False,False,False
ENSG00000100351,ENSG00000100351,GRAP2,3569,True,0.13824459024829072,1.769159739160662,0.34790993,73,False,False,False,False,False,False,False,False
ENSG00000188419,ENSG00000188419,CHM,4179,True,0.15865743187947523,1.7694158538567144,0.34286427,73,False,False,False,False,False,False,False,False
ENSG00000100697,ENSG00000100697,DICER1,6561,True,0.23705727841579272,1.7751215862097183,0.34185848,73,False,False,False,False,False,False,False,False
ENSG00000138593,ENSG00000138593,SECISBP2L,7820,True,0.27613149509596996,1.7781444685859704,0.34034157,73,False,False,False,False,False,False,False,False
ENSG00000167232,ENSG00000167232,ZNF91,5087,True,0.18475015002122552,1.769437740941228,0.33654144,73,False,False,False,False,False,False,False,False
ENSG00000172766,ENSG00000172766,NAA16,3255,True,0.12381500677960088,1.7688942881807928,0.33599478,73,False,False,False,False,False,False,False,False
ENSG00000186088,ENSG00000186088,GSAP,8961,True,0.317911476032591,1.7764087613260287,0.33563358,73,False,False,False,False,False,False,False,False
ENSG00000106460,ENSG00000106460,TMEM106B,3988,True,0.15207708923062652,1.768640062899966,0.33310336,73,False,False,False,False,False,False,False,False
ENSG00000178878,ENSG00000178878,APOLD1,3035,True,0.13131057868884735,1.7689100059846936,0.3329937,73,False,False,False,False,False,False,False,False
ENSG00000113595,ENSG00000113595,TRIM23,1719,True,0.06830916131015864,1.7583724304337685,0.32637322,73,False,False,False,False,False,False,False,False
ENSG00000105778,ENSG00000105778,AVL9,3473,True,0.12829711950817496,1.7662168750359952,0.32524118,73,False,False,False,False,False,False,False,False
ENSG00000171150,ENSG00000171150,SOCS5,1902,True,0.07597006614287734,1.764765753517121,0.3205403,73,False,False,False,False,False,False,False,False
ENSG00000136273,ENSG00000136273,HUS1,5039,True,0.18827498263087455,1.7616452333121069,0.30833784,73,False,False,False,False,False,False,False,False
ENSG00000147364,ENSG00000147364,FBXO25,7513,True,0.2689423227683107,1.7640553728245763,0.30392244,73,False,False,False,False,False,False,False,False
ENSG00000182903,ENSG00000182903,ZNF721,7315,True,0.25695625360662677,1.7631264135894873,0.29738292,73,False,False,False,False,False,False,False,False
ENSG00000125375,ENSG00000125375,DMAC2L,6948,True,0.2514524040793162,1.7585515854169953,0.29458347,73,False,False,False,False,False,False,False,False
ENSG00000119616,ENSG00000119616,FCF1,3722,True,0.14662032246484855,1.7571237085362028,0.28692472,73,False,False,False,False,False,False,False,False
ENSG00000110429,ENSG00000110429,FBXO3,6349,True,0.23292755058315076,1.7580710003694762,0.28549957,73,False,False,False,False,False,False,False,False
ENSG00000171109,ENSG00000171109,MFN1,4483,True,0.16723948004179118,1.7557662110246637,0.27937815,73,False,False,False,False,False,False,False,False
ENSG00000121716,ENSG00000121716,PILRB,6013,True,0.2169765825731704,1.759879339873882,0.27936062,73,False,False,False,False,False,False,False,False
ENSG00000119004,ENSG00000119004,CYP20A1,6233,True,0.22152708480437647,1.7583739392258482,0.27783817,73,False,False,False,False,False,False,False,False
ENSG00000155876,ENSG00000155876,RRAGA,5530,True,0.20486335221594898,1.754749760113389,0.27606347,73,False,False,False,False,False,False,False,False
ENSG00000112367,ENSG00000112367,FIG4,4611,True,0.1732387149406303,1.7491429882418643,0.26102093,73,False,False,False,False,False,False,False,False
ENSG00000197061,ENSG00000197061,H4C3,21914,True,0.7323907233952746,2.0304987117901505,2.1932127,72,False,False,False,False,False,False,False,False
ENSG00000180879,ENSG00000180879,SSR4,49047,True,1.3413163205337337,2.05874487734626,1.3982592,72,False,False,False,False,False,False,False,False
ENSG00000151320,ENSG00000151320,AKAP6,491,True,0.022149241937954055,1.7275059148629965,0.7754974,72,False,False,False,False,False,False,False,False
ENSG00000119922,ENSG00000119922,IFIT2,2482,True,0.10054036359685972,1.865616998329091,0.7595863,72,False,False,False,False,False,False,False,True
ENSG00000224610,ENSG00000224610,ENSG00000224610,342,True,0.015983099871025495,1.6570151405739608,0.7565877,72,False,False,False,False,False,False,False,False
ENSG00000128228,ENSG00000128228,SDF2L1,6609,True,0.2558365971822776,1.8506092292153271,0.7564316,72,False,False,False,False,False,False,False,False
ENSG00000163687,ENSG00000163687,DNASE1L3,1643,True,0.07263594137349838,1.83102270019398,0.6065808,72,False,False,False,False,False,False,False,False
ENSG00000138814,ENSG00000138814,PPP3CA,21190,True,0.698695021280845,1.826950047593389,0.57036716,72,False,False,False,False,False,False,False,False
ENSG00000069966,ENSG00000069966,GNB5,7664,True,0.2770286639142861,1.7947188508385545,0.4850299,72,False,False,False,False,False,False,False,False
ENSG00000174500,ENSG00000174500,GCSAM,2683,True,0.10534465291058925,1.7985626323206345,0.4730506,72,False,False,False,False,False,False,False,False
ENSG00000154781,ENSG00000154781,CCDC174,7527,True,0.2804771957498228,1.7963432187784996,0.46728665,72,False,False,False,False,False,False,False,False
ENSG00000137992,ENSG00000137992,DBT,2090,True,0.08233950862055044,1.7946660058563246,0.4547144,72,False,False,False,False,False,False,False,False
ENSG00000260806,ENSG00000260806,PAPOLA-DT,868,True,0.03659577557565672,1.7880041764104653,0.43993607,72,False,False,False,False,False,False,False,False
ENSG00000215014,ENSG00000215014,SSU72-AS1,1127,True,0.04783287698818616,1.7852511253704793,0.43553653,72,False,False,False,False,False,False,False,False
ENSG00000163644,ENSG00000163644,PPM1K,26819,True,0.8373749039278766,1.8341149410282547,0.43035582,72,False,False,False,False,False,False,False,False
ENSG00000172183,ENSG00000172183,ISG20,63612,True,1.6982536789089622,1.990467866952047,0.430187,72,False,False,False,False,False,False,False,False
ENSG00000153936,ENSG00000153936,HS2ST1,2279,True,0.08840978054430373,1.7880799395892373,0.42529637,72,False,False,False,False,False,False,False,False
ENSG00000153283,ENSG00000153283,CD96,4329,True,0.1596998138439945,1.7891629120922816,0.424059,72,False,False,False,False,False,False,False,False
ENSG00000122707,ENSG00000122707,RECK,1894,True,0.0805896557770372,1.7891801955342503,0.42276946,72,False,False,False,False,False,False,False,False
ENSG00000268362,ENSG00000268362,ENSG00000268362,1456,True,0.05905460245589025,1.7884092578977295,0.4207447,72,False,False,False,False,False,False,False,False
ENSG00000152193,ENSG00000152193,OBI1,2965,True,0.11662049389641592,1.788091956923496,0.41965812,72,False,False,False,False,False,False,False,False
ENSG00000135164,ENSG00000135164,DMTF1,7393,True,0.2634560932521339,1.779408820580545,0.39745596,72,False,False,False,False,False,False,False,False
ENSG00000112486,ENSG00000112486,CCR6,4714,True,0.1746312957751105,1.7792192024978568,0.3969871,72,False,False,False,False,False,False,False,False
ENSG00000175787,ENSG00000175787,ZNF169,2107,True,0.08761798268529465,1.7797305993675465,0.38676003,72,False,False,False,False,False,False,False,False
ENSG00000128908,ENSG00000128908,INO80,5264,True,0.19079751025816652,1.7793389505345425,0.38548303,72,False,False,False,False,False,False,False,False
ENSG00000023608,ENSG00000023608,SNAPC1,2540,True,0.10171562533102968,1.7739481817992961,0.38459787,72,False,False,False,False,False,False,False,False
ENSG00000237441,ENSG00000237441,RGL2,3799,True,0.14842922403692885,1.7811541137720797,0.3828117,72,False,False,False,False,False,False,False,False
ENSG00000186480,ENSG00000186480,INSIG1,6276,True,0.23369102100978578,1.7783781437288269,0.3811625,72,False,False,False,False,False,False,False,False
ENSG00000078596,ENSG00000078596,ITM2A,5317,True,0.20739218255023067,1.773572289385521,0.37770012,72,False,False,False,False,False,False,False,False
ENSG00000165113,ENSG00000165113,GKAP1,2094,True,0.08277300865177319,1.77829132262397,0.37612635,72,False,False,False,False,False,False,False,False
ENSG00000189042,ENSG00000189042,ZNF567,2807,True,0.11123024112193615,1.7758076318569755,0.3735941,72,False,False,False,False,False,False,False,False
ENSG00000104164,ENSG00000104164,BLOC1S6,9246,True,0.32860352316075603,1.78460526348196,0.37334645,72,False,False,False,False,False,False,False,False
ENSG00000198039,ENSG00000198039,ZNF273,2347,True,0.09142442380635606,1.7770324914002196,0.3725146,72,False,False,False,False,False,False,False,False
ENSG00000078687,ENSG00000078687,TNRC6C,4408,True,0.16990114457930125,1.7748235958581704,0.36940363,72,False,False,False,False,False,False,False,False
ENSG00000140968,ENSG00000140968,IRF8,33384,True,0.996949001647031,1.8444432947236051,0.36921525,72,False,False,False,False,False,False,False,False
ENSG00000148516,ENSG00000148516,ZEB1,5428,True,0.2012298039582565,1.7750503615844437,0.36556527,72,False,False,False,False,False,False,False,False
ENSG00000168096,ENSG00000168096,ANKS3,1977,True,0.07894130058326568,1.7748709228613995,0.3637446,72,False,False,False,False,False,False,False,False
ENSG00000151304,ENSG00000151304,SRFBP1,5770,True,0.21694867960720846,1.775835475080779,0.36329353,72,False,False,False,False,False,False,False,False
ENSG00000112983,ENSG00000112983,BRD8,3598,True,0.14115449467209126,1.7746187183843731,0.3620358,72,False,False,False,False,False,False,False,False
ENSG00000128915,ENSG00000128915,ICE2,5224,True,0.18990345610528572,1.7743104189945755,0.35821578,72,False,False,False,False,False,False,False,False
ENSG00000198718,ENSG00000198718,TOGARAM1,3971,True,0.14618773894587248,1.7707987648194339,0.35151434,72,False,False,False,False,False,False,False,False
ENSG00000132680,ENSG00000132680,KHDC4,6121,True,0.22117978587446363,1.7641863982843602,0.3473853,72,False,False,False,False,False,False,False,False
ENSG00000160179,ENSG00000160179,ABCG1,2485,True,0.09377906592274567,1.7653938146526749,0.34685633,72,False,False,False,False,False,False,False,False
ENSG00000182162,ENSG00000182162,P2RY8,7580,True,0.26938734462331265,1.7756533749118417,0.3458132,72,False,False,False,False,False,False,False,False
ENSG00000260260,ENSG00000260260,SNHG19,5555,True,0.21153440523627068,1.7704452634313532,0.34568068,72,False,False,False,False,False,False,False,False
ENSG00000172530,ENSG00000172530,BANP,3171,True,0.1215154912995255,1.771295196115897,0.34314004,72,False,False,False,False,False,False,False,False
ENSG00000198000,ENSG00000198000,NOL8,6522,True,0.2324005975735812,1.768864950754569,0.3414939,72,False,False,False,False,False,False,False,False
ENSG00000168395,ENSG00000168395,ING5,3458,True,0.13434488250629242,1.7691465231460626,0.34053022,72,False,False,False,False,False,False,False,False
ENSG00000271858,ENSG00000271858,ENSG00000271858,1939,True,0.0775654879284867,1.7683875978906998,0.33975914,72,False,False,False,False,False,False,False,False
ENSG00000032742,ENSG00000032742,IFT88,2678,True,0.10194673328175458,1.7707967339578656,0.3343373,72,False,False,False,False,False,False,False,False
ENSG00000204130,ENSG00000204130,RUFY2,3680,True,0.1376997594718077,1.7656759048147237,0.33225027,72,False,False,False,False,False,False,False,False
ENSG00000225733,ENSG00000225733,FGD5-AS1,6874,True,0.2433136574034052,1.7680879982962858,0.3287422,72,False,False,False,False,False,False,False,False
ENSG00000177425,ENSG00000177425,PAWR,5549,True,0.20327196401134698,1.7670877449884457,0.32755205,72,False,False,False,False,False,False,False,False
ENSG00000186908,ENSG00000186908,ZDHHC17,3229,True,0.12115806798635755,1.7642868350863417,0.3249801,72,False,False,False,False,False,False,False,False
ENSG00000139372,ENSG00000139372,TDG,7460,True,0.27295449079066747,1.7701299281984988,0.32483152,72,False,False,False,False,False,False,False,False
ENSG00000221821,ENSG00000221821,C6orf226,5715,True,0.21999257882769963,1.766488320365032,0.32440177,72,False,False,False,False,False,False,False,False
ENSG00000163166,ENSG00000163166,IWS1,5952,True,0.2127916968827936,1.765652565164199,0.3239206,72,False,False,False,False,False,False,False,False
ENSG00000169087,ENSG00000169087,HSPBAP1,2660,True,0.1032296718451335,1.7635852179092006,0.32278284,72,False,False,False,False,False,False,False,False
ENSG00000135870,ENSG00000135870,RC3H1,5792,True,0.21715251058814478,1.766239597162673,0.32271203,72,False,False,False,False,False,False,False,False
ENSG00000198862,ENSG00000198862,LTN1,5242,True,0.18952377029737424,1.765926993649346,0.32129693,72,False,False,False,False,False,False,False,False
ENSG00000188641,ENSG00000188641,DPYD,2527,True,0.097565566634481,1.763673206833559,0.31889284,72,False,False,False,False,False,False,False,False
ENSG00000162739,ENSG00000162739,SLAMF6,4072,True,0.15309583252517228,1.762479667350444,0.31652215,72,False,False,False,False,False,False,False,False
ENSG00000166170,ENSG00000166170,BAG5,5566,True,0.2016064959699502,1.7633978551102791,0.3141139,72,False,False,False,False,False,False,False,False
ENSG00000187189,ENSG00000187189,TSPYL4,2715,True,0.10382482680136408,1.7617883467821982,0.31297752,72,False,False,False,False,False,False,False,False
ENSG00000268218,ENSG00000268218,ENSG00000268218,2039,True,0.08040866480042136,1.7642934106580845,0.31293875,72,False,False,False,False,False,False,False,False
ENSG00000071575,ENSG00000071575,TRIB2,3847,True,0.14333261117024165,1.7616816355389935,0.31285542,72,False,False,False,False,False,False,False,False
ENSG00000251131,ENSG00000251131,ENSG00000251131,2596,True,0.10887543544309546,1.7626788083532878,0.31091186,72,False,False,False,False,False,False,False,False
ENSG00000168566,ENSG00000168566,SNRNP48,3247,True,0.1235114414481525,1.7639706928256211,0.30814177,72,False,False,False,False,False,False,False,False
ENSG00000048544,ENSG00000048544,MRPS10,7490,True,0.2671791051837485,1.7594456188002803,0.3081391,72,False,False,False,False,False,False,False,False
ENSG00000166471,ENSG00000166471,TMEM41B,5232,True,0.1936163144914489,1.7631906153140084,0.30557528,72,False,False,False,False,False,False,False,False
ENSG00000152778,ENSG00000152778,IFIT5,4450,True,0.1713406933913693,1.7617259617687588,0.30389196,72,False,False,False,False,False,False,False,True
ENSG00000213625,ENSG00000213625,LEPROT,4577,True,0.17166463122287323,1.7560655566689052,0.29743552,72,False,False,False,False,False,False,False,False
ENSG00000271204,ENSG00000271204,ENSG00000271204,6075,True,0.2209769277777243,1.7597333418534318,0.2970764,72,False,False,False,False,False,False,False,False
ENSG00000168887,ENSG00000168887,C2orf68,3929,True,0.15021557641189986,1.7585615062775481,0.29567188,72,False,False,False,False,False,False,False,False
ENSG00000154640,ENSG00000154640,BTG3,5114,True,0.19433881506682127,1.7550714412413404,0.2921601,72,False,False,False,False,False,False,False,False
ENSG00000171067,ENSG00000171067,C11orf24,4188,True,0.15665089023265605,1.7562859538071636,0.2890625,72,False,False,False,False,False,False,False,False
ENSG00000145919,ENSG00000145919,BOD1,3594,True,0.1356129282493663,1.756423133302449,0.28872108,72,False,False,False,False,False,False,False,False
ENSG00000182473,ENSG00000182473,EXOC7,6246,True,0.2229747252901315,1.7557543065119636,0.2850329,72,False,False,False,False,False,False,False,False
ENSG00000156671,ENSG00000156671,SAMD8,5042,True,0.1834240812750946,1.7569060411127466,0.28284383,72,False,False,False,False,False,False,False,False
ENSG00000107077,ENSG00000107077,KDM4C,6533,True,0.23767442417803128,1.7594135453148396,0.28122187,72,False,False,False,False,False,False,False,False
ENSG00000185753,ENSG00000185753,CXorf38,4668,True,0.1653941058083638,1.7532057443160725,0.27273345,72,False,False,False,False,False,False,False,False
ENSG00000156030,ENSG00000156030,MIDEAS,5995,True,0.22578868847696434,1.7554905936939091,0.25712147,72,False,False,False,False,False,False,False,False
ENSG00000151883,ENSG00000151883,PARP8,5858,True,0.21264809999485756,1.7469801661861362,0.22953916,72,False,False,False,False,False,False,False,False
ENSG00000197329,ENSG00000197329,PELI1,10185,True,0.35499516976298073,1.8170357431011872,0.63110703,71,False,False,False,False,False,False,False,False
ENSG00000179218,ENSG00000179218,CALR,25511,True,0.7743386069158251,1.8547787592151153,0.6237395,71,False,False,False,False,False,False,False,False
ENSG00000196549,ENSG00000196549,MME,821,True,0.03352120351422731,1.7880093454506343,0.61791867,71,False,False,False,False,False,False,False,False
ENSG00000143669,ENSG00000143669,LYST,18422,True,0.618940921372866,1.8185785323671437,0.6002941,71,False,False,False,False,False,False,False,False
ENSG00000134326,ENSG00000134326,CMPK2,1507,True,0.06313860497666608,1.829209531998569,0.6000761,71,False,False,False,False,False,False,False,False
ENSG00000128805,ENSG00000128805,ARHGAP22,536,True,0.022991370486342956,1.7144570393524903,0.56021154,71,False,False,False,False,False,False,False,False
ENSG00000236304,ENSG00000236304,ENSG00000236304,1435,True,0.06335477421083201,1.8187551732234184,0.55138505,71,False,False,False,False,False,False,False,False
ENSG00000104964,ENSG00000104964,TLE5,37242,True,1.0879799999291335,1.8709938612123538,0.50351626,71,False,False,False,False,False,False,False,False
ENSG00000260278,ENSG00000260278,BMP2K-DT,663,True,0.028922408835732896,1.7251213156660639,0.49600694,71,False,False,False,False,False,False,False,False
ENSG00000113369,ENSG00000113369,ARRDC3,16955,True,0.5709601212499199,1.810036724252191,0.4946266,71,False,False,False,False,False,False,False,False
ENSG00000213626,ENSG00000213626,LBH,26201,True,0.8033625883621164,1.8347834787222679,0.49263945,71,False,False,False,False,False,False,False,False
ENSG00000188042,ENSG00000188042,ARL4C,7792,True,0.27333627240996206,1.7828204684158684,0.48297426,71,False,False,False,False,False,False,False,False
ENSG00000169288,ENSG00000169288,MRPL1,9877,True,0.3499770246168428,1.7961414409078222,0.4724565,71,False,False,False,False,False,False,False,False
ENSG00000145241,ENSG00000145241,CENPC,12697,True,0.4320520599380194,1.7953934365345992,0.4588438,71,False,False,False,False,False,False,False,False
ENSG00000111678,ENSG00000111678,C12orf57,30242,True,0.9021115616255261,1.8449747801896783,0.44360837,71,False,False,False,False,False,False,False,False
ENSG00000100815,ENSG00000100815,TRIP11,6825,True,0.2487475758544557,1.7837102824114177,0.44119483,71,False,False,False,False,False,False,False,False
ENSG00000113916,ENSG00000113916,BCL6,1693,True,0.06679817675426276,1.7892366069532324,0.44034064,71,False,False,False,False,False,False,False,False
ENSG00000250565,ENSG00000250565,ATP6V1E2,1957,True,0.07847613982845153,1.7900361231233406,0.4389307,71,False,False,False,False,False,False,False,False
ENSG00000134909,ENSG00000134909,ARHGAP32,581,True,0.02433767545863371,1.7064840155606087,0.43463635,71,False,False,False,False,False,False,False,False
ENSG00000147180,ENSG00000147180,ZNF711,1462,True,0.06158697934956056,1.7889173977483297,0.43357468,71,False,False,False,False,False,False,False,False
ENSG00000137193,ENSG00000137193,PIM1,4264,True,0.149660839403562,1.7820907633487062,0.42846316,71,False,False,False,False,False,False,False,False
ENSG00000049089,ENSG00000049089,COL9A2,1172,True,0.04824301152810791,1.785692909133202,0.4151805,71,False,False,False,False,False,False,False,False
ENSG00000236514,ENSG00000236514,ZNF248-AS1,779,True,0.03257094433270052,1.756065900047235,0.4122243,71,False,False,False,False,False,False,False,False
ENSG00000139946,ENSG00000139946,PELI2,1043,True,0.04291238242502899,1.7875025334103036,0.41169235,71,False,False,False,False,False,False,False,False
ENSG00000162408,ENSG00000162408,NOL9,2473,True,0.09209966909737771,1.786232877699326,0.4077147,71,False,False,False,False,False,False,False,False
ENSG00000228801,ENSG00000228801,PCMTD1-DT,2580,True,0.10280905526068093,1.7858699892256842,0.40540156,71,False,False,False,False,False,False,False,False
ENSG00000100162,ENSG00000100162,CENPM,3285,True,0.12772952299577114,1.7848227422125709,0.40501124,71,False,False,False,False,False,False,False,False
ENSG00000122483,ENSG00000122483,CCDC18,4108,True,0.15428743363543462,1.7825142747221177,0.40466276,71,False,False,False,False,False,False,False,False
ENSG00000148019,ENSG00000148019,CEP78,3086,True,0.11433554950667585,1.7806096892382646,0.4038817,71,False,False,False,False,False,False,False,False
ENSG00000172086,ENSG00000172086,KRCC1,8676,True,0.32051983946786183,1.7854098222991468,0.39703628,71,False,False,False,False,False,False,False,False
ENSG00000156232,ENSG00000156232,WHAMM,9536,True,0.3310874747323107,1.786123647162904,0.39457878,71,False,False,False,False,False,False,False,False
ENSG00000150477,ENSG00000150477,KIAA1328,2922,True,0.11302984746344742,1.7810571668077395,0.38213634,71,False,False,False,False,False,False,False,False
ENSG00000034533,ENSG00000034533,ASTE1,2933,True,0.11269573466277935,1.781135545468112,0.38184428,71,False,False,False,False,False,False,False,False
ENSG00000166225,ENSG00000166225,FRS2,2193,True,0.08605554000075179,1.774258640519966,0.37800065,71,False,False,False,False,False,False,False,False
ENSG00000139266,ENSG00000139266,MARCHF9,4483,True,0.17664110462648527,1.7795416520078007,0.3778959,71,False,False,False,False,False,False,False,False
ENSG00000181192,ENSG00000181192,DHTKD1,3579,True,0.13548082487311167,1.7777209257344297,0.37783584,71,False,False,False,False,False,False,False,False
ENSG00000162086,ENSG00000162086,ZNF75A,8739,True,0.3081544243045766,1.7919580074713792,0.37686792,71,False,False,False,False,False,False,False,False
ENSG00000164951,ENSG00000164951,PDP1,2502,True,0.0963546783479413,1.7786207847229782,0.3759469,71,False,False,False,False,False,False,False,False
ENSG00000146830,ENSG00000146830,GIGYF1,3606,True,0.14369632003513103,1.7774632396744208,0.37535295,71,False,False,False,False,False,False,False,False
ENSG00000157895,ENSG00000157895,C12orf43,2953,True,0.11379431911115458,1.7750809376684453,0.37352875,71,False,False,False,False,False,False,False,False
ENSG00000197782,ENSG00000197782,ZNF780A,1991,True,0.08183801471808613,1.7787305509912243,0.37274784,71,False,False,False,False,False,False,False,False
ENSG00000121858,ENSG00000121858,TNFSF10,5403,True,0.2007944120197166,1.7772546466716628,0.371794,71,False,False,False,False,False,False,False,False
ENSG00000237484,ENSG00000237484,LINC01684,1083,True,0.04622748447569925,1.7770297971382603,0.37002745,71,False,False,False,False,False,False,False,False
ENSG00000231856,ENSG00000231856,ENSG00000231856,1789,True,0.0759502502816558,1.7750520333113604,0.36973128,71,False,False,False,False,False,False,False,False
ENSG00000174749,ENSG00000174749,FAM241A,842,True,0.03547110857257716,1.773238420062153,0.36726472,71,False,False,False,False,False,False,False,False
ENSG00000175782,ENSG00000175782,SLC35E3,2998,True,0.1119664415375404,1.7750573339726865,0.36471865,71,False,False,False,False,False,False,False,False
ENSG00000102524,ENSG00000102524,TNFSF13B,2659,True,0.1084314579961367,1.777339611625851,0.3646624,71,False,False,False,False,False,False,False,False
ENSG00000145391,ENSG00000145391,SETD7,2413,True,0.09675349871130821,1.7768502456422903,0.3639607,71,False,False,False,False,False,False,False,False
ENSG00000184307,ENSG00000184307,ZDHHC23,1389,True,0.05594852059696632,1.7740014726417024,0.36169875,71,False,False,False,False,False,False,False,False
ENSG00000146414,ENSG00000146414,SHPRH,6999,True,0.2543385296289725,1.7829156128145904,0.3599366,71,False,False,False,False,False,False,False,False
ENSG00000131127,ENSG00000131127,ZNF141,2401,True,0.09120865375096253,1.772911488772939,0.35827205,71,False,False,False,False,False,False,False,False
ENSG00000132952,ENSG00000132952,USPL1,4202,True,0.15768906014115464,1.7745028685527913,0.35780108,71,False,False,False,False,False,False,False,False
ENSG00000186687,ENSG00000186687,LYRM7,5313,True,0.19575408465116018,1.7712560545546223,0.35576564,71,False,False,False,False,False,False,False,False
ENSG00000117000,ENSG00000117000,RLF,3732,True,0.13818211752500956,1.773428275521939,0.35576537,71,False,False,False,False,False,False,False,False
ENSG00000213462,ENSG00000213462,ERV3-1,7600,True,0.276272683550519,1.775039572785473,0.35415655,71,False,False,False,False,False,False,False,False
ENSG00000120709,ENSG00000120709,FAM53C,5276,True,0.2000992755271927,1.7674442361935754,0.3533731,71,False,False,False,False,False,False,False,False
ENSG00000077684,ENSG00000077684,JADE1,4892,True,0.18214796667700694,1.7728192545046226,0.3524315,71,False,False,False,False,False,False,False,False
ENSG00000010318,ENSG00000010318,PHF7,1885,True,0.07431021871935428,1.7718596489338871,0.35239127,71,False,False,False,False,False,False,False,False
ENSG00000235621,ENSG00000235621,LINC00494,1846,True,0.07111934949776477,1.7679982762700208,0.34701768,71,False,False,False,False,False,False,False,False
ENSG00000167703,ENSG00000167703,SLC43A2,4607,True,0.1631879539582524,1.7678274533430467,0.34655267,71,False,False,False,False,False,False,False,False
ENSG00000215039,ENSG00000215039,CD27-AS1,3185,True,0.12536008936549778,1.7722975023269087,0.34547392,71,False,False,False,False,False,False,False,False
ENSG00000113240,ENSG00000113240,CLK4,8598,True,0.3081529870585792,1.7850944592453644,0.34481078,71,False,False,False,False,False,False,False,False
ENSG00000168944,ENSG00000168944,CEP120,2990,True,0.11357811187328905,1.7691054190673035,0.34132048,71,False,False,False,False,False,False,False,False
ENSG00000204438,ENSG00000204438,GPANK1,5846,True,0.21969014385920607,1.7684790231699217,0.3384494,71,False,False,False,False,False,False,False,False
ENSG00000047579,ENSG00000047579,DTNBP1,8817,True,0.31989105027798304,1.7764777309675153,0.3366876,71,False,False,False,False,False,False,False,False
ENSG00000163513,ENSG00000163513,TGFBR2,7779,True,0.27778768342269167,1.7724056485253483,0.32892486,71,False,False,False,False,False,False,False,False
ENSG00000108587,ENSG00000108587,GOSR1,6603,True,0.23761720044743678,1.7715038791279731,0.32659444,71,False,False,False,False,False,False,False,False
ENSG00000104549,ENSG00000104549,SQLE,4716,True,0.17666283659643933,1.7657938439256229,0.32302287,71,False,False,False,False,False,False,False,False
ENSG00000165630,ENSG00000165630,PRPF18,6647,True,0.24651496946029247,1.763901856367857,0.322227,71,False,False,False,False,False,False,False,False
ENSG00000110066,ENSG00000110066,KMT5B,4746,True,0.17369346814646175,1.7641168700580798,0.32132664,71,False,False,False,False,False,False,False,False
ENSG00000164252,ENSG00000164252,AGGF1,4955,True,0.1805193266298835,1.7634962636514395,0.32011333,71,False,False,False,False,False,False,False,False
ENSG00000100647,ENSG00000100647,SUSD6,2867,True,0.108217810441469,1.7666234810241364,0.31908807,71,False,False,False,False,False,False,False,False
ENSG00000182158,ENSG00000182158,CREB3L2,3543,True,0.12987610619850457,1.7630472915862634,0.31815168,71,False,False,False,False,False,False,False,False
ENSG00000253352,ENSG00000253352,TUG1,4412,True,0.1660029253300652,1.766090714219049,0.31644577,71,False,False,False,False,False,False,False,False
ENSG00000134352,ENSG00000134352,IL6ST,2816,True,0.10580160270519418,1.7629087410649378,0.31555137,71,False,False,False,False,False,False,False,False
ENSG00000181381,ENSG00000181381,DDX60L,3963,True,0.1534787319750699,1.7607106991605967,0.3140587,71,False,False,False,False,False,False,False,False
ENSG00000178694,ENSG00000178694,NSUN3,3586,True,0.13528246025843865,1.761232759398396,0.30844685,71,False,False,False,False,False,False,False,False
ENSG00000148690,ENSG00000148690,FRA10AC1,5579,True,0.20675933726646034,1.7606849681949759,0.30772367,71,False,False,False,False,False,False,False,False
ENSG00000185278,ENSG00000185278,ZBTB37,2029,True,0.07541896195509158,1.759946567551242,0.3073258,71,False,False,False,False,False,False,False,False
ENSG00000173818,ENSG00000173818,ENDOV,3771,True,0.14405782456686075,1.7622100100861102,0.30691144,71,False,False,False,False,False,False,False,False
ENSG00000177989,ENSG00000177989,CIMAP1B,5005,True,0.18967787909533218,1.7618991145925462,0.3067736,71,False,False,False,False,False,False,False,False
ENSG00000121897,ENSG00000121897,LIAS,2937,True,0.11006732656098803,1.7630328012962464,0.30399787,71,False,False,False,False,False,False,False,False
ENSG00000240857,ENSG00000240857,RDH14,5945,True,0.21998320355135642,1.7638482786785223,0.30343992,71,False,False,False,False,False,False,False,False
ENSG00000263753,ENSG00000263753,LINC00667,5200,True,0.19488253604810135,1.7635551488167216,0.30298233,71,False,False,False,False,False,False,False,False
ENSG00000174579,ENSG00000174579,MSL2,4459,True,0.1620833976743357,1.7614213679867516,0.2998395,71,False,False,False,False,False,False,False,False
ENSG00000129317,ENSG00000129317,PUS7L,7717,True,0.28190028526676414,1.758587810862457,0.29762128,71,False,False,False,False,False,False,False,False
ENSG00000132478,ENSG00000132478,UNK,3948,True,0.15096895574373403,1.760234937112915,0.29573828,71,False,False,False,False,False,False,False,False
ENSG00000143756,ENSG00000143756,FBXO28,2547,True,0.09569873445012217,1.7583242020346355,0.2951876,71,False,False,False,False,False,False,False,False
ENSG00000119669,ENSG00000119669,IRF2BPL,2864,True,0.11662745405239168,1.7586639018850605,0.28945926,71,False,False,False,False,False,False,False,False
ENSG00000170581,ENSG00000170581,STAT2,5494,True,0.2020024535196659,1.7587888529865323,0.28594238,71,False,False,False,False,False,False,False,False
ENSG00000157764,ENSG00000157764,BRAF,3517,True,0.12918535868302097,1.7549211241558411,0.2841052,71,False,False,False,False,False,False,False,False
ENSG00000168214,ENSG00000168214,RBPJ,8053,True,0.2909236114572565,1.7663692738070096,0.2805865,71,False,False,False,False,False,False,False,False
ENSG00000077254,ENSG00000077254,USP33,6559,True,0.2387110286773022,1.766625798165862,0.27836487,71,False,False,False,False,False,False,False,False
ENSG00000196456,ENSG00000196456,ZNF775,6300,True,0.2300334365296852,1.754696006706896,0.2731629,71,False,False,False,False,False,False,False,False
ENSG00000173226,ENSG00000173226,IQCB1,5901,True,0.21667144422033296,1.7530661756554144,0.2729921,71,False,False,False,False,False,False,False,False
ENSG00000164219,ENSG00000164219,PGGT1B,3264,True,0.12696100584281805,1.7508049788649216,0.25631636,71,False,False,False,False,False,False,False,False
ENSG00000128245,ENSG00000128245,YWHAH,12772,True,0.45529286267054414,1.840725382924378,0.9487693,70,False,False,False,False,False,False,False,False
ENSG00000106829,ENSG00000106829,TLE4,14943,True,0.5274236552694469,1.8309309006823908,0.7342317,70,False,False,False,False,False,False,False,False
ENSG00000196781,ENSG00000196781,TLE1,12075,True,0.4135807605000815,1.8179887389149287,0.67310226,70,False,False,False,False,False,False,False,False
ENSG00000122224,ENSG00000122224,LY9,12500,True,0.4335191746958012,1.8146493391985736,0.6323407,70,False,False,False,False,False,False,False,False
ENSG00000121570,ENSG00000121570,DPPA4,507,True,0.023600390801099415,1.7614411350554149,0.5862478,70,False,False,False,False,False,False,False,False
ENSG00000158406,ENSG00000158406,H4C8,1225,True,0.053537389829369245,1.8192749448570333,0.5720835,70,False,False,False,False,False,False,False,False
ENSG00000232010,ENSG00000232010,DNMT3L-AS1,319,True,0.015201055760885825,1.6776818240082803,0.5583266,70,False,False,False,False,False,False,False,False
ENSG00000263934,ENSG00000263934,SNORD3A,3901,True,0.1638091565424118,1.7855746612858319,0.5286113,70,False,False,False,False,False,False,False,False
ENSG00000168734,ENSG00000168734,PKIG,20549,True,0.6782040704485689,1.8185885979731922,0.5037164,70,False,False,False,False,False,False,False,False
ENSG00000198440,ENSG00000198440,ZNF583,1110,True,0.04556174648565488,1.8067885859844246,0.49088708,70,False,False,False,False,False,False,False,False
ENSG00000139629,ENSG00000139629,GALNT6,1033,True,0.04268280705258283,1.8047722783294275,0.47847193,70,False,False,False,False,False,False,False,False
ENSG00000000938,ENSG00000000938,FGR,9891,True,0.3493830881894675,1.792881219059229,0.45440286,70,False,False,False,False,False,False,False,False
ENSG00000163697,ENSG00000163697,APBB2,766,True,0.032737995787646544,1.6987259693197645,0.4456227,70,False,False,False,False,False,False,False,False
ENSG00000256690,ENSG00000256690,STX5-DT,1862,True,0.0834263000048438,1.7868422215715702,0.42549476,70,False,False,False,False,False,False,False,False
ENSG00000101236,ENSG00000101236,RNF24,862,True,0.03536645250768182,1.788710164090461,0.42335278,70,False,False,False,False,False,False,False,False
ENSG00000104472,ENSG00000104472,CHRAC1,10967,True,0.3850400776513779,1.7896833255784037,0.41271254,70,False,False,False,False,False,False,False,False
ENSG00000197705,ENSG00000197705,KLHL14,2523,True,0.09373007422310069,1.7799933998307849,0.4021407,70,False,False,False,False,False,False,False,False
ENSG00000072736,ENSG00000072736,NFATC3,9092,True,0.32816800815152375,1.7915919599180528,0.40108317,70,False,False,False,False,False,False,False,False
ENSG00000272277,ENSG00000272277,ENSG00000272277,963,True,0.03960753477182895,1.7497237277400794,0.39679456,70,False,False,False,False,False,False,False,False
ENSG00000247240,ENSG00000247240,UBL7-DT,2842,True,0.10964885877425626,1.7812746303981235,0.39358854,70,False,False,False,False,False,False,False,False
ENSG00000173064,ENSG00000173064,HECTD4,3553,True,0.13452307865663563,1.7829733993117904,0.3911929,70,False,False,False,False,False,False,False,False
ENSG00000177000,ENSG00000177000,MTHFR,2887,True,0.11307702056264919,1.779376590367692,0.39053503,70,False,False,False,False,False,False,False,False
ENSG00000154153,ENSG00000154153,RETREG1,1366,True,0.056049154488420676,1.7809861405651972,0.3893795,70,False,False,False,False,False,False,False,False
ENSG00000103489,ENSG00000103489,XYLT1,1141,True,0.04577574301789626,1.7808687846728233,0.38931498,70,False,False,False,False,False,False,False,False
ENSG00000100124,ENSG00000100124,ANKRD54,2434,True,0.09351910229494599,1.7788409169409625,0.38182604,70,False,False,False,False,False,False,False,False
ENSG00000188321,ENSG00000188321,ZNF559,2417,True,0.09505733944335894,1.749360573875366,0.37820628,70,False,False,False,False,False,False,False,False
ENSG00000271576,ENSG00000271576,PRKACB-DT,857,True,0.03757378584966748,1.7756327119177733,0.3777565,70,False,False,False,False,False,False,False,False
ENSG00000171408,ENSG00000171408,PDE7B,883,True,0.03580892417845299,1.749616703322213,0.3731857,70,False,False,False,False,False,False,False,False
ENSG00000205670,ENSG00000205670,SMIM11,7581,True,0.2791518959535707,1.7737710083892395,0.36637184,70,False,False,False,False,False,False,False,False
ENSG00000120008,ENSG00000120008,WDR11,7783,True,0.2760369262988019,1.7780176756429726,0.36548418,70,False,False,False,False,False,False,False,False
ENSG00000165661,ENSG00000165661,QSOX2,2499,True,0.09710176338316519,1.7770412666424797,0.3609426,70,False,False,False,False,False,False,False,False
ENSG00000100084,ENSG00000100084,HIRA,1508,True,0.0601202427343734,1.774600650105939,0.3605265,70,False,False,False,False,False,False,False,False
ENSG00000186918,ENSG00000186918,ZNF395,2512,True,0.10162754478153402,1.7736656192587466,0.35574883,70,False,False,False,False,False,False,False,False
ENSG00000256092,ENSG00000256092,SBNO1-AS1,2796,True,0.10997836367908671,1.7678935474937227,0.35512015,70,False,False,False,False,False,False,False,False
ENSG00000149308,ENSG00000149308,NPAT,5501,True,0.19930366866641427,1.7725260141207622,0.35290262,70,False,False,False,False,False,False,False,False
ENSG00000136826,ENSG00000136826,KLF4,3907,True,0.15616655478739375,1.7685620635721782,0.34628308,70,False,False,False,False,False,False,False,False
ENSG00000105472,ENSG00000105472,CLEC11A,1504,True,0.06280495065333785,1.7673435620519007,0.34589213,70,False,False,False,False,False,False,False,False
ENSG00000067208,ENSG00000067208,EVI5,3643,True,0.13522489573501947,1.7688659403693026,0.34512654,70,False,False,False,False,False,False,False,False
ENSG00000077984,ENSG00000077984,CST7,4175,True,0.15425619889777548,1.7690418314262883,0.34451175,70,False,False,False,False,False,False,False,False
ENSG00000154822,ENSG00000154822,PLCL2,3133,True,0.11827875042356148,1.7728786005055441,0.3444216,70,False,False,False,False,False,False,False,False
ENSG00000181804,ENSG00000181804,SLC9A9,2691,True,0.1046476382798261,1.7729124707789836,0.343706,70,False,False,False,False,False,False,False,False
ENSG00000154451,ENSG00000154451,GBP5,2084,True,0.07822590911441865,1.7703613047015145,0.34232563,70,False,False,False,False,False,False,False,False
ENSG00000175727,ENSG00000175727,MLXIP,5108,True,0.18688207576229282,1.7729217087750648,0.34107196,70,False,False,False,False,False,False,False,False
ENSG00000175931,ENSG00000175931,UBE2O,1937,True,0.0756898796239728,1.7741330882231672,0.3401974,70,False,False,False,False,False,False,False,False
ENSG00000152904,ENSG00000152904,GGPS1,7307,True,0.2643879966780581,1.7748506839275529,0.33990687,70,False,False,False,False,False,False,False,False
ENSG00000151233,ENSG00000151233,GXYLT1,2949,True,0.11634116511127575,1.7695629067127037,0.3380032,70,False,False,False,False,False,False,False,False
ENSG00000225973,ENSG00000225973,PIGBOS1,4158,True,0.15782639872575713,1.7658146043744367,0.33432752,70,False,False,False,False,False,False,False,False
ENSG00000246366,ENSG00000246366,LACTB2-AS1,2608,True,0.10875729039408628,1.7685301723132276,0.3339119,70,False,False,False,False,False,False,False,False
ENSG00000065923,ENSG00000065923,SLC9A7,1818,True,0.06688240400766367,1.7694594804936328,0.33229044,70,False,False,False,False,False,False,False,False
ENSG00000135541,ENSG00000135541,AHI1,3390,True,0.1318338937238193,1.7648987642653395,0.33160356,70,False,False,False,False,False,False,False,False
ENSG00000155926,ENSG00000155926,SLA,5278,True,0.19340634218864824,1.766090403678193,0.3306561,70,False,False,False,False,False,False,False,False
ENSG00000002822,ENSG00000002822,MAD1L1,8104,True,0.28741942585100394,1.7686776730432465,0.33052582,70,False,False,False,False,False,False,False,False
ENSG00000131732,ENSG00000131732,ZCCHC9,3449,True,0.1279307872373208,1.7649237865568863,0.32904127,70,False,False,False,False,False,False,False,False
ENSG00000157350,ENSG00000157350,ST3GAL2,1736,True,0.06782535769577679,1.769067811066057,0.32880023,70,False,False,False,False,False,False,False,False
ENSG00000124225,ENSG00000124225,PMEPA1,1656,True,0.06727320677067754,1.763420887366565,0.3283057,70,False,False,False,False,False,False,False,False
ENSG00000155744,ENSG00000155744,HYCC2,5911,True,0.21992142438953177,1.762889225307369,0.32748523,70,False,False,False,False,False,False,False,False
ENSG00000079277,ENSG00000079277,MKNK1,3318,True,0.12783989222951322,1.7674122577411828,0.3264471,70,False,False,False,False,False,False,False,False
ENSG00000204842,ENSG00000204842,ATXN2,4458,True,0.1646903909620774,1.766354510541426,0.32558817,70,False,False,False,False,False,False,False,False
ENSG00000165905,ENSG00000165905,LARGE2,2115,True,0.08551825060445556,1.7684184544830783,0.32553902,70,False,False,False,False,False,False,False,False
ENSG00000204569,ENSG00000204569,PPP1R10,8677,True,0.3029684125712044,1.7757324882602967,0.32374817,70,False,False,False,False,False,False,False,False
ENSG00000166478,ENSG00000166478,ZNF143,3250,True,0.12255380850775882,1.7622106407723768,0.32284442,70,False,False,False,False,False,False,False,False
ENSG00000128585,ENSG00000128585,MKLN1,5578,True,0.20207420767144776,1.7665012112159737,0.32182074,70,False,False,False,False,False,False,False,False
ENSG00000142192,ENSG00000142192,APP,5574,True,0.20628659506607547,1.7652385888253739,0.31821722,70,False,False,False,False,False,False,False,False
ENSG00000141252,ENSG00000141252,VPS53,4314,True,0.15455259509695207,1.7657871540001993,0.31711945,70,False,False,False,False,False,False,False,False
ENSG00000090989,ENSG00000090989,EXOC1,5228,True,0.19381581807385145,1.761952403726835,0.3156805,70,False,False,False,False,False,False,False,False
ENSG00000143322,ENSG00000143322,ABL2,2283,True,0.08562803158470145,1.7617403957398543,0.3134118,70,False,False,False,False,False,False,False,False
ENSG00000232838,ENSG00000232838,PET117,3413,True,0.1351622544309223,1.7639560102803449,0.31324238,70,False,False,False,False,False,False,False,False
ENSG00000009413,ENSG00000009413,REV3L,6248,True,0.22373141808366695,1.764955511422466,0.3127376,70,False,False,False,False,False,False,False,False
ENSG00000130935,ENSG00000130935,NOL11,5317,True,0.19422479084740563,1.7637572253641798,0.3119375,70,False,False,False,False,False,False,False,False
ENSG00000261455,ENSG00000261455,LINC01003,2279,True,0.09091209563335431,1.7626412565724998,0.3090704,70,False,False,False,False,False,False,False,False
ENSG00000118600,ENSG00000118600,RXYLT1,2784,True,0.10704990020760712,1.7621820848008474,0.308519,70,False,False,False,False,False,False,False,False
ENSG00000115267,ENSG00000115267,IFIH1,5149,True,0.1889051992217076,1.7629262562044248,0.30059084,70,False,False,False,False,False,False,False,True
ENSG00000198783,ENSG00000198783,ZNF830,7956,True,0.2863900272415148,1.7699628483341192,0.300428,70,False,False,False,False,False,False,False,False
ENSG00000127993,ENSG00000127993,RBM48,5010,True,0.18435538384075265,1.7589429318492604,0.2989746,70,False,False,False,False,False,False,False,False
ENSG00000025800,ENSG00000025800,KPNA6,5423,True,0.19906677625725352,1.7579549734372186,0.2963723,70,False,False,False,False,False,False,False,False
ENSG00000205707,ENSG00000205707,ETFRF1,6971,True,0.26536927478692784,1.7594843033419985,0.29337046,70,False,False,False,False,False,False,False,False
ENSG00000196187,ENSG00000196187,TMEM63A,4253,True,0.1497632187445833,1.7578120642446506,0.29028544,70,False,False,False,False,False,False,False,False
ENSG00000250988,ENSG00000250988,SNHG21,4648,True,0.1860830904620018,1.758525407043615,0.2874077,70,False,False,False,False,False,False,False,False
ENSG00000168234,ENSG00000168234,TTC39C,6361,True,0.22633730435516144,1.7578260247724815,0.28665033,70,False,False,False,False,False,False,False,False
ENSG00000171310,ENSG00000171310,CHST11,3767,True,0.14243797912400324,1.7562782879527996,0.28625727,70,False,False,False,False,False,False,False,False
ENSG00000125871,ENSG00000125871,MGME1,5379,True,0.19737105087041912,1.75603003158348,0.28574753,70,False,False,False,False,False,False,False,False
ENSG00000170949,ENSG00000170949,ZNF160,3013,True,0.11451767985528746,1.7587857196203294,0.28493217,70,False,False,False,False,False,False,False,False
ENSG00000137574,ENSG00000137574,TGS1,6165,True,0.22163968134253845,1.7580837476897473,0.28278723,70,False,False,False,False,False,False,False,False
ENSG00000104980,ENSG00000104980,TIMM44,5493,True,0.2049570425301155,1.7578147500404087,0.28184044,70,False,False,False,False,False,False,False,False
ENSG00000101126,ENSG00000101126,ADNP,3694,True,0.14287619664571102,1.7567529243483913,0.2807084,70,False,False,False,False,False,False,False,False
ENSG00000212694,ENSG00000212694,LINC01089,4941,True,0.18609288277957917,1.7552230888594016,0.27894625,70,False,False,False,False,False,False,False,False
ENSG00000147894,ENSG00000147894,C9orf72,5604,True,0.21947295231372965,1.7574869728538958,0.27870768,70,False,False,False,False,False,False,False,False
ENSG00000163946,ENSG00000163946,TASOR,6795,True,0.24084895284870636,1.763258396593099,0.2782145,70,False,False,False,False,False,False,False,False
ENSG00000175115,ENSG00000175115,PACS1,7279,True,0.2538860675801464,1.7578015569308398,0.27355096,70,False,False,False,False,False,False,False,False
ENSG00000090470,ENSG00000090470,PDCD7,5024,True,0.18231694052149122,1.753640326367878,0.2700529,70,False,False,False,False,False,False,False,False
ENSG00000086712,ENSG00000086712,TXLNG,5604,True,0.20293550186543355,1.755818941503537,0.26954353,70,False,False,False,False,False,False,False,False
ENSG00000020426,ENSG00000020426,MNAT1,6625,True,0.24209205041686951,1.753622511435111,0.26846597,70,False,False,False,False,False,False,False,False
ENSG00000197045,ENSG00000197045,GMFB,7241,True,0.2650327298902245,1.7561752516475684,0.26507643,70,False,False,False,False,False,False,False,False
ENSG00000049618,ENSG00000049618,ARID1B,6884,True,0.24773551153126805,1.761105208206528,0.26462957,70,False,False,False,False,False,False,False,False
ENSG00000109445,ENSG00000109445,ZNF330,3994,True,0.1474443069187955,1.748950071022589,0.25481027,70,False,False,False,False,False,False,False,False
ENSG00000176102,ENSG00000176102,CSTF3,6538,True,0.24744418173691318,1.7465376713560792,0.24132438,70,False,False,False,False,False,False,False,False
ENSG00000196459,ENSG00000196459,TRAPPC2,6437,True,0.2346834860685325,1.7480711101133783,0.23746216,70,False,False,False,False,False,False,False,False
ENSG00000177981,ENSG00000177981,ASB8,5306,True,0.18680053005536904,1.7409565465369512,0.21663533,70,False,False,False,False,False,False,False,False
ENSG00000132522,ENSG00000132522,GPS2,6185,True,0.23157638070392475,1.7408825991713877,0.21590137,70,False,False,False,False,False,False,False,False
ENSG00000154102,ENSG00000154102,C16orf74,14024,True,0.4955715147677644,1.822838878807847,0.7338228,69,False,False,False,False,False,False,False,False
ENSG00000168209,ENSG00000168209,DDIT4,14602,True,0.5036030318827374,1.8313558407374328,0.72586185,69,False,False,False,False,False,False,False,False
ENSG00000159388,ENSG00000159388,BTG2,25458,True,0.7904055735701337,1.8553672016370497,0.6385646,69,False,False,False,False,False,False,False,False
ENSG00000235527,ENSG00000235527,HIPK1-AS1,1386,True,0.05910600790194175,1.7879528560751012,0.5758501,69,False,False,False,False,False,False,False,False
ENSG00000123200,ENSG00000123200,ZC3H13,14646,True,0.4860509566891384,1.8098354405849622,0.57276094,69,False,False,False,False,False,False,False,False
ENSG00000185404,ENSG00000185404,SP140L,16148,True,0.5415538588889255,1.8110524596394328,0.5493137,69,False,False,False,False,False,False,False,False
ENSG00000121895,ENSG00000121895,TMEM156,26599,True,0.8413184236530328,1.8440042807441663,0.5300459,69,False,False,False,False,False,False,False,False
ENSG00000169554,ENSG00000169554,ZEB2,14475,True,0.4948476553410482,1.8072208665182272,0.5254395,69,False,False,False,False,False,False,False,False
ENSG00000175857,ENSG00000175857,GAPT,20984,True,0.6900475579048075,1.82398973572585,0.5240107,69,False,False,False,False,False,False,False,False
ENSG00000032219,ENSG00000032219,ARID4A,13074,True,0.4473375861374547,1.7979347052672865,0.50166905,69,False,False,False,False,False,False,False,False
ENSG00000166704,ENSG00000166704,ZNF606,1352,True,0.05581013652158162,1.79608481560782,0.46387374,69,False,False,False,False,False,False,False,False
ENSG00000164169,ENSG00000164169,PRMT9,4557,True,0.18672701178630158,1.7934494476555527,0.46089172,69,False,False,False,False,False,False,False,False
ENSG00000267454,ENSG00000267454,ZNF582-DT,854,True,0.03556302014065697,1.7990635696626924,0.45948356,69,False,False,False,False,False,False,False,False
ENSG00000111247,ENSG00000111247,RAD51AP1,1403,True,0.05656767168429173,1.7919112421424528,0.4513805,69,False,False,False,False,False,False,False,False
ENSG00000258940,ENSG00000258940,MIA2-AS1,608,True,0.027099454056834196,1.7912470305203043,0.4455496,69,False,False,False,False,False,False,False,False
ENSG00000167483,ENSG00000167483,NIBAN3,21876,True,0.7056155409304448,1.8200392643245225,0.44111723,69,False,False,False,False,False,False,False,False
ENSG00000237976,ENSG00000237976,RFX5-AS1,2075,True,0.08581832861681489,1.7907794689352912,0.43922272,69,False,False,False,False,False,False,False,False
ENSG00000125351,ENSG00000125351,UPF3B,9935,True,0.3553895713807375,1.7937092662553995,0.4386046,69,False,False,False,False,False,False,False,False
ENSG00000186666,ENSG00000186666,BCDIN3D,1117,True,0.04651879796575147,1.7919186762063608,0.42988664,69,False,False,False,False,False,False,False,False
ENSG00000102189,ENSG00000102189,EEA1,6855,True,0.24521610393273524,1.7790644558807265,0.42749983,69,False,False,False,False,False,False,False,False
ENSG00000198324,ENSG00000198324,PHETA1,433,True,0.01929628089584616,1.7505018215413555,0.4170523,69,False,False,False,False,False,False,False,False
ENSG00000273382,ENSG00000273382,TMEM167B-DT,884,True,0.03668575197210414,1.7867655538901681,0.41067693,69,False,False,False,False,False,False,False,False
ENSG00000162924,ENSG00000162924,REL,38286,True,1.088654567194696,1.8585488323632604,0.4088615,69,False,False,False,False,False,False,False,False
ENSG00000174607,ENSG00000174607,UGT8,1746,True,0.07049584659692623,1.786367226158579,0.39842775,69,False,False,False,False,False,False,False,False
ENSG00000157259,ENSG00000157259,GATAD1,3335,True,0.12691791869644994,1.7807675581496036,0.39248574,69,False,False,False,False,False,False,False,False
ENSG00000184678,ENSG00000184678,H2BC21,2300,True,0.09318543978031833,1.7798166357384295,0.38682,69,False,False,False,False,False,False,False,False
ENSG00000165071,ENSG00000165071,TMEM71,1788,True,0.07083670634518574,1.7779410262207909,0.38371202,69,False,False,False,False,False,False,False,False
ENSG00000127990,ENSG00000127990,SGCE,1041,True,0.04564248130436944,1.7795552618904624,0.38345113,69,False,False,False,False,False,False,False,False
ENSG00000124383,ENSG00000124383,MPHOSPH10,8869,True,0.30305889477034875,1.7758659675509776,0.37436676,69,False,False,False,False,False,False,False,False
ENSG00000168803,ENSG00000168803,MAPDA,1859,True,0.07375825380210362,1.7413522580857552,0.3688116,69,False,False,False,False,False,False,False,False
ENSG00000162227,ENSG00000162227,TAF6L,2895,True,0.11474122362423983,1.7758658346929843,0.3683656,69,False,False,False,False,False,False,False,False
ENSG00000247746,ENSG00000247746,USP51,616,True,0.02512014050166874,1.7508412729054554,0.36731037,69,False,False,False,False,False,False,False,False
ENSG00000101493,ENSG00000101493,ZNF516,1029,True,0.04336709010708763,1.7785888032490327,0.36530674,69,False,False,False,False,False,False,False,False
ENSG00000154144,ENSG00000154144,TBRG1,8561,True,0.3091982781749602,1.771079107504676,0.3611862,69,False,False,False,False,False,False,False,False
ENSG00000119820,ENSG00000119820,YIPF4,10010,True,0.34208278939184683,1.7788772719863069,0.35858387,69,False,False,False,False,False,False,False,False
ENSG00000163536,ENSG00000163536,SERPINI1,2426,True,0.09697733407265727,1.775832519262196,0.35828632,69,False,False,False,False,False,False,False,False
ENSG00000234636,ENSG00000234636,MED14OS,1417,True,0.05881308754972608,1.7765551360850373,0.35798514,69,False,False,False,False,False,False,False,False
ENSG00000196227,ENSG00000196227,FAM217B,2924,True,0.11117635674145036,1.7700721852919157,0.3567801,69,False,False,False,False,False,False,False,False
ENSG00000100099,ENSG00000100099,HPS4,8491,True,0.31281294659200726,1.7781682872937177,0.3555181,69,False,False,False,False,False,False,False,False
ENSG00000108406,ENSG00000108406,DHX40,4167,True,0.15959666916012635,1.7731232420836702,0.35384062,69,False,False,False,False,False,False,False,False
ENSG00000152213,ENSG00000152213,ARL11,2315,True,0.08970330699049814,1.7698249061428244,0.3533741,69,False,False,False,False,False,False,False,False
ENSG00000270419,ENSG00000270419,CAHM,694,True,0.03046076511950092,1.7430913835834019,0.35275823,69,False,False,False,False,False,False,False,False
ENSG00000156384,ENSG00000156384,SFR1,3068,True,0.12057493770801092,1.772303378260701,0.3520202,69,False,False,False,False,False,False,False,False
ENSG00000184465,ENSG00000184465,WDR27,1050,True,0.04172045428958711,1.7397012127186542,0.35179552,69,False,False,False,False,False,False,False,False
ENSG00000166750,ENSG00000166750,SLFN5,2559,True,0.09614448259173121,1.7670081924945606,0.34827644,69,False,False,False,False,False,False,False,False
ENSG00000196792,ENSG00000196792,STRN3,3438,True,0.13469581264578612,1.7703427384628123,0.34767267,69,False,False,False,False,False,False,False,False
ENSG00000103540,ENSG00000103540,CCP110,2515,True,0.09626598084697702,1.7701176935638576,0.34425086,69,False,False,False,False,False,False,False,False
ENSG00000140995,ENSG00000140995,DEF8,7695,True,0.27904609846281425,1.7723191434432282,0.3432652,69,False,False,False,False,False,False,False,False
ENSG00000219481,ENSG00000219481,NBPF1,2829,True,0.10584735046460292,1.7699725315427204,0.3431528,69,False,False,False,False,False,False,False,False
ENSG00000253948,ENSG00000253948,VPS13B-DT,2653,True,0.1100582729248365,1.76990169902479,0.34247068,69,False,False,False,False,False,False,False,False
ENSG00000104957,ENSG00000104957,YJU2B,4526,True,0.16641934817528548,1.7671620487113968,0.3413822,69,False,False,False,False,False,False,False,False
ENSG00000118260,ENSG00000118260,CREB1,8412,True,0.3029302047135303,1.7762550013340004,0.33993512,69,False,False,False,False,False,False,False,False
ENSG00000038427,ENSG00000038427,VCAN,5487,True,0.20073058551483583,1.77153638606857,0.33752,69,False,False,False,False,False,False,False,False
ENSG00000166046,ENSG00000166046,TCP11L2,4325,True,0.1589608635137543,1.7660067672231363,0.33345014,69,False,False,False,False,False,False,False,False
ENSG00000100578,ENSG00000100578,KIAA0586,3710,True,0.14009127974477062,1.7655912880462739,0.33318028,69,False,False,False,False,False,False,False,False
ENSG00000122042,ENSG00000122042,UBL3,5768,True,0.20877633316205743,1.7641289365640473,0.32658097,69,False,False,False,False,False,False,False,False
ENSG00000256043,ENSG00000256043,CTSO,3172,True,0.1246060338265928,1.7644179723914903,0.32501626,69,False,False,False,False,False,False,False,False
ENSG00000068784,ENSG00000068784,SRBD1,3174,True,0.1179118884997986,1.7656350444568725,0.32488954,69,False,False,False,False,False,False,False,False
ENSG00000095002,ENSG00000095002,MSH2,2505,True,0.09491786734390018,1.759355550675174,0.3244902,69,False,False,False,False,False,False,False,False
ENSG00000127337,ENSG00000127337,YEATS4,5543,True,0.20103224402870123,1.7651547986135367,0.322163,69,False,False,False,False,False,False,False,False
ENSG00000249437,ENSG00000249437,NAIP,2753,True,0.10209003495978851,1.764206839438909,0.31854734,69,False,False,False,False,False,False,False,False
ENSG00000229474,ENSG00000229474,PATL2,5403,True,0.19998296405409324,1.7633974114046034,0.31752053,69,False,False,False,False,False,False,False,False
ENSG00000136874,ENSG00000136874,STX17,3699,True,0.137018572876443,1.7632684384830506,0.31674975,69,False,False,False,False,False,False,False,False
ENSG00000173264,ENSG00000173264,GPR137,3083,True,0.11639789114406342,1.764244247421231,0.31478983,69,False,False,False,False,False,False,False,False
ENSG00000138190,ENSG00000138190,EXOC6,6681,True,0.24353229139950247,1.7625705698970897,0.31353775,69,False,False,False,False,False,False,False,False
ENSG00000150787,ENSG00000150787,PTS,4689,True,0.18050865190127674,1.765551597453319,0.31203243,69,False,False,False,False,False,False,False,False
ENSG00000177082,ENSG00000177082,WDR73,3290,True,0.11781679266446794,1.7637445588668812,0.31179714,69,False,False,False,False,False,False,False,False
ENSG00000106261,ENSG00000106261,ZKSCAN1,6069,True,0.21617827199712722,1.7628938961187082,0.31101534,69,False,False,False,False,False,False,False,False
ENSG00000108854,ENSG00000108854,SMURF2,2043,True,0.08107411584040967,1.761322841712623,0.31063914,69,False,False,False,False,False,False,False,False
ENSG00000166311,ENSG00000166311,SMPD1,2340,True,0.08895449399026965,1.7598223688225074,0.31023586,69,False,False,False,False,False,False,False,False
ENSG00000256223,ENSG00000256223,ZNF10,1748,True,0.07248877578085351,1.7630265517401116,0.3078285,69,False,False,False,False,False,False,False,False
ENSG00000120278,ENSG00000120278,PLEKHG1,4122,True,0.15093943950684238,1.763921846431263,0.3074579,69,False,False,False,False,False,False,False,False
ENSG00000178691,ENSG00000178691,SUZ12,8428,True,0.2932283589136857,1.7646332156447655,0.30596974,69,False,False,False,False,False,False,False,False
ENSG00000145649,ENSG00000145649,GZMA,5017,True,0.19580394845786744,1.7605908403251116,0.30295417,69,False,False,False,False,False,False,False,False
ENSG00000085274,ENSG00000085274,MYNN,3420,True,0.13341492291124932,1.7591750647208004,0.30186343,69,False,False,False,False,False,False,False,False
ENSG00000106617,ENSG00000106617,PRKAG2,6793,True,0.243923454652661,1.7626074433454746,0.3015251,69,False,False,False,False,False,False,False,False
ENSG00000149231,ENSG00000149231,CCDC82,6458,True,0.237617597259455,1.7559626069896708,0.30127144,69,False,False,False,False,False,False,False,False
ENSG00000188559,ENSG00000188559,RALGAPA2,2145,True,0.08320594449291539,1.7598521841596622,0.29956123,69,False,False,False,False,False,False,False,False
ENSG00000168071,ENSG00000168071,CCDC88B,4576,True,0.16517098473392516,1.761933874309026,0.29576787,69,False,False,False,False,False,False,False,False
ENSG00000067248,ENSG00000067248,DHX29,6801,True,0.24628431703813328,1.7598502312321,0.29539135,69,False,False,False,False,False,False,False,False
ENSG00000070366,ENSG00000070366,SMG6,3410,True,0.12324320612709995,1.7613255094060372,0.29403192,69,False,False,False,False,False,False,False,False
ENSG00000165819,ENSG00000165819,METTL3,3677,True,0.13661540126754002,1.7612558984001212,0.29309326,69,False,False,False,False,False,False,False,False
ENSG00000156603,ENSG00000156603,MED19,5920,True,0.2212254011428036,1.7626036566775893,0.29214323,69,False,False,False,False,False,False,False,False
ENSG00000069974,ENSG00000069974,RAB27A,3573,True,0.1345071845562006,1.7559224417598427,0.29071996,69,False,False,False,False,False,False,False,False
ENSG00000236618,ENSG00000236618,PITPNA-AS1,3359,True,0.12643445252703187,1.7583846153281442,0.29036477,69,False,False,False,False,False,False,False,False
ENSG00000129292,ENSG00000129292,PHF20L1,8175,True,0.2932659027457086,1.7693961515660108,0.28988537,69,False,False,False,False,False,False,False,False
ENSG00000204348,ENSG00000204348,DXO,2915,True,0.1135415930375263,1.7576742659235478,0.28922632,69,False,False,False,False,False,False,False,False
ENSG00000138641,ENSG00000138641,HERC3,2960,True,0.11181625414192857,1.7562583065812325,0.28222573,69,False,False,False,False,False,False,False,False
ENSG00000157036,ENSG00000157036,EXOG,6796,True,0.25052561107582133,1.7606026661071643,0.281966,69,False,False,False,False,False,False,False,False
ENSG00000135999,ENSG00000135999,EPC2,3918,True,0.14270940058831907,1.7556131541848985,0.27788314,69,False,False,False,False,False,False,False,False
ENSG00000074603,ENSG00000074603,DPP8,5520,True,0.20067165541537316,1.7525240589568347,0.27619162,69,False,False,False,False,False,False,False,False
ENSG00000182606,ENSG00000182606,TRAK1,4310,True,0.15994553501176678,1.7551595659295487,0.27486956,69,False,False,False,False,False,False,False,False
ENSG00000165406,ENSG00000165406,MARCHF8,4313,True,0.15626315721798048,1.750574765564667,0.2712373,69,False,False,False,False,False,False,False,False
ENSG00000177042,ENSG00000177042,TMEM80,5002,True,0.18612391462513936,1.7533865275807203,0.27122384,69,False,False,False,False,False,False,False,False
ENSG00000117620,ENSG00000117620,SLC35A3,2773,True,0.1041012467608813,1.7520849761226729,0.27100697,69,False,False,False,False,False,False,False,False
ENSG00000103423,ENSG00000103423,DNAJA3,3637,True,0.1348623709625069,1.7531571145303753,0.26968086,69,False,False,False,False,False,False,False,False
ENSG00000131018,ENSG00000131018,SYNE1,5773,True,0.20178862652430415,1.7551098809062735,0.2690023,69,False,False,False,False,False,False,False,False
ENSG00000145736,ENSG00000145736,GTF2H2,3770,True,0.1388531884949554,1.7506556467067163,0.26659772,69,False,False,False,False,False,False,False,False
ENSG00000151422,ENSG00000151422,FER,1873,True,0.07293869136386723,1.7537873278082268,0.26604983,69,False,False,False,False,False,False,False,False
ENSG00000163257,ENSG00000163257,DCAF16,3729,True,0.14076628309397882,1.7541161991619298,0.26430848,69,False,False,False,False,False,False,False,False
ENSG00000182810,ENSG00000182810,DDX28,2556,True,0.09615254355237278,1.752680690899028,0.26174146,69,False,False,False,False,False,False,False,False
ENSG00000121210,ENSG00000121210,TMEM131L,6118,True,0.21462762583615305,1.7604242856108832,0.2613836,69,False,False,False,False,False,False,False,False
ENSG00000169609,ENSG00000169609,C15orf40,7708,True,0.28199713412088895,1.7530492525266608,0.2606581,69,False,False,False,False,False,False,False,False
ENSG00000198815,ENSG00000198815,FOXJ3,3125,True,0.1197236295932858,1.7493005131855064,0.25884607,69,False,False,False,False,False,False,False,False
ENSG00000074356,ENSG00000074356,NCBP3,5255,True,0.19099732512105752,1.74890490662727,0.25473177,69,False,False,False,False,False,False,False,False
ENSG00000139613,ENSG00000139613,SMARCC2,8525,True,0.296115723907485,1.761812335772016,0.25404567,69,False,False,False,False,False,False,False,False
ENSG00000239453,ENSG00000239453,SIDT1-AS1,2923,True,0.11054367215139914,1.7492301241192498,0.25253996,69,False,False,False,False,False,False,False,False
ENSG00000170473,ENSG00000170473,PYM1,8294,True,0.297151163201954,1.7573587246513283,0.23958698,69,False,False,False,False,False,False,False,False
ENSG00000144118,ENSG00000144118,RALB,6867,True,0.24750867280401326,1.746203952980099,0.2340982,69,False,False,False,False,False,False,False,False
ENSG00000100077,ENSG00000100077,GRK3,6219,True,0.22538794542773732,1.7447922100755806,0.22975945,69,False,False,False,False,False,False,False,False
ENSG00000010270,ENSG00000010270,STARD3NL,4820,True,0.18246821309273625,1.7397747732814859,0.20745088,69,False,False,False,False,False,False,False,False
ENSG00000175600,ENSG00000175600,SUGCT,429,True,0.019922520635954996,1.7886950898277858,0.8811425,68,False,False,False,False,False,False,False,False
ENSG00000255337,ENSG00000255337,TMEM123-DT,429,True,0.020180388951438196,1.792762130053673,0.7551278,68,False,False,False,False,False,False,False,False
ENSG00000227507,ENSG00000227507,LTB,101074,True,2.7874736354163363,2.342737740247083,0.73329663,68,False,False,False,False,False,False,False,False
ENSG00000121064,ENSG00000121064,SCPEP1,15712,True,0.5362325841760065,1.815063846537735,0.6283744,68,False,False,False,False,False,False,False,False
ENSG00000177409,ENSG00000177409,SAMD9L,15751,True,0.5346378131744977,1.8267636184814962,0.610219,68,False,False,False,False,False,False,False,False
ENSG00000185291,ENSG00000185291,IL3RA,707,True,0.030081335583145085,1.7644841113166634,0.60922647,68,False,False,False,False,False,False,False,False
ENSG00000126264,ENSG00000126264,HCST,17228,True,0.5746842718037205,1.8191375802486343,0.5991665,68,False,False,False,False,False,False,False,False
ENSG00000144674,ENSG00000144674,GOLGA4,12305,True,0.4154008933647061,1.8078580027236475,0.568651,68,False,False,False,False,False,False,False,False
ENSG00000035928,ENSG00000035928,RFC1,11577,True,0.39701949819835675,1.8021856355675772,0.5143234,68,False,False,False,False,False,False,False,False
ENSG00000160932,ENSG00000160932,LY6E,49763,True,1.3829468141832288,1.9097133520907,0.45795774,68,False,False,False,False,False,False,False,False
ENSG00000035720,ENSG00000035720,STAP1,11629,True,0.4229036378925478,1.7974384421686969,0.4552839,68,False,False,False,False,False,False,False,False
ENSG00000127914,ENSG00000127914,AKAP9,25042,True,0.7893674469205666,1.8291888479333138,0.43755886,68,False,False,False,False,False,False,False,False
ENSG00000162591,ENSG00000162591,MEGF6,392,True,0.0162686791098678,1.6255212858063992,0.42969817,68,False,False,False,False,False,False,False,False
ENSG00000151773,ENSG00000151773,CCDC122,1428,True,0.05700338145210633,1.729113705297125,0.42914352,68,False,False,False,False,False,False,False,False
ENSG00000158411,ENSG00000158411,MITD1,12059,True,0.43347418500804497,1.7937987703736427,0.42460772,68,False,False,False,False,False,False,False,False
ENSG00000164114,ENSG00000164114,MAP9,3103,True,0.11990283645749175,1.7812147601853896,0.40538412,68,False,False,False,False,False,False,False,False
ENSG00000186017,ENSG00000186017,ZNF566,1845,True,0.07247445255701089,1.7861026388686474,0.40359256,68,False,False,False,False,False,False,False,False
ENSG00000132334,ENSG00000132334,PTPRE,3849,True,0.14335347593111766,1.7830005698639455,0.4013534,68,False,False,False,False,False,False,False,False
ENSG00000181894,ENSG00000181894,ZNF329,767,True,0.03114031347178432,1.7245911512338912,0.40090257,68,False,False,False,False,False,False,False,False
ENSG00000233559,ENSG00000233559,LINC00513,2811,True,0.10511069946046651,1.7904158635503329,0.3997948,68,False,False,False,False,False,False,False,False
ENSG00000101040,ENSG00000101040,ZMYND8,8052,True,0.28917748630102313,1.7892699690732805,0.38994023,68,False,False,False,False,False,False,False,False
ENSG00000012124,ENSG00000012124,CD22,33749,True,0.9994156080932926,1.8443332733005702,0.38988903,68,False,False,False,False,False,False,False,False
ENSG00000182195,ENSG00000182195,LDOC1,1146,True,0.04828433070333551,1.7761999068693783,0.389759,68,False,False,False,False,False,False,False,False
ENSG00000186854,ENSG00000186854,TRABD2A,2043,True,0.07774195075546565,1.7782527103263883,0.3893483,68,False,False,False,False,False,False,False,False
ENSG00000204252,ENSG00000204252,HLA-DOA,8131,True,0.2903647306530491,1.785673475650534,0.3886947,68,False,False,False,False,False,False,False,False
ENSG00000121957,ENSG00000121957,GPSM2,925,True,0.03681294503442652,1.7796905489702937,0.38672945,68,False,False,False,False,False,False,False,False
ENSG00000251867,ENSG00000251867,ENSG00000251867,707,True,0.0316264141199945,1.781823378020466,0.38595048,68,False,False,False,False,False,False,False,False
ENSG00000159086,ENSG00000159086,PAXBP1,3281,True,0.12108332397289442,1.7775591411764289,0.38513535,68,False,False,False,False,False,False,False,False
ENSG00000143458,ENSG00000143458,GABPB2,2905,True,0.10779105174314951,1.773099109021306,0.3837676,68,False,False,False,False,False,False,False,False
ENSG00000168916,ENSG00000168916,ZNF608,1918,True,0.07650489604147753,1.7479701808098325,0.382908,68,False,False,False,False,False,False,False,False
ENSG00000139112,ENSG00000139112,GABARAPL1,1863,True,0.07353333189971215,1.7744099213549078,0.37326545,68,False,False,False,False,False,False,False,False
ENSG00000197497,ENSG00000197497,ZNF665,826,True,0.03544008463022967,1.7742886278546885,0.3715358,68,False,False,False,False,False,False,False,False
ENSG00000267275,ENSG00000267275,KLF2-DT,1221,True,0.05158702143311766,1.7718183767875126,0.36649376,68,False,False,False,False,False,False,False,False
ENSG00000166262,ENSG00000166262,FAM227B,1202,True,0.04886643047984085,1.7764615027830117,0.3628399,68,False,False,False,False,False,False,False,False
ENSG00000140876,ENSG00000140876,NUDT7,949,True,0.03975452077788781,1.7746182589665564,0.35954165,68,False,False,False,False,False,False,False,False
ENSG00000145388,ENSG00000145388,METTL14,3549,True,0.13584062519276094,1.7742861084894301,0.35602835,68,False,False,False,False,False,False,False,False
ENSG00000248309,ENSG00000248309,MEF2C-AS1,2088,True,0.08505827272680878,1.7745850338887459,0.3536732,68,False,False,False,False,False,False,False,False
ENSG00000174796,ENSG00000174796,THAP6,2659,True,0.10499005666164023,1.772819747554127,0.3528867,68,False,False,False,False,False,False,False,False
ENSG00000152422,ENSG00000152422,XRCC4,3146,True,0.11945762943715138,1.77232207854007,0.3506393,68,False,False,False,False,False,False,False,False
ENSG00000129680,ENSG00000129680,MAP7D3,5216,True,0.19457615733039316,1.7672950848000477,0.35011983,68,False,False,False,False,False,False,False,False
ENSG00000028277,ENSG00000028277,POU2F2,32572,True,0.9604482185727045,1.8337952554625259,0.34880948,68,False,False,False,False,False,False,False,False
ENSG00000102786,ENSG00000102786,INTS6,3671,True,0.141490271524922,1.77206640890726,0.3478427,68,False,False,False,False,False,False,False,False
ENSG00000081665,ENSG00000081665,ZNF506,4924,True,0.18209265835482927,1.7689050248284672,0.344379,68,False,False,False,False,False,False,False,False
ENSG00000266714,ENSG00000266714,MYO15B,1688,True,0.06645616033313807,1.7687072264300852,0.34109032,68,False,False,False,False,False,False,False,False
ENSG00000178105,ENSG00000178105,DDX10,4949,True,0.18061658976928852,1.7684892281072515,0.33771533,68,False,False,False,False,False,False,False,False
ENSG00000258890,ENSG00000258890,CEP95,5314,True,0.19414051792265435,1.7656747651753926,0.3361175,68,False,False,False,False,False,False,False,False
ENSG00000085063,ENSG00000085063,CD59,3641,True,0.13860973671562066,1.7603553860322854,0.3349626,68,False,False,False,False,False,False,False,False
ENSG00000147526,ENSG00000147526,TACC1,8107,True,0.2813367617230923,1.7726558025064387,0.33435148,68,False,False,False,False,False,False,False,False
ENSG00000159459,ENSG00000159459,UBR1,3736,True,0.13964708486283428,1.7671611473105115,0.33379963,68,False,False,False,False,False,False,False,False
ENSG00000140153,ENSG00000140153,WDR20,2283,True,0.09001286752821884,1.7640004597434598,0.32990757,68,False,False,False,False,False,False,False,False
ENSG00000272449,ENSG00000272449,ENSG00000272449,4069,True,0.15602037354226747,1.7667651821261325,0.32737154,68,False,False,False,False,False,False,False,False
ENSG00000185917,ENSG00000185917,SETD4,1709,True,0.06676204238356391,1.7645208621387303,0.32525334,68,False,False,False,False,False,False,False,False
ENSG00000114302,ENSG00000114302,PRKAR2A,4140,True,0.15272423946774058,1.764537918620852,0.3185329,68,False,False,False,False,False,False,False,False
ENSG00000173209,ENSG00000173209,AHSA2P,4028,True,0.14949682107366583,1.7672423496927854,0.31806594,68,False,False,False,False,False,False,False,False
ENSG00000101574,ENSG00000101574,METTL4,3416,True,0.12844624010674668,1.7642850818949827,0.31649363,68,False,False,False,False,False,False,False,False
ENSG00000121931,ENSG00000121931,LRIF1,4277,True,0.16283889773082708,1.7633502176991074,0.31602868,68,False,False,False,False,False,False,False,False
ENSG00000141425,ENSG00000141425,RPRD1A,4991,True,0.1887394056636402,1.7663885954431122,0.31470582,68,False,False,False,False,False,False,False,False
ENSG00000131067,ENSG00000131067,GGT7,890,True,0.035439572188614224,1.7359103657546884,0.31448117,68,False,False,False,False,False,False,False,False
ENSG00000273253,ENSG00000273253,TRABD-AS1,1031,True,0.04306657255385424,1.7661162775544794,0.31324363,68,False,False,False,False,False,False,False,False
ENSG00000172465,ENSG00000172465,TCEAL1,2627,True,0.10469464092798274,1.765769617894778,0.31302547,68,False,False,False,False,False,False,False,False
ENSG00000256683,ENSG00000256683,ZNF350,7714,True,0.28398105751901426,1.7712697926625076,0.31023908,68,False,False,False,False,False,False,False,False
ENSG00000166024,ENSG00000166024,R3HCC1L,2338,True,0.09118917419791263,1.7637943244884218,0.31013379,68,False,False,False,False,False,False,False,False
ENSG00000174206,ENSG00000174206,KICS2,1739,True,0.07027528469859085,1.7623786598698103,0.30941838,68,False,False,False,False,False,False,False,False
ENSG00000116984,ENSG00000116984,MTR,3610,True,0.13060856309286828,1.762730804953742,0.3089608,68,False,False,False,False,False,False,False,False
ENSG00000197629,ENSG00000197629,MPEG1,5622,True,0.20348460111080094,1.7623983221951456,0.3086743,68,False,False,False,False,False,False,False,False
ENSG00000083750,ENSG00000083750,RRAGB,3219,True,0.121661710642172,1.7591081080716728,0.30823317,68,False,False,False,False,False,False,False,False
ENSG00000160208,ENSG00000160208,RRP1B,4441,True,0.15950284027256287,1.7620027853247122,0.30410165,68,False,False,False,False,False,False,False,False
ENSG00000118620,ENSG00000118620,ZNF430,8572,True,0.3027104411318989,1.7740159289817334,0.30322266,68,False,False,False,False,False,False,False,False
ENSG00000117360,ENSG00000117360,PRPF3,3458,True,0.13019125458650171,1.7596313065869913,0.3021101,68,False,False,False,False,False,False,False,False
ENSG00000123607,ENSG00000123607,TTC21B,2094,True,0.08000275794798588,1.7322830957882118,0.30020404,68,False,False,False,False,False,False,False,False
ENSG00000103274,ENSG00000103274,NUBP1,5551,True,0.2069271192689432,1.7613689968039485,0.29983923,68,False,False,False,False,False,False,False,False
ENSG00000100376,ENSG00000100376,FAM118A,4293,True,0.16029739197688161,1.7580776543271908,0.29937488,68,False,False,False,False,False,False,False,False
ENSG00000171100,ENSG00000171100,MTM1,2596,True,0.10131313731684614,1.7585278021867226,0.2979277,68,False,False,False,False,False,False,False,False
ENSG00000111859,ENSG00000111859,NEDD9,5471,True,0.2029386867136113,1.758505041402269,0.29656726,68,False,False,False,False,False,False,False,False
ENSG00000008869,ENSG00000008869,HEATR5B,3791,True,0.13836957200149144,1.7594452025263088,0.29632354,68,False,False,False,False,False,False,False,False
ENSG00000205323,ENSG00000205323,SARNP,3291,True,0.12695859303512694,1.7557481082344766,0.29064548,68,False,False,False,False,False,False,False,False
ENSG00000170989,ENSG00000170989,S1PR1,3071,True,0.11529013333011741,1.7587028656427797,0.2901282,68,False,False,False,False,False,False,False,False
ENSG00000137504,ENSG00000137504,CREBZF,4850,True,0.17868329703916874,1.759303803859157,0.28961614,68,False,False,False,False,False,False,False,False
ENSG00000163781,ENSG00000163781,TOPBP1,4355,True,0.15980002958610878,1.753639280666899,0.28782073,68,False,False,False,False,False,False,False,False
ENSG00000010072,ENSG00000010072,SPRTN,4309,True,0.1585508255561366,1.756942972910491,0.2874504,68,False,False,False,False,False,False,False,False
ENSG00000133812,ENSG00000133812,SBF2,2899,True,0.11109465417486263,1.7565958606373087,0.28730026,68,False,False,False,False,False,False,False,False
ENSG00000260708,ENSG00000260708,TBC1D22A-DT,3644,True,0.14397806396592705,1.7578268201536873,0.28713372,68,False,False,False,False,False,False,False,False
ENSG00000121552,ENSG00000121552,CSTA,4525,True,0.17366184146785793,1.7558968450872932,0.2869782,68,False,False,False,False,False,False,False,False
ENSG00000185591,ENSG00000185591,SP1,2545,True,0.09801035268924654,1.7594826598815345,0.28646147,68,False,False,False,False,False,False,False,False
ENSG00000151694,ENSG00000151694,ADAM17,7446,True,0.2727017021280861,1.7636315477906188,0.2835245,68,False,False,False,False,False,False,False,False
ENSG00000197323,ENSG00000197323,TRIM33,7079,True,0.259409344967597,1.762688254179428,0.2831855,68,False,False,False,False,False,False,False,False
ENSG00000198087,ENSG00000198087,CD2AP,5690,True,0.20655021428739245,1.7590497937557539,0.28171524,68,False,False,False,False,False,False,False,False
ENSG00000001631,ENSG00000001631,KRIT1,5411,True,0.19987715547641294,1.7582697157221476,0.2796929,68,False,False,False,False,False,False,False,False
ENSG00000005812,ENSG00000005812,FBXL3,4472,True,0.16773151630731228,1.755793525664376,0.27888402,68,False,False,False,False,False,False,False,False
ENSG00000101966,ENSG00000101966,XIAP,5840,True,0.20662197808706384,1.7555692254903248,0.2764678,68,False,False,False,False,False,False,False,False
ENSG00000143891,ENSG00000143891,GALM,1977,True,0.07542605822127187,1.753743814533558,0.2758443,68,False,False,False,False,False,False,False,False
ENSG00000119953,ENSG00000119953,SMNDC1,7087,True,0.25447084396048386,1.7622356205182876,0.2753754,68,False,False,False,False,False,False,False,False
ENSG00000125633,ENSG00000125633,CCDC93,3488,True,0.12902061343612747,1.7504116794520344,0.27513006,68,False,False,False,False,False,False,False,False
ENSG00000158092,ENSG00000158092,NCK1,6140,True,0.22548146238253894,1.7515887901862408,0.27108896,68,False,False,False,False,False,False,False,False
ENSG00000114423,ENSG00000114423,CBLB,5311,True,0.1916647485609477,1.75280377811532,0.2698536,68,False,False,False,False,False,False,False,False
ENSG00000184277,ENSG00000184277,TM2D3,7229,True,0.2658965809753819,1.7582138558794052,0.2691297,68,False,False,False,False,False,False,False,False
ENSG00000182307,ENSG00000182307,C8orf33,7924,True,0.2940866117352119,1.7569520519420556,0.26821437,68,False,False,False,False,False,False,False,False
ENSG00000273015,ENSG00000273015,LINC00938,5269,True,0.19840124501946518,1.7546156865066924,0.26789424,68,False,False,False,False,False,False,False,False
ENSG00000132275,ENSG00000132275,RRP8,3338,True,0.12372144544320252,1.7511480042263656,0.26598576,68,False,False,False,False,False,False,False,False
ENSG00000112339,ENSG00000112339,HBS1L,5028,True,0.18097096452627467,1.7522730214989366,0.26566687,68,False,False,False,False,False,False,False,False
ENSG00000198589,ENSG00000198589,LRBA,5141,True,0.18226369143261678,1.7525071659641163,0.26315907,68,False,False,False,False,False,False,False,False
ENSG00000165322,ENSG00000165322,ARHGAP12,2929,True,0.10734799789263244,1.748095297477279,0.2630023,68,False,False,False,False,False,False,False,False
ENSG00000139793,ENSG00000139793,MBNL2,3833,True,0.13923109641240372,1.7499513371018067,0.26067242,68,False,False,False,False,False,False,False,False
ENSG00000072401,ENSG00000072401,UBE2D1,6847,True,0.25591941214752223,1.751513462700921,0.25919703,68,False,False,False,False,False,False,False,False
ENSG00000171161,ENSG00000171161,ZNF672,2821,True,0.10523032105304023,1.750313210119699,0.25907838,68,False,False,False,False,False,False,False,False
ENSG00000072501,ENSG00000072501,SMC1A,8599,True,0.2998754489689298,1.7663606746350047,0.2570221,68,False,False,False,False,False,False,False,False
ENSG00000162852,ENSG00000162852,CNST,6045,True,0.21849066709771528,1.7519951648452083,0.2569211,68,False,False,False,False,False,False,False,False
ENSG00000171135,ENSG00000171135,JAGN1,6681,True,0.23826284744763493,1.7537987883321584,0.2563668,68,False,False,False,False,False,False,False,False
ENSG00000183530,ENSG00000183530,PRR14L,3662,True,0.132429890081791,1.7499350432329175,0.25508478,68,False,False,False,False,False,False,False,False
ENSG00000168172,ENSG00000168172,HOOK3,7358,True,0.2580944492705543,1.752201778907059,0.25223154,68,False,False,False,False,False,False,False,False
ENSG00000163755,ENSG00000163755,HPS3,4446,True,0.16739687561954147,1.7504485503072045,0.24831575,68,False,False,False,False,False,False,False,False
ENSG00000165410,ENSG00000165410,CFL2,3000,True,0.11514566978455026,1.7478987227980776,0.2480314,68,False,False,False,False,False,False,False,False
ENSG00000247271,ENSG00000247271,ZBED5-AS1,4647,True,0.18311439357308387,1.7471368982940378,0.2445019,68,False,False,False,False,False,False,False,False
ENSG00000145022,ENSG00000145022,TCTA,4089,True,0.1491403841270499,1.7447544876046381,0.24440485,68,False,False,False,False,False,False,False,False
ENSG00000159348,ENSG00000159348,CYB5R1,2812,True,0.10456686751017563,1.749122289019924,0.24381742,68,False,False,False,False,False,False,False,False
ENSG00000133961,ENSG00000133961,NUMB,9227,True,0.32399557037402826,1.7651050337773335,0.24235085,68,False,False,False,False,False,False,False,False
ENSG00000151881,ENSG00000151881,TMEM267,2834,True,0.11118666317210507,1.7460569221514388,0.2423256,68,False,False,False,False,False,False,False,False
ENSG00000107560,ENSG00000107560,RAB11FIP2,3421,True,0.12444682866636603,1.7440360816421394,0.24135976,68,False,False,False,False,False,False,False,False
ENSG00000078142,ENSG00000078142,PIK3C3,3763,True,0.1363683359536898,1.748939928930576,0.24123959,68,False,False,False,False,False,False,False,False
ENSG00000132155,ENSG00000132155,RAF1,4970,True,0.17652462103408417,1.7467927109032957,0.24120253,68,False,False,False,False,False,False,False,False
ENSG00000109270,ENSG00000109270,LAMTOR3,3493,True,0.1306138135346614,1.7451014610460682,0.24014471,68,False,False,False,False,False,False,False,False
ENSG00000241370,ENSG00000241370,RPP21,3434,True,0.13777243723213242,1.747685365999233,0.23978789,68,False,False,False,False,False,False,False,False
ENSG00000132356,ENSG00000132356,PRKAA1,7511,True,0.2641983503478753,1.750404769479957,0.2374778,68,False,False,False,False,False,False,False,False
ENSG00000076984,ENSG00000076984,MAP2K7,5630,True,0.19986376070868667,1.744281813354892,0.23142825,68,False,False,False,False,False,False,False,False
ENSG00000107742,ENSG00000107742,SPOCK2,6549,True,0.22843269577797723,1.750995131963239,0.22698765,68,False,False,False,False,False,False,False,False
ENSG00000110075,ENSG00000110075,PPP6R3,4078,True,0.14845215624390667,1.7424816213424505,0.22124031,68,False,False,False,False,False,False,False,False
ENSG00000156304,ENSG00000156304,SCAF4,7924,True,0.27924343954390046,1.7463906878810684,0.20986132,68,False,False,False,False,False,False,False,False
ENSG00000174720,ENSG00000174720,LARP7,16290,True,0.5537158298889242,1.8239258725408354,0.71815693,67,False,False,False,False,False,False,False,False
ENSG00000270659,ENSG00000270659,ENSG00000270659,345,True,0.015921011003652626,1.6624601680672781,0.59540826,67,False,False,False,False,False,False,False,False
ENSG00000206573,ENSG00000206573,THUMPD3-AS1,18607,True,0.637683821909292,1.8222619612698558,0.5876782,67,False,False,False,False,False,False,False,False
ENSG00000138639,ENSG00000138639,ARHGAP24,19623,True,0.6206286759108168,1.8160102146918995,0.51416415,67,False,False,False,False,False,False,False,False
ENSG00000124575,ENSG00000124575,H1-3,9832,True,0.3353460804366227,1.7976782510587304,0.50893074,67,False,False,False,False,False,False,False,False
ENSG00000170873,ENSG00000170873,MTSS1,19346,True,0.6217819096924218,1.811397787828277,0.49189138,67,False,False,False,False,False,False,False,False
ENSG00000265206,ENSG00000265206,MIR142HG,19618,True,0.6299191794682009,1.8157843733717116,0.48731357,67,False,False,False,False,False,False,False,False
ENSG00000104267,ENSG00000104267,CA2,1147,True,0.05008518327683114,1.8048801860789994,0.4843505,67,False,False,False,False,False,False,False,False
ENSG00000119866,ENSG00000119866,BCL11A,23862,True,0.7854254121274096,1.8279213119862232,0.4720299,67,False,False,False,False,False,False,False,False
ENSG00000167555,ENSG00000167555,ZNF528,1349,True,0.05320312226910766,1.7025341499084532,0.4515087,67,False,False,False,False,False,False,False,False
ENSG00000135925,ENSG00000135925,WNT10A,1366,True,0.05815995145295078,1.7631327004716417,0.43985546,67,False,False,False,False,False,False,False,False
ENSG00000128641,ENSG00000128641,MYO1B,860,True,0.03601046675686119,1.7589590327099538,0.43783846,67,False,False,False,False,False,False,False,False
ENSG00000112576,ENSG00000112576,CCND3,25048,True,0.7727292165521189,1.8250601767012262,0.43652117,67,False,False,False,False,False,False,False,False
ENSG00000197044,ENSG00000197044,ZNF441,1657,True,0.06435947944104335,1.7930030962910082,0.4330747,67,False,False,False,False,False,False,False,False
ENSG00000164953,ENSG00000164953,TMEM67,1241,True,0.051516335036691625,1.7937958537438383,0.43264014,67,False,False,False,False,False,False,False,False
ENSG00000140463,ENSG00000140463,BBS4,1288,True,0.05274249121880401,1.7587612684956364,0.42763045,67,False,False,False,False,False,False,False,False
ENSG00000205784,ENSG00000205784,ARRDC5,871,True,0.03400172701055129,1.6992953748552608,0.42061493,67,False,False,False,False,False,False,False,False
ENSG00000162623,ENSG00000162623,TYW3,4240,True,0.1563170729401983,1.7855422851559837,0.41854548,67,False,False,False,False,False,False,False,False
ENSG00000133059,ENSG00000133059,DSTYK,2362,True,0.09271755368296715,1.787153406074629,0.41827074,67,False,False,False,False,False,False,False,False
ENSG00000205683,ENSG00000205683,DPF3,1564,True,0.06301981182409443,1.7861949629665361,0.4181681,67,False,False,False,False,False,False,False,False
ENSG00000173230,ENSG00000173230,GOLGB1,9437,True,0.32075561734296704,1.7873987090908476,0.41781718,67,False,False,False,False,False,False,False,False
ENSG00000259448,ENSG00000259448,LINC02352,702,True,0.030786640407376827,1.7832782587083358,0.4102219,67,False,False,False,False,False,False,False,False
ENSG00000272663,ENSG00000272663,PPP1R21-DT,1118,True,0.051362836422737285,1.7821447920080802,0.40961373,67,False,False,False,False,False,False,False,False
ENSG00000120662,ENSG00000120662,MTRF1,1712,True,0.06622991167289623,1.7849729117173319,0.40822262,67,False,False,False,False,False,False,False,False
ENSG00000171105,ENSG00000171105,INSR,932,True,0.04157186569363894,1.788967507087172,0.4038119,67,False,False,False,False,False,False,False,False
ENSG00000251661,ENSG00000251661,ENSG00000251661,1545,True,0.06520225919438263,1.7806741091592195,0.39078796,67,False,False,False,False,False,False,False,False
ENSG00000089682,ENSG00000089682,RBM41,3618,True,0.13639672087313023,1.777825615396016,0.388482,67,False,False,False,False,False,False,False,False
ENSG00000008441,ENSG00000008441,NFIX,687,True,0.0295738092005699,1.7292237106085686,0.38755625,67,False,False,False,False,False,False,False,False
ENSG00000154767,ENSG00000154767,XPC,10069,True,0.3578389206787315,1.7854435321614082,0.38455716,67,False,False,False,False,False,False,False,False
ENSG00000160991,ENSG00000160991,ORAI2,22800,True,0.707616693366244,1.813438444447263,0.38386044,67,False,False,False,False,False,False,False,False
ENSG00000064651,ENSG00000064651,SLC12A2,2145,True,0.08598939215223855,1.7778955575068265,0.38132185,67,False,False,False,False,False,False,False,False
ENSG00000261416,ENSG00000261416,CORO1A-AS1,1656,True,0.06774960346032256,1.7755713358371552,0.37249437,67,False,False,False,False,False,False,False,False
ENSG00000272688,ENSG00000272688,ENSG00000272688,1068,True,0.042732645281214836,1.7421356243583779,0.37203467,67,False,False,False,False,False,False,False,False
ENSG00000101849,ENSG00000101849,TBL1X,1995,True,0.0770790428015808,1.774209224201548,0.3681462,67,False,False,False,False,False,False,False,False
ENSG00000075292,ENSG00000075292,ZNF638,11548,True,0.3925846829832746,1.782726292587821,0.36485937,67,False,False,False,False,False,False,False,False
ENSG00000134982,ENSG00000134982,APC,3934,True,0.14429446878344662,1.7727592095042843,0.3640997,67,False,False,False,False,False,False,False,False
ENSG00000221946,ENSG00000221946,FXYD7,2067,True,0.08206112234535938,1.768374595534805,0.36075953,67,False,False,False,False,False,False,False,False
ENSG00000150776,ENSG00000150776,NKAPD1,3581,True,0.13166454728448,1.7722488924563655,0.36007047,67,False,False,False,False,False,False,False,False
ENSG00000164172,ENSG00000164172,MOCS2,4888,True,0.18654383204173974,1.7715052690429878,0.35700947,67,False,False,False,False,False,False,False,False
ENSG00000196381,ENSG00000196381,ZNF781,757,True,0.03249699973115478,1.7726210703650425,0.35348898,67,False,False,False,False,False,False,False,False
ENSG00000219545,ENSG00000219545,UMAD1,3140,True,0.12427665854541688,1.7702351883531755,0.34662297,67,False,False,False,False,False,False,False,False
ENSG00000111877,ENSG00000111877,MCM9,1922,True,0.07019635402312388,1.77399112959123,0.34598237,67,False,False,False,False,False,False,False,False
ENSG00000132153,ENSG00000132153,DHX30,4719,True,0.1768312033157362,1.7680404621636447,0.3417866,67,False,False,False,False,False,False,False,False
ENSG00000167380,ENSG00000167380,ZNF226,4113,True,0.1583911849172361,1.7673695082409615,0.33995283,67,False,False,False,False,False,False,False,False
ENSG00000079974,ENSG00000079974,RABL2B,3382,True,0.12805545764085757,1.7685329005087966,0.32918984,67,False,False,False,False,False,False,False,False
ENSG00000147789,ENSG00000147789,ZNF7,3286,True,0.12379104247265382,1.7684570454678477,0.326941,67,False,False,False,False,False,False,False,False
ENSG00000164406,ENSG00000164406,LEAP2,1861,True,0.07352534238273925,1.765493073685466,0.32364947,67,False,False,False,False,False,False,False,False
ENSG00000170634,ENSG00000170634,ACYP2,8082,True,0.29636569804973106,1.765698643709972,0.3224315,67,False,False,False,False,False,False,False,False
ENSG00000178104,ENSG00000178104,PDE4DIP,2797,True,0.10569082224260118,1.7663132874712355,0.32134828,67,False,False,False,False,False,False,False,False
ENSG00000135974,ENSG00000135974,C2orf49,5017,True,0.19040074365180154,1.7603600963796686,0.321274,67,False,False,False,False,False,False,False,False
ENSG00000087338,ENSG00000087338,GMCL1,4698,True,0.1756556946218165,1.7640550590886968,0.32105368,67,False,False,False,False,False,False,False,False
ENSG00000185905,ENSG00000185905,C16orf54,6137,True,0.23092601947283803,1.7653641487516103,0.31967142,67,False,False,False,False,False,False,False,False
ENSG00000119906,ENSG00000119906,SLF2,3783,True,0.1403271796967949,1.7611643018352665,0.318042,67,False,False,False,False,False,False,False,False
ENSG00000163785,ENSG00000163785,RYK,2822,True,0.10776977768811004,1.7626883466770649,0.31583998,67,False,False,False,False,False,False,False,False
ENSG00000147679,ENSG00000147679,UTP23,5151,True,0.18677143317951658,1.7635778747248165,0.31534383,67,False,False,False,False,False,False,False,False
ENSG00000117569,ENSG00000117569,PTBP2,2016,True,0.07989747672288348,1.7648444138684631,0.3149903,67,False,False,False,False,False,False,False,False
ENSG00000156853,ENSG00000156853,ZNF689,1353,True,0.05325103511118184,1.733450127802499,0.31425837,67,False,False,False,False,False,False,False,False
ENSG00000104880,ENSG00000104880,ARHGEF18,3126,True,0.1209154689212792,1.764600643932326,0.31287572,67,False,False,False,False,False,False,False,False
ENSG00000164306,ENSG00000164306,PRIMPOL,1573,True,0.06151879197618205,1.761339302983088,0.3105442,67,False,False,False,False,False,False,False,False
ENSG00000110880,ENSG00000110880,CORO1C,5135,True,0.18797397077731037,1.7602748101985528,0.3071307,67,False,False,False,False,False,False,False,False
ENSG00000262049,ENSG00000262049,ENSG00000262049,3156,True,0.12328124386580695,1.762313513139839,0.3064108,67,False,False,False,False,False,False,False,False
ENSG00000121274,ENSG00000121274,TENT4B,2250,True,0.08820582847052533,1.763045235212465,0.30532476,67,False,False,False,False,False,False,False,False
ENSG00000160199,ENSG00000160199,PKNOX1,2053,True,0.07870792696892824,1.7616038209061309,0.30459276,67,False,False,False,False,False,False,False,False
ENSG00000153044,ENSG00000153044,CENPH,4055,True,0.154255684439359,1.760560166267441,0.30305186,67,False,False,False,False,False,False,False,False
ENSG00000139323,ENSG00000139323,POC1B,2679,True,0.10022587211635993,1.760954844584842,0.30283448,67,False,False,False,False,False,False,False,False
ENSG00000215845,ENSG00000215845,TSTD1,44360,True,1.2497189333960093,1.8460217893187725,0.3008813,67,False,False,False,False,False,False,False,False
ENSG00000196810,ENSG00000196810,CTBP1-DT,1787,True,0.06781562205137588,1.7622902730296266,0.29928577,67,False,False,False,False,False,False,False,False
ENSG00000076321,ENSG00000076321,KLHL20,2995,True,0.1157166099068553,1.760520203556048,0.29896882,67,False,False,False,False,False,False,False,False
ENSG00000263072,ENSG00000263072,ZNF213-AS1,2372,True,0.09580866668160672,1.7604824530316223,0.2974035,67,False,False,False,False,False,False,False,False
ENSG00000100888,ENSG00000100888,CHD8,4682,True,0.1703572570236846,1.7578746223774617,0.29642093,67,False,False,False,False,False,False,False,False
ENSG00000065802,ENSG00000065802,ASB1,2777,True,0.10544487806074755,1.7590080948447815,0.29570082,67,False,False,False,False,False,False,False,False
ENSG00000196236,ENSG00000196236,XPNPEP3,2690,True,0.1001283306040305,1.7585288252743807,0.29213727,67,False,False,False,False,False,False,False,False
ENSG00000232490,ENSG00000232490,OSBPL10-AS1,6296,True,0.227490937871871,1.7632469496826741,0.28916395,67,False,False,False,False,False,False,False,False
ENSG00000182923,ENSG00000182923,CEP63,5321,True,0.190522221413685,1.7563522283801456,0.286174,67,False,False,False,False,False,False,False,False
ENSG00000172262,ENSG00000172262,ZNF131,9182,True,0.32356373596001237,1.7733991238932634,0.28313753,67,False,False,False,False,False,False,False,False
ENSG00000108599,ENSG00000108599,AKAP10,4027,True,0.1502580248276889,1.756662802848721,0.2830856,67,False,False,False,False,False,False,False,False
ENSG00000171466,ENSG00000171466,ZNF562,1353,True,0.05250014852726419,1.7596923670192766,0.28294772,67,False,False,False,False,False,False,False,False
ENSG00000143319,ENSG00000143319,ISG20L2,4667,True,0.1699676315438385,1.7569385342586679,0.28224927,67,False,False,False,False,False,False,False,False
ENSG00000141446,ENSG00000141446,ESCO1,8787,True,0.3019050435178627,1.7623304804779465,0.28174856,67,False,False,False,False,False,False,False,False
ENSG00000143771,ENSG00000143771,CNIH4,4388,True,0.1742172601327933,1.751805476208354,0.28069368,67,False,False,False,False,False,False,False,False
ENSG00000165813,ENSG00000165813,CCDC186,10585,True,0.36801274683545837,1.7760166471679781,0.2802395,67,False,False,False,False,False,False,False,False
ENSG00000023041,ENSG00000023041,ZDHHC6,6143,True,0.22687016438799887,1.7547114905361638,0.28021944,67,False,False,False,False,False,False,False,False
ENSG00000178764,ENSG00000178764,ZHX2,3134,True,0.1182465792300721,1.7585237653725252,0.2793946,67,False,False,False,False,False,False,False,False
ENSG00000162441,ENSG00000162441,LZIC,4304,True,0.15947381953973994,1.7568042838151028,0.2793123,67,False,False,False,False,False,False,False,False
ENSG00000160584,ENSG00000160584,SIK3,3987,True,0.14683010227737403,1.75711065129696,0.2771164,67,False,False,False,False,False,False,False,False
ENSG00000100532,ENSG00000100532,CGRRF1,4823,True,0.1851850049578224,1.753882772310032,0.27642456,67,False,False,False,False,False,False,False,False
ENSG00000134313,ENSG00000134313,KIDINS220,4185,True,0.15443102380807253,1.7550109450903557,0.2758452,67,False,False,False,False,False,False,False,False
ENSG00000187522,ENSG00000187522,HSPA14,3791,True,0.1387461711467649,1.7541246306630678,0.2742895,67,False,False,False,False,False,False,False,False
ENSG00000139496,ENSG00000139496,NUP58,3422,True,0.1263617639831278,1.7549711643646901,0.27375543,67,False,False,False,False,False,False,False,False
ENSG00000134539,ENSG00000134539,KLRD1,2019,True,0.07845930168661376,1.7542266329638927,0.27155927,67,False,False,False,False,False,False,False,False
ENSG00000101882,ENSG00000101882,NKAP,7672,True,0.27272243440690247,1.7543910258350452,0.27043992,67,False,False,False,False,False,False,False,False
ENSG00000186834,ENSG00000186834,HEXIM1,4715,True,0.17133286371701797,1.7545124473998341,0.26988083,67,False,False,False,False,False,False,False,False
ENSG00000154305,ENSG00000154305,MIA3,9281,True,0.3190783030283832,1.7675236500389793,0.2696197,67,False,False,False,False,False,False,False,False
ENSG00000188739,ENSG00000188739,RBM34,6536,True,0.23543829577064368,1.7604772438023204,0.26918352,67,False,False,False,False,False,False,False,False
ENSG00000167635,ENSG00000167635,ZNF146,4325,True,0.15819255977362315,1.749853621245781,0.2657762,67,False,False,False,False,False,False,False,False
ENSG00000196646,ENSG00000196646,ZNF136,2646,True,0.09910877092865844,1.7531801519951455,0.26559654,67,False,False,False,False,False,False,False,False
ENSG00000224470,ENSG00000224470,ATXN1L,3775,True,0.14315877636115662,1.7528489420345894,0.26416802,67,False,False,False,False,False,False,False,False
ENSG00000132300,ENSG00000132300,PTCD3,4889,True,0.17763232211088725,1.7537339272921577,0.2633521,67,False,False,False,False,False,False,False,False
ENSG00000188785,ENSG00000188785,ZNF548,1451,True,0.058591229614679025,1.7507997483520261,0.26298198,67,False,False,False,False,False,False,False,False
ENSG00000131558,ENSG00000131558,EXOC4,5227,True,0.19181787971985587,1.7531028136571927,0.2620159,67,False,False,False,False,False,False,False,False
ENSG00000133835,ENSG00000133835,HSD17B4,3735,True,0.13516151328904194,1.7490787101150367,0.26157767,67,False,False,False,False,False,False,False,False
ENSG00000090905,ENSG00000090905,TNRC6A,7322,True,0.2644496483762744,1.7652825570612016,0.26108816,67,False,False,False,False,False,False,False,False
ENSG00000111670,ENSG00000111670,GNPTAB,5891,True,0.21111854473452213,1.7555817438312695,0.25890124,67,False,False,False,False,False,False,False,False
ENSG00000183401,ENSG00000183401,CCDC159,3475,True,0.13019649468004627,1.7495894513698993,0.2588949,67,False,False,False,False,False,False,False,False
ENSG00000214413,ENSG00000214413,BBIP1,3688,True,0.1377799164972793,1.7496647212508092,0.25825554,67,False,False,False,False,False,False,False,False
ENSG00000174373,ENSG00000174373,RALGAPA1,4029,True,0.14734500187772162,1.748399418018639,0.2547773,67,False,False,False,False,False,False,False,False
ENSG00000136381,ENSG00000136381,IREB2,6941,True,0.24481433098130115,1.7568548513287474,0.2513002,67,False,False,False,False,False,False,False,False
ENSG00000226688,ENSG00000226688,ENTPD1-AS1,2404,True,0.0937454060640695,1.7496847642870585,0.25050727,67,False,False,False,False,False,False,False,False
ENSG00000204681,ENSG00000204681,GABBR1,2590,True,0.10193965189854678,1.748791455768746,0.24971358,67,False,False,False,False,False,False,False,False
ENSG00000267321,ENSG00000267321,SNHG30,4938,True,0.18610456929312466,1.749185753840257,0.24953043,67,False,False,False,False,False,False,False,False
ENSG00000179335,ENSG00000179335,CLK3,6336,True,0.23128404452654713,1.7493788770716205,0.24894433,67,False,False,False,False,False,False,False,False
ENSG00000102710,ENSG00000102710,SUPT20H,5313,True,0.19515433031166085,1.74656476659287,0.24814357,67,False,False,False,False,False,False,False,False
ENSG00000196323,ENSG00000196323,ZBTB44,7571,True,0.27436568176672904,1.7564375168253028,0.2479481,67,False,False,False,False,False,False,False,False
ENSG00000156802,ENSG00000156802,ATAD2,3180,True,0.12104081622659281,1.746963341151787,0.24570602,67,False,False,False,False,False,False,False,False
ENSG00000137509,ENSG00000137509,PRCP,6831,True,0.24704926157634663,1.755240055973896,0.24456602,67,False,False,False,False,False,False,False,False
ENSG00000124422,ENSG00000124422,USP22,5894,True,0.21184746688846934,1.747646304085628,0.24445564,67,False,False,False,False,False,False,False,False
ENSG00000185947,ENSG00000185947,ZNF267,4504,True,0.16467304527898,1.7466198673680091,0.2406043,67,False,False,False,False,False,False,False,False
ENSG00000198265,ENSG00000198265,HELZ,7446,True,0.26289801089409875,1.7486906331432301,0.2378226,67,False,False,False,False,False,False,False,False
ENSG00000162520,ENSG00000162520,SYNC,4275,True,0.16467995662941862,1.7464520167713777,0.23756938,67,False,False,False,False,False,False,False,False
ENSG00000167543,ENSG00000167543,TP53I13,4169,True,0.15581473721981906,1.7443451686456044,0.22985472,67,False,False,False,False,False,False,False,False
ENSG00000047188,ENSG00000047188,YTHDC2,5539,True,0.19466143336318306,1.7490415285529837,0.2290788,67,False,False,False,False,False,False,False,False
ENSG00000061987,ENSG00000061987,MON2,3338,True,0.12116370204886655,1.742298868066424,0.22336638,67,False,False,False,False,False,False,False,False
ENSG00000178685,ENSG00000178685,PARP10,4109,True,0.1488139925710648,1.7407766238584237,0.21196918,67,False,False,False,False,False,False,False,False
ENSG00000168010,ENSG00000168010,ATG16L2,6018,True,0.21505682145824648,1.7365821305699851,0.19367653,67,False,False,False,False,False,False,False,False
ENSG00000139193,ENSG00000139193,CD27,9358,True,0.32464513592705335,1.8790032943915547,1.0248064,66,False,False,False,False,False,False,False,False
ENSG00000122862,ENSG00000122862,SRGN,26274,True,0.8337354019715044,1.8522722640259675,0.55166715,66,False,False,False,False,False,False,False,False
ENSG00000226746,ENSG00000226746,SMCR5,959,True,0.04188201120378399,1.8084083854965585,0.51584727,66,False,False,False,False,False,False,False,False
ENSG00000263958,ENSG00000263958,NETO1-DT,560,True,0.027226909054980482,1.7855889519773767,0.50969875,66,False,False,False,False,False,False,False,False
ENSG00000133106,ENSG00000133106,EPSTI1,17246,True,0.5708578383925774,1.818634703561334,0.5037425,66,False,False,False,False,False,False,False,False
ENSG00000144445,ENSG00000144445,KANSL1L,690,True,0.02978459774308143,1.7704899708725748,0.48806855,66,False,False,False,False,False,False,False,False
ENSG00000007944,ENSG00000007944,MYLIP,12574,True,0.42859133840171265,1.8008472269038278,0.48455578,66,False,False,False,False,False,False,False,False
ENSG00000131871,ENSG00000131871,SELENOS,8539,True,0.3172001512093876,1.7923100863334727,0.47189778,66,False,False,False,False,False,False,False,False
ENSG00000174405,ENSG00000174405,LIG4,1439,True,0.05980498448448401,1.7970869893405466,0.46258706,66,False,False,False,False,False,False,False,False
ENSG00000142556,ENSG00000142556,ZNF614,871,True,0.03573934020173116,1.7670772679703552,0.46005502,66,False,False,False,False,False,False,False,False
ENSG00000139687,ENSG00000139687,RB1,15789,True,0.5297749154028761,1.8035301304704527,0.45822564,66,False,False,False,False,False,False,False,False
ENSG00000137441,ENSG00000137441,FGFBP2,2830,True,0.10847829705405497,1.7952273302264268,0.4427924,66,False,False,False,False,False,False,False,False
ENSG00000104356,ENSG00000104356,POP1,675,True,0.028259561456120064,1.7910986307811478,0.43961737,66,False,False,False,False,False,False,False,False
ENSG00000272264,ENSG00000272264,ENSG00000272264,733,True,0.03073717129164175,1.744677175762464,0.43727744,66,False,False,False,False,False,False,False,False
ENSG00000262074,ENSG00000262074,SNORD3B-2,1506,True,0.06068279913085495,1.7853642264950913,0.4338576,66,False,False,False,False,False,False,False,False
ENSG00000138433,ENSG00000138433,CIR1,19880,True,0.6437082481267102,1.807616216566858,0.41905645,66,False,False,False,False,False,False,False,False
ENSG00000006652,ENSG00000006652,IFRD1,16111,True,0.5342385440450058,1.8037631406300312,0.4174936,66,False,False,False,False,False,False,False,False
ENSG00000168036,ENSG00000168036,CTNNB1,9042,True,0.3448516479973722,1.7847323596881894,0.40302503,66,False,False,False,False,False,False,False,False
ENSG00000168421,ENSG00000168421,RHOH,29313,True,0.89556859195453,1.8317498916474186,0.40047953,66,False,False,False,False,False,False,False,False
ENSG00000197776,ENSG00000197776,KLHDC1,927,True,0.039026710968445115,1.7802274962267257,0.38986775,66,False,False,False,False,False,False,False,False
ENSG00000196352,ENSG00000196352,CD55,24265,True,0.7678122589473332,1.8199293954760618,0.38856608,66,False,False,False,False,False,False,False,False
ENSG00000272523,ENSG00000272523,LINC01023,1017,True,0.04354181047719131,1.7788889991750927,0.38311458,66,False,False,False,False,False,False,False,False
ENSG00000224165,ENSG00000224165,DNAJC27-AS1,574,True,0.025773048251442443,1.7472716626119884,0.3784042,66,False,False,False,False,False,False,False,False
ENSG00000196951,ENSG00000196951,SCOC-AS1,778,True,0.03531534418027925,1.7836994482675663,0.37827438,66,False,False,False,False,False,False,False,False
ENSG00000140030,ENSG00000140030,GPR65,10743,True,0.39041936652060705,1.78583665032589,0.3773044,66,False,False,False,False,False,False,False,False
ENSG00000104218,ENSG00000104218,CSPP1,2734,True,0.10420551097861817,1.7756250631928578,0.37707958,66,False,False,False,False,False,False,False,False
ENSG00000109689,ENSG00000109689,STIM2,10096,True,0.35484800639101094,1.7847608471430596,0.37644637,66,False,False,False,False,False,False,False,False
ENSG00000222020,ENSG00000222020,HDAC4-AS1,1563,True,0.06897706102899112,1.7792059601561085,0.37151095,66,False,False,False,False,False,False,False,False
ENSG00000137502,ENSG00000137502,RAB30,10856,True,0.37810283926709914,1.789193504380586,0.3702195,66,False,False,False,False,False,False,False,False
ENSG00000142599,ENSG00000142599,RERE,10895,True,0.3869779670394539,1.7867562108887893,0.3667256,66,False,False,False,False,False,False,False,False
ENSG00000169429,ENSG00000169429,CXCL8,3886,True,0.14407560256824484,1.773176632969264,0.36585385,66,False,False,False,False,False,False,False,False
ENSG00000177272,ENSG00000177272,KCNA3,2335,True,0.08110074308730954,1.7688218765227364,0.36435232,66,False,False,False,False,False,False,False,False
ENSG00000181544,ENSG00000181544,FANCB,1248,True,0.052757383917872096,1.7720171810641445,0.36287844,66,False,False,False,False,False,False,False,False
ENSG00000131375,ENSG00000131375,CAPN7,4483,True,0.16327903329168245,1.77334080485734,0.3626452,66,False,False,False,False,False,False,False,False
ENSG00000171843,ENSG00000171843,MLLT3,1798,True,0.06785606093086007,1.7722043492096682,0.36202413,66,False,False,False,False,False,False,False,False
ENSG00000186260,ENSG00000186260,MRTFB,1648,True,0.06577611456182315,1.7444901585195043,0.3560177,66,False,False,False,False,False,False,False,False
ENSG00000049239,ENSG00000049239,H6PD,1426,True,0.05522617436221304,1.7717400583746221,0.35522223,66,False,False,False,False,False,False,False,False
ENSG00000198453,ENSG00000198453,ZNF568,1734,True,0.06796636221924131,1.7730245288620035,0.35407293,66,False,False,False,False,False,False,False,False
ENSG00000229852,ENSG00000229852,KHDC1-AS1,868,True,0.03593144084027128,1.7422329961720202,0.3528391,66,False,False,False,False,False,False,False,False
ENSG00000259943,ENSG00000259943,ZMPSTE24-DT,1003,True,0.04116714758439191,1.7669751265747637,0.35187063,66,False,False,False,False,False,False,False,False
ENSG00000143971,ENSG00000143971,ETAA1,1696,True,0.06578982510125254,1.7731654532299357,0.34893692,66,False,False,False,False,False,False,False,False
ENSG00000198198,ENSG00000198198,SZT2,1802,True,0.06845743424745127,1.771572733505102,0.343713,66,False,False,False,False,False,False,False,False
ENSG00000146215,ENSG00000146215,CRIP3,585,True,0.02531811102628266,1.7147870871938233,0.3389713,66,False,False,False,False,False,False,False,False
ENSG00000026025,ENSG00000026025,VIM,42819,True,1.2085714028875325,1.876428807400353,0.3351892,66,False,False,False,False,False,False,False,False
ENSG00000104447,ENSG00000104447,TRPS1,1389,True,0.05577464093062743,1.768779380648459,0.3351128,66,False,False,False,False,False,False,False,False
ENSG00000134321,ENSG00000134321,RSAD2,1222,True,0.05190816929418052,1.7532763439850618,0.33454263,66,False,False,False,False,False,False,False,True
ENSG00000156500,ENSG00000156500,PABIR3,1295,True,0.051173539813722996,1.762221356407808,0.32870176,66,False,False,False,False,False,False,False,False
ENSG00000197863,ENSG00000197863,ZNF790,1466,True,0.0578017592939457,1.7669125291611976,0.32850027,66,False,False,False,False,False,False,False,False
ENSG00000255135,ENSG00000255135,EMSY-DT,1683,True,0.06965140473071088,1.7664706659953389,0.32738376,66,False,False,False,False,False,False,False,False
ENSG00000169660,ENSG00000169660,HEXD,3879,True,0.14530950680552024,1.7638816054956914,0.32714668,66,False,False,False,False,False,False,False,False
ENSG00000153094,ENSG00000153094,BCL2L11,3987,True,0.13981685210993303,1.7655547417010105,0.32209328,66,False,False,False,False,False,False,False,False
ENSG00000111554,ENSG00000111554,MDM1,2873,True,0.10920217999132319,1.7627785486537513,0.3203107,66,False,False,False,False,False,False,False,False
ENSG00000267058,ENSG00000267058,ENSG00000267058,754,True,0.0319490451860877,1.7654709350502555,0.31905642,66,False,False,False,False,False,False,False,False
ENSG00000107242,ENSG00000107242,PIP5K1B,3036,True,0.11399054680237582,1.7643887907868214,0.31489602,66,False,False,False,False,False,False,False,False
ENSG00000173611,ENSG00000173611,SCAI,2595,True,0.09715837444959642,1.7627149684253638,0.3114048,66,False,False,False,False,False,False,False,False
ENSG00000244462,ENSG00000244462,RBM12,2485,True,0.09484630562901457,1.7640414762531007,0.31088156,66,False,False,False,False,False,False,False,False
ENSG00000154265,ENSG00000154265,ABCA5,1806,True,0.06950674875605035,1.763817555425741,0.31061321,66,False,False,False,False,False,False,False,False
ENSG00000171503,ENSG00000171503,ETFDH,2410,True,0.08727999020484709,1.7586762841433483,0.30968684,66,False,False,False,False,False,False,False,False
ENSG00000105851,ENSG00000105851,PIK3CG,2519,True,0.09805752537123652,1.7627436223916357,0.30633175,66,False,False,False,False,False,False,False,False
ENSG00000157540,ENSG00000157540,DYRK1A,3706,True,0.13986803639342663,1.7639524498072474,0.30629268,66,False,False,False,False,False,False,False,False
ENSG00000183111,ENSG00000183111,ARHGEF37,768,True,0.03199401930069026,1.714241644019249,0.30578345,66,False,False,False,False,False,False,False,False
ENSG00000143970,ENSG00000143970,ASXL2,3239,True,0.12132564910115474,1.7640046763206683,0.30575335,66,False,False,False,False,False,False,False,False
ENSG00000054277,ENSG00000054277,OPN3,7275,True,0.27167177552839,1.7661105865403208,0.30481958,66,False,False,False,False,False,False,False,False
ENSG00000105699,ENSG00000105699,LSR,1877,True,0.07199179461293133,1.75937457471289,0.30362374,66,False,False,False,False,False,False,False,False
ENSG00000147872,ENSG00000147872,PLIN2,4994,True,0.17995204782240354,1.7588469555442996,0.3035144,66,False,False,False,False,False,False,False,False
ENSG00000114742,ENSG00000114742,WDR48,4032,True,0.14883239271987428,1.7594239648676826,0.3034203,66,False,False,False,False,False,False,False,False
ENSG00000163428,ENSG00000163428,LRRC58,5905,True,0.20775253968680873,1.7654898758032125,0.30325723,66,False,False,False,False,False,False,False,False
ENSG00000241258,ENSG00000241258,CRCP,5761,True,0.2025696830017323,1.7591227917658758,0.30310813,66,False,False,False,False,False,False,False,False
ENSG00000244701,ENSG00000244701,ENSG00000244701,723,True,0.030234416406085794,1.7344070295040923,0.30308825,66,False,False,False,False,False,False,False,False
ENSG00000128563,ENSG00000128563,PRKRIP1,4069,True,0.14947908052627817,1.7587214772925641,0.30173668,66,False,False,False,False,False,False,False,False
ENSG00000189369,ENSG00000189369,GSPT2,2744,True,0.10572051436794196,1.7608820855997402,0.30121428,66,False,False,False,False,False,False,False,False
ENSG00000135821,ENSG00000135821,GLUL,5374,True,0.19671393787554345,1.7576882970400307,0.3010319,66,False,False,False,False,False,False,False,False
ENSG00000167257,ENSG00000167257,RNF214,3163,True,0.11773608410460391,1.7605194432230236,0.30046448,66,False,False,False,False,False,False,False,False
ENSG00000162419,ENSG00000162419,GMEB1,3161,True,0.11534968369575331,1.7595892038909546,0.30035135,66,False,False,False,False,False,False,False,False
ENSG00000136152,ENSG00000136152,COG3,3310,True,0.12595547552889352,1.7591223333862909,0.2992474,66,False,False,False,False,False,False,False,False
ENSG00000198464,ENSG00000198464,ZNF480,6863,True,0.2460735156546271,1.7575424740955674,0.29845503,66,False,False,False,False,False,False,False,False
ENSG00000147419,ENSG00000147419,CCDC25,9691,True,0.34429348487483796,1.7746716880992315,0.29613706,66,False,False,False,False,False,False,False,False
ENSG00000064995,ENSG00000064995,TAF11,8500,True,0.3019592709028474,1.7752395407238035,0.29369697,66,False,False,False,False,False,False,False,False
ENSG00000160194,ENSG00000160194,NDUFV3,5601,True,0.20443944763032107,1.7564117192767486,0.29343015,66,False,False,False,False,False,False,False,False
ENSG00000123689,ENSG00000123689,G0S2,3234,True,0.12574107128354733,1.7574010742444977,0.29310212,66,False,False,False,False,False,False,False,False
ENSG00000170017,ENSG00000170017,ALCAM,2721,True,0.09972185314911776,1.7556737821894286,0.2924682,66,False,False,False,False,False,False,False,False
ENSG00000162688,ENSG00000162688,AGL,3451,True,0.1291274915451663,1.7578106417262747,0.29210386,66,False,False,False,False,False,False,False,False
ENSG00000145743,ENSG00000145743,FBXL17,1838,True,0.0730893753535233,1.7569889151715508,0.29169425,66,False,False,False,False,False,False,False,False
ENSG00000255529,ENSG00000255529,POLR2M,5300,True,0.19630169742527925,1.7586671526490223,0.2916758,66,False,False,False,False,False,False,False,False
ENSG00000102241,ENSG00000102241,HTATSF1,6532,True,0.2346241653755841,1.7554265060088845,0.29144126,66,False,False,False,False,False,False,False,False
ENSG00000175505,ENSG00000175505,CLCF1,968,True,0.0387855462180216,1.7584661093685428,0.28936866,66,False,False,False,False,False,False,False,False
ENSG00000214900,ENSG00000214900,LINC01588,2890,True,0.11131550840983265,1.7560596626710463,0.28902233,66,False,False,False,False,False,False,False,False
ENSG00000181744,ENSG00000181744,DIPK2A,2568,True,0.09207400697849084,1.7545835108261123,0.28823778,66,False,False,False,False,False,False,False,False
ENSG00000234444,ENSG00000234444,ZNF736,2144,True,0.08275280906190036,1.7568279582269122,0.2873688,66,False,False,False,False,False,False,False,False
ENSG00000165169,ENSG00000165169,DYNLT3,6772,True,0.2503925910936862,1.7575592101797481,0.28672847,66,False,False,False,False,False,False,False,False
ENSG00000232788,ENSG00000232788,ITGA6-AS1,1303,True,0.052630749265978743,1.756499532407143,0.28632438,66,False,False,False,False,False,False,False,False
ENSG00000100359,ENSG00000100359,SGSM3,7074,True,0.2562739144245581,1.7631607259287667,0.2855312,66,False,False,False,False,False,False,False,False
ENSG00000126775,ENSG00000126775,ATG14,3954,True,0.14680981090455472,1.757718036530742,0.2852415,66,False,False,False,False,False,False,False,False
ENSG00000138081,ENSG00000138081,FBXO11,5711,True,0.20772331296878296,1.7585207865624666,0.2852409,66,False,False,False,False,False,False,False,False
ENSG00000162959,ENSG00000162959,MEMO1,3358,True,0.12778095345026289,1.7562366658735042,0.2837444,66,False,False,False,False,False,False,False,False
ENSG00000144468,ENSG00000144468,RHBDD1,3015,True,0.11199494913520175,1.7545177126645926,0.2820718,66,False,False,False,False,False,False,False,False
ENSG00000135698,ENSG00000135698,MPHOSPH6,3895,True,0.15136120000529424,1.7527591061189958,0.28159273,66,False,False,False,False,False,False,False,False
ENSG00000126882,ENSG00000126882,FAM78A,2662,True,0.10130219343580481,1.7536694713447671,0.28083882,66,False,False,False,False,False,False,False,False
ENSG00000005889,ENSG00000005889,ZFX,8449,True,0.30249664252816966,1.7720069578694286,0.27949208,66,False,False,False,False,False,False,False,False
ENSG00000253710,ENSG00000253710,ALG11,1232,True,0.04788722901969762,1.7542960010244293,0.27839845,66,False,False,False,False,False,False,False,False
ENSG00000100599,ENSG00000100599,RIN3,6464,True,0.2305439440717964,1.7561123027950851,0.27729964,66,False,False,False,False,False,False,False,False
ENSG00000102409,ENSG00000102409,BEX4,9101,True,0.33772569171921507,1.7728677442929537,0.27722096,66,False,False,False,False,False,False,False,False
ENSG00000101336,ENSG00000101336,HCK,6244,True,0.21874104048486823,1.7492582228627094,0.275866,66,False,False,False,False,False,False,False,False
ENSG00000269293,ENSG00000269293,ZSCAN16-AS1,7378,True,0.2666191409974165,1.756459477617475,0.2753448,66,False,False,False,False,False,False,False,False
ENSG00000105617,ENSG00000105617,LENG1,8353,True,0.2995825638898776,1.7733937059058866,0.27420852,66,False,False,False,False,False,False,False,False
ENSG00000130749,ENSG00000130749,ZC3H4,2565,True,0.10379097713437863,1.7537619639828967,0.27337357,66,False,False,False,False,False,False,False,False
ENSG00000134255,ENSG00000134255,CEPT1,9725,True,0.34024428485733965,1.771072912627185,0.27318832,66,False,False,False,False,False,False,False,False
ENSG00000265739,ENSG00000265739,ENSG00000265739,1617,True,0.06525724129010728,1.7310233069769903,0.27250063,66,False,False,False,False,False,False,False,False
ENSG00000185946,ENSG00000185946,RNPC3,6375,True,0.23002995544438562,1.7628352859807814,0.27231923,66,False,False,False,False,False,False,False,False
ENSG00000087087,ENSG00000087087,SRRT,5256,True,0.1898838866112695,1.7546742872266585,0.27224058,66,False,False,False,False,False,False,False,False
ENSG00000197008,ENSG00000197008,ZNF138,4092,True,0.15059451265125093,1.7521148700995255,0.27198273,66,False,False,False,False,False,False,False,False
ENSG00000168564,ENSG00000168564,CDKN2AIP,4317,True,0.15929815363606933,1.7528367761875658,0.2719664,66,False,False,False,False,False,False,False,False
ENSG00000237440,ENSG00000237440,ZNF737,1216,True,0.04670507036079896,1.6915526214357612,0.27195793,66,False,False,False,False,False,False,False,False
ENSG00000124406,ENSG00000124406,ATP8A1,4296,True,0.1608324834796474,1.7531254624228838,0.27167854,66,False,False,False,False,False,False,False,False
ENSG00000197969,ENSG00000197969,VPS13A,5665,True,0.20574114560527643,1.7537431451710992,0.27147505,66,False,False,False,False,False,False,False,False
ENSG00000113456,ENSG00000113456,RAD1,3780,True,0.14435058393516903,1.7553633857645332,0.2712082,66,False,False,False,False,False,False,False,False
ENSG00000163249,ENSG00000163249,CCNYL1,1002,True,0.0388532634483519,1.744075245325117,0.27034545,66,False,False,False,False,False,False,False,False
ENSG00000133393,ENSG00000133393,CEP20,3945,True,0.14768254172238146,1.7524857926855433,0.27028632,66,False,False,False,False,False,False,False,False
ENSG00000143190,ENSG00000143190,POU2F1,4938,True,0.17753571258252385,1.751439292083989,0.26998043,66,False,False,False,False,False,False,False,False
ENSG00000005339,ENSG00000005339,CREBBP,7180,True,0.25002785056053556,1.7607467566461736,0.26808992,66,False,False,False,False,False,False,False,False
ENSG00000143442,ENSG00000143442,POGZ,5120,True,0.1864959836173328,1.7525510837592897,0.26691702,66,False,False,False,False,False,False,False,False
ENSG00000198561,ENSG00000198561,CTNND1,1285,True,0.0513364522527989,1.7535407406502466,0.26670578,66,False,False,False,False,False,False,False,False
ENSG00000141646,ENSG00000141646,SMAD4,2428,True,0.09150719713803457,1.7532917396414427,0.2662674,66,False,False,False,False,False,False,False,False
ENSG00000173545,ENSG00000173545,ZNF622,7147,True,0.25633060323764983,1.7562989591456253,0.26559693,66,False,False,False,False,False,False,False,False
ENSG00000064933,ENSG00000064933,PMS1,3685,True,0.13924549496387972,1.7517960806928656,0.26554275,66,False,False,False,False,False,False,False,False
ENSG00000134152,ENSG00000134152,KATNBL1,8274,True,0.29326169403073504,1.7580852877012894,0.26515195,66,False,False,False,False,False,False,False,False
ENSG00000165156,ENSG00000165156,ZHX1,3144,True,0.1163553731535628,1.749182629780958,0.26510084,66,False,False,False,False,False,False,False,False
ENSG00000141580,ENSG00000141580,WDR45B,6679,True,0.243109544606342,1.751783328223366,0.26369298,66,False,False,False,False,False,False,False,False
ENSG00000144827,ENSG00000144827,ABHD10,2673,True,0.10550308439818919,1.752359557875363,0.2633706,66,False,False,False,False,False,False,False,False
ENSG00000151532,ENSG00000151532,VTI1A,4987,True,0.17632566944721315,1.752991178697004,0.26254767,66,False,False,False,False,False,False,False,False
ENSG00000107745,ENSG00000107745,MICU1,4791,True,0.18290344139113765,1.7518314743824919,0.26089582,66,False,False,False,False,False,False,False,False
ENSG00000088179,ENSG00000088179,PTPN4,6392,True,0.23584812215124976,1.7530990692390693,0.25891912,66,False,False,False,False,False,False,False,False
ENSG00000100523,ENSG00000100523,DDHD1,5117,True,0.18148916156656233,1.7492875368219096,0.25832123,66,False,False,False,False,False,False,False,False
ENSG00000122008,ENSG00000122008,POLK,8526,True,0.2977367643438692,1.7599757064092907,0.25710934,66,False,False,False,False,False,False,False,False
ENSG00000197912,ENSG00000197912,SPG7,6437,True,0.22705771251166168,1.7523775897112346,0.25658196,66,False,False,False,False,False,False,False,False
ENSG00000196428,ENSG00000196428,TSC22D2,3642,True,0.13792433539604157,1.7534278503194611,0.25635138,66,False,False,False,False,False,False,False,False
ENSG00000139154,ENSG00000139154,AEBP2,2440,True,0.09394919458277848,1.7501265775221222,0.25624925,66,False,False,False,False,False,False,False,False
ENSG00000229809,ENSG00000229809,ZNF688,5278,True,0.1939658036314501,1.7518199386313484,0.2556207,66,False,False,False,False,False,False,False,False
ENSG00000196465,ENSG00000196465,MYL6B,4656,True,0.17265525617982258,1.7487982335268122,0.2551759,66,False,False,False,False,False,False,False,False
ENSG00000154813,ENSG00000154813,DPH3,5019,True,0.1910707166289277,1.748671032588199,0.254702,66,False,False,False,False,False,False,False,False
ENSG00000122965,ENSG00000122965,RBM19,3363,True,0.12741061212511037,1.7487554186283263,0.25436315,66,False,False,False,False,False,False,False,False
ENSG00000120837,ENSG00000120837,NFYB,3524,True,0.13619260102834643,1.7484893297717479,0.2542977,66,False,False,False,False,False,False,False,False
ENSG00000197170,ENSG00000197170,PSMD12,5796,True,0.2089756220240991,1.7483327446279744,0.25415292,66,False,False,False,False,False,False,False,False
ENSG00000076685,ENSG00000076685,NT5C2,3315,True,0.12193536513282396,1.748910979357187,0.25261682,66,False,False,False,False,False,False,False,False
ENSG00000077458,ENSG00000077458,FAM76B,5547,True,0.2017039402470879,1.7547546468654338,0.2524485,66,False,False,False,False,False,False,False,False
ENSG00000163281,ENSG00000163281,GNPDA2,2895,True,0.10962673191550115,1.7496982558442895,0.25191888,66,False,False,False,False,False,False,False,False
ENSG00000006715,ENSG00000006715,VPS41,3496,True,0.1286339525965516,1.7499609546561132,0.25169152,66,False,False,False,False,False,False,False,False
ENSG00000139508,ENSG00000139508,SLC46A3,2938,True,0.11150978132709642,1.7482241339598332,0.25102305,66,False,False,False,False,False,False,False,False
ENSG00000083642,ENSG00000083642,PDS5B,6851,True,0.2514958621667622,1.7562494668046496,0.2507207,66,False,False,False,False,False,False,False,False
ENSG00000095209,ENSG00000095209,TMEM38B,4802,True,0.18305917987868822,1.7482467223074598,0.24957566,66,False,False,False,False,False,False,False,False
ENSG00000221978,ENSG00000221978,CCNL2,7096,True,0.252319858348557,1.7506298623350625,0.24871413,66,False,False,False,False,False,False,False,False
ENSG00000135775,ENSG00000135775,COG2,3248,True,0.11937427627715938,1.7469681244902588,0.24837646,66,False,False,False,False,False,False,False,False
ENSG00000136504,ENSG00000136504,KAT7,4138,True,0.15335246331500796,1.745529965565204,0.24681889,66,False,False,False,False,False,False,False,False
ENSG00000147316,ENSG00000147316,MCPH1,5906,True,0.2044341761466673,1.7535074619454887,0.24658218,66,False,False,False,False,False,False,False,False
ENSG00000142039,ENSG00000142039,CCDC97,3521,True,0.12756745717534154,1.7493960312493047,0.2455237,66,False,False,False,False,False,False,False,False
ENSG00000171984,ENSG00000171984,SHLD1,4472,True,0.1818852915656916,1.7491978582021206,0.24354587,66,False,False,False,False,False,False,False,False
ENSG00000196705,ENSG00000196705,ZNF431,4961,True,0.17903558344327078,1.750871129130715,0.24189578,66,False,False,False,False,False,False,False,False
ENSG00000111215,ENSG00000111215,PRR4,6244,True,0.22371390569417232,1.7489626909388583,0.24150917,66,False,False,False,False,False,False,False,False
ENSG00000100814,ENSG00000100814,CCNB1IP1,7225,True,0.25130656200871326,1.7487601068555236,0.24063213,66,False,False,False,False,False,False,False,False
ENSG00000231074,ENSG00000231074,HCG18,4325,True,0.16181362822895223,1.7490471535413563,0.24060443,66,False,False,False,False,False,False,False,False
ENSG00000160218,ENSG00000160218,TRAPPC10,6078,True,0.2144368015084514,1.757352585713254,0.24022545,66,False,False,False,False,False,False,False,False
ENSG00000102984,ENSG00000102984,ZNF821,5455,True,0.1989205980444609,1.7466344760143506,0.23866947,66,False,False,False,False,False,False,False,False
ENSG00000105879,ENSG00000105879,CBLL1,4800,True,0.17761117407439217,1.743796094327338,0.2331261,66,False,False,False,False,False,False,False,False
ENSG00000130787,ENSG00000130787,HIP1R,5046,True,0.1818855311703459,1.7443872042926265,0.22540255,66,False,False,False,False,False,False,False,False
ENSG00000111581,ENSG00000111581,NUP107,7592,True,0.2723202075536766,1.749322609684851,0.22122176,66,False,False,False,False,False,False,False,False
ENSG00000143390,ENSG00000143390,RFX5,5009,True,0.1840446832613979,1.7435648165555102,0.21981072,66,False,False,False,False,False,False,False,False
ENSG00000114933,ENSG00000114933,INO80D,6422,True,0.22676157849987266,1.750320895114279,0.21549518,66,False,False,False,False,False,False,False,False
ENSG00000166783,ENSG00000166783,MARF1,7988,True,0.2811206248917888,1.7618677576094144,0.20839025,66,False,False,False,False,False,False,False,False
ENSG00000215114,ENSG00000215114,UBXN2B,2088,True,0.07937329021321728,1.7331938377674831,0.20124818,66,False,False,False,False,False,False,False,False
ENSG00000061794,ENSG00000061794,MRPS35,7895,True,0.2733804480884357,1.7377663117533577,0.18828602,66,False,False,False,False,False,False,False,False
ENSG00000115523,ENSG00000115523,GNLY,22972,True,0.7018303496555273,1.884359423928334,1.097447,65,False,False,False,False,False,False,False,False
ENSG00000223881,ENSG00000223881,ENSG00000223881,474,True,0.021447396858700233,1.7955100597526474,0.59124327,65,False,False,False,False,False,False,False,False
ENSG00000161929,ENSG00000161929,SCIMP,11861,True,0.3938225701536427,1.793684655880277,0.5447839,65,False,False,False,False,False,False,False,False
ENSG00000151090,ENSG00000151090,THRB,423,True,0.018319163128246586,1.633307506249723,0.542469,65,False,False,False,False,False,False,False,False
ENSG00000257764,ENSG00000257764,ENSG00000257764,6006,True,0.22402293022182898,1.7973040889918581,0.51482797,65,False,False,False,False,False,False,False,False
ENSG00000185507,ENSG00000185507,IRF7,13306,True,0.45924243101492923,1.7977646136391143,0.49317256,65,False,False,False,False,False,False,False,True
ENSG00000125844,ENSG00000125844,RRBP1,4429,True,0.1636056886081909,1.7961245438225006,0.48764017,65,False,False,False,False,False,False,False,False
ENSG00000111640,ENSG00000111640,GAPDH,58150,True,1.555749934331802,1.9818333228176916,0.48182255,65,False,False,False,False,False,False,False,False
ENSG00000158417,ENSG00000158417,EIF5B,22669,True,0.7387673970369513,1.8234396358951572,0.47038865,65,False,False,False,False,False,False,False,False
ENSG00000023287,ENSG00000023287,RB1CC1,10952,True,0.38174487659288336,1.7939248705403619,0.4689181,65,False,False,False,False,False,False,False,False
ENSG00000086300,ENSG00000086300,SNX10,16336,True,0.5522167229564932,1.7982844558516404,0.4635715,65,False,False,False,False,False,False,False,False
ENSG00000082996,ENSG00000082996,RNF13,10886,True,0.38692545175268195,1.7965530002638308,0.45725346,65,False,False,False,False,False,False,False,False
ENSG00000239941,ENSG00000239941,LINC02917,339,True,0.014774977148669467,1.6986727587193209,0.4550755,65,False,False,False,False,False,False,False,False
ENSG00000176293,ENSG00000176293,ZNF135,546,True,0.02351615718853356,1.7958738306841333,0.45487195,65,False,False,False,False,False,False,False,False
ENSG00000220008,ENSG00000220008,LINGO3,500,True,0.02139616775363913,1.7749442465188565,0.45387986,65,False,False,False,False,False,False,False,False
ENSG00000152404,ENSG00000152404,CWF19L2,19565,True,0.6502205820674685,1.8072956604594559,0.44583312,65,False,False,False,False,False,False,False,False
ENSG00000198624,ENSG00000198624,CCDC69,12763,True,0.43128314695707726,1.7973880139050395,0.44433427,65,False,False,False,False,False,False,False,False
ENSG00000263400,ENSG00000263400,TMEM220-AS1,268,True,0.011314093079917726,1.524380435381442,0.44275358,65,False,False,False,False,False,False,False,False
ENSG00000203778,ENSG00000203778,FAM229B,780,True,0.032694211957782764,1.7864307440313512,0.42178184,65,False,False,False,False,False,False,False,False
ENSG00000260081,ENSG00000260081,MRFAP1P1,1146,True,0.04864128740963554,1.784783343578931,0.4182969,65,False,False,False,False,False,False,False,False
ENSG00000265185,ENSG00000265185,SNORD3B-1,1062,True,0.04503449732253822,1.7842830012927302,0.41653886,65,False,False,False,False,False,False,False,False
ENSG00000113140,ENSG00000113140,SPARC,1645,True,0.06820844386136092,1.7824377802618336,0.41076514,65,False,False,False,False,False,False,False,False
ENSG00000144747,ENSG00000144747,TMF1,11195,True,0.3872454822827345,1.7935278760375732,0.39903978,65,False,False,False,False,False,False,False,False
ENSG00000183508,ENSG00000183508,TENT5C,10588,True,0.3798680270685813,1.785878997677647,0.3981574,65,False,False,False,False,False,False,False,False
ENSG00000267254,ENSG00000267254,ZNF790-AS1,1217,True,0.049977293197281926,1.7820312338855673,0.3953975,65,False,False,False,False,False,False,False,False
ENSG00000204620,ENSG00000204620,ENSG00000204620,650,True,0.028425505353398862,1.7623560942198175,0.38913944,65,False,False,False,False,False,False,False,False
ENSG00000197880,ENSG00000197880,MDS2,1815,True,0.07153332022153606,1.7772799827936068,0.38530776,65,False,False,False,False,False,False,False,False
ENSG00000132849,ENSG00000132849,PATJ,2200,True,0.08468123223816751,1.7793002632599622,0.38448328,65,False,False,False,False,False,False,False,False
ENSG00000163406,ENSG00000163406,SLC15A2,1559,True,0.06343502789260648,1.775844431515447,0.37889272,65,False,False,False,False,False,False,False,False
ENSG00000005302,ENSG00000005302,MSL3,12488,True,0.42791081277512394,1.785318947925245,0.37590036,65,False,False,False,False,False,False,False,False
ENSG00000106603,ENSG00000106603,COA1,9804,True,0.3536494996889876,1.791245248912695,0.37276953,65,False,False,False,False,False,False,False,False
ENSG00000234545,ENSG00000234545,FAM133B,26255,True,0.8175178823772985,1.8244315574809795,0.37102318,65,False,False,False,False,False,False,False,False
ENSG00000152443,ENSG00000152443,ZNF776,1341,True,0.055325269450652616,1.778344172866329,0.3694985,65,False,False,False,False,False,False,False,False
ENSG00000272145,ENSG00000272145,NFYC-AS1,729,True,0.030790136355447906,1.7469518635012142,0.36938864,65,False,False,False,False,False,False,False,False
ENSG00000146535,ENSG00000146535,GNA12,1873,True,0.07048358174993244,1.7800267656238935,0.36554012,65,False,False,False,False,False,False,False,False
ENSG00000248275,ENSG00000248275,TRIM52-AS1,8579,True,0.31751772939874817,1.7787534096573496,0.3655166,65,False,False,False,False,False,False,False,False
ENSG00000163565,ENSG00000163565,IFI16,47284,True,1.311081640423818,1.8696090266333725,0.36293417,65,False,False,False,False,False,False,False,True
ENSG00000228126,ENSG00000228126,FALEC,608,True,0.02663713804551967,1.7759136300761142,0.357597,65,False,False,False,False,False,False,False,False
ENSG00000169519,ENSG00000169519,METTL15,2387,True,0.09405578295473224,1.7714858699247886,0.35375425,65,False,False,False,False,False,False,False,False
ENSG00000085871,ENSG00000085871,MGST2,1121,True,0.046693523921094986,1.7710566725458714,0.3491721,65,False,False,False,False,False,False,False,False
ENSG00000117425,ENSG00000117425,PTCH2,1742,True,0.07165356704486513,1.7714969103743734,0.34715265,65,False,False,False,False,False,False,False,False
ENSG00000133641,ENSG00000133641,RLIG1,2144,True,0.08210797135762155,1.7725550686197744,0.34533334,65,False,False,False,False,False,False,False,False
ENSG00000197841,ENSG00000197841,ZNF181,1284,True,0.05093104502945223,1.7396436081326192,0.34252208,65,False,False,False,False,False,False,False,False
ENSG00000115841,ENSG00000115841,RMDN2,1933,True,0.07802964275748989,1.7664795250940086,0.340939,65,False,False,False,False,False,False,False,False
ENSG00000112234,ENSG00000112234,FBXL4,2125,True,0.08208226639841193,1.7676442683497624,0.33809075,65,False,False,False,False,False,False,False,False
ENSG00000173276,ENSG00000173276,ZBTB21,3428,True,0.13130678797751838,1.7673815337675338,0.3353868,65,False,False,False,False,False,False,False,False
ENSG00000129535,ENSG00000129535,NRL,1088,True,0.0452068163615874,1.7682988559028607,0.33233514,65,False,False,False,False,False,False,False,False
ENSG00000186815,ENSG00000186815,TPCN1,1305,True,0.05186836471365817,1.761195366103626,0.33033094,65,False,False,False,False,False,False,False,False
ENSG00000065882,ENSG00000065882,TBC1D1,7087,True,0.25012080749307924,1.7702331553158326,0.33022982,65,False,False,False,False,False,False,False,False
ENSG00000185963,ENSG00000185963,BICD2,3193,True,0.1201884440540769,1.7654157612243808,0.32214835,65,False,False,False,False,False,False,False,False
ENSG00000130589,ENSG00000130589,HELZ2,2969,True,0.11215103381716869,1.7651771433539432,0.32154396,65,False,False,False,False,False,False,False,False
ENSG00000164180,ENSG00000164180,TMEM161B,3347,True,0.12763584266077616,1.7644697591063427,0.32095152,65,False,False,False,False,False,False,False,False
ENSG00000182372,ENSG00000182372,CLN8,5750,True,0.20999131674477864,1.7619075959654535,0.32091522,65,False,False,False,False,False,False,False,False
ENSG00000177337,ENSG00000177337,DLGAP1-AS1,2126,True,0.08340896945108757,1.7640736073365384,0.31425732,65,False,False,False,False,False,False,False,False
ENSG00000245556,ENSG00000245556,SCAMP1-AS1,2927,True,0.108952268543543,1.7626481003705434,0.3139474,65,False,False,False,False,False,False,False,False
ENSG00000145632,ENSG00000145632,PLK2,825,True,0.03464029498854205,1.7631597930421525,0.31311685,65,False,False,False,False,False,False,False,False
ENSG00000157426,ENSG00000157426,AASDH,3882,True,0.14844907852986824,1.7599125093084333,0.31293297,65,False,False,False,False,False,False,False,False
ENSG00000138074,ENSG00000138074,SLC5A6,2512,True,0.09977660069707367,1.7634550671289821,0.31158435,65,False,False,False,False,False,False,False,False
ENSG00000204070,ENSG00000204070,SYS1,3174,True,0.11886093252502826,1.7612497586849591,0.31066146,65,False,False,False,False,False,False,False,False
ENSG00000102606,ENSG00000102606,ARHGEF7,2688,True,0.09937955913829472,1.7629282954648957,0.30955777,65,False,False,False,False,False,False,False,False
ENSG00000161642,ENSG00000161642,ZNF385A,1507,True,0.058949027745219,1.7336294125892946,0.30930617,65,False,False,False,False,False,False,False,False
ENSG00000164080,ENSG00000164080,RAD54L2,2291,True,0.08785813532212537,1.7627435769679387,0.30782807,65,False,False,False,False,False,False,False,False
ENSG00000221883,ENSG00000221883,ARIH2OS,2340,True,0.09114951414636346,1.7623722138808982,0.30764857,65,False,False,False,False,False,False,False,False
ENSG00000110077,ENSG00000110077,MS4A6A,4261,True,0.16590665426884424,1.7642527858050563,0.30743316,65,False,False,False,False,False,False,False,False
ENSG00000182141,ENSG00000182141,ZNF708,3978,True,0.14115988513788358,1.7592698902517276,0.3068393,65,False,False,False,False,False,False,False,False
ENSG00000104219,ENSG00000104219,ZDHHC2,3014,True,0.1228953138786904,1.758140163247032,0.30613622,65,False,False,False,False,False,False,False,False
ENSG00000197372,ENSG00000197372,ZNF675,3377,True,0.12393462373884695,1.7599978945236765,0.3043907,65,False,False,False,False,False,False,False,False
ENSG00000076650,ENSG00000076650,GPATCH1,1890,True,0.0724534835817199,1.7618870844186993,0.30429918,65,False,False,False,False,False,False,False,False
ENSG00000233184,ENSG00000233184,DPH5-DT,3908,True,0.15408913488432463,1.7593597510529533,0.30323932,65,False,False,False,False,False,False,False,False
ENSG00000163935,ENSG00000163935,SFMBT1,2696,True,0.09908039984314358,1.7610789962788167,0.30224827,65,False,False,False,False,False,False,False,False
ENSG00000180773,ENSG00000180773,SLC36A4,3550,True,0.13405002676288483,1.7616476302052506,0.3021604,65,False,False,False,False,False,False,False,False
ENSG00000257923,ENSG00000257923,CUX1,5167,True,0.1828449712621145,1.7603268249420603,0.3019124,65,False,False,False,False,False,False,False,False
ENSG00000100485,ENSG00000100485,SOS2,2895,True,0.1062459572777738,1.7600583434073351,0.29978275,65,False,False,False,False,False,False,False,False
ENSG00000110888,ENSG00000110888,CAPRIN2,1797,True,0.06813520680941855,1.7563511335091528,0.2989331,65,False,False,False,False,False,False,False,False
ENSG00000176410,ENSG00000176410,DNAJC30,3686,True,0.1385594445113634,1.7600432449438388,0.29832962,65,False,False,False,False,False,False,False,False
ENSG00000114126,ENSG00000114126,TFDP2,5183,True,0.188169790841112,1.7597898000916317,0.29585192,65,False,False,False,False,False,False,False,False
ENSG00000162642,ENSG00000162642,C1orf52,5683,True,0.2097848543786414,1.7580352165283963,0.29446197,65,False,False,False,False,False,False,False,False
ENSG00000167323,ENSG00000167323,STIM1,3703,True,0.14238065151551002,1.7605041934683372,0.29415736,65,False,False,False,False,False,False,False,False
ENSG00000257093,ENSG00000257093,DENND11,2188,True,0.0863333141780931,1.7602504974401312,0.29325297,65,False,False,False,False,False,False,False,False
ENSG00000133985,ENSG00000133985,TTC9,1790,True,0.06970629893283892,1.7599729839355986,0.29202312,65,False,False,False,False,False,False,False,False
ENSG00000138035,ENSG00000138035,PNPT1,3926,True,0.14645441387862596,1.7589858860984007,0.29131573,65,False,False,False,False,False,False,False,False
ENSG00000101856,ENSG00000101856,PGRMC1,3362,True,0.12949256958067437,1.75840779706963,0.29118085,65,False,False,False,False,False,False,False,False
ENSG00000147654,ENSG00000147654,EBAG9,7122,True,0.25512857992352483,1.7554168880235321,0.28872162,65,False,False,False,False,False,False,False,False
ENSG00000062725,ENSG00000062725,APPBP2,2928,True,0.10905712498792423,1.7572659193986901,0.28865996,65,False,False,False,False,False,False,False,False
ENSG00000166912,ENSG00000166912,MTMR10,1781,True,0.0684078165280719,1.7587517539575706,0.28853047,65,False,False,False,False,False,False,False,False
ENSG00000187555,ENSG00000187555,USP7,4784,True,0.17699904901806904,1.7574873844768761,0.28715587,65,False,False,False,False,False,False,False,False
ENSG00000186166,ENSG00000186166,CENATAC,3073,True,0.1124340683902487,1.7594023979751958,0.28572288,65,False,False,False,False,False,False,False,False
ENSG00000204514,ENSG00000204514,ZNF814,3679,True,0.13867739465104498,1.7556384687795563,0.2851101,65,False,False,False,False,False,False,False,False
ENSG00000047662,ENSG00000047662,FAM184B,1806,True,0.07026097069402383,1.7592433236717029,0.28186595,65,False,False,False,False,False,False,False,False
ENSG00000162601,ENSG00000162601,MYSM1,5380,True,0.19108867478969674,1.754576094025987,0.28084266,65,False,False,False,False,False,False,False,False
ENSG00000213689,ENSG00000213689,TREX1,6135,True,0.2206117308838726,1.7564878763484537,0.2800459,65,False,False,False,False,False,False,False,False
ENSG00000080345,ENSG00000080345,RIF1,6125,True,0.21791187060932693,1.7585085231517317,0.27943227,65,False,False,False,False,False,False,False,False
ENSG00000127720,ENSG00000127720,METTL25,1474,True,0.05758302652385325,1.751206518955491,0.27885932,65,False,False,False,False,False,False,False,False
ENSG00000163125,ENSG00000163125,RPRD2,5242,True,0.19178593938634528,1.7563924887366007,0.2786854,65,False,False,False,False,False,False,False,False
ENSG00000196712,ENSG00000196712,NF1,2391,True,0.0917910112490598,1.752598219426124,0.27791262,65,False,False,False,False,False,False,False,False
ENSG00000204520,ENSG00000204520,MICA,1671,True,0.06856122426554014,1.7553195654565095,0.27762774,65,False,False,False,False,False,False,False,False
ENSG00000138756,ENSG00000138756,BMP2K,5073,True,0.18949022890428602,1.7563928115116527,0.27736172,65,False,False,False,False,False,False,False,False
ENSG00000144655,ENSG00000144655,CSRNP1,5940,True,0.21922158564136718,1.7606113066828029,0.2764536,65,False,False,False,False,False,False,False,False
ENSG00000021574,ENSG00000021574,SPAST,2298,True,0.08473976249756797,1.7530211204040969,0.27606007,65,False,False,False,False,False,False,False,False
ENSG00000137628,ENSG00000137628,DDX60,3354,True,0.1292949692078721,1.7522332793478042,0.27523834,65,False,False,False,False,False,False,False,False
ENSG00000109790,ENSG00000109790,KLHL5,4969,True,0.17835478068973665,1.7546455513943355,0.27497867,65,False,False,False,False,False,False,False,False
ENSG00000260274,ENSG00000260274,ENSG00000260274,921,True,0.037440908498398165,1.7233311150984951,0.2746737,65,False,False,False,False,False,False,False,False
ENSG00000129315,ENSG00000129315,CCNT1,4186,True,0.16047284190858502,1.7540244985720628,0.274013,65,False,False,False,False,False,False,False,False
ENSG00000163904,ENSG00000163904,SENP2,3653,True,0.1340271805281313,1.7520551714689987,0.27270532,65,False,False,False,False,False,False,False,False
ENSG00000140262,ENSG00000140262,TCF12,3604,True,0.13253625471244643,1.7546125812185758,0.27265796,65,False,False,False,False,False,False,False,False
ENSG00000164022,ENSG00000164022,AIMP1,20008,True,0.6564966800762668,1.7906734731646161,0.27196875,65,False,False,False,False,False,False,False,False
ENSG00000068878,ENSG00000068878,PSME4,6971,True,0.24782732916052208,1.7604867827994573,0.26963025,65,False,False,False,False,False,False,False,False
ENSG00000166377,ENSG00000166377,ATP9B,3985,True,0.1405490854059743,1.7497175121702033,0.2682447,65,False,False,False,False,False,False,False,False
ENSG00000117597,ENSG00000117597,UTP25,2106,True,0.07894059753381778,1.7517504346451283,0.26803467,65,False,False,False,False,False,False,False,False
ENSG00000170242,ENSG00000170242,USP47,6724,True,0.23886681398913517,1.7563975962908573,0.26708573,65,False,False,False,False,False,False,False,False
ENSG00000136141,ENSG00000136141,LRCH1,2894,True,0.10926640538935262,1.7497653696888478,0.2656977,65,False,False,False,False,False,False,False,False
ENSG00000160993,ENSG00000160993,ALKBH4,1860,True,0.0690751031381367,1.7524127357603911,0.26471028,65,False,False,False,False,False,False,False,False
ENSG00000066084,ENSG00000066084,DIP2B,3981,True,0.14751470529168179,1.7516684798437316,0.26400784,65,False,False,False,False,False,False,False,False
ENSG00000158122,ENSG00000158122,PRXL2C,5014,True,0.18920832549996874,1.7500688568681126,0.26149878,65,False,False,False,False,False,False,False,False
ENSG00000230590,ENSG00000230590,FTX,2535,True,0.09010891223537555,1.754555546279463,0.2606772,65,False,False,False,False,False,False,False,False
ENSG00000188428,ENSG00000188428,BLOC1S5,3076,True,0.11552635152101631,1.7506612427849595,0.2602193,65,False,False,False,False,False,False,False,False
ENSG00000143702,ENSG00000143702,CEP170,4539,True,0.16491853294798203,1.7519326884526374,0.26018506,65,False,False,False,False,False,False,False,False
ENSG00000164944,ENSG00000164944,VIRMA,4140,True,0.1472815194718142,1.7482871822420833,0.25989237,65,False,False,False,False,False,False,False,False
ENSG00000027697,ENSG00000027697,IFNGR1,7053,True,0.255945381705861,1.751810245117091,0.25853115,65,False,False,False,False,False,False,False,False
ENSG00000117174,ENSG00000117174,ZNHIT6,6116,True,0.21823916622403428,1.7545748911969548,0.25739878,65,False,False,False,False,False,False,False,False
ENSG00000119231,ENSG00000119231,SENP5,4892,True,0.180859842335244,1.7493910667531678,0.25698197,65,False,False,False,False,False,False,False,False
ENSG00000163376,ENSG00000163376,KBTBD8,2243,True,0.0886025031758128,1.7514830911977228,0.25658357,65,False,False,False,False,False,False,False,False
ENSG00000066427,ENSG00000066427,ATXN3,4389,True,0.16151688832148173,1.7481616526440404,0.25512266,65,False,False,False,False,False,False,False,False
ENSG00000083828,ENSG00000083828,ZNF586,2389,True,0.0919163447230246,1.7495202705348616,0.25468084,65,False,False,False,False,False,False,False,False
ENSG00000031003,ENSG00000031003,FAM13B,6011,True,0.21174115744393943,1.7557655483996248,0.25367656,65,False,False,False,False,False,False,False,False
ENSG00000176476,ENSG00000176476,SGF29,3933,True,0.150509703707549,1.750003914777678,0.25347525,65,False,False,False,False,False,False,False,False
ENSG00000132773,ENSG00000132773,TOE1,3080,True,0.11372065305382488,1.750757978692153,0.25272074,65,False,False,False,False,False,False,False,False
ENSG00000165792,ENSG00000165792,METTL17,4794,True,0.17453704051712987,1.7463902404531708,0.24975051,65,False,False,False,False,False,False,False,False
ENSG00000116906,ENSG00000116906,GNPAT,5913,True,0.21645487300749996,1.747243043562875,0.24840057,65,False,False,False,False,False,False,False,False
ENSG00000178381,ENSG00000178381,ZFAND2A,6704,True,0.2398015269594355,1.7508629504019455,0.24815072,65,False,False,False,False,False,False,False,False
ENSG00000163743,ENSG00000163743,RCHY1,3485,True,0.1319097167530764,1.746444182677817,0.24700344,65,False,False,False,False,False,False,False,False
ENSG00000115339,ENSG00000115339,GALNT3,1693,True,0.06579430977967522,1.7407193359130095,0.24690205,65,False,False,False,False,False,False,False,False
ENSG00000137845,ENSG00000137845,ADAM10,4862,True,0.1747910964592387,1.7480639667931308,0.24678627,65,False,False,False,False,False,False,False,False
ENSG00000204599,ENSG00000204599,TRIM39,2333,True,0.0911191802254279,1.7453770162219902,0.24647291,65,False,False,False,False,False,False,False,False
ENSG00000169682,ENSG00000169682,SPNS1,3611,True,0.13100326606525353,1.7479238846501248,0.24641399,65,False,False,False,False,False,False,False,False
ENSG00000103249,ENSG00000103249,CLCN7,3200,True,0.11705653464351125,1.74854231699598,0.24590634,65,False,False,False,False,False,False,False,False
ENSG00000113163,ENSG00000113163,CERT1,4636,True,0.16808507569989378,1.7485316701521845,0.24519192,65,False,False,False,False,False,False,False,False
ENSG00000174839,ENSG00000174839,DENND6A,2055,True,0.07652386642686614,1.7504601647385214,0.24502736,65,False,False,False,False,False,False,False,False
ENSG00000099968,ENSG00000099968,BCL2L13,5001,True,0.1836121844467919,1.745803726380057,0.24122104,65,False,False,False,False,False,False,False,False
ENSG00000124214,ENSG00000124214,STAU1,9149,True,0.3181527284455028,1.762278289730361,0.24115418,65,False,False,False,False,False,False,False,False
ENSG00000140983,ENSG00000140983,RHOT2,6433,True,0.23355365826799215,1.74493474768393,0.23876622,65,False,False,False,False,False,False,False,False
ENSG00000009780,ENSG00000009780,FAM76A,3884,True,0.14925792019365114,1.7470996538767067,0.23853168,65,False,False,False,False,False,False,False,False
ENSG00000105849,ENSG00000105849,POLR1F,7325,True,0.2665753584686136,1.7599253795939809,0.23743321,65,False,False,False,False,False,False,False,False
ENSG00000130119,ENSG00000130119,GNL3L,3372,True,0.1232846814498739,1.7449375799431563,0.23429018,65,False,False,False,False,False,False,False,False
ENSG00000179833,ENSG00000179833,SERTAD2,5350,True,0.20097326078510785,1.7442347730110315,0.23270644,65,False,False,False,False,False,False,False,False
ENSG00000139631,ENSG00000139631,CSAD,2712,True,0.10058546639304296,1.7454528056296568,0.22997239,65,False,False,False,False,False,False,False,False
ENSG00000104365,ENSG00000104365,IKBKB,4602,True,0.16492550004005685,1.7420699407961455,0.22888143,65,False,False,False,False,False,False,False,False
ENSG00000085365,ENSG00000085365,SCAMP1,3480,True,0.12746870201799657,1.7449532820000007,0.22848806,65,False,False,False,False,False,False,False,False
ENSG00000040341,ENSG00000040341,STAU2,3623,True,0.13794448821914912,1.7428634617077436,0.22806609,65,False,False,False,False,False,False,False,False
ENSG00000122299,ENSG00000122299,ZC3H7A,7581,True,0.26017485847930616,1.753928655915569,0.22791046,65,False,False,False,False,False,False,False,False
ENSG00000187994,ENSG00000187994,RINL,4673,True,0.17074503956649975,1.7398075636464496,0.22716965,65,False,False,False,False,False,False,False,False
ENSG00000123552,ENSG00000123552,USP45,1901,True,0.07198843004248033,1.7418657596260017,0.22668391,65,False,False,False,False,False,False,False,False
ENSG00000089123,ENSG00000089123,TASP1,1837,True,0.07198423022106652,1.7433940563554697,0.22662282,65,False,False,False,False,False,False,False,False
ENSG00000079785,ENSG00000079785,DDX1,7241,True,0.26891491053961825,1.7473693925802374,0.22629797,65,False,False,False,False,False,False,False,False
ENSG00000105341,ENSG00000105341,DMAC2,5014,True,0.1802537606647394,1.7405050558337707,0.22604445,65,False,False,False,False,False,False,False,False
ENSG00000112365,ENSG00000112365,ZBTB24,8718,True,0.3069995250847699,1.756391703102355,0.22339045,65,False,False,False,False,False,False,False,False
ENSG00000171262,ENSG00000171262,FAM98B,4085,True,0.14811519623882485,1.7437565100560264,0.22336423,65,False,False,False,False,False,False,False,False
ENSG00000109220,ENSG00000109220,CHIC2,4636,True,0.17546861317726828,1.739206857289335,0.22232562,65,False,False,False,False,False,False,False,False
ENSG00000176390,ENSG00000176390,CRLF3,6308,True,0.2234125738963393,1.744975357071487,0.221764,65,False,False,False,False,False,False,False,False
ENSG00000138617,ENSG00000138617,PARP16,1602,True,0.06060089104792039,1.7406531106723868,0.21914409,65,False,False,False,False,False,False,False,False
ENSG00000043143,ENSG00000043143,JADE2,4857,True,0.17548231995445976,1.7397870770411772,0.21205257,65,False,False,False,False,False,False,False,False
ENSG00000186577,ENSG00000186577,SMIM29,8127,True,0.29254719350293634,1.7464262301033209,0.20961648,65,False,False,False,False,False,False,False,False
ENSG00000146729,ENSG00000146729,NIPSNAP2,6667,True,0.2335385035681402,1.7372695152049398,0.2059444,65,False,False,False,False,False,False,False,False
ENSG00000028310,ENSG00000028310,BRD9,6634,True,0.23549076945012476,1.7483058057765852,0.20567074,65,False,False,False,False,False,False,False,False
ENSG00000132286,ENSG00000132286,TIMM10B,3751,True,0.14034691062124224,1.7371634688433204,0.2054388,65,False,False,False,False,False,False,False,False
ENSG00000163961,ENSG00000163961,RNF168,5282,True,0.18580700294792504,1.7373059969530062,0.20443049,65,False,False,False,False,False,False,False,False
ENSG00000065457,ENSG00000065457,ADAT1,1808,True,0.0662199372492934,1.737003326648429,0.20422183,65,False,False,False,False,False,False,False,False
ENSG00000134882,ENSG00000134882,UBAC2,7752,True,0.2810792829393093,1.7481500221110169,0.20275474,65,False,False,False,False,False,False,False,False
ENSG00000114120,ENSG00000114120,SLC25A36,7990,True,0.28038532986328424,1.7496528374988598,0.19450675,65,False,False,False,False,False,False,False,False
ENSG00000167748,ENSG00000167748,KLK1,3010,True,0.11421868618119833,1.8417330194111605,0.660646,64,False,False,False,False,False,False,False,False
ENSG00000244509,ENSG00000244509,APOBEC3C,16093,True,0.5435052882380605,1.8068676722768588,0.5448634,64,False,False,False,False,False,False,False,False
ENSG00000111644,ENSG00000111644,ACRBP,1730,True,0.07342727204276504,1.806650203591893,0.5184634,64,False,False,False,False,False,False,False,False
ENSG00000184979,ENSG00000184979,USP18,3303,True,0.12849552590943983,1.8025520320170962,0.47761247,64,False,False,False,False,False,False,False,True
ENSG00000030419,ENSG00000030419,IKZF2,770,True,0.032491139639542456,1.7877655998872426,0.42927963,64,False,False,False,False,False,False,False,False
ENSG00000153774,ENSG00000153774,CFDP1,10161,True,0.36788257829139526,1.7931526528577877,0.42172974,64,False,False,False,False,False,False,False,False
ENSG00000072163,ENSG00000072163,LIMS2,3024,True,0.11338439564522451,1.7853220719283511,0.41744497,64,False,False,False,False,False,False,False,False
ENSG00000149970,ENSG00000149970,CNKSR2,1112,True,0.044442059327304245,1.755543635898455,0.41075253,64,False,False,False,False,False,False,False,False
ENSG00000138592,ENSG00000138592,USP8,11825,True,0.40650714666011184,1.7886659136252723,0.39040053,64,False,False,False,False,False,False,False,False
ENSG00000141013,ENSG00000141013,GAS8,466,True,0.020118228247008974,1.719065042734673,0.38145897,64,False,False,False,False,False,False,False,False
ENSG00000140416,ENSG00000140416,TPM1,1508,True,0.0625631330560076,1.777884402688404,0.37999845,64,False,False,False,False,False,False,False,False
ENSG00000071243,ENSG00000071243,ING3,11056,True,0.39635943400667806,1.78383057326111,0.37822428,64,False,False,False,False,False,False,False,False
ENSG00000124120,ENSG00000124120,TTPAL,2044,True,0.0798840659321894,1.777144627272779,0.37745664,64,False,False,False,False,False,False,False,False
ENSG00000072134,ENSG00000072134,EPN2,1888,True,0.07561139577048225,1.7748307976190048,0.37473094,64,False,False,False,False,False,False,False,False
ENSG00000259658,ENSG00000259658,UBE2Q2P13,1412,True,0.05737467014275681,1.7720251934314701,0.36019358,64,False,False,False,False,False,False,False,False
ENSG00000176401,ENSG00000176401,EID2B,1694,True,0.06781404573808819,1.7719414012059567,0.3570684,64,False,False,False,False,False,False,False,False
ENSG00000070081,ENSG00000070081,NUCB2,3593,True,0.13556949182318448,1.7695578088406818,0.3557986,64,False,False,False,False,False,False,False,False
ENSG00000255240,ENSG00000255240,ENSG00000255240,790,True,0.03205848265982973,1.6908387897439696,0.35512683,64,False,False,False,False,False,False,False,False
ENSG00000270761,ENSG00000270761,CD2AP-DT,495,True,0.021717186966559634,1.7290420262551678,0.35313222,64,False,False,False,False,False,False,False,False
ENSG00000131944,ENSG00000131944,FAAP24,756,True,0.03077810623677818,1.7688465301496932,0.3497829,64,False,False,False,False,False,False,False,False
ENSG00000142178,ENSG00000142178,SIK1,8503,True,0.3150779890692298,1.7791910300488214,0.34896302,64,False,False,False,False,False,False,False,False
ENSG00000136932,ENSG00000136932,TRMO,1803,True,0.0677415608025551,1.7741176491235846,0.3481612,64,False,False,False,False,False,False,False,False
ENSG00000262420,ENSG00000262420,TXNDC11-AS1,431,True,0.017703588390212553,1.7381667701469348,0.34332612,64,False,False,False,False,False,False,False,False
ENSG00000078177,ENSG00000078177,N4BP2,2958,True,0.10839332550503195,1.768148359944769,0.3391394,64,False,False,False,False,False,False,False,False
ENSG00000198355,ENSG00000198355,PIM3,8176,True,0.28663684407979856,1.7608316044915506,0.33688366,64,False,False,False,False,False,False,False,False
ENSG00000145332,ENSG00000145332,KLHL8,2175,True,0.08557435676681434,1.7658883056376082,0.3368098,64,False,False,False,False,False,False,False,False
ENSG00000135241,ENSG00000135241,PNPLA8,11646,True,0.4030598326239909,1.7832666480696289,0.3366568,64,False,False,False,False,False,False,False,False
ENSG00000225975,ENSG00000225975,ZNF567-DT,798,True,0.03499252460136823,1.765983269499522,0.33245587,64,False,False,False,False,False,False,False,False
ENSG00000251369,ENSG00000251369,ZNF550,1215,True,0.04791658696936377,1.7676370883022359,0.33236915,64,False,False,False,False,False,False,False,False
ENSG00000122729,ENSG00000122729,ACO1,969,True,0.03754846978367094,1.766882114759879,0.33180287,64,False,False,False,False,False,False,False,False
ENSG00000230513,ENSG00000230513,THAP7-AS1,1372,True,0.05496895059798155,1.766381925063998,0.33022073,64,False,False,False,False,False,False,False,False
ENSG00000112144,ENSG00000112144,CILK1,2063,True,0.07956742691174101,1.7618047191143402,0.32953125,64,False,False,False,False,False,False,False,False
ENSG00000162664,ENSG00000162664,ZNF326,10376,True,0.35618528632698526,1.7773791907912908,0.3284119,64,False,False,False,False,False,False,False,False
ENSG00000136936,ENSG00000136936,XPA,9061,True,0.3265351671868059,1.7774950751611747,0.3261229,64,False,False,False,False,False,False,False,False
ENSG00000182359,ENSG00000182359,KBTBD3,3678,True,0.14462852966965958,1.7652416815098455,0.3255511,64,False,False,False,False,False,False,False,False
ENSG00000166398,ENSG00000166398,GARRE1,7587,True,0.29243065896459713,1.7700253914674904,0.32203916,64,False,False,False,False,False,False,False,False
ENSG00000136891,ENSG00000136891,TEX10,2272,True,0.08650438098183783,1.7618805888762503,0.3210076,64,False,False,False,False,False,False,False,False
ENSG00000068912,ENSG00000068912,ERLEC1,7664,True,0.2796344671585574,1.7691402858581773,0.31962347,64,False,False,False,False,False,False,False,False
ENSG00000106993,ENSG00000106993,CDC37L1,2470,True,0.09487517456302999,1.764734751924705,0.31659225,64,False,False,False,False,False,False,False,False
ENSG00000254802,ENSG00000254802,ENSG00000254802,2124,True,0.08558088571286056,1.7661287458020638,0.31623897,64,False,False,False,False,False,False,False,False
ENSG00000104442,ENSG00000104442,ARMC1,4616,True,0.16858092126010887,1.7621531275306048,0.31515276,64,False,False,False,False,False,False,False,False
ENSG00000196843,ENSG00000196843,ARID5A,6411,True,0.2294328686890262,1.7586245261135327,0.3139004,64,False,False,False,False,False,False,False,False
ENSG00000155016,ENSG00000155016,CYP2U1,1524,True,0.058449119190483116,1.75943534279077,0.31277317,64,False,False,False,False,False,False,False,False
ENSG00000011021,ENSG00000011021,CLCN6,1797,True,0.06760275507342238,1.7637237439911408,0.31271777,64,False,False,False,False,False,False,False,False
ENSG00000106415,ENSG00000106415,GLCCI1,2679,True,0.10365465506353497,1.763457649491575,0.31177256,64,False,False,False,False,False,False,False,False
ENSG00000133056,ENSG00000133056,PIK3C2B,1752,True,0.06996712475437895,1.7649019932288694,0.31122983,64,False,False,False,False,False,False,False,False
ENSG00000136861,ENSG00000136861,CDK5RAP2,4909,True,0.1745641416012915,1.765682250943282,0.31088093,64,False,False,False,False,False,False,False,False
ENSG00000255517,ENSG00000255517,DPP3-DT,1806,True,0.07196581786828359,1.7638136737974597,0.31056902,64,False,False,False,False,False,False,False,False
ENSG00000213904,ENSG00000213904,LIPE-AS1,2419,True,0.09852042714152277,1.7630254723163568,0.31011516,64,False,False,False,False,False,False,False,False
ENSG00000198964,ENSG00000198964,SGMS1,2520,True,0.09451566496379894,1.7594352150034644,0.30811,64,False,False,False,False,False,False,False,False
ENSG00000168685,ENSG00000168685,IL7R,6330,True,0.21237156567348905,1.7718419337654083,0.30667236,64,False,False,False,False,False,False,False,False
ENSG00000131791,ENSG00000131791,PRKAB2,1494,True,0.0587202744395764,1.761842124371809,0.30597386,64,False,False,False,False,False,False,False,False
ENSG00000114098,ENSG00000114098,ARMC8,5353,True,0.19881952009293924,1.7614752438367984,0.30573094,64,False,False,False,False,False,False,False,False
ENSG00000077150,ENSG00000077150,NFKB2,9195,True,0.31971542806195974,1.7712937260698196,0.30406576,64,False,False,False,False,False,False,False,False
ENSG00000127328,ENSG00000127328,RAB3IP,2475,True,0.09480512301289364,1.7591703217029317,0.3034813,64,False,False,False,False,False,False,False,False
ENSG00000149532,ENSG00000149532,CPSF7,4023,True,0.15195702330423508,1.7615457196093436,0.30010468,64,False,False,False,False,False,False,False,False
ENSG00000272906,ENSG00000272906,ENSG00000272906,509,True,0.021892026285390373,1.6935250248942795,0.29871732,64,False,False,False,False,False,False,False,False
ENSG00000011454,ENSG00000011454,RABGAP1,3602,True,0.13711414734569508,1.7574090167266199,0.2973031,64,False,False,False,False,False,False,False,False
ENSG00000138376,ENSG00000138376,BARD1,2106,True,0.08375465887413672,1.7584168082657763,0.2964639,64,False,False,False,False,False,False,False,False
ENSG00000163659,ENSG00000163659,TIPARP,1961,True,0.0773734020805458,1.758845402015659,0.29470643,64,False,False,False,False,False,False,False,False
ENSG00000138496,ENSG00000138496,PARP9,5681,True,0.20737334064569055,1.756171451689319,0.29218435,64,False,False,False,False,False,False,False,True
ENSG00000225889,ENSG00000225889,ENSG00000225889,3168,True,0.11484299508900966,1.7554905916659485,0.29193047,64,False,False,False,False,False,False,False,False
ENSG00000127995,ENSG00000127995,CASD1,1804,True,0.06777110056199825,1.756172936257158,0.29116687,64,False,False,False,False,False,False,False,False
ENSG00000142687,ENSG00000142687,KIAA0319L,2688,True,0.10016601552326954,1.759468003338239,0.2909084,64,False,False,False,False,False,False,False,False
ENSG00000135720,ENSG00000135720,DYNC1LI2,3666,True,0.1330008576111034,1.7595427520930356,0.2899052,64,False,False,False,False,False,False,False,False
ENSG00000106344,ENSG00000106344,RBM28,3728,True,0.13719774135266308,1.7563590331587504,0.2896269,64,False,False,False,False,False,False,False,False
ENSG00000131626,ENSG00000131626,PPFIA1,2112,True,0.07781089380852574,1.7597379096457069,0.28895712,64,False,False,False,False,False,False,False,False
ENSG00000144040,ENSG00000144040,SFXN5,1028,True,0.040142929855557334,1.75667030307906,0.28867024,64,False,False,False,False,False,False,False,False
ENSG00000038219,ENSG00000038219,BOD1L1,13078,True,0.4363641808098226,1.7796474020190762,0.28615332,64,False,False,False,False,False,False,False,False
ENSG00000147454,ENSG00000147454,SLC25A37,6757,True,0.24480395847909364,1.7542610854212015,0.2858879,64,False,False,False,False,False,False,False,False
ENSG00000160961,ENSG00000160961,ZNF333,1353,True,0.05318337030066642,1.7549776644923059,0.28552696,64,False,False,False,False,False,False,False,False
ENSG00000155729,ENSG00000155729,KCTD18,2371,True,0.09199350413569372,1.7577241669368233,0.28421003,64,False,False,False,False,False,False,False,False
ENSG00000139505,ENSG00000139505,MTMR6,3415,True,0.1285661896522721,1.7576440166458591,0.28315732,64,False,False,False,False,False,False,False,False
ENSG00000100079,ENSG00000100079,LGALS2,3969,True,0.15508160152245032,1.7541713271624777,0.28302732,64,False,False,False,False,False,False,False,False
ENSG00000111224,ENSG00000111224,PARP11,2298,True,0.0882382731529657,1.7553834321679227,0.28171584,64,False,False,False,False,False,False,False,False
ENSG00000148339,ENSG00000148339,SLC25A25,1040,True,0.04017029780104697,1.7020698785546806,0.28094113,64,False,False,False,False,False,False,False,False
ENSG00000124784,ENSG00000124784,RIOK1,3122,True,0.11534219012830277,1.7534782576370125,0.2795143,64,False,False,False,False,False,False,False,False
ENSG00000115459,ENSG00000115459,ELMOD3,3404,True,0.128882411179284,1.758518702291803,0.2766416,64,False,False,False,False,False,False,False,False
ENSG00000176896,ENSG00000176896,TCEANC,1314,True,0.05162990961662506,1.7533337276590544,0.27545112,64,False,False,False,False,False,False,False,False
ENSG00000145868,ENSG00000145868,FBXO38,2060,True,0.07451870160586661,1.7529532518885467,0.27324462,64,False,False,False,False,False,False,False,False
ENSG00000259494,ENSG00000259494,MRPL46,3161,True,0.12061755011345836,1.7536193774942361,0.27319053,64,False,False,False,False,False,False,False,False
ENSG00000104643,ENSG00000104643,MTMR9,4981,True,0.1841495241816369,1.7546273073741674,0.27266094,64,False,False,False,False,False,False,False,False
ENSG00000137857,ENSG00000137857,DUOX1,1024,True,0.03939082565984802,1.750603381034445,0.27247664,64,False,False,False,False,False,False,False,False
ENSG00000054282,ENSG00000054282,SDCCAG8,8774,True,0.3144500879527597,1.7666215473756635,0.27228346,64,False,False,False,False,False,False,False,False
ENSG00000108091,ENSG00000108091,CCDC6,7561,True,0.26061312337227105,1.7610229638840151,0.270443,64,False,False,False,False,False,False,False,False
ENSG00000012822,ENSG00000012822,CALCOCO1,4462,True,0.16178127664702216,1.7504953234665157,0.2700409,64,False,False,False,False,False,False,False,False
ENSG00000139826,ENSG00000139826,ABHD13,4545,True,0.17257358888531174,1.75286044108214,0.26932874,64,False,False,False,False,False,False,False,False
ENSG00000182866,ENSG00000182866,LCK,5941,True,0.21408612541694838,1.758026631712344,0.26533923,64,False,False,False,False,False,False,False,False
ENSG00000169871,ENSG00000169871,TRIM56,3871,True,0.1390959311653674,1.752440354323127,0.26386157,64,False,False,False,False,False,False,False,False
ENSG00000072756,ENSG00000072756,TRNT1,3019,True,0.11279362376306902,1.7505158537527967,0.26374012,64,False,False,False,False,False,False,False,False
ENSG00000163516,ENSG00000163516,ANKZF1,5943,True,0.2137269637951498,1.7535728343814,0.26340523,64,False,False,False,False,False,False,False,False
ENSG00000156521,ENSG00000156521,TYSND1,2825,True,0.104083006133725,1.7510377965832247,0.26274478,64,False,False,False,False,False,False,False,False
ENSG00000196177,ENSG00000196177,ACADSB,1558,True,0.06096234346887965,1.7513336531322965,0.2622398,64,False,False,False,False,False,False,False,False
ENSG00000070718,ENSG00000070718,AP3M2,2800,True,0.11116085004549708,1.7502237146876056,0.261976,64,False,False,False,False,False,False,False,False
ENSG00000173928,ENSG00000173928,SWSAP1,3080,True,0.12270036439878161,1.7520225864821612,0.2605776,64,False,False,False,False,False,False,False,False
ENSG00000205268,ENSG00000205268,PDE7A,8922,True,0.32018519864404094,1.7677960670584343,0.26030958,64,False,False,False,False,False,False,False,False
ENSG00000131931,ENSG00000131931,THAP1,3696,True,0.13645015697824828,1.7492953404889453,0.25866932,64,False,False,False,False,False,False,False,False
ENSG00000122678,ENSG00000122678,POLM,6728,True,0.2333691986073104,1.750737239852559,0.25838506,64,False,False,False,False,False,False,False,False
ENSG00000187866,ENSG00000187866,PABIR1,2137,True,0.08235358560165061,1.748308825396959,0.25682378,64,False,False,False,False,False,False,False,False
ENSG00000070761,ENSG00000070761,CFAP20,3472,True,0.1341006318380945,1.7466508646369228,0.25608736,64,False,False,False,False,False,False,False,False
ENSG00000118217,ENSG00000118217,ATF6,5744,True,0.20297734868911926,1.746674307793909,0.25582775,64,False,False,False,False,False,False,False,False
ENSG00000162600,ENSG00000162600,OMA1,4894,True,0.18377303211181328,1.7488408739606784,0.2554213,64,False,False,False,False,False,False,False,False
ENSG00000151576,ENSG00000151576,QTRT2,3657,True,0.13342767408238704,1.7507066081751617,0.25456074,64,False,False,False,False,False,False,False,False
ENSG00000186814,ENSG00000186814,ZSCAN30,1406,True,0.05333832203785733,1.7459321479596168,0.25422427,64,False,False,False,False,False,False,False,False
ENSG00000138439,ENSG00000138439,FAM117B,3447,True,0.12862669907526203,1.7491951577927087,0.2542169,64,False,False,False,False,False,False,False,False
ENSG00000204439,ENSG00000204439,C6orf47,2222,True,0.08284742145605166,1.7505970000210098,0.25405484,64,False,False,False,False,False,False,False,False
ENSG00000197989,ENSG00000197989,SNHG12,4939,True,0.17812683900056817,1.7516285840747339,0.25275663,64,False,False,False,False,False,False,False,False
ENSG00000153015,ENSG00000153015,CWC27,6667,True,0.23998951901728532,1.7518726579132662,0.24943663,64,False,False,False,False,False,False,False,False
ENSG00000174106,ENSG00000174106,LEMD3,3313,True,0.12220887744617874,1.7493480044448588,0.24907762,64,False,False,False,False,False,False,False,False
ENSG00000146833,ENSG00000146833,TRIM4,4014,True,0.1481125790475886,1.7469180854421722,0.24790554,64,False,False,False,False,False,False,False,False
ENSG00000126883,ENSG00000126883,NUP214,5074,True,0.1817379729554863,1.7472092190166044,0.24772608,64,False,False,False,False,False,False,False,False
ENSG00000156170,ENSG00000156170,NDUFAF6,3731,True,0.1400370471160549,1.7476056504559443,0.24711064,64,False,False,False,False,False,False,False,False
ENSG00000163684,ENSG00000163684,RPP14,2799,True,0.10278452938089232,1.7459729650179092,0.2465202,64,False,False,False,False,False,False,False,False
ENSG00000260083,ENSG00000260083,MIR762HG,1961,True,0.07962931500153807,1.749213582159269,0.24627085,64,False,False,False,False,False,False,False,False
ENSG00000267680,ENSG00000267680,ZNF224,4366,True,0.15914231059773767,1.747539788358524,0.2449251,64,False,False,False,False,False,False,False,False
ENSG00000163840,ENSG00000163840,DTX3L,3418,True,0.12622855495319218,1.7454546474929638,0.24484548,64,False,False,False,False,False,False,False,False
ENSG00000164535,ENSG00000164535,DAGLB,1295,True,0.05042420432485906,1.7445332419250483,0.24473652,64,False,False,False,False,False,False,False,False
ENSG00000170234,ENSG00000170234,PWWP2A,4230,True,0.15424688190215236,1.743767544881743,0.24442224,64,False,False,False,False,False,False,False,False
ENSG00000100280,ENSG00000100280,AP1B1,5777,True,0.20524890137961682,1.7497296182749884,0.24401213,64,False,False,False,False,False,False,False,False
ENSG00000163364,ENSG00000163364,LINC01116,2929,True,0.12377902446629446,1.7499278641613645,0.24377416,64,False,False,False,False,False,False,False,False
ENSG00000127084,ENSG00000127084,FGD3,6530,True,0.22567745772331585,1.7481117346032335,0.24357212,64,False,False,False,False,False,False,False,False
ENSG00000109606,ENSG00000109606,DHX15,5286,True,0.1912558324047571,1.7470722457015357,0.2432124,64,False,False,False,False,False,False,False,False
ENSG00000105127,ENSG00000105127,AKAP8,5150,True,0.17874201357532568,1.7460119192994918,0.24156412,64,False,False,False,False,False,False,False,False
ENSG00000175104,ENSG00000175104,TRAF6,1853,True,0.06956369886418269,1.7428092709128826,0.23950292,64,False,False,False,False,False,False,False,False
ENSG00000145414,ENSG00000145414,NAF1,2543,True,0.09962893077082705,1.7463979081365244,0.23934159,64,False,False,False,False,False,False,False,False
ENSG00000140943,ENSG00000140943,MBTPS1,5085,True,0.17962160499504942,1.745968678954179,0.23794304,64,False,False,False,False,False,False,False,False
ENSG00000091592,ENSG00000091592,NLRP1,5585,True,0.19690528971409604,1.7476311923424461,0.23790625,64,False,False,False,False,False,False,False,False
ENSG00000164151,ENSG00000164151,ICE1,4689,True,0.16733440201804528,1.748180532741114,0.2374466,64,False,False,False,False,False,False,False,False
ENSG00000146872,ENSG00000146872,TLK2,3877,True,0.13982436420110325,1.7445373334562086,0.23668848,64,False,False,False,False,False,False,False,False
ENSG00000258315,ENSG00000258315,C17orf49,3007,True,0.11884038005597497,1.744871047103336,0.23613513,64,False,False,False,False,False,False,False,False
ENSG00000144401,ENSG00000144401,METTL21A,7777,True,0.2832720524570468,1.7486517063089233,0.2355243,64,False,False,False,False,False,False,False,False
ENSG00000172795,ENSG00000172795,DCP2,9232,True,0.32071132379377193,1.7593934762539087,0.23427032,64,False,False,False,False,False,False,False,False
ENSG00000104133,ENSG00000104133,SPG11,7560,True,0.26884494954168936,1.7568223065433302,0.23337361,64,False,False,False,False,False,False,False,False
ENSG00000223891,ENSG00000223891,OSER1-DT,1753,True,0.06796528242832056,1.748203627369225,0.23282246,64,False,False,False,False,False,False,False,False
ENSG00000109171,ENSG00000109171,SLAIN2,5072,True,0.17603848963686833,1.7462665025339177,0.23272812,64,False,False,False,False,False,False,False,False
ENSG00000101577,ENSG00000101577,LPIN2,2305,True,0.08664554959364351,1.7444571588844537,0.2323942,64,False,False,False,False,False,False,False,False
ENSG00000143772,ENSG00000143772,ITPKB,2546,True,0.095906256527716,1.74465275937006,0.23002097,64,False,False,False,False,False,False,False,False
ENSG00000145675,ENSG00000145675,PIK3R1,7954,True,0.27059191205520505,1.7489831712055208,0.2290659,64,False,False,False,False,False,False,False,False
ENSG00000121481,ENSG00000121481,RNF2,2723,True,0.10473379436370454,1.7436531081582822,0.2289093,64,False,False,False,False,False,False,False,False
ENSG00000108389,ENSG00000108389,MTMR4,5959,True,0.2080087998338393,1.7437053136181944,0.22777572,64,False,False,False,False,False,False,False,False
ENSG00000167110,ENSG00000167110,GOLGA2,3878,True,0.14217016304553662,1.7432022464012158,0.22446896,64,False,False,False,False,False,False,False,False
ENSG00000123268,ENSG00000123268,ATF1,5176,True,0.19106648673462437,1.7428605985668293,0.223915,64,False,False,False,False,False,False,False,False
ENSG00000137500,ENSG00000137500,CCDC90B,7368,True,0.2661092028327426,1.748301706322026,0.22300301,64,False,False,False,False,False,False,False,False
ENSG00000005448,ENSG00000005448,WDR54,5353,True,0.1979745985838104,1.7415944446419713,0.2212869,64,False,False,False,False,False,False,False,False
ENSG00000103197,ENSG00000103197,TSC2,2536,True,0.09357317389079095,1.741170278862821,0.22076994,64,False,False,False,False,False,False,False,False
ENSG00000127452,ENSG00000127452,FBXL12,2580,True,0.09803869406743539,1.7418668595208786,0.21872978,64,False,False,False,False,False,False,False,False
ENSG00000238083,ENSG00000238083,LRRC37A2,1568,True,0.05835797652298164,1.7149230410175855,0.21794577,64,False,False,False,False,False,False,False,False
ENSG00000164830,ENSG00000164830,OXR1,7108,True,0.2500567889413014,1.7447049234543244,0.2177357,64,False,False,False,False,False,False,False,False
ENSG00000140750,ENSG00000140750,ARHGAP17,6926,True,0.2447027893632427,1.752019779227445,0.21550232,64,False,False,False,False,False,False,False,False
ENSG00000065357,ENSG00000065357,DGKA,5032,True,0.17485549196218886,1.7409205702208461,0.21456909,64,False,False,False,False,False,False,False,False
ENSG00000011258,ENSG00000011258,MBTD1,2667,True,0.10140117439838918,1.7397801297866826,0.21188599,64,False,False,False,False,False,False,False,False
ENSG00000178307,ENSG00000178307,TMEM11,4338,True,0.16127104932309075,1.740067084413581,0.211655,64,False,False,False,False,False,False,False,False
ENSG00000130005,ENSG00000130005,GAMT,2825,True,0.10777788275602161,1.7405697938322446,0.21118502,64,False,False,False,False,False,False,False,False
ENSG00000147996,ENSG00000147996,ZNG1E,6561,True,0.24046766729491062,1.7417348345901933,0.2087933,64,False,False,False,False,False,False,False,False
ENSG00000169964,ENSG00000169964,TMEM42,3927,True,0.14769756077907567,1.7402676801296098,0.20848064,64,False,False,False,False,False,False,False,False
ENSG00000089094,ENSG00000089094,KDM2B,4896,True,0.1794432372871447,1.7383586740471932,0.20741205,64,False,False,False,False,False,False,False,False
ENSG00000178188,ENSG00000178188,SH2B1,3010,True,0.11025468905080382,1.7407454581724908,0.20457846,64,False,False,False,False,False,False,False,False
ENSG00000171867,ENSG00000171867,PRNP,5878,True,0.2148342120689925,1.738936341159368,0.2033334,64,False,False,False,False,False,False,False,False
ENSG00000132323,ENSG00000132323,ILKAP,5770,True,0.20454285798167893,1.737399942922518,0.19985208,64,False,False,False,False,False,False,False,False
ENSG00000171497,ENSG00000171497,PPID,4658,True,0.16797668814173022,1.7373513106153582,0.19511345,64,False,False,False,False,False,False,False,False
ENSG00000105053,ENSG00000105053,VRK3,7058,True,0.2504725560540458,1.7401055885331231,0.19322452,64,False,False,False,False,False,False,False,False
ENSG00000137497,ENSG00000137497,NUMA1,4062,True,0.1447872529587075,1.733112810971418,0.1811294,64,False,False,False,False,False,False,False,False
ENSG00000177479,ENSG00000177479,ARIH2,8908,True,0.3109597759546781,1.7537696113168648,0.17889524,64,False,False,False,False,False,False,False,False
ENSG00000102096,ENSG00000102096,PIM2,15760,True,0.5308865044753562,1.8074383952605617,0.52216464,63,False,False,False,False,False,False,False,False
ENSG00000163563,ENSG00000163563,MNDA,11050,True,0.40479369081839633,1.8017060302145333,0.5137482,63,False,False,False,False,False,False,False,False
ENSG00000145734,ENSG00000145734,BDP1,17219,True,0.5634130904378248,1.8054777410247296,0.49869344,63,False,False,False,False,False,False,False,False
ENSG00000171634,ENSG00000171634,BPTF,18313,True,0.5939439580285574,1.8077236103516652,0.47641534,63,False,False,False,False,False,False,False,False
ENSG00000183066,ENSG00000183066,WBP2NL,808,True,0.0326705946833005,1.7623363269402013,0.45819893,63,False,False,False,False,False,False,False,False
ENSG00000185745,ENSG00000185745,IFIT1,1412,True,0.056498307880799375,1.7650094748927427,0.4505336,63,False,False,False,False,False,False,False,True
ENSG00000174306,ENSG00000174306,ZHX3,747,True,0.029884515842801555,1.7037719211872089,0.4446527,63,False,False,False,False,False,False,False,False
ENSG00000167414,ENSG00000167414,GNG8,434,True,0.02005238720555344,1.7534126474205927,0.4373477,63,False,False,False,False,False,False,False,False
ENSG00000157500,ENSG00000157500,APPL1,18514,True,0.6122941777272879,1.8045081388973978,0.4332187,63,False,False,False,False,False,False,False,False
ENSG00000169570,ENSG00000169570,DTWD2,1249,True,0.04765496846151826,1.7560232435996743,0.4157933,63,False,False,False,False,False,False,False,False
ENSG00000175895,ENSG00000175895,PLEKHF2,16544,True,0.5605621287613274,1.7986159895069391,0.4149153,63,False,False,False,False,False,False,False,False
ENSG00000165209,ENSG00000165209,STRBP,19716,True,0.6512439738083429,1.8032456381489474,0.41075945,63,False,False,False,False,False,False,False,False
ENSG00000169994,ENSG00000169994,MYO7B,1248,True,0.04983177003636565,1.7826312154410724,0.4050994,63,False,False,False,False,False,False,False,False
ENSG00000229196,ENSG00000229196,LINC03008,687,True,0.02902785756769973,1.735540059604567,0.40435418,63,False,False,False,False,False,False,False,False
ENSG00000159433,ENSG00000159433,STARD9,741,True,0.028358122780304165,1.75341815794082,0.4002603,63,False,False,False,False,False,False,False,False
ENSG00000196562,ENSG00000196562,SULF2,11066,True,0.39171605412418287,1.7908047434267274,0.3979769,63,False,False,False,False,False,False,False,False
ENSG00000188994,ENSG00000188994,ZNF292,14329,True,0.4854304954133195,1.7932211244508023,0.39397866,63,False,False,False,False,False,False,False,False
ENSG00000067064,ENSG00000067064,IDI1,17000,True,0.5663364183394282,1.797649167191492,0.38766342,63,False,False,False,False,False,False,False,False
ENSG00000144824,ENSG00000144824,PHLDB2,352,True,0.01508665814204529,1.6134015771391446,0.38488278,63,False,False,False,False,False,False,False,False
ENSG00000186063,ENSG00000186063,AIDA,18562,True,0.5957715049146612,1.802654502645271,0.38116735,63,False,False,False,False,False,False,False,False
ENSG00000241666,ENSG00000241666,ENSG00000241666,351,True,0.01537247102125956,1.6208238817019003,0.3794458,63,False,False,False,False,False,False,False,False
ENSG00000225822,ENSG00000225822,UBXN7-AS1,843,True,0.03369421659618176,1.6958946696406139,0.36718518,63,False,False,False,False,False,False,False,False
ENSG00000161791,ENSG00000161791,FMNL3,1041,True,0.0425793387098966,1.7482600329581515,0.36516643,63,False,False,False,False,False,False,False,False
ENSG00000213967,ENSG00000213967,ZNF726,966,True,0.03912811161132058,1.7358531945149929,0.35590234,63,False,False,False,False,False,False,False,False
ENSG00000272426,ENSG00000272426,ENSG00000272426,744,True,0.03724264433433689,1.7706197429209651,0.35183787,63,False,False,False,False,False,False,False,False
ENSG00000161610,ENSG00000161610,HCRT,379,True,0.017469118959796266,1.69218263868827,0.34945032,63,False,False,False,False,False,False,False,False
ENSG00000091136,ENSG00000091136,LAMB1,573,True,0.02443061668376535,1.739099377258728,0.3449149,63,False,False,False,False,False,False,False,False
ENSG00000178338,ENSG00000178338,ZNF354B,1444,True,0.056035352870038,1.742585594555238,0.34257352,63,False,False,False,False,False,False,False,False
ENSG00000175105,ENSG00000175105,ZNF654,1637,True,0.06410645306454286,1.768077569452943,0.340341,63,False,False,False,False,False,False,False,False
ENSG00000172007,ENSG00000172007,RAB33B,1948,True,0.07679364243426536,1.7685921703094676,0.33665612,63,False,False,False,False,False,False,False,False
ENSG00000113522,ENSG00000113522,RAD50,8285,True,0.2874793050248376,1.7681045620219167,0.33552033,63,False,False,False,False,False,False,False,False
ENSG00000250159,ENSG00000250159,PKD2L2-DT,884,True,0.03493031122503242,1.71898790924703,0.33462858,63,False,False,False,False,False,False,False,False
ENSG00000168298,ENSG00000168298,H1-4,13349,True,0.4169481901278258,1.783211366934823,0.33142442,63,False,False,False,False,False,False,False,False
ENSG00000154309,ENSG00000154309,DISP1,782,True,0.0325228300527117,1.7670283188921838,0.33115318,63,False,False,False,False,False,False,False,False
ENSG00000248092,ENSG00000248092,NNT-AS1,2435,True,0.09306722967061173,1.7689235357282123,0.33110043,63,False,False,False,False,False,False,False,False
ENSG00000122643,ENSG00000122643,NT5C3A,23344,True,0.749946686818771,1.812429562073327,0.33027908,63,False,False,False,False,False,False,False,False
ENSG00000260077,ENSG00000260077,ENSG00000260077,1369,True,0.05532624449785218,1.766224440763516,0.32633623,63,False,False,False,False,False,False,False,False
ENSG00000268030,ENSG00000268030,ENSG00000268030,886,True,0.03660837841531364,1.766758706678158,0.32333332,63,False,False,False,False,False,False,False,False
ENSG00000101343,ENSG00000101343,CRNKL1,3763,True,0.13954233491129833,1.7634287091999814,0.3228276,63,False,False,False,False,False,False,False,False
ENSG00000182919,ENSG00000182919,C11orf54,2427,True,0.0936390362244607,1.7623915009153832,0.3223101,63,False,False,False,False,False,False,False,False
ENSG00000179057,ENSG00000179057,IGSF22,655,True,0.027076659991845463,1.7655296783132082,0.3211229,63,False,False,False,False,False,False,False,False
ENSG00000139350,ENSG00000139350,NEDD1,2054,True,0.07860650825347075,1.7676751045873471,0.3208331,63,False,False,False,False,False,False,False,False
ENSG00000152454,ENSG00000152454,ZNF256,1059,True,0.0428947905498871,1.7652925589894388,0.31901234,63,False,False,False,False,False,False,False,False
ENSG00000176018,ENSG00000176018,LYSMD3,2076,True,0.08080473529195474,1.761774754813318,0.31865898,63,False,False,False,False,False,False,False,False
ENSG00000113742,ENSG00000113742,CPEB4,4453,True,0.1633102627846835,1.7602211575309177,0.3172707,63,False,False,False,False,False,False,False,False
ENSG00000164548,ENSG00000164548,TRA2A,28147,True,0.8716729968657208,1.8180432100804949,0.31711432,63,False,False,False,False,False,False,False,False
ENSG00000111144,ENSG00000111144,LTA4H,21100,True,0.6738626460909026,1.8022338813166163,0.31599513,63,False,False,False,False,False,False,False,False
ENSG00000214756,ENSG00000214756,CSKMT,10605,True,0.382008922406343,1.7928157984865543,0.31505224,63,False,False,False,False,False,False,False,False
ENSG00000168256,ENSG00000168256,NKIRAS2,2399,True,0.08884721843783877,1.7598783737038246,0.31387663,63,False,False,False,False,False,False,False,False
ENSG00000272288,ENSG00000272288,ILRUN-AS1,1858,True,0.07471727133876005,1.7620126034881158,0.31272942,63,False,False,False,False,False,False,False,False
ENSG00000213020,ENSG00000213020,ZNF611,1791,True,0.06888178374173931,1.7661456543238898,0.3120758,63,False,False,False,False,False,False,False,False
ENSG00000128581,ENSG00000128581,IFT22,1548,True,0.05986636286188425,1.764602376113345,0.31063578,63,False,False,False,False,False,False,False,False
ENSG00000089916,ENSG00000089916,GPATCH2L,5133,True,0.18744164823485415,1.7645093806356031,0.30961055,63,False,False,False,False,False,False,False,False
ENSG00000178935,ENSG00000178935,ZNF552,1434,True,0.05839098100956288,1.7353184954086702,0.3089496,63,False,False,False,False,False,False,False,False
ENSG00000260682,ENSG00000260682,RN7SKP176,4642,True,0.16584468592013357,1.758052974289241,0.30530623,63,False,False,False,False,False,False,False,False
ENSG00000166439,ENSG00000166439,RNF169,2185,True,0.08521305440263217,1.7618457185562795,0.30529335,63,False,False,False,False,False,False,False,False
ENSG00000138413,ENSG00000138413,IDH1,1723,True,0.06832545966338092,1.760583531783337,0.30270943,63,False,False,False,False,False,False,False,False
ENSG00000015171,ENSG00000015171,ZMYND11,3084,True,0.1172437810538839,1.7620704435630892,0.30106318,63,False,False,False,False,False,False,False,False
ENSG00000144228,ENSG00000144228,SPOPL,2993,True,0.11669526474348961,1.7620025006434934,0.30077302,63,False,False,False,False,False,False,False,False
ENSG00000056586,ENSG00000056586,RC3H2,4962,True,0.18044824848086718,1.7599456725399156,0.30053192,63,False,False,False,False,False,False,False,False
ENSG00000112195,ENSG00000112195,TREML2,451,True,0.01922177183944488,1.6427896288045396,0.3000898,63,False,False,False,False,False,False,False,False
ENSG00000272758,ENSG00000272758,WDR5B-DT,1185,True,0.04423897134900222,1.7300067048406058,0.29982424,63,False,False,False,False,False,False,False,False
ENSG00000166326,ENSG00000166326,TRIM44,10602,True,0.36974432229645865,1.776416389755575,0.29948768,63,False,False,False,False,False,False,False,False
ENSG00000066933,ENSG00000066933,MYO9A,3201,True,0.11798176272494425,1.759015379871026,0.2987885,63,False,False,False,False,False,False,False,False
ENSG00000158863,ENSG00000158863,FHIP2B,1188,True,0.0459100177442024,1.703028313432455,0.2985512,63,False,False,False,False,False,False,False,False
ENSG00000100592,ENSG00000100592,DAAM1,7404,True,0.25812782543796026,1.7599983121861975,0.29772562,63,False,False,False,False,False,False,False,False
ENSG00000107614,ENSG00000107614,TRDMT1,1239,True,0.046323728148274415,1.7608585874366538,0.29534322,63,False,False,False,False,False,False,False,False
ENSG00000172243,ENSG00000172243,CLEC7A,2886,True,0.10527026160686705,1.762285942572766,0.29489473,63,False,False,False,False,False,False,False,False
ENSG00000149564,ENSG00000149564,ESAM,713,True,0.03006456531051183,1.7308126858246977,0.29389915,63,False,False,False,False,False,False,False,False
ENSG00000165506,ENSG00000165506,DNAAF2,5090,True,0.18697922441327722,1.7574329644449553,0.29369298,63,False,False,False,False,False,False,False,False
ENSG00000132185,ENSG00000132185,FCRLA,25530,True,0.7982239492429533,1.8110347349275246,0.29279333,63,False,False,False,False,False,False,False,False
ENSG00000146676,ENSG00000146676,PURB,2411,True,0.09330815392658737,1.7563799829093043,0.2920193,63,False,False,False,False,False,False,False,False
ENSG00000129472,ENSG00000129472,RAB2B,2456,True,0.09436235198417547,1.7610642044452194,0.29063827,63,False,False,False,False,False,False,False,False
ENSG00000149636,ENSG00000149636,DSN1,1596,True,0.05998348641835087,1.7547954670366948,0.29010043,63,False,False,False,False,False,False,False,False
ENSG00000163535,ENSG00000163535,SGO2,986,True,0.03903329006827086,1.7408291542731,0.28956616,63,False,False,False,False,False,False,False,False
ENSG00000066294,ENSG00000066294,CD84,4714,True,0.1703364091723514,1.7568453640314923,0.2891713,63,False,False,False,False,False,False,False,False
ENSG00000228696,ENSG00000228696,ARL17B,1446,True,0.05568150725514179,1.7575357114979104,0.28694364,63,False,False,False,False,False,False,False,False
ENSG00000151148,ENSG00000151148,UBE3B,2130,True,0.08161820625145075,1.7303282063171728,0.28690818,63,False,False,False,False,False,False,False,False
ENSG00000272106,ENSG00000272106,ENSG00000272106,1555,True,0.06220951525523691,1.7544982128681483,0.28121752,63,False,False,False,False,False,False,False,False
ENSG00000162971,ENSG00000162971,TYW5,2720,True,0.10310589111075723,1.7556726071977877,0.27898166,63,False,False,False,False,False,False,False,False
ENSG00000139428,ENSG00000139428,MMAB,2875,True,0.1089202294202869,1.7538112301317879,0.2782049,63,False,False,False,False,False,False,False,False
ENSG00000138193,ENSG00000138193,PLCE1,2319,True,0.08969131000708502,1.7566508864827808,0.27788138,63,False,False,False,False,False,False,False,False
ENSG00000160551,ENSG00000160551,TAOK1,5513,True,0.19879159580689443,1.753221596955259,0.27735987,63,False,False,False,False,False,False,False,False
ENSG00000197013,ENSG00000197013,ZNF429,3348,True,0.13095599183978124,1.756684461962369,0.27656668,63,False,False,False,False,False,False,False,False
ENSG00000131778,ENSG00000131778,CHD1L,3846,True,0.1436275341173004,1.755146116290699,0.27400398,63,False,False,False,False,False,False,False,False
ENSG00000176624,ENSG00000176624,MEX3C,2275,True,0.08675649258370655,1.752514678585548,0.27272886,63,False,False,False,False,False,False,False,False
ENSG00000120526,ENSG00000120526,NUDCD1,2252,True,0.08779778242222318,1.7522025547184739,0.270816,63,False,False,False,False,False,False,False,False
ENSG00000174197,ENSG00000174197,MGA,2945,True,0.1102734440573272,1.7518789301409377,0.27048793,63,False,False,False,False,False,False,False,False
ENSG00000011405,ENSG00000011405,PIK3C2A,3478,True,0.1268351599449469,1.7520175149138362,0.2701934,63,False,False,False,False,False,False,False,False
ENSG00000123810,ENSG00000123810,B9D2,2541,True,0.09844732623453245,1.751836181796602,0.26863346,63,False,False,False,False,False,False,False,False
ENSG00000161551,ENSG00000161551,ZNF577,736,True,0.02976548311514813,1.7222480647465312,0.26830763,63,False,False,False,False,False,False,False,False
ENSG00000262967,ENSG00000262967,ENSG00000262967,2012,True,0.08421209448351702,1.7528398961696732,0.26658046,63,False,False,False,False,False,False,False,False
ENSG00000107643,ENSG00000107643,MAPK8,2601,True,0.09692478352466005,1.7499599915664532,0.26588038,63,False,False,False,False,False,False,False,False
ENSG00000178163,ENSG00000178163,ZNF518B,2593,True,0.09668717719785369,1.7512204363664297,0.2650795,63,False,False,False,False,False,False,False,False
ENSG00000204673,ENSG00000204673,AKT1S1,2332,True,0.09214998102705323,1.7513345858332476,0.26494527,63,False,False,False,False,False,False,False,False
ENSG00000126790,ENSG00000126790,L3HYPDH,1826,True,0.07163619371229166,1.7533306653642062,0.26464644,63,False,False,False,False,False,False,False,False
ENSG00000175073,ENSG00000175073,VCPIP1,3767,True,0.14005507105374831,1.7512098415833015,0.26375633,63,False,False,False,False,False,False,False,False
ENSG00000168137,ENSG00000168137,SETD5,7497,True,0.26814436695963323,1.7585319040690564,0.26370317,63,False,False,False,False,False,False,False,False
ENSG00000086102,ENSG00000086102,NFX1,5351,True,0.18813762554367308,1.7518173708246891,0.26263317,63,False,False,False,False,False,False,False,False
ENSG00000113583,ENSG00000113583,C5orf15,4023,True,0.14971410447111957,1.7513259648423953,0.26208788,63,False,False,False,False,False,False,False,False
ENSG00000244625,ENSG00000244625,MIATNB,2488,True,0.09551882128541683,1.7535129592574377,0.26192293,63,False,False,False,False,False,False,False,False
ENSG00000035115,ENSG00000035115,SH3YL1,6148,True,0.2191701190371915,1.7542410055436013,0.26186353,63,False,False,False,False,False,False,False,False
ENSG00000186001,ENSG00000186001,LRCH3,4025,True,0.1482423069141001,1.7221001744860869,0.2618094,63,False,False,False,False,False,False,False,False
ENSG00000122741,ENSG00000122741,DCAF10,2896,True,0.10892816805390303,1.753250340687893,0.26104125,63,False,False,False,False,False,False,False,False
ENSG00000136159,ENSG00000136159,NUDT15,1605,True,0.06312700460066191,1.7477572054181183,0.2602174,63,False,False,False,False,False,False,False,False
ENSG00000089195,ENSG00000089195,TRMT6,3388,True,0.12655120360280922,1.7504070406717263,0.25976104,63,False,False,False,False,False,False,False,False
ENSG00000152242,ENSG00000152242,ARK2N,1979,True,0.07661048460885468,1.7528675118981674,0.25957662,63,False,False,False,False,False,False,False,False
ENSG00000138380,ENSG00000138380,CARF,2322,True,0.08819556024571855,1.7494847677072765,0.25899136,63,False,False,False,False,False,False,False,False
ENSG00000151353,ENSG00000151353,TMEM18,5480,True,0.19718079640167677,1.747839418041818,0.25859395,63,False,False,False,False,False,False,False,False
ENSG00000213516,ENSG00000213516,RBMXL1,2948,True,0.1073259806206761,1.7465453835535134,0.25828692,63,False,False,False,False,False,False,False,False
ENSG00000008294,ENSG00000008294,SPAG9,5204,True,0.182480730635429,1.7509221237300314,0.2578781,63,False,False,False,False,False,False,False,False
ENSG00000062650,ENSG00000062650,WAPL,8432,True,0.29030879251533975,1.7619204906231374,0.2574123,63,False,False,False,False,False,False,False,False
ENSG00000130939,ENSG00000130939,UBE4B,3076,True,0.11608932957333239,1.7508917026323838,0.25665987,63,False,False,False,False,False,False,False,False
ENSG00000149262,ENSG00000149262,INTS4,2149,True,0.08196562680106569,1.7498541284583473,0.25579983,63,False,False,False,False,False,False,False,False
ENSG00000239382,ENSG00000239382,ALKBH6,2640,True,0.10152522759844045,1.7521976255455955,0.25430208,63,False,False,False,False,False,False,False,False
ENSG00000196150,ENSG00000196150,ZNF250,941,True,0.03793662424620326,1.7223096875477693,0.25394207,63,False,False,False,False,False,False,False,False
ENSG00000148429,ENSG00000148429,USP6NL,6946,True,0.24860442284801942,1.761051952628942,0.25304106,63,False,False,False,False,False,False,False,False
ENSG00000124222,ENSG00000124222,STX16,5746,True,0.20941542053275822,1.750303580361971,0.25057277,63,False,False,False,False,False,False,False,False
ENSG00000145996,ENSG00000145996,CDKAL1,2872,True,0.10672132235462825,1.7489160004228397,0.24908108,63,False,False,False,False,False,False,False,False
ENSG00000110665,ENSG00000110665,C11orf21,2506,True,0.09618745603947568,1.7483762023628566,0.2480421,63,False,False,False,False,False,False,False,False
ENSG00000174840,ENSG00000174840,PDE12,3212,True,0.11477407714271948,1.7472086108065534,0.24608226,63,False,False,False,False,False,False,False,False
ENSG00000268205,ENSG00000268205,ENSG00000268205,2223,True,0.08322971336981717,1.746209108928535,0.24502432,63,False,False,False,False,False,False,False,False
ENSG00000165355,ENSG00000165355,FBXO33,4369,True,0.16566520737051427,1.7492919776597957,0.24387017,63,False,False,False,False,False,False,False,False
ENSG00000198466,ENSG00000198466,ZNF587,1562,True,0.06118228232592385,1.746280622314952,0.24364534,63,False,False,False,False,False,False,False,False
ENSG00000273472,ENSG00000273472,ENSG00000273472,3023,True,0.11614766210782777,1.747628147238303,0.24307999,63,False,False,False,False,False,False,False,False
ENSG00000128694,ENSG00000128694,OSGEPL1,1279,True,0.05166324622743482,1.746024194371382,0.24135026,63,False,False,False,False,False,False,False,False
ENSG00000028137,ENSG00000028137,TNFRSF1B,6157,True,0.21146111682087912,1.7493334765217148,0.24109535,63,False,False,False,False,False,False,False,False
ENSG00000185722,ENSG00000185722,ANKFY1,2054,True,0.0765414901232675,1.7487905115354627,0.24100621,63,False,False,False,False,False,False,False,False
ENSG00000171055,ENSG00000171055,FEZ2,3857,True,0.1447498842139057,1.7466620821002643,0.23919252,63,False,False,False,False,False,False,False,False
ENSG00000094916,ENSG00000094916,CBX5,6132,True,0.21794948961968205,1.7558826629210904,0.23669003,63,False,False,False,False,False,False,False,False
ENSG00000142188,ENSG00000142188,TMEM50B,5501,True,0.1991049128918327,1.744978064138637,0.2356468,63,False,False,False,False,False,False,False,False
ENSG00000125868,ENSG00000125868,DSTN,7825,True,0.2805950309214325,1.7558333356659241,0.23559475,63,False,False,False,False,False,False,False,False
ENSG00000011275,ENSG00000011275,RNF216,6201,True,0.21879715143413822,1.7467185687495794,0.23442033,63,False,False,False,False,False,False,False,False
ENSG00000139433,ENSG00000139433,GLTP,7878,True,0.2826847756994649,1.7558212770147728,0.23441334,63,False,False,False,False,False,False,False,False
ENSG00000087206,ENSG00000087206,UIMC1,6134,True,0.21663438636962837,1.748104091210327,0.23403351,63,False,False,False,False,False,False,False,False
ENSG00000085511,ENSG00000085511,MAP3K4,3070,True,0.11134099729084009,1.7448692940720976,0.23304059,63,False,False,False,False,False,False,False,False
ENSG00000048028,ENSG00000048028,USP28,4672,True,0.16875294966000437,1.744965104834835,0.23202346,63,False,False,False,False,False,False,False,False
ENSG00000065526,ENSG00000065526,SPEN,7687,True,0.2633975241056907,1.7578089775007222,0.231753,63,False,False,False,False,False,False,False,False
ENSG00000184574,ENSG00000184574,LPAR5,2056,True,0.08062784147421877,1.7427583603394148,0.2309598,63,False,False,False,False,False,False,False,False
ENSG00000175279,ENSG00000175279,CENPS,959,True,0.03732099260860355,1.737223691721001,0.23055343,63,False,False,False,False,False,False,False,False
ENSG00000168724,ENSG00000168724,DNAJC21,4801,True,0.17356483377622658,1.7441351617497567,0.23026152,63,False,False,False,False,False,False,False,False
ENSG00000144909,ENSG00000144909,OSBPL11,4177,True,0.15379985185374345,1.7428064117482516,0.22972623,63,False,False,False,False,False,False,False,False
ENSG00000105829,ENSG00000105829,BET1,3549,True,0.13357992763409862,1.7442704503153543,0.22940686,63,False,False,False,False,False,False,False,False
ENSG00000112062,ENSG00000112062,MAPK14,3924,True,0.1434179349090697,1.7428312179934737,0.22894195,63,False,False,False,False,False,False,False,False
ENSG00000188647,ENSG00000188647,PTAR1,7945,True,0.2915761732575369,1.75638817086212,0.2287978,63,False,False,False,False,False,False,False,False
ENSG00000130803,ENSG00000130803,ZNF317,1844,True,0.07089618630067179,1.7477212674968567,0.22809763,63,False,False,False,False,False,False,False,False
ENSG00000144635,ENSG00000144635,DYNC1LI1,5865,True,0.20753331144390874,1.7429356715131235,0.22741812,63,False,False,False,False,False,False,False,False
ENSG00000152348,ENSG00000152348,ATG10,3363,True,0.12220658240419026,1.7447184450123459,0.22392538,63,False,False,False,False,False,False,False,False
ENSG00000179889,ENSG00000179889,PDXDC1,5387,True,0.1892317011851892,1.7426727589333242,0.223681,63,False,False,False,False,False,False,False,False
ENSG00000111647,ENSG00000111647,BLTP3B,2605,True,0.09561827195931412,1.7428819031881915,0.22334132,63,False,False,False,False,False,False,False,False
ENSG00000067596,ENSG00000067596,DHX8,4015,True,0.14695122710143912,1.7439984474006152,0.2230595,63,False,False,False,False,False,False,False,False
ENSG00000169446,ENSG00000169446,MMGT1,3490,True,0.12953291258420482,1.7432617082190662,0.2230423,63,False,False,False,False,False,False,False,False
ENSG00000251022,ENSG00000251022,THAP9-AS1,3982,True,0.147366318545164,1.7404861607476314,0.22253855,63,False,False,False,False,False,False,False,False
ENSG00000261098,ENSG00000261098,ENSG00000261098,1600,True,0.061339805926447694,1.740047034536364,0.2223839,63,False,False,False,False,False,False,False,False
ENSG00000068308,ENSG00000068308,OTUD5,4303,True,0.15974797659569023,1.7441358234735573,0.22227655,63,False,False,False,False,False,False,False,False
ENSG00000119535,ENSG00000119535,CSF3R,2133,True,0.07904097614636578,1.7127089677059388,0.22143365,63,False,False,False,False,False,False,False,False
ENSG00000101191,ENSG00000101191,DIDO1,5320,True,0.19038090857118203,1.743112711491863,0.2191854,63,False,False,False,False,False,False,False,False
ENSG00000215717,ENSG00000215717,TMEM167B,7034,True,0.2517915102103717,1.7454059911378794,0.2182092,63,False,False,False,False,False,False,False,False
ENSG00000197249,ENSG00000197249,SERPINA1,6672,True,0.2413470695654993,1.7484287000527374,0.21781743,63,False,False,False,False,False,False,False,False
ENSG00000108468,ENSG00000108468,CBX1,7202,True,0.2592775389883399,1.7491638624950363,0.21679714,63,False,False,False,False,False,False,False,False
ENSG00000164074,ENSG00000164074,ABHD18,2074,True,0.07762748731770935,1.7395764228421688,0.21639727,63,False,False,False,False,False,False,False,False
ENSG00000172175,ENSG00000172175,MALT1,8365,True,0.295070055990814,1.7572238095364048,0.21560636,63,False,False,False,False,False,False,False,False
ENSG00000114354,ENSG00000114354,TFG,4860,True,0.17400298038063408,1.7400119540979326,0.21495995,63,False,False,False,False,False,False,False,False
ENSG00000140471,ENSG00000140471,LINS1,1760,True,0.06498784416251581,1.7392814602897924,0.21472114,63,False,False,False,False,False,False,False,False
ENSG00000122674,ENSG00000122674,CCZ1,6865,True,0.24390018217420997,1.7410662658684593,0.21205662,63,False,False,False,False,False,False,False,False
ENSG00000183513,ENSG00000183513,COA5,4899,True,0.17958574689774365,1.7388135658529478,0.21164311,63,False,False,False,False,False,False,False,False
ENSG00000213463,ENSG00000213463,SYNJ2BP,3394,True,0.1258539442220425,1.7419173446443876,0.20933369,63,False,False,False,False,False,False,False,False
ENSG00000184863,ENSG00000184863,RBM33,9820,True,0.3373534360055739,1.7616413555476746,0.20819356,63,False,False,False,False,False,False,False,False
ENSG00000118707,ENSG00000118707,TGIF2,2831,True,0.10374539049562298,1.738448174798806,0.20782141,63,False,False,False,False,False,False,False,False
ENSG00000120071,ENSG00000120071,KANSL1,7372,True,0.2570864223384733,1.7518795012028756,0.20771152,63,False,False,False,False,False,False,False,False
ENSG00000108094,ENSG00000108094,CUL2,3100,True,0.11389880107558216,1.7377723300826369,0.20507635,63,False,False,False,False,False,False,False,False
ENSG00000112146,ENSG00000112146,FBXO9,7418,True,0.2618946432545426,1.7513407976691406,0.20378272,63,False,False,False,False,False,False,False,False
ENSG00000122557,ENSG00000122557,HERPUD2,7119,True,0.2487534730044865,1.7428356579199218,0.20028836,63,False,False,False,False,False,False,False,False
ENSG00000134086,ENSG00000134086,VHL,6260,True,0.21675285758024462,1.742014384272734,0.19857031,63,False,False,False,False,False,False,False,False
ENSG00000071564,ENSG00000071564,TCF3,5999,True,0.21748558333067614,1.7351125034025516,0.19303119,63,False,False,False,False,False,False,False,False
ENSG00000076770,ENSG00000076770,MBNL3,2809,True,0.10246383245676861,1.7353438086396273,0.18939403,63,False,False,False,False,False,False,False,False
ENSG00000135341,ENSG00000135341,MAP3K7,3000,True,0.11048489213224956,1.7330860773901322,0.18675102,63,False,False,False,False,False,False,False,False
ENSG00000109814,ENSG00000109814,UGDH,1932,True,0.0747264053154885,1.7332561997477398,0.18287925,63,False,False,False,False,False,False,False,False
ENSG00000047346,ENSG00000047346,ATOSA,7038,True,0.2499645930415975,1.744128744329283,0.18249917,63,False,False,False,False,False,False,False,False
ENSG00000181222,ENSG00000181222,POLR2A,6935,True,0.24132620887051076,1.7406808080919751,0.17938043,63,False,False,False,False,False,False,False,False
ENSG00000163161,ENSG00000163161,ERCC3,2193,True,0.08000408129945472,1.7271905100184697,0.17902413,63,False,False,False,False,False,False,False,False
ENSG00000051596,ENSG00000051596,THOC3,4348,True,0.1535740842025608,1.7299778699732622,0.1770928,63,False,False,False,False,False,False,False,False
ENSG00000158711,ENSG00000158711,ELK4,6427,True,0.222091944888141,1.7378133719249065,0.16955973,63,False,False,False,False,False,False,False,False
ENSG00000164164,ENSG00000164164,OTUD4,3628,True,0.1367906983804262,1.7298097808637223,0.16907218,63,False,False,False,False,False,False,False,False
ENSG00000259001,ENSG00000259001,ENSG00000259001,991,True,0.04452618160550559,1.8283514903517306,0.6116549,62,False,False,False,False,False,False,False,False
ENSG00000270562,ENSG00000270562,FOXP1-DT,312,True,0.013418173969765461,1.5298320734860873,0.5172091,62,False,False,False,False,False,False,False,False
ENSG00000110092,ENSG00000110092,CCND1,1093,True,0.041778692369380054,1.7598510937716296,0.5112568,62,False,False,False,False,False,False,False,False
ENSG00000125968,ENSG00000125968,ID1,1328,True,0.05745122246637277,1.7825439930554816,0.49910405,62,False,False,False,False,False,False,False,False
ENSG00000136758,ENSG00000136758,YME1L1,15981,True,0.5315776415340734,1.8103256106553502,0.49029002,62,False,False,False,False,False,False,False,False
ENSG00000173486,ENSG00000173486,FKBP2,10337,True,0.3729820668033414,1.8004973758351974,0.4805187,62,False,False,False,False,False,False,False,False
ENSG00000260589,ENSG00000260589,STAM-DT,537,True,0.02365709188004911,1.7428516690689586,0.4479864,62,False,False,False,False,False,False,False,False
ENSG00000114796,ENSG00000114796,KLHL24,11058,True,0.3873961566722767,1.7899641692895678,0.4307653,62,False,False,False,False,False,False,False,False
ENSG00000110042,ENSG00000110042,DTX4,837,True,0.03331871541170102,1.70786905135222,0.42213276,62,False,False,False,False,False,False,False,False
ENSG00000255046,ENSG00000255046,ENSG00000255046,539,True,0.022364483988722574,1.678629078218848,0.40840483,62,False,False,False,False,False,False,False,False
ENSG00000273188,ENSG00000273188,ENSG00000273188,1167,True,0.05029486322272878,1.7779892730307247,0.39414546,62,False,False,False,False,False,False,False,False
ENSG00000155970,ENSG00000155970,MICU3,799,True,0.03311367693855135,1.7773895954331003,0.38395554,62,False,False,False,False,False,False,False,False
ENSG00000122033,ENSG00000122033,MTIF3,11201,True,0.3946606722235522,1.7853626882785973,0.38080078,62,False,False,False,False,False,False,False,False
ENSG00000262202,ENSG00000262202,ENSG00000262202,1386,True,0.0574043068130684,1.7730435748424767,0.37933895,62,False,False,False,False,False,False,False,False
ENSG00000183621,ENSG00000183621,ZNF438,702,True,0.031060960619606726,1.7501164113698555,0.37756962,62,False,False,False,False,False,False,False,False
ENSG00000158477,ENSG00000158477,CD1A,553,True,0.025078991623399917,1.7485620683182423,0.36708334,62,False,False,False,False,False,False,False,False
ENSG00000147536,ENSG00000147536,GINS4,807,True,0.03131151852894024,1.7412483900979217,0.36245984,62,False,False,False,False,False,False,False,False
ENSG00000228701,ENSG00000228701,TNKS2-DT,722,True,0.029819498795913835,1.7439316371178863,0.35557273,62,False,False,False,False,False,False,False,False
ENSG00000273270,ENSG00000273270,LINC03072,886,True,0.033995030058675386,1.7227197849509046,0.34940633,62,False,False,False,False,False,False,False,False
ENSG00000183826,ENSG00000183826,BTBD9,1032,True,0.04181089991742753,1.7738987261108685,0.34342813,62,False,False,False,False,False,False,False,False
ENSG00000253320,ENSG00000253320,MAILR,774,True,0.03177280655489351,1.7711992034155772,0.34262386,62,False,False,False,False,False,False,False,False
ENSG00000196724,ENSG00000196724,ZNF418,562,True,0.02282199376945283,1.739246650711548,0.3420729,62,False,False,False,False,False,False,False,False
ENSG00000165046,ENSG00000165046,LETM2,607,True,0.02590222220590073,1.6755957552232437,0.34154558,62,False,False,False,False,False,False,False,False
ENSG00000163221,ENSG00000163221,S100A12,6151,True,0.23941935649250243,1.7635811339840934,0.3408857,62,False,False,False,False,False,False,False,False
ENSG00000102349,ENSG00000102349,KLF8,1778,True,0.06887325517699458,1.765421397606138,0.3370644,62,False,False,False,False,False,False,False,False
ENSG00000179119,ENSG00000179119,SPTY2D1,4525,True,0.17004714111815084,1.7645373578240955,0.33414307,62,False,False,False,False,False,False,False,False
ENSG00000134709,ENSG00000134709,HOOK1,926,True,0.03698149948036941,1.7653379296959508,0.33277628,62,False,False,False,False,False,False,False,False
ENSG00000136014,ENSG00000136014,USP44,677,True,0.02835600837006261,1.7694450594943745,0.33165926,62,False,False,False,False,False,False,False,False
ENSG00000197362,ENSG00000197362,ZNF786,1015,True,0.0401242568441823,1.7715357136217145,0.328266,62,False,False,False,False,False,False,False,False
ENSG00000143498,ENSG00000143498,TAF1A,1143,True,0.048064261099339874,1.7652075171047663,0.3253777,62,False,False,False,False,False,False,False,False
ENSG00000178977,ENSG00000178977,LINC00324,2175,True,0.08286021915921121,1.7591804653368586,0.32403204,62,False,False,False,False,False,False,False,False
ENSG00000151849,ENSG00000151849,CENPJ,1488,True,0.057943182841860286,1.7355121660263166,0.3163967,62,False,False,False,False,False,False,False,False
ENSG00000163611,ENSG00000163611,SPICE1,1476,True,0.06004132826139823,1.7628644456128613,0.31581616,62,False,False,False,False,False,False,False,False
ENSG00000105856,ENSG00000105856,HBP1,9883,True,0.34940040525492994,1.779501949247382,0.31124887,62,False,False,False,False,False,False,False,False
ENSG00000157657,ENSG00000157657,ZNF618,401,True,0.01687577036762525,1.5879643597933482,0.30910876,62,False,False,False,False,False,False,False,False
ENSG00000164880,ENSG00000164880,INTS1,1619,True,0.06223931492048108,1.764091450115012,0.3088994,62,False,False,False,False,False,False,False,False
ENSG00000231439,ENSG00000231439,WASIR2,971,True,0.03925857527609774,1.7335900263996116,0.30598307,62,False,False,False,False,False,False,False,False
ENSG00000184988,ENSG00000184988,TMEM106A,2325,True,0.08969246585618788,1.7619746873156474,0.3035254,62,False,False,False,False,False,False,False,False
ENSG00000160013,ENSG00000160013,PTGIR,586,True,0.02373950359430557,1.6983768289223122,0.30343798,62,False,False,False,False,False,False,False,False
ENSG00000089876,ENSG00000089876,DHX32,958,True,0.03852113842003043,1.757708891990366,0.30109224,62,False,False,False,False,False,False,False,False
ENSG00000105865,ENSG00000105865,DUS4L,1686,True,0.06527326715551063,1.7584291482292413,0.3001468,62,False,False,False,False,False,False,False,False
ENSG00000066455,ENSG00000066455,GOLGA5,2928,True,0.10897774839768833,1.7605901776563564,0.29992786,62,False,False,False,False,False,False,False,False
ENSG00000147133,ENSG00000147133,TAF1,3116,True,0.11734213431260582,1.7610676955277043,0.29948887,62,False,False,False,False,False,False,False,False
ENSG00000117322,ENSG00000117322,CR2,1968,True,0.07673249145219292,1.7615597279530364,0.29928893,62,False,False,False,False,False,False,False,False
ENSG00000140931,ENSG00000140931,CMTM3,2427,True,0.08904125413969782,1.7567821589029171,0.29835612,62,False,False,False,False,False,False,False,False
ENSG00000133740,ENSG00000133740,E2F5,4212,True,0.162886665413106,1.7600915433912296,0.29797933,62,False,False,False,False,False,False,False,False
ENSG00000139174,ENSG00000139174,PRICKLE1,894,True,0.03728898265132635,1.7598641128622168,0.2950326,62,False,False,False,False,False,False,False,False
ENSG00000134744,ENSG00000134744,TUT4,19670,True,0.62031461735235,1.7927352975195545,0.294802,62,False,False,False,False,False,False,False,False
ENSG00000096717,ENSG00000096717,SIRT1,2504,True,0.09142463097911362,1.7604371780115649,0.29433697,62,False,False,False,False,False,False,False,False
ENSG00000102910,ENSG00000102910,LONP2,10819,True,0.37410117088005224,1.774716759581797,0.29414356,62,False,False,False,False,False,False,False,False
ENSG00000095066,ENSG00000095066,HOOK2,3048,True,0.11418765822644189,1.760049286370522,0.29298124,62,False,False,False,False,False,False,False,False
ENSG00000174326,ENSG00000174326,SLC16A11,795,True,0.032208255890577034,1.7231452999516947,0.29222888,62,False,False,False,False,False,False,False,False
ENSG00000111602,ENSG00000111602,TIMELESS,1514,True,0.05872661245407384,1.6990537143444302,0.29169688,62,False,False,False,False,False,False,False,False
ENSG00000230155,ENSG00000230155,CEP250-AS1,3007,True,0.11738089208003966,1.759421136733274,0.29051962,62,False,False,False,False,False,False,False,False
ENSG00000118495,ENSG00000118495,PLAGL1,1258,True,0.05062914718510736,1.7582226126152676,0.290327,62,False,False,False,False,False,False,False,False
ENSG00000203950,ENSG00000203950,RTL8A,1404,True,0.05648678488773618,1.7609230369494433,0.28727123,62,False,False,False,False,False,False,False,False
ENSG00000089775,ENSG00000089775,ZBTB25,3834,True,0.14294198556350365,1.7587284857423313,0.28652444,62,False,False,False,False,False,False,False,False
ENSG00000198131,ENSG00000198131,ZNF544,3040,True,0.11723228760722858,1.757573061175191,0.28553227,62,False,False,False,False,False,False,False,False
ENSG00000254887,ENSG00000254887,LNROP,2830,True,0.11209884217554378,1.7590009694711883,0.28411967,62,False,False,False,False,False,False,False,False
ENSG00000110318,ENSG00000110318,CEP126,1342,True,0.054206038731805746,1.754429381375268,0.2839899,62,False,False,False,False,False,False,False,False
ENSG00000011114,ENSG00000011114,BTBD7,3585,True,0.13172656141759106,1.7565917178267632,0.28325844,62,False,False,False,False,False,False,False,False
ENSG00000248508,ENSG00000248508,SRP14-DT,1770,True,0.07275840694259834,1.7581128628109042,0.27896512,62,False,False,False,False,False,False,False,False
ENSG00000130816,ENSG00000130816,DNMT1,6174,True,0.22094984588274533,1.7559260544840631,0.2778128,62,False,False,False,False,False,False,False,False
ENSG00000100982,ENSG00000100982,PCIF1,3184,True,0.12104525931440105,1.7549749307686078,0.27763113,62,False,False,False,False,False,False,False,False
ENSG00000117528,ENSG00000117528,ABCD3,1821,True,0.0700767837700051,1.7533438592812123,0.27745706,62,False,False,False,False,False,False,False,False
ENSG00000225880,ENSG00000225880,LINC00115,872,True,0.03570618232511558,1.6982908977830407,0.27672,62,False,False,False,False,False,False,False,False
ENSG00000158987,ENSG00000158987,RAPGEF6,2959,True,0.11246028819514434,1.7568116098027111,0.27641755,62,False,False,False,False,False,False,False,False
ENSG00000113194,ENSG00000113194,FAF2,3201,True,0.11948831926110692,1.753604781384909,0.27574837,62,False,False,False,False,False,False,False,False
ENSG00000273221,ENSG00000273221,ENSG00000273221,1419,True,0.06137725665635711,1.7593172313230516,0.2749292,62,False,False,False,False,False,False,False,False
ENSG00000254469,ENSG00000254469,XNDC1N,1029,True,0.04072038343032267,1.7258955534763003,0.27386373,62,False,False,False,False,False,False,False,False
ENSG00000102580,ENSG00000102580,DNAJC3,5813,True,0.20747078026309926,1.7514248500151808,0.27322233,62,False,False,False,False,False,False,False,False
ENSG00000183647,ENSG00000183647,ZNF530,463,True,0.018796095013462258,1.6697284043410756,0.272158,62,False,False,False,False,False,False,False,False
ENSG00000163681,ENSG00000163681,SLMAP,4325,True,0.1567569161909423,1.75454632051391,0.27209383,62,False,False,False,False,False,False,False,False
ENSG00000071794,ENSG00000071794,HLTF,2177,True,0.08297793752506143,1.7511499184496997,0.27160418,62,False,False,False,False,False,False,False,False
ENSG00000165752,ENSG00000165752,STK32C,1853,True,0.0763954905558753,1.7544192963653642,0.27130008,62,False,False,False,False,False,False,False,False
ENSG00000215193,ENSG00000215193,PEX26,2203,True,0.07988972289465696,1.723212896800128,0.27035597,62,False,False,False,False,False,False,False,False
ENSG00000075711,ENSG00000075711,DLG1,6249,True,0.22556429744813267,1.753120368397927,0.27002364,62,False,False,False,False,False,False,False,False
ENSG00000178397,ENSG00000178397,FAM220A,908,True,0.03703755677047108,1.7545376058854252,0.2699455,62,False,False,False,False,False,False,False,False
ENSG00000039319,ENSG00000039319,ZFYVE16,2476,True,0.09329431148817467,1.7518929399831598,0.26983637,62,False,False,False,False,False,False,False,False
ENSG00000144802,ENSG00000144802,NFKBIZ,9005,True,0.31573459264606457,1.770399918057908,0.2682711,62,False,False,False,False,False,False,False,False
ENSG00000146834,ENSG00000146834,MEPCE,3315,True,0.1270564462771663,1.753157538048656,0.26699373,62,False,False,False,False,False,False,False,False
ENSG00000180398,ENSG00000180398,MCFD2,4969,True,0.18158066393616035,1.752071252521231,0.26683515,62,False,False,False,False,False,False,False,False
ENSG00000257315,ENSG00000257315,ZBED6,3882,True,0.1370654587351146,1.7531584411898267,0.26645094,62,False,False,False,False,False,False,False,False
ENSG00000011260,ENSG00000011260,UTP18,6202,True,0.2245074128587032,1.754559060517215,0.26630297,62,False,False,False,False,False,False,False,False
ENSG00000078699,ENSG00000078699,CBFA2T2,2595,True,0.0992863770449004,1.7504214077794211,0.26560718,62,False,False,False,False,False,False,False,False
ENSG00000006194,ENSG00000006194,ZNF263,3082,True,0.11496564027009604,1.754366445115818,0.26508337,62,False,False,False,False,False,False,False,False
ENSG00000137393,ENSG00000137393,RNF144B,2229,True,0.08837128500334256,1.7527915595199097,0.2622754,62,False,False,False,False,False,False,False,False
ENSG00000140006,ENSG00000140006,WDR89,1854,True,0.07432398510919291,1.7518671930030711,0.25896642,62,False,False,False,False,False,False,False,False
ENSG00000116198,ENSG00000116198,CEP104,3005,True,0.10971167882990661,1.7506437221597368,0.2586937,62,False,False,False,False,False,False,False,False
ENSG00000197771,ENSG00000197771,MCMBP,3878,True,0.14381654649131168,1.7520924813666738,0.2578046,62,False,False,False,False,False,False,False,False
ENSG00000214367,ENSG00000214367,HAUS3,2945,True,0.11123339758191073,1.7509843329227386,0.25696185,62,False,False,False,False,False,False,False,False
ENSG00000173456,ENSG00000173456,RNF26,2581,True,0.09896053913253545,1.7500214511266932,0.2568601,62,False,False,False,False,False,False,False,False
ENSG00000196110,ENSG00000196110,ZNF699,1420,True,0.054841625794763725,1.7521210958306737,0.2562465,62,False,False,False,False,False,False,False,False
ENSG00000157184,ENSG00000157184,CPT2,1016,True,0.03857188431055387,1.7433665227500639,0.25583544,62,False,False,False,False,False,False,False,False
ENSG00000155868,ENSG00000155868,MED7,3220,True,0.12761422184697235,1.7502913113770804,0.25549114,62,False,False,False,False,False,False,False,False
ENSG00000185829,ENSG00000185829,ARL17A,2705,True,0.10024847977015051,1.7467612287865748,0.2545326,62,False,False,False,False,False,False,False,False
ENSG00000181035,ENSG00000181035,SLC25A42,3970,True,0.14537899986672384,1.7501081055998322,0.25365165,62,False,False,False,False,False,False,False,False
ENSG00000102401,ENSG00000102401,ARMCX3,5881,True,0.21768186381251023,1.7498069205313627,0.25320205,62,False,False,False,False,False,False,False,False
ENSG00000241058,ENSG00000241058,NSUN6,3698,True,0.14605723500262377,1.749863390666998,0.25281337,62,False,False,False,False,False,False,False,False
ENSG00000102081,ENSG00000102081,FMR1,2603,True,0.10056056286087332,1.7501473255150428,0.2517005,62,False,False,False,False,False,False,False,False
ENSG00000109466,ENSG00000109466,KLHL2,1163,True,0.047240842171273154,1.752195106654993,0.2514544,62,False,False,False,False,False,False,False,False
ENSG00000028528,ENSG00000028528,SNX1,5549,True,0.19829948741171446,1.750984731255621,0.2507265,62,False,False,False,False,False,False,False,False
ENSG00000030066,ENSG00000030066,NUP160,6213,True,0.22109937741235852,1.7499731434072958,0.24886155,62,False,False,False,False,False,False,False,False
ENSG00000072864,ENSG00000072864,NDE1,5769,True,0.2017483404335632,1.7504280952729403,0.24850804,62,False,False,False,False,False,False,False,False
ENSG00000111752,ENSG00000111752,PHC1,1377,True,0.052550766318582395,1.7489583684122236,0.24823181,62,False,False,False,False,False,False,False,False
ENSG00000149716,ENSG00000149716,LTO1,2290,True,0.08789775305496944,1.7481382626235282,0.24755645,62,False,False,False,False,False,False,False,False
ENSG00000134597,ENSG00000134597,RBMX2,5883,True,0.21133329850313878,1.7463636210215812,0.24710587,62,False,False,False,False,False,False,False,False
ENSG00000138688,ENSG00000138688,BLTP1,6114,True,0.2149119707947484,1.7472345847277886,0.24609609,62,False,False,False,False,False,False,False,False
ENSG00000113649,ENSG00000113649,TCERG1,7781,True,0.26783292688610394,1.7546811436880312,0.24495624,62,False,False,False,False,False,False,False,False
ENSG00000169084,ENSG00000169084,DHRSX,3508,True,0.1306053017757372,1.745027198248277,0.24427052,62,False,False,False,False,False,False,False,False
ENSG00000139722,ENSG00000139722,VPS37B,8900,True,0.3140924564451668,1.7666717502863063,0.24417792,62,False,False,False,False,False,False,False,False
ENSG00000066651,ENSG00000066651,TRMT11,2159,True,0.08025197205283503,1.7449328617932083,0.24347132,62,False,False,False,False,False,False,False,False
ENSG00000085721,ENSG00000085721,RRN3,3247,True,0.11641940638759912,1.7509262049293013,0.24288952,62,False,False,False,False,False,False,False,False
ENSG00000126005,ENSG00000126005,MMP24OS,8353,True,0.29385257250492874,1.7499125046672537,0.24276099,62,False,False,False,False,False,False,False,False
ENSG00000166130,ENSG00000166130,IKBIP,2584,True,0.09487323347427087,1.7447024162440463,0.24247226,62,False,False,False,False,False,False,False,False
ENSG00000144566,ENSG00000144566,RAB5A,6827,True,0.24121036552963926,1.7481812448710699,0.2422107,62,False,False,False,False,False,False,False,False
ENSG00000185344,ENSG00000185344,ATP6V0A2,2423,True,0.08846931855965082,1.747102444853676,0.24210645,62,False,False,False,False,False,False,False,False
ENSG00000187118,ENSG00000187118,CMC1,5188,True,0.19431241720645887,1.7482988476296222,0.24209714,62,False,False,False,False,False,False,False,False
ENSG00000174652,ENSG00000174652,ZNF266,2201,True,0.08167650664917567,1.7441248535779215,0.24064134,62,False,False,False,False,False,False,False,False
ENSG00000028839,ENSG00000028839,TBPL1,6531,True,0.2475535449925263,1.7499866172879046,0.2406184,62,False,False,False,False,False,False,False,False
ENSG00000113593,ENSG00000113593,PPWD1,4475,True,0.1630720935612645,1.7456288520919925,0.23867826,62,False,False,False,False,False,False,False,False
ENSG00000125637,ENSG00000125637,PSD4,3337,True,0.12403336183000965,1.7473463550090573,0.23791975,62,False,False,False,False,False,False,False,False
ENSG00000164163,ENSG00000164163,ABCE1,8319,True,0.2918142613793815,1.7545316314346322,0.23697785,62,False,False,False,False,False,False,False,False
ENSG00000173914,ENSG00000173914,RBM4B,2426,True,0.09405738367747579,1.744726392788283,0.23685369,62,False,False,False,False,False,False,False,False
ENSG00000111145,ENSG00000111145,ELK3,2658,True,0.09876927211281618,1.7413990965495456,0.23655008,62,False,False,False,False,False,False,False,False
ENSG00000198814,ENSG00000198814,GK,1100,True,0.04520526875262414,1.7438307771539172,0.23631577,62,False,False,False,False,False,False,False,False
ENSG00000121644,ENSG00000121644,DESI2,3158,True,0.11773029977194285,1.745502939296726,0.2349957,62,False,False,False,False,False,False,False,False
ENSG00000188921,ENSG00000188921,HACD4,6121,True,0.2286342190668952,1.7421543830404074,0.23430096,62,False,False,False,False,False,False,False,False
ENSG00000049541,ENSG00000049541,RFC2,3228,True,0.1186441075437349,1.7439439048813767,0.23372656,62,False,False,False,False,False,False,False,False
ENSG00000138660,ENSG00000138660,AP1AR,1385,True,0.05344486682003418,1.7111312307039759,0.23358728,62,False,False,False,False,False,False,False,False
ENSG00000120647,ENSG00000120647,CCDC77,1231,True,0.04851349086289363,1.7416300630977413,0.23290652,62,False,False,False,False,False,False,False,False
ENSG00000205339,ENSG00000205339,IPO7,3491,True,0.12937509832091,1.74744689560435,0.23286982,62,False,False,False,False,False,False,False,False
ENSG00000177383,ENSG00000177383,MAGEF1,4508,True,0.1676694833496162,1.7478935191326124,0.23270373,62,False,False,False,False,False,False,False,False
ENSG00000213096,ENSG00000213096,ZNF254,2849,True,0.10886246322691996,1.743202154775797,0.23190151,62,False,False,False,False,False,False,False,False
ENSG00000170846,ENSG00000170846,MRFAP1L2,1569,True,0.061019680522008485,1.7462363222060058,0.23139408,62,False,False,False,False,False,False,False,False
ENSG00000168872,ENSG00000168872,DDX19A,3324,True,0.1215131592706224,1.7420948667081744,0.23093058,62,False,False,False,False,False,False,False,False
ENSG00000115947,ENSG00000115947,ORC4,4867,True,0.1820979015567702,1.7460678911644552,0.230858,62,False,False,False,False,False,False,False,False
ENSG00000115827,ENSG00000115827,DCAF17,1744,True,0.06534333656176926,1.7443719741313108,0.23069541,62,False,False,False,False,False,False,False,False
ENSG00000158669,ENSG00000158669,GPAT4,2679,True,0.10000461459341198,1.747820375215089,0.23059745,62,False,False,False,False,False,False,False,False
ENSG00000152223,ENSG00000152223,EPG5,1529,True,0.06083484046431098,1.743806006003682,0.2304338,62,False,False,False,False,False,False,False,False
ENSG00000178988,ENSG00000178988,MRFAP1L1,3284,True,0.12209961651412105,1.7431536874511806,0.23033597,62,False,False,False,False,False,False,False,False
ENSG00000166619,ENSG00000166619,BLCAP,10503,True,0.37026099913198735,1.7721980693633612,0.23021777,62,False,False,False,False,False,False,False,False
ENSG00000145723,ENSG00000145723,GIN1,1150,True,0.04735637305276588,1.7151065808061519,0.23006837,62,False,False,False,False,False,False,False,False
ENSG00000215375,ENSG00000215375,MYL5,2034,True,0.07646651677315285,1.7420234964469201,0.22879896,62,False,False,False,False,False,False,False,False
ENSG00000107829,ENSG00000107829,FBXW4,2963,True,0.11048443548849617,1.7432943570601755,0.22819364,62,False,False,False,False,False,False,False,False
ENSG00000197302,ENSG00000197302,KRBOX5,4208,True,0.156890961365842,1.746388699288094,0.22709773,62,False,False,False,False,False,False,False,False
ENSG00000134444,ENSG00000134444,RELCH,2051,True,0.07686684847598518,1.7466425065410256,0.22653747,62,False,False,False,False,False,False,False,False
ENSG00000115839,ENSG00000115839,RAB3GAP1,8583,True,0.3078767799622424,1.7614767029906118,0.22579056,62,False,False,False,False,False,False,False,False
ENSG00000154511,ENSG00000154511,DIPK1A,2216,True,0.0829639872528063,1.7392083513883976,0.2257426,62,False,False,False,False,False,False,False,False
ENSG00000117602,ENSG00000117602,RCAN3,6741,True,0.23971445235190877,1.7521682361160495,0.22491717,62,False,False,False,False,False,False,False,False
ENSG00000126749,ENSG00000126749,EMG1,5773,True,0.21123441324662695,1.7428640689281878,0.22481264,62,False,False,False,False,False,False,False,False
ENSG00000099810,ENSG00000099810,MTAP,2078,True,0.07770076391909361,1.7419993949009878,0.2236917,62,False,False,False,False,False,False,False,False
ENSG00000141452,ENSG00000141452,RMC1,3708,True,0.13845014075455567,1.743965016140143,0.22214027,62,False,False,False,False,False,False,False,False
ENSG00000119688,ENSG00000119688,ABCD4,4229,True,0.15454041184655812,1.7432736706519056,0.22198239,62,False,False,False,False,False,False,False,False
ENSG00000127870,ENSG00000127870,RNF6,3921,True,0.14242245143364615,1.7412344317133774,0.22190364,62,False,False,False,False,False,False,False,False
ENSG00000173744,ENSG00000173744,AGFG1,2073,True,0.07867947786482106,1.7439041845344496,0.22142129,62,False,False,False,False,False,False,False,False
ENSG00000078043,ENSG00000078043,PIAS2,2428,True,0.09181253730195961,1.7432047171517284,0.22096148,62,False,False,False,False,False,False,False,False
ENSG00000168591,ENSG00000168591,TMUB2,6676,True,0.23901131717369498,1.7468446918079237,0.22009891,62,False,False,False,False,False,False,False,False
ENSG00000183475,ENSG00000183475,ASB7,1120,True,0.04261969729126991,1.7387707681615552,0.22003557,62,False,False,False,False,False,False,False,False
ENSG00000154001,ENSG00000154001,PPP2R5E,8637,True,0.30650269803655356,1.7540833160756437,0.21907414,62,False,False,False,False,False,False,False,False
ENSG00000099992,ENSG00000099992,TBC1D10A,3170,True,0.11647682132761844,1.7426451782017658,0.21816899,62,False,False,False,False,False,False,False,False
ENSG00000259529,ENSG00000259529,ENSG00000259529,1856,True,0.07060232677100803,1.7410989273780069,0.21806376,62,False,False,False,False,False,False,False,False
ENSG00000204922,ENSG00000204922,UQCC3,6889,True,0.2538564231277838,1.7399176726333374,0.2179644,62,False,False,False,False,False,False,False,False
ENSG00000152240,ENSG00000152240,HAUS1,6918,True,0.24855230046506815,1.7396640262319687,0.21749265,62,False,False,False,False,False,False,False,False
ENSG00000055917,ENSG00000055917,PUM2,6254,True,0.21969879373820397,1.7542451268247028,0.21565783,62,False,False,False,False,False,False,False,False
ENSG00000120159,ENSG00000120159,CAAP1,2766,True,0.10472469539736794,1.7414179043884042,0.21564713,62,False,False,False,False,False,False,False,False
ENSG00000260018,ENSG00000260018,MBTPS1-DT,811,True,0.033586922096598845,1.7377444321930353,0.21557876,62,False,False,False,False,False,False,False,False
ENSG00000169925,ENSG00000169925,BRD3,3751,True,0.13989016336294324,1.7423849666909559,0.21527451,62,False,False,False,False,False,False,False,False
ENSG00000133731,ENSG00000133731,IMPA1,3212,True,0.1221129169172125,1.7404226909916098,0.21402222,62,False,False,False,False,False,False,False,False
ENSG00000159202,ENSG00000159202,UBE2Z,3968,True,0.1455539754334444,1.7399526592332684,0.2133423,62,False,False,False,False,False,False,False,False
ENSG00000109572,ENSG00000109572,CLCN3,2790,True,0.1033837711762568,1.7391523804394518,0.21259561,62,False,False,False,False,False,False,False,False
ENSG00000149743,ENSG00000149743,TRPT1,4916,True,0.1794511244951,1.73968799189508,0.20967193,62,False,False,False,False,False,False,False,False
ENSG00000172059,ENSG00000172059,KLF11,2768,True,0.10268471149255123,1.7372193977390589,0.20939858,62,False,False,False,False,False,False,False,False
ENSG00000107625,ENSG00000107625,DDX50,7491,True,0.26297173399736906,1.7596782870698815,0.20932509,62,False,False,False,False,False,False,False,False
ENSG00000165516,ENSG00000165516,KLHDC2,6868,True,0.24603468968738032,1.7420954964329676,0.20738183,62,False,False,False,False,False,False,False,False
ENSG00000096968,ENSG00000096968,JAK2,2920,True,0.1070670257958723,1.738051538998895,0.20727646,62,False,False,False,False,False,False,False,False
ENSG00000068745,ENSG00000068745,IP6K2,7962,True,0.28528964141088725,1.7468401379456155,0.20614283,62,False,False,False,False,False,False,False,False
ENSG00000159256,ENSG00000159256,MORC3,10034,True,0.3492576999500639,1.7642609253727295,0.20607322,62,False,False,False,False,False,False,False,False
ENSG00000147121,ENSG00000147121,KRBOX4,2223,True,0.08641431137128948,1.7330348755984495,0.2051503,62,False,False,False,False,False,False,False,False
ENSG00000124209,ENSG00000124209,RAB22A,3485,True,0.1290204863734967,1.7380352844371778,0.2048931,62,False,False,False,False,False,False,False,False
ENSG00000120029,ENSG00000120029,ARMH3,3566,True,0.13652628811486917,1.7382984807491126,0.204471,62,False,False,False,False,False,False,False,False
ENSG00000135686,ENSG00000135686,KLHL36,5325,True,0.18929911974834723,1.7391821740335496,0.20322551,62,False,False,False,False,False,False,False,False
ENSG00000141026,ENSG00000141026,MED9,1967,True,0.07331974606338222,1.7396042028840057,0.20322114,62,False,False,False,False,False,False,False,False
ENSG00000143379,ENSG00000143379,SETDB1,3007,True,0.11059215788371234,1.73678361950191,0.200872,62,False,False,False,False,False,False,False,False
ENSG00000157450,ENSG00000157450,RNF111,3397,True,0.125590780383503,1.7360710116167501,0.19900572,62,False,False,False,False,False,False,False,False
ENSG00000120800,ENSG00000120800,UTP20,1633,True,0.06189413102001796,1.7347835456120515,0.19889618,62,False,False,False,False,False,False,False,False
ENSG00000196470,ENSG00000196470,SIAH1,3370,True,0.1334369383242315,1.738080778370403,0.1984568,62,False,False,False,False,False,False,False,False
ENSG00000204576,ENSG00000204576,PRR3,1898,True,0.06890967890478977,1.7340330254163532,0.19832125,62,False,False,False,False,False,False,False,False
ENSG00000053770,ENSG00000053770,AP5M1,4682,True,0.16885215030425915,1.7351029449064599,0.19458881,62,False,False,False,False,False,False,False,False
ENSG00000102390,ENSG00000102390,PBDC1,5709,True,0.20884688425335715,1.7323855666813488,0.19301851,62,False,False,False,False,False,False,False,False
ENSG00000065243,ENSG00000065243,PKN2,8747,True,0.30595290995092683,1.7588685008442242,0.18983006,62,False,False,False,False,False,False,False,False
ENSG00000105248,ENSG00000105248,YJU2,4081,True,0.14398679247235469,1.7354973939861673,0.18967187,62,False,False,False,False,False,False,False,False
ENSG00000164134,ENSG00000164134,NAA15,7876,True,0.2748942459385829,1.748233024407702,0.18822251,62,False,False,False,False,False,False,False,False
ENSG00000117697,ENSG00000117697,NSL1,7590,True,0.2715835213284454,1.7400239346738857,0.18147841,62,False,False,False,False,False,False,False,False
ENSG00000104825,ENSG00000104825,NFKBIB,4382,True,0.15650205385947102,1.730346325491962,0.1785792,62,False,False,False,False,False,False,False,False
ENSG00000188603,ENSG00000188603,CLN3,2661,True,0.09776768986458624,1.7292650926795003,0.17477755,62,False,False,False,False,False,False,False,False
ENSG00000123684,ENSG00000123684,LPGAT1,6420,True,0.22078975127118464,1.7350018767874973,0.16758189,62,False,False,False,False,False,False,False,False
ENSG00000156504,ENSG00000156504,PABIR2,3814,True,0.14192290266136712,1.7287728154743986,0.15394865,62,False,False,False,False,False,False,False,False
ENSG00000169057,ENSG00000169057,MECP2,7188,True,0.25977786759832927,1.7364746632828594,0.14302485,62,False,False,False,False,False,False,False,False
ENSG00000114850,ENSG00000114850,SSR3,11446,True,0.40074057045982214,1.8106415517822816,0.54374236,61,False,False,False,False,False,False,False,False
ENSG00000165490,ENSG00000165490,DDIAS,331,True,0.013441912884375046,1.6044525926666997,0.46677092,61,False,False,False,False,False,False,False,False
ENSG00000129810,ENSG00000129810,SGO1,1775,True,0.07258999145812431,1.789536090553188,0.43932682,61,False,False,False,False,False,False,False,False
ENSG00000176927,ENSG00000176927,EFCAB5,402,True,0.017177413382483485,1.6158657836254973,0.42116284,61,False,False,False,False,False,False,False,False
ENSG00000198346,ENSG00000198346,ZNF813,684,True,0.027208440794910457,1.6815386811013886,0.40945554,61,False,False,False,False,False,False,False,False
ENSG00000188227,ENSG00000188227,ZNF793,1222,True,0.04822511911546248,1.7838167108791547,0.4072101,61,False,False,False,False,False,False,False,False
ENSG00000089127,ENSG00000089127,OAS1,8252,True,0.29135962349832395,1.7663029890021071,0.39638576,61,False,False,False,False,False,False,False,True
ENSG00000096872,ENSG00000096872,IFT74,2063,True,0.07931479088196958,1.7761083476301338,0.3820368,61,False,False,False,False,False,False,False,False
ENSG00000145908,ENSG00000145908,ZNF300,366,True,0.015403541440975716,1.6992722966080058,0.377204,61,False,False,False,False,False,False,False,False
ENSG00000246859,ENSG00000246859,STARD4-AS1,443,True,0.01891125310029615,1.6364719555564944,0.37662417,61,False,False,False,False,False,False,False,False
ENSG00000235560,ENSG00000235560,ZNF747-DT,1225,True,0.05202124263459213,1.7729556939887288,0.37095064,61,False,False,False,False,False,False,False,False
ENSG00000170954,ENSG00000170954,ZNF415,339,True,0.014557159609506957,1.5705067935579171,0.3645742,61,False,False,False,False,False,False,False,False
ENSG00000133392,ENSG00000133392,MYH11,1194,True,0.04700219666709516,1.7710766652822654,0.36163986,61,False,False,False,False,False,False,False,False
ENSG00000166762,ENSG00000166762,CATSPER2,1133,True,0.04432604701587857,1.741232894332628,0.35692152,61,False,False,False,False,False,False,False,False
ENSG00000102445,ENSG00000102445,RUBCNL,10022,True,0.35369694715209055,1.7837663071695722,0.35558623,61,False,False,False,False,False,False,False,False
ENSG00000128881,ENSG00000128881,TTBK2,1950,True,0.074573382102484,1.772881460981087,0.35031682,61,False,False,False,False,False,False,False,False
ENSG00000123178,ENSG00000123178,SPRYD7,2489,True,0.09792970816866178,1.769336462062694,0.34507728,61,False,False,False,False,False,False,False,False
ENSG00000198771,ENSG00000198771,RCSD1,35246,True,1.0009073571987352,1.838067042315574,0.34487328,61,False,False,False,False,False,False,False,False
ENSG00000083454,ENSG00000083454,P2RX5,29230,True,0.8767710316287816,1.823137748738825,0.33791438,61,False,False,False,False,False,False,False,False
ENSG00000115970,ENSG00000115970,THADA,2273,True,0.08476283693527592,1.769326243191922,0.33376276,61,False,False,False,False,False,False,False,False
ENSG00000138032,ENSG00000138032,PPM1B,8245,True,0.29293335987969954,1.7712466519649206,0.3304025,61,False,False,False,False,False,False,False,False
ENSG00000167840,ENSG00000167840,ZNF232,689,True,0.02903682335417538,1.7413106736088457,0.3263629,61,False,False,False,False,False,False,False,False
ENSG00000227388,ENSG00000227388,ENSG00000227388,433,True,0.018637397673295256,1.747455499442504,0.3214922,61,False,False,False,False,False,False,False,False
ENSG00000204623,ENSG00000204623,POLR1HASP,1204,True,0.04822485587992722,1.7627398910252459,0.31984213,61,False,False,False,False,False,False,False,False
ENSG00000113318,ENSG00000113318,MSH3,4194,True,0.15104219053752962,1.7595167897269142,0.3179004,61,False,False,False,False,False,False,False,False
ENSG00000140598,ENSG00000140598,EFL1,1249,True,0.048338992016027545,1.734100829499795,0.3168641,61,False,False,False,False,False,False,False,False
ENSG00000075336,ENSG00000075336,TIMM21,1311,True,0.04996658324107199,1.7645453679041738,0.31554863,61,False,False,False,False,False,False,False,False
ENSG00000244198,ENSG00000244198,ARHGEF35-AS1,698,True,0.02726885335285553,1.6173263698763107,0.3116626,61,False,False,False,False,False,False,False,False
ENSG00000124356,ENSG00000124356,STAMBP,5233,True,0.19408609406723407,1.7591908807014662,0.31125462,61,False,False,False,False,False,False,False,False
ENSG00000159882,ENSG00000159882,ZNF230,890,True,0.03743878172443608,1.7624981662730683,0.30891076,61,False,False,False,False,False,False,False,False
ENSG00000139160,ENSG00000139160,ETFBKMT,511,True,0.02152244839741759,1.743576885723173,0.30874836,61,False,False,False,False,False,False,False,False
ENSG00000014824,ENSG00000014824,SLC30A9,3238,True,0.1194804548927494,1.7622240113917054,0.3071015,61,False,False,False,False,False,False,False,False
ENSG00000113658,ENSG00000113658,SMAD5,2925,True,0.11248156733617853,1.761019466659245,0.30630592,61,False,False,False,False,False,False,False,False
ENSG00000156273,ENSG00000156273,BACH1,9688,True,0.32419592965158556,1.7699048418946675,0.3038149,61,False,False,False,False,False,False,False,False
ENSG00000177112,ENSG00000177112,IRAG1-AS1,1340,True,0.05497983831585358,1.7540500721423575,0.3013024,61,False,False,False,False,False,False,False,False
ENSG00000188171,ENSG00000188171,ZNF626,2626,True,0.10254644130284916,1.757959344823019,0.29901457,61,False,False,False,False,False,False,False,False
ENSG00000179476,ENSG00000179476,C14orf28,1484,True,0.06000574383991964,1.7585924841803469,0.29839775,61,False,False,False,False,False,False,False,False
ENSG00000165675,ENSG00000165675,ENOX2,2373,True,0.09139086709018619,1.7576400269309047,0.2983041,61,False,False,False,False,False,False,False,False
ENSG00000128923,ENSG00000128923,MINDY2,3861,True,0.14198875766810798,1.7593144005878187,0.29764628,61,False,False,False,False,False,False,False,False
ENSG00000242028,ENSG00000242028,HYPK,1473,True,0.059830789006784665,1.7616478937343596,0.29610026,61,False,False,False,False,False,False,False,False
ENSG00000061936,ENSG00000061936,SFSWAP,9507,True,0.32779086933035645,1.772421287952963,0.29522544,61,False,False,False,False,False,False,False,False
ENSG00000159461,ENSG00000159461,AMFR,6272,True,0.23475985094997587,1.7568820807615069,0.2872661,61,False,False,False,False,False,False,False,False
ENSG00000100596,ENSG00000100596,SPTLC2,4044,True,0.1493681494376695,1.756212638418512,0.28604922,61,False,False,False,False,False,False,False,False
ENSG00000179909,ENSG00000179909,ZNF154,1242,True,0.050192308345424826,1.730867757291933,0.2859809,61,False,False,False,False,False,False,False,False
ENSG00000123219,ENSG00000123219,CENPK,2256,True,0.08677163280885405,1.7537497224994647,0.28459352,61,False,False,False,False,False,False,False,False
ENSG00000149084,ENSG00000149084,HSD17B12,4489,True,0.16260095284095327,1.7582130236889382,0.28437966,61,False,False,False,False,False,False,False,False
ENSG00000158427,ENSG00000158427,TMSB15B,1989,True,0.08031681018122597,1.7567678442363468,0.2836181,61,False,False,False,False,False,False,False,False
ENSG00000197019,ENSG00000197019,SERTAD1,5622,True,0.203516273808387,1.7477620138895675,0.28281683,61,False,False,False,False,False,False,False,False
ENSG00000165699,ENSG00000165699,TSC1,1569,True,0.05884692672204527,1.7548914196161647,0.2825301,61,False,False,False,False,False,False,False,False
ENSG00000169955,ENSG00000169955,ZNF747,1278,True,0.050431143009640904,1.756293802246068,0.28186592,61,False,False,False,False,False,False,False,False
ENSG00000258325,ENSG00000258325,ITFG2-AS1,868,True,0.03393675151935013,1.7240780770485158,0.28179842,61,False,False,False,False,False,False,False,False
ENSG00000083844,ENSG00000083844,ZNF264,2312,True,0.08611200378032711,1.7590557518554724,0.28165296,61,False,False,False,False,False,False,False,False
ENSG00000160318,ENSG00000160318,CLDND2,694,True,0.0313932900115317,1.732466286947063,0.28136557,61,False,False,False,False,False,False,False,False
ENSG00000154059,ENSG00000154059,IMPACT,2149,True,0.08224700545023313,1.7541187192439232,0.28026345,61,False,False,False,False,False,False,False,False
ENSG00000155304,ENSG00000155304,HSPA13,2067,True,0.07841056581466667,1.7507174079971106,0.27659863,61,False,False,False,False,False,False,False,False
ENSG00000197961,ENSG00000197961,ZNF121,3356,True,0.12603331677176197,1.7561446668114136,0.27585578,61,False,False,False,False,False,False,False,False
ENSG00000073331,ENSG00000073331,ALPK1,1485,True,0.05781999425688511,1.7534791568040198,0.2746039,61,False,False,False,False,False,False,False,False
ENSG00000189144,ENSG00000189144,ZNF573,999,True,0.040575806560347656,1.7542353304060663,0.27132756,61,False,False,False,False,False,False,False,False
ENSG00000137040,ENSG00000137040,RANBP6,2531,True,0.09437441906217671,1.7554145064368853,0.27126938,61,False,False,False,False,False,False,False,False
ENSG00000174227,ENSG00000174227,PIGG,2517,True,0.09583950235142492,1.7539779933903707,0.2709252,61,False,False,False,False,False,False,False,False
ENSG00000204138,ENSG00000204138,PHACTR4,5492,True,0.19658607291456842,1.7509864895659113,0.27047893,61,False,False,False,False,False,False,False,False
ENSG00000083812,ENSG00000083812,ZNF324,1204,True,0.0467125690335731,1.692308896762796,0.270058,61,False,False,False,False,False,False,False,False
ENSG00000138050,ENSG00000138050,THUMPD2,3775,True,0.14226963105434626,1.752071296482673,0.26948154,61,False,False,False,False,False,False,False,False
ENSG00000153561,ENSG00000153561,RMND5A,2853,True,0.10721011448363532,1.7499788182651095,0.2688336,61,False,False,False,False,False,False,False,False
ENSG00000185305,ENSG00000185305,ARL15,877,True,0.03405119406364729,1.7216802399245419,0.26876277,61,False,False,False,False,False,False,False,False
ENSG00000107651,ENSG00000107651,SEC23IP,3095,True,0.11559726392619134,1.7490281756301593,0.2678366,61,False,False,False,False,False,False,False,False
ENSG00000115946,ENSG00000115946,PNO1,3978,True,0.14764493369459977,1.7514705967572544,0.26750854,61,False,False,False,False,False,False,False,False
ENSG00000123908,ENSG00000123908,AGO2,1358,True,0.05243078026238582,1.7488607337743582,0.26737195,61,False,False,False,False,False,False,False,False
ENSG00000180257,ENSG00000180257,ZNF816,1112,True,0.045072214050509075,1.7557810086816579,0.2667511,61,False,False,False,False,False,False,False,False
ENSG00000235706,ENSG00000235706,DICER1-AS1,1013,True,0.03978422112295479,1.7181035683789432,0.2667247,61,False,False,False,False,False,False,False,False
ENSG00000123983,ENSG00000123983,ACSL3,3965,True,0.14738907267794848,1.7515481290670658,0.2655382,61,False,False,False,False,False,False,False,False
ENSG00000069943,ENSG00000069943,PIGB,2266,True,0.08736486780183367,1.7537078219634525,0.26496723,61,False,False,False,False,False,False,False,False
ENSG00000197279,ENSG00000197279,ZNF165,1071,True,0.04394446481009068,1.7507070767276331,0.26356182,61,False,False,False,False,False,False,False,False
ENSG00000260916,ENSG00000260916,CCPG1,4383,True,0.16112629805607764,1.7512342419085294,0.26300424,61,False,False,False,False,False,False,False,False
ENSG00000151239,ENSG00000151239,TWF1,3435,True,0.1286464833394476,1.7518013129003298,0.26240802,61,False,False,False,False,False,False,False,False
ENSG00000167302,ENSG00000167302,TEPSIN,2179,True,0.08247758136271935,1.7504194068481802,0.2613574,61,False,False,False,False,False,False,False,False
ENSG00000136770,ENSG00000136770,DNAJC1,4958,True,0.18161664436524091,1.747019754194959,0.26011744,61,False,False,False,False,False,False,False,False
ENSG00000167799,ENSG00000167799,NUDT8,1427,True,0.05558652395923487,1.7488197893805073,0.25710788,61,False,False,False,False,False,False,False,False
ENSG00000135900,ENSG00000135900,MRPL44,7725,True,0.2713800093082791,1.7444971850906916,0.25663155,61,False,False,False,False,False,False,False,False
ENSG00000116652,ENSG00000116652,DLEU2L,1002,True,0.041705729129374675,1.7481826946378591,0.25630003,61,False,False,False,False,False,False,False,False
ENSG00000203747,ENSG00000203747,FCGR3A,2863,True,0.10719241901776709,1.7493220996790873,0.25627083,61,False,False,False,False,False,False,False,False
ENSG00000103642,ENSG00000103642,LACTB,3658,True,0.13364716015393266,1.7491824308123265,0.25588343,61,False,False,False,False,False,False,False,False
ENSG00000105339,ENSG00000105339,DENND3,3549,True,0.13138664799284325,1.748635442020563,0.25410023,61,False,False,False,False,False,False,False,False
ENSG00000169371,ENSG00000169371,SNUPN,2176,True,0.08273755329496303,1.750088749549233,0.2540906,61,False,False,False,False,False,False,False,False
ENSG00000019995,ENSG00000019995,ZRANB1,2665,True,0.0977361510137854,1.7473158541304046,0.25397125,61,False,False,False,False,False,False,False,False
ENSG00000181555,ENSG00000181555,SETD2,9942,True,0.33233974462849897,1.771265101053848,0.25366685,61,False,False,False,False,False,False,False,False
ENSG00000147202,ENSG00000147202,DIAPH2,4390,True,0.15794616941708103,1.7495142358847422,0.24937013,61,False,False,False,False,False,False,False,False
ENSG00000119729,ENSG00000119729,RHOQ,4736,True,0.16939390680954677,1.748457900338291,0.24927905,61,False,False,False,False,False,False,False,False
ENSG00000065970,ENSG00000065970,FOXJ2,1009,True,0.04029469925294213,1.747457939762492,0.24923001,61,False,False,False,False,False,False,False,False
ENSG00000138750,ENSG00000138750,NUP54,4080,True,0.14830052233093088,1.7490040762282495,0.2491048,61,False,False,False,False,False,False,False,False
ENSG00000144554,ENSG00000144554,FANCD2,2281,True,0.08702180061745086,1.7486002540246377,0.24879983,61,False,False,False,False,False,False,False,False
ENSG00000100580,ENSG00000100580,TMED8,6234,True,0.22874322679279196,1.7499820760335758,0.2485451,61,False,False,False,False,False,False,False,False
ENSG00000137478,ENSG00000137478,FCHSD2,8715,True,0.30219027122679504,1.7617156870435466,0.24831004,61,False,False,False,False,False,False,False,False
ENSG00000172613,ENSG00000172613,RAD9A,4861,True,0.1779209626214662,1.7484360244051513,0.24778001,61,False,False,False,False,False,False,False,False
ENSG00000186352,ENSG00000186352,ANKRD37,2038,True,0.0786133964554065,1.7480816061999824,0.24732135,61,False,False,False,False,False,False,False,False
ENSG00000188342,ENSG00000188342,GTF2F2,4392,True,0.15746986288470036,1.7475772046134017,0.24670021,61,False,False,False,False,False,False,False,False
ENSG00000196850,ENSG00000196850,PPTC7,3776,True,0.14345317914560887,1.7491296002073549,0.2462121,61,False,False,False,False,False,False,False,False
ENSG00000144535,ENSG00000144535,DIS3L2,3319,True,0.12306678336554798,1.747777897194448,0.24554114,61,False,False,False,False,False,False,False,False
ENSG00000174456,ENSG00000174456,C12orf76,3403,True,0.126747366161837,1.744678215470442,0.24535815,61,False,False,False,False,False,False,False,False
ENSG00000134061,ENSG00000134061,CD180,6356,True,0.22552091903335772,1.7570938134620895,0.24526435,61,False,False,False,False,False,False,False,False
ENSG00000042088,ENSG00000042088,TDP1,2183,True,0.0812165417263883,1.7180944391184012,0.24463725,61,False,False,False,False,False,False,False,False
ENSG00000107951,ENSG00000107951,MTPAP,2863,True,0.10951334970353503,1.7467083250099962,0.24416126,61,False,False,False,False,False,False,False,False
ENSG00000198420,ENSG00000198420,TCAF1,1545,True,0.06016147751889888,1.745406386940135,0.24304171,61,False,False,False,False,False,False,False,False
ENSG00000197429,ENSG00000197429,IPP,1473,True,0.05634262724218602,1.746045208322708,0.24291886,61,False,False,False,False,False,False,False,False
ENSG00000182827,ENSG00000182827,ACBD3,8455,True,0.2966645863658464,1.7610392811934084,0.24271715,61,False,False,False,False,False,False,False,False
ENSG00000112531,ENSG00000112531,QKI,4646,True,0.17576145848088534,1.7465059994195675,0.24252447,61,False,False,False,False,False,False,False,False
ENSG00000185129,ENSG00000185129,PURA,2900,True,0.10922305908019449,1.7455998422697447,0.24233036,61,False,False,False,False,False,False,False,False
ENSG00000070759,ENSG00000070759,TESK2,2073,True,0.07742052125430658,1.7488092228842065,0.24193896,61,False,False,False,False,False,False,False,False
ENSG00000113810,ENSG00000113810,SMC4,6860,True,0.24203549445573128,1.7441156865172067,0.24010922,61,False,False,False,False,False,False,False,False
ENSG00000147592,ENSG00000147592,LACTB2,1707,True,0.06555593889971337,1.7470054948720142,0.23981366,61,False,False,False,False,False,False,False,False
ENSG00000115421,ENSG00000115421,PAPOLG,2199,True,0.08317279120834166,1.7464110135774846,0.23941168,61,False,False,False,False,False,False,False,False
ENSG00000124256,ENSG00000124256,ZBP1,8104,True,0.28522266129920076,1.754867030941341,0.23824255,61,False,False,False,False,False,False,False,False
ENSG00000162300,ENSG00000162300,ZFPL1,4212,True,0.15920011791839872,1.7438910308543234,0.23788613,61,False,False,False,False,False,False,False,False
ENSG00000174136,ENSG00000174136,RGMB,999,True,0.04094948865222809,1.7462787478522872,0.23762782,61,False,False,False,False,False,False,False,False
ENSG00000182400,ENSG00000182400,TRAPPC6B,2815,True,0.10177807026024724,1.7437545755125519,0.23727487,61,False,False,False,False,False,False,False,False
ENSG00000105486,ENSG00000105486,LIG1,2693,True,0.09945901128354499,1.7448121551153173,0.23666045,61,False,False,False,False,False,False,False,False
ENSG00000204120,ENSG00000204120,GIGYF2,4217,True,0.1507251897307028,1.744053604721207,0.23664032,61,False,False,False,False,False,False,False,False
ENSG00000119720,ENSG00000119720,NRDE2,4319,True,0.1611354733895389,1.7451677225318392,0.2359751,61,False,False,False,False,False,False,False,False
ENSG00000253716,ENSG00000253716,MINCR,1948,True,0.07592057332703185,1.7448429460864696,0.23464221,61,False,False,False,False,False,False,False,False
ENSG00000111300,ENSG00000111300,NAA25,3802,True,0.141113562490592,1.7470339382753244,0.23350354,61,False,False,False,False,False,False,False,False
ENSG00000168273,ENSG00000168273,UQCC5,5934,True,0.22294168810756548,1.7472380096704883,0.23343366,61,False,False,False,False,False,False,False,False
ENSG00000182185,ENSG00000182185,RAD51B,1442,True,0.05619739132268653,1.7444078325830212,0.2333349,61,False,False,False,False,False,False,False,False
ENSG00000144597,ENSG00000144597,EAF1,1889,True,0.0746305722323522,1.7423530706520476,0.23121215,61,False,False,False,False,False,False,False,False
ENSG00000083635,ENSG00000083635,NUFIP1,1935,True,0.07172170868941684,1.7453124900113648,0.22932519,61,False,False,False,False,False,False,False,False
ENSG00000222011,ENSG00000222011,FAM185A,987,True,0.03759313700790234,1.7412033065506065,0.22897597,61,False,False,False,False,False,False,False,False
ENSG00000272092,ENSG00000272092,ENSG00000272092,912,True,0.03707745095676353,1.7377408252038102,0.22771052,61,False,False,False,False,False,False,False,False
ENSG00000143164,ENSG00000143164,DCAF6,2911,True,0.10832123995321928,1.7429497182291305,0.22590795,61,False,False,False,False,False,False,False,False
ENSG00000246705,ENSG00000246705,H2AJ,7206,True,0.25659361125981933,1.7431794649655132,0.22589375,61,False,False,False,False,False,False,False,False
ENSG00000139977,ENSG00000139977,NAA30,1926,True,0.07257315153593652,1.7442645199297702,0.2257049,61,False,False,False,False,False,False,False,False
ENSG00000112031,ENSG00000112031,MTRF1L,4203,True,0.1514577790448972,1.7397394876655843,0.22401151,61,False,False,False,False,False,False,False,False
ENSG00000198700,ENSG00000198700,IPO9,3054,True,0.11043225143276648,1.7422351177732087,0.2239985,61,False,False,False,False,False,False,False,False
ENSG00000250312,ENSG00000250312,ZNF718,936,True,0.03525687422921556,1.6798447983551592,0.2237301,61,False,False,False,False,False,False,False,False
ENSG00000171316,ENSG00000171316,CHD7,9311,True,0.3197692139298808,1.7633932046887941,0.22308628,61,False,False,False,False,False,False,False,False
ENSG00000102901,ENSG00000102901,CENPT,2849,True,0.10523507335418239,1.7424575197127874,0.2221716,61,False,False,False,False,False,False,False,False
ENSG00000117394,ENSG00000117394,SLC2A1,5687,True,0.20723190109881173,1.745109807823621,0.2221286,61,False,False,False,False,False,False,False,False
ENSG00000153107,ENSG00000153107,ANAPC1,2458,True,0.09158604039655514,1.7419483084999003,0.22092295,61,False,False,False,False,False,False,False,False
ENSG00000174606,ENSG00000174606,ANGEL2,4211,True,0.15470162455598785,1.7421788954166109,0.22076224,61,False,False,False,False,False,False,False,False
ENSG00000196182,ENSG00000196182,STK40,2124,True,0.07942673789161037,1.7446947099390497,0.21978839,61,False,False,False,False,False,False,False,False
ENSG00000006432,ENSG00000006432,MAP3K9,1088,True,0.042949627518152435,1.7344004463130225,0.21960339,61,False,False,False,False,False,False,False,False
ENSG00000082074,ENSG00000082074,FYB1,7537,True,0.2605672440492993,1.7523733926010083,0.21905501,61,False,False,False,False,False,False,False,False
ENSG00000101104,ENSG00000101104,PABPC1L,1005,True,0.03872537605460223,1.6787811709900495,0.21901484,61,False,False,False,False,False,False,False,False
ENSG00000148308,ENSG00000148308,GTF3C5,3107,True,0.11533977309661432,1.7413517918458048,0.21865153,61,False,False,False,False,False,False,False,False
ENSG00000164713,ENSG00000164713,BRI3,5728,True,0.20901033594564386,1.7383253031768242,0.21800297,61,False,False,False,False,False,False,False,False
ENSG00000132950,ENSG00000132950,ZMYM5,4308,True,0.1561571970299459,1.7380641566587263,0.21797475,61,False,False,False,False,False,False,False,False
ENSG00000184162,ENSG00000184162,NR2C2AP,2772,True,0.10410107747936558,1.7421979212423622,0.21701305,61,False,False,False,False,False,False,False,False
ENSG00000115211,ENSG00000115211,EIF2B4,3536,True,0.13444733339680787,1.7420024660523168,0.21681312,61,False,False,False,False,False,False,False,False
ENSG00000267216,ENSG00000267216,ZNF8-ERVK3-1,5094,True,0.18662162093847626,1.7412791270041879,0.21640348,61,False,False,False,False,False,False,False,False
ENSG00000204516,ENSG00000204516,MICB,1611,True,0.06160393701455564,1.7390980162118301,0.21576495,61,False,False,False,False,False,False,False,False
ENSG00000157741,ENSG00000157741,UBN2,2312,True,0.08593094595832612,1.7396713719411174,0.21519905,61,False,False,False,False,False,False,False,False
ENSG00000197818,ENSG00000197818,SLC9A8,1863,True,0.07123620591256354,1.7427823582063022,0.21517274,61,False,False,False,False,False,False,False,False
ENSG00000168014,ENSG00000168014,C2CD3,1213,True,0.045678533785285184,1.7127240514607218,0.21513312,61,False,False,False,False,False,False,False,False
ENSG00000247950,ENSG00000247950,SEC24B-AS1,481,True,0.020100085862815937,1.720935601040049,0.21452317,61,False,False,False,False,False,False,False,False
ENSG00000123728,ENSG00000123728,RAP2C,6632,True,0.24213442358000659,1.7409707739151592,0.21399899,61,False,False,False,False,False,False,False,False
ENSG00000127554,ENSG00000127554,GFER,5619,True,0.2019261786316773,1.7396155622564975,0.21396185,61,False,False,False,False,False,False,False,False
ENSG00000171703,ENSG00000171703,TCEA2,4909,True,0.18585689607291664,1.7392930529558448,0.213581,61,False,False,False,False,False,False,False,False
ENSG00000125352,ENSG00000125352,RNF113A,7465,True,0.26684919404883656,1.7395566892172043,0.21296567,61,False,False,False,False,False,False,False,False
ENSG00000165219,ENSG00000165219,GAPVD1,3592,True,0.13097417653602517,1.7391676771282805,0.21243379,61,False,False,False,False,False,False,False,False
ENSG00000183255,ENSG00000183255,PTTG1IP,3202,True,0.1175066088600936,1.7404979482472032,0.21175513,61,False,False,False,False,False,False,False,False
ENSG00000154945,ENSG00000154945,ANKRD40,1975,True,0.08113455035800181,1.7400838526379543,0.21156369,61,False,False,False,False,False,False,False,False
ENSG00000121390,ENSG00000121390,PSPC1,7785,True,0.27141310889220466,1.7481851056253503,0.21085005,61,False,False,False,False,False,False,False,False
ENSG00000139291,ENSG00000139291,TMEM19,8635,True,0.3123094363304508,1.7595313762059304,0.21081015,61,False,False,False,False,False,False,False,False
ENSG00000109016,ENSG00000109016,DHRS7B,1648,True,0.06170722637459396,1.7066105944447982,0.21005265,61,False,False,False,False,False,False,False,False
ENSG00000146083,ENSG00000146083,RNF44,5268,True,0.19645404180491297,1.7407426454016302,0.20963812,61,False,False,False,False,False,False,False,False
ENSG00000130826,ENSG00000130826,DKC1,6129,True,0.22255837284410174,1.7387677189238553,0.20809488,61,False,False,False,False,False,False,False,False
ENSG00000172794,ENSG00000172794,RAB37,3702,True,0.1345407510958785,1.7380367376289954,0.20770413,61,False,False,False,False,False,False,False,False
ENSG00000107185,ENSG00000107185,RGP1,2463,True,0.09431382306964618,1.7376447232335628,0.20753922,61,False,False,False,False,False,False,False,False
ENSG00000135521,ENSG00000135521,LTV1,5468,True,0.19509037261013054,1.7397433562291353,0.20515528,61,False,False,False,False,False,False,False,False
ENSG00000137814,ENSG00000137814,HAUS2,2981,True,0.10836608798043579,1.7385495671466253,0.20461491,61,False,False,False,False,False,False,False,False
ENSG00000123739,ENSG00000123739,PLA2G12A,2365,True,0.09013794274262138,1.7348469981552215,0.20394643,61,False,False,False,False,False,False,False,False
ENSG00000119640,ENSG00000119640,ACYP1,5711,True,0.22000717576038564,1.7392498865843649,0.20184189,61,False,False,False,False,False,False,False,False
ENSG00000083312,ENSG00000083312,TNPO1,4952,True,0.17491268865265672,1.7384070189891796,0.20180471,61,False,False,False,False,False,False,False,False
ENSG00000112972,ENSG00000112972,HMGCS1,3298,True,0.12717200621644442,1.7368043260966035,0.20064063,61,False,False,False,False,False,False,False,False
ENSG00000103978,ENSG00000103978,TMEM87A,7826,True,0.27034657403513,1.7492073994443906,0.20011802,61,False,False,False,False,False,False,False,False
ENSG00000166822,ENSG00000166822,TMEM170A,6288,True,0.22893409729822253,1.737746601556895,0.20003812,61,False,False,False,False,False,False,False,False
ENSG00000110851,ENSG00000110851,PRDM4,4350,True,0.15807748265069052,1.7381338048247827,0.20000365,61,False,False,False,False,False,False,False,False
ENSG00000181904,ENSG00000181904,C5orf24,8172,True,0.28857476430184953,1.7507353002823143,0.19969419,61,False,False,False,False,False,False,False,False
ENSG00000153391,ENSG00000153391,INO80C,3959,True,0.14897152499378194,1.7383733712054712,0.19938144,61,False,False,False,False,False,False,False,False
ENSG00000130305,ENSG00000130305,NSUN5,7469,True,0.26430880097758125,1.7508819157743183,0.19779035,61,False,False,False,False,False,False,False,False
ENSG00000122692,ENSG00000122692,SMU1,6789,True,0.24091754433973953,1.7378066261899208,0.1969032,61,False,False,False,False,False,False,False,False
ENSG00000164329,ENSG00000164329,TENT2,6934,True,0.2458465090161688,1.7401026693503552,0.19416846,61,False,False,False,False,False,False,False,False
ENSG00000122783,ENSG00000122783,CYREN,3075,True,0.11447634477019299,1.7376613052217555,0.19308686,61,False,False,False,False,False,False,False,False
ENSG00000198373,ENSG00000198373,WWP2,2842,True,0.10541360341408149,1.7348479045353509,0.19277383,61,False,False,False,False,False,False,False,False
ENSG00000127980,ENSG00000127980,PEX1,2647,True,0.09585634396159617,1.7362862376679289,0.1923285,61,False,False,False,False,False,False,False,False
ENSG00000185033,ENSG00000185033,SEMA4B,5495,True,0.1929019803271843,1.735247034829731,0.19085726,61,False,False,False,False,False,False,False,False
ENSG00000107938,ENSG00000107938,EDRF1,3442,True,0.12426080123227717,1.7341337463273967,0.1903688,61,False,False,False,False,False,False,False,False
ENSG00000179562,ENSG00000179562,GCC1,1130,True,0.04323407688783351,1.7334967103711947,0.18732652,61,False,False,False,False,False,False,False,False
ENSG00000116584,ENSG00000116584,ARHGEF2,5278,True,0.1871253109454143,1.732425616730184,0.18728772,61,False,False,False,False,False,False,False,False
ENSG00000182247,ENSG00000182247,UBE2E2,9053,True,0.33377394068739075,1.7604487013520511,0.18218365,61,False,False,False,False,False,False,False,False
ENSG00000095574,ENSG00000095574,IKZF5,3022,True,0.11161557789143325,1.7327678187906554,0.17932878,61,False,False,False,False,False,False,False,False
ENSG00000172845,ENSG00000172845,SP3,6352,True,0.22019853230433134,1.735009507609935,0.16365413,61,False,False,False,False,False,False,False,False
ENSG00000118007,ENSG00000118007,STAG1,8802,True,0.30718032505725723,1.7522764665191417,0.15949954,61,False,False,False,False,False,False,False,False
ENSG00000160058,ENSG00000160058,BSDC1,7356,True,0.2541773478128039,1.7396375821890835,0.15758918,61,False,False,False,False,False,False,False,False
ENSG00000269858,ENSG00000269858,EGLN2,7634,True,0.2691258531212227,1.7346498371069117,0.15737934,61,False,False,False,False,False,False,False,False
ENSG00000119321,ENSG00000119321,FKBP15,2357,True,0.08693657583982593,1.7194419549773763,0.14176342,61,False,False,False,False,False,False,False,False
ENSG00000100473,ENSG00000100473,COCH,3621,True,0.13071129426301017,1.820878027444462,0.5974631,60,False,False,False,False,False,False,False,False
ENSG00000129128,ENSG00000129128,SPCS3,10563,True,0.37421198001122735,1.803428711683953,0.5591099,60,False,False,False,False,False,False,False,False
ENSG00000007312,ENSG00000007312,CD79B,83855,True,2.142431268701795,2.0235606464465694,0.50924444,60,False,False,False,False,False,False,False,False
ENSG00000179299,ENSG00000179299,NSUN7,431,True,0.017609619443021265,1.5530840832449646,0.4595986,60,False,False,False,False,False,False,False,False
ENSG00000169189,ENSG00000169189,NSMCE1,10979,True,0.3902501638666319,1.7942333395159553,0.45693487,60,False,False,False,False,False,False,False,False
ENSG00000109881,ENSG00000109881,CCDC34,1318,True,0.05143763598752602,1.7892818114063644,0.44562164,60,False,False,False,False,False,False,False,False
ENSG00000176236,ENSG00000176236,RPP38-DT,578,True,0.023556198696497978,1.6181136982605928,0.42311406,60,False,False,False,False,False,False,False,False
ENSG00000036448,ENSG00000036448,MYOM2,751,True,0.030607991813293715,1.7564352505021048,0.41106704,60,False,False,False,False,False,False,False,False
ENSG00000215183,ENSG00000215183,MSMP,444,True,0.018657984826720344,1.646593156882333,0.41008818,60,False,False,False,False,False,False,False,False
ENSG00000230844,ENSG00000230844,ZNF674-AS1,578,True,0.024546280085299414,1.7227489617312395,0.38390827,60,False,False,False,False,False,False,False,False
ENSG00000004799,ENSG00000004799,PDK4,329,True,0.0144615462066903,1.6441890744481085,0.38116407,60,False,False,False,False,False,False,False,False
ENSG00000124767,ENSG00000124767,GLO1,14957,True,0.5070333710101202,1.791691099718109,0.37968895,60,False,False,False,False,False,False,False,False
ENSG00000139278,ENSG00000139278,GLIPR1,18087,True,0.6037835617610398,1.7950374906827842,0.37517664,60,False,False,False,False,False,False,False,False
ENSG00000251580,ENSG00000251580,LINC02482,1213,True,0.049051934586562956,1.774845729234128,0.3714607,60,False,False,False,False,False,False,False,False
ENSG00000130518,ENSG00000130518,IQCN,845,True,0.03147567434541046,1.675623419738156,0.36702177,60,False,False,False,False,False,False,False,False
ENSG00000260493,ENSG00000260493,E2F5-DT,455,True,0.020152024875445002,1.6900833691267108,0.35281128,60,False,False,False,False,False,False,False,False
ENSG00000198780,ENSG00000198780,FAM169A,771,True,0.030635062669248356,1.7263624735799559,0.35086408,60,False,False,False,False,False,False,False,False
ENSG00000161911,ENSG00000161911,TREML1,950,True,0.04228799587258608,1.7373214121621339,0.34745714,60,False,False,False,False,False,False,False,False
ENSG00000166900,ENSG00000166900,STX3,1297,True,0.052535945704836974,1.7400526283022335,0.33919308,60,False,False,False,False,False,False,False,False
ENSG00000141378,ENSG00000141378,PTRH2,1552,True,0.059845091043946745,1.7665618896944693,0.33392766,60,False,False,False,False,False,False,False,False
ENSG00000144026,ENSG00000144026,ZNF514,1035,True,0.04208785131370175,1.740366420992236,0.33073905,60,False,False,False,False,False,False,False,False
ENSG00000158887,ENSG00000158887,MPZ,311,True,0.013502187025521795,1.588335948827262,0.32750034,60,False,False,False,False,False,False,False,False
ENSG00000237499,ENSG00000237499,WAKMAR2,1600,True,0.061096335983565814,1.761458674931018,0.32726273,60,False,False,False,False,False,False,False,False
ENSG00000198042,ENSG00000198042,MAK16,2269,True,0.08694665266926499,1.7693606956352907,0.32659727,60,False,False,False,False,False,False,False,False
ENSG00000152359,ENSG00000152359,POC5,1591,True,0.06289996921751548,1.7687035927674808,0.32481155,60,False,False,False,False,False,False,False,False
ENSG00000148606,ENSG00000148606,POLR3A,1256,True,0.04869044498080904,1.7605109091385258,0.32142395,60,False,False,False,False,False,False,False,False
ENSG00000111371,ENSG00000111371,SLC38A1,21595,True,0.6769302112161703,1.8016829709984206,0.3175399,60,False,False,False,False,False,False,False,False
ENSG00000182670,ENSG00000182670,TTC3,24124,True,0.7506457818091122,1.8094645675591756,0.3163418,60,False,False,False,False,False,False,False,False
ENSG00000175643,ENSG00000175643,RMI2,1157,True,0.04795769473692064,1.7637567926705713,0.31602326,60,False,False,False,False,False,False,False,False
ENSG00000117280,ENSG00000117280,RAB29,8412,True,0.29957683598739127,1.76761788304321,0.31236875,60,False,False,False,False,False,False,False,False
ENSG00000131437,ENSG00000131437,KIF3A,1778,True,0.0676568742030941,1.7603153933931628,0.31178737,60,False,False,False,False,False,False,False,False
ENSG00000232412,ENSG00000232412,STAG2-AS1,1026,True,0.0452849596902667,1.760588168505695,0.3067852,60,False,False,False,False,False,False,False,False
ENSG00000196693,ENSG00000196693,ZNF33B,2427,True,0.08972103323916357,1.7625912088825764,0.3028353,60,False,False,False,False,False,False,False,False
ENSG00000137822,ENSG00000137822,TUBGCP4,2016,True,0.07669490113065604,1.7600797385166906,0.3022845,60,False,False,False,False,False,False,False,False
ENSG00000152439,ENSG00000152439,ZNF773,695,True,0.027439975529125037,1.6185428341097108,0.3019391,60,False,False,False,False,False,False,False,False
ENSG00000226200,ENSG00000226200,SGMS1-AS1,941,True,0.035089446820139585,1.6710951980841513,0.3009676,60,False,False,False,False,False,False,False,False
ENSG00000175054,ENSG00000175054,ATR,2993,True,0.11151055095094847,1.761317050786014,0.30044526,60,False,False,False,False,False,False,False,False
ENSG00000100461,ENSG00000100461,RBM23,17850,True,0.5906408946263656,1.7913378427736282,0.29862425,60,False,False,False,False,False,False,False,False
ENSG00000198825,ENSG00000198825,INPP5F,1871,True,0.07258631582295279,1.7575365264951415,0.29801515,60,False,False,False,False,False,False,False,False
ENSG00000037637,ENSG00000037637,FBXO42,2464,True,0.09045995732958881,1.7586981358313556,0.2930296,60,False,False,False,False,False,False,False,False
ENSG00000136169,ENSG00000136169,SETDB2,4078,True,0.15030932546254314,1.7573168263853185,0.2921373,60,False,False,False,False,False,False,False,False
ENSG00000172171,ENSG00000172171,TEFM,2141,True,0.083213890593223,1.7558534075556265,0.29197893,60,False,False,False,False,False,False,False,False
ENSG00000171492,ENSG00000171492,LRRC8D,1962,True,0.07602724699213491,1.7571567504980843,0.28915906,60,False,False,False,False,False,False,False,False
ENSG00000109680,ENSG00000109680,TBC1D19,1151,True,0.04752046037136603,1.7564562764696705,0.28840184,60,False,False,False,False,False,False,False,False
ENSG00000136250,ENSG00000136250,AOAH,1465,True,0.055120698853147944,1.7548334725875618,0.2877094,60,False,False,False,False,False,False,False,False
ENSG00000169047,ENSG00000169047,IRS1,430,True,0.017669680421709882,1.7019232984433634,0.28683734,60,False,False,False,False,False,False,False,False
ENSG00000183137,ENSG00000183137,CEP57L1,1131,True,0.04394463244886829,1.7485216645526669,0.28546652,60,False,False,False,False,False,False,False,False
ENSG00000108559,ENSG00000108559,NUP88,10067,True,0.3513250621168544,1.785126944848897,0.28543055,60,False,False,False,False,False,False,False,False
ENSG00000138802,ENSG00000138802,SEC24B,1863,True,0.07106358157849313,1.758851357840726,0.2836056,60,False,False,False,False,False,False,False,False
ENSG00000162616,ENSG00000162616,DNAJB4,1213,True,0.04867139415893718,1.75717853001132,0.28061008,60,False,False,False,False,False,False,False,False
ENSG00000198799,ENSG00000198799,LRIG2,1456,True,0.055859844515242014,1.7564400630957366,0.27973047,60,False,False,False,False,False,False,False,False
ENSG00000169641,ENSG00000169641,LUZP1,2382,True,0.09073277441942042,1.7559277925471137,0.2774089,60,False,False,False,False,False,False,False,False
ENSG00000226899,ENSG00000226899,ENSG00000226899,1346,True,0.05885170993316514,1.7542048946023592,0.27597538,60,False,False,False,False,False,False,False,False
ENSG00000119787,ENSG00000119787,ATL2,2299,True,0.08656889276655587,1.7544187833800684,0.27539194,60,False,False,False,False,False,False,False,False
ENSG00000253251,ENSG00000253251,SHLD3,1796,True,0.0700673183283756,1.7233696953621347,0.27417806,60,False,False,False,False,False,False,False,False
ENSG00000204165,ENSG00000204165,CXorf65,1017,True,0.03946128871471855,1.7201207539948862,0.26799747,60,False,False,False,False,False,False,False,False
ENSG00000247572,ENSG00000247572,CKMT2-AS1,1037,True,0.04095360907131021,1.7508825493403257,0.26778433,60,False,False,False,False,False,False,False,False
ENSG00000117090,ENSG00000117090,SLAMF1,1726,True,0.0654596285929337,1.7494824170093606,0.26651186,60,False,False,False,False,False,False,False,False
ENSG00000198890,ENSG00000198890,PRMT6,790,True,0.03201941170789408,1.7564381880961013,0.26628622,60,False,False,False,False,False,False,False,False
ENSG00000059145,ENSG00000059145,UNKL,2414,True,0.08849443663943325,1.7497242133232052,0.26565614,60,False,False,False,False,False,False,False,False
ENSG00000179094,ENSG00000179094,PER1,4423,True,0.16351780388895484,1.7521216437610512,0.26537785,60,False,False,False,False,False,False,False,False
ENSG00000109771,ENSG00000109771,LRP2BP,1539,True,0.06159395454649887,1.731711481776801,0.26529217,60,False,False,False,False,False,False,False,False
ENSG00000153317,ENSG00000153317,ASAP1,3743,True,0.14003012689434194,1.751458608762293,0.26522797,60,False,False,False,False,False,False,False,False
ENSG00000145715,ENSG00000145715,RASA1,1879,True,0.07288030901350911,1.7526001420779005,0.26509625,60,False,False,False,False,False,False,False,False
ENSG00000143793,ENSG00000143793,C1orf35,5106,True,0.18763106429527926,1.7508151254253277,0.26484555,60,False,False,False,False,False,False,False,False
ENSG00000167081,ENSG00000167081,PBX3,1599,True,0.062208545178334435,1.7472481303802594,0.26473057,60,False,False,False,False,False,False,False,False
ENSG00000197603,ENSG00000197603,CPLANE1,1478,True,0.05526983956489374,1.7519762400468244,0.26422325,60,False,False,False,False,False,False,False,False
ENSG00000164494,ENSG00000164494,PDSS2,2193,True,0.08562700778776743,1.7518934709428549,0.26411998,60,False,False,False,False,False,False,False,False
ENSG00000162722,ENSG00000162722,TRIM58,842,True,0.03327295491792279,1.7166541660937924,0.2638201,60,False,False,False,False,False,False,False,False
ENSG00000152520,ENSG00000152520,PAN3,9688,True,0.3615732937616079,1.7744821062559601,0.2637634,60,False,False,False,False,False,False,False,False
ENSG00000221909,ENSG00000221909,FAM200A,532,True,0.02215018472775339,1.672537613918027,0.2631458,60,False,False,False,False,False,False,False,False
ENSG00000185127,ENSG00000185127,C6orf120,1649,True,0.061472525369347115,1.746275899519847,0.26295644,60,False,False,False,False,False,False,False,False
ENSG00000175575,ENSG00000175575,PAAF1,1952,True,0.07271360328163134,1.7523623702276838,0.2629234,60,False,False,False,False,False,False,False,False
ENSG00000197857,ENSG00000197857,ZNF44,3531,True,0.12918588812212148,1.752561494299875,0.26268178,60,False,False,False,False,False,False,False,False
ENSG00000102897,ENSG00000102897,LYRM1,6022,True,0.21841880958826373,1.7480602982061448,0.25962642,60,False,False,False,False,False,False,False,False
ENSG00000226742,ENSG00000226742,HSBP1L1,1120,True,0.04439858169332555,1.7495406964255773,0.25778797,60,False,False,False,False,False,False,False,False
ENSG00000071189,ENSG00000071189,SNX13,3408,True,0.12442812645565876,1.7545691753145314,0.25759476,60,False,False,False,False,False,False,False,False
ENSG00000197050,ENSG00000197050,ZNF420,1333,True,0.0534131684218065,1.7486726404273332,0.2572769,60,False,False,False,False,False,False,False,False
ENSG00000114166,ENSG00000114166,KAT2B,1813,True,0.07104722176980452,1.7515950437766579,0.25688088,60,False,False,False,False,False,False,False,False
ENSG00000102781,ENSG00000102781,KATNAL1,1191,True,0.04558229720825813,1.7443666016039858,0.2564711,60,False,False,False,False,False,False,False,False
ENSG00000133460,ENSG00000133460,SLC2A11,3507,True,0.1288235734756134,1.7495804270871176,0.2563403,60,False,False,False,False,False,False,False,False
ENSG00000137145,ENSG00000137145,DENND4C,2424,True,0.09242781933244139,1.7513221014102827,0.25592226,60,False,False,False,False,False,False,False,False
ENSG00000189190,ENSG00000189190,ZNF600,2193,True,0.0834540171106093,1.7196367790228022,0.25569433,60,False,False,False,False,False,False,False,False
ENSG00000129347,ENSG00000129347,KRI1,3578,True,0.1304871187039173,1.7523694206573595,0.25471067,60,False,False,False,False,False,False,False,False
ENSG00000104689,ENSG00000104689,TNFRSF10A,2181,True,0.0794256412254654,1.7510041081453522,0.2538786,60,False,False,False,False,False,False,False,False
ENSG00000260621,ENSG00000260621,ENSG00000260621,4445,True,0.16913133276313164,1.751947658806156,0.25305137,60,False,False,False,False,False,False,False,False
ENSG00000196967,ENSG00000196967,ZNF585A,1061,True,0.04192602845886767,1.7526588768724118,0.2523905,60,False,False,False,False,False,False,False,False
ENSG00000148634,ENSG00000148634,HERC4,6559,True,0.23487943512908457,1.7522016005627157,0.2522105,60,False,False,False,False,False,False,False,False
ENSG00000105808,ENSG00000105808,RASA4,1777,True,0.0671831582496223,1.7488615503131155,0.2514806,60,False,False,False,False,False,False,False,False
ENSG00000134109,ENSG00000134109,EDEM1,4225,True,0.15500336953376795,1.7484655938178038,0.25145164,60,False,False,False,False,False,False,False,False
ENSG00000169155,ENSG00000169155,ZBTB43,3192,True,0.11825381778707245,1.7480686234375524,0.25080615,60,False,False,False,False,False,False,False,False
ENSG00000197530,ENSG00000197530,MIB2,3904,True,0.1450005124544945,1.7497117295065323,0.2507476,60,False,False,False,False,False,False,False,False
ENSG00000150527,ENSG00000150527,MIA2,1987,True,0.07551785567703939,1.7511764990549514,0.25027594,60,False,False,False,False,False,False,False,False
ENSG00000120370,ENSG00000120370,GORAB,1081,True,0.04167316929697574,1.747833465590692,0.24984008,60,False,False,False,False,False,False,False,False
ENSG00000177548,ENSG00000177548,RABEP2,6878,True,0.24223341177950483,1.7525496942721004,0.24801925,60,False,False,False,False,False,False,False,False
ENSG00000163960,ENSG00000163960,UBXN7,4359,True,0.15855926157937034,1.7500146138219244,0.2478489,60,False,False,False,False,False,False,False,False
ENSG00000162928,ENSG00000162928,PEX13,1971,True,0.07707073362937948,1.7446432313867104,0.24733444,60,False,False,False,False,False,False,False,False
ENSG00000164118,ENSG00000164118,CEP44,2396,True,0.09114627274735697,1.7463829067334309,0.24678871,60,False,False,False,False,False,False,False,False
ENSG00000089060,ENSG00000089060,SLC8B1,1432,True,0.05345311823544686,1.678036775518246,0.24584211,60,False,False,False,False,False,False,False,False
ENSG00000108510,ENSG00000108510,MED13,4561,True,0.16431362242960088,1.7486693395037667,0.24553144,60,False,False,False,False,False,False,False,False
ENSG00000217128,ENSG00000217128,FNIP1,2724,True,0.1042139543729821,1.747548689774689,0.24512668,60,False,False,False,False,False,False,False,False
ENSG00000079134,ENSG00000079134,THOC1,4232,True,0.15137115479506402,1.7455880600423705,0.24345362,60,False,False,False,False,False,False,False,False
ENSG00000145725,ENSG00000145725,PPIP5K2,5894,True,0.20626568589999916,1.750960608989019,0.24269608,60,False,False,False,False,False,False,False,False
ENSG00000008405,ENSG00000008405,CRY1,650,True,0.0262068202165283,1.7462145223073693,0.24238963,60,False,False,False,False,False,False,False,False
ENSG00000117228,ENSG00000117228,GBP1,2331,True,0.08739217225203887,1.745517336871683,0.24175055,60,False,False,False,False,False,False,False,True
ENSG00000130347,ENSG00000130347,RTN4IP1,1341,True,0.05325443918111816,1.7462788188780762,0.24039167,60,False,False,False,False,False,False,False,False
ENSG00000146909,ENSG00000146909,NOM1,4596,True,0.16523018111076412,1.7466957571284838,0.24026729,60,False,False,False,False,False,False,False,False
ENSG00000189362,ENSG00000189362,NEMP2,786,True,0.03149332491684286,1.7288230726808165,0.23830824,60,False,False,False,False,False,False,False,False
ENSG00000011638,ENSG00000011638,LDAF1,2465,True,0.0915565212950127,1.748877484428595,0.2377659,60,False,False,False,False,False,False,False,False
ENSG00000014123,ENSG00000014123,UFL1,6604,True,0.231953138289359,1.7415552156463874,0.23772207,60,False,False,False,False,False,False,False,False
ENSG00000132436,ENSG00000132436,FIGNL1,1365,True,0.05300555584824757,1.7433697772171377,0.2376478,60,False,False,False,False,False,False,False,False
ENSG00000185515,ENSG00000185515,BRCC3,3616,True,0.13246771499858015,1.7433765222048576,0.2370786,60,False,False,False,False,False,False,False,False
ENSG00000272008,ENSG00000272008,ENSG00000272008,424,True,0.0176531716279024,1.6895297533961113,0.23704171,60,False,False,False,False,False,False,False,False
ENSG00000172667,ENSG00000172667,ZMAT3,3281,True,0.12590858667141214,1.7488857845182844,0.23702405,60,False,False,False,False,False,False,False,False
ENSG00000100266,ENSG00000100266,PACSIN2,2881,True,0.10776679763603134,1.7435531647976215,0.23685633,60,False,False,False,False,False,False,False,False
ENSG00000162923,ENSG00000162923,WDR26,5358,True,0.19453039347977089,1.7454241640574337,0.23557055,60,False,False,False,False,False,False,False,False
ENSG00000135862,ENSG00000135862,LAMC1,1070,True,0.04098571304467568,1.6831651654074278,0.2354605,60,False,False,False,False,False,False,False,False
ENSG00000006625,ENSG00000006625,GGCT,4983,True,0.1809953472707702,1.7460161565089904,0.23521058,60,False,False,False,False,False,False,False,False
ENSG00000106392,ENSG00000106392,C1GALT1,10242,True,0.35473531553628235,1.7656219416824797,0.23516321,60,False,False,False,False,False,False,False,False
ENSG00000124593,ENSG00000124593,ENSG00000124593,936,True,0.03606261125053003,1.7221745586634698,0.23448683,60,False,False,False,False,False,False,False,False
ENSG00000123066,ENSG00000123066,MED13L,5155,True,0.18618217864895173,1.7455441467372788,0.23448186,60,False,False,False,False,False,False,False,False
ENSG00000172661,ENSG00000172661,WASHC2C,2422,True,0.08796047077971791,1.7475701878101282,0.23419937,60,False,False,False,False,False,False,False,False
ENSG00000092847,ENSG00000092847,AGO1,2055,True,0.07784250049173896,1.7485819503311482,0.23257256,60,False,False,False,False,False,False,False,False
ENSG00000113638,ENSG00000113638,TTC33,1283,True,0.050496167490384665,1.7421600674007245,0.23251748,60,False,False,False,False,False,False,False,False
ENSG00000250903,ENSG00000250903,GMDS-DT,2050,True,0.07729438448275969,1.7468323172752427,0.2323875,60,False,False,False,False,False,False,False,False
ENSG00000018610,ENSG00000018610,STEEP1,2501,True,0.09325743762222723,1.7156690871853633,0.23021863,60,False,False,False,False,False,False,False,False
ENSG00000148153,ENSG00000148153,INIP,2841,True,0.10828278655456462,1.7455350871286028,0.22999758,60,False,False,False,False,False,False,False,False
ENSG00000132670,ENSG00000132670,PTPRA,10441,True,0.3569243301607244,1.7662675726514352,0.22874439,60,False,False,False,False,False,False,False,False
ENSG00000134602,ENSG00000134602,STK26,4748,True,0.17407089358738362,1.7442980892792337,0.22861835,60,False,False,False,False,False,False,False,False
ENSG00000132405,ENSG00000132405,TBC1D14,2360,True,0.08531605817266869,1.7429634423093867,0.22818094,60,False,False,False,False,False,False,False,False
ENSG00000165733,ENSG00000165733,BMS1,5535,True,0.19834903326567768,1.7415320322772667,0.22807744,60,False,False,False,False,False,False,False,False
ENSG00000084676,ENSG00000084676,NCOA1,2896,True,0.10664192876141511,1.7406731859158173,0.22788644,60,False,False,False,False,False,False,False,False
ENSG00000101224,ENSG00000101224,CDC25B,4776,True,0.1659048163196903,1.7411899207640027,0.22770423,60,False,False,False,False,False,False,False,False
ENSG00000124164,ENSG00000124164,VAPB,2869,True,0.1031648043914147,1.7145147370418585,0.22747014,60,False,False,False,False,False,False,False,False
ENSG00000173762,ENSG00000173762,CD7,4976,True,0.16593446447307517,1.7469918733000709,0.22678311,60,False,False,False,False,False,False,False,False
ENSG00000197312,ENSG00000197312,DDI2,2408,True,0.0900331688654876,1.7417459338500203,0.22662856,60,False,False,False,False,False,False,False,False
ENSG00000188021,ENSG00000188021,UBQLN2,5118,True,0.1885244040450437,1.7444052694258578,0.22527692,60,False,False,False,False,False,False,False,False
ENSG00000272195,ENSG00000272195,ENSG00000272195,765,True,0.03104468909478092,1.7273914126870127,0.22487636,60,False,False,False,False,False,False,False,False
ENSG00000231889,ENSG00000231889,TRAF3IP2-AS1,1091,True,0.04106739536374665,1.7393171970000738,0.22469719,60,False,False,False,False,False,False,False,False
ENSG00000180182,ENSG00000180182,MED14,2294,True,0.08309575485270797,1.7411877382702947,0.2245717,60,False,False,False,False,False,False,False,False
ENSG00000169398,ENSG00000169398,PTK2,2290,True,0.08493587151711854,1.7408450104274074,0.22446825,60,False,False,False,False,False,False,False,False
ENSG00000146282,ENSG00000146282,RARS2,3603,True,0.1331795173624058,1.7414353814974286,0.22374368,60,False,False,False,False,False,False,False,False
ENSG00000160305,ENSG00000160305,DIP2A,3441,True,0.12618589187047935,1.7422609706734946,0.22342631,60,False,False,False,False,False,False,False,False
ENSG00000205765,ENSG00000205765,RIMOC1,1905,True,0.07220506641097801,1.7404500496495607,0.2233171,60,False,False,False,False,False,False,False,False
ENSG00000130338,ENSG00000130338,TULP4,3433,True,0.13052142961974064,1.7437164578794366,0.22239377,60,False,False,False,False,False,False,False,False
ENSG00000119650,ENSG00000119650,IFT43,2401,True,0.09253323597278391,1.7443151911887114,0.22093588,60,False,False,False,False,False,False,False,False
ENSG00000001461,ENSG00000001461,NIPAL3,3109,True,0.11244313103309721,1.7410101292924294,0.21988477,60,False,False,False,False,False,False,False,False
ENSG00000204305,ENSG00000204305,AGER,765,True,0.032255129482091485,1.7415828639826936,0.21904074,60,False,False,False,False,False,False,False,False
ENSG00000198863,ENSG00000198863,RUNDC1,2502,True,0.09357869825965671,1.7392749319580154,0.21892086,60,False,False,False,False,False,False,False,False
ENSG00000020922,ENSG00000020922,MRE11,2864,True,0.10848922021448688,1.741762340352877,0.2188465,60,False,False,False,False,False,False,False,False
ENSG00000164975,ENSG00000164975,SNAPC3,2326,True,0.08764229980242973,1.7387447745903584,0.21794936,60,False,False,False,False,False,False,False,False
ENSG00000120334,ENSG00000120334,CENPL,1266,True,0.04839177458873731,1.7290831014010721,0.2165272,60,False,False,False,False,False,False,False,False
ENSG00000119487,ENSG00000119487,MAPKAP1,7899,True,0.2724070874840194,1.7509567104363184,0.2163192,60,False,False,False,False,False,False,False,False
ENSG00000153207,ENSG00000153207,AHCTF1,2763,True,0.0996464298209672,1.7407158263185503,0.21491596,60,False,False,False,False,False,False,False,False
ENSG00000188822,ENSG00000188822,CNR2,6005,True,0.21456944717076445,1.742222240577975,0.21380216,60,False,False,False,False,False,False,False,False
ENSG00000189050,ENSG00000189050,RNFT1,3780,True,0.1444538802881924,1.7401502843110928,0.21322311,60,False,False,False,False,False,False,False,False
ENSG00000117475,ENSG00000117475,BLZF1,1718,True,0.06655191477934765,1.7353936091667501,0.21257386,60,False,False,False,False,False,False,False,False
ENSG00000213015,ENSG00000213015,ZNF580,7236,True,0.2550686930216135,1.7433617657117098,0.21247502,60,False,False,False,False,False,False,False,False
ENSG00000173273,ENSG00000173273,TNKS,2691,True,0.09716762683660515,1.7415217754623713,0.21152113,60,False,False,False,False,False,False,False,False
ENSG00000205356,ENSG00000205356,TECPR1,2581,True,0.09118799701609942,1.7424014883094443,0.21139775,60,False,False,False,False,False,False,False,False
ENSG00000169375,ENSG00000169375,SIN3A,5602,True,0.1962727813923442,1.7429509357806083,0.21126255,60,False,False,False,False,False,False,False,False
ENSG00000181350,ENSG00000181350,LRRC75A,2997,True,0.10709248084560602,1.7372956503179553,0.21117117,60,False,False,False,False,False,False,False,False
ENSG00000102753,ENSG00000102753,KPNA3,4943,True,0.1747058830692596,1.7376104923422275,0.21115983,60,False,False,False,False,False,False,False,False
ENSG00000121417,ENSG00000121417,ZNF211,1278,True,0.050242562428762974,1.7394061561450807,0.21115243,60,False,False,False,False,False,False,False,False
ENSG00000159592,ENSG00000159592,GPBP1L1,6761,True,0.23826737618316784,1.742200287340181,0.21082102,60,False,False,False,False,False,False,False,False
ENSG00000156711,ENSG00000156711,MAPK13,2135,True,0.08183621655570655,1.7394578930280373,0.21074186,60,False,False,False,False,False,False,False,False
ENSG00000139990,ENSG00000139990,DCAF5,3788,True,0.13391185821102183,1.7111309823986929,0.20841938,60,False,False,False,False,False,False,False,False
ENSG00000111850,ENSG00000111850,SMIM8,2660,True,0.10875026357588266,1.7387154511889142,0.20832977,60,False,False,False,False,False,False,False,False
ENSG00000112249,ENSG00000112249,ASCC3,6464,True,0.22450396796436997,1.7476949345061454,0.20823601,60,False,False,False,False,False,False,False,False
ENSG00000163389,ENSG00000163389,POGLUT1,2185,True,0.0823154846923886,1.7383361209959072,0.20769943,60,False,False,False,False,False,False,False,False
ENSG00000108021,ENSG00000108021,TASOR2,5170,True,0.18642647599921708,1.7417361489564707,0.2074989,60,False,False,False,False,False,False,False,False
ENSG00000089818,ENSG00000089818,NECAP1,5044,True,0.18306675975594836,1.7399951696425333,0.20712715,60,False,False,False,False,False,False,False,False
ENSG00000174501,ENSG00000174501,ANKRD36C,7950,True,0.26639176504064754,1.752983342183955,0.20682612,60,False,False,False,False,False,False,False,False
ENSG00000185246,ENSG00000185246,PRPF39,2923,True,0.10903955332742933,1.7397277858156415,0.20644893,60,False,False,False,False,False,False,False,False
ENSG00000100221,ENSG00000100221,JOSD1,4593,True,0.168816254347487,1.7396913554115394,0.20630813,60,False,False,False,False,False,False,False,False
ENSG00000092020,ENSG00000092020,PPP2R3C,7919,True,0.27988715074769677,1.7444454252649835,0.20572482,60,False,False,False,False,False,False,False,False
ENSG00000179295,ENSG00000179295,PTPN11,3888,True,0.13904640422245557,1.7369610295683335,0.2054281,60,False,False,False,False,False,False,False,False
ENSG00000186141,ENSG00000186141,POLR3C,2455,True,0.09084727006042076,1.738456580125053,0.20531547,60,False,False,False,False,False,False,False,False
ENSG00000136935,ENSG00000136935,GOLGA1,1391,True,0.05271044078800542,1.7275433013531056,0.20518468,60,False,False,False,False,False,False,False,False
ENSG00000139620,ENSG00000139620,KANSL2,4668,True,0.16812480075265754,1.7382249822523475,0.2042009,60,False,False,False,False,False,False,False,False
ENSG00000160094,ENSG00000160094,ZNF362,1204,True,0.04646414768436029,1.7387855643973262,0.20374817,60,False,False,False,False,False,False,False,False
ENSG00000164751,ENSG00000164751,PEX2,5155,True,0.18928818253145344,1.737681249675173,0.20304148,60,False,False,False,False,False,False,False,False
ENSG00000116266,ENSG00000116266,STXBP3,6973,True,0.25033000369303465,1.745544151658679,0.20243894,60,False,False,False,False,False,False,False,False
ENSG00000132635,ENSG00000132635,PCED1A,1850,True,0.07011890744314551,1.735803720818639,0.20193121,60,False,False,False,False,False,False,False,False
ENSG00000099204,ENSG00000099204,ABLIM1,7364,True,0.2558292661012615,1.746877337175313,0.20179363,60,False,False,False,False,False,False,False,False
ENSG00000144231,ENSG00000144231,POLR2D,2996,True,0.10793431217221044,1.735082651422696,0.20127745,60,False,False,False,False,False,False,False,False
ENSG00000182087,ENSG00000182087,TMEM259,5601,True,0.2026856511444014,1.7395245086998947,0.19972181,60,False,False,False,False,False,False,False,False
ENSG00000118518,ENSG00000118518,RNF146,2825,True,0.10876103566696046,1.7356682476605934,0.19867815,60,False,False,False,False,False,False,False,False
ENSG00000166037,ENSG00000166037,CEP57,9258,True,0.31749418867134316,1.7543310883005183,0.19855778,60,False,False,False,False,False,False,False,False
ENSG00000176853,ENSG00000176853,FAM91A1,5713,True,0.21111227631273843,1.737871143922242,0.19837734,60,False,False,False,False,False,False,False,False
ENSG00000075539,ENSG00000075539,FRYL,7621,True,0.2705538868293119,1.7547164927891332,0.19822055,60,False,False,False,False,False,False,False,False
ENSG00000139651,ENSG00000139651,ZNF740,1029,True,0.04029161251780691,1.7125508240898895,0.1976417,60,False,False,False,False,False,False,False,False
ENSG00000163703,ENSG00000163703,CRELD1,1998,True,0.07586355952216987,1.7388483821039138,0.19753946,60,False,False,False,False,False,False,False,False
ENSG00000077097,ENSG00000077097,TOP2B,7385,True,0.2571575447386747,1.7515289746294391,0.1957598,60,False,False,False,False,False,False,False,False
ENSG00000083099,ENSG00000083099,LYRM2,9989,True,0.35401832389235505,1.7631070188076654,0.19514905,60,False,False,False,False,False,False,False,False
ENSG00000072803,ENSG00000072803,FBXW11,6675,True,0.24744492692750442,1.7464745441062168,0.19171238,60,False,False,False,False,False,False,False,False
ENSG00000145916,ENSG00000145916,RMND5B,3596,True,0.13136031662791622,1.7360189571134141,0.19026698,60,False,False,False,False,False,False,False,False
ENSG00000185728,ENSG00000185728,YTHDF3,3195,True,0.11550163042821694,1.7324436207199783,0.18951155,60,False,False,False,False,False,False,False,False
ENSG00000147050,ENSG00000147050,KDM6A,3309,True,0.12140711194972703,1.7359036815394788,0.18942602,60,False,False,False,False,False,False,False,False
ENSG00000117899,ENSG00000117899,MESD,7989,True,0.28152593935405495,1.7445455107918555,0.18925294,60,False,False,False,False,False,False,False,False
ENSG00000170545,ENSG00000170545,SMAGP,7897,True,0.2760243881698616,1.7454990601004854,0.18751769,60,False,False,False,False,False,False,False,False
ENSG00000113119,ENSG00000113119,TMCO6,1400,True,0.055398623778215986,1.7346388225401084,0.18157792,60,False,False,False,False,False,False,False,False
ENSG00000123444,ENSG00000123444,KBTBD4,2081,True,0.07900807856055421,1.7315772323568281,0.17966034,60,False,False,False,False,False,False,False,False
ENSG00000115548,ENSG00000115548,KDM3A,2095,True,0.0745654093393694,1.729008579292527,0.17929831,60,False,False,False,False,False,False,False,False
ENSG00000176783,ENSG00000176783,RUFY1,5110,True,0.18657287070501594,1.732301178830095,0.17831288,60,False,False,False,False,False,False,False,False
ENSG00000103657,ENSG00000103657,HERC1,6730,True,0.2336121939551786,1.7413929918889375,0.17643529,60,False,False,False,False,False,False,False,False
ENSG00000131966,ENSG00000131966,ACTR10,6451,True,0.23677965334346932,1.7328455425587252,0.17568785,60,False,False,False,False,False,False,False,False
ENSG00000203705,ENSG00000203705,TATDN3,4157,True,0.1517060582987055,1.7321307964477102,0.17304428,60,False,False,False,False,False,False,False,False
ENSG00000107854,ENSG00000107854,TNKS2,5627,True,0.19987111701474722,1.7293745683685409,0.16887179,60,False,False,False,False,False,False,False,False
ENSG00000100239,ENSG00000100239,PPP6R2,5388,True,0.18980820153736538,1.734875130875806,0.1684989,60,False,False,False,False,False,False,False,False
ENSG00000213057,ENSG00000213057,C1orf220,789,True,0.03010092504808559,1.7307669473820015,0.16815144,60,False,False,False,False,False,False,False,False
ENSG00000100060,ENSG00000100060,MFNG,8284,True,0.2846124787263737,1.7458322871315715,0.16607185,60,False,False,False,False,False,False,False,False
ENSG00000109854,ENSG00000109854,HTATIP2,6582,True,0.2394295057635056,1.731895751977111,0.16378462,60,False,False,False,False,False,False,False,False
ENSG00000146828,ENSG00000146828,SLC12A9,3200,True,0.11637263395602741,1.7291914457445934,0.16299371,60,False,False,False,False,False,False,False,False
ENSG00000170653,ENSG00000170653,ATF7,3409,True,0.12769649872291503,1.7280215430381667,0.16166362,60,False,False,False,False,False,False,False,False
ENSG00000066136,ENSG00000066136,NFYC,5688,True,0.20286089599017568,1.726906357392975,0.16127945,60,False,False,False,False,False,False,False,False
ENSG00000197858,ENSG00000197858,GPAA1,6987,True,0.24433832052379545,1.7323851429267543,0.15587461,60,False,False,False,False,False,False,False,False
ENSG00000100897,ENSG00000100897,DCAF11,6292,True,0.21579330724826945,1.726904485839657,0.15348582,60,False,False,False,False,False,False,False,False
ENSG00000125772,ENSG00000125772,GPCPD1,8279,True,0.2873218073390181,1.744687725958783,0.14883615,60,False,False,False,False,False,False,False,False
ENSG00000185220,ENSG00000185220,PGBD2,1390,True,0.054331336674246285,1.6840252306733752,0.14355782,60,False,False,False,False,False,False,False,False
ENSG00000101158,ENSG00000101158,NELFCD,8727,True,0.2998032745327147,1.7441434319560203,0.11982101,60,False,False,False,False,False,False,False,False
ENSG00000168297,ENSG00000168297,PXK,8350,True,0.2876459716659573,1.7376351357386226,0.11507285,60,False,False,False,False,False,False,False,False
ENSG00000171574,ENSG00000171574,ZNF584,758,True,0.0300967563896114,1.6240099129826726,0.114627905,60,False,False,False,False,False,False,False,False
ENSG00000167615,ENSG00000167615,LENG8,7760,True,0.2702877626245772,1.73367388425432,0.07024318,60,False,False,False,False,False,False,False,False
ENSG00000105374,ENSG00000105374,NKG7,20893,True,0.6644766030532643,1.8205688771115638,0.5338214,59,False,False,False,False,False,False,False,False
ENSG00000156738,ENSG00000156738,MS4A1,88358,True,2.2531447795403072,2.034641501509594,0.5328427,59,False,False,False,False,False,False,False,False
ENSG00000174891,ENSG00000174891,RSRC1,12564,True,0.449703838728742,1.7953027185099577,0.42917332,59,False,False,False,False,False,False,False,False
ENSG00000152818,ENSG00000152818,UTRN,17081,True,0.5570186184333262,1.801159694410339,0.41626874,59,False,False,False,False,False,False,False,False
ENSG00000066654,ENSG00000066654,THUMPD1,12813,True,0.4494164123775947,1.7905199224390933,0.39774433,59,False,False,False,False,False,False,False,False
ENSG00000136237,ENSG00000136237,RAPGEF5,521,True,0.02252842700199238,1.5734351094733519,0.39724335,59,False,False,False,False,False,False,False,False
ENSG00000100644,ENSG00000100644,HIF1A,17058,True,0.5519421318935009,1.7973911974701884,0.39718795,59,False,False,False,False,False,False,False,False
ENSG00000025796,ENSG00000025796,SEC63,11433,True,0.3957287775986045,1.7872471926067048,0.3763776,59,False,False,False,False,False,False,False,False
ENSG00000240710,ENSG00000240710,ENSG00000240710,412,True,0.016482633593451385,1.6159477308388615,0.3583618,59,False,False,False,False,False,False,False,False
ENSG00000151611,ENSG00000151611,MMAA,766,True,0.03140119989540841,1.7225084675503082,0.35812154,59,False,False,False,False,False,False,False,False
ENSG00000261879,ENSG00000261879,ZNF594-DT,898,True,0.03607223074516988,1.770818434292414,0.35758707,59,False,False,False,False,False,False,False,False
ENSG00000212939,ENSG00000212939,ENSG00000212939,1189,True,0.044113638190167455,1.6548460456082643,0.34313396,59,False,False,False,False,False,False,False,False
ENSG00000010818,ENSG00000010818,HIVEP2,1639,True,0.06056590896517055,1.771456318254738,0.3357869,59,False,False,False,False,False,False,False,False
ENSG00000111276,ENSG00000111276,CDKN1B,12271,True,0.42644696991273273,1.7867275554181268,0.3314505,59,False,False,False,False,False,False,False,False
ENSG00000101017,ENSG00000101017,CD40,18835,True,0.6100776281122499,1.7955429354738006,0.32645756,59,False,False,False,False,False,False,False,False
ENSG00000203326,ENSG00000203326,ZNF525,1391,True,0.05400979597761743,1.7672898446943732,0.32613832,59,False,False,False,False,False,False,False,False
ENSG00000235169,ENSG00000235169,SMIM1,850,True,0.034454986957511986,1.7641404109367373,0.3239874,59,False,False,False,False,False,False,False,False
ENSG00000234284,ENSG00000234284,ZNF879,626,True,0.024568241586226388,1.6626999747103484,0.32068473,59,False,False,False,False,False,False,False,False
ENSG00000164989,ENSG00000164989,CCDC171,745,True,0.029259581347141215,1.7080789465494044,0.31767797,59,False,False,False,False,False,False,False,False
ENSG00000106624,ENSG00000106624,AEBP1,1522,True,0.05782576415910731,1.7618605638556366,0.31300396,59,False,False,False,False,False,False,False,False
ENSG00000178229,ENSG00000178229,ZNF543,534,True,0.02141008077525866,1.6460003101801555,0.31212553,59,False,False,False,False,False,False,False,False
ENSG00000203666,ENSG00000203666,EFCAB2,2029,True,0.07986310526003093,1.7603944742440147,0.30919564,59,False,False,False,False,False,False,False,False
ENSG00000178974,ENSG00000178974,FBXO34,2863,True,0.1059990398993368,1.7598417395846133,0.30755475,59,False,False,False,False,False,False,False,False
ENSG00000167595,ENSG00000167595,PROSER3,1930,True,0.07379967989126503,1.761354129791635,0.30580017,59,False,False,False,False,False,False,False,False
ENSG00000261609,ENSG00000261609,GAN,1330,True,0.05214003132400311,1.7628151597362751,0.30352518,59,False,False,False,False,False,False,False,False
ENSG00000105750,ENSG00000105750,ZNF85,1654,True,0.06069206670475078,1.7299134030918197,0.30284607,59,False,False,False,False,False,False,False,False
ENSG00000109184,ENSG00000109184,DCUN1D4,1552,True,0.0613744668837497,1.7617365208862075,0.30056643,59,False,False,False,False,False,False,False,False
ENSG00000000457,ENSG00000000457,SCYL3,1612,True,0.06134688641542938,1.7571934123646573,0.29529086,59,False,False,False,False,False,False,False,False
ENSG00000168495,ENSG00000168495,POLR3D,3141,True,0.121168665896654,1.7582900660325125,0.29464024,59,False,False,False,False,False,False,False,False
ENSG00000124731,ENSG00000124731,TREM1,1171,True,0.045095686898784626,1.7598339325939323,0.29303008,59,False,False,False,False,False,False,False,False
ENSG00000099953,ENSG00000099953,MMP11,600,True,0.024194789717470036,1.6366930753094577,0.29295167,59,False,False,False,False,False,False,False,False
ENSG00000213762,ENSG00000213762,ZNF134,1618,True,0.06267995240863147,1.7540304792843613,0.2891164,59,False,False,False,False,False,False,False,False
ENSG00000072954,ENSG00000072954,TMEM38A,555,True,0.023055730337507338,1.7086842808568925,0.28619608,59,False,False,False,False,False,False,False,False
ENSG00000131188,ENSG00000131188,PRR7,6495,True,0.23898415351931596,1.754898158617768,0.2861827,59,False,False,False,False,False,False,False,False
ENSG00000162607,ENSG00000162607,USP1,9536,True,0.3293485306983921,1.7683234358327142,0.28495735,59,False,False,False,False,False,False,False,False
ENSG00000213889,ENSG00000213889,PPM1N,2063,True,0.08148947769985553,1.7564612496596388,0.28465602,59,False,False,False,False,False,False,False,False
ENSG00000153140,ENSG00000153140,CETN3,2470,True,0.09902044563526732,1.7537089052906745,0.28407606,59,False,False,False,False,False,False,False,False
ENSG00000228784,ENSG00000228784,LINC00954,1524,True,0.05847467402759785,1.7570759570598957,0.28124923,59,False,False,False,False,False,False,False,False
ENSG00000073969,ENSG00000073969,NSF,2392,True,0.0908761617813565,1.7549193726101655,0.2805407,59,False,False,False,False,False,False,False,False
ENSG00000113088,ENSG00000113088,GZMK,2064,True,0.08035796784502064,1.7594288003153464,0.2787113,59,False,False,False,False,False,False,False,False
ENSG00000269176,ENSG00000269176,ENSG00000269176,632,True,0.025120229145860616,1.7275502580445163,0.27749544,59,False,False,False,False,False,False,False,False
ENSG00000122958,ENSG00000122958,VPS26A,5446,True,0.1956029557031738,1.7531976842154178,0.2772084,59,False,False,False,False,False,False,False,False
ENSG00000261766,ENSG00000261766,ENSG00000261766,917,True,0.03540147258807257,1.7499086786159175,0.27629554,59,False,False,False,False,False,False,False,False
ENSG00000137075,ENSG00000137075,RNF38,3048,True,0.11369837250358795,1.7551243641840009,0.27482647,59,False,False,False,False,False,False,False,False
ENSG00000073417,ENSG00000073417,PDE8A,1201,True,0.04543678811323671,1.7557714235697985,0.27259573,59,False,False,False,False,False,False,False,False
ENSG00000181027,ENSG00000181027,FKRP,919,True,0.03862057758383579,1.7562117971221476,0.2705595,59,False,False,False,False,False,False,False,False
ENSG00000128000,ENSG00000128000,ZNF780B,1812,True,0.07313404907012239,1.7562342624797729,0.26989418,59,False,False,False,False,False,False,False,False
ENSG00000114491,ENSG00000114491,UMPS,1880,True,0.0703694409503196,1.7509398825986369,0.26810002,59,False,False,False,False,False,False,False,False
ENSG00000163874,ENSG00000163874,ZC3H12A,2998,True,0.11215773080975669,1.7519229833986207,0.26603806,59,False,False,False,False,False,False,False,False
ENSG00000265666,ENSG00000265666,RARA-AS1,545,True,0.023025905932510124,1.7340016941549372,0.26578838,59,False,False,False,False,False,False,False,False
ENSG00000127989,ENSG00000127989,MTERF1,1552,True,0.05894841170129194,1.7521797729913446,0.26535422,59,False,False,False,False,False,False,False,False
ENSG00000151746,ENSG00000151746,BICD1,2927,True,0.10502589555565814,1.754099896785524,0.2642494,59,False,False,False,False,False,False,False,False
ENSG00000204444,ENSG00000204444,APOM,1777,True,0.06724387143127554,1.749523728486563,0.26424167,59,False,False,False,False,False,False,False,False
ENSG00000170802,ENSG00000170802,FOXN2,4091,True,0.15031873828572465,1.7535560637052634,0.26368377,59,False,False,False,False,False,False,False,False
ENSG00000186020,ENSG00000186020,ZNF529,2242,True,0.08912798705266228,1.753702362028308,0.263516,59,False,False,False,False,False,False,False,False
ENSG00000183474,ENSG00000183474,GTF2H2C,2918,True,0.10918623879918708,1.752146919854819,0.2629594,59,False,False,False,False,False,False,False,False
ENSG00000213380,ENSG00000213380,COG8,1437,True,0.05329353785839694,1.6756181927871268,0.2624622,59,False,False,False,False,False,False,False,False
ENSG00000083520,ENSG00000083520,DIS3,4868,True,0.17500099219080117,1.7515628745455059,0.26177165,59,False,False,False,False,False,False,False,False
ENSG00000138443,ENSG00000138443,ABI2,2038,True,0.07724143996204756,1.7505022987958463,0.26082385,59,False,False,False,False,False,False,False,False
ENSG00000141642,ENSG00000141642,ELAC1,1377,True,0.05173076000949266,1.7343699361307052,0.2591023,59,False,False,False,False,False,False,False,False
ENSG00000170085,ENSG00000170085,SIMC1,2283,True,0.08377766818318304,1.7525573159507892,0.25880662,59,False,False,False,False,False,False,False,False
ENSG00000106346,ENSG00000106346,USP42,1669,True,0.06371479458048815,1.749311622055525,0.2552552,59,False,False,False,False,False,False,False,False
ENSG00000254093,ENSG00000254093,PINX1,1899,True,0.07151396297628193,1.7482474624116924,0.25282735,59,False,False,False,False,False,False,False,False
ENSG00000109320,ENSG00000109320,NFKB1,3466,True,0.12952439212688174,1.7467648174763681,0.25239375,59,False,False,False,False,False,False,False,False
ENSG00000111358,ENSG00000111358,GTF2H3,2468,True,0.09335850525165053,1.7489620536264376,0.25145915,59,False,False,False,False,False,False,False,False
ENSG00000118503,ENSG00000118503,TNFAIP3,7023,True,0.23962408149571335,1.7591714914190923,0.25099126,59,False,False,False,False,False,False,False,False
ENSG00000169826,ENSG00000169826,CSGALNACT2,4443,True,0.15670087435127142,1.74780892715752,0.25096822,59,False,False,False,False,False,False,False,False
ENSG00000186132,ENSG00000186132,C2orf76,2438,True,0.09819249465288471,1.7506509368613197,0.25086132,59,False,False,False,False,False,False,False,False
ENSG00000256525,ENSG00000256525,POLG2,2304,True,0.08580693881591393,1.7497981448174031,0.2504795,59,False,False,False,False,False,False,False,False
ENSG00000164144,ENSG00000164144,ARFIP1,3366,True,0.12619758518969446,1.749114597746207,0.24959391,59,False,False,False,False,False,False,False,False
ENSG00000223496,ENSG00000223496,EXOSC6,2152,True,0.08513551618439377,1.7474777010020583,0.24928074,59,False,False,False,False,False,False,False,False
ENSG00000197566,ENSG00000197566,ZNF624,582,True,0.02263019788847402,1.6633431925207902,0.24911575,59,False,False,False,False,False,False,False,False
ENSG00000164136,ENSG00000164136,IL15,2062,True,0.08093459442499588,1.7466493814090343,0.24900416,59,False,False,False,False,False,False,False,False
ENSG00000172301,ENSG00000172301,COPRS,2831,True,0.10807800062732181,1.7485311085836857,0.2489918,59,False,False,False,False,False,False,False,False
ENSG00000273437,ENSG00000273437,ENSG00000273437,741,True,0.031122673466422997,1.752587929513429,0.24885367,59,False,False,False,False,False,False,False,False
ENSG00000111364,ENSG00000111364,DDX55,2892,True,0.10527725567738706,1.7473261064025174,0.24751891,59,False,False,False,False,False,False,False,False
ENSG00000265008,ENSG00000265008,ENSG00000265008,421,True,0.018437655898199023,1.7282387187513626,0.24686186,59,False,False,False,False,False,False,False,False
ENSG00000135297,ENSG00000135297,MTO1,2927,True,0.11167348087241052,1.7458932310514377,0.24545144,59,False,False,False,False,False,False,False,False
ENSG00000111671,ENSG00000111671,SPSB2,1684,True,0.06604176258956135,1.7484288351191588,0.24514604,59,False,False,False,False,False,False,False,False
ENSG00000134852,ENSG00000134852,CLOCK,2431,True,0.09079220631519912,1.7460415971104288,0.24443215,59,False,False,False,False,False,False,False,False
ENSG00000185115,ENSG00000185115,NSMCE3,9383,True,0.34225769601534933,1.7706949801754697,0.24377626,59,False,False,False,False,False,False,False,False
ENSG00000148843,ENSG00000148843,PDCD11,3095,True,0.11838105593755542,1.7457479733742411,0.24349456,59,False,False,False,False,False,False,False,False
ENSG00000267575,ENSG00000267575,LINC02987,1126,True,0.04337380362861324,1.7119173794646516,0.24279144,59,False,False,False,False,False,False,False,False
ENSG00000163512,ENSG00000163512,AZI2,3024,True,0.11292160532165268,1.7447854133043428,0.24268818,59,False,False,False,False,False,False,False,False
ENSG00000112078,ENSG00000112078,KCTD20,3998,True,0.14558272943704845,1.747718807717735,0.24178365,59,False,False,False,False,False,False,False,False
ENSG00000119559,ENSG00000119559,C19orf25,8583,True,0.30368424313297865,1.7708871584644974,0.24178024,59,False,False,False,False,False,False,False,False
ENSG00000165959,ENSG00000165959,CLMN,2115,True,0.07682785239231105,1.74415543346477,0.24076772,59,False,False,False,False,False,False,False,False
ENSG00000166685,ENSG00000166685,COG1,1949,True,0.07220568619544326,1.717795955172506,0.2403046,59,False,False,False,False,False,False,False,False
ENSG00000108590,ENSG00000108590,MED31,3383,True,0.1297970814036787,1.7451815036015093,0.24027328,59,False,False,False,False,False,False,False,False
ENSG00000104907,ENSG00000104907,TRMT1,8525,True,0.3056048809404856,1.759382540776332,0.23983543,59,False,False,False,False,False,False,False,False
ENSG00000176171,ENSG00000176171,BNIP3,1252,True,0.04747041579597828,1.7474758557502312,0.23974533,59,False,False,False,False,False,False,False,False
ENSG00000203497,ENSG00000203497,PDCD4-AS1,1913,True,0.07515886976550136,1.7472751253604506,0.23900253,59,False,False,False,False,False,False,False,False
ENSG00000103202,ENSG00000103202,NME4,6818,True,0.2453939132442798,1.7510765180903405,0.23879904,59,False,False,False,False,False,False,False,False
ENSG00000260349,ENSG00000260349,ENSG00000260349,2269,True,0.08523738266980942,1.7486260054990972,0.23823671,59,False,False,False,False,False,False,False,False
ENSG00000214106,ENSG00000214106,PAXIP1-AS2,1323,True,0.04981379166559074,1.7500486381819906,0.23809661,59,False,False,False,False,False,False,False,False
ENSG00000159873,ENSG00000159873,CCDC117,1811,True,0.06822544436945087,1.7448428587842253,0.23784187,59,False,False,False,False,False,False,False,False
ENSG00000273384,ENSG00000273384,ENSG00000273384,1247,True,0.050302392831065273,1.745222006341699,0.23608932,59,False,False,False,False,False,False,False,False
ENSG00000221944,ENSG00000221944,TIGD1,1793,True,0.0711587526212349,1.746610886548261,0.23567103,59,False,False,False,False,False,False,False,False
ENSG00000122068,ENSG00000122068,FYTTD1,8141,True,0.2831352919177892,1.7493945564918876,0.23562475,59,False,False,False,False,False,False,False,False
ENSG00000204954,ENSG00000204954,UQCC6,1458,True,0.0570253312113603,1.7467459916887969,0.23559111,59,False,False,False,False,False,False,False,False
ENSG00000248019,ENSG00000248019,FAM13A-AS1,803,True,0.03116837293150003,1.712642408511133,0.23506767,59,False,False,False,False,False,False,False,False
ENSG00000204178,ENSG00000204178,MACO1,3169,True,0.11500984098196626,1.7426861470069555,0.23458187,59,False,False,False,False,False,False,False,False
ENSG00000245571,ENSG00000245571,FAM111A-DT,948,True,0.03790165396219139,1.715510241061444,0.23452441,59,False,False,False,False,False,False,False,False
ENSG00000111846,ENSG00000111846,GCNT2,2575,True,0.09478675354552407,1.742349760351284,0.23427893,59,False,False,False,False,False,False,False,False
ENSG00000196378,ENSG00000196378,ZNF34,989,True,0.03905719919098037,1.7443729416376583,0.23350555,59,False,False,False,False,False,False,False,False
ENSG00000106771,ENSG00000106771,TMEM245,2716,True,0.10348819835566489,1.7431520932411728,0.23278691,59,False,False,False,False,False,False,False,False
ENSG00000142583,ENSG00000142583,SLC2A5,628,True,0.02504229200347008,1.7082710963602556,0.23251632,59,False,False,False,False,False,False,False,False
ENSG00000138434,ENSG00000138434,ITPRID2,1726,True,0.06636781508893287,1.7486057371448274,0.23211463,59,False,False,False,False,False,False,False,False
ENSG00000149929,ENSG00000149929,HIRIP3,2330,True,0.08587020453099846,1.7432960741141463,0.23173675,59,False,False,False,False,False,False,False,False
ENSG00000125827,ENSG00000125827,TMX4,8526,True,0.2944586863228567,1.7521129000127147,0.2314766,59,False,False,False,False,False,False,False,False
ENSG00000148925,ENSG00000148925,BTBD10,1712,True,0.06536132193606609,1.741476453443076,0.22955434,59,False,False,False,False,False,False,False,False
ENSG00000110435,ENSG00000110435,PDHX,2109,True,0.07954127619918994,1.7429534712963068,0.22844107,59,False,False,False,False,False,False,False,False
ENSG00000073614,ENSG00000073614,KDM5A,11503,True,0.38980459334772666,1.7694002881006121,0.22802933,59,False,False,False,False,False,False,False,False
ENSG00000144357,ENSG00000144357,UBR3,2477,True,0.0910096639209773,1.7462725942844448,0.22779442,59,False,False,False,False,False,False,False,False
ENSG00000090612,ENSG00000090612,ZNF268,1204,True,0.04675480676330652,1.7455901023286118,0.22758909,59,False,False,False,False,False,False,False,False
ENSG00000188554,ENSG00000188554,NBR1,3236,True,0.11800487316517497,1.7440169804201593,0.22754507,59,False,False,False,False,False,False,False,False
ENSG00000100934,ENSG00000100934,SEC23A,4163,True,0.15568523930734135,1.744434105965621,0.22724006,59,False,False,False,False,False,False,False,False
ENSG00000094975,ENSG00000094975,SUCO,3687,True,0.13562345490024713,1.7436832935897184,0.22654213,59,False,False,False,False,False,False,False,False
ENSG00000184436,ENSG00000184436,THAP7,4431,True,0.1634213443397231,1.7412472086443038,0.22589588,59,False,False,False,False,False,False,False,False
ENSG00000125089,ENSG00000125089,SH3TC1,2238,True,0.0850467985009627,1.7424505220028024,0.22572921,59,False,False,False,False,False,False,False,False
ENSG00000155313,ENSG00000155313,USP25,2658,True,0.1004053733512178,1.744442857664878,0.22572587,59,False,False,False,False,False,False,False,False
ENSG00000018699,ENSG00000018699,TTC27,1707,True,0.06496405284644353,1.7459859023552753,0.22570227,59,False,False,False,False,False,False,False,False
ENSG00000145375,ENSG00000145375,AFG2A,1500,True,0.05864677295233903,1.7452603597545517,0.2255409,59,False,False,False,False,False,False,False,False
ENSG00000058063,ENSG00000058063,ATP11B,4184,True,0.14956708065767912,1.7431095006789357,0.22495519,59,False,False,False,False,False,False,False,False
ENSG00000170919,ENSG00000170919,TPT1-AS1,2089,True,0.07909120747972152,1.742000181296753,0.22494951,59,False,False,False,False,False,False,False,False
ENSG00000175536,ENSG00000175536,LIPT2,848,True,0.03405854076387594,1.7153453498285636,0.22486939,59,False,False,False,False,False,False,False,False
ENSG00000141664,ENSG00000141664,ZCCHC2,2166,True,0.08485117629057339,1.744516239253226,0.22455263,59,False,False,False,False,False,False,False,False
ENSG00000108384,ENSG00000108384,RAD51C,4122,True,0.15202395106523536,1.7407189354003227,0.224151,59,False,False,False,False,False,False,False,False
ENSG00000138821,ENSG00000138821,SLC39A8,949,True,0.036681980692784215,1.6800932977721141,0.22411878,59,False,False,False,False,False,False,False,False
ENSG00000177485,ENSG00000177485,ZBTB33,1659,True,0.06391885917552687,1.7452335542133268,0.22393885,59,False,False,False,False,False,False,False,False
ENSG00000163811,ENSG00000163811,WDR43,9394,True,0.3306183267109328,1.7603924127590589,0.22208402,59,False,False,False,False,False,False,False,False
ENSG00000183718,ENSG00000183718,TRIM52,3102,True,0.11542139337115272,1.7419479515436869,0.22110996,59,False,False,False,False,False,False,False,False
ENSG00000047932,ENSG00000047932,GOPC,4184,True,0.1548189540172786,1.7420164653765509,0.22094244,59,False,False,False,False,False,False,False,False
ENSG00000181852,ENSG00000181852,RNF41,3794,True,0.14087249839628085,1.7395530673642803,0.22029115,59,False,False,False,False,False,False,False,False
ENSG00000153046,ENSG00000153046,CDYL,1652,True,0.06262954217473898,1.7381910874907212,0.21985571,59,False,False,False,False,False,False,False,False
ENSG00000111911,ENSG00000111911,HINT3,2249,True,0.08355893308696384,1.7436774152345367,0.21967234,59,False,False,False,False,False,False,False,False
ENSG00000170458,ENSG00000170458,CD14,4231,True,0.15456002932801627,1.7429639532041405,0.21794666,59,False,False,False,False,False,False,False,False
ENSG00000153815,ENSG00000153815,CMIP,5146,True,0.1919169162971435,1.7443886622223994,0.21788916,59,False,False,False,False,False,False,False,False
ENSG00000128159,ENSG00000128159,TUBGCP6,2243,True,0.08287483210171626,1.741797619142397,0.21761954,59,False,False,False,False,False,False,False,False
ENSG00000137817,ENSG00000137817,PARP6,1900,True,0.07322516905040073,1.7410163209329035,0.21696617,59,False,False,False,False,False,False,False,False
ENSG00000071054,ENSG00000071054,MAP4K4,6793,True,0.24271266764267468,1.748454557603921,0.21628873,59,False,False,False,False,False,False,False,False
ENSG00000110172,ENSG00000110172,CHORDC1,5581,True,0.20118688113901503,1.7381501116813787,0.21490304,59,False,False,False,False,False,False,False,False
ENSG00000228327,ENSG00000228327,ENSG00000228327,1025,True,0.03951891174543075,1.658021677278555,0.21465522,59,False,False,False,False,False,False,False,False
ENSG00000119778,ENSG00000119778,ATAD2B,3942,True,0.14547628410710767,1.7410320240444555,0.21452525,59,False,False,False,False,False,False,False,False
ENSG00000170448,ENSG00000170448,NFXL1,1507,True,0.057254061542710094,1.7373752913727047,0.21399418,59,False,False,False,False,False,False,False,False
ENSG00000136867,ENSG00000136867,SLC31A2,893,True,0.034582167950492015,1.703516099534511,0.21363063,59,False,False,False,False,False,False,False,False
ENSG00000153201,ENSG00000153201,RANBP2,5711,True,0.1998469563773436,1.7420762603880784,0.21359688,59,False,False,False,False,False,False,False,False
ENSG00000112303,ENSG00000112303,VNN2,3484,True,0.1319809405331884,1.740448394066577,0.21334635,59,False,False,False,False,False,False,False,False
ENSG00000149212,ENSG00000149212,SESN3,5286,True,0.1867221591480922,1.7368416980037409,0.21273679,59,False,False,False,False,False,False,False,False
ENSG00000109083,ENSG00000109083,IFT20,8309,True,0.29805573707180977,1.7466025653687403,0.21242419,59,False,False,False,False,False,False,False,False
ENSG00000226471,ENSG00000226471,ENSG00000226471,1541,True,0.0571369307263592,1.7377892666325692,0.21233739,59,False,False,False,False,False,False,False,False
ENSG00000169018,ENSG00000169018,FEM1B,2938,True,0.10970592550629096,1.7429862581926694,0.21164137,59,False,False,False,False,False,False,False,False
ENSG00000144182,ENSG00000144182,LIPT1,1897,True,0.07168517919849196,1.7400763213388566,0.21139023,59,False,False,False,False,False,False,False,False
ENSG00000158615,ENSG00000158615,PPP1R15B,4629,True,0.1676394484907626,1.7398657899038021,0.21094015,59,False,False,False,False,False,False,False,False
ENSG00000162231,ENSG00000162231,NXF1,4976,True,0.17998231555109315,1.7420735495485182,0.21007909,59,False,False,False,False,False,False,False,False
ENSG00000104129,ENSG00000104129,DNAJC17,1916,True,0.07334295023645633,1.73719177551668,0.20921998,59,False,False,False,False,False,False,False,False
ENSG00000130475,ENSG00000130475,FCHO1,2947,True,0.11028163197086747,1.737037225681024,0.20904122,59,False,False,False,False,False,False,False,False
ENSG00000128739,ENSG00000128739,SNRPN,2126,True,0.0844405527572746,1.7415661765639034,0.20809771,59,False,False,False,False,False,False,False,False
ENSG00000154727,ENSG00000154727,GABPA,2744,True,0.09882667717965793,1.7351681749600532,0.20718369,59,False,False,False,False,False,False,False,False
ENSG00000167193,ENSG00000167193,CRK,2489,True,0.0907594980141755,1.737632581094622,0.20628564,59,False,False,False,False,False,False,False,False
ENSG00000176953,ENSG00000176953,NFATC2IP,7486,True,0.26285452597398834,1.743255457370293,0.20589893,59,False,False,False,False,False,False,False,False
ENSG00000116001,ENSG00000116001,TIA1,7882,True,0.28093386980149654,1.7495690651481206,0.2051488,59,False,False,False,False,False,False,False,False
ENSG00000153485,ENSG00000153485,LYSET,2920,True,0.11451201813624744,1.736276550154635,0.20504443,59,False,False,False,False,False,False,False,False
ENSG00000105983,ENSG00000105983,LMBR1,1884,True,0.06916937494300618,1.7404104283953117,0.20480902,59,False,False,False,False,False,False,False,False
ENSG00000110344,ENSG00000110344,UBE4A,3960,True,0.14345273250679536,1.738778140372537,0.2043953,59,False,False,False,False,False,False,False,False
ENSG00000116698,ENSG00000116698,SMG7,3567,True,0.12986329871606758,1.735876321909408,0.20434584,59,False,False,False,False,False,False,False,False
ENSG00000134748,ENSG00000134748,PRPF38A,7308,True,0.261451243081031,1.7424144553236909,0.2042809,59,False,False,False,False,False,False,False,False
ENSG00000176095,ENSG00000176095,IP6K1,3117,True,0.1115367831466248,1.7379935070594328,0.20238768,59,False,False,False,False,False,False,False,False
ENSG00000100852,ENSG00000100852,ARHGAP5,7999,True,0.2777921698050973,1.7569085125447463,0.20196234,59,False,False,False,False,False,False,False,False
ENSG00000173207,ENSG00000173207,CKS1B,6994,True,0.261661597163196,1.7411455044270532,0.20182449,59,False,False,False,False,False,False,False,False
ENSG00000145016,ENSG00000145016,RUBCN,5090,True,0.18129601238716533,1.7366687628273672,0.20112775,59,False,False,False,False,False,False,False,False
ENSG00000107341,ENSG00000107341,UBE2R2,5811,True,0.20750762880504817,1.7376299261617658,0.20112471,59,False,False,False,False,False,False,False,False
ENSG00000111707,ENSG00000111707,SUDS3,6496,True,0.2313295737663568,1.7378187473674418,0.20073318,59,False,False,False,False,False,False,False,False
ENSG00000188786,ENSG00000188786,MTF1,1803,True,0.06491745488181816,1.7408354954584775,0.20057489,59,False,False,False,False,False,False,False,False
ENSG00000269038,ENSG00000269038,SF1-DT,715,True,0.029070444044501445,1.7110066887267392,0.19999348,59,False,False,False,False,False,False,False,False
ENSG00000132664,ENSG00000132664,POLR3F,1581,True,0.059894935826528634,1.7361128559135253,0.19970341,59,False,False,False,False,False,False,False,False
ENSG00000012983,ENSG00000012983,MAP4K5,4289,True,0.1567239911530213,1.7370154868112655,0.1996659,59,False,False,False,False,False,False,False,False
ENSG00000096093,ENSG00000096093,EFHC1,4148,True,0.15426465124612318,1.737456533738218,0.19850965,59,False,False,False,False,False,False,False,False
ENSG00000162645,ENSG00000162645,GBP2,3236,True,0.12024770208334412,1.7353064116297694,0.19778687,59,False,False,False,False,False,False,False,False
ENSG00000242861,ENSG00000242861,ENSG00000242861,1427,True,0.05551086042717252,1.7368611530470934,0.1955677,59,False,False,False,False,False,False,False,False
ENSG00000177666,ENSG00000177666,PNPLA2,6817,True,0.23479211328324479,1.7360424166612247,0.19536729,59,False,False,False,False,False,False,False,False
ENSG00000163110,ENSG00000163110,PDLIM5,3175,True,0.1174627771543502,1.7379005361666038,0.1947942,59,False,False,False,False,False,False,False,False
ENSG00000188906,ENSG00000188906,LRRK2,5338,True,0.1931705724779877,1.735229295342532,0.19447857,59,False,False,False,False,False,False,False,False
ENSG00000103047,ENSG00000103047,TANGO6,1067,True,0.03907125439288719,1.7041919732369768,0.19432136,59,False,False,False,False,False,False,False,False
ENSG00000258405,ENSG00000258405,ZNF578,414,True,0.01830142269322865,1.7109023998850668,0.19309494,59,False,False,False,False,False,False,False,False
ENSG00000127419,ENSG00000127419,TMEM175,3279,True,0.12011002088420124,1.7346517674075599,0.19283295,59,False,False,False,False,False,False,False,False
ENSG00000171298,ENSG00000171298,GAA,1511,True,0.05792650672262794,1.7366493428607683,0.19177535,59,False,False,False,False,False,False,False,False
ENSG00000137601,ENSG00000137601,NEK1,2732,True,0.09828349197955596,1.7357811636260914,0.191579,59,False,False,False,False,False,False,False,False
ENSG00000155621,ENSG00000155621,C9orf85,2664,True,0.09971146880110632,1.7347944978091712,0.18935224,59,False,False,False,False,False,False,False,False
ENSG00000140396,ENSG00000140396,NCOA2,3908,True,0.14147269186530984,1.7327607514450263,0.18856838,59,False,False,False,False,False,False,False,False
ENSG00000112893,ENSG00000112893,MAN2A1,5028,True,0.18184909408464256,1.734511905669001,0.18855438,59,False,False,False,False,False,False,False,False
ENSG00000129933,ENSG00000129933,MAU2,2093,True,0.07782833408038482,1.7342931970097495,0.18790518,59,False,False,False,False,False,False,False,False
ENSG00000114316,ENSG00000114316,USP4,4286,True,0.15558536198392894,1.734444868597152,0.18698916,59,False,False,False,False,False,False,False,False
ENSG00000181090,ENSG00000181090,EHMT1,6774,True,0.2361377351546878,1.7493042345028726,0.18469892,59,False,False,False,False,False,False,False,False
ENSG00000234608,ENSG00000234608,MAPKAPK5-AS1,6625,True,0.23472573560202828,1.7335937213786565,0.18331221,59,False,False,False,False,False,False,False,False
ENSG00000171928,ENSG00000171928,TVP23B,1936,True,0.07641167206953997,1.7336650145308228,0.18263449,59,False,False,False,False,False,False,False,False
ENSG00000132824,ENSG00000132824,SERINC3,5223,True,0.18494722436841451,1.730714513321078,0.18249644,59,False,False,False,False,False,False,False,False
ENSG00000189079,ENSG00000189079,ARID2,3990,True,0.14512857171630245,1.732943782930321,0.18109013,59,False,False,False,False,False,False,False,False
ENSG00000101290,ENSG00000101290,CDS2,6178,True,0.2172671749511638,1.7325132907250123,0.18062939,59,False,False,False,False,False,False,False,False
ENSG00000128731,ENSG00000128731,HERC2,6777,True,0.23893117754889992,1.739317284382642,0.17966418,59,False,False,False,False,False,False,False,False
ENSG00000146776,ENSG00000146776,ATXN7L1,1968,True,0.071709662262802,1.73062280812603,0.17913792,59,False,False,False,False,False,False,False,False
ENSG00000106144,ENSG00000106144,CASP2,3040,True,0.11737332425358549,1.73265174897265,0.1790835,59,False,False,False,False,False,False,False,False
ENSG00000107949,ENSG00000107949,BCCIP,6827,True,0.24014127204101096,1.7320701753249943,0.17845546,59,False,False,False,False,False,False,False,False
ENSG00000137871,ENSG00000137871,ZNF280D,5940,True,0.20604749176706136,1.7306427171789167,0.17752907,59,False,False,False,False,False,False,False,False
ENSG00000163472,ENSG00000163472,TMEM79,739,True,0.029751413733256828,1.6780849054457585,0.1752699,59,False,False,False,False,False,False,False,False
ENSG00000105176,ENSG00000105176,URI1,5379,True,0.19424360412165037,1.7389941546883911,0.17417464,59,False,False,False,False,False,False,False,False
ENSG00000118246,ENSG00000118246,FASTKD2,3031,True,0.112887651743698,1.7315427623430137,0.17402776,59,False,False,False,False,False,False,False,False
ENSG00000100055,ENSG00000100055,CYTH4,7284,True,0.2485700496513097,1.7398565787347606,0.17322008,59,False,False,False,False,False,False,False,False
ENSG00000166197,ENSG00000166197,NOLC1,5143,True,0.1808449956590796,1.7279147983264516,0.17105654,59,False,False,False,False,False,False,False,False
ENSG00000186111,ENSG00000186111,PIP5K1C,998,True,0.03659562090978737,1.695800410921738,0.16859674,59,False,False,False,False,False,False,False,False
ENSG00000145029,ENSG00000145029,NICN1,1137,True,0.041910969279793944,1.6658064168214546,0.16845818,59,False,False,False,False,False,False,False,False
ENSG00000025770,ENSG00000025770,NCAPH2,2637,True,0.09809953225201683,1.7317601832090015,0.16829568,59,False,False,False,False,False,False,False,False
ENSG00000198056,ENSG00000198056,PRIM1,2772,True,0.10233914753317103,1.7240383039773877,0.16789295,59,False,False,False,False,False,False,False,False
ENSG00000011422,ENSG00000011422,PLAUR,2215,True,0.07873316090723276,1.7311173441642196,0.167295,59,False,False,False,False,False,False,False,False
ENSG00000088833,ENSG00000088833,NSFL1C,7677,True,0.2699663852964917,1.7408662115258837,0.16647765,59,False,False,False,False,False,False,False,False
ENSG00000136153,ENSG00000136153,LMO7,998,True,0.038143525282507855,1.7244551694667996,0.16477586,59,False,False,False,False,False,False,False,False
ENSG00000144579,ENSG00000144579,CTDSP1,7631,True,0.2605399666666269,1.7373322594548761,0.16462077,59,False,False,False,False,False,False,False,False
ENSG00000124177,ENSG00000124177,CHD6,9097,True,0.31422193873753224,1.7496221508797651,0.16401981,59,False,False,False,False,False,False,False,False
ENSG00000173889,ENSG00000173889,PHC3,8676,True,0.30132821300210416,1.7599487075081799,0.15943348,59,False,False,False,False,False,False,False,False
ENSG00000033178,ENSG00000033178,UBA6,7786,True,0.2744296424737718,1.7442540630671224,0.15926738,59,False,False,False,False,False,False,False,False
ENSG00000100393,ENSG00000100393,EP300,4636,True,0.16227261110637894,1.7328750452718233,0.15439314,59,False,False,False,False,False,False,False,False
ENSG00000138698,ENSG00000138698,RAP1GDS1,5087,True,0.18286765941129673,1.7252127742807146,0.1532562,59,False,False,False,False,False,False,False,False
ENSG00000139436,ENSG00000139436,GIT2,9238,True,0.31545284557621334,1.7427791545755027,0.15265259,59,False,False,False,False,False,False,False,False
ENSG00000004700,ENSG00000004700,RECQL,8247,True,0.286586986365022,1.7446011045408292,0.14792207,59,False,False,False,False,False,False,False,False
ENSG00000107164,ENSG00000107164,FUBP3,2742,True,0.10351382045226094,1.7259884519588162,0.14745457,59,False,False,False,False,False,False,False,False
ENSG00000267519,ENSG00000267519,MIR23AHG,5147,True,0.20624088958221726,1.7821591287424516,0.49517995,58,False,False,False,False,False,False,False,False
ENSG00000263080,ENSG00000263080,ENSG00000263080,252,True,0.01177755174746596,1.6046191712986593,0.4800374,58,False,False,False,False,False,False,False,False
ENSG00000165716,ENSG00000165716,DIPK1B,272,True,0.012290751553449343,1.5536856520959694,0.47113279,58,False,False,False,False,False,False,False,False
ENSG00000146247,ENSG00000146247,PHIP,18040,True,0.591344476182234,1.8074189028145737,0.4650002,58,False,False,False,False,False,False,False,False
ENSG00000188659,ENSG00000188659,SAXO2,362,True,0.015248398338978997,1.5792641109381078,0.45415995,58,False,False,False,False,False,False,False,False
ENSG00000243646,ENSG00000243646,IL10RB,5324,True,0.194636041133022,1.7918621229337488,0.44499403,58,False,False,False,False,False,False,False,False
ENSG00000260588,ENSG00000260588,ENSG00000260588,299,True,0.01387596131914507,1.639947407577152,0.4274643,58,False,False,False,False,False,False,False,False
ENSG00000247363,ENSG00000247363,NUP107-DT,636,True,0.02678377416669343,1.7356728586463512,0.3999038,58,False,False,False,False,False,False,False,False
ENSG00000078018,ENSG00000078018,MAP2,584,True,0.02536499751327429,1.7805643785466183,0.3913379,58,False,False,False,False,False,False,False,False
ENSG00000103995,ENSG00000103995,CEP152,1555,True,0.06064081875490648,1.7765965665250227,0.37327605,58,False,False,False,False,False,False,False,False
ENSG00000112874,ENSG00000112874,NUDT12,417,True,0.019209460084107535,1.7135618515676376,0.35328087,58,False,False,False,False,False,False,False,False
ENSG00000242474,ENSG00000242474,LINC03015,355,True,0.015379987284780867,1.649226316944812,0.34667447,58,False,False,False,False,False,False,False,False
ENSG00000267383,ENSG00000267383,ENSG00000267383,698,True,0.029359518483143235,1.7396297283778765,0.33396375,58,False,False,False,False,False,False,False,False
ENSG00000245149,ENSG00000245149,RNF139-DT,1012,True,0.041855715235980355,1.7373925781667265,0.33082023,58,False,False,False,False,False,False,False,False
ENSG00000108375,ENSG00000108375,RNF43,908,True,0.03455412837879003,1.6395163302099482,0.33072987,58,False,False,False,False,False,False,False,False
ENSG00000166347,ENSG00000166347,CYB5A,11087,True,0.4091592128850367,1.784767723787445,0.32748744,58,False,False,False,False,False,False,False,False
ENSG00000232810,ENSG00000232810,TNF,915,True,0.035276149237234725,1.6752052201032077,0.30465183,58,False,False,False,False,False,False,False,False
ENSG00000126970,ENSG00000126970,ZC4H2,768,True,0.03100539123925311,1.7390600595358108,0.3039173,58,False,False,False,False,False,False,False,False
ENSG00000229999,ENSG00000229999,SGSM3-AS1,643,True,0.027325399975067607,1.7432754094820728,0.3015755,58,False,False,False,False,False,False,False,False
ENSG00000130818,ENSG00000130818,ZNF426,1177,True,0.04426359301260299,1.6740560837130054,0.30066115,58,False,False,False,False,False,False,False,False
ENSG00000171791,ENSG00000171791,BCL2,12061,True,0.4064182811519725,1.7820143220400462,0.29886952,58,False,False,False,False,False,False,False,False
ENSG00000133131,ENSG00000133131,MORC4,637,True,0.024887152019376215,1.696046756900816,0.29734713,58,False,False,False,False,False,False,False,False
ENSG00000101405,ENSG00000101405,OXT,620,True,0.02599700143589506,1.7544499525393369,0.29440975,58,False,False,False,False,False,False,False,False
ENSG00000115109,ENSG00000115109,EPB41L5,782,True,0.031140771553783985,1.6641197994406334,0.29098132,58,False,False,False,False,False,False,False,False
ENSG00000231999,ENSG00000231999,LRRC8C-DT,646,True,0.025224313111413967,1.7084389591947413,0.2882194,58,False,False,False,False,False,False,False,False
ENSG00000120802,ENSG00000120802,TMPO,11326,True,0.3874301000061309,1.7795958601787343,0.28725326,58,False,False,False,False,False,False,False,False
ENSG00000186409,ENSG00000186409,CCDC30,1002,True,0.04035309109021502,1.7285578351392046,0.2854941,58,False,False,False,False,False,False,False,False
ENSG00000029725,ENSG00000029725,RABEP1,13679,True,0.4616160028409441,1.7833578279248803,0.28533477,58,False,False,False,False,False,False,False,False
ENSG00000104863,ENSG00000104863,LIN7B,1233,True,0.051039473115923696,1.7593822137598136,0.28486755,58,False,False,False,False,False,False,False,False
ENSG00000164300,ENSG00000164300,SERINC5,1437,True,0.05244850318072996,1.7542348190948167,0.28311723,58,False,False,False,False,False,False,False,False
ENSG00000119965,ENSG00000119965,C10orf88,821,True,0.0331670248618161,1.727903692449574,0.27997595,58,False,False,False,False,False,False,False,False
ENSG00000231312,ENSG00000231312,MAP4K3-DT,1089,True,0.043682564094158466,1.754136366201356,0.2764753,58,False,False,False,False,False,False,False,False
ENSG00000169118,ENSG00000169118,CSNK1G1,1886,True,0.07201994558841017,1.74971854392172,0.27642047,58,False,False,False,False,False,False,False,False
ENSG00000112763,ENSG00000112763,BTN2A1,3144,True,0.11662886369903683,1.7506727046488622,0.27347052,58,False,False,False,False,False,False,False,False
ENSG00000115165,ENSG00000115165,CYTIP,23270,True,0.7385210992050488,1.8071688444464422,0.2717109,58,False,False,False,False,False,False,False,False
ENSG00000174721,ENSG00000174721,FGFBP3,809,True,0.03242615435973288,1.7221849612917375,0.26960254,58,False,False,False,False,False,False,False,False
ENSG00000036549,ENSG00000036549,ZZZ3,3788,True,0.1398145700730318,1.7467961493219106,0.26874658,58,False,False,False,False,False,False,False,False
ENSG00000198909,ENSG00000198909,MAP3K3,1926,True,0.07113575631250896,1.7554427653581137,0.2683301,58,False,False,False,False,False,False,False,False
ENSG00000177352,ENSG00000177352,CCDC71,1129,True,0.042652047678036716,1.7072272000969533,0.26820815,58,False,False,False,False,False,False,False,False
ENSG00000229539,ENSG00000229539,PANK2-AS1,761,True,0.03057904513719972,1.7010547318311595,0.26810506,58,False,False,False,False,False,False,False,False
ENSG00000001167,ENSG00000001167,NFYA,1251,True,0.04772172468020861,1.7562170613601338,0.26789662,58,False,False,False,False,False,False,False,False
ENSG00000121060,ENSG00000121060,TRIM25,2448,True,0.09113335766655571,1.755174687347459,0.26674742,58,False,False,False,False,False,False,False,False
ENSG00000100601,ENSG00000100601,ALKBH1,876,True,0.03411621117326719,1.7547106478701628,0.26642847,58,False,False,False,False,False,False,False,False
ENSG00000149577,ENSG00000149577,SIDT2,4298,True,0.15405147261527122,1.7533488350372546,0.26564616,58,False,False,False,False,False,False,False,False
ENSG00000130940,ENSG00000130940,CASZ1,816,True,0.033249277753030944,1.7511212471119557,0.2653892,58,False,False,False,False,False,False,False,False
ENSG00000169951,ENSG00000169951,ZNF764,884,True,0.03491487446202776,1.7244594207863557,0.26349437,58,False,False,False,False,False,False,False,False
ENSG00000105136,ENSG00000105136,ZNF419,752,True,0.03094707860542127,1.7520051418616325,0.26288876,58,False,False,False,False,False,False,False,False
ENSG00000149292,ENSG00000149292,TTC12,944,True,0.03694432066160141,1.7227178686656648,0.2624773,58,False,False,False,False,False,False,False,False
ENSG00000155100,ENSG00000155100,OTUD6B,2100,True,0.08088391095629152,1.749331111670289,0.25930864,58,False,False,False,False,False,False,False,False
ENSG00000154803,ENSG00000154803,FLCN,1668,True,0.06414775162545845,1.7487237723985756,0.2563997,58,False,False,False,False,False,False,False,False
ENSG00000243811,ENSG00000243811,APOBEC3D,2081,True,0.08260893297037152,1.7476913722707612,0.25616905,58,False,False,False,False,False,False,False,False
ENSG00000214029,ENSG00000214029,ZNF891,1091,True,0.043174593607564773,1.7207820139808048,0.2549269,58,False,False,False,False,False,False,False,False
ENSG00000140265,ENSG00000140265,ZSCAN29,992,True,0.040006324090738746,1.7466492225557233,0.25407806,58,False,False,False,False,False,False,False,False
ENSG00000171475,ENSG00000171475,WIPF2,3796,True,0.13916529828797522,1.74864442801564,0.2536107,58,False,False,False,False,False,False,False,False
ENSG00000147853,ENSG00000147853,AK3,3811,True,0.1406164191328415,1.7484302259514484,0.25234008,58,False,False,False,False,False,False,False,False
ENSG00000175414,ENSG00000175414,ARL10,675,True,0.02606509510947954,1.748574161861383,0.25188455,58,False,False,False,False,False,False,False,False
ENSG00000229124,ENSG00000229124,VIM-AS1,3275,True,0.12120793818838363,1.7530805005591725,0.25184795,58,False,False,False,False,False,False,False,False
ENSG00000168040,ENSG00000168040,FADD,1054,True,0.03922726067499344,1.7508715313119005,0.25081855,58,False,False,False,False,False,False,False,False
ENSG00000131115,ENSG00000131115,ZNF227,1591,True,0.0615085107620612,1.745736244313845,0.2502949,58,False,False,False,False,False,False,False,False
ENSG00000107371,ENSG00000107371,EXOSC3,2316,True,0.08957171317818383,1.7464743827088078,0.2476275,58,False,False,False,False,False,False,False,False
ENSG00000221838,ENSG00000221838,AP4M1,1516,True,0.05837281257595024,1.7189005562212996,0.24708734,58,False,False,False,False,False,False,False,False
ENSG00000083814,ENSG00000083814,ZNF671,886,True,0.035992027046197216,1.7499399347316251,0.24508226,58,False,False,False,False,False,False,False,False
ENSG00000095485,ENSG00000095485,CWF19L1,2425,True,0.08813301396241237,1.7474850600500096,0.24485216,58,False,False,False,False,False,False,False,False
ENSG00000113441,ENSG00000113441,LNPEP,11337,True,0.3959385090371761,1.7734595820815606,0.24402244,58,False,False,False,False,False,False,False,False
ENSG00000100068,ENSG00000100068,LRP5L,628,True,0.02473960230543046,1.6680954567887218,0.24391735,58,False,False,False,False,False,False,False,False
ENSG00000064703,ENSG00000064703,DDX20,2247,True,0.08487441308828385,1.7477568060479263,0.24282458,58,False,False,False,False,False,False,False,False
ENSG00000130598,ENSG00000130598,TNNI2,1298,True,0.05095031758468187,1.719085656670598,0.24244432,58,False,False,False,False,False,False,False,False
