path,size_bytes,sha256,content_check,status
.gitattributes,310,1EF5AA15F331F6132FAC1DF27895B2CDB23B516FD6BB217B9413C2B0346E2A12,SHA-256 and size only; no semantic-content assertion,PASS_WITH_SCOPE_AS_STATED
.gitignore,2847,BBDC8C2F6B04A0C4DF1E5C57F3ABD4CE217CDF38234D99723EB0D01722EB7A61,SHA-256 and size only; no semantic-content assertion,PASS_WITH_SCOPE_AS_STATED
6013RP-wyf.zip,120555882,82D401DB2FA398B60EAA49114F7E5E0E615516F84DEC81B84CBC091F95F41D94,ZIP CRC / Office XML verified,PASS_WITH_SCOPE_AS_STATED
CITATION.cff,1021,E82ED98B8C81BF7570A8AC805CB2D11685414583C4327145D0F829DAB7136B5D,UTF-8 decoded; semantic review separate,PASS_WITH_SCOPE_AS_STATED
LICENSE,1077,C7F66564CA727134EF67BCA05E24647E1BC9FF4C5C1A37DC4FE75E3D80C63844,SHA-256 and size only; no semantic-content assertion,PASS_WITH_SCOPE_AS_STATED
LICENSE_CONTENT_CC_BY_4.0.md,475,619C8CF18174195EC168ABF487D54E12668EB0B2361DE2457EBE41D9FE308111,UTF-8 decoded; semantic review separate,PASS_WITH_SCOPE_AS_STATED
LICENSE_SCOPE.md,1414,E0C3B3BBF090F4148D70CC5E07C3E008C907D15BAB63392BFD175CE5FA993755,UTF-8 decoded; semantic review separate,PASS_WITH_SCOPE_AS_STATED
README.md,8936,57D970C9853C3304CFB758DD1FA19662D37FEBC05E9EF7DC5C8092173E80197B,UTF-8 decoded; semantic review separate,PASS_WITH_SCOPE_AS_STATED
RELEASE_NOTES.md,1707,439DAD8BEE1CB7B64052844D3C6F1D3112AE0AA13EB688A982C9A1A3FF4FCC11,UTF-8 decoded; semantic review separate,PASS_WITH_SCOPE_AS_STATED
REPRODUCIBILITY.md,8303,A9FEA8C9EE8491C19E6742A64DE3DEB5DB96A130223C6C03EF735672404056B9,UTF-8 decoded; semantic review separate,PASS_WITH_SCOPE_AS_STATED
.github/workflows/static-checks.yml,338,B0746B633F1D33042F30A1D2B2BA750CB10DB2EB899E1A3797575580C412ABC0,UTF-8 decoded; semantic review separate,PASS_WITH_SCOPE_AS_STATED
00_project_management/6013RP_wyf_action_report_2026-08-25_gateC8BRP_journal_facing_prefreeze.md,13299,A38F0F6DDC86E783871EC69205BF671A2B7677B9E6C7A5EE768FE2BE58FCC6E4,UTF-8 decoded; semantic review separate,PASS_WITH_SCOPE_AS_STATED
00_project_management/action_record_2026-08-13_gateC2B2_finalization_and_C2B3_preparation.md,9638,E7EB9318FE8CFAF2DF2652C1487A959120ED8E0D26B052B8BAE474C1BD6F1F4D,UTF-8 decoded; semantic review separate,PASS_WITH_SCOPE_AS_STATED
00_project_management/action_record_2026-08-13_gateC2B3_launch_path_correction.md,1830,08F473D8688995E0C4EB3D3B279AFB94294F234E527ED09695397DED2CE1DFE9,UTF-8 decoded; semantic review separate,PASS_WITH_SCOPE_AS_STATED
00_project_management/action_record_2026-08-14_gateC2B3_30pc_invalidation_and_50pc_repair.md,7333,EA40FB1D9006B2CE91C7AC81EEA391531127E66726C4B4B34A9598D07828BCF4,UTF-8 decoded; semantic review separate,PASS_WITH_SCOPE_AS_STATED
00_project_management/action_record_2026-08-15_gateC2B3_full_review_and_C2B4_two_level_freeze.md,7597,B168DEA8C8FBEFDDEF573C4951C409C3E4F4465AC1D4DE0A952080868CCA9DBB,UTF-8 decoded; semantic review separate,PASS_WITH_SCOPE_AS_STATED
00_project_management/action_record_2026-08-15_gateC3A_frozen_abundance_models.md,9259,991663C49BA61A3D1B6AAB61FCD1E34DE4D03985372A6215CDD828BBDD6FCF66,UTF-8 decoded; semantic review separate,PASS_WITH_SCOPE_AS_STATED
00_project_management/action_record_2026-08-15_gateC3_metadata_join_and_design_freeze.md,7894,EEB57192E2076085731070E774F1EF49BAC3B5AB78BB3C48360842222F7DB525,UTF-8 decoded; semantic review separate,PASS_WITH_SCOPE_AS_STATED
00_project_management/action_record_2026-08-15_gateC4A_raw_pseudobulk_and_program_freeze.md,9777,C1FC2035F3C98FACBCAFAA24CC98346B1F43D84E525A3AB08278E201C7FF4BC7,UTF-8 decoded; semantic review separate,PASS_WITH_SCOPE_AS_STATED
00_project_management/action_record_2026-08-15_gateC4B_edger_transcription_and_replication.md,9803,218448875A37E3D7980F506D4964743510EC1FBE2760B22273D682145EE9103E,UTF-8 decoded; semantic review separate,PASS_WITH_SCOPE_AS_STATED
00_project_management/action_record_2026-08-15_gateC5A_gse135779_source_mapping_freeze.md,8992,BEBFFD97CBE38312E26BF3E3C9E6E551C281942A3B7BF18167FF7A7C6718EC6B,UTF-8 decoded; semantic review separate,PASS_WITH_SCOPE_AS_STATED
00_project_management/action_record_2026-08-15_gateC5B_gse135779_external_validation.md,11008,F6854BF646449C357111ED41D165A8FD45DA3D07FD411AD767B5D6B759410D6D,UTF-8 decoded; semantic review separate,PASS_WITH_SCOPE_AS_STATED
00_project_management/action_record_2026-08-15_gateC6A_claim_integration.md,11790,8C952F5A35083F03A940392EF9D0CB9BAF69EC966F9C3A3660C8B7AC9CDA5638,UTF-8 decoded; semantic review separate,PASS_WITH_SCOPE_AS_STATED
00_project_management/action_record_2026-08-15_gateC6B_regulatory_evidence_and_figure5.md,14196,542B109E313E7214D6C8FA898DF53073F866852080ADE70E34E4567EF3D23B77,UTF-8 decoded; semantic review separate,PASS_WITH_SCOPE_AS_STATED
00_project_management/action_record_2026-08-20_gateC7_manuscript_five_figure_integration.md,10569,FAFD6A08E55CCA98298FEADE50BDB5A5DB1B18EEB4AC3CA5051B2D46072DF299,UTF-8 decoded; semantic review separate,PASS_WITH_SCOPE_AS_STATED
00_project_management/action_record_2026-08-20_gateC8R_pre_submission_repair.md,8503,06960EB51D0209225F5C66FD9BEDCCFCFC84233C5D44BE384B8F8D8FBD9744BF,UTF-8 decoded; semantic review separate,PASS_WITH_SCOPE_AS_STATED
00_project_management/action_record_2026-08-20_gateC8_genome_medicine_submission_package.md,9259,F7F79B3F06F55BD69320567EF08E99021EDE82B14F3211F775ECA134CF5D8E90,UTF-8 decoded; semantic review separate,PASS_WITH_SCOPE_AS_STATED
00_project_management/action_record_2026-08-21_gateC8B_editorial_literature_preflight.md,8946,111198FC22E106C6D7044AB0220C7A876CABC52174D034FC46AE1613C01CAA4A,UTF-8 decoded; semantic review separate,PASS_WITH_SCOPE_AS_STATED
00_project_management/action_record_2026-08-21_gateC8S_supplementary_traceability_freeze.md,10520,F3AB6FCC10FEB201E03B5983176AB7DE8CB7F4FD5DAEF084576D122E182C6225,UTF-8 decoded; semantic review separate,PASS_WITH_SCOPE_AS_STATED
00_project_management/action_record_2026-08-25_gateC8BRF_author_release_reserved_doi.md,13366,C63274071CC5D0E0CC5C1C4D986C9097E7A7CE15DC8DE30E35F9D0D52B6F4B0E,UTF-8 decoded; semantic review separate,PASS_WITH_SCOPE_AS_STATED
00_project_management/action_record_2026-08-25_gateC8BRF_public_release_and_doi_activation.md,8719,518DE647E7242537F75E6B8C337AFE1BB250B186855E2DB20E985326CE573AC8,UTF-8 decoded; semantic review separate,PASS_WITH_SCOPE_AS_STATED
00_project_management/action_record_2026-08-25_gateC8BR_release_portability_editorial_preflight.md,10282,60078EF665CA2B42B2163413D47A9919FAC51843AA49E79655163D3860FE15B6,UTF-8 decoded; semantic review separate,PASS_WITH_SCOPE_AS_STATED
00_project_management/action_record_2026-08-25_github_sync_submission_naming.md,8915,547CCCA9FB02CFD6D936C46017903240DB8198D418C252C1DD06C660A8617607,UTF-8 decoded; semantic review separate,PASS_WITH_SCOPE_AS_STATED
00_project_management/action_record_2026-08-27_full_workspace_audit_cleanup_and_next_stage.md,10651,89C7AC2D2EF31C85647A05BA8CCCCC22C9CBEC0594DE61281F77640EB97B0ED7,UTF-8 decoded; semantic review separate,PASS_WITH_SCOPE_AS_STATED
00_project_management/action_record_2026-08-27_round6_r1_hold_integration_and_submission_refreeze.md,15258,7BB74B57EC5BCD1EC1DEBD5661FA2DE15011C82A5AF9C009BECD5FC78E2B3E95,UTF-8 decoded; semantic review separate,PASS_WITH_SCOPE_AS_STATED
00_project_management/action_record_2026-08-28_gateC9_label_agnostic_gse135779_validation.md,11303,4374D738E3B2C43FB1C1C66840F54D88DDC1226B90181EBDDB31622114A48AE3,UTF-8 decoded; semantic review separate,PASS_WITH_SCOPE_AS_STATED
00_project_management/action_record_2026-08-28_post_gateC9_advisor_correction_audit.md,17928,805861073708F52CA4BFAB454D75B834150D92CB13D904D3ACD1E4D0E935EAF9,UTF-8 decoded; semantic review separate,PASS_WITH_SCOPE_AS_STATED
00_project_management/action_record_round6_q1_robustness_2026-08-25.md,9880,1F3AC6DD8CA8EB6B6365321C080804392B044D92F999965B4E85EF879195038B,UTF-8 decoded; semantic review separate,PASS_WITH_SCOPE_AS_STATED
00_project_management/advisor_full_project_reassessment_2026-08-10.md,12686,82C9EAA4841B07DE51B6B60E620EF44FDCC0EFF3790ED9DDB3274DFEAD2A148A,UTF-8 decoded; semantic review separate,PASS_WITH_SCOPE_AS_STATED
00_project_management/cellxgene_collection_436154da_2026-06-22.json,50110,1CE5F1466D93F53878C8C9FC1EAF57292D980DB6F815868CDB3CFCC348F470A2,JSON parsed,PASS_WITH_SCOPE_AS_STATED
00_project_management/cleanup_actions_2026-06-22.csv,2162,53D5631D08BEC315A2D1ED25E0530501869511819D5547077CA3647D5AAA5D25,parsed 19 data rows; 4 columns,PASS_WITH_SCOPE_AS_STATED
00_project_management/cleanup_actions_extra_2026-06-22.csv,307,6990A5B3D198A37AB1DE8C16CDE2B1D6F9867F061AFA66F5CE5096AE724E41D8,parsed 2 data rows; 4 columns,PASS_WITH_SCOPE_AS_STATED
00_project_management/cleanup_actions_literature_trim_2026-06-22.csv,609,DF24DBE96316F3805DC92A0CC661B7D062FA30521730A11E73E77335B8984E9B,parsed 4 data rows; 4 columns,PASS_WITH_SCOPE_AS_STATED
00_project_management/cleanup_actions_permanent_2026-06-22.csv,285,1527BAAA2D802294D417D6A11D0141394E1D7D6237E58BCC24DBAD943F4B2F08,parsed 2 data rows; 5 columns,PASS_WITH_SCOPE_AS_STATED
00_project_management/cleanup_manifest_2026-06-22.csv,2953,324D070C85224C20048D2717F75F7CA5BE0E1E6666817408726B4B1798E477DC,parsed 19 data rows; 6 columns,PASS_WITH_SCOPE_AS_STATED
00_project_management/cleanup_manifest_extra_2026-06-22.csv,320,C72A11CDB51AA6671AF4EC72BC8B0A04396B66B6EA3B788F72C7FAF31BD2B716,parsed 2 data rows; 6 columns,PASS_WITH_SCOPE_AS_STATED
00_project_management/cleanup_manifest_literature_trim_2026-06-22.csv,852,71F531888B7CDDCA7687620772370A45B4E38468BAC1E795DC95E9A1CEB4695B,parsed 4 data rows; 6 columns,PASS_WITH_SCOPE_AS_STATED
00_project_management/external_advisor_full_audit_2026-08-10.md,24626,83220891801D2ADD09214993B30A5E4BD800A176CC248AA22B07DC48D39432A3,UTF-8 decoded; semantic review separate,PASS_WITH_SCOPE_AS_STATED
00_project_management/external_audit_action_crosswalk_2026-08-10.md,2866,31C43D1FDD42BF7CFE98933E23EB576C0E5E88987AE5351E9C16B7E8B6261A4F,UTF-8 decoded; semantic review separate,PASS_WITH_SCOPE_AS_STATED
00_project_management/gateC6B_regulatory_evidence_freeze_contract_2026-08-15.md,8783,AF42BB0303ED0FDD422162DFC2196D260231AEA64F700112B719CC88750BF120,UTF-8 decoded; semantic review separate,PASS_WITH_SCOPE_AS_STATED
00_project_management/gateC9_technical_correction_contract_2026-08-28.md,3435,95439FCF4AA535B2088BE7BD8F21DE5E42AC0A4BF4FFAFB5CF03DCD9408EEDCD,UTF-8 decoded; semantic review separate,PASS_WITH_SCOPE_AS_STATED
00_project_management/keepers_moved_2026-06-22.csv,700,19288F672681F148ED46ADC5E52E60FAC1DCF25CAD9ED544C81D426F8F2B7F4A,parsed 7 data rows; 3 columns,PASS_WITH_SCOPE_AS_STATED
00_project_management/manuscript_evidence_table_2026-06-29.csv,5643,BFBC128D623286849D8CC22C886E305DDA492457B2AABC8D85DBF2AB7D3AAF74,parsed 14 data rows; 6 columns,PASS_WITH_SCOPE_AS_STATED
00_project_management/next_local_compute_tasks.md,2702,C332ECF2C72C752C69640A996C7C25011B0020FB4D358ECCA3D29993C12BE9A6,UTF-8 decoded; semantic review separate,PASS_WITH_SCOPE_AS_STATED
00_project_management/next_stage_after_gateC9_manuscript_integration_contract_2026-08-28.md,4543,8816294AA1A998E47F71C436EF4965EBD00B3B33AC7C51870DE228046BFE60EC,UTF-8 decoded; semantic review separate,PASS_WITH_SCOPE_AS_STATED
00_project_management/next_stage_decision_2026-08-10.md,4013,1F83F2B620963121FC309EAD0AD32845C3B826B42919E75E1A0558934842C257,UTF-8 decoded; semantic review separate,PASS_WITH_SCOPE_AS_STATED
00_project_management/next_stage_decision_2026-08-12.md,4778,FD9418A046CBED872D458262D8B2CA1BEFD3ABC4803BFDFBFA380F51986358BC,UTF-8 decoded; semantic review separate,PASS_WITH_SCOPE_AS_STATED
00_project_management/next_stage_decision_2026-08-13.md,3013,D02F3DE5B23A3CED437C692CC7E7A360B5CE9D57D4A4F17E1B69C74F56FB7BA1,UTF-8 decoded; semantic review separate,PASS_WITH_SCOPE_AS_STATED
00_project_management/next_stage_decision_2026-08-14.md,2309,37FDF9E267207158976E85501C5E240A7294EBBB8116872CF17828BABD5B2DDC,UTF-8 decoded; semantic review separate,PASS_WITH_SCOPE_AS_STATED
00_project_management/next_stage_decision_2026-08-15.md,2765,B9FC34EE7C73DD185A8E86307BC595D3A4886E73067B63E424981CA7681B7BED,UTF-8 decoded; semantic review separate,PASS_WITH_SCOPE_AS_STATED
00_project_management/next_stage_decision_2026-08-15_gateC3A.md,2761,7E992332859B1365A755FBB8CD21EB541CE7A42EA79938E83A5DACFDC241DE81,UTF-8 decoded; semantic review separate,PASS_WITH_SCOPE_AS_STATED
00_project_management/next_stage_decision_2026-08-15_gateC4.md,6833,D316AF0DCA36BF03BEA221AF50C8BC4C8543A51A9DDFBD0236806F724CEE38BD,UTF-8 decoded; semantic review separate,PASS_WITH_SCOPE_AS_STATED
00_project_management/next_stage_decision_2026-08-15_gateC4B.md,5896,18C4BA24FEADB7790681A8E65FA1472E27D84474DEAD5E2FB026A65B306BD703,UTF-8 decoded; semantic review separate,PASS_WITH_SCOPE_AS_STATED
00_project_management/next_stage_decision_2026-08-15_gateC5.md,6816,71357F3BA1F70279FB8DBF98E628DA9AF628B5B0BEE99A64AAA714FE60673628,UTF-8 decoded; semantic review separate,PASS_WITH_SCOPE_AS_STATED
00_project_management/next_stage_decision_2026-08-15_gateC5B.md,5488,0216D3FC7B006BAD75D28FBF9788B41E8BB760BA94BCB5263DD5AECD5268F12C,UTF-8 decoded; semantic review separate,PASS_WITH_SCOPE_AS_STATED
00_project_management/next_stage_decision_2026-08-15_gateC6.md,5751,1D63AD5D7BED630E237D5FC224E7B6FA6D5D0A0A2C5B72FAE904F1867D6444E4,UTF-8 decoded; semantic review separate,PASS_WITH_SCOPE_AS_STATED
00_project_management/next_stage_decision_2026-08-15_gateC6B.md,3537,D240D43D9DDE906B393994F4FAF4ACECB034A42A1EB39F6FCA911B95A4DE9235,UTF-8 decoded; semantic review separate,PASS_WITH_SCOPE_AS_STATED
00_project_management/next_stage_decision_2026-08-15_gateC7_manuscript_figure_integration.md,2821,9738E61AD94A6302A5617437EEDF068670DE80ECBAFC3FB5D8E6B551673D855D,UTF-8 decoded; semantic review separate,PASS_WITH_SCOPE_AS_STATED
00_project_management/next_stage_decision_2026-08-20_gateC8B_after_C8R.md,5091,3BE654F7C3B763D0E451BDE799C2FB7685CD63DB0ED7DE7FEDCC5F53C1F87FC1,UTF-8 decoded; semantic review separate,PASS_WITH_SCOPE_AS_STATED
00_project_management/next_stage_decision_2026-08-20_gateC8B_author_declarations_archive_preflight.md,3416,52842C8FC3CB7AC203CCAA1C6D99DDAEFD99C9030C2387F2D1731E7E29E3E617,UTF-8 decoded; semantic review separate,PASS_WITH_SCOPE_AS_STATED
00_project_management/next_stage_decision_2026-08-20_gateC8_journal_submission_package.md,3046,59172D3B15D83E026CB09C845B10AE997647E2D3ADFFEE6E30A3DF00D88B27B7,UTF-8 decoded; semantic review separate,PASS_WITH_SCOPE_AS_STATED
00_project_management/next_stage_decision_2026-08-21_gateC8B_after_C8S.md,5279,C3720FEECD93A3AC9E6E34AE7240A8AD36387FC9FE3C6410AE416410841F0948,UTF-8 decoded; semantic review separate,PASS_WITH_SCOPE_AS_STATED
00_project_management/next_stage_decision_2026-08-21_gateC8B_author_completion_after_editorial_preflight.md,3258,F74B234F54B7F981932A8CEFF62D4488712345397BFAD7C5A24076BD2330EC98,UTF-8 decoded; semantic review separate,PASS_WITH_SCOPE_AS_STATED
00_project_management/next_stage_decision_2026-08-25_gateC8BR_author_completion_release_doi_portal.md,3384,F34F636117788B8A9D23E27397DE310EB8D70946B9DD4CE456D1F27F5D634196,UTF-8 decoded; semantic review separate,PASS_WITH_SCOPE_AS_STATED
00_project_management/next_stage_gse135779_label_agnostic_mapping_contract_2026-08-27.md,6191,87F0C010C943D6491264B2F8D27F4D714EF849023711B6CD9E7A5F32D2C87DCA,UTF-8 decoded; semantic review separate,PASS_WITH_SCOPE_AS_STATED
00_project_management/pdf_inventory_2026-06-22.csv,8297,45EBE3C6DA7AFB81DA143515D0F24934B2A0A213B2D335529CBC5DD637856DC5,parsed 13 data rows; 5 columns,PASS_WITH_SCOPE_AS_STATED
00_project_management/pdf_inventory_active_2026-06-22.csv,1264,E825A4D841E3A15054E09AA8776D67B7FCF3D1C043EA5050D2C297CDEC4DBEF1,parsed 9 data rows; 4 columns,PASS_WITH_SCOPE_AS_STATED
00_project_management/phase10_targets_2026-07-07.md,2164,C75952A08A21AB8FC00BCC882977453146BF16C42495F0F6D2407E3D56828CCA,UTF-8 decoded; semantic review separate,PASS_WITH_SCOPE_AS_STATED
00_project_management/phase11_targets_2026-07-08.md,1989,5E08655E5DB68D8E9CD1740668E943AC2BFB5B3835E36C27DA6C4EDBEE543AA4,UTF-8 decoded; semantic review separate,PASS_WITH_SCOPE_AS_STATED
00_project_management/phase12_targets_2026-07-08.md,2106,C3C23353BED758455563AC4E10CF4BB2BF57770F26A9CE9A7D1BD75C519AF1A4,UTF-8 decoded; semantic review separate,PASS_WITH_SCOPE_AS_STATED
00_project_management/phase13_targets_2026-07-08.md,2251,E0A6353DF8F41C43E23EE22EDE9628ECC019A799A99B848BCA7276E006F21734,UTF-8 decoded; semantic review separate,PASS_WITH_SCOPE_AS_STATED
00_project_management/phase14_targets_2026-07-09.md,2888,13A350C7CE764C89A088B7F836D646E758A8223ADEE2E7BAEAA9105888E72A43,UTF-8 decoded; semantic review separate,PASS_WITH_SCOPE_AS_STATED
00_project_management/phase15_targets_2026-07-22.md,2861,667B92B83746208F947370F3D72610E9A893A8127B1BCCA4D068C4B76EF36110,UTF-8 decoded; semantic review separate,PASS_WITH_SCOPE_AS_STATED
00_project_management/phase16_targets_2026-07-22.md,1679,6E63BE72E0E1D19958A672885957A5189442ED6E392CC1E1B101A0BC2AE22CFD,UTF-8 decoded; semantic review separate,PASS_WITH_SCOPE_AS_STATED
00_project_management/phase17_integrity_audit_2026-08-12.md,2647,1B017819F2DCFFDB4276BA4ECDF583BAEDF7B1DB8366DF4FF71DCE233A10CA30,UTF-8 decoded; semantic review separate,PASS_WITH_SCOPE_AS_STATED
00_project_management/phase17_integrity_manifest_2026-08-12.csv,42799,75632C91B3873D4CE63CACA149AE0301FEA864744D9AE48007FB1E719DD380A6,parsed 213 data rows; 4 columns,PASS_WITH_SCOPE_AS_STATED
00_project_management/phase1_status_2026-06-23.md,3419,AABCEB4AA8DDA4CA17085C852B59A7B0C1A227C6AA9FC2A93CB1A4CEB49E6353,UTF-8 decoded; semantic review separate,PASS_WITH_SCOPE_AS_STATED
00_project_management/phase2_targets_2026-06-24.md,6868,11D4B9101E3CC819B7555D30498BF7BAD1C32F78BEB5FC41C0C69AF335DEE292,UTF-8 decoded; semantic review separate,PASS_WITH_SCOPE_AS_STATED
00_project_management/phase3_targets_2026-06-29.md,4282,DDF6602009B9F02E4D18F5F46D38003967FBE71190A863F2C3F245C7BFDB7322,UTF-8 decoded; semantic review separate,PASS_WITH_SCOPE_AS_STATED
00_project_management/phase4_targets_2026-06-29.md,4658,4D3F0B88769B0A002592525BC5D33988D2BA7129580F06377EFB53E694D185BB,UTF-8 decoded; semantic review separate,PASS_WITH_SCOPE_AS_STATED
00_project_management/phase5_targets_2026-07-01.md,2817,75CE027DB43D037594D15332ECA1CF810C08537FF5D9A152D55485FC086839AD,UTF-8 decoded; semantic review separate,PASS_WITH_SCOPE_AS_STATED
00_project_management/phase6_targets_2026-07-01.md,2156,56DD5CEDD4A44D692279FC3FA3BCB9DA6C5D79F6E13ED24369AD2D4BC567E59C,UTF-8 decoded; semantic review separate,PASS_WITH_SCOPE_AS_STATED
00_project_management/phase7_targets_2026-07-01.md,1624,39C1144926CAC9BFBC73374F901227D4D77C33401A294FDE8BC05E536715D7D6,UTF-8 decoded; semantic review separate,PASS_WITH_SCOPE_AS_STATED
00_project_management/phase8_targets_2026-07-01.md,1947,BE0B2DE43778B7F6B663A74DD1A03AD2274FAEE4CD25964FE891CFF88ECBFFF2,UTF-8 decoded; semantic review separate,PASS_WITH_SCOPE_AS_STATED
00_project_management/phase9_targets_2026-07-01.md,1885,27E55117778AD8D7F049719B6417C9681738C343D30E112D7AD7BE9F9078215D,UTF-8 decoded; semantic review separate,PASS_WITH_SCOPE_AS_STATED
00_project_management/qa_bcell_first_pass_2026-06-23.json,2790,68CC44CEDAD6C1066105E79107FB8B07B60F3F5D64DB95D1FE0844CB5496EB5C,JSON parsed,PASS_WITH_SCOPE_AS_STATED
00_project_management/qa_bcell_first_pass_2026-06-23.md,1376,181D3B1297AF0F92EA84D2F325C39FE223D0A3F61F4AFF83BE8FD8E6E8AC570E,UTF-8 decoded; semantic review separate,PASS_WITH_SCOPE_AS_STATED
00_project_management/round6_full_pipeline_resampling_handoff_2026-08-25.md,4912,DB2224CDC50173B87030831CDB93BCE5E28DD7E9471EF39BFCFC388B6B520887,UTF-8 decoded; semantic review separate,PASS_WITH_SCOPE_AS_STATED
00_project_management/round6_q1_robustness_execution_contract_2026-08-25.md,4790,DB86DDAD11F73AF9AA53AC79261274394F6524B51F0C52867BD9CFA8B89C7E88,UTF-8 decoded; semantic review separate,PASS_WITH_SCOPE_AS_STATED
00_project_management/audit_2026-06-23/audit_findings_zh.md,8598,2D53A9A703C726BD86E66200E54025F04B66A27814C8E507AEA7ED0A00417EDA,UTF-8 decoded; semantic review separate,PASS_WITH_SCOPE_AS_STATED
00_project_management/audit_2026-06-23/consistency_checks.json,1644,31069F9914DF212C5F1A557EABC260F33AD28F4CD5F314EB7B2A3388EDFAAE69,JSON parsed,PASS_WITH_SCOPE_AS_STATED
00_project_management/audit_2026-06-23/content_audit.json,91859,305B51A26BF150944BD93A47756210B0C722794DAD0F9A54B5986B1D87C9C337,JSON parsed,PASS_WITH_SCOPE_AS_STATED
00_project_management/audit_2026-06-23/document_audit_exact.csv,3337,39C77EEDE70A5F1A1DBBD996B837683B537407A15EDFFEBBC2A079E527FDB5C0,parsed 18 data rows; 11 columns,PASS_WITH_SCOPE_AS_STATED
00_project_management/audit_2026-06-23/document_audit_exact.json,5912,163E71FC4D829C9E5D2362DA1A4AF1075F54DF582BC4B7DAD8892F35A2DC61BF,JSON parsed,PASS_WITH_SCOPE_AS_STATED
00_project_management/audit_2026-06-23/file_inventory.csv,16029,7B734BE240C184DFC92F0CA7C3B5B551AC7F9E178E8B3C39307BBCF10CABF9F0,parsed 159 data rows; 6 columns,PASS_WITH_SCOPE_AS_STATED
00_project_management/audit_2026-06-23/folder_summary_all_dirs.csv,1735,8E01F25567DF36EC6339603AB5D436ED2D61D95DA3577437186D02BF4227B40E,parsed 31 data rows; 5 columns,PASS_WITH_SCOPE_AS_STATED
00_project_management/audit_2026-06-23/folder_summary_top_level.csv,378,6C18D7676272D07DA4661D89C0D1B9DDE1F89F97C11B1916DAED9A36AC512E91,parsed 9 data rows; 5 columns,PASS_WITH_SCOPE_AS_STATED
00_project_management/audit_2026-06-23/large_files_top50.csv,5339,2C0CA1176AA040BA5805ACBFE1D3FB7A38B9F9E31068AEC824ECBE703BFC7E9C,parsed 50 data rows; 6 columns,PASS_WITH_SCOPE_AS_STATED
00_project_management/audit_2026-06-23/type_summary.csv,571,FE78B84592518FC2B8EA8622A0827DE9FA0AF976D651A0A2FFD3965EF842339F,parsed 20 data rows; 5 columns,PASS_WITH_SCOPE_AS_STATED
00_project_management/audit_2026-06-23/workspace_audit_report.md,14585,0AE2324D3B87FFD6B4B4922C1E525F865100A58144FF76DAB9E80A25BF820227,UTF-8 decoded; semantic review separate,PASS_WITH_SCOPE_AS_STATED
00_project_management/audit_2026-06-23/zero_byte_files.csv,162,3FA13BA1BCB02B324B04599A6D594597EE7889638417ED8C01BFE63E6F85BE5B,parsed 1 data rows; 6 columns,PASS_WITH_SCOPE_AS_STATED
00_project_management/citation_audit_2026-07-01/citation_pdf_audit_2026-07-01.csv,5606,5B3769D5E2A3D78DB94029A617CCD77D1CE3F31240821759D7D3CF53C7134209,parsed 9 data rows; 15 columns,PASS_WITH_SCOPE_AS_STATED
00_project_management/citation_audit_2026-07-01/signature_to_citation_audit_2026-07-01.csv,2993,5EC18C9EAF88F140F0624C572E82A7711A4FB8CE33AADF49970FB22FA29B9ADA,parsed 12 data rows; 10 columns,PASS_WITH_SCOPE_AS_STATED
00_project_management/historical_audits/phase17_h5ad_audit_2026-08-06/_LATEST_H5AD_AUDIT.txt,73,10A66C7115356FD1ED48EC2E54F832615F9B9494128E2FF404977B00109DD7F3,UTF-8 decoded; semantic review separate,PASS_WITH_SCOPE_AS_STATED
00_project_management/historical_audits/phase17_h5ad_audit_2026-08-06/20260806_120148/00_H5AD_AUDIT_SUMMARY.md,436,FEAC4426285B5E2E30D01A729A49DB184D5FB9078B017C65FA4FF34161F7FA2E,UTF-8 decoded; semantic review separate,PASS_WITH_SCOPE_AS_STATED
00_project_management/historical_audits/phase17_h5ad_audit_2026-08-06/20260806_120148/01_h5ad_summary.csv,8029,53BB35C01431B018312A1D409CF22800355FEA9EABC46F70EAE88839F5ECC793,parsed 9 data rows; 13 columns,PASS_WITH_SCOPE_AS_STATED
00_project_management/historical_audits/phase17_h5ad_audit_2026-08-06/20260806_120148/02_h5ad_candidate_metadata_counts.csv,121088,D185B48E34EE740128CAC2DBA68BABD7A0A524A082A5A35EECE3AE8EEFAD3B4F,parsed 137 data rows; 7 columns,PASS_WITH_SCOPE_AS_STATED
00_project_management/historical_audits/phase17_h5ad_audit_2026-08-06/20260806_120148/03_h5ad_matrix_sampling.csv,1896,FDC4665DF92433CA7DBC00553FC97EEEAECFEF4F9044C12EB9FC1517E3574D37,parsed 12 data rows; 12 columns,PASS_WITH_SCOPE_AS_STATED
00_project_management/historical_audits/phase17_h5ad_audit_2026-08-06/20260806_120148/WORKFLOW_H5AD_AUDIT.md,436,FEAC4426285B5E2E30D01A729A49DB184D5FB9078B017C65FA4FF34161F7FA2E,UTF-8 decoded; semantic review separate,PASS_WITH_SCOPE_AS_STATED
00_project_management/legacy_rp_archive_2026-08-10/MBI6013_SLE_Bcell_Proposal_Chinese_v1.docx,192784,4F3D2BD0134C611B844D88F089CF159BABE1FCAE92401D3595B767878112367C,ZIP CRC / Office XML verified,PASS_WITH_SCOPE_AS_STATED
00_project_management/legacy_rp_archive_2026-08-10/MBI6013_SLE_Bcell_Proposal_Chinese_v1.pdf,490895,229824225B602C40BEFA388A910FB29EA75C2B1DF9FDD1BD4049DA610049E4DA,PDF parsed; 7 pages,PASS_WITH_SCOPE_AS_STATED
00_project_management/legacy_rp_archive_2026-08-10/MBI6013_SLE_Bcell_Proposal_Design_Explanation_CN_v1.docx,192555,22DE96E44467CADEE18D1A366468DE39FE0BC7576B08EC4F270A5D33ABD6F37F,ZIP CRC / Office XML verified,PASS_WITH_SCOPE_AS_STATED
00_project_management/legacy_rp_archive_2026-08-10/MBI6013_SLE_Bcell_Proposal_Design_Explanation_CN_v1.pdf,516426,D66E22AA68CBC4C72683A4AA556A5D246B67E4BDC7D0D0E6B19AFDA59D2FEF3A,PDF parsed; 6 pages,PASS_WITH_SCOPE_AS_STATED
00_project_management/legacy_rp_archive_2026-08-10/MBI6013_SLE_Bcell_Proposal_Humanized_v10.docx,177406,ECA9A725003C6760CB669F80388EAC5F7FAD134D1E3EC508884CF63487BE724C,ZIP CRC / Office XML verified,PASS_WITH_SCOPE_AS_STATED
00_project_management/legacy_rp_archive_2026-08-10/MBI6013_SLE_Bcell_Proposal_Humanized_v7.docx,176154,D5FEE297A02C085345B87F70DC803B5937502EE575C71CE1B418FD1158E5D473,ZIP CRC / Office XML verified,PASS_WITH_SCOPE_AS_STATED
00_project_management/legacy_rp_archive_2026-08-10/MBI6013_SLE_Bcell_Proposal_Interleaved_EN_CN_v1.docx,186874,FC998C58ABBA34674F0093CE8914FD1AB27DDB8509C65A6A0582492C816AFF4F,ZIP CRC / Office XML verified,PASS_WITH_SCOPE_AS_STATED
00_project_management/legacy_rp_archive_2026-08-10/MBI6013_SLE_Bcell_Proposal_Working_Draft_v1.docx,50933,13E282699032E2DD899DF772BDED3C04F2703EE976DA11299BA919B7F44BD472,ZIP CRC / Office XML verified,PASS_WITH_SCOPE_AS_STATED
00_project_management/legacy_rp_archive_2026-08-10/README.md,1405,7E549E196A3BF874F553EDB3228A2284D9287C465D6ED240CBB05A4F00C6E5CE,UTF-8 decoded; semantic review separate,PASS_WITH_SCOPE_AS_STATED
00_project_management/workspace_audit_2026-08-27/canonical_markdown_link_audit.json,69,3AD7FF8C19F72F64F26BFAFA510E40C3612FEE002B4624FEA2B311977FD90728,JSON parsed,PASS_WITH_SCOPE_AS_STATED
00_project_management/workspace_audit_2026-08-27/cleanup_action_manifest.csv,794227,481EEE9CE12228FFBFEB8652BD7DBCB12152DFA5BDF2A953830AA748D8EBD5C4,parsed 3435 data rows; 6 columns,PASS_WITH_SCOPE_AS_STATED
00_project_management/workspace_audit_2026-08-27/duplicate_content_groups_after_cleanup.csv,62646,05E5388D363B9254C7EC8235FF8E8BC8CBFC72677562CBA26CC05BC2D57DEF48,parsed 364 data rows; 3 columns,PASS_WITH_SCOPE_AS_STATED
00_project_management/workspace_audit_2026-08-27/duplicate_content_groups_le_300mb.csv,466487,063FA285B29EE82E319DEF2E960800D168CF5FC47E151D1BE592D6B49E0C91A1,parsed 2579 data rows; 3 columns,PASS_WITH_SCOPE_AS_STATED
00_project_management/workspace_audit_2026-08-27/full_file_inventory_after_cleanup.csv,191669,B66CE7034E11CEDB3BDDE1C87D3EF998F970E6633F560FA6A14A27BA7673BCF1,parsed 1379 data rows; 6 columns,PASS_WITH_SCOPE_AS_STATED
00_project_management/workspace_audit_2026-08-27/full_file_inventory_before_cleanup.csv,736034,681DC8B457BD33E0137F123D22EF5FDDFC84A1E318A093AA97A03BFF367B4889,parsed 4790 data rows; 6 columns,PASS_WITH_SCOPE_AS_STATED
00_project_management/workspace_audit_2026-08-27/h5ad_integrity_after_cleanup.json,595,3DC72A2E96748F45673854D1B634DA7084B55B2E7E68EA7D97A7CDFB4BA60328,JSON parsed,PASS_WITH_SCOPE_AS_STATED
00_project_management/workspace_audit_2026-08-27/retained_content_integrity_summary.json,174,D5B251A6A21D05B11B86FE7B1F674D02670CADD463AD5266DF1E98FD81BDAB0D,JSON parsed,PASS_WITH_SCOPE_AS_STATED
00_project_management/workspace_audit_2026-08-27/retained_content_issues.csv,17,6C9044F8DAE573AD9DDC259FF7B0265A591D4BB194B9D9B57B9E6086A2976960,parsed 0 data rows; 3 columns,PASS_WITH_SCOPE_AS_STATED
00_project_management/workspace_audit_2026-08-27/zip_integrity_after_cleanup.json,2375,25EB32F223A2660507EAE94EB8279DC08C1E53F633F84E386EE6218A014E273C,JSON parsed,PASS_WITH_SCOPE_AS_STATED
01_manuscript/Manuscript.md,60615,F4B5D35EACCF7EF374A5C5C5BC3769F2508C8D4DFB2B85AE375ECC327A6EA23B,UTF-8 decoded; semantic review separate,PASS_WITH_SCOPE_AS_STATED
01_manuscript/README.md,978,DCA3B987A2AEECDDEDC781331003B5983674771D53CE99E0273D8DB2FF0FF0FE,UTF-8 decoded; semantic review separate,PASS_WITH_SCOPE_AS_STATED
01_manuscript/Research_Proposal.md,14862,0768D8047C2243D329F601D355A00962708A15569F205CA33DB76F7428079D18,UTF-8 decoded; semantic review separate,PASS_WITH_SCOPE_AS_STATED
01_manuscript/Supplementary_Information.md,26094,6E146FE63F30B102C53A08E56B8D7EBE0C65EEE022F5D9F31187F25CEC1C0269,UTF-8 decoded; semantic review separate,PASS_WITH_SCOPE_AS_STATED
01_manuscript/citation_signature_audit_v1.md,11493,2127801C034D9C053C9D5FCA482EBAF37D9B0E82F9D3C77C0B4855F94A765ED6,UTF-8 decoded; semantic review separate,PASS_WITH_SCOPE_AS_STATED
01_manuscript/references_verified_crossref_2026-07-09.bib,13487,ADEF1095D3B75D9269572A0ED7E7782E310D47BA56C0D3202A1E46D32024D24B,SHA-256 and size only; no semantic-content assertion,PASS_WITH_SCOPE_AS_STATED
02_analysis/README.md,2803,E07EA167849983917509F8E62854F7E95843ABE4E07E4F2E227A654A6796EE8C,UTF-8 decoded; semantic review separate,PASS_WITH_SCOPE_AS_STATED
02_analysis/RUNBOOK_phase1_local_compute.md,7585,A972F547D027FFF79BCA476EAC7A1C5D07E049DE10FB1E86B98EAF527D83B4D1,UTF-8 decoded; semantic review separate,PASS_WITH_SCOPE_AS_STATED
02_analysis/RUNBOOK_phase2_dataset_overview_figure1.md,1795,DAF9CBE0946E0BF6BB0F622D33FC993EFA199C778AC57AFFA622E595E1E1F562,UTF-8 decoded; semantic review separate,PASS_WITH_SCOPE_AS_STATED
02_analysis/RUNBOOK_phase2_refined_figure2.md,4356,99F3BCA75C753FD89F3AC904EBCF61FD96EDE853C3FE0E940B77BD5CBF4B1E5E,UTF-8 decoded; semantic review separate,PASS_WITH_SCOPE_AS_STATED
02_analysis/RUNBOOK_phase3_abc_apc_focus.md,4753,45F06ADBB7D0F85883108AD0E8F202672A3D1DD8164B2911A8113F70F272972D,UTF-8 decoded; semantic review separate,PASS_WITH_SCOPE_AS_STATED
02_analysis/RUNBOOK_phase4_covariate_sensitivity.md,2720,AC1CDBEA0257C34983AE2796765F3EAABD7953218C8A29B1B83A8AD81BC15E87,UTF-8 decoded; semantic review separate,PASS_WITH_SCOPE_AS_STATED
02_analysis/RUNBOOK_phase4_supplement_qc_flagged_cluster.md,2236,6E41CDF8010B1511B76F35ADBDF8FC254A750ACCA562BEA0D8C2F4C37EF0C0E1,UTF-8 decoded; semantic review separate,PASS_WITH_SCOPE_AS_STATED
02_analysis/RUNBOOK_phase5_literature_signature_validation.md,2640,F36B86A5ADCAAE12DB160D74708104952CB6822D194AC7DBD82A7C53D275546D,UTF-8 decoded; semantic review separate,PASS_WITH_SCOPE_AS_STATED
02_analysis/RUNBOOK_phase6_compositional_sensitivity.md,2240,2FC38F95EB0EC2D04E0710C6C2558B19DB358C44637FB1580A3C9BB87FDD313E,UTF-8 decoded; semantic review separate,PASS_WITH_SCOPE_AS_STATED
02_analysis/RUNBOOK_phase7_regulatory_evidence.md,4382,A8C44550419C9F2D91503E8B39004967DCCCAE985D15336F30B1DCB2D72BF65D,UTF-8 decoded; semantic review separate,PASS_WITH_SCOPE_AS_STATED
02_analysis/environment.yml,319,06893F70310C018EA5B4EC062CC68CFC75B2C2F2A4E9ADB3ECE2416A77A22B14,UTF-8 decoded; semantic review separate,PASS_WITH_SCOPE_AS_STATED
02_analysis/environment_notes.md,1838,DEFD8921DDBFF1355DE0E0E4AE68F3A9BF92B7AE2E88ED4670E29C693ED49A2D,UTF-8 decoded; semantic review separate,PASS_WITH_SCOPE_AS_STATED
02_analysis/requirements_scanpy.txt,112,1DFD82B5DBE82E686325197D41AD7819A6D1459A31875FA96F146B7CD2E6E6F2,UTF-8 decoded; semantic review separate,PASS_WITH_SCOPE_AS_STATED
02_analysis/data_inventory/analysis_package_levels.md,2716,B8F41C46BD9BD3426B314467546EA62EABAF8F1141652C343864EB5F8CD02CF0,UTF-8 decoded; semantic review separate,PASS_WITH_SCOPE_AS_STATED
02_analysis/data_inventory/bcell_signature_seed.md,2550,7203D3DD1172330D78C308534AB358697A3CC56B8C33164FAAEF37A0388D94DE,UTF-8 decoded; semantic review separate,PASS_WITH_SCOPE_AS_STATED
02_analysis/data_inventory/datasets.md,3881,FCFB78A0528307E2DBED234A7C87C2111BF57CAA6BAC9943EA83507B4D78BE64,UTF-8 decoded; semantic review separate,PASS_WITH_SCOPE_AS_STATED
02_analysis/data_inventory/literature_core.md,2296,827EAA1B43C049D1C6406292A3E628EC8D0453BCD76D78FE90D1CCB2C0A47D3C,UTF-8 decoded; semantic review separate,PASS_WITH_SCOPE_AS_STATED
02_analysis/data_inventory/source_lookup_2026-06-22.md,2731,3C5245F79D894382B9D34522A1C41AEAFBED16FD2ADCDB5A40E43C7ACF782838,UTF-8 decoded; semantic review separate,PASS_WITH_SCOPE_AS_STATED
02_analysis/data_inventory/h5ad_inspection/GSE174188_cellxgene/basic_info.json,1735,C577193B2F92FAB96F6C7CD5EE7BE8DAABE3CCCAEBCB200483FAFA9C8057B586,JSON parsed,PASS_WITH_SCOPE_AS_STATED
02_analysis/data_inventory/h5ad_inspection/GSE174188_cellxgene/obs_columns_summary.csv,4407,5C003C995882C1894A3BE4BEE8279C5497CB16EF0B5ADCA10A40F0B16ADFA3A4,parsed 30 data rows; 5 columns,PASS_WITH_SCOPE_AS_STATED
02_analysis/data_inventory/h5ad_inspection/GSE174188_cellxgene/var_columns_summary.csv,786,68C0257BC042A743F5E62C14EAD53AB50B31096E6237D82F3BB0ABE12E05FFAA,parsed 6 data rows; 5 columns,PASS_WITH_SCOPE_AS_STATED
02_analysis/scripts/00_create_conda_env.ps1,2297,E3EE7996CE764870C7704C8E8CCB2DA860D99AB4CCE016964F241AB89E3966F3,UTF-8 decoded; semantic review separate,PASS_WITH_SCOPE_AS_STATED
02_analysis/scripts/00_download_gse135779_validation_sources.ps1,3104,DDF37490838D6B88E69B4B9D924D009BB34CC9F55DE87B592EF56FB45001B464,UTF-8 decoded; semantic review separate,PASS_WITH_SCOPE_AS_STATED
02_analysis/scripts/00_download_gse163121_bcell_validation.ps1,1465,3F6137CECC9D6789DD9AE4654570DCE6DE1F8E49FB55B0C2F75EB8F9BD4617F1,UTF-8 decoded; semantic review separate,PASS_WITH_SCOPE_AS_STATED
02_analysis/scripts/00_download_onek1k_gse196830_cellxgene.ps1,1498,71803EEC02F8DC2492F9702BC5AB6BCA34EB79AF2F14CA015D954C3ADD3E2B22,UTF-8 decoded; semantic review separate,PASS_WITH_SCOPE_AS_STATED
02_analysis/scripts/00_download_perez_gse174188_cellxgene.ps1,3457,B983F04B449CDD506BE96555294D178437BD0E690222A64F37CE7E48286CBC9D,UTF-8 decoded; semantic review separate,PASS_WITH_SCOPE_AS_STATED
02_analysis/scripts/00_download_perez_gse174188_zenodo.ps1,1686,9FCAA95603F86078C73E946592FD3858662B76ECBAA1553AF6A97E1AA29BA2CF,UTF-8 decoded; semantic review separate,PASS_WITH_SCOPE_AS_STATED
02_analysis/scripts/00_download_sle_gwas_gcst005831.ps1,3240,9881B82A6029815DC5538E9D57C92BB9370DC8F4BD71B4A5F792338B7059ACD9,UTF-8 decoded; semantic review separate,PASS_WITH_SCOPE_AS_STATED
02_analysis/scripts/00_download_sle_gwas_gcst90558100.ps1,3458,FCA56191C549CB1FE5CF6AADCAFAFF2644D45462D5C311FC68682DDFC99C14E8,UTF-8 decoded; semantic review separate,PASS_WITH_SCOPE_AS_STATED
02_analysis/scripts/00_environment_check.ps1,807,7C0CE45E84125D8A2573504813BE94FCB4F4F1BB343818978F6ACCBD81032BB3,UTF-8 decoded; semantic review separate,PASS_WITH_SCOPE_AS_STATED
02_analysis/scripts/00_install_miniforge_with_winget.ps1,918,3FF453231E2F1C5035E403106BA321AE8F2CE49A29C74F427E50620E95B4755D,UTF-8 decoded; semantic review separate,PASS_WITH_SCOPE_AS_STATED
02_analysis/scripts/01_check_scanpy_env.py,1738,C1F2C490814F5DABDA91472FCB626A7BE1170C60E1F88EFF63AFF9EBAB8D637D,Python AST parsed; not executed,PASS_WITH_SCOPE_AS_STATED
02_analysis/scripts/01_check_scanpy_env_conda.ps1,1277,3542BCEED4CE2A7D6B6253C4D833D9354C624A9374EB88F1221133F61F08BEFD,UTF-8 decoded; semantic review separate,PASS_WITH_SCOPE_AS_STATED
02_analysis/scripts/01_inspect_h5ad.py,3011,12FA27D2EC5D610ED176DAA97E4C8D2EFE0C4CE18F6DEA93F95F77FB30B7427F,Python AST parsed; not executed,PASS_WITH_SCOPE_AS_STATED
02_analysis/scripts/02_subset_bcells_from_h5ad.py,2515,86738FE173CE895AB5073366B98406F0684175E8A944B147323BEF05018B9B3E,Python AST parsed; not executed,PASS_WITH_SCOPE_AS_STATED
02_analysis/scripts/03_scanpy_bcell_first_pass.py,5913,7EE7F7E8BEF806CA519CA77420F792A47350D5F2CEFBA68719C6C412297525FB,Python AST parsed; not executed,PASS_WITH_SCOPE_AS_STATED
02_analysis/scripts/04_summarize_bcell_first_pass.py,2246,D19AE809352E412D1CB0D1D8E7E09761AB602AC9523129999A6FF46AA29FB80B,Python AST parsed; not executed,PASS_WITH_SCOPE_AS_STATED
02_analysis/scripts/05_make_bcell_composition_tables.py,2881,E522EFEA6D1677066F4D1D07790B0E7BE22F42D3D2D8908405EF13F6CE08C3D4,Python AST parsed; not executed,PASS_WITH_SCOPE_AS_STATED
02_analysis/scripts/06_plot_bcell_metadata_umaps.py,966,93F8E49E279C6F3E587E09A89F699F4E85E29B5B3B9C0400E62607B69D206851,Python AST parsed; not executed,PASS_WITH_SCOPE_AS_STATED
02_analysis/scripts/07_test_cluster_fraction_by_disease.py,3680,67AEAE6968FCB01AE7F851BACE415E561F2BD3C3C94A3CE2C2ACE9EB62A20EFC,Python AST parsed; not executed,PASS_WITH_SCOPE_AS_STATED
02_analysis/scripts/08_plot_cluster_fraction_by_disease.py,2199,5A3D031588113269932DF491A8F98F66A586493512022A8589BAAF704A67A219,Python AST parsed; not executed,PASS_WITH_SCOPE_AS_STATED
02_analysis/scripts/09_audit_bcell_outputs.py,6938,27DFF47F98F674DED2220104DF3D9E49CC33F1617EF5EC262FF713F6EA31033A,Python AST parsed; not executed,PASS_WITH_SCOPE_AS_STATED
02_analysis/scripts/10_apply_cluster_labels_and_plot.py,1926,8B20C7B7BCF5EEFF248D654ECE33BEFB9674ACEBAF009CBA00A3B0327E3A9F7E,Python AST parsed; not executed,PASS_WITH_SCOPE_AS_STATED
02_analysis/scripts/11_state_level_donor_tests.py,3154,96223916FE5E13B631CA10BE78793D203D8A842D0483DAB3FD26AA64657EA55B,Python AST parsed; not executed,PASS_WITH_SCOPE_AS_STATED
02_analysis/scripts/12_make_figure2_draft.py,4893,54D514925D77BE605B00CDE407C80DA4CEE96F7C81D8BBBB2271369EB9B56FAB,Python AST parsed; not executed,PASS_WITH_SCOPE_AS_STATED
02_analysis/scripts/13_audit_workspace.py,27292,9188674BDFEE2BB16DDDFF7B09EF7F67CD8D7AC8F67461C6A161177364254F9E,Python AST parsed; not executed,PASS_WITH_SCOPE_AS_STATED
02_analysis/scripts/14_raw_count_marker_refinement.py,13550,5C699E33C95654CC9BABD009D827987C308CB46A97FC0E4EA9F3B4AF3754247F,Python AST parsed; not executed,PASS_WITH_SCOPE_AS_STATED
02_analysis/scripts/15_raw_count_rank_state_markers.py,4781,82EEC1DA1F8453DE302EABDC879F8FBAD80B16931A2D2101EC22A1BB210D2745,Python AST parsed; not executed,PASS_WITH_SCOPE_AS_STATED
02_analysis/scripts/16_state_fraction_sensitivity.py,4886,4A43A2696594D2F2E7C1E500E224462420DB284A442437E13FBD61A1E7415D53,Python AST parsed; not executed,PASS_WITH_SCOPE_AS_STATED
02_analysis/scripts/17_make_figure2_v3_refined.py,13906,87D87FB339326218DAE74020DA2009CE5878CE5F704AD9709047C6BD53E2E001,Python AST parsed; not executed,PASS_WITH_SCOPE_AS_STATED
02_analysis/scripts/18_make_figure1_dataset_overview.py,13654,FA97829498FF5CBFF0A5FAE5A78EEB44DBC59DA24686017F6F0E62F89D0D45AF,Python AST parsed; not executed,PASS_WITH_SCOPE_AS_STATED
02_analysis/scripts/19_pseudobulk_state_expression.py,15035,9B540405615E044A4F246812F80A2849ADC4413C7AF8A0234E6402689A53487F,Python AST parsed; not executed,PASS_WITH_SCOPE_AS_STATED
02_analysis/scripts/20_make_figure3_abc_apc_focus.py,11195,D95A80B1565E7A6A2DCE3963C60BE9D048AFD98A5C6EC6FE9A8AC7D952667D4C,Python AST parsed; not executed,PASS_WITH_SCOPE_AS_STATED
02_analysis/scripts/21_make_supplement_qc_flagged_cluster.py,10295,6BCB78134175074B53AF63A01CA28B8CB042241B8F4E97FE5936A9451D90E58A,Python AST parsed; not executed,PASS_WITH_SCOPE_AS_STATED
02_analysis/scripts/22_covariate_sensitivity_abundance.py,23889,09F4AC423775D5A68045E1F86DBE7AEFFE381B0B0FFB8D8CBF10E3BE7955F50F,Python AST parsed; not executed,PASS_WITH_SCOPE_AS_STATED
02_analysis/scripts/23_literature_signature_validation.py,31189,62EC8C09491C3F8B0F73A71D17EE9625B6454B5AA2A0892FB810B4D0094D0E79,Python AST parsed; not executed,PASS_WITH_SCOPE_AS_STATED
02_analysis/scripts/24_citation_signature_audit.py,17507,9E13D13CFF92107849CDE69CEEE82CE158C9A31EBB625DE1897D85669B20BEBB,Python AST parsed; not executed,PASS_WITH_SCOPE_AS_STATED
02_analysis/scripts/25_build_submission_manifest.py,9513,3999B9C5BB82D31F25920E0F89335B99BBCE38610E907DB3F5D2F569FF69C6E9,Python AST parsed; not executed,PASS_WITH_SCOPE_AS_STATED
02_analysis/scripts/26_prepare_submission_asset_bundle.py,31467,F93C95500D1803805F21F2019AA2FDCD2DD0B773ED78C83732346C494777B2EF,Python AST parsed; not executed,PASS_WITH_SCOPE_AS_STATED
02_analysis/scripts/27_run_gse163121_bcell_validation.py,18961,D3CA24FD09F87EF32F689B04762942C27CB41A6E16D0B22749E965864D930AAC,Python AST parsed; not executed,PASS_WITH_SCOPE_AS_STATED
02_analysis/scripts/28_gse135779_validation_readiness.py,7649,1E468699064708D714FC32D1CB9119E9A48BF90EDB3E859642C04EB393AF3A53,Python AST parsed; not executed,PASS_WITH_SCOPE_AS_STATED
02_analysis/scripts/29_inspect_gse135779_raw_tar.py,5036,401F08A7E9FE8C67193F921C2678FD19C34CA0887D816ACE5A468F07F6A09CB6,Python AST parsed; not executed,PASS_WITH_SCOPE_AS_STATED
02_analysis/scripts/30_run_gse135779_bcell_validation.py,21945,F02A8C8252DD395B0A66E0331E0C3BCC02A6F8240A33F4B12367C0F45377612C,Python AST parsed; not executed,PASS_WITH_SCOPE_AS_STATED
02_analysis/scripts/31_inspect_onek1k_cellxgene.py,7636,76940D0FBC3F2EBCF8F86838370246FCA14BC88E49B31F36369112C928D81F24,Python AST parsed; not executed,PASS_WITH_SCOPE_AS_STATED
02_analysis/scripts/32_onek1k_bcell_reference_context.py,15927,2D5AA4057DEB5837C4C0675035D65CF11A71AB2A9126E2446F4828565A904EE5,Python AST parsed; not executed,PASS_WITH_SCOPE_AS_STATED
02_analysis/scripts/34_verify_references_crossref.py,8337,2022B4376F43F047D3A98CDCE790A1187DA552AC525C5210AF56A1D3F32E1607,Python AST parsed; not executed,PASS_WITH_SCOPE_AS_STATED
02_analysis/scripts/35_manuscript_structure_qc.py,5559,CC9A0EAAD85806609C7042A31E488A79E3E9D52175297A06EF3950DCE0A6A881,Python AST parsed; not executed,PASS_WITH_SCOPE_AS_STATED
02_analysis/scripts/36_figure_nature_style_qc.py,9419,3289A6D7CCB826D2D0D7B0EAAEBB77970B3AC16C169F6329D68B1A6C07620A79,Python AST parsed; not executed,PASS_WITH_SCOPE_AS_STATED
02_analysis/scripts/37_prepare_genome_medicine_manuscript.py,7161,21D93CAE075D26C5811D85C175B1A616E32C864F078E5A27A21D7BF1D35B1C4F,Python AST parsed; not executed,PASS_WITH_SCOPE_AS_STATED
02_analysis/scripts/38_compositional_abundance_sensitivity.py,18423,8726040C34DE83C19A6E32EE9501847F79461EEDEB418A65A13F5B3F5DEB3250,Python AST parsed; not executed,PASS_WITH_SCOPE_AS_STATED
02_analysis/scripts/39_manuscript_numeric_consistency_qc.py,7017,DDCC4C30B42E6ACDB775D822037732CF2BFD5F2BF869D1AA2500678BAFE97B0F,Python AST parsed; not executed,PASS_WITH_SCOPE_AS_STATED
02_analysis/scripts/40_prepare_regulatory_loci.py,6732,2B74614C049A385F798A46E535179D614CD362D926B90C3591EC7F14E40E6F67,Python AST parsed; not executed,PASS_WITH_SCOPE_AS_STATED
02_analysis/scripts/41_fetch_eqtl_catalogue_bcell.py,7789,BAB94D1532E20394B01537C042566E1EC9EE96001AA9E01C61796DCEA903E32B,Python AST parsed; not executed,PASS_WITH_SCOPE_AS_STATED
02_analysis/scripts/42_coloc_regulatory_evidence.py,15987,B14D1A8A8E0A919567DB96380B1CA477D3C43AB109A3D042DB12B5D31A9A5A6E,Python AST parsed; not executed,PASS_WITH_SCOPE_AS_STATED
02_analysis/scripts/43_phase7_regulatory_qc.py,7552,654D94946C2625CDE0F0F61929989D7150D965B3074E7E39D86D57960E1DAF34,Python AST parsed; not executed,PASS_WITH_SCOPE_AS_STATED
02_analysis/scripts/44_prepare_submission_manuscript.py,19944,F8D466BBAFF171E7023E0715B3976CAAA79B550B65D3E5A5F24E9E7B7922E01D,Python AST parsed; not executed,PASS_WITH_SCOPE_AS_STATED
02_analysis/scripts/45_build_submission_documents.py,12651,7FCD08941C011DED834D2A6A360A833EE482AEF511D7EC3768F532182DDBE484,Python AST parsed; not executed,PASS_WITH_SCOPE_AS_STATED
02_analysis/scripts/46_submission_document_qc.py,8976,00B5E9730045410C0621A5B6222A0EB92E1A986C9C56A6A611DF8F698C19B292,Python AST parsed; not executed,PASS_WITH_SCOPE_AS_STATED
02_analysis/scripts/47_build_final_submission_package.py,12629,327C46CF59D581FF8FE5D916EC91F20649B6825089832F66E017C45874F256D5,Python AST parsed; not executed,PASS_WITH_SCOPE_AS_STATED
02_analysis/scripts/48_verify_final_submission_package.py,6886,0EEE8B84B43C4F75092364FBDA520E354310F1AAC6A642F3BCF58BD0C9E0265C,Python AST parsed; not executed,PASS_WITH_SCOPE_AS_STATED
02_analysis/scripts/49_build_cover_letter.py,5014,FEC6DEA648C3FF31130A625CA5552453563156DC1B399E2BB2F057AA7FABB23C,Python AST parsed; not executed,PASS_WITH_SCOPE_AS_STATED
02_analysis/scripts/50_make_v7_figure1_study_design.py,13836,4495AED2EA0FD8ED3EB698BE9E7A134E07C9BD3A2516BD1B5E37685C39BCA486,Python AST parsed; not executed,PASS_WITH_SCOPE_AS_STATED
02_analysis/scripts/diagnose_h5ad_matrix.py,1623,D708D5F6516CDA539555833D8A7B716541BEC622D16A1FE46F0EA918673A9420,Python AST parsed; not executed,PASS_WITH_SCOPE_AS_STATED
02_analysis/scripts/publication_figure_style.py,1629,4E593CE7F3A14E9775579630E6FADAD93A9718423B983FAB9D04939739193926,Python AST parsed; not executed,PASS_WITH_SCOPE_AS_STATED
03_results/gse135779_validation_readiness/gse135779_raw_tar_inspection_summary.md,525,34F74B228449FF63ABF7A54782154D3A5905FEDB27512C83B960BFDA234DB946,UTF-8 decoded; semantic review separate,PASS_WITH_SCOPE_AS_STATED
03_results/gse135779_validation_readiness/tables/gse135779_raw_tar_inner_manifest.csv,2,7EB70257593DA06F682A3DDDA54A9D260D4FC514F645237F5CA74B08F8DA61A6,parsed 0 data rows; 0 columns,PASS_WITH_SCOPE_AS_STATED
03_results/gse135779_validation_readiness/tables/gse135779_raw_tar_manifest.csv,6247,C22CAE346315D06BB3A69EE2C8233D64B83EB8DA49F46110F2A16EF71E53E390,parsed 112 data rows; 4 columns,PASS_WITH_SCOPE_AS_STATED
03_results/phase17_v7_figure1_study_design_2026-08-10/FIGURE1_TECHNICAL_QC.md,2849,DA11D462D557F19CCF910F09B5263A28D8B865FA42D185031A02F7CAE5E4E926,UTF-8 decoded; semantic review separate,PASS_WITH_SCOPE_AS_STATED
03_results/phase17_v7_figure1_study_design_2026-08-10/figures/figure1_v7_study_design.pdf,64080,3647C02B46D301DD3FCCE291AAB27A0C78E28AB96D7A68FD7D0BD237B8EAABBF,PDF parsed; 1 pages,PASS_WITH_SCOPE_AS_STATED
03_results/phase17_v7_figure1_study_design_2026-08-10/figures/figure1_v7_study_design.png,532624,E923559CC2127DB6D1D14E22172522CDD601EF974C4E6A98FF7F43D5390BFFD7,Image decoded and verified,PASS_WITH_SCOPE_AS_STATED
03_results/phase17_v7_figure1_study_design_2026-08-10/tables/figure1b_hierarchy_counts.csv,103,7B8AA478BD9A76DFC78CD876637750CBA5C8C602BFBCAEA69439379FCD04EE14,parsed 1 data rows; 6 columns,PASS_WITH_SCOPE_AS_STATED
03_results/phase17_v7_figure1_study_design_2026-08-10/tables/figure1c_strict_common_support.csv,141,1B374DEA672EDA7C81F0C83DF904B7AB4FA1001A40A1032E77E7B33C3AA61DD4,parsed 8 data rows; 3 columns,PASS_WITH_SCOPE_AS_STATED
03_results/phase17_v7_figure1_study_design_2026-08-10/tables/figure1c_technical_common_support.csv,561,5ADEF692410198E9C1E7D677D0DF9FAE171712F2F2A540FA8BF55284C02C629B,parsed 7 data rows; 10 columns,PASS_WITH_SCOPE_AS_STATED
03_results/phase17_v7_figure1_study_design_2026-08-10/tables/figure1d_hard_qc_retention.csv,469,69A972CA7454C6E1653D6A0D1957BCB8258DE1AF1C6C6E6FA0901C5DBA457187,parsed 7 data rows; 6 columns,PASS_WITH_SCOPE_AS_STATED
03_results/phase17_v7_figure1_study_design_2026-08-10/tables/figure1e_inference_tiers.csv,114,879DF05EA77844F653827DE11B416A5656836E6F04E18180F8282FEC3307D0DC,parsed 4 data rows; 2 columns,PASS_WITH_SCOPE_AS_STATED
04_submission/Author_Confirmation.md,2061,436E5FBCD9AFA66C67E9C1EF57767246B2F8E6A8506EC24551C1D6C2F2FF774E,UTF-8 decoded; semantic review separate,PASS_WITH_SCOPE_AS_STATED
04_submission/Cover_Letter.md,4432,CA1A0F0B1B298D41E89CD619F3D5074040A391734E3AA566F0CBAEF35D259F61,UTF-8 decoded; semantic review separate,PASS_WITH_SCOPE_AS_STATED
04_submission/Portal_Upload_Guide.md,1948,61CAC4ABBFED1527ACE7194D802E5B4795831D22721E865094940EDF86AAABFF,UTF-8 decoded; semantic review separate,PASS_WITH_SCOPE_AS_STATED
04_submission/README.md,987,3A80C6398BA3D66252666DCFD2764E4770989228477B2B4DBC0195FF510E83A2,UTF-8 decoded; semantic review separate,PASS_WITH_SCOPE_AS_STATED
04_submission/Reporting_Checklist.md,2829,E325593468FF9AF416692492B89CB5DE848782888DC9350842D0ACB554773D23,UTF-8 decoded; semantic review separate,PASS_WITH_SCOPE_AS_STATED
04_submission/Zenodo_Metadata.json,1326,87D5A16003AF8FA8360564037B1EA359EAC0099929BA0378404ED87745067A8C,JSON parsed,PASS_WITH_SCOPE_AS_STATED
04_submission/journal_submission.zip,58515354,63446D18B55A856B016C377A8EF4E7BBDAC1B713C0E56B27E6F0ACE505EE22BB,ZIP CRC / Office XML verified,PASS_WITH_SCOPE_AS_STATED
04_submission/journal_submission/MANIFEST_SHA256.csv,23208,90355A830F7BA989FA3311B957B74EDA225F544AC58D659162639D7370B612FF,parsed 185 data rows; 3 columns,PASS_WITH_SCOPE_AS_STATED
04_submission/journal_submission/README.md,1201,7DEE3ECD9FF9D35F32AB93712C26A34D476B0B06C2128314D240B24EC002E152,UTF-8 decoded; semantic review separate,PASS_WITH_SCOPE_AS_STATED
04_submission/journal_submission/additional_files/Figure_Source_Data.zip,186694,5B2051C4D7D4A6128CAD5B51DA35B08474B714CD640ED54FB1B6FAFD163A27D7,ZIP CRC / Office XML verified,PASS_WITH_SCOPE_AS_STATED
04_submission/journal_submission/additional_files/Full_Statistical_Results.zip,10814743,7B6805AE83A8A73C9FC28FB6CCA5F36B7E75B35926C7DEBB2B518DF33E025F86,ZIP CRC / Office XML verified,PASS_WITH_SCOPE_AS_STATED
04_submission/journal_submission/additional_files/Regulator_Sensitivity.zip,23794,C1F40EB90D344A150D61DE472C9F6B37FA9470CDD2CD0BBC45988D18B8CEA7F8,ZIP CRC / Office XML verified,PASS_WITH_SCOPE_AS_STATED
04_submission/journal_submission/additional_files/Supplementary_Information.docx,3777931,C3FB2AB5E616C76C888D4F4D07E3C12D7E7D14BB78FAF3651E7462B43EAE4C1F,ZIP CRC / Office XML verified,PASS_WITH_SCOPE_AS_STATED
04_submission/journal_submission/additional_files/regulator_sensitivity/01_OVERLAP_DEPLETION_RESULTS.csv,12343,87510BA837958C3C61F2594E8C9EFF2D57BCD41082BACD1F124E401A10B95D01,parsed 54 data rows; 21 columns,PASS_WITH_SCOPE_AS_STATED
04_submission/journal_submission/additional_files/regulator_sensitivity/02_ULM_LEAVE_ONE_TARGET.csv,67001,7BE70842F886D8F92FE91BD93483D398CA8B3E587A2D5C2CD60B4EC03227098F,parsed 751 data rows; 7 columns,PASS_WITH_SCOPE_AS_STATED
04_submission/journal_submission/additional_files/regulator_sensitivity/03_CORRELATION_AWARE_STAT1_STAT2_SENSITIVITY.csv,2083,8BA79AE55786AFBC9F17E30A0E19B777E7CDC9B410E167D33E0A35BE8E4C5DEE,parsed 6 data rows; 24 columns,PASS_WITH_SCOPE_AS_STATED
04_submission/journal_submission/additional_files/regulator_sensitivity/03_ULM_LEAVE_ONE_TARGET_SUMMARY.csv,1306,EB10AC5CFA19956463C315567A829A2C2B6A37753C89CBB1855655DBF62C5F38,parsed 11 data rows; 9 columns,PASS_WITH_SCOPE_AS_STATED
04_submission/journal_submission/additional_files/regulator_sensitivity/04_CORRELATION_AWARE_STAT1_STAT2_DECISION.json,1389,D81BB389737571EDA8A62C04F92F57A4D5D72149C13853CAB0573D8A2938C1DA,JSON parsed,PASS_WITH_SCOPE_AS_STATED
04_submission/journal_submission/additional_files/regulator_sensitivity/04_METHOD_SUMMARY.csv,474,C9C4BC2455F812D3E0F8F82894E5C1512F0EB54549C48840252FBFDDECD48387,parsed 6 data rows; 7 columns,PASS_WITH_SCOPE_AS_STATED
04_submission/journal_submission/additional_files/regulator_sensitivity/05_OVERLAP_DEPLETION_STATUS.json,3536,AF16FE0ADE8D16B35B120F9DA9DBC8F651F594E5E2F06B5706F754FC502C7F86,JSON parsed,PASS_WITH_SCOPE_AS_STATED
04_submission/journal_submission/additional_files/regulator_sensitivity/06_SUPPLEMENTARY_FIGURE_S8_STATUS.json,588,255E21E3B9EF67270D0A8C8C20B2C0CD1A4F7D380E570EA94E02B549FC343CC8,JSON parsed,PASS_WITH_SCOPE_AS_STATED
04_submission/journal_submission/additional_files/regulator_sensitivity/07_ROUND6_OVERLAP_DEPLETION_ADVISOR_REVIEW.md,3717,E6C242C50F648A4C735983CA378E73826E9EBC768A17C1FD18F61DA41D446CDF,UTF-8 decoded; semantic review separate,PASS_WITH_SCOPE_AS_STATED
04_submission/journal_submission/additional_files/regulator_sensitivity/SHA256SUMS.csv,1091,F056882ACC6A9E1ECA9BE06AD2AE2EE5A37336E2065AB587D4AEA9FB6F5F1E4C,parsed 10 data rows; 3 columns,PASS_WITH_SCOPE_AS_STATED
04_submission/journal_submission/additional_files/regulator_sensitivity/Supplementary_Figure_S8_source_data.csv,8005,26A3F90E3165D8928874F278384B2587CB549DD4FFDE93440AAC4CEEAE06A9A2,parsed 36 data rows; 21 columns,PASS_WITH_SCOPE_AS_STATED
04_submission/journal_submission/additional_files/source_data/Figure1_source_data.csv,3481,F3D45F72422B8469F7DD0A6E888541075A1D090277E9F96D16565B5B44C5B805,parsed 55 data rows; 6 columns,PASS_WITH_SCOPE_AS_STATED
04_submission/journal_submission/additional_files/source_data/Figure2_source_data.csv,33705,DAA6DDBAB469E0D510AB578BEE0A21AA73FA2D71184739E3F361C3EA6EC8DFE2,parsed 191 data rows; 34 columns,PASS_WITH_SCOPE_AS_STATED
04_submission/journal_submission/additional_files/source_data/Figure3_source_data.csv,8333,DEFABF8C16D879362E3AD197C857A9197CD6D0691B20FDFA4AC97BEFF3710BC8,parsed 38 data rows; 38 columns,PASS_WITH_SCOPE_AS_STATED
04_submission/journal_submission/additional_files/source_data/Figure4_source_data.csv,500362,1C04F4071F7F064CA1AB4E47A281F0AA14074466E06BAB6FA30078029F570A9E,parsed 4430 data rows; 39 columns,PASS_WITH_SCOPE_AS_STATED
04_submission/journal_submission/additional_files/source_data/Figure5_source_data.csv,4162,21925F6916DDAF97760CF73622ED8E4B4CCBE5AE0B3B53C721FDF607C1C6F9A4,parsed 29 data rows; 9 columns,PASS_WITH_SCOPE_AS_STATED
04_submission/journal_submission/additional_files/source_data/SHA256SUMS.csv,1484,8E8C1F74F7E1A76D655C100CA9FB695F8319C0457B36B8C1A19429A11E99462C,parsed 14 data rows; 3 columns,PASS_WITH_SCOPE_AS_STATED
04_submission/journal_submission/additional_files/source_data/Supplementary_Figure_S1_source_data.csv,15014,A140D1D900A3EA869551097146AFFD3872BC7AC78E9E9712E4BDAC834A57CB68,parsed 97 data rows; 17 columns,PASS_WITH_SCOPE_AS_STATED
04_submission/journal_submission/additional_files/source_data/Supplementary_Figure_S2_source_data.csv,26506,E46FE5B33B11D45319DD80C3D669AEEB83F2517095CD0C1FD5EEFA1F57C58731,parsed 176 data rows; 30 columns,PASS_WITH_SCOPE_AS_STATED
04_submission/journal_submission/additional_files/source_data/Supplementary_Figure_S3_source_data.csv,4375,133E973C2753F4946A24739C049308152299A915A3FC6754B30AD0521F979C96,parsed 39 data rows; 20 columns,PASS_WITH_SCOPE_AS_STATED
04_submission/journal_submission/additional_files/source_data/Supplementary_Figure_S4_source_data.csv,5599,7BA2660E5A50ADCF28407BCC92A91C791576DD69A9A1ABA9618DEB045C3A4E19,parsed 14 data rows; 47 columns,PASS_WITH_SCOPE_AS_STATED
04_submission/journal_submission/additional_files/source_data/Supplementary_Figure_S5_source_data.csv,4113,F6682D636C1FF3A1784E0B9E8AEFF5C5D1BB075176312E87FCB938F65C4DA897,parsed 17 data rows; 37 columns,PASS_WITH_SCOPE_AS_STATED
04_submission/journal_submission/additional_files/source_data/Supplementary_Figure_S6_source_data.csv,6249,A1D1DCBF9D20BA01D0022D4DA0F73A618776D34A687E764F18AB83439204DBF6,parsed 21 data rows; 42 columns,PASS_WITH_SCOPE_AS_STATED
04_submission/journal_submission/additional_files/source_data/Supplementary_Figure_S7_source_data.csv,2110,D92140A17B96E6B77F5EEBF322A5D77A5E6F2132EDD54CC9C3E73521E5352CA3,parsed 6 data rows; 26 columns,PASS_WITH_SCOPE_AS_STATED
04_submission/journal_submission/additional_files/source_data/Supplementary_Figure_S8_source_data.csv,8005,26A3F90E3165D8928874F278384B2587CB549DD4FFDE93440AAC4CEEAE06A9A2,parsed 36 data rows; 21 columns,PASS_WITH_SCOPE_AS_STATED
04_submission/journal_submission/additional_files/source_data/Supplementary_Figure_S9_source_data.csv,18720,46EE840F86CA33AA4F5FCE0A37EEFCB4DB23831533BBFA20400BAE50744F5D42,parsed 128 data rows; 33 columns,PASS_WITH_SCOPE_AS_STATED
04_submission/journal_submission/figures/Figure1_disease_blind_identity_scope.pdf,58256,2A983EF01120B69DD57CF25DD601489F50991F9F1BED31F9B317D08BB9865C24,PDF parsed; 1 pages,PASS_WITH_SCOPE_AS_STATED
04_submission/journal_submission/figures/Figure1_disease_blind_identity_scope.png,638620,63D29A7DDA0EB35337951E8B337D692B7984F166D1BCE28C26933CDA1F3D24F2,Image decoded and verified,PASS_WITH_SCOPE_AS_STATED
04_submission/journal_submission/figures/Figure2_sample_level_composition.pdf,49303,C7B50FF0829D7ADF7B5B819747C7B6F78F61760DFABB18D088E5F6BE290D3DFB,PDF parsed; 1 pages,PASS_WITH_SCOPE_AS_STATED
04_submission/journal_submission/figures/Figure2_sample_level_composition.png,471529,06655207C483175986ADF2BD231C30DF902A8F2ED78D4C286DA29C10D5085AF7,Image decoded and verified,PASS_WITH_SCOPE_AS_STATED
04_submission/journal_submission/figures/Figure3_gse174188_bconv_transcription.pdf,54202,61FC164955295F80BF4055F5CAC93A5CC3CE9D24866CD8A0FA5DD51965C8ED6E,PDF parsed; 1 pages,PASS_WITH_SCOPE_AS_STATED
04_submission/journal_submission/figures/Figure3_gse174188_bconv_transcription.png,457009,C1648B3F4DD83309D94ED86ACA96EFDA475210F1F7F3F7A01988EADACB313D78,Image decoded and verified,PASS_WITH_SCOPE_AS_STATED
04_submission/journal_submission/figures/Figure4_independent_ifn_replication.pdf,54815,D32BDF28F07F8BD5E45DFEE9F62D833AFE8E1B5DFFC2F74FD5733A53B53D99C2,PDF parsed; 1 pages,PASS_WITH_SCOPE_AS_STATED
04_submission/journal_submission/figures/Figure4_independent_ifn_replication.png,604889,4A93921986A94936A9A15681B6F898ED507E6EAC485A3426F5F5573B5B6FA782,Image decoded and verified,PASS_WITH_SCOPE_AS_STATED
04_submission/journal_submission/figures/Figure5_regulatory_evidence.pdf,63040,720350AAEA542F7ED0364EC87B5B2E2D2A18694480172C65ECE2BE27CFCF9520,PDF parsed; 1 pages,PASS_WITH_SCOPE_AS_STATED
04_submission/journal_submission/figures/Figure5_regulatory_evidence.png,751098,C17A9B30359B4FBAFF03F2F62820AAE7DAE73F1AC1100512E753DFACC2453CDF,Image decoded and verified,PASS_WITH_SCOPE_AS_STATED
04_submission/journal_submission/figures_supplementary/Supplementary_Figure_S1_source_integrity_qc.pdf,51533,091483972D0801DD8B6970B536940B16F906DF2D24A2916A9164CB04CD085B91,PDF parsed; 1 pages,PASS_WITH_SCOPE_AS_STATED
04_submission/journal_submission/figures_supplementary/Supplementary_Figure_S1_source_integrity_qc.png,551569,79B8AAD77D723C6A4B47C7823D7338C25C603E021C910F70020B9AF3F0A45A82,Image decoded and verified,PASS_WITH_SCOPE_AS_STATED
04_submission/journal_submission/figures_supplementary/Supplementary_Figure_S2_representation_diagnostics.pdf,50861,2CF32E5FAAE7111814C7DBB18C8D13AE14F8815B68CB49B1FD7C0AA65D1B2A20,PDF parsed; 1 pages,PASS_WITH_SCOPE_AS_STATED
04_submission/journal_submission/figures_supplementary/Supplementary_Figure_S2_representation_diagnostics.png,503738,7E037C6C584B9DA733FE94E7660F76A30AA4F07C3FF7EB7EA91A3CAAF77A7156,Image decoded and verified,PASS_WITH_SCOPE_AS_STATED
04_submission/journal_submission/figures_supplementary/Supplementary_Figure_S3_identity_adjudication.pdf,51281,2D6E73D24A49D76256301A70BBE7F710A170BE1649938E783F86AF5F3FF4A26F,PDF parsed; 1 pages,PASS_WITH_SCOPE_AS_STATED
04_submission/journal_submission/figures_supplementary/Supplementary_Figure_S3_identity_adjudication.png,384518,E1FCD8BCD6E82A82CE251995B0FE50C4AD20A3BFB69B3599EA98C13088E14B4F,Image decoded and verified,PASS_WITH_SCOPE_AS_STATED
04_submission/journal_submission/figures_supplementary/Supplementary_Figure_S4_composition_diagnostics.pdf,47952,CE12F7B0E0FD62DB738B1A0786712B19DF83CD10C3D4FE19F66FE6078538CBE0,PDF parsed; 1 pages,PASS_WITH_SCOPE_AS_STATED
04_submission/journal_submission/figures_supplementary/Supplementary_Figure_S4_composition_diagnostics.png,335514,18146D2740FD37E6047C4DCF017EC61335A69D1BE4400B925553ABE01B088EFD,Image decoded and verified,PASS_WITH_SCOPE_AS_STATED
04_submission/journal_submission/figures_supplementary/Supplementary_Figure_S5_pseudobulk_diagnostics.pdf,51706,C66D3B07535233DB5269395DE08D8228CD09F16AFCDAFA00FEEE80839894D76A,PDF parsed; 1 pages,PASS_WITH_SCOPE_AS_STATED
04_submission/journal_submission/figures_supplementary/Supplementary_Figure_S5_pseudobulk_diagnostics.png,492551,A6BA6FFC5E1F6846FB72F1737AF4120FB1E1B923AF9B3462606D286536B79EA6,Image decoded and verified,PASS_WITH_SCOPE_AS_STATED
04_submission/journal_submission/figures_supplementary/Supplementary_Figure_S6_external_validation_diagnostics.pdf,48118,07591A5E90F73475035FA4E5B8AA927FD3BD788D82CA47B0A669D38E3F444EEA,PDF parsed; 1 pages,PASS_WITH_SCOPE_AS_STATED
04_submission/journal_submission/figures_supplementary/Supplementary_Figure_S6_external_validation_diagnostics.png,391944,BECED66517AD888B793200683D9D072F9D29089ED00C42E9041636D4CF30036F,Image decoded and verified,PASS_WITH_SCOPE_AS_STATED
04_submission/journal_submission/figures_supplementary/Supplementary_Figure_S7_regulator_correlation_sensitivity.pdf,48444,69DB11B29CACE23DDBACF169F5B515CED9328FCD1BE26BBDAEB50D1768182FFF,PDF parsed; 1 pages,PASS_WITH_SCOPE_AS_STATED
04_submission/journal_submission/figures_supplementary/Supplementary_Figure_S7_regulator_correlation_sensitivity.png,589432,B16A65B5065DDD319C3DB5EDA57A903069C024E1117A9F58148265B7DA18934C,Image decoded and verified,PASS_WITH_SCOPE_AS_STATED
04_submission/journal_submission/figures_supplementary/Supplementary_Figure_S8_overlap_depletion.pdf,49826,B085EE2D5B1F8F858546FA5A317754EA0D878D0B7A35786D8C07791F43443BE3,PDF parsed; 1 pages,PASS_WITH_SCOPE_AS_STATED
04_submission/journal_submission/figures_supplementary/Supplementary_Figure_S8_overlap_depletion.png,562614,892DFD9FE0610809610B70B7B6648942561BAEF9C442365F2354ADA216891ACB,Image decoded and verified,PASS_WITH_SCOPE_AS_STATED
04_submission/journal_submission/figures_supplementary/Supplementary_Figure_S9_identity_boundary_and_propagation.pdf,52943,4D04E51A9282E2BBB39DCBE7745D6978A46B1BCBD47FBC7C54DDD33964EAE075,PDF parsed; 1 pages,PASS_WITH_SCOPE_AS_STATED
04_submission/journal_submission/figures_supplementary/Supplementary_Figure_S9_identity_boundary_and_propagation.png,591268,0D238DC9F0E8D548D654A2C62990D589A0B430A09C1DB6647BCCB66924D78B74,Image decoded and verified,PASS_WITH_SCOPE_AS_STATED
04_submission/journal_submission/internal_qc/cover_letter_a11y.json,199,C9343992D97A41175B3024D6C608B495D410166B9FFE5BA789C86A2966CA736F,JSON parsed,PASS_WITH_SCOPE_AS_STATED
04_submission/journal_submission/internal_qc/main_text_a11y.json,191,9897F89CF80D5EE7DAA513BF6466D2B3DD44A0E50D514B1FD1E02502FD898C43,JSON parsed,PASS_WITH_SCOPE_AS_STATED
04_submission/journal_submission/internal_qc/supplement_a11y.json,213,0C214CB0A206BC3AF40C0AFC78C24C75FAA702A9A6049FFA6829B8D2BD277BA6,JSON parsed,PASS_WITH_SCOPE_AS_STATED
04_submission/journal_submission/internal_qc/wps_render_cover_letter/Cover_Letter_WPS.pdf,74730,BEAD2A4798E1EDD1FBBD62305ACDE696405803D8C8DD93E0C6BF0F42281C5B2D,PDF parsed; 1 pages,PASS_WITH_SCOPE_AS_STATED
04_submission/journal_submission/internal_qc/wps_render_cover_letter/contact_sheet_cover_01-01.png,164768,CD1A1AD6761B3103FC37BC62B8FE35678A078A5C663E629CA066641675FD2E39,Image decoded and verified,PASS_WITH_SCOPE_AS_STATED
04_submission/journal_submission/internal_qc/wps_render_cover_letter/final-page-1.png,485608,09456DFF2C412C348E1D81CCD317AB07654A172579DD12EACE37F91335FBD623,Image decoded and verified,PASS_WITH_SCOPE_AS_STATED
04_submission/journal_submission/internal_qc/wps_render_main/Manuscript_WPS.pdf,268956,FA74196403586AAA36D5039B8D3A078D743369DE5763F1F8C84C0C35F15A1BB7,PDF parsed; 32 pages,PASS_WITH_SCOPE_AS_STATED
04_submission/journal_submission/internal_qc/wps_render_main/contact_sheet_main_01-09.png,982224,C0274B0FF8AFD48397381909DF990B74F98084BA0736913F89878035AA7CC277,Image decoded and verified,PASS_WITH_SCOPE_AS_STATED
04_submission/journal_submission/internal_qc/wps_render_main/contact_sheet_main_10-18.png,1009803,79F1DD0A887AEB782F39AC0CC0B53A783768BB9A684586C3906B875A20602A78,Image decoded and verified,PASS_WITH_SCOPE_AS_STATED
04_submission/journal_submission/internal_qc/wps_render_main/contact_sheet_main_19-27.png,997077,58E4C3BB8C94F7492E98D3794B9C0818528C687C8FFC9D89356C8F8EB55AB7F1,Image decoded and verified,PASS_WITH_SCOPE_AS_STATED
04_submission/journal_submission/internal_qc/wps_render_main/contact_sheet_main_28-32.png,485113,F6526526E2DBD7C8EAF4C99FA8E78DF04B71309F2C218F360ED0D9AA2D8C382F,Image decoded and verified,PASS_WITH_SCOPE_AS_STATED
04_submission/journal_submission/internal_qc/wps_render_main/final-page-01.png,287731,79FED322C37F0FE30A7E73E47721B963ADD8A3BA0E277C2C64B32A8547DAEC46,Image decoded and verified,PASS_WITH_SCOPE_AS_STATED
04_submission/journal_submission/internal_qc/wps_render_main/final-page-02.png,297886,2CA24DD48C4400EC28A8C49385C8345AB8FA71FF2E648462BF81D74F23851BBB,Image decoded and verified,PASS_WITH_SCOPE_AS_STATED
04_submission/journal_submission/internal_qc/wps_render_main/final-page-03.png,287666,5F89364F98185E6273192C5BD8EA6448FDD54911FE36DDE3C2ADE8C47A33F84A,Image decoded and verified,PASS_WITH_SCOPE_AS_STATED
04_submission/journal_submission/internal_qc/wps_render_main/final-page-04.png,268329,EEE531936C7F2C883A56E9BEE806843722CEDEAB398A81BA241F2C0E2FAC087C,Image decoded and verified,PASS_WITH_SCOPE_AS_STATED
04_submission/journal_submission/internal_qc/wps_render_main/final-page-05.png,301069,BA72504E1238684830130C251C26B3A32C2376EFABD6B1072B16C97AB32F528E,Image decoded and verified,PASS_WITH_SCOPE_AS_STATED
04_submission/journal_submission/internal_qc/wps_render_main/final-page-06.png,303830,D182442157DBE63FD2DEE14BA8C185AF226ADC38E6E1FACA30A53E5082C154E8,Image decoded and verified,PASS_WITH_SCOPE_AS_STATED
04_submission/journal_submission/internal_qc/wps_render_main/final-page-07.png,278131,154EA30090BECF262B967FABC23FAEFD9E2C46E9B41362C5A3C0778B901671FB,Image decoded and verified,PASS_WITH_SCOPE_AS_STATED
04_submission/journal_submission/internal_qc/wps_render_main/final-page-08.png,303282,BCAEC3A5C63B162969835907B2CD0A62C678CA14FA59F2B80BB614FA2B2ECE51,Image decoded and verified,PASS_WITH_SCOPE_AS_STATED
04_submission/journal_submission/internal_qc/wps_render_main/final-page-09.png,297440,A6E1C7B9D461444A9454B15C8555B607BAC62B5A70B566024690A37ED08A3269,Image decoded and verified,PASS_WITH_SCOPE_AS_STATED
04_submission/journal_submission/internal_qc/wps_render_main/final-page-10.png,304846,B097AC36ACCA037B951E3408A71276E46EAD727898C279CF7C19B57EE1A096DD,Image decoded and verified,PASS_WITH_SCOPE_AS_STATED
04_submission/journal_submission/internal_qc/wps_render_main/final-page-11.png,310111,8E3D8B5F89269E87D7A48001204D8A4434F093CCDCA921084D0EEEDB67C3D36E,Image decoded and verified,PASS_WITH_SCOPE_AS_STATED
04_submission/journal_submission/internal_qc/wps_render_main/final-page-12.png,257036,4ACE318A916B18657E337E4548BBE0E72040C50695494D710E85A2444FEF68AC,Image decoded and verified,PASS_WITH_SCOPE_AS_STATED
04_submission/journal_submission/internal_qc/wps_render_main/final-page-13.png,315003,1B18231B0689F157CF82A6CA8375A6F56C33AB894FA94D49AD42F4D6EAAF0E02,Image decoded and verified,PASS_WITH_SCOPE_AS_STATED
04_submission/journal_submission/internal_qc/wps_render_main/final-page-14.png,299359,3E460242032629B483E43343D787BF68E11835AEF54263E1F95E8617A1B88BE0,Image decoded and verified,PASS_WITH_SCOPE_AS_STATED
04_submission/journal_submission/internal_qc/wps_render_main/final-page-15.png,343901,B57E4D239261AD8ACED33F3105E20FBC208B1229CAE57E3599676DB1E4D04B12,Image decoded and verified,PASS_WITH_SCOPE_AS_STATED
04_submission/journal_submission/internal_qc/wps_render_main/final-page-16.png,322448,4BBD633867E115AC49B2D0440C8CCC0B48CEC50E2EA65C3180B3C3890476C5C4,Image decoded and verified,PASS_WITH_SCOPE_AS_STATED
04_submission/journal_submission/internal_qc/wps_render_main/final-page-17.png,317562,F504774EA50F08313CF0A0C6E9C4AAE8E91E2B27D4D48EB38EFB5DBDF61A21E2,Image decoded and verified,PASS_WITH_SCOPE_AS_STATED
04_submission/journal_submission/internal_qc/wps_render_main/final-page-18.png,334455,F4DDA0C91DE9978A4CB6587C1E0ED50C6A8431E9EFDBDBF802785B704DAFF488,Image decoded and verified,PASS_WITH_SCOPE_AS_STATED
04_submission/journal_submission/internal_qc/wps_render_main/final-page-19.png,308902,F9135F3F725CD7BED10CCFF36E3FAC7922FBCF65EA0B3780EEF30E8D038D30EC,Image decoded and verified,PASS_WITH_SCOPE_AS_STATED
04_submission/journal_submission/internal_qc/wps_render_main/final-page-20.png,316338,97582955BDF36CB6118D059D8A5CCECBDB65574A76098E8E3BB1C155E19ECFF1,Image decoded and verified,PASS_WITH_SCOPE_AS_STATED
04_submission/journal_submission/internal_qc/wps_render_main/final-page-21.png,298436,77E6B3466D7333FBEB83CBA70E3377F3AABD928E9F18D602130DA5FA7B278077,Image decoded and verified,PASS_WITH_SCOPE_AS_STATED
04_submission/journal_submission/internal_qc/wps_render_main/final-page-22.png,288055,1B70EDE8EE4A350D3CB799C7BCE36E5E51FCAB6C97BBDD8E7654BF5124AF20CF,Image decoded and verified,PASS_WITH_SCOPE_AS_STATED
04_submission/journal_submission/internal_qc/wps_render_main/final-page-23.png,297515,B846B45E0923F37EDDC5FA45AA94047E984A9BBFFDB1BE2A8122A28685DF8831,Image decoded and verified,PASS_WITH_SCOPE_AS_STATED
04_submission/journal_submission/internal_qc/wps_render_main/final-page-24.png,246091,99A3C973FC2C6647A5E09252FC895C24EED96E1B8C2627DEF12F0531FCCBE4C5,Image decoded and verified,PASS_WITH_SCOPE_AS_STATED
04_submission/journal_submission/internal_qc/wps_render_main/final-page-25.png,313684,B7B2F7E6639FC91A1CC895C0E0E0D16860D157AEFE7D17C7EC185A87AD9B4869,Image decoded and verified,PASS_WITH_SCOPE_AS_STATED
04_submission/journal_submission/internal_qc/wps_render_main/final-page-26.png,294811,0FF98F774AC6B9C9A3BD6F172631D1FDFCFD5CFB2423E42619A80FFD3C0613E1,Image decoded and verified,PASS_WITH_SCOPE_AS_STATED
04_submission/journal_submission/internal_qc/wps_render_main/final-page-27.png,309110,300C76662131816B14EAA26DB2E1B9FF54D0DE40F718875B8227299E67AE2A20,Image decoded and verified,PASS_WITH_SCOPE_AS_STATED
04_submission/journal_submission/internal_qc/wps_render_main/final-page-28.png,273782,212EE70F4E04E4306016507479A303513BADBDC47E58C72ECABE07764EBCF683,Image decoded and verified,PASS_WITH_SCOPE_AS_STATED
04_submission/journal_submission/internal_qc/wps_render_main/final-page-29.png,289179,5003D4500303B8D1317E69033B7B4C29DC572E288D1047B55FFCBC03A548D857,Image decoded and verified,PASS_WITH_SCOPE_AS_STATED
04_submission/journal_submission/internal_qc/wps_render_main/final-page-30.png,291647,C05A6EB7D07D06C887321FCF63FA0AA2022A6C61B6763F9E83554E9FDC0524B3,Image decoded and verified,PASS_WITH_SCOPE_AS_STATED
04_submission/journal_submission/internal_qc/wps_render_main/final-page-31.png,297639,9F6C6074FE70AF06A7F29CA2EAD5BE4D6E9421AC2D2E98D48632AF42357887FB,Image decoded and verified,PASS_WITH_SCOPE_AS_STATED
04_submission/journal_submission/internal_qc/wps_render_main/final-page-32.png,195301,33A7157DFF744CB30442E1F99E72A51377EBF0BE969B9A42EB827934991C6A9A,Image decoded and verified,PASS_WITH_SCOPE_AS_STATED
04_submission/journal_submission/internal_qc/wps_render_supplement/Supplementary_Information_WPS.pdf,4542966,381443FECD760A65B91ACD06540E8F20A7520FAEA211626B2100B7DEFC2B4D99,PDF parsed; 17 pages,PASS_WITH_SCOPE_AS_STATED
04_submission/journal_submission/internal_qc/wps_render_supplement/contact_sheet_supplement_01-09.png,932483,8E1E1E4939634A7195E47ED196F1CEE6AFADF0AC4ABF3D50DA1254D09FF8798E,Image decoded and verified,PASS_WITH_SCOPE_AS_STATED
04_submission/journal_submission/internal_qc/wps_render_supplement/contact_sheet_supplement_10-17.png,501670,720F33C57C867EE9DF258630EC3993ABC87AAC5B6862DD55D6E255F5602B22C5,Image decoded and verified,PASS_WITH_SCOPE_AS_STATED
04_submission/journal_submission/internal_qc/wps_render_supplement/final-page-01.png,402853,387422830F480CFFFC8D7C05616FF135971793DFD733082FD64D1841CF0B0A23,Image decoded and verified,PASS_WITH_SCOPE_AS_STATED
04_submission/journal_submission/internal_qc/wps_render_supplement/final-page-02.png,466270,944F499B71D564986756D0530E8632CB1BBEC80661956F685C61798F7C386D61,Image decoded and verified,PASS_WITH_SCOPE_AS_STATED
04_submission/journal_submission/internal_qc/wps_render_supplement/final-page-03.png,394792,C9F30A56430FD2C8687823A55C533252177F6E515B316ABCD227C2A3830B7846,Image decoded and verified,PASS_WITH_SCOPE_AS_STATED
04_submission/journal_submission/internal_qc/wps_render_supplement/final-page-04.png,274791,58CCDD6DC1B19ED0DC76BF842C52657519C7CFFC7FD89E772E91969AC8CB1012,Image decoded and verified,PASS_WITH_SCOPE_AS_STATED
04_submission/journal_submission/internal_qc/wps_render_supplement/final-page-05.png,287073,58E7E81165A9BB0360F27D7D5E9684744B0770E8FBDC44123CDEEAD02574F443,Image decoded and verified,PASS_WITH_SCOPE_AS_STATED
04_submission/journal_submission/internal_qc/wps_render_supplement/final-page-06.png,195807,03F860806265AB6493102825A6202182204C58A3B375EC4E163FC17E52C276F1,Image decoded and verified,PASS_WITH_SCOPE_AS_STATED
04_submission/journal_submission/internal_qc/wps_render_supplement/final-page-07.png,217014,3FCB51617095463B2EB2F97A572C02C97B3C3D6A0F74A7C034A203E345F1EC23,Image decoded and verified,PASS_WITH_SCOPE_AS_STATED
04_submission/journal_submission/internal_qc/wps_render_supplement/final-page-08.png,116848,A1D92665BF3B3463E951E037AB24DC1202800CF39329F5D61FEA43CF4F61C24E,Image decoded and verified,PASS_WITH_SCOPE_AS_STATED
04_submission/journal_submission/internal_qc/wps_render_supplement/final-page-09.png,222179,E016896A6AC299D914BFD3C3F0E3D60AEAA009241C0D6B21A0234580194D4D91,Image decoded and verified,PASS_WITH_SCOPE_AS_STATED
04_submission/journal_submission/internal_qc/wps_render_supplement/final-page-10.png,213469,43DC726D9746C77A97BEAE2DEFFE81AA7AD7CDBEA588BE43774C1BC5C1AAF68B,Image decoded and verified,PASS_WITH_SCOPE_AS_STATED
04_submission/journal_submission/internal_qc/wps_render_supplement/final-page-11.png,204555,239087BE33EE14305BD7EA5F51BAC699428302F58A4A4E774E39673F3FF0EBC2,Image decoded and verified,PASS_WITH_SCOPE_AS_STATED
04_submission/journal_submission/internal_qc/wps_render_supplement/final-page-12.png,171301,E625620CFB529396FA346B5695E38110DD66B386CAE30E9F1C112A60781E4E7C,Image decoded and verified,PASS_WITH_SCOPE_AS_STATED
04_submission/journal_submission/internal_qc/wps_render_supplement/final-page-13.png,211010,7DB453B987E0F0E84AFEB9D80FA8A2CD2FCD6C8E2F091157CB5887EA2DD3ED42,Image decoded and verified,PASS_WITH_SCOPE_AS_STATED
04_submission/journal_submission/internal_qc/wps_render_supplement/final-page-14.png,166891,7F23B42958FF07B95566D4A0BD0A6CA7A92F921A927D9900BB4154AAAE7DBFDB,Image decoded and verified,PASS_WITH_SCOPE_AS_STATED
04_submission/journal_submission/internal_qc/wps_render_supplement/final-page-15.png,212127,3CA6B138C6CB060AF9D9EE6CE377D1817EE4B38650ADF3CACCD3683C07E4E85F,Image decoded and verified,PASS_WITH_SCOPE_AS_STATED
04_submission/journal_submission/internal_qc/wps_render_supplement/final-page-16.png,305065,B4AF3AEFB2A4A38D7E806CFDA5586ADB56D7EB56F36E40C9378524B6412EDC26,Image decoded and verified,PASS_WITH_SCOPE_AS_STATED
04_submission/journal_submission/internal_qc/wps_render_supplement/final-page-17.png,340510,26B69DB9A9DAD1FABEBBA7D0382DB515A4799DCC2CC66CFBA88A7B9A42BCDAEC,Image decoded and verified,PASS_WITH_SCOPE_AS_STATED
04_submission/journal_submission/main_text/Manuscript.docx,62141,520B4D56C872079B8A1C8B1CF70D1DAEED6BC0E449E6D08C2103EC782A2F8796,ZIP CRC / Office XML verified,PASS_WITH_SCOPE_AS_STATED
04_submission/journal_submission/portal_upload_optional/Supplementary_Figure_S1.pdf,51533,091483972D0801DD8B6970B536940B16F906DF2D24A2916A9164CB04CD085B91,PDF parsed; 1 pages,PASS_WITH_SCOPE_AS_STATED
04_submission/journal_submission/portal_upload_optional/Supplementary_Figure_S2.pdf,50861,2CF32E5FAAE7111814C7DBB18C8D13AE14F8815B68CB49B1FD7C0AA65D1B2A20,PDF parsed; 1 pages,PASS_WITH_SCOPE_AS_STATED
04_submission/journal_submission/portal_upload_optional/Supplementary_Figure_S3.pdf,51281,2D6E73D24A49D76256301A70BBE7F710A170BE1649938E783F86AF5F3FF4A26F,PDF parsed; 1 pages,PASS_WITH_SCOPE_AS_STATED
04_submission/journal_submission/portal_upload_optional/Supplementary_Figure_S4.pdf,47952,CE12F7B0E0FD62DB738B1A0786712B19DF83CD10C3D4FE19F66FE6078538CBE0,PDF parsed; 1 pages,PASS_WITH_SCOPE_AS_STATED
04_submission/journal_submission/portal_upload_optional/Supplementary_Figure_S5.pdf,51706,C66D3B07535233DB5269395DE08D8228CD09F16AFCDAFA00FEEE80839894D76A,PDF parsed; 1 pages,PASS_WITH_SCOPE_AS_STATED
04_submission/journal_submission/portal_upload_optional/Supplementary_Figure_S6.pdf,48118,07591A5E90F73475035FA4E5B8AA927FD3BD788D82CA47B0A669D38E3F444EEA,PDF parsed; 1 pages,PASS_WITH_SCOPE_AS_STATED
04_submission/journal_submission/portal_upload_optional/Supplementary_Figure_S7.pdf,48444,69DB11B29CACE23DDBACF169F5B515CED9328FCD1BE26BBDAEB50D1768182FFF,PDF parsed; 1 pages,PASS_WITH_SCOPE_AS_STATED
04_submission/journal_submission/portal_upload_optional/Supplementary_Figure_S8.pdf,49826,B085EE2D5B1F8F858546FA5A317754EA0D878D0B7A35786D8C07791F43443BE3,PDF parsed; 1 pages,PASS_WITH_SCOPE_AS_STATED
04_submission/journal_submission/portal_upload_optional/Supplementary_Figure_S9.pdf,52943,4D04E51A9282E2BBB39DCBE7745D6978A46B1BCBD47FBC7C54DDD33964EAE075,PDF parsed; 1 pages,PASS_WITH_SCOPE_AS_STATED
04_submission/journal_submission/portal_upload_required/Cover_Letter.docx,40559,4D209CE5C96A9FFDD363D0DB99DB1BE1A4B9077EADF3E2C43DAC10AF43AAC3FA,ZIP CRC / Office XML verified,PASS_WITH_SCOPE_AS_STATED
04_submission/journal_submission/portal_upload_required/Figure_1.pdf,58256,2A983EF01120B69DD57CF25DD601489F50991F9F1BED31F9B317D08BB9865C24,PDF parsed; 1 pages,PASS_WITH_SCOPE_AS_STATED
04_submission/journal_submission/portal_upload_required/Figure_2.pdf,49303,C7B50FF0829D7ADF7B5B819747C7B6F78F61760DFABB18D088E5F6BE290D3DFB,PDF parsed; 1 pages,PASS_WITH_SCOPE_AS_STATED
04_submission/journal_submission/portal_upload_required/Figure_3.pdf,54202,61FC164955295F80BF4055F5CAC93A5CC3CE9D24866CD8A0FA5DD51965C8ED6E,PDF parsed; 1 pages,PASS_WITH_SCOPE_AS_STATED
04_submission/journal_submission/portal_upload_required/Figure_4.pdf,54815,D32BDF28F07F8BD5E45DFEE9F62D833AFE8E1B5DFFC2F74FD5733A53B53D99C2,PDF parsed; 1 pages,PASS_WITH_SCOPE_AS_STATED
04_submission/journal_submission/portal_upload_required/Figure_5.pdf,63040,720350AAEA542F7ED0364EC87B5B2E2D2A18694480172C65ECE2BE27CFCF9520,PDF parsed; 1 pages,PASS_WITH_SCOPE_AS_STATED
04_submission/journal_submission/portal_upload_required/Figure_Source_Data.zip,186694,5B2051C4D7D4A6128CAD5B51DA35B08474B714CD640ED54FB1B6FAFD163A27D7,ZIP CRC / Office XML verified,PASS_WITH_SCOPE_AS_STATED
04_submission/journal_submission/portal_upload_required/Full_Statistical_Results.zip,10814743,7B6805AE83A8A73C9FC28FB6CCA5F36B7E75B35926C7DEBB2B518DF33E025F86,ZIP CRC / Office XML verified,PASS_WITH_SCOPE_AS_STATED
04_submission/journal_submission/portal_upload_required/Manuscript.docx,62141,520B4D56C872079B8A1C8B1CF70D1DAEED6BC0E449E6D08C2103EC782A2F8796,ZIP CRC / Office XML verified,PASS_WITH_SCOPE_AS_STATED
04_submission/journal_submission/portal_upload_required/Regulator_Sensitivity.zip,23794,C1F40EB90D344A150D61DE472C9F6B37FA9470CDD2CD0BBC45988D18B8CEA7F8,ZIP CRC / Office XML verified,PASS_WITH_SCOPE_AS_STATED
04_submission/journal_submission/portal_upload_required/Supplementary_Information.docx,3777931,C3FB2AB5E616C76C888D4F4D07E3C12D7E7D14BB78FAF3651E7462B43EAE4C1F,ZIP CRC / Office XML verified,PASS_WITH_SCOPE_AS_STATED
04_submission/journal_submission/references/crossref_raw_gateC8BR.json,888631,C39C5BA7FA75902EF972929CA9739245A1967EC271CE2B57B217606DFB30340E,JSON parsed,PASS_WITH_SCOPE_AS_STATED
04_submission/journal_submission/references/reference_verification_gateC8BR.csv,5699,485EC8B15834714105312C85D79778BBC208B482FA22AFF9ADD010627F92D3B6,parsed 28 data rows; 11 columns,PASS_WITH_SCOPE_AS_STATED
04_submission/journal_submission/references/reference_verification_gateC8BR.md,2293,9C4E5F405B6C8A3667092A0C2AAF1DE5446EE8E9B5FCFFC2C554D560E155400D,UTF-8 decoded; semantic review separate,PASS_WITH_SCOPE_AS_STATED
04_submission/journal_submission/references/references_gateC8BR_vancouver.md,6725,9AE9785180DFDF9E8C886E5DE0CB1D440836A2D079938EE469328B323E9D4C47,UTF-8 decoded; semantic review separate,PASS_WITH_SCOPE_AS_STATED
04_submission/journal_submission/reproducibility/CITATION.cff,1021,E82ED98B8C81BF7570A8AC805CB2D11685414583C4327145D0F829DAB7136B5D,UTF-8 decoded; semantic review separate,PASS_WITH_SCOPE_AS_STATED
04_submission/journal_submission/reproducibility/LICENSE,1077,C7F66564CA727134EF67BCA05E24647E1BC9FF4C5C1A37DC4FE75E3D80C63844,SHA-256 and size only; no semantic-content assertion,PASS_WITH_SCOPE_AS_STATED
04_submission/journal_submission/reproducibility/LICENSE_CONTENT_CC_BY_4.0.md,475,619C8CF18174195EC168ABF487D54E12668EB0B2361DE2457EBE41D9FE308111,UTF-8 decoded; semantic review separate,PASS_WITH_SCOPE_AS_STATED
04_submission/journal_submission/reproducibility/LICENSE_SCOPE.md,1414,E0C3B3BBF090F4148D70CC5E07C3E008C907D15BAB63392BFD175CE5FA993755,UTF-8 decoded; semantic review separate,PASS_WITH_SCOPE_AS_STATED
04_submission/journal_submission/reproducibility/README.md,6800,BBBC330F1D85C3158F6FCA0AB295C744F5786709F65052D35263DB409F115E30,UTF-8 decoded; semantic review separate,PASS_WITH_SCOPE_AS_STATED
04_submission/journal_submission/reproducibility/REPRODUCIBILITY.md,7913,8E151E402CED0EB7D0529DEE99AC1AE14C7E80032F53490C86EB2BC187663A68,UTF-8 decoded; semantic review separate,PASS_WITH_SCOPE_AS_STATED
04_submission/journal_submission/reproducibility/build_submission_package.ps1,1012,EB104912FF0DC6553A7D188D4EADE7731A9C2DD64A1B7390DFB27F390D69788D,UTF-8 decoded; semantic review separate,PASS_WITH_SCOPE_AS_STATED
04_submission/journal_submission/reproducibility/check_submission_environment.py,3073,E295DAD3B30B4C970D61898335B62A96686236EE3E791798D29A8368E45C777E,Python AST parsed; not executed,PASS_WITH_SCOPE_AS_STATED
04_submission/journal_submission/reproducibility/create_submission_environment.ps1,2519,2893DE98CC3518ADDDA0234DAC3384C58575FA7CF505F53BA4A30300B910113E,UTF-8 decoded; semantic review separate,PASS_WITH_SCOPE_AS_STATED
04_submission/journal_submission/reproducibility/docx_a11y_audit.py,5024,4769DB2C724EF7F00281DE6329A09240851960C3BABFC1C09ECD94FEF207E4C4,Python AST parsed; not executed,PASS_WITH_SCOPE_AS_STATED
04_submission/journal_submission/reproducibility/environment_analysis.yml,6940,8EA1D200AE1591EAF703C60CF8637219620435F6352FEB7F417E17F9E458024C,UTF-8 decoded; semantic review separate,PASS_WITH_SCOPE_AS_STATED
04_submission/journal_submission/reproducibility/environment_analysis_python.txt,75,9AA2A389C3847E3D2E91E668ECF1C7EEF6AC521408D64A8E6523921DC1034670,UTF-8 decoded; semantic review separate,PASS_WITH_SCOPE_AS_STATED
04_submission/journal_submission/reproducibility/environment_analysis_win64.txt,16373,33420316116A45583D32AC1C65A3D5933A5B78897D1EEB4125C3C7188E461DB5,UTF-8 decoded; semantic review separate,PASS_WITH_SCOPE_AS_STATED
04_submission/journal_submission/reproducibility/environment_submission.yml,494,279B641273B460F968FEC5045A5407FDD67DD5656D13CB3EAD5398EC323315B3,UTF-8 decoded; semantic review separate,PASS_WITH_SCOPE_AS_STATED
04_submission/journal_submission/reproducibility/environment_submission_win64.txt,1607,CF9E8C34FD63EF1E6A9461B31593D8F12872F974F93E39AA27CD6BB5E73FDDB1,UTF-8 decoded; semantic review separate,PASS_WITH_SCOPE_AS_STATED
04_submission/journal_submission/reproducibility/phase17_round6_01_overlap_depletion_sensitivity.R,18397,1FD13F1C1B47F7A9062FFDCDC24C773305CC19AC51060625EF64667020743AE5,UTF-8 decoded; semantic review separate,PASS_WITH_SCOPE_AS_STATED
04_submission/journal_submission/reproducibility/phase17_round6_02_build_overlap_depletion_figure.py,9059,0AA479142BF139F01E21235039F85B06B03E6B59E0E2D0CD291500F142F1F50D,Python AST parsed; not executed,PASS_WITH_SCOPE_AS_STATED
04_submission/journal_submission/reproducibility/phase17_round6_03_full_pipeline_identity_resampling.py,22883,7A28EB02C49F0B2C951180D83438D82FF1E4D83E7D7CC345BFA7987040A9A960,Python AST parsed; not executed,PASS_WITH_SCOPE_AS_STATED
04_submission/journal_submission/reproducibility/phase17_round6_04_audit_r1_hold_and_prepare_propagation.py,22422,DEE1A9DDC839C5B1BC9EF6C6B2B1D3B7A6A19F3EC74C2EE4EAFA5813C7A732B7,Python AST parsed; not executed,PASS_WITH_SCOPE_AS_STATED
04_submission/journal_submission/reproducibility/phase17_round6_05_fit_identity_uncertainty_composition.py,9772,93C9F6C2F0EF986C5C8DC67CE9B16976F8A140AD4943F0E9CD792C43E3216C96,Python AST parsed; not executed,PASS_WITH_SCOPE_AS_STATED
04_submission/journal_submission/reproducibility/phase17_round6_05_fit_identity_uncertainty_ifn.R,7612,65BFB76A37A47C82BC4CEB8FB67E60A54EA98ACA3EE1B4508F4D4DE25590B3E2,UTF-8 decoded; semantic review separate,PASS_WITH_SCOPE_AS_STATED
04_submission/journal_submission/reproducibility/phase17_round6_06_build_identity_hold_figure.py,16007,44255DD2A610C1998878C6B99BDB083C0284EBBA376D83B69E0B4ECD6C35976C,Python AST parsed; not executed,PASS_WITH_SCOPE_AS_STATED
04_submission/journal_submission/reproducibility/round6_full_pipeline_resampling_handoff_2026-08-25.md,4912,DB2224CDC50173B87030831CDB93BCE5E28DD7E9471EF39BFCFC388B6B520887,UTF-8 decoded; semantic review separate,PASS_WITH_SCOPE_AS_STATED
04_submission/journal_submission/reproducibility/round6_q1_robustness_execution_contract_2026-08-25.md,4790,DB86DDAD11F73AF9AA53AC79261274394F6524B51F0C52867BD9CFA8B89C7E88,UTF-8 decoded; semantic review separate,PASS_WITH_SCOPE_AS_STATED
04_submission/journal_submission/reproducibility/run_6013RP_round6_full_pipeline_identity_resampling.ps1,2009,5B1B386229DB89AEAB535153FE436AD03A431748E36B3F644977BD1AE273CE13,UTF-8 decoded; semantic review separate,PASS_WITH_SCOPE_AS_STATED
04_submission/journal_submission/reproducibility/run_6013RP_round6_overlap_depletion.ps1,1067,DEEB40995D2B2F5B4F1A88AECF6E0F1A01F4EE01373B47BBDDA214E6FD5FC53E,UTF-8 decoded; semantic review separate,PASS_WITH_SCOPE_AS_STATED
04_submission/journal_submission/reproducibility/run_6013RP_round6_r1_hold_integration.ps1,3137,461BA2A457A1D173FBBDD07F2ED8D658B8D85D4D548A59993ADA4AB40BEABD42,UTF-8 decoded; semantic review separate,PASS_WITH_SCOPE_AS_STATED
04_submission/journal_submission/submission_docs/Author_Confirmation.md,2061,436E5FBCD9AFA66C67E9C1EF57767246B2F8E6A8506EC24551C1D6C2F2FF774E,UTF-8 decoded; semantic review separate,PASS_WITH_SCOPE_AS_STATED
04_submission/journal_submission/submission_docs/Cover_Letter.docx,40559,4D209CE5C96A9FFDD363D0DB99DB1BE1A4B9077EADF3E2C43DAC10AF43AAC3FA,ZIP CRC / Office XML verified,PASS_WITH_SCOPE_AS_STATED
04_submission/journal_submission/submission_docs/Cover_Letter.md,4432,CA1A0F0B1B298D41E89CD619F3D5074040A391734E3AA566F0CBAEF35D259F61,UTF-8 decoded; semantic review separate,PASS_WITH_SCOPE_AS_STATED
04_submission/journal_submission/submission_docs/Manuscript.md,57887,511A4138F054AAAAC9556EB1B55D49299780D2249528245E2FB8438404066FC4,UTF-8 decoded; semantic review separate,PASS_WITH_SCOPE_AS_STATED
04_submission/journal_submission/submission_docs/PORTAL_UPLOAD_FILENAME_MAP.csv,5197,8A25D10A217D49E11561CC26D9A562A8C6051243424F4C50868C0F26E9E6BA73,parsed 20 data rows; 6 columns,PASS_WITH_SCOPE_AS_STATED
04_submission/journal_submission/submission_docs/PORTAL_UPLOAD_OPTIONAL.csv,2776,789BDB7ED4A91CB28D0780A512942E70C472FB4B9700DC3BECC75CD73F04A7F3,parsed 9 data rows; 6 columns,PASS_WITH_SCOPE_AS_STATED
04_submission/journal_submission/submission_docs/PORTAL_UPLOAD_POLICY.txt,349,5E3C2A33FD6448BDDB968BFA574DE644364289DAC0F93C3D6F7C6311F81DC3E1,UTF-8 decoded; semantic review separate,PASS_WITH_SCOPE_AS_STATED
04_submission/journal_submission/submission_docs/PORTAL_UPLOAD_REQUIRED.csv,2484,BA4389E8EA35316A60390C0BC91C1088A649F14CDD0B8BD5C8E06A02B9078573,parsed 11 data rows; 6 columns,PASS_WITH_SCOPE_AS_STATED
04_submission/journal_submission/submission_docs/Reporting_Checklist.md,2167,1F6DE09B32329D473EC7EEBE26612F4E13459F2849E0CE78EE95D90C1A59080C,UTF-8 decoded; semantic review separate,PASS_WITH_SCOPE_AS_STATED
04_submission/journal_submission/submission_docs/Supplementary_Information.md,22704,C417326C47614120D3ECEF471AB8B54E7AD5FEE5F3D79FD16BD1E087CB35EDF8,UTF-8 decoded; semantic review separate,PASS_WITH_SCOPE_AS_STATED
04_submission/journal_submission/submission_docs/Zenodo_Metadata.json,1326,87D5A16003AF8FA8360564037B1EA359EAC0099929BA0378404ED87745067A8C,JSON parsed,PASS_WITH_SCOPE_AS_STATED
audit_tools/00_create_gateC8BR_release_env.ps1,2704,4BD52B4C63C890F7AE85AF3332D0F86EA178D0C62E8207F9D33E09E2B034F8F4,UTF-8 decoded; semantic review separate,PASS_WITH_SCOPE_AS_STATED
audit_tools/6013RP_audit_interpretation_next_stage_2026-08-06.md,5918,AD49E3C479523870EA996E2E1D9BA7061EA5294CCF964F14499A3940B45127A1,UTF-8 decoded; semantic review separate,PASS_WITH_SCOPE_AS_STATED
audit_tools/6013RP_gateC1_final_review_2026-08-06.md,8635,A99FC9FE8DE7F9374093D8816DF691E2F06EA5E5D197B4D204CC9A4769E45AE4,UTF-8 decoded; semantic review separate,PASS_WITH_SCOPE_AS_STATED
audit_tools/6013RP_gateC1_to_gateC2A_workflow_2026-08-06.md,1851,E51B090933649DB5B73982324050ABEBC228874EB079850E41749B36489AF9B5,UTF-8 decoded; semantic review separate,PASS_WITH_SCOPE_AS_STATED
audit_tools/6013RP_gateC2A_smoke_design_2026-08-06.md,2308,BF5F1755861B72C20F5D5E14571153C8951412C481E1913F2F8E5E199F5BE74A,UTF-8 decoded; semantic review separate,PASS_WITH_SCOPE_AS_STATED
audit_tools/6013RP_phase17_gateC1_hotfix_v1.1_2026-08-06.zip,10371,853F1ABA7F09D419DC9DC56BE35F0D58653C189285486195B33833C09A532407,ZIP CRC / Office XML verified,PASS_WITH_SCOPE_AS_STATED
audit_tools/6013RP_phase17_gateC1_hotfix_workflow_2026-08-06.md,530,A891A88E1236CAE71B06BE321F32F13B4FBD6ECE4A18095E1471D17F5D45A994,UTF-8 decoded; semantic review separate,PASS_WITH_SCOPE_AS_STATED
audit_tools/6013RP_phase17_gateC1_toolkit_2026-08-06.zip,25120,31B059F814D75AC3A987517FB6F715EB96315D2D5008374AAE594C8BAFFFBCF6,ZIP CRC / Office XML verified,PASS_WITH_SCOPE_AS_STATED
audit_tools/6013RP_phase17_gateC2A_smoke_toolkit_2026-08-06.zip,18911,9D7939A2B12EABFDCAEE3D3967A6B5229EED91BF482DEA05D24CDE0882F23D4E,ZIP CRC / Office XML verified,PASS_WITH_SCOPE_AS_STATED
audit_tools/6013RP_phase17_preflight_toolkit_2026-08-06.zip,14093,467B3500915178D00BCBD43CAC09436E27AF96424C7949282351F5B28570E148,ZIP CRC / Office XML verified,PASS_WITH_SCOPE_AS_STATED
audit_tools/6013RP_wyf_project_audit_toolkit_2026-08-06.zip,21557,F303AC92E6481737F92356264411BD23F8A92CBFF0F170DDE8427BFA230A20CC,ZIP CRC / Office XML verified,PASS_WITH_SCOPE_AS_STATED
audit_tools/README_6013RP_phase17_gateC1_hotfix_v1_1.md,947,9358FB34187BF65DCC6BA7FB95DC71C12889F757F92AB892826470DD55C26E9A,UTF-8 decoded; semantic review separate,PASS_WITH_SCOPE_AS_STATED
audit_tools/README_6013RP_phase17_gateC2A.md,1957,577EA249F089DFFAA8E92376FEAE022BED5D38917E54EEB687088B1239900D8A,UTF-8 decoded; semantic review separate,PASS_WITH_SCOPE_AS_STATED
audit_tools/README_6013RP_phase17_gateC2B1.md,1887,67A6F8FFA97DA35F6D3947230113F9F654BD3FB4303F07D0FB359F1586CD8017,UTF-8 decoded; semantic review separate,PASS_WITH_SCOPE_AS_STATED
audit_tools/README_6013RP_phase17_preflight.md,1118,EDE8BAD8628AAB0473C5BE16CACE66C16E88D8FA9E9222BF6AE95151229BEF10,UTF-8 decoded; semantic review separate,PASS_WITH_SCOPE_AS_STATED
audit_tools/build_6013RP_phase17_review_pack.py,11711,275956B2F45EB13174BED1A9B937BAAE94D74F77A619E696934212202F6AC246,Python AST parsed; not executed,PASS_WITH_SCOPE_AS_STATED
audit_tools/build_page_contact_sheets.py,2218,A87DBD1FE3C8992EA3DF1839C2B7D76D615E4BFEEE304F7AB64C3CA75491924E,Python AST parsed; not executed,PASS_WITH_SCOPE_AS_STATED
audit_tools/build_research_proposal_v14.py,13791,6B2681B17C969126AC6828F69B4086CD3E01802513F8DD3FE863C964BEF4F8F9,Python AST parsed; not executed,PASS_WITH_SCOPE_AS_STATED
audit_tools/build_submission_package.ps1,1012,EB104912FF0DC6553A7D188D4EADE7731A9C2DD64A1B7390DFB27F390D69788D,UTF-8 decoded; semantic review separate,PASS_WITH_SCOPE_AS_STATED
audit_tools/check_submission_environment.py,3073,E295DAD3B30B4C970D61898335B62A96686236EE3E791798D29A8368E45C777E,Python AST parsed; not executed,PASS_WITH_SCOPE_AS_STATED
audit_tools/create_submission_environment.ps1,2519,2893DE98CC3518ADDDA0234DAC3384C58575FA7CF505F53BA4A30300B910113E,UTF-8 decoded; semantic review separate,PASS_WITH_SCOPE_AS_STATED
audit_tools/docx_a11y_audit.py,5024,4769DB2C724EF7F00281DE6329A09240851960C3BABFC1C09ECD94FEF207E4C4,Python AST parsed; not executed,PASS_WITH_SCOPE_AS_STATED
audit_tools/environment_analysis.yml,6940,8EA1D200AE1591EAF703C60CF8637219620435F6352FEB7F417E17F9E458024C,UTF-8 decoded; semantic review separate,PASS_WITH_SCOPE_AS_STATED
audit_tools/environment_analysis_python.txt,75,9AA2A389C3847E3D2E91E668ECF1C7EEF6AC521408D64A8E6523921DC1034670,UTF-8 decoded; semantic review separate,PASS_WITH_SCOPE_AS_STATED
audit_tools/environment_analysis_win64.txt,16373,33420316116A45583D32AC1C65A3D5933A5B78897D1EEB4125C3C7188E461DB5,UTF-8 decoded; semantic review separate,PASS_WITH_SCOPE_AS_STATED
audit_tools/environment_gateC8BR_release_2026-08-25.yml,496,74A73696880D1DD9BC0F76A2CD25D1CE4C955FEFFDBC579B724204C58ECEC928,UTF-8 decoded; semantic review separate,PASS_WITH_SCOPE_AS_STATED
audit_tools/environment_gateC8BR_release_explicit_win64_2026-08-25.txt,1607,CF9E8C34FD63EF1E6A9461B31593D8F12872F974F93E39AA27CD6BB5E73FDDB1,UTF-8 decoded; semantic review separate,PASS_WITH_SCOPE_AS_STATED
audit_tools/environment_phase17_v7.yml,501,598DEC9288DA71535DB3350F23000EFB5944894D9B8F2FE5B50582F6497EACCB,UTF-8 decoded; semantic review separate,PASS_WITH_SCOPE_AS_STATED
audit_tools/environment_phase17_v7_explicit_win64_2026-08-10.txt,16373,33420316116A45583D32AC1C65A3D5933A5B78897D1EEB4125C3C7188E461DB5,UTF-8 decoded; semantic review separate,PASS_WITH_SCOPE_AS_STATED
audit_tools/environment_phase17_v7_pip_freeze_2026-08-10.txt,75,9AA2A389C3847E3D2E91E668ECF1C7EEF6AC521408D64A8E6523921DC1034670,UTF-8 decoded; semantic review separate,PASS_WITH_SCOPE_AS_STATED
audit_tools/environment_phase17_v7_resolved_2026-08-10.yml,6935,68BE619BB38C031A944345AB039E9AD96CCCC4A7C6A7ECB5D30B5C0EED39F5B7,UTF-8 decoded; semantic review separate,PASS_WITH_SCOPE_AS_STATED
audit_tools/environment_submission.yml,494,279B641273B460F968FEC5045A5407FDD67DD5656D13CB3EAD5398EC323315B3,UTF-8 decoded; semantic review separate,PASS_WITH_SCOPE_AS_STATED
audit_tools/environment_submission_win64.txt,1607,CF9E8C34FD63EF1E6A9461B31593D8F12872F974F93E39AA27CD6BB5E73FDDB1,UTF-8 decoded; semantic review separate,PASS_WITH_SCOPE_AS_STATED
audit_tools/inspect_6013RP_h5ad_deep.py,11514,FE0E847285DB5FD6E765CDCD544A9FB58991DAB45CD6772593567DF94FB7BF8C,Python AST parsed; not executed,PASS_WITH_SCOPE_AS_STATED
audit_tools/phase17_00_freeze_and_verify_inputs_v2.py,3571,4822795E36BEFDE9AE4FDE2F0C05AC1225399647B0CCCAA84D2FE26FDC6EDB58,Python AST parsed; not executed,PASS_WITH_SCOPE_AS_STATED
audit_tools/phase17_01_metadata_hierarchy_audit_v2.py,8976,8C571CB4BF0CEA78D95E26277EBC1078BA1DCF80EC7FBC72BF0D71618F4E9E99,Python AST parsed; not executed,PASS_WITH_SCOPE_AS_STATED
audit_tools/phase17_02_raw_count_qc_profile_v2.py,7629,D8F8C279126704C81994E002B1715A89C41FA451482ECCC0B9F1A9FD20D4AFC9,Python AST parsed; not executed,PASS_WITH_SCOPE_AS_STATED
audit_tools/phase17_c1_03_strict_support_reaudit.py,3728,14733683E7A9BA597671CA869E25F4A127AD960CEC64A0B9B945272ABD986EB4,Python AST parsed; not executed,PASS_WITH_SCOPE_AS_STATED
audit_tools/phase17_c2a_01_prepare_smoke.py,12033,B985C2E703977B84B566A6F26E26CCB2377B6F4CCF6E4B9B4294580763F4E666,Python AST parsed; not executed,PASS_WITH_SCOPE_AS_STATED
audit_tools/phase17_c2a_02_smoke_recluster.py,17137,0244471D0762C726C967CB10C72559472498690102AB0F4D0E15E5B53D684315,Python AST parsed; not executed,PASS_WITH_SCOPE_AS_STATED
audit_tools/phase17_c2a_03_review_smoke.py,7413,B2F87AEF59C6568AF00E9DC7DBA37AD0EA6A3EE1F1DEE8EF8F39C4826B1A4D27,Python AST parsed; not executed,PASS_WITH_SCOPE_AS_STATED
audit_tools/phase17_c2b_01_prepare_full.py,6703,0C5E549F5DA9973E010BC3CC2FA11F025DD4FE69CA2A584578DC49591B85153C,Python AST parsed; not executed,PASS_WITH_SCOPE_AS_STATED
audit_tools/phase17_c2b_02_full_library_doublets.py,10601,3AB4CC0D6006F94C871E312DE7BE11FE31953D4BF29CD1431B906C0660164152,Python AST parsed; not executed,PASS_WITH_SCOPE_AS_STATED
audit_tools/phase17_c2b_03_review_residual_doublets.py,9218,11ACA05D4C538B7CB8BA9BCE65FC1DE1C375F9E941510BF25EB2365924779E92,Python AST parsed; not executed,PASS_WITH_SCOPE_AS_STATED
audit_tools/phase17_c2b_04_blineage_extraction_audit.py,9334,168B5276C097821946D326821F226F1CACB8C0C7A573E54B5435F93B0CD1465D,Python AST parsed; not executed,PASS_WITH_SCOPE_AS_STATED
audit_tools/phase17_c2b_05_finalize_gatec2b1.py,8409,EABB4804B18580D1B7FD9CC5117415245258F4A6700F8979A17D52419AC83AF0,Python AST parsed; not executed,PASS_WITH_SCOPE_AS_STATED
audit_tools/phase17_c2b_06_refine_blineage_candidates.py,9938,6D6CD70A72D949B883610035CB0A8F35884DFCCE761F4530C02ABFA9386D297C,Python AST parsed; not executed,PASS_WITH_SCOPE_AS_STATED
audit_tools/phase17_c2b_07_prepare_representation.py,17667,2DD6CB8822CAAEB82516E42A3DD2C6213350B05F296D4D79869D0D455A2D8A34,Python AST parsed; not executed,PASS_WITH_SCOPE_AS_STATED
audit_tools/phase17_c2b_08_fit_representation.py,23465,03DD08B796A7814A0090DDE3D081AF1EE4DC0F3C3C92A03185605B514B4034C5,Python AST parsed; not executed,PASS_WITH_SCOPE_AS_STATED
audit_tools/phase17_c2b_09_review_representation.py,25457,1B174079C74EE325EB85A8146F69D4ACFA60CF0C3C9529BD9E741C5C841FC3FC,Python AST parsed; not executed,PASS_WITH_SCOPE_AS_STATED
audit_tools/phase17_c2b_10_finalize_gatec2b2.py,12904,5891E2A8215DF772D7A13440E2FAFDCE07D92FE2BE0FA958C613F5351DB26D59,Python AST parsed; not executed,PASS_WITH_SCOPE_AS_STATED
audit_tools/phase17_c2b_11_resampling_stability.py,16667,4E6C35563F2B515E162E406B0EEE383ECD699DE1F04F812BBC1FE73AD077F425,Python AST parsed; not executed,PASS_WITH_SCOPE_AS_STATED
audit_tools/phase17_c2b_12_map_blineage_candidates.py,14921,04C8486971CA41D55CC80A7F00EF7458D90DAE032B19BDE54E19ED352FFE6832,Python AST parsed; not executed,PASS_WITH_SCOPE_AS_STATED
audit_tools/phase17_c2b_13_rank_neutral_markers.py,11626,FB0A82B8F9627357E97DF5FD19FC599D3F6C3DF17431CDCC09176CDA379CAD22,Python AST parsed; not executed,PASS_WITH_SCOPE_AS_STATED
audit_tools/phase17_c2b_14_review_gatec2b3.py,15908,1789A9EF948640B6CBEA164ADBE0730FE11E165DAF1A7783CCD9B44C9EB543F7,Python AST parsed; not executed,PASS_WITH_SCOPE_AS_STATED
audit_tools/phase17_c2b_15_adjudicate_two_level_model.py,25792,07F670D570D51E35AD1A3E41CF0D0945F4501A072BCB60FC6D0103435BF32C78,Python AST parsed; not executed,PASS_WITH_SCOPE_AS_STATED
audit_tools/phase17_c3_01_unlock_metadata_and_freeze_design.py,35438,577D88445B0D755E9F540CD614E6C4A201F39D6BB5D68E872405AF4901348D4E,Python AST parsed; not executed,PASS_WITH_SCOPE_AS_STATED
audit_tools/phase17_c3_02_fit_frozen_abundance.py,43931,9F0DE59F4F877BF545F2B98D3200F9570B7C91A35FEDB6CA87A56AA53E5AF8DB,Python AST parsed; not executed,PASS_WITH_SCOPE_AS_STATED
audit_tools/phase17_c4a_01_extract_raw_pseudobulk.py,36096,9902D10FDFD76F82F742CA9D4C56F18ADCB7B47807EDC11864F76723A306191B,Python AST parsed; not executed,PASS_WITH_SCOPE_AS_STATED
audit_tools/phase17_c4a_02_review_freeze.py,24087,6A1DF4E89837D1F5901F41E1FF7B52824ACF9AAF4B587E7DEA14AF9E1E46D935,Python AST parsed; not executed,PASS_WITH_SCOPE_AS_STATED
audit_tools/phase17_c4b_00_install_packages.R,1160,46FA23C765C7DD0DAC45B7713076941CA06504CB3C431F1866D7D4839982FEA8,UTF-8 decoded; semantic review separate,PASS_WITH_SCOPE_AS_STATED
audit_tools/phase17_c4b_01_export_frozen_matrices.py,11783,C170262365375222A432E045E94D2E46BA743CE9D509D77D2CAF71BE8CA30DBF,Python AST parsed; not executed,PASS_WITH_SCOPE_AS_STATED
audit_tools/phase17_c4b_02_qualify_edger.R,7720,E57B442C488F56E7EA54838C7B63CA021AB5E4E531F2FC2953185526DC11DB94,UTF-8 decoded; semantic review separate,PASS_WITH_SCOPE_AS_STATED
audit_tools/phase17_c4b_03_fit_frozen_models.R,19240,4C1F1E908783A9DF5FC27F0CB8CC845891DD767A13DD7F8233217EE77000CA97,UTF-8 decoded; semantic review separate,PASS_WITH_SCOPE_AS_STATED
audit_tools/phase17_c4b_04_review_and_figure.py,24999,39D5E9EC0372788F42DDD34E11E1CEB0D70C474F1C3CB4EFCF4C9559ADA92AB9,Python AST parsed; not executed,PASS_WITH_SCOPE_AS_STATED
audit_tools/phase17_c5a_01_source_mapping_freeze.py,26570,7138CD716E0130027537BF27B0D5BE11AE4D7763562B679032FF831588C25578,Python AST parsed; not executed,PASS_WITH_SCOPE_AS_STATED
audit_tools/phase17_c5a_02_review_freeze.py,20167,07CC28ED7D6C42C20D36DF102A592DC7A6ACD8595CCC71E4AE7F4334588DE223,Python AST parsed; not executed,PASS_WITH_SCOPE_AS_STATED
audit_tools/phase17_c5b_01_export_frozen_matrices.py,13663,4B0E55EB7029295E7DD8758D0FE20F9687BDC415DB12F046A5B54E8AE2A8F2C0,Python AST parsed; not executed,PASS_WITH_SCOPE_AS_STATED
audit_tools/phase17_c5b_02_qualify_edger.R,7776,B8C82C5129B5A87FBD04386130438DB1D974ADA610DFB826D067EFCF7048FE88,UTF-8 decoded; semantic review separate,PASS_WITH_SCOPE_AS_STATED
audit_tools/phase17_c5b_03_fit_frozen_models.R,20472,CA8B8FC1D9C310034CD5B11B7C11B18A4802FB989C4803995100896B663A3F85,UTF-8 decoded; semantic review separate,PASS_WITH_SCOPE_AS_STATED
audit_tools/phase17_c5b_04_review_and_figure.py,30638,4BE297E274160DF9035E80713821B3199505DADD811C7B011FCA3D9D2FD298EE,Python AST parsed; not executed,PASS_WITH_SCOPE_AS_STATED
audit_tools/phase17_c6a_01_integrate_claims.py,28104,BB2ABDD37B18C9B966BE5425BA6DE2FE8EE9795C20F49AD42880F6FE47EE729B,Python AST parsed; not executed,PASS_WITH_SCOPE_AS_STATED
audit_tools/phase17_c6b_00_inventory_resources.py,13047,7096E7B1A3E2BE9A73C99E9A8F7C3BBBBC047F63095591F6E0C2F6B87F084B37,Python AST parsed; not executed,PASS_WITH_SCOPE_AS_STATED
audit_tools/phase17_c6b_01_freeze_external_resources.py,12918,71688CCE42B10479DD5CD243BF13110CC41A243018C89600F7C5A0B996C85C43,Python AST parsed; not executed,PASS_WITH_SCOPE_AS_STATED
audit_tools/phase17_c6b_02_qualify_regulatory_engine.py,16521,3A3B3F13DF00C764F3447CB5BBF28F71A953FA1014F3C174FC5136EB8AB4A88C,Python AST parsed; not executed,PASS_WITH_SCOPE_AS_STATED
audit_tools/phase17_c6b_03_fit_frozen_regulators.py,21168,8597EB932652AFE0FF12F40CCFCC650BB5BCC519511198A318BE72785ECF69E5,Python AST parsed; not executed,PASS_WITH_SCOPE_AS_STATED
audit_tools/phase17_c6b_04_qualify_orthogonal_methods.py,8268,CEBE8D612720A5709FABB0C124EA45C09042DCDAE10272690F9298D0D08D1EBC,Python AST parsed; not executed,PASS_WITH_SCOPE_AS_STATED
audit_tools/phase17_c6b_05_run_orthogonal_response.py,15895,2476D6FBF2903A61D34D82E553DFF7ADE8F8EF1F7EAAA3CE0D866C297FDAE396,Python AST parsed; not executed,PASS_WITH_SCOPE_AS_STATED
audit_tools/phase17_c6b_06_review_and_figure.py,22931,6DB4E5655A81C7C246130120101827FEF74179F0BBE112AD3B0E52FF636050C7,Python AST parsed; not executed,PASS_WITH_SCOPE_AS_STATED
audit_tools/phase17_c7_01_build_main_figures.py,64627,AB49147897B5C8207C9343C1D4EFC55D034D95E9B2B5B4D63941A1E7EBF8E973,Python AST parsed; not executed,PASS_WITH_SCOPE_AS_STATED
audit_tools/phase17_c7_02_integrate_manuscript.py,42338,909DB51963B2006E49EED0143C169FB785C43066719198D94C87FBFB0FDB59A0,Python AST parsed; not executed,PASS_WITH_SCOPE_AS_STATED
audit_tools/phase17_c7_03_audit_package.py,13712,B11145267047DF9A5BB2E4329DA3E901F51918066B62D4876F30F3E6B44576D0,Python AST parsed; not executed,PASS_WITH_SCOPE_AS_STATED
audit_tools/phase17_c8_01_verify_references.py,6543,B2EED1A3812B2075364955AA508C5E2E84170826F49DCAC4FA181442F6072BBB,Python AST parsed; not executed,PASS_WITH_SCOPE_AS_STATED
audit_tools/phase17_c8_02_build_submission_sources.py,31447,F9EEC79A19D630398FFF3625455EF2521C26EE559C32446D5C9661F56689C090,Python AST parsed; not executed,PASS_WITH_SCOPE_AS_STATED
audit_tools/phase17_c8_03_build_documents.py,22599,C2FDC079D3C4DD352BF69D4F13F5C2006B3E7395CCECE1D9A674A0F8E4A3022F,Python AST parsed; not executed,PASS_WITH_SCOPE_AS_STATED
audit_tools/phase17_c8_04_final_submission_audit.py,18813,24465AAF5D8DE5CDF17B9B5DF2371E7FA1C6A4395525970D2B4DD93E03CBB0F0,Python AST parsed; not executed,PASS_WITH_SCOPE_AS_STATED
audit_tools/phase17_c8b_00_build_main_figures.py,2791,A5F98D8CA86108E80A3331C9527D1D961B8E6560E1F021EB2A3C3E00FC0CFDE3,Python AST parsed; not executed,PASS_WITH_SCOPE_AS_STATED
audit_tools/phase17_c8b_01_verify_references.py,2763,9539B6FBF306C2F3BA957CDEA9F4C8195A7BD5DBAC441DECCC0448B7E16D77B5,Python AST parsed; not executed,PASS_WITH_SCOPE_AS_STATED
audit_tools/phase17_c8b_02_build_submission_sources.py,13348,F3C012EB8E0C920F29AAD9AEBB3487D72F1EAE571C60247269179DEDDFCD61F8,Python AST parsed; not executed,PASS_WITH_SCOPE_AS_STATED
audit_tools/phase17_c8b_03_build_documents.py,6959,EBF238A3A7B40E786696496A2E5A15D1BBF3BCC23D170C3C96FE1BA7E6C1A11B,Python AST parsed; not executed,PASS_WITH_SCOPE_AS_STATED
audit_tools/phase17_c8b_04_final_audit.py,22605,A47CFF2720C45421F04C037B15140EFC9BE349204CF850871EABF3FEB6FCFDB7,Python AST parsed; not executed,PASS_WITH_SCOPE_AS_STATED
audit_tools/phase17_c8br_00_build_main_figures.py,4105,6DBCCE7DF7E78063F9F7A03DE609B7EDB850A71D60C5F4A8E88002E30ACDF353,Python AST parsed; not executed,PASS_WITH_SCOPE_AS_STATED
audit_tools/phase17_c8br_00_release_smoke_test.py,3104,61B78D8075ACE1427C3AE40D6787FC24121575026BDB1EAA8013B06F5B17E0BF,Python AST parsed; not executed,PASS_WITH_SCOPE_AS_STATED
audit_tools/phase17_c8br_01_verify_references.py,3265,11341F507E2FFA22C34CEBBA74B524BA9670A0FD267BDB1900AA6C7C18ABA4D9,Python AST parsed; not executed,PASS_WITH_SCOPE_AS_STATED
audit_tools/phase17_c8br_02_build_submission_sources.py,22492,606C75B78C0C2BD8925245138A879FACF85D0B1FD02E5B89A1654B9682A2D59F,Python AST parsed; not executed,PASS_WITH_SCOPE_AS_STATED
audit_tools/phase17_c8br_03_build_documents.py,7506,0A909579B6D2BC911BE1DF1B8FF736CCE2686E7C04FE8349641362340C34D449,Python AST parsed; not executed,PASS_WITH_SCOPE_AS_STATED
audit_tools/phase17_c8br_04_final_audit.py,25282,B05EF5F489BC03C935777BC593C5EC670EFA29C42CF603C0F0AA43E3BE799362,Python AST parsed; not executed,PASS_WITH_SCOPE_AS_STATED
audit_tools/phase17_c8brf_00_build_main_figures.py,8536,285B27B84B0671C77DDC74ADEA092B60755969856DCA7C90E5730A3C155F5C05,Python AST parsed; not executed,PASS_WITH_SCOPE_AS_STATED
audit_tools/phase17_c8brf_01_uuid_governance.py,6165,3E7941E65A52ECBD8185CA1EB418C8C5D3037963C5B7CD24920C3CD00D1EFC26,Python AST parsed; not executed,PASS_WITH_SCOPE_AS_STATED
audit_tools/phase17_c8brf_02_build_submission_sources.py,23266,73DFF7BD94C43F026707D927BBC36269E55091C7F8EA3C178FF44B2C28BB3CBE,Python AST parsed; not executed,PASS_WITH_SCOPE_AS_STATED
audit_tools/phase17_c8brf_03_build_documents.py,19627,3BD14D8431FFB54387A4F41EF8E92962E046B75C4D300E155479F55358CF7956,Python AST parsed; not executed,PASS_WITH_SCOPE_AS_STATED
audit_tools/phase17_c8brf_04_final_audit.py,20045,A99D9955EF407BCE5DF7BB05B46E7D2E7DCBDA0B92387F9C218915DC1503EE48,Python AST parsed; not executed,PASS_WITH_SCOPE_AS_STATED
audit_tools/phase17_c8brp_00_build_main_figures.py,4031,2A1238C6186246A04DD07157F98FD86AF8F6EF3B793323E83A0D629C54F5E4EC,Python AST parsed; not executed,PASS_WITH_SCOPE_AS_STATED
audit_tools/phase17_c8brp_01_build_submission_sources.py,25524,99153D779DFCBDA663B5B3EC95C10E4EA940A26327B07801387D452DD5AC0858,Python AST parsed; not executed,PASS_WITH_SCOPE_AS_STATED
audit_tools/phase17_c8brp_02_build_documents.py,11354,058E29EC40E5A0FB6D82F588ADC63910F0DAB342DA8EA771F193A134448E0D0D,Python AST parsed; not executed,PASS_WITH_SCOPE_AS_STATED
audit_tools/phase17_c8brp_03_final_audit.py,30676,1DBCFDD0950E1BB676430556DC69BE828B4C3384E9F29A52BBA0E23B1F3C69D3,Python AST parsed; not executed,PASS_WITH_SCOPE_AS_STATED
audit_tools/phase17_c8r_01_correlation_aware_regulator_sensitivity.R,10811,F4704FEA1FFA31BDF73692E903AFEDC624C973D0B156443D8DCD47BDFF2919BE,UTF-8 decoded; semantic review separate,PASS_WITH_SCOPE_AS_STATED
audit_tools/phase17_c8r_02_verify_references.py,7785,DF93A818F317B3725FDFE980F0625E6A23FAC528FC35485F37C6C079DBBE7F41,Python AST parsed; not executed,PASS_WITH_SCOPE_AS_STATED
audit_tools/phase17_c8r_03_build_submission_sources.py,39661,F0B911364BB488BAD85D32420837BFC36EE02939E6B36B643A60CF1B7C253AA1,Python AST parsed; not executed,PASS_WITH_SCOPE_AS_STATED
audit_tools/phase17_c8r_04_build_documents.py,23728,3B77E48A5AA0070E7911270FAAC92C042CB5F5CC8B13F3672691C98F168C8FCC,Python AST parsed; not executed,PASS_WITH_SCOPE_AS_STATED
audit_tools/phase17_c8r_05_final_submission_audit.py,25622,E9B9F6EF9CFDE88026580E8E11C50A691FB2771D1756E18292228CBB8AEAAB84,Python AST parsed; not executed,PASS_WITH_SCOPE_AS_STATED
audit_tools/phase17_c8s_01_build_supplementary_figures.py,36763,19F0F490E74AD61E1241E3BD93CD8355AF4957E7099A8FACC4775E813FA195AF,Python AST parsed; not executed,PASS_WITH_SCOPE_AS_STATED
audit_tools/phase17_c8s_02_build_full_statistical_archive.py,16997,B253130B355831ACC80BFF929AAAD68C89D81DCB300910002860A003F6EAF82F,Python AST parsed; not executed,PASS_WITH_SCOPE_AS_STATED
audit_tools/phase17_c8s_03_build_submission_sources.py,28818,03305F56B42115DC210DDF18AA23DE8D4E093076F8A4905B11BCCC4E97FDF0FE,Python AST parsed; not executed,PASS_WITH_SCOPE_AS_STATED
audit_tools/phase17_c8s_04_build_documents.py,27683,42ECB649BD088299B1F7B1470AC62C37AC3C9AFFB3C4A16C2984C6D06992FB83,Python AST parsed; not executed,PASS_WITH_SCOPE_AS_STATED
audit_tools/phase17_c8s_05_final_submission_audit.py,23109,02C90BD13DE70291B29A971FA5E689E6744954F57F1AE9FF19718C907837254A,Python AST parsed; not executed,PASS_WITH_SCOPE_AS_STATED
audit_tools/phase17_c9_01_prefreeze_label_agnostic_mapping.py,45833,D8158F38FA83C5144CE12320DD96789C31E1DEA39F745A12913A3A518566347E,Python AST parsed; not executed,PASS_WITH_SCOPE_AS_STATED
audit_tools/phase17_c9_02_unlock_outcomes_and_review.py,34300,E0F34C8C9E15F096982EE3BB11245BC534217435C8DCCC0502A69F71A5551427,Python AST parsed; not executed,PASS_WITH_SCOPE_AS_STATED
audit_tools/phase17_c9_common.py,10523,970D3257A72F023CD92908B7709216761BCEA4997B439004EEF454B6117CEDFB,Python AST parsed; not executed,PASS_WITH_SCOPE_AS_STATED
audit_tools/phase17_postc9_01_build_review_figures.py,6619,967999825AB37620D21F4FF07CC3AEB6B69AC810668DE522A2F2CD91FD2B57CB,Python AST parsed; not executed,PASS_WITH_SCOPE_AS_STATED
audit_tools/phase17_postc9_02_integrity_and_figure_audit.py,13849,509F92E863D682D17DF34726E2C29BA4670532661ED4087B387E01DBB9BEEBAB,Python AST parsed; not executed,PASS_WITH_SCOPE_AS_STATED
audit_tools/phase17_postc9_03_build_review_documents.py,1690,1D36351ABD549DDE6D5229DDD50B8CA3D4AD3B1F5E6ED83D0BE88CA50351E245,Python AST parsed; not executed,PASS_WITH_SCOPE_AS_STATED
audit_tools/phase17_postc9_04_document_render_audit.py,3980,CB5D93399D3736956C7D596CC570B74E521681E3775A39202F4ABCF3B3FA6BAF,Python AST parsed; not executed,PASS_WITH_SCOPE_AS_STATED
audit_tools/phase17_round6_01_overlap_depletion_sensitivity.R,18397,1FD13F1C1B47F7A9062FFDCDC24C773305CC19AC51060625EF64667020743AE5,UTF-8 decoded; semantic review separate,PASS_WITH_SCOPE_AS_STATED
audit_tools/phase17_round6_02_build_overlap_depletion_figure.py,9754,7F81778ABAA38F537D827AAFF398E9B0D649131848B6A5B5DC2BCAEA0FE2C1A6,Python AST parsed; not executed,PASS_WITH_SCOPE_AS_STATED
audit_tools/phase17_round6_03_full_pipeline_identity_resampling.py,22883,7A28EB02C49F0B2C951180D83438D82FF1E4D83E7D7CC345BFA7987040A9A960,Python AST parsed; not executed,PASS_WITH_SCOPE_AS_STATED
audit_tools/phase17_round6_04_audit_r1_hold_and_prepare_propagation.py,22422,DEE1A9DDC839C5B1BC9EF6C6B2B1D3B7A6A19F3EC74C2EE4EAFA5813C7A732B7,Python AST parsed; not executed,PASS_WITH_SCOPE_AS_STATED
audit_tools/phase17_round6_05_fit_identity_uncertainty_composition.py,9772,93C9F6C2F0EF986C5C8DC67CE9B16976F8A140AD4943F0E9CD792C43E3216C96,Python AST parsed; not executed,PASS_WITH_SCOPE_AS_STATED
audit_tools/phase17_round6_05_fit_identity_uncertainty_ifn.R,7612,65BFB76A37A47C82BC4CEB8FB67E60A54EA98ACA3EE1B4508F4D4DE25590B3E2,UTF-8 decoded; semantic review separate,PASS_WITH_SCOPE_AS_STATED
audit_tools/phase17_round6_06_build_identity_hold_figure.py,16240,C74650285651FE84C5E6CFC26301E741F7AD647F587B8B157466A895920A6B20,Python AST parsed; not executed,PASS_WITH_SCOPE_AS_STATED
audit_tools/publication_style_contract.py,1389,EF8D2F234C422930B161279ECBBA12738F6F6DF30A4D25B3E4E897FA763A15D4,Python AST parsed; not executed,PASS_WITH_SCOPE_AS_STATED
audit_tools/render_docx_windows.py,16359,C775B5038DD3FA1AD21D86E74ADAE348AAE85932A3C434EFDE27FB2AB77DBAE9,Python AST parsed; not executed,PASS_WITH_SCOPE_AS_STATED
audit_tools/render_docx_with_wps.ps1,1614,58B148D9404170F2499546A7D76BDC99BBA878B4BBE79ABC81554F79FF1491C8,UTF-8 decoded; semantic review separate,PASS_WITH_SCOPE_AS_STATED
audit_tools/run_6013RP_phase17_blineage_extraction_audit.ps1,2323,5C9A0348242DDB30F7CA188CCD90AE8E732263385FCCEAFEE975B276BE86E545,UTF-8 decoded; semantic review separate,PASS_WITH_SCOPE_AS_STATED
audit_tools/run_6013RP_phase17_gateC1_hotfix_v1_1.ps1,2346,B348251CA978EB862023ADC1CEA61B7BF5E232ADA73FD1D3E1672516B7D97386,UTF-8 decoded; semantic review separate,PASS_WITH_SCOPE_AS_STATED
audit_tools/run_6013RP_phase17_gateC2A_smoke.ps1,1080,F2B39D04669340D3D66C3F7B54FE374B1BB5DF1F39A27E3D148D6C7CB5B6C136,UTF-8 decoded; semantic review separate,PASS_WITH_SCOPE_AS_STATED
audit_tools/run_6013RP_phase17_gateC2A_smoke.sh,2362,179DAAA91538EE88EDC75AC2E26BBEA7C8618761389EB954345688D27C276059,SHA-256 and size only; no semantic-content assertion,PASS_WITH_SCOPE_AS_STATED
audit_tools/run_6013RP_phase17_gateC2B1_full_doublets.ps1,3932,AE7867EE995CDBCB96DB0EEC724489875A2EDEE5DA3DC04E1A2E55DAE14A9F4E,UTF-8 decoded; semantic review separate,PASS_WITH_SCOPE_AS_STATED
audit_tools/run_6013RP_phase17_gateC2B2_full_representation.ps1,6148,BD90BEE24EA67B763690CA8C52223DCFC135B28B72E4CD555A104D3818A0BE48,UTF-8 decoded; semantic review separate,PASS_WITH_SCOPE_AS_STATED
audit_tools/run_6013RP_phase17_gateC2B3_neutral_state_freeze.ps1,8638,00DB339D41E201126D860A1F0D661D576C3EB02AC50DFF7D245A4B650BEFD59E,UTF-8 decoded; semantic review separate,PASS_WITH_SCOPE_AS_STATED
audit_tools/run_6013RP_phase17_gateC2B4_two_level_state_model.ps1,3804,BA1C63238F81701737E28372883D706EE54DA614FCCB72FC67C1B5D0BC8C5638,UTF-8 decoded; semantic review separate,PASS_WITH_SCOPE_AS_STATED
audit_tools/run_6013RP_phase17_gateC3A_abundance.ps1,3392,BCE3EB14AB5F18E54E3DC5B338F1A867A1EB7DA5A8B3E60D3C98C56D90B23394,UTF-8 decoded; semantic review separate,PASS_WITH_SCOPE_AS_STATED
audit_tools/run_6013RP_phase17_gateC3_metadata_design.ps1,4405,79889E1D66ED4840D43E0F4CE284D7952B1DA01D19D1D69557167D59652CFBC4,UTF-8 decoded; semantic review separate,PASS_WITH_SCOPE_AS_STATED
audit_tools/run_6013RP_phase17_gateC4A_raw_pseudobulk_freeze.ps1,4231,8850703966F830879A36337908175881DA26F07F1297DC541836C3DF27CD41A3,UTF-8 decoded; semantic review separate,PASS_WITH_SCOPE_AS_STATED
audit_tools/run_6013RP_phase17_gateC4B_prepare_edger.ps1,2176,86274C5E02C406E892E5A8BFEF53494D34F1C40B78A04FC4CAEB4593765DEDB7,UTF-8 decoded; semantic review separate,PASS_WITH_SCOPE_AS_STATED
audit_tools/run_6013RP_phase17_gateC4B_transcription.ps1,4423,420DEB5D1A35C64F458256C30AE82D7187C14A2FA03FDD81C72F8D23A12D8A05,UTF-8 decoded; semantic review separate,PASS_WITH_SCOPE_AS_STATED
audit_tools/run_6013RP_phase17_gateC5A_gse135779_freeze.ps1,2856,60AABC1498568FFDA586EF47DD5AE18C30A6F52E2C8367E78E2877CC89F4AF95,UTF-8 decoded; semantic review separate,PASS_WITH_SCOPE_AS_STATED
audit_tools/run_6013RP_phase17_gateC5B_external_validation.ps1,4904,C9054BF2EAD139B7B72BA91F6FB4BAC61033921FA325108FA98C0CA2CD604255,UTF-8 decoded; semantic review separate,PASS_WITH_SCOPE_AS_STATED
audit_tools/run_6013RP_phase17_gateC7_commit.ps1,2585,9E349A58399414758AB5A8B8CD237ED82E8895A29D0C17480F150B8B3D88153C,UTF-8 decoded; semantic review separate,PASS_WITH_SCOPE_AS_STATED
audit_tools/run_6013RP_phase17_gateC8BRF_author_release.ps1,8117,F64165B33765E928D630D3EF624FDD1266DF4914ACB932A2FB8D4B857E2882D3,UTF-8 decoded; semantic review separate,PASS_WITH_SCOPE_AS_STATED
audit_tools/run_6013RP_phase17_gateC8BRP_journal_facing_prefreeze.ps1,9232,CD9365980D5EB14CA7409E20DCCA56B4F5B09A132F3203670D0D343713DACD50,UTF-8 decoded; semantic review separate,PASS_WITH_SCOPE_AS_STATED
audit_tools/run_6013RP_phase17_gateC8BR_release_portability_preflight.ps1,9607,B025211523E76492401F8E730853629F8FB8019AF351D3E02D0810EDF5924131,UTF-8 decoded; semantic review separate,PASS_WITH_SCOPE_AS_STATED
audit_tools/run_6013RP_phase17_gateC8B_editorial_preflight.ps1,5361,B4B584E80AA6D4AB570383C79BE06E7D57C8FABA22F8CE4B420D9F2698878FAE,UTF-8 decoded; semantic review separate,PASS_WITH_SCOPE_AS_STATED
audit_tools/run_6013RP_phase17_gateC8R_submission_package.ps1,5930,D13FD0C818F024C5866269508E731A48541856A78565B135CCB8D74326B36987,UTF-8 decoded; semantic review separate,PASS_WITH_SCOPE_AS_STATED
audit_tools/run_6013RP_phase17_gateC8S_submission_package.ps1,5933,0A3550205D877C3AF9A52A9547180C9A7499407B64D4CF780048C3821116ADB9,UTF-8 decoded; semantic review separate,PASS_WITH_SCOPE_AS_STATED
audit_tools/run_6013RP_phase17_gateC8_submission_package.ps1,3575,4FB0D9C6A4DFC8918673AF3C2D975E3B7212A8ACDB7591ABA1B1B3D850C9D763,UTF-8 decoded; semantic review separate,PASS_WITH_SCOPE_AS_STATED
audit_tools/run_6013RP_phase17_gateC9_label_agnostic_gse135779.ps1,3720,E858DD2056440EB08CE9648CB55247AE14A25E94BB5A209A9E9E51B67CB66002,UTF-8 decoded; semantic review separate,PASS_WITH_SCOPE_AS_STATED
audit_tools/run_6013RP_round6_full_pipeline_identity_resampling.ps1,2009,5B1B386229DB89AEAB535153FE436AD03A431748E36B3F644977BD1AE273CE13,UTF-8 decoded; semantic review separate,PASS_WITH_SCOPE_AS_STATED
audit_tools/run_6013RP_round6_overlap_depletion.ps1,1067,DEEB40995D2B2F5B4F1A88AECF6E0F1A01F4EE01373B47BBDDA214E6FD5FC53E,UTF-8 decoded; semantic review separate,PASS_WITH_SCOPE_AS_STATED
audit_tools/run_6013RP_round6_r1_hold_integration.ps1,3137,461BA2A457A1D173FBBDD07F2ED8D658B8D85D4D548A59993ADA4AB40BEABD42,UTF-8 decoded; semantic review separate,PASS_WITH_SCOPE_AS_STATED
audit_tools/run_build_6013RP_phase17_review_pack.ps1,1210,0FE766D29B1EF3B5E3462C4C2DA56D3514D147FDA72DD80D8D51CCF89875E070,UTF-8 decoded; semantic review separate,PASS_WITH_SCOPE_AS_STATED
audit_tools/run_inspect_6013RP_h5ad_deep.ps1,1975,0C47824555D8851AAEDBF40EFF0F7694CEB4C39929591615302AA84FFF452BBC,UTF-8 decoded; semantic review separate,PASS_WITH_SCOPE_AS_STATED
audit_tools/test_phase17_c9_contracts.py,4883,F551DFFB4CAA7D6E95F68E6CD98191F596FB1EC0F465ECE78EE38B1A121D80DF,Python AST parsed; not executed,PASS_WITH_SCOPE_AS_STATED
audit_tools/test_phase17_postc9_documents.py,1924,567B2BC273F710EE46618D87A2B8F4F950F327EE997A2A6C111E994E8A95E3F5,Python AST parsed; not executed,PASS_WITH_SCOPE_AS_STATED
audit_tools/6013RP_phase17_gateC1_toolkit_2026-08-06/6013RP_phase17_gateAB_full_reassessment_2026-08-06.md,17127,8050B4510126DBC576866160F72461E426230411D05497CFD187B55F80753CC0,UTF-8 decoded; semantic review separate,PASS_WITH_SCOPE_AS_STATED
audit_tools/6013RP_phase17_gateC1_toolkit_2026-08-06/6013RP_phase17_gateAB_workflow_2026-08-06.md,1222,DD62D9697447C5D320FC538BED910FC7450C9B12531C3E56176658C9FBFB9F15,UTF-8 decoded; semantic review separate,PASS_WITH_SCOPE_AS_STATED
audit_tools/6013RP_phase17_gateC1_toolkit_2026-08-06/6013RP_phase17_v7_analysis_design_2026-08-06.md,9191,EABF0C6103DB1C8A2014D31B2C38C0D8B536F121907AA15B87CE8F43B56E4BC3,UTF-8 decoded; semantic review separate,PASS_WITH_SCOPE_AS_STATED
audit_tools/6013RP_phase17_gateC1_toolkit_2026-08-06/README_6013RP_phase17_gateC1.md,1612,9FE361E922D39ABA9E9465D6CCE6AC2378100DB04A0991E9C667029B9A5B725E,UTF-8 decoded; semantic review separate,PASS_WITH_SCOPE_AS_STATED
audit_tools/6013RP_phase17_gateC1_toolkit_2026-08-06/phase17_00_freeze_and_verify_inputs.py,5636,1BDAA70EF93D00B98284520135F2AEFFD40C9CB63B0ACDB514F13987039BB0AF,Python AST parsed; not executed,PASS_WITH_SCOPE_AS_STATED
audit_tools/6013RP_phase17_gateC1_toolkit_2026-08-06/phase17_01_metadata_hierarchy_audit.py,7365,8486C02B9A7669A3B725AAFAB383A8B9933775F49095ABD186A1D22AC4F53A15,Python AST parsed; not executed,PASS_WITH_SCOPE_AS_STATED
audit_tools/6013RP_phase17_gateC1_toolkit_2026-08-06/phase17_02_raw_count_qc_profile.py,9050,487D08709CF4E2CCD717EB21AC079A63384E235E8FC4493FEB4F03E0EFA7C484,Python AST parsed; not executed,PASS_WITH_SCOPE_AS_STATED
audit_tools/6013RP_phase17_gateC1_toolkit_2026-08-06/phase17_gateC1_config.json,506,4BBE097B1D9B19CAE13481358FB922DF5D374BFA72F234912789CC7225D04794,JSON parsed,PASS_WITH_SCOPE_AS_STATED
audit_tools/6013RP_phase17_gateC1_toolkit_2026-08-06/run_6013RP_phase17_gateC1.ps1,2427,BDADE3158D60C6C99276F8156C9FEC4A41949F3AB3695A9C43FB1DB8B2E8EBAB,UTF-8 decoded; semantic review separate,PASS_WITH_SCOPE_AS_STATED
audit_tools/6013RP_phase17_preflight_toolkit_2026-08-06/6013RP_audit_interpretation_next_stage_2026-08-06.md,5918,AD49E3C479523870EA996E2E1D9BA7061EA5294CCF964F14499A3940B45127A1,UTF-8 decoded; semantic review separate,PASS_WITH_SCOPE_AS_STATED
audit_tools/6013RP_phase17_preflight_toolkit_2026-08-06/README_6013RP_phase17_preflight.md,1118,EDE8BAD8628AAB0473C5BE16CACE66C16E88D8FA9E9222BF6AE95151229BEF10,UTF-8 decoded; semantic review separate,PASS_WITH_SCOPE_AS_STATED
audit_tools/6013RP_phase17_preflight_toolkit_2026-08-06/build_6013RP_phase17_review_pack.py,11711,275956B2F45EB13174BED1A9B937BAAE94D74F77A619E696934212202F6AC246,Python AST parsed; not executed,PASS_WITH_SCOPE_AS_STATED
audit_tools/6013RP_phase17_preflight_toolkit_2026-08-06/inspect_6013RP_h5ad_deep.py,11514,FE0E847285DB5FD6E765CDCD544A9FB58991DAB45CD6772593567DF94FB7BF8C,Python AST parsed; not executed,PASS_WITH_SCOPE_AS_STATED
audit_tools/6013RP_phase17_preflight_toolkit_2026-08-06/run_build_6013RP_phase17_review_pack.ps1,1210,0FE766D29B1EF3B5E3462C4C2DA56D3514D147FDA72DD80D8D51CCF89875E070,UTF-8 decoded; semantic review separate,PASS_WITH_SCOPE_AS_STATED
audit_tools/6013RP_phase17_preflight_toolkit_2026-08-06/run_inspect_6013RP_h5ad_deep.ps1,1975,0C47824555D8851AAEDBF40EFF0F7694CEB4C39929591615302AA84FFF452BBC,UTF-8 decoded; semantic review separate,PASS_WITH_SCOPE_AS_STATED
audit_tools/6013RP_wyf_project_audit_toolkit_2026-08-06/README_6013RP_wyf_audit.md,2709,C01F95611B5B4A9D8E4CE5F9753EA23E92C38877A85C2A0E4928C1C5E416F6FF,UTF-8 decoded; semantic review separate,PASS_WITH_SCOPE_AS_STATED
audit_tools/6013RP_wyf_project_audit_toolkit_2026-08-06/audit_6013RP_wyf.py,60471,D0BD14AF73FA715E5D7437DCAC53574BF2E29CCEFE6A6C4B80F559D90933FEF2,Python AST parsed; not executed,PASS_WITH_SCOPE_AS_STATED
audit_tools/6013RP_wyf_project_audit_toolkit_2026-08-06/run_6013RP_wyf_audit.ps1,4358,E0907DDCDC5AAA931C3EFF5646F38F7612D6D5187CA2EF0082BF36BD438D8FFF,UTF-8 decoded; semantic review separate,PASS_WITH_SCOPE_AS_STATED
audit_tools/6013RP_wyf_project_audit_toolkit_2026-08-06/workflow_6013RP_audit_script_2026-08-06.md,1492,270493F36FCA1571BF65664E59231424E3501D7D2575ED6CA16252726B7C6ABF,UTF-8 decoded; semantic review separate,PASS_WITH_SCOPE_AS_STATED
Data/README.md,2405,35485CCD905FDA250FE199B10FD74C1FA066BE4C7AC14A432FD5156DBC3E652B,UTF-8 decoded; semantic review separate,PASS_WITH_SCOPE_AS_STATED
Data/processed/GSE135779_nehar_validation/source/GSE135779_RAW.tar,1299783680,B5764C303AC76873738D6E05B6992277FCD6A14BF5BFCB27331E54DCBCAC619B,SHA-256 and size only; no semantic-content assertion,PASS_WITH_SCOPE_AS_STATED
Data/processed/GSE135779_nehar_validation/source/GSE135779_genes.tsv.gz,257271,53D571FC7422E854D4884D6497106EA7C138AD776012598713E7C72B0AF1D23C,parsed 32737 data rows; 2 columns,PASS_WITH_SCOPE_AS_STATED
Data/processed/GSE135779_nehar_validation/source/GSE135779_series_matrix.txt.gz,5465,D67CF12219EF7C85A1E48DA2452CA0C2A69F46844D309DD353D491B791B2E333,SHA-256 and size only; no semantic-content assertion,PASS_WITH_SCOPE_AS_STATED
Data/processed/GSE135779_nehar_validation/source/Meta_cSLE_processed_0809202_small.csv,20902801,5704FC8626A7AEBF113D933D49A6275BE02CE1AC9FDFE7724E92D81DCD897A15,parsed 252279 data rows; 9 columns,PASS_WITH_SCOPE_AS_STATED
Data/processed/GSE135779_nehar_validation/source/Meta_caSLE_processed_08092021_small.csv,22285464,B3530E5E222BFC0EF81A1F1B63A8FABC345B03A53CD0CF922D39C2950C85E25F,parsed 332641 data rows; 6 columns,PASS_WITH_SCOPE_AS_STATED
Data/processed/GSE135779_nehar_validation/source/libaries.csv,540,3A854C6D571616FE04299AE3C5052988C076E7F390608D0F5D2C18ABD17D7125,ValueError: Ragged CSV row 14: 1 vs 2,REVIEW
PAPER/2025.04.27.649460v1.full.pdf,3470888,F0B715F6811C45083A4DA288F296A6F09756E669C6C8BCB50B082A69FB045FA6,PDF parsed; 29 pages,PASS_WITH_SCOPE_AS_STATED
PAPER/Single-cell landscape of immune cells in multiple autoimmune diseases.pdf,8156394,815EFCEB54E45853CADA4162E17A38790585A6B18D8F009ACD7E160547C8C1BB,PDF parsed; 22 pages,PASS_WITH_SCOPE_AS_STATED
PAPER/s41467-022-35209-1.pdf,6772596,E58B7F9BB6E5803F95B8A8FF34CDE2126BDFA8C670CC88E7AD0973639131A878,PDF parsed; 17 pages,PASS_WITH_SCOPE_AS_STATED
PAPER/science.abf1970.pdf,8771095,C8B64CFFCD593E26CD732332D8572C32A65AE0BFD6B5DB473462E72999325C9D,PDF parsed; 15 pages,PASS_WITH_SCOPE_AS_STATED
PAPER/science.abf3041.pdf,7759228,CE65DFA0B20DB938F25CBE4BD031C2DA095C66A0081A4113274A182FFBF81C42,PDF parsed; 15 pages,PASS_WITH_SCOPE_AS_STATED
PAPER/science.adf8531.pdf,4937654,CF7D9FCAA4C2BFAC61D10B41993F294AC41B9CE7F98F2B7C59AE417D53430D06,PDF parsed; 9 pages,PASS_WITH_SCOPE_AS_STATED
PAPER/science.adt3130.pdf,8090695,6C698E03E21820B77B2F01969FF0B5530414C07EE3A0F89EA6258377AF0C8F87,PDF parsed; 25 pages,PASS_WITH_SCOPE_AS_STATED
PAPER/scitranslmed.adu6015.pdf,2660767,EF372BFE3DFBBD73BBF5CDDDA80D99B020EC5F217D87B5F581FACC740B94B44E,PDF parsed; 15 pages,PASS_WITH_SCOPE_AS_STATED
PAPER/scitranslmed.ady0210.pdf,5062079,4AECA301809F1F4E844EB01C755DDF87EE1C324AC3920548FF3250810F835DF8,PDF parsed; 19 pages,PASS_WITH_SCOPE_AS_STATED
phase17_v7/gateC1/_LATEST_GATE_C1.txt,86,76660A5661E5ABEE9F76B3DFC8848B174AB703CA7A4EA37DC5D8D6FB72C42117,UTF-8 decoded; semantic review separate,PASS_WITH_SCOPE_AS_STATED
phase17_v7/gateC1/20260806_132230/00_INPUT_FREEZE_SUMMARY.md,442,7E9332604E98CAA5E6BE151D0A79BF5EB6CDF39F7D17AF2B1260BC7914FE0522,UTF-8 decoded; semantic review separate,PASS_WITH_SCOPE_AS_STATED
phase17_v7/gateC1/20260806_132230/00_input_manifest.csv,1111,29DC3E0CCEAE5C1983FC7B9AB4BD8BA1206D710DA12771B7B13196FAA771CD48,parsed 1 data rows; 16 columns,PASS_WITH_SCOPE_AS_STATED
phase17_v7/gateC1/20260806_132230/00_input_manifest.json,1243,BF80F960F00203D10B329341083885380D702113CB7CD1EC56C10124A0187A08,JSON parsed,PASS_WITH_SCOPE_AS_STATED
phase17_v7/gateC1/20260806_132230/01_METADATA_HIERARCHY_SUMMARY.md,427,BBC6E5CECACB52B31C29DF7C31C67874E86DD4D99B4C0B35999A7F482E989E31,UTF-8 decoded; semantic review separate,PASS_WITH_SCOPE_AS_STATED
phase17_v7/gateC1/20260806_132230/01_sample_manifest.csv,92534,18D60FCB15B8788F5361B3EAB12328B70857DD26BE6F1679C150D64401674450,parsed 271 data rows; 20 columns,PASS_WITH_SCOPE_AS_STATED
phase17_v7/gateC1/20260806_132230/02_donor_manifest.csv,100697,133A888C1BD5D9851705B9D576917DA3AFCB257D01425B87D5A87520E0034583,parsed 259 data rows; 23 columns,PASS_WITH_SCOPE_AS_STATED
phase17_v7/gateC1/20260806_132230/03_library_manifest.csv,7661,48D9F829A9A32B470140EA1E6BE5A3E977EA6E1DE66E70E04696280813A1AF23,parsed 88 data rows; 6 columns,PASS_WITH_SCOPE_AS_STATED
phase17_v7/gateC1/20260806_132230/04_cohort_disease_common_support.csv,464,41EFA9E3310F6AF69FB5B542D7F863D92C1C6D51A5D15FC65EF0F2DE6E1E21AF,parsed 13 data rows; 4 columns,PASS_WITH_SCOPE_AS_STATED
phase17_v7/gateC1/20260806_132230/05_repeated_donor_manifest.csv,6197,17C677E7C2F9F375ACFE1DE4F40CBFEB9C6458BFC49A1EE92A7804E01CB90D8B,parsed 11 data rows; 23 columns,PASS_WITH_SCOPE_AS_STATED
phase17_v7/gateC1/20260806_132230/06_metadata_conflicts.csv,138053,EE2ABCCEFF2A5C4338893F794DC2BCE3454BEEACA00F3240FBD1803094C2050F,parsed 663 data rows; 5 columns,PASS_WITH_SCOPE_AS_STATED
phase17_v7/gateC1/20260806_134213_hotfix_v1_1/00_INPUT_FREEZE_SUMMARY.md,442,7E9332604E98CAA5E6BE151D0A79BF5EB6CDF39F7D17AF2B1260BC7914FE0522,UTF-8 decoded; semantic review separate,PASS_WITH_SCOPE_AS_STATED
phase17_v7/gateC1/20260806_134213_hotfix_v1_1/00_input_manifest.csv,1111,29DC3E0CCEAE5C1983FC7B9AB4BD8BA1206D710DA12771B7B13196FAA771CD48,parsed 1 data rows; 16 columns,PASS_WITH_SCOPE_AS_STATED
phase17_v7/gateC1/20260806_134213_hotfix_v1_1/00_input_manifest.json,1243,BF80F960F00203D10B329341083885380D702113CB7CD1EC56C10124A0187A08,JSON parsed,PASS_WITH_SCOPE_AS_STATED
phase17_v7/gateC1/20260806_134213_hotfix_v1_1/01_METADATA_HIERARCHY_SUMMARY.md,560,06A6C34227E9246679D5A66396D76C95D25040F21127A6FAFBD1E3E8559E7A1E,UTF-8 decoded; semantic review separate,PASS_WITH_SCOPE_AS_STATED
phase17_v7/gateC1/20260806_134213_hotfix_v1_1/01_sample_manifest.csv,94420,B724C2EC2D9767EE2FC94AA8D2CAEF3B484B11D2FFE02235E077899A78C940B0,parsed 271 data rows; 21 columns,PASS_WITH_SCOPE_AS_STATED
phase17_v7/gateC1/20260806_134213_hotfix_v1_1/02_RAW_COUNT_QC_SUMMARY.md,511,4459A62F752BD00F980D6D64BD1A730909DA2BF7455C01A92AFB266A9E48C54C,UTF-8 decoded; semantic review separate,PASS_WITH_SCOPE_AS_STATED
phase17_v7/gateC1/20260806_134213_hotfix_v1_1/02_donor_manifest.csv,101039,9A10E0C85505B1B58B5E54B142DD5DB8B71C1C8AF14C104DF5384EBD3350B1E5,parsed 259 data rows; 23 columns,PASS_WITH_SCOPE_AS_STATED
phase17_v7/gateC1/20260806_134213_hotfix_v1_1/03_library_manifest.csv,73998,EBA4D1D0496CF673698556E404191B9D29433D7A05C5325CE9D9CF860E2A5745,parsed 88 data rows; 12 columns,PASS_WITH_SCOPE_AS_STATED
phase17_v7/gateC1/20260806_134213_hotfix_v1_1/04_cohort_disease_common_support.csv,564,F78FD7F77D5D29C4AC21814292D6836491FDA98D563669EF34D9873D44BEAAB0,parsed 7 data rows; 10 columns,PASS_WITH_SCOPE_AS_STATED
phase17_v7/gateC1/20260806_134213_hotfix_v1_1/05_repeated_donor_manifest.csv,6291,697FB12E4F9CBAC5E36BF4819EAD2E574BC1B2312C3E751531279FE96281079B,parsed 11 data rows; 23 columns,PASS_WITH_SCOPE_AS_STATED
phase17_v7/gateC1/20260806_134213_hotfix_v1_1/06_metadata_conflicts.csv,50,5ED234A284A4DC028C288DDC8077DE37E05BA8E26B1CA29A2DB0CD9CED8339E4,parsed 0 data rows; 6 columns,PASS_WITH_SCOPE_AS_STATED
phase17_v7/gateC1/20260806_134213_hotfix_v1_1/07_sample_library_manifest.csv,168475,6C30727F5B1C33FAE2877CC2B2B25DDDDF2D387620B6502FD134DC5E27381033,parsed 1373 data rows; 9 columns,PASS_WITH_SCOPE_AS_STATED
phase17_v7/gateC1/20260806_134213_hotfix_v1_1/08_sample_cohort_manifest.csv,31350,9E7AE30DF8DF929180C5CA81F66BED151EA32ACC091C13BC30EB982FBB3241F2,parsed 332 data rows; 9 columns,PASS_WITH_SCOPE_AS_STATED
phase17_v7/gateC1/20260806_134213_hotfix_v1_1/09_relationship_flags.csv,86029,3E14030E4B8EB3E631509AB74D66EDF16034DD5EDC84866A6CFBF48F14BC4067,parsed 271 data rows; 9 columns,PASS_WITH_SCOPE_AS_STATED
phase17_v7/gateC1/20260806_134213_hotfix_v1_1/11_sample_qc_summary.csv,252509,1502B29D00DAA8389CC24ADF58DAD70642D171CF51F65BBFEA18DB4E1EA3151E,parsed 271 data rows; 82 columns,PASS_WITH_SCOPE_AS_STATED
phase17_v7/gateC1/20260806_134213_hotfix_v1_1/12_library_qc_summary.csv,82510,1783CD1D97CE6F2625D2AC19C58249ECD15735B37AA36DD66A28D4F94793B88F,parsed 88 data rows; 82 columns,PASS_WITH_SCOPE_AS_STATED
phase17_v7/gateC1/20260806_134213_hotfix_v1_1/13_sample_qc_candidate_thresholds.csv,78322,00E49AA42ACB28CC542028E003DD412721350FA1DB9A0278396708AC26EA5868,parsed 271 data rows; 18 columns,PASS_WITH_SCOPE_AS_STATED
phase17_v7/gateC1/20260806_134213_hotfix_v1_1/14_library_qc_candidate_thresholds.csv,25788,26BA6770644093EA55375CFDA6BC454DCC4B8B678486515576C1A2405C0C5E5E,parsed 88 data rows; 18 columns,PASS_WITH_SCOPE_AS_STATED
phase17_v7/gateC1/20260806_134213_hotfix_v1_1/15_strict_common_support_reaudit.csv,141,1B374DEA672EDA7C81F0C83DF904B7AB4FA1001A40A1032E77E7B33C3AA61DD4,parsed 8 data rows; 3 columns,PASS_WITH_SCOPE_AS_STATED
phase17_v7/gateC1/20260806_134213_hotfix_v1_1/16_STRICT_COMMON_SUPPORT_ERRATUM.md,1243,CED043EA39A276A22AEA317A2C6F4898D1FA3D42B65E96BF4F7CAF9457050A67,UTF-8 decoded; semantic review separate,PASS_WITH_SCOPE_AS_STATED
phase17_v7/gateC1/20260806_134213_hotfix_v1_1/WORKFLOW_GATE_C1_HOTFIX_V1_1.md,435,959BA2A1D401B0A2BCBC843BABE72805625A58FEF9500F7D2DAF9250F92D5313,UTF-8 decoded; semantic review separate,PASS_WITH_SCOPE_AS_STATED
phase17_v7/gateC2A/_LATEST_GATE_C2A.txt,78,37C68E1C47CE88822A5A4C6BDACC02C91C8188A61C12E47B2823843B3F4DD18F,UTF-8 decoded; semantic review separate,PASS_WITH_SCOPE_AS_STATED
phase17_v7/gateC2A/20260810_164012_smoke/00_config.json,509,E45CCE49D37AAD0A84225AE3D5D679AF912AD4259C7CAA0D04D4157F5B764375,JSON parsed,PASS_WITH_SCOPE_AS_STATED
phase17_v7/gateC2A/20260810_164012_smoke/02_qc_retention_summary.csv,483,3F828103E7CDBEC934A5C5F814471FC71A9D4115C4ACF4CF99FC5F1790906695,parsed 7 data rows; 6 columns,PASS_WITH_SCOPE_AS_STATED
phase17_v7/gateC2A/20260810_164012_smoke/04_smoke_selection_summary.csv,106767,8B3C43AADB4974C78D443EEF58E77205E00250F646932F2C7EA61299C4D24E4A,parsed 1373 data rows; 3 columns,PASS_WITH_SCOPE_AS_STATED
phase17_v7/gateC2A/20260810_164012_smoke/06_scrublet_library_summary.csv,7811,D214D85931E6A63026047E4C8FC842F119B583DC0027ED414F86E6FC380FA924,parsed 88 data rows; 7 columns,PASS_WITH_SCOPE_AS_STATED
phase17_v7/gateC2A/20260810_164012_smoke/07_batch_mixing_metrics.csv,699,C61FBD74B9F0D31AB8D16D5A627A1B98C3FC676F5C50C0F30C5E58CF67E59E14,parsed 6 data rows; 6 columns,PASS_WITH_SCOPE_AS_STATED
phase17_v7/gateC2A/20260810_164012_smoke/08_cluster_coverage.csv,3335,3C0C0190C1CAD4069811DF4DE9AEBA0212E414F2D607D60CB91E81057C047F5B,parsed 49 data rows; 9 columns,PASS_WITH_SCOPE_AS_STATED
phase17_v7/gateC2A/20260810_164012_smoke/09_marker_scores_by_cluster.csv,2718,0A69A01FD7310FAA778AD279B96C12EE901865E40B73D7F9A604E492AAA4F9AA,parsed 7 data rows; 22 columns,PASS_WITH_SCOPE_AS_STATED
phase17_v7/gateC2A/20260810_164012_smoke/13_GATE_C2A_SUMMARY.json,295,0BE68E75D23055F78953AF7A71DAD22C75EB1B36FE81F0E6CBD40DA032E7D697,JSON parsed,PASS_WITH_SCOPE_AS_STATED
phase17_v7/gateC2A/20260810_164012_smoke/14_resolution_stability_posthoc.csv,381,B9C94EF99D0B35F1A06D580A1348B85452460496D6CDEA8227873C52E2CB525A,parsed 5 data rows; 6 columns,PASS_WITH_SCOPE_AS_STATED
phase17_v7/gateC2A/20260810_164012_smoke/15_protected_disease_balance_posthoc.csv,688,FE68FBC54E09C256AC32C3D7A260531D430025405DD46DD362F9C8FC7620ACB9,parsed 14 data rows; 4 columns,PASS_WITH_SCOPE_AS_STATED
phase17_v7/gateC2A/20260810_164012_smoke/16_GATE_C2A_DECISION.md,2083,D325DE9A0DFC6FD6E5941C1E91FB386A431820B4FE651BC56B2F4E43DC88EA8F,UTF-8 decoded; semantic review separate,PASS_WITH_SCOPE_AS_STATED
phase17_v7/gateC2A/20260810_164012_smoke/17_GATE_C2A_DECISION.json,803,B0E645BB3F7E85934B1EE9D1C56B9D26C838A7FDA0903FC4693FBD4E550E6364,JSON parsed,PASS_WITH_SCOPE_AS_STATED
phase17_v7/gateC2A/20260810_164012_smoke/figures/harmony_Processing_Cohort.png,583000,605464FFAF13EE3CE2FA4475B8BEF6F4E004A5FCDBD5E80BB161CB9BA6F1226B,Image decoded and verified,PASS_WITH_SCOPE_AS_STATED
phase17_v7/gateC2A/20260810_164012_smoke/figures/harmony_leiden_harmony_r0_6.png,476252,4814216327F8BDA098A60310850AEE74C5BAFE94F36E499EAE7EF382A5AB8032,Image decoded and verified,PASS_WITH_SCOPE_AS_STATED
phase17_v7/gateC2A/20260810_164012_smoke/figures/harmony_library_uuid.png,1198052,81C8B1945A9CDFA5A3F0E8758A4BE03AA43CB61DFDC50A06572AE15100C0D2E3,Image decoded and verified,PASS_WITH_SCOPE_AS_STATED
phase17_v7/gateC2A/20260810_164012_smoke/figures/marker_dotplot_r06.png,192694,09D19285D404AB1871E0D4A220A43F743F7ACF3737A36247F2F7D631DCC707F1,Image decoded and verified,PASS_WITH_SCOPE_AS_STATED
phase17_v7/gateC2A/20260810_164012_smoke/figures/unintegrated_Processing_Cohort.png,689684,DDE22D45C41084FE7E195E61D2FD7167F4C2E2EBDADC8B104571006EF96FA099,Image decoded and verified,PASS_WITH_SCOPE_AS_STATED
phase17_v7/gateC2A/20260810_164012_smoke/figures/unintegrated_leiden_harmony_r0_6.png,685192,49D2A05C132E7F4326C01B20CB11C7304FD488ED844F889DF893A947E1703254,Image decoded and verified,PASS_WITH_SCOPE_AS_STATED
phase17_v7/gateC2A/20260810_164012_smoke/figures/unintegrated_library_uuid.png,1362539,47681F739D088CAC250EC5CF7D1712EFAEF366D66B6ED7B120264CA658847081,Image decoded and verified,PASS_WITH_SCOPE_AS_STATED
phase17_v7/gateC2B1/_CURRENT_GATE_C2B1.txt,146,094C9C07997525BA0B41FE4D3508336E062551790D5BAE8132670412AF8DCB01,UTF-8 decoded; semantic review separate,PASS_WITH_SCOPE_AS_STATED
phase17_v7/gateC2B1/_LATEST_GATE_C2B1.txt,66,665A4F7437506D64BB72F90010A90F52D9378616180353582776D1C46FF38AB7,UTF-8 decoded; semantic review separate,PASS_WITH_SCOPE_AS_STATED
phase17_v7/gateC2B1/20260810_171000_full_library_doublets/00_full_config.json,527,453FE716442C44AA34C5CBB2AFCC681593B82DB24D5047F19A364C6DDBBD0CDB,JSON parsed,PASS_WITH_SCOPE_AS_STATED
phase17_v7/gateC2B1/20260810_171000_full_library_doublets/02_full_qc_retention_summary.csv,485,EC6F436AC354D716182253B61A045C1EEC91D06BBD4F9BDF197705768DA91379,parsed 7 data rows; 6 columns,PASS_WITH_SCOPE_AS_STATED
phase17_v7/gateC2B1/20260810_171000_full_library_doublets/04_full_raw_counts.h5ad,270671628,DC3E96BCC53B52D5C53CC0515EE352DC414AE81340032108830408E06F244AD5,SHA-256 and size only; no semantic-content assertion,PASS_WITH_SCOPE_AS_STATED
phase17_v7/gateC2B1/20260810_171000_full_library_doublets/05_full_library_doublet_summary.csv,11524,A175BD9C014CAF273B3E0E596BCD5572DCBC86A921A2E1272A33DBBCDB30E890,parsed 88 data rows; 9 columns,PASS_WITH_SCOPE_AS_STATED
phase17_v7/gateC2B1/20260810_171000_full_library_doublets/07_GATE_C2B1_DOUBLET_REVIEW.json,795,9271EB6DADEDA7E0E15F5EF7DBAC1E4D1C8981424F025FD151328EDF77B9ECDC,JSON parsed,PASS_WITH_SCOPE_AS_STATED
phase17_v7/gateC2B1/20260810_171000_full_library_doublets/08_GATE_C2B1_DOUBLET_REVIEW.md,957,4E3F6717D40B5A66B843E434ED559FC7637C8E07B558C4375DE6A19FD2A9932A,UTF-8 decoded; semantic review separate,PASS_WITH_SCOPE_AS_STATED
phase17_v7/gateC2B1/20260810_171000_full_library_doublets/09_GATE_C2B1_PREPARATION_STATUS.md,1824,DBCF52D849DAC0B1D0457E5062BB105BB7CB698992F2872A3AE3E341A4BBB184,UTF-8 decoded; semantic review separate,PASS_WITH_SCOPE_AS_STATED
phase17_v7/gateC2B1/20260810_171000_full_library_doublets/11_residual_doublet_module_coverage.csv,289,F1118565982B0DF7CA58CA974BDA81A80F480FC6CE2A552EAFFF5D81DF97B75B,parsed 5 data rows; 4 columns,PASS_WITH_SCOPE_AS_STATED
phase17_v7/gateC2B1/20260810_171000_full_library_doublets/12_residual_doublet_group_summary.csv,1439,6E0C4EF7E8DB66D16CCE1EFCC4F5FD31B0BCACA8A7230A91CF904CC02AD5D5BF,parsed 18 data rows; 6 columns,PASS_WITH_SCOPE_AS_STATED
phase17_v7/gateC2B1/20260810_171000_full_library_doublets/13_residual_doublet_score_correlations.csv,567,D32A6B410F87D1A505B6EED4A689C420260E2E421D25396FF03D70936F715DA0,parsed 8 data rows; 4 columns,PASS_WITH_SCOPE_AS_STATED
phase17_v7/gateC2B1/20260810_171000_full_library_doublets/14_residual_doublet_library_review.csv,13495,92BD97D938EE6E45A240D18C58F95FA0C5FFC997F2F8C25B5FFA86183379C5B9,parsed 88 data rows; 12 columns,PASS_WITH_SCOPE_AS_STATED
phase17_v7/gateC2B1/20260810_171000_full_library_doublets/15_GATE_C2B1_RESIDUAL_DOUBLET_ASSESSMENT.md,1139,4855EEDE0FA0965FF73394C8F753B396F1C5562A5118FB8BC3284AB5C039A54F,UTF-8 decoded; semantic review separate,PASS_WITH_SCOPE_AS_STATED
phase17_v7/gateC2B1/20260810_171000_full_library_doublets/16_GATE_C2B1_DECISION.md,1890,F31CAE7C8CE66B448AB169ADC3FFC1C1CD8FB0851D4B49924B6270F888D6D619,UTF-8 decoded; semantic review separate,PASS_WITH_SCOPE_AS_STATED
phase17_v7/gateC2B1/20260810_171000_full_library_doublets/17_GATE_C2B1_DECISION.json,2244,3A92D319FBBFCA0CCFC1661AE8E2871FCCBE8FF08CD0A274609E6BC655EBB48A,JSON parsed,PASS_WITH_SCOPE_AS_STATED
phase17_v7/gateC2B1/20260810_171000_full_library_doublets/figures/full_library_doublet_diagnostics.pdf,15055,122E601EF97BA2E4CB1DB72C9B85F90C77C4F585067CA906B6D17F2B59ECB7F6,PDF parsed; 1 pages,PASS_WITH_SCOPE_AS_STATED
phase17_v7/gateC2B1/20260810_171000_full_library_doublets/figures/full_library_doublet_diagnostics.png,64117,56BF373BDBF39D1795027C8384C4CC8BD50B2B55274A1132B3B4EF6E055A774D,Image decoded and verified,PASS_WITH_SCOPE_AS_STATED
phase17_v7/gateC2B1/20260810_171000_full_library_doublets/figures/residual_doublet_multimetric_review.pdf,28687,CC934CDCBAC851E4346813423E52B16C7C036F6343D2BC6F80EEC9D87B0BAB63,PDF parsed; 1 pages,PASS_WITH_SCOPE_AS_STATED
phase17_v7/gateC2B1/20260810_171000_full_library_doublets/figures/residual_doublet_multimetric_review.png,208108,948CCF3A2E864F1BE49A77E4FE4DF51323D82EA64CFDC5D49C5CDC461F53C624,Image decoded and verified,PASS_WITH_SCOPE_AS_STATED
phase17_v7/gateC2B2/_LATEST_GATE_C2B2.txt,61,B7D591A73974CCAA6FB20A58711D369D910267B14DDC54DCBCC8986714D48F17,UTF-8 decoded; semantic review separate,PASS_WITH_SCOPE_AS_STATED
phase17_v7/gateC2B2/20260812_full_representation/01_hvg_recurrence_table.csv,2600802,48366710F5D213043671F3CB79CE39AFC319786C29639A8214EE536EC923A1B6,parsed 16357 data rows; 18 columns,PASS_WITH_SCOPE_AS_STATED
phase17_v7/gateC2B2/20260812_full_representation/02_hvg_branch_summary.csv,210,24D7B444AA4533F7E50FD4FFAE29ADA5B96135D27347E80684962EC49F46E2AA,parsed 2 data rows; 8 columns,PASS_WITH_SCOPE_AS_STATED
phase17_v7/gateC2B2/20260812_full_representation/02b_feature_space_sensitivity_availability.csv,466,7CC24AC268CE87F12A0DCDFBBE657E4472BD1C5A06944676632C1030EC4965DD,parsed 1 data rows; 8 columns,PASS_WITH_SCOPE_AS_STATED
phase17_v7/gateC2B2/20260812_full_representation/04_GATE_C2B2_PREPARATION.json,1526,62F0B697311CE5349699493235372638E1B2B080D6161FFD00A22E879D4285C9,JSON parsed,PASS_WITH_SCOPE_AS_STATED
phase17_v7/gateC2B2/20260812_full_representation/05_GATE_C2B2_PREPARATION.md,775,42B5F7EA4DD815187DD0E6672ED6AC5DF79EAC29CA437AC657075C413E59EBC2,UTF-8 decoded; semantic review separate,PASS_WITH_SCOPE_AS_STATED
phase17_v7/gateC2B2/20260812_full_representation/06_primary_all_cells_representation.h5ad,114432893,594A040FC483973B38B744D5D0E526633D7F1C91F2544D34C28D35F2084E3AFB,SHA-256 and size only; no semantic-content assertion,PASS_WITH_SCOPE_AS_STATED
phase17_v7/gateC2B2/20260812_full_representation/10_primary_neighbor_mixing.csv,769,DF4AB41D6C4C8A0B4B9A1CEFC058A7D54621A6D4D0B00DE78D23EF469012905C,parsed 6 data rows; 7 columns,PASS_WITH_SCOPE_AS_STATED
phase17_v7/gateC2B2/20260812_full_representation/11_primary_bridge_centroid_distances.csv,14777,C31622F5C13D0D8532DD95F2E70EE5F6AE2D83F159F4C168410521E8C641E027,parsed 138 data rows; 8 columns,PASS_WITH_SCOPE_AS_STATED
phase17_v7/gateC2B2/20260812_full_representation/12_primary_cluster_coverage.csv,2701,996A237CBC549FB3B1AB276C855466ED99451559B2473B9C35779196391D8665,parsed 40 data rows; 9 columns,PASS_WITH_SCOPE_AS_STATED
phase17_v7/gateC2B2/20260812_full_representation/13_residual_risk_localization.csv,3073,6B903BCD16603D5E92335AB4734BAEFE38EC2B5DEDB557A25C77741644C6AC6C,parsed 40 data rows; 7 columns,PASS_WITH_SCOPE_AS_STATED
phase17_v7/gateC2B2/20260812_full_representation/14_branch_and_resolution_concordance.csv,1684,2174E9C1EC6A3DCD797E91B29E3AAC9980CB3D0E62112E444ADF19DF09079987,parsed 17 data rows; 7 columns,PASS_WITH_SCOPE_AS_STATED
phase17_v7/gateC2B2/20260812_full_representation/16_GATE_C2B2_FIT_SUMMARY.json,1722,A9A4F2ED95A8A34857092662D2492FAD4A0D7AFAE72DED8827D53406A6DE2858,JSON parsed,PASS_WITH_SCOPE_AS_STATED
phase17_v7/gateC2B2/20260812_full_representation/17_GATE_C2B2_FIT_STATUS.md,568,3F9979675B8EF4FD511B8EFE68485E4B18B24CE1B5B4338D322C4F4EB98AB120,UTF-8 decoded; semantic review separate,PASS_WITH_SCOPE_AS_STATED
phase17_v7/gateC2B2/20260812_full_representation/18_marker_coverage.csv,1869,511561DD81C42AA684C9165B8E2219ADBD7128A094749E1E3ACAB44BDECBB5F9,parsed 51 data rows; 4 columns,PASS_WITH_SCOPE_AS_STATED
phase17_v7/gateC2B2/20260812_full_representation/19_marker_gene_by_cluster.csv,13013,52F7D3A33F4CC503E37934C8C3784BA2238C8B686D18A54AD6B22E469D711625,parsed 245 data rows; 5 columns,PASS_WITH_SCOPE_AS_STATED
phase17_v7/gateC2B2/20260812_full_representation/20_marker_module_by_cluster.csv,2942,65C851EE8344FF2BB5B3ACEEB87127A342CEE5D0D43C0E8E780F1ED719FC30E4,parsed 50 data rows; 6 columns,PASS_WITH_SCOPE_AS_STATED
phase17_v7/gateC2B2/20260812_full_representation/21_GATE_C2B2_REVIEW.md,1921,0054F4BE3D4008C0C3BC8D6D7681283C0E25E2D0C61CD022606323580FAE107D,UTF-8 decoded; semantic review separate,PASS_WITH_SCOPE_AS_STATED
phase17_v7/gateC2B2/20260812_full_representation/22_GATE_C2B2_REVIEW.json,2609,CD7BFE71FC5EC5C497346B9DAF31D06A1D8531AC2BCA1F827E16454C9C4346DB,JSON parsed,PASS_WITH_SCOPE_AS_STATED
phase17_v7/gateC2B2/20260812_full_representation/23_marker_gene_all_resolutions.csv,107930,75875E70728E878E2EF052A42D7FF4D45BC12F354F6DA7BF431191681B5450FB,parsed 1960 data rows; 6 columns,PASS_WITH_SCOPE_AS_STATED
phase17_v7/gateC2B2/20260812_full_representation/24_marker_module_all_resolutions.csv,24164,B3692276D91C56808E9E28864C83BCBCC2EAB531B068450FB59829B74B21A82A,parsed 400 data rows; 7 columns,PASS_WITH_SCOPE_AS_STATED
phase17_v7/gateC2B2/20260812_full_representation/25_gate_c2b2_resolution_advisor_table.csv,1039,ADAB659DE52BBABB7F7A0B54E18EBE75FE476559EB4812E3E431D57DBBD2AD38,parsed 6 data rows; 13 columns,PASS_WITH_SCOPE_AS_STATED
phase17_v7/gateC2B2/20260812_full_representation/26_GATE_C2B2_ADVISOR_DECISION.json,2118,B80EE3FB1287F9BA18D6A6AF09ADE4BDD8F9553C749987853A4DDC1C721B975B,JSON parsed,PASS_WITH_SCOPE_AS_STATED
phase17_v7/gateC2B2/20260812_full_representation/26_GATE_C2B2_ADVISOR_DECISION.md,1826,11E903620AF1164FC29B5EA8CB658EE4582F10320B5ADDB3A6D2AC2375CAB49C,UTF-8 decoded; semantic review separate,PASS_WITH_SCOPE_AS_STATED
phase17_v7/gateC2B2/20260812_full_representation/27_gate_c2b2_integrity_manifest.csv,3474,129889286E11FADE84CA7CABE265E9BBC84BB1934F1417BE204EADAB5CF8D44B,parsed 32 data rows; 3 columns,PASS_WITH_SCOPE_AS_STATED
phase17_v7/gateC2B2/20260812_full_representation/figures_review/c2b2_branch_concordance.pdf,15296,334E2F98E0460781742EFE28D360A509E58821823A3687B67571C84762F7C893,PDF parsed; 1 pages,PASS_WITH_SCOPE_AS_STATED
phase17_v7/gateC2B2/20260812_full_representation/figures_review/c2b2_branch_concordance.png,82840,48239385969FEC3E5130678A07F6D78F66588559A57E238070CC47379C153AF3,Image decoded and verified,PASS_WITH_SCOPE_AS_STATED
phase17_v7/gateC2B2/20260812_full_representation/figures_review/c2b2_marker_module_dotplot.pdf,28912,13F8ED95034CB9B9BCD2D53F8EFA24DF3074939728A723637327DE17A29F9709,PDF parsed; 1 pages,PASS_WITH_SCOPE_AS_STATED
phase17_v7/gateC2B2/20260812_full_representation/figures_review/c2b2_marker_module_dotplot.png,188404,942DCBE99AE2E16254096555A85714DB905B9719D79E4638473CDDC5CD7E51E8,Image decoded and verified,PASS_WITH_SCOPE_AS_STATED
phase17_v7/gateC2B2/20260812_full_representation/figures_review/c2b2_representation_audit.pdf,394324,DA7F9BAED43F4200463E67E98601398EBA22868A1F6B26C744FBB13FDBEF9568,PDF parsed; 1 pages,PASS_WITH_SCOPE_AS_STATED
phase17_v7/gateC2B2/20260812_full_representation/figures_review/c2b2_representation_audit.png,4572202,EAF30CBC0EEE12BBD2C1AE8FD3ADD780E24BA58C5F911DC16505C8CB683DC038,Image decoded and verified,PASS_WITH_SCOPE_AS_STATED
phase17_v7/gateC2B2_prechecks/blineage_extraction_completeness/01_blineage_source_summary.csv,332,A1F645D39C23CDD123622B00F10DE11CBBC10C84D919C3A08A712EE6208A3482,parsed 11 data rows; 2 columns,PASS_WITH_SCOPE_AS_STATED
phase17_v7/gateC2B2_prechecks/blineage_extraction_completeness/02_blineage_marker_coverage.csv,339,549EA6AEBA3DB399BA75050DE70FCB51B446A5979B9FCC0A20A183A163352BA7,parsed 4 data rows; 5 columns,PASS_WITH_SCOPE_AS_STATED
phase17_v7/gateC2B2_prechecks/blineage_extraction_completeness/03_blineage_candidate_rule_sensitivity.csv,1109,C0156679700AF2C856D9979498A9DD0866C20DB99386674260677177B763D6F4,parsed 27 data rows; 5 columns,PASS_WITH_SCOPE_AS_STATED
phase17_v7/gateC2B2_prechecks/blineage_extraction_completeness/05_blineage_candidates_by_source_label.csv,895,567AD82C91D44BEA4DA6035635511D00A979D48DD8D9B8C821B6832A3A6867E9,parsed 11 data rows; 9 columns,PASS_WITH_SCOPE_AS_STATED
phase17_v7/gateC2B2_prechecks/blineage_extraction_completeness/06_BLINEAGE_EXTRACTION_AUDIT.md,1027,149D95E51601D3F5A720A710C31F3E63459D52B3A0E314F921F619A6A856A608,UTF-8 decoded; semantic review separate,PASS_WITH_SCOPE_AS_STATED
phase17_v7/gateC2B2_prechecks/blineage_extraction_completeness/08_blineage_refined_candidates_by_source_label.csv,715,A2807A283FACA2001A25F1DCD5DD6CB020EB61D523D8115FEEBF8F6A0C925741,parsed 8 data rows; 9 columns,PASS_WITH_SCOPE_AS_STATED
phase17_v7/gateC2B2_prechecks/blineage_extraction_completeness/09_blineage_candidate_gene_prevalence.csv,13167,00745ED3B7FFB5623419838BF54BBEDA82C1D43EB7E4D5897F2AF713B76D5EC4,parsed 232 data rows; 6 columns,PASS_WITH_SCOPE_AS_STATED
phase17_v7/gateC2B2_prechecks/blineage_extraction_completeness/10_BLINEAGE_INPUT_DECISION.md,1300,37E6E70AFFC376D7443C7392E2230CAEB4B12FCC5E331876E44E31C8B9FCC759,UTF-8 decoded; semantic review separate,PASS_WITH_SCOPE_AS_STATED
phase17_v7/gateC2B2_prechecks/blineage_extraction_completeness/11_BLINEAGE_INPUT_DECISION.json,612,950366090EE06B0A03EF67DC59D882FCC258BBA7AFD411EBC20D7B39C6C5ADAC,JSON parsed,PASS_WITH_SCOPE_AS_STATED
phase17_v7/gateC2B2_prechecks/blineage_extraction_completeness/figures/blineage_candidate_refinement.pdf,15360,357B4C00D6654063EF6B3B3893D23C0FC763EDAECAF3855977E3F93F652F590C,PDF parsed; 1 pages,PASS_WITH_SCOPE_AS_STATED
phase17_v7/gateC2B2_prechecks/blineage_extraction_completeness/figures/blineage_candidate_refinement.png,99879,468C7BA00FCE13B88CE0DBCA781291F2E977D86EF4F44856DF9FC4AC6AE35987,Image decoded and verified,PASS_WITH_SCOPE_AS_STATED
phase17_v7/gateC2B2_prechecks/blineage_extraction_completeness/figures/blineage_candidates_by_source_label.pdf,14382,5765774F14C185DB66DE1395B030D36954F9D365E8B9D775C549362E2C6DD459,PDF parsed; 1 pages,PASS_WITH_SCOPE_AS_STATED
phase17_v7/gateC2B2_prechecks/blineage_extraction_completeness/figures/blineage_candidates_by_source_label.png,99098,267673891E2C26C3EBE0ECDBF68653E134898C2528EB1A524E4255A423BFD244,Image decoded and verified,PASS_WITH_SCOPE_AS_STATED
phase17_v7/gateC2B3/_LATEST_GATE_C2B3.txt,67,0E092CEA61EED1DEDDD61CFB1CE13D688AF26A44CC5605E94149077373A55B21,UTF-8 decoded; semantic review separate,PASS_WITH_SCOPE_AS_STATED
phase17_v7/gateC2B3/20260813_full_neutral_state_freeze/00_GATE_C2B3_RUN_STATUS.json,362,9036F71F6C388FA5804113268032E55B0CE78559B0971FF1F35AC9B4E41162A2,JSON parsed,PASS_WITH_SCOPE_AS_STATED
phase17_v7/gateC2B3/20260813_full_neutral_state_freeze/00_GATE_C2B3_RUN_STATUS.md,378,2C74BF88B722D008AE09DE7C624032540DF9F096699F5A4E8B01478E6F9D8BFD,UTF-8 decoded; semantic review separate,PASS_WITH_SCOPE_AS_STATED
phase17_v7/gateC2B3/20260813_full_neutral_state_freeze/01_resampling_replicate_metrics.csv,4660,B1A8FA8F43158274ED99117D7AC355CA23ED43168B3CCE3B1B43C12890840569,parsed 60 data rows; 8 columns,PASS_WITH_SCOPE_AS_STATED
phase17_v7/gateC2B3/20260813_full_neutral_state_freeze/01b_resampling_r04_policy_metrics.csv,5838,2364A8FDEF0070B836ADC99A54B64045292BD73FB7ABA83111955EFDC9BDE4BB,parsed 60 data rows; 8 columns,PASS_WITH_SCOPE_AS_STATED
phase17_v7/gateC2B3/20260813_full_neutral_state_freeze/02_resampling_cluster_metrics.csv,19904,C09CA3906C43A6D938D2741AE6669C38AEDDF69ED20DE206BB6374337D249E1B,parsed 360 data rows; 7 columns,PASS_WITH_SCOPE_AS_STATED
phase17_v7/gateC2B3/20260813_full_neutral_state_freeze/02b_resampling_reference_transitions.csv,60809,412C3980F9D6BCA818B4FBA2049218154D27E73227FC33CEB53FA4461680E1ED,parsed 1696 data rows; 6 columns,PASS_WITH_SCOPE_AS_STATED
phase17_v7/gateC2B3/20260813_full_neutral_state_freeze/03_resampling_resolution_summary.csv,595,B4669BAC11F3A2B0DEE2A0B6246F34CBF5E4E41AB27274C2BC52C5BFC0F1A7A5,parsed 3 data rows; 9 columns,PASS_WITH_SCOPE_AS_STATED
phase17_v7/gateC2B3/20260813_full_neutral_state_freeze/04_resampling_cluster_summary.csv,1124,D7C4467C5696FAFAC60944BC86AB012FCB161DE49488D88AD4B8EFD1ACC4063F,parsed 18 data rows; 5 columns,PASS_WITH_SCOPE_AS_STATED
phase17_v7/gateC2B3/20260813_full_neutral_state_freeze/04b_resampling_r04_policy_cluster_summary.csv,1020,9A7F18CAACF84A6D4439233BD572C894F6F81E0074D9F53C35B1F1B01BD619E4,parsed 12 data rows; 5 columns,PASS_WITH_SCOPE_AS_STATED
phase17_v7/gateC2B3/20260813_full_neutral_state_freeze/04c_resampling_r04_policy_summary.csv,667,57742C12D0B77030329C3656C18D0B8B71D8CEBFAC5B7488837EF9856B78D202,parsed 3 data rows; 10 columns,PASS_WITH_SCOPE_AS_STATED
phase17_v7/gateC2B3/20260813_full_neutral_state_freeze/06_RESAMPLING_STATUS.json,627,9D0277D296D4118EB82CA6E58D4F963543E6B090C44734D7940D6E006DB9E018,JSON parsed,PASS_WITH_SCOPE_AS_STATED
phase17_v7/gateC2B3/20260813_full_neutral_state_freeze/08_candidate_mapping_by_cluster.csv,747,3A9EC60DDF7E66D9CBBC61ABE13AE6A1ED506C8C6A27BC5A768A8E426FC3995F,parsed 14 data rows; 7 columns,PASS_WITH_SCOPE_AS_STATED
phase17_v7/gateC2B3/20260813_full_neutral_state_freeze/09_candidate_mapping_by_source_label.csv,555,80E04821577F493C1A0553765FBFE0F4C7D44BA0120CE8E2DCC6DFD513E9C24D,parsed 8 data rows; 5 columns,PASS_WITH_SCOPE_AS_STATED
phase17_v7/gateC2B3/20260813_full_neutral_state_freeze/10_CANDIDATE_MAPPING_DECISION.json,642,D9C58DD8AA993F231EC7AA82609F65453AD54504EE4BC7C143FFC18E8E750508,JSON parsed,PASS_WITH_SCOPE_AS_STATED
phase17_v7/gateC2B3/20260813_full_neutral_state_freeze/10_CANDIDATE_MAPPING_DECISION.md,614,AB949B03720E4FFC61F904A2DEA44D00C5B6AD718951D7A9D1893E9147E9976D,UTF-8 decoded; semantic review separate,PASS_WITH_SCOPE_AS_STATED
phase17_v7/gateC2B3/20260813_full_neutral_state_freeze/11_ranked_neutral_markers.csv,205744,F6EF019DE334C780D33DD12623889FBA968C1E2C802FA716E157AB765FBB83D2,parsed 1019 data rows; 17 columns,PASS_WITH_SCOPE_AS_STATED
phase17_v7/gateC2B3/20260813_full_neutral_state_freeze/12_neutral_marker_dictionary.csv,43955,D1B3485E06B77DB0406DB203FF00C52FC18FF7B39126E2E33652EA43C0879928,parsed 220 data rows; 17 columns,PASS_WITH_SCOPE_AS_STATED
phase17_v7/gateC2B3/20260813_full_neutral_state_freeze/13_neutral_marker_dictionary_summary.csv,462,13B0C355DC8D1DB25F73ACF7A52D61BBBFB87130DE25F6B6F25258E4B5ABA339,parsed 11 data rows; 6 columns,PASS_WITH_SCOPE_AS_STATED
phase17_v7/gateC2B3/20260813_full_neutral_state_freeze/14_MARKER_RANKING_STATUS.json,384,D6D9450E7EBF3B311D725035F2D0D6D3BF9B65C5CFFB0F59FF486EAF76ED9F67,JSON parsed,PASS_WITH_SCOPE_AS_STATED
phase17_v7/gateC2B3/20260813_full_neutral_state_freeze/15_neutral_state_freeze_table.csv,646,855B68752136F1D2C937F10B301B45739926DE171070D3AF51410EE59CE95ECB,parsed 5 data rows; 8 columns,PASS_WITH_SCOPE_AS_STATED
phase17_v7/gateC2B3/20260813_full_neutral_state_freeze/16_GATE_C2B3_ADVISOR_REVIEW.json,2876,EE2E33A0DB3AB361DB5B31536215DE2ED1AF2B557485989EEC319DDC52756DCD,JSON parsed,PASS_WITH_SCOPE_AS_STATED
phase17_v7/gateC2B3/20260813_full_neutral_state_freeze/16_GATE_C2B3_ADVISOR_REVIEW.md,1253,B03AC75BCBA8FF9331E4E4477B7E44E2C791B43F915FBB927134A03E62848CF3,UTF-8 decoded; semantic review separate,PASS_WITH_SCOPE_AS_STATED
phase17_v7/gateC2B3/20260813_full_neutral_state_freeze/17_gate_c2b3_integrity_manifest.csv,3255,EE6349B3E28D49CB5E76E1EDFEDABD3EE8806F1992AC5EF8EA83C79578E7D059,parsed 30 data rows; 3 columns,PASS_WITH_SCOPE_AS_STATED
phase17_v7/gateC2B3/20260813_full_neutral_state_freeze/18_RESAMPLING_INVALIDATION_NOTICE_2026-08-14.json,486,BE4EA6BFAF7E0468744305FECFD905DFE3333EA9A77F1E71054B1DA2211B79E6,JSON parsed,PASS_WITH_SCOPE_AS_STATED
phase17_v7/gateC2B3/20260813_full_neutral_state_freeze/18_RESAMPLING_INVALIDATION_NOTICE_2026-08-14.md,1170,50F0E7E61C6DF680BF14EA552C97AB27A8B64AB1547593F9211D0068B3A0E363,UTF-8 decoded; semantic review separate,PASS_WITH_SCOPE_AS_STATED
phase17_v7/gateC2B3/20260813_full_neutral_state_freeze/figures/c2b3_resampling_stability.pdf,17208,D44BB966AC1F98D7CF8502E06FB87599B0449D6025829CEE49BF1DC925C70D45,PDF parsed; 1 pages,PASS_WITH_SCOPE_AS_STATED
phase17_v7/gateC2B3/20260813_full_neutral_state_freeze/figures/c2b3_resampling_stability.png,128037,B2CED8CA250B38BEA7C26313BF938944B0EE1A28AEFDC70638A0045797D1FA02,Image decoded and verified,PASS_WITH_SCOPE_AS_STATED
phase17_v7/gateC2B3/20260813_full_neutral_state_freeze/figures/candidate_mapping_audit.pdf,25709,C5AF591B7A02D84CB92CA276D1787F13EAE64E65C20489A3F7EC2C15A2EAA7E4,PDF parsed; 1 pages,PASS_WITH_SCOPE_AS_STATED
phase17_v7/gateC2B3/20260813_full_neutral_state_freeze/figures/candidate_mapping_audit.png,157136,01963302D8C4FEAF2649744100B330D07CBB971B65B718ECF6A0D31F8DF45D0E,Image decoded and verified,PASS_WITH_SCOPE_AS_STATED
phase17_v7/gateC2B3/_invalidated_30pc_resampling_20260814/00_GATE_C2B3_RUN_STATUS.json,282,EE80515EDBD6D842EE218C0C5FBB98FED9A8602B690C889C6799B11EB55300D3,JSON parsed,PASS_WITH_SCOPE_AS_STATED
phase17_v7/gateC2B3/_invalidated_30pc_resampling_20260814/00_GATE_C2B3_RUN_STATUS.md,344,A848463516AC04BC8C4E0F8FFEEBBD307FA69C436AB8F1840099D1A04AA30944,UTF-8 decoded; semantic review separate,PASS_WITH_SCOPE_AS_STATED
phase17_v7/gateC2B3/_invalidated_30pc_resampling_20260814/01_resampling_replicate_metrics.csv,4661,4B548977472B5A3A05A466B24E8E357FEBA7E6E18A2E85B5A64CD298A40D2192,parsed 60 data rows; 8 columns,PASS_WITH_SCOPE_AS_STATED
phase17_v7/gateC2B3/_invalidated_30pc_resampling_20260814/02_resampling_cluster_metrics.csv,18808,BAB10DB4DDDE78F8CA9FF5F403D075B210DE69C74A51ABFD8DB553CECC7B5867,parsed 360 data rows; 7 columns,PASS_WITH_SCOPE_AS_STATED
phase17_v7/gateC2B3/_invalidated_30pc_resampling_20260814/03_resampling_resolution_summary.csv,508,578C37F12E0B2D79D02580D7B83C0A8887142DFA1D09592DE5804421BEB1A449,parsed 3 data rows; 9 columns,PASS_WITH_SCOPE_AS_STATED
phase17_v7/gateC2B3/_invalidated_30pc_resampling_20260814/04_resampling_cluster_summary.csv,1046,1E3D716B4199C1F13C7A34BEC518A6AFBD43A6819E59E5C212C3D4B478055A9A,parsed 18 data rows; 5 columns,PASS_WITH_SCOPE_AS_STATED
phase17_v7/gateC2B3/_invalidated_30pc_resampling_20260814/06_RESAMPLING_STATUS.json,366,82E259FB0EF91AAEE651C223FD6554502F0A4362E3D72EE2A601526C4A3BA5B7,JSON parsed,PASS_WITH_SCOPE_AS_STATED
phase17_v7/gateC2B3/_invalidated_30pc_resampling_20260814/15_neutral_state_freeze_table.csv,378,953F4F8861088457E76E15903EBBA523AC91217B61285C439AD42CC1336CAC26,parsed 5 data rows; 5 columns,PASS_WITH_SCOPE_AS_STATED
phase17_v7/gateC2B3/_invalidated_30pc_resampling_20260814/16_GATE_C2B3_ADVISOR_REVIEW.json,1615,3D949E556F30BFB44E5DD565934BE88807E11F9646B0F4CD4B7F26B05A5B6B66,JSON parsed,PASS_WITH_SCOPE_AS_STATED
phase17_v7/gateC2B3/_invalidated_30pc_resampling_20260814/16_GATE_C2B3_ADVISOR_REVIEW.md,1044,7A082408BB8F7B77D290A40CE6A5FC16FE7937B69C74B91680A455EFE044B6BD,UTF-8 decoded; semantic review separate,PASS_WITH_SCOPE_AS_STATED
phase17_v7/gateC2B3/_invalidated_30pc_resampling_20260814/17_gate_c2b3_integrity_manifest.csv,2568,E375014B1B7BA9C1420CA49AEE240F251DA3E235EB723FE3534738F2AC9416DB,parsed 24 data rows; 3 columns,PASS_WITH_SCOPE_AS_STATED
phase17_v7/gateC2B3/_invalidated_30pc_resampling_20260814/README_INVALIDATED.md,1346,4CFA5EECC5548712856739E6BDA4564ECFDC69DC045809240F4ACD7D0AC398E8,UTF-8 decoded; semantic review separate,PASS_WITH_SCOPE_AS_STATED
phase17_v7/gateC2B3/_invalidated_30pc_resampling_20260814/figures/c2b3_resampling_stability.pdf,13001,FF4A6216576E80DB40AEE0ABC4728D6164CF80C4B35029D964883D987E668435,PDF parsed; 1 pages,PASS_WITH_SCOPE_AS_STATED
phase17_v7/gateC2B3/_invalidated_30pc_resampling_20260814/figures/c2b3_resampling_stability.png,77205,D18F8CB5FDBA0BCAB7066F7EE6C441F5E0C3DB2E3E130C74E353634C41386255,Image decoded and verified,PASS_WITH_SCOPE_AS_STATED
phase17_v7/gateC2B4/_LATEST_GATE_C2B4.txt,64,A6D45CC34FC29EBBA55D7C5A4CDD8E20D54F4B6F0E9CA3465FE6AC4042DFE4E0,UTF-8 decoded; semantic review separate,PASS_WITH_SCOPE_AS_STATED
phase17_v7/gateC2B4/20260815_two_level_state_repair/00_GATE_C2B4_RUN_STATUS.json,276,DA04AA1C331620E7D07E05E2185322ABD41BE17CC9268EA12EDBA0165BB2F4DE,JSON parsed,PASS_WITH_SCOPE_AS_STATED
phase17_v7/gateC2B4/20260815_two_level_state_repair/00_GATE_C2B4_RUN_STATUS.md,327,1010192DDD6F6F96AB7ABA0E92E46E1B57D4E5D0F93F3E82E4AC6944067502A9,UTF-8 decoded; semantic review separate,PASS_WITH_SCOPE_AS_STATED
phase17_v7/gateC2B4/20260815_two_level_state_repair/01_reconstructed_policy_metrics.csv,8224,6E56FA4C4B50913279E9B086642007B81AC172CA1801B50905A665A860C2E7FE,parsed 80 data rows; 8 columns,PASS_WITH_SCOPE_AS_STATED
phase17_v7/gateC2B4/20260815_two_level_state_repair/02_reconstructed_policy_summary.csv,845,3577D3D7C1378E47F2A953280DAE0B0A39B7F8A6F1CC8E70F993F7EFDD3DB25E,parsed 4 data rows; 10 columns,PASS_WITH_SCOPE_AS_STATED
phase17_v7/gateC2B4/20260815_two_level_state_repair/03_two_compartment_state_stability.csv,3705,2DB3676D3A8CF6B0F355DED2B0B17C178190CABE0E7C99DF45E30A96D6FF62F5,parsed 40 data rows; 7 columns,PASS_WITH_SCOPE_AS_STATED
phase17_v7/gateC2B4/20260815_two_level_state_repair/04_two_compartment_state_summary.csv,317,E128D1F18E51AA611B0AEE112F23066DD2E491FFD4C7F45E405E8D02828BF6DB,parsed 2 data rows; 6 columns,PASS_WITH_SCOPE_AS_STATED
phase17_v7/gateC2B4/20260815_two_level_state_repair/05_two_compartment_freeze_table.csv,550,92B31E0CE5400408FFD9B7316B10BA7687F43A80567CB0B86858B44A973E7D0E,parsed 5 data rows; 6 columns,PASS_WITH_SCOPE_AS_STATED
phase17_v7/gateC2B4/20260815_two_level_state_repair/06_GATE_C2B4_ADVISOR_DECISION.json,3087,B1706E2A2B1E854E11A1B061C49B6F8A6E8B62A02184F037286863D37A6206EA,JSON parsed,PASS_WITH_SCOPE_AS_STATED
phase17_v7/gateC2B4/20260815_two_level_state_repair/06_GATE_C2B4_ADVISOR_DECISION.md,1873,9C43CD966BE08F34E306B68E550048A4386256BFBE612EF1C01BCD05930BA5EA,UTF-8 decoded; semantic review separate,PASS_WITH_SCOPE_AS_STATED
phase17_v7/gateC2B4/20260815_two_level_state_repair/07_gate_c2b4_integrity_manifest.csv,1215,F9A5331DAE9B33D3AC63EB82CF999CE38719578627D911B5EF4A0886E8404629,parsed 11 data rows; 3 columns,PASS_WITH_SCOPE_AS_STATED
phase17_v7/gateC2B4/20260815_two_level_state_repair/figures/c2b4_two_level_state_adjudication.pdf,30648,B3810B6FB8DE803917B20393FEB7CB8D8864565F634FC28D28ADCA7992ADD623,PDF parsed; 1 pages,PASS_WITH_SCOPE_AS_STATED
phase17_v7/gateC2B4/20260815_two_level_state_repair/figures/c2b4_two_level_state_adjudication.png,207984,6DDA0DB3F9A510C331EA1404600A9CD90386FB0275C7CC7087E2D24B48A14BB6,Image decoded and verified,PASS_WITH_SCOPE_AS_STATED
phase17_v7/gateC3/_LATEST_GATE_C3.txt,55,D8D61DFD26B2E2B060875079FFC931A9E1BFE6927FC53639D48DC59AC315F8E7,UTF-8 decoded; semantic review separate,PASS_WITH_SCOPE_AS_STATED
phase17_v7/gateC3/20260815_metadata_design/00_GATE_C3_RUN_STATUS.json,286,1D70DE993AC6ECA5A1E14DFCF74C5A73C76E8EFDADD161F46B657E31ED248266,JSON parsed,PASS_WITH_SCOPE_AS_STATED
phase17_v7/gateC3/20260815_metadata_design/00_GATE_C3_RUN_STATUS.md,364,7A5AD20105E8C1FEC5D3E4307586F46B684E108C628DA3911E2C547A40B4BCE5,UTF-8 decoded; semantic review separate,PASS_WITH_SCOPE_AS_STATED
phase17_v7/gateC3/20260815_metadata_design/02_metadata_key_invariants.csv,468,014C77C81338675CB49AFE4A71B7E536283E730D78999C1ABB2F53D173CC62AD,parsed 12 data rows; 5 columns,PASS_WITH_SCOPE_AS_STATED
phase17_v7/gateC3/20260815_metadata_design/03_sample_design_audit.csv,55881,AA4B1807B328B4B7AB0A0979E42BFC19837A18F814F29B06D9CD1971BB970EA2,parsed 271 data rows; 23 columns,PASS_WITH_SCOPE_AS_STATED
phase17_v7/gateC3/20260815_metadata_design/04_sample_cohort_design_audit.csv,67085,6CB59B996D95B7E03A2B7D00664124D7CFE9E234FC6E26366BD49A681172F4BC,parsed 332 data rows; 22 columns,PASS_WITH_SCOPE_AS_STATED
phase17_v7/gateC3/20260815_metadata_design/05_sample_compartment_counts.csv,76365,3A326F5CDC6F76785925CB28CEA2E16CE0B209B151F95854150A8CBB3BE37A85,parsed 542 data rows; 15 columns,PASS_WITH_SCOPE_AS_STATED
phase17_v7/gateC3/20260815_metadata_design/06_sample_cohort_compartment_counts.csv,90996,BB3F287B58D773E6119AE8C5CDB4DF20BAF34138D0D98969E3C6F4E93755B8AE,parsed 664 data rows; 14 columns,PASS_WITH_SCOPE_AS_STATED
phase17_v7/gateC3/20260815_metadata_design/07_donor_design_audit.csv,21406,E5DC27D406C3B1E89C9B5E3D0AA1A7D63E59F8EF0AEB9A83CF7897CF33EBD980,parsed 259 data rows; 11 columns,PASS_WITH_SCOPE_AS_STATED
phase17_v7/gateC3/20260815_metadata_design/08_eligible_design_strata.csv,574,54FC2FA5BCCB52BCAD5130C252B3D7A3F2A94C96B334635AA3EB95745D573A1F,parsed 9 data rows; 9 columns,PASS_WITH_SCOPE_AS_STATED
phase17_v7/gateC3/20260815_metadata_design/09_cohort_sample_overlap.csv,224,80E62CD786FEEC33F7776A82050F372F4D4B9B723524499DA9697DA1F35DC11D,parsed 16 data rows; 3 columns,PASS_WITH_SCOPE_AS_STATED
phase17_v7/gateC3/20260815_metadata_design/10_metadata_missingness.csv,461,C3CC08F7E7825A614F92398196AF6B1680F7529BFBB0DD2D14332C78567ADDDF,parsed 12 data rows; 5 columns,PASS_WITH_SCOPE_AS_STATED
phase17_v7/gateC3/20260815_metadata_design/11_primary_model_matrix.csv,26250,6A8CD073C93BDAE77DBFB6B1A9A6F447BA1498A47A814A1119D722B71FB0EDF5,parsed 90 data rows; 31 columns,PASS_WITH_SCOPE_AS_STATED
phase17_v7/gateC3/20260815_metadata_design/12_validation_model_matrix.csv,18822,8378740E5F72F686DFF96986707BB964266A423FE91A1BDA5221C21B7A259108,parsed 64 data rows; 31 columns,PASS_WITH_SCOPE_AS_STATED
phase17_v7/gateC3/20260815_metadata_design/13_flare_model_matrix.csv,10145,A7455D92511EDAC4DEDDD0FCE6C3C8EF5949B50612BFEC6896F07F058E2CDCC8,parsed 34 data rows; 31 columns,PASS_WITH_SCOPE_AS_STATED
phase17_v7/gateC3/20260815_metadata_design/14_MODEL_DESIGN_CONTRACT.json,2610,657F09CDD66C8BA1DAD0190F1EBD83A45CD567CA1080A4FC2004C7117DC9594B,JSON parsed,PASS_WITH_SCOPE_AS_STATED
phase17_v7/gateC3/20260815_metadata_design/14_MODEL_DESIGN_CONTRACT.md,872,F4AA17F95E37B495CC9BF978B672791F678307D099F3E0EC3078255B95D5AEA4,UTF-8 decoded; semantic review separate,PASS_WITH_SCOPE_AS_STATED
phase17_v7/gateC3/20260815_metadata_design/15_GATE_C3_METADATA_AUDIT.json,3097,DF67E0123D7D9682662D4898AD64C157C6D03743A28084C77D80F591718CA2A2,JSON parsed,PASS_WITH_SCOPE_AS_STATED
phase17_v7/gateC3/20260815_metadata_design/15_GATE_C3_METADATA_AUDIT.md,2009,8C1A66B38EF83197FA72AAA17878DCD3D2270C67BC0E4BC1D72587463012AB07,UTF-8 decoded; semantic review separate,PASS_WITH_SCOPE_AS_STATED
phase17_v7/gateC3/20260815_metadata_design/16_gate_c3_integrity_manifest.csv,2192,84B7148744E9C9F29D8F3024D50E5F95C2812CD2E9B52C7DBBEE48EEFDE5B225,parsed 21 data rows; 3 columns,PASS_WITH_SCOPE_AS_STATED
phase17_v7/gateC3/20260815_metadata_design/figures/gate_c3_metadata_and_design_audit.pdf,29179,F03DFDFC76743A4B1F341F06BB270530DA1F23ED00FFB9C4C6FAFBDC9E8C1025,PDF parsed; 1 pages,PASS_WITH_SCOPE_AS_STATED
phase17_v7/gateC3/20260815_metadata_design/figures/gate_c3_metadata_and_design_audit.png,208079,05B62CC3D298093A2370E7A51269E08964E1597C04FF131B004BD262EFDD9E62,Image decoded and verified,PASS_WITH_SCOPE_AS_STATED
phase17_v7/gateC3A/_LATEST_GATE_C3A.txt,57,C7C71F2AD3D24F6411C38C665B3C7A5EAFFA10BAD1095561F0C07683C8DF2CA5,UTF-8 decoded; semantic review separate,PASS_WITH_SCOPE_AS_STATED
phase17_v7/gateC3A/20260815_frozen_abundance/00_GATE_C3A_RUN_STATUS.json,234,BACB148C2CEEA710C6940ED6C5FB5638D4CB05084EA49EC505C3E154F0E57332,JSON parsed,PASS_WITH_SCOPE_AS_STATED
phase17_v7/gateC3A/20260815_frozen_abundance/00_GATE_C3A_RUN_STATUS.md,302,540B074F86F5CB1EAE33354E95C68A5214AF9EA6EB67AA3699AC85952EE97682,UTF-8 decoded; semantic review separate,PASS_WITH_SCOPE_AS_STATED
phase17_v7/gateC3A/20260815_frozen_abundance/01_base_model_coefficients.csv,3478,5E0BC0FA88E43AEE935B6531DC06600A24DD07B67ACEE1043B9F7DA1FF918149,parsed 11 data rows; 15 columns,PASS_WITH_SCOPE_AS_STATED
phase17_v7/gateC3A/20260815_frozen_abundance/02_base_and_nonoverlap_contrasts.csv,1966,5441E5995249F76A651C09464F103069A7E9113B54CEE94CC232CBA8EE480B61,parsed 5 data rows; 21 columns,PASS_WITH_SCOPE_AS_STATED
phase17_v7/gateC3A/20260815_frozen_abundance/03_adjusted_predictions.csv,1479,669DCCD6DC245EB7C8FFB5B3D0C5535FD1F360DD2E33F34272BF0B2131267F3A,parsed 10 data rows; 7 columns,PASS_WITH_SCOPE_AS_STATED
phase17_v7/gateC3A/20260815_frozen_abundance/04_mandatory_sensitivity_contrasts.csv,4127,647A4C9B133BC61FF434BDBCF3E8BEA1673A95D8748835D79E4B23EBC0233B59,parsed 12 data rows; 20 columns,PASS_WITH_SCOPE_AS_STATED
phase17_v7/gateC3A/20260815_frozen_abundance/05_two_part_sensitivity.csv,1497,63AEED6C31C6B174DB6EF36E8C70FCCDDE746C4942F14F69C3BB8997CDC35118,parsed 6 data rows; 13 columns,PASS_WITH_SCOPE_AS_STATED
phase17_v7/gateC3A/20260815_frozen_abundance/06_primary_leave_one_out.csv,13637,FF693117FE87482B382B45E532F777AB91A0033943A70982FD0C711FD590FBF4,parsed 90 data rows; 9 columns,PASS_WITH_SCOPE_AS_STATED
phase17_v7/gateC3A/20260815_frozen_abundance/07_replication_overlap_audit.csv,187,A89D4E1792750BE26BA0A135E4DFA9DE02AA830B3FC327926A64D5AADA5B9677,parsed 2 data rows; 7 columns,PASS_WITH_SCOPE_AS_STATED
phase17_v7/gateC3A/20260815_frozen_abundance/08_model_diagnostics.csv,6885,D26476F2D7E40BE0D148084E083097948EAC89E9B9CCAE44EAE4D1473C39B10C,parsed 17 data rows; 24 columns,PASS_WITH_SCOPE_AS_STATED
phase17_v7/gateC3A/20260815_frozen_abundance/09_GATE_C3A_ADVISOR_DECISION.json,3241,EBF7295AFA69EC1673F581738223E5D400A509B16ED25CE6258A817F26333239,JSON parsed,PASS_WITH_SCOPE_AS_STATED
phase17_v7/gateC3A/20260815_frozen_abundance/09_GATE_C3A_ADVISOR_DECISION.md,1988,655C854B6640EF81F4ABD9A850778DC1EB6384069FAF70C217C4AC20D2BB5359,UTF-8 decoded; semantic review separate,PASS_WITH_SCOPE_AS_STATED
phase17_v7/gateC3A/20260815_frozen_abundance/10_gate_c3a_integrity_manifest.csv,1487,BAC7BFA394F4B3698C5297AB17C7FB859403EF382987085D44140D60EA4FECB1,parsed 14 data rows; 3 columns,PASS_WITH_SCOPE_AS_STATED
phase17_v7/gateC3A/20260815_frozen_abundance/figures/gate_c3a_abundance_model_audit.pdf,27962,15EF1806B7F2F004564EF472974B757924DE1B2D1E856F26770CD07417B622C7,PDF parsed; 1 pages,PASS_WITH_SCOPE_AS_STATED
phase17_v7/gateC3A/20260815_frozen_abundance/figures/gate_c3a_abundance_model_audit.png,168513,A8DEF4B5D02F757864FA2EFE95D955713F22A8D2ECB60F771A3DB68E39E56685,Image decoded and verified,PASS_WITH_SCOPE_AS_STATED
phase17_v7/gateC4A/_LATEST_GATE_C4A.txt,62,63F90A4469C055D0B9F447BEB1B378C45B6492BD93DAD1A83603174490D8967C,UTF-8 decoded; semantic review separate,PASS_WITH_SCOPE_AS_STATED
phase17_v7/gateC4A/20260815_raw_pseudobulk_freeze/00_GATE_C4A_RUN_STATUS.json,306,549F5B78ED1CB39CF9F3191314B38FC91E1F5B5F493CD131EE83CF09FAF2359A,JSON parsed,PASS_WITH_SCOPE_AS_STATED
phase17_v7/gateC4A/20260815_raw_pseudobulk_freeze/00_GATE_C4A_RUN_STATUS.md,428,1E48839CCF9459EEF73D5B4127DE6355EC5378F9FF6B4975990DFD25EF24B92B,UTF-8 decoded; semantic review separate,PASS_WITH_SCOPE_AS_STATED
phase17_v7/gateC4A/20260815_raw_pseudobulk_freeze/01_raw_input_and_cell_id_audit.json,1088,C83D17C9370E436A1FB306A8DBAEBB0791E9AF1F7C4965D05F98527F264E3999,JSON parsed,PASS_WITH_SCOPE_AS_STATED
phase17_v7/gateC4A/20260815_raw_pseudobulk_freeze/01_raw_input_and_cell_id_audit.md,481,0B6FA92E594E60591180A9D42A243C62DB2C4C4C23CA6AB3F251B60F1837D946,UTF-8 decoded; semantic review separate,PASS_WITH_SCOPE_AS_STATED
phase17_v7/gateC4A/20260815_raw_pseudobulk_freeze/03_pseudobulk_row_metadata.csv,248344,1262AF43E9F572F4B063CD770BACE939AE171781210220B563D1F15FE69909C7,parsed 1328 data rows; 16 columns,PASS_WITH_SCOPE_AS_STATED
phase17_v7/gateC4A/20260815_raw_pseudobulk_freeze/05_compartment_support_audit.csv,126731,984A2220EEF0DB52FCB91676A37A482B9FDFBADD0A643FF20DA633A216BB3F4F,parsed 664 data rows; 17 columns,PASS_WITH_SCOPE_AS_STATED
phase17_v7/gateC4A/20260815_raw_pseudobulk_freeze/06_primary_bconv_model_matrix.csv,21482,E3CDB2B7038712534D032FF008F7386976BF63EDCD3E07589EE0C97CC3295876,parsed 89 data rows; 24 columns,PASS_WITH_SCOPE_AS_STATED
phase17_v7/gateC4A/20260815_raw_pseudobulk_freeze/07_validation_bconv_model_matrix.csv,16504,70E235D47D5FF544FFD4122845693A60218EC55F1A71A5B0AF8E062A86B29BAD,parsed 64 data rows; 24 columns,PASS_WITH_SCOPE_AS_STATED
phase17_v7/gateC4A/20260815_raw_pseudobulk_freeze/08_flare_bconv_model_matrix.csv,8978,EB2421EA19CD282C721E126DEA34DF66E45F92A6BE1F0FACF645F9BC22BC5A27,parsed 34 data rows; 24 columns,PASS_WITH_SCOPE_AS_STATED
phase17_v7/gateC4A/20260815_raw_pseudobulk_freeze/09_replication_nonoverlap_audit.csv,187,BF92E753D269FC940B99330676A860100A440E2148DD8B9E3D53D5AA48735410,parsed 2 data rows; 7 columns,PASS_WITH_SCOPE_AS_STATED
phase17_v7/gateC4A/20260815_raw_pseudobulk_freeze/10_basc_pseudobulk_support.csv,1080,7B0AFE983D92251CC68AEB4B2786AD124D637984E90BCE0B6BEF178127E07654,parsed 30 data rows; 6 columns,PASS_WITH_SCOPE_AS_STATED
phase17_v7/gateC4A/20260815_raw_pseudobulk_freeze/11_program_dictionary.csv,14689,B32D20C3739916BA4FB2C825520E003E72C13EE48EFA678782F0B9AE2B2E9BE0,parsed 89 data rows; 8 columns,PASS_WITH_SCOPE_AS_STATED
phase17_v7/gateC4A/20260815_raw_pseudobulk_freeze/12_program_gene_availability.csv,10478,133E6B5D47BCE7CA8ABF0669E252E83B5E8B2C27B013D23D89F84EBB7FFFBBDE,parsed 89 data rows; 8 columns,PASS_WITH_SCOPE_AS_STATED
phase17_v7/gateC4A/20260815_raw_pseudobulk_freeze/13_GATE_C4A_FREEZE_CONTRACT.json,2904,0A0C72F908A1184718549C48784056C33B41A4DCE4C5CECA360EB6DAFFC44B68,JSON parsed,PASS_WITH_SCOPE_AS_STATED
phase17_v7/gateC4A/20260815_raw_pseudobulk_freeze/13_GATE_C4A_FREEZE_CONTRACT.md,960,DF66CB8C9627978EF229C36544097124699F21737C31567E3122CB57EA394FD9,UTF-8 decoded; semantic review separate,PASS_WITH_SCOPE_AS_STATED
phase17_v7/gateC4A/20260815_raw_pseudobulk_freeze/14_GATE_C4A_ADVISOR_DECISION.json,3616,7174C04828697E94570F91E606D9658D0F518044F662E0A2A5B9B5C0F4ABA593,JSON parsed,PASS_WITH_SCOPE_AS_STATED
phase17_v7/gateC4A/20260815_raw_pseudobulk_freeze/14_GATE_C4A_ADVISOR_DECISION.md,2623,DF62021D3DF47E50B1584AC2F0F3AC5B4327298C45D11AEEE942F190469FD1B4,UTF-8 decoded; semantic review separate,PASS_WITH_SCOPE_AS_STATED
phase17_v7/gateC4A/20260815_raw_pseudobulk_freeze/14_gene_count_conservation_audit.json,417,5CA220D705B4BF63635B275AE233E80EB7C9F917FF5FD3D79E3788B52D02178F,JSON parsed,PASS_WITH_SCOPE_AS_STATED
phase17_v7/gateC4A/20260815_raw_pseudobulk_freeze/14_gene_count_conservation_audit.md,331,50CA923C09ECE91578284908881D5D66B9CD3E4249CF9D9863878E3DDD16554F,UTF-8 decoded; semantic review separate,PASS_WITH_SCOPE_AS_STATED
phase17_v7/gateC4A/20260815_raw_pseudobulk_freeze/15_gate_c4a_integrity_manifest.csv,2827,280A51ABD90AD1FA95A868DDA6820478B55343D12E2B8650ACEA7D00D02DEF0B,parsed 23 data rows; 4 columns,PASS_WITH_SCOPE_AS_STATED
phase17_v7/gateC4A/20260815_raw_pseudobulk_freeze/figures/gate_c4a_raw_pseudobulk_and_program_freeze.pdf,31941,F8CED3B413F49FAAADDD493EF570EABB4DC7E7A524ECB02712C5088235761097,PDF parsed; 1 pages,PASS_WITH_SCOPE_AS_STATED
phase17_v7/gateC4A/20260815_raw_pseudobulk_freeze/figures/gate_c4a_raw_pseudobulk_and_program_freeze.png,242678,83FEFAA3BF1E75CC3F85C5B763C4C6A77BC6F739A9BCFFD9B43E8FF6B0F436D7,Image decoded and verified,PASS_WITH_SCOPE_AS_STATED
phase17_v7/gateC4B/20260815_edger_transcription/01_R_sessionInfo.txt,959,9B25CF300A3D579460B0A0403725F771ED310FF3B89B3D01F9C30BF3988EF02E,UTF-8 decoded; semantic review separate,PASS_WITH_SCOPE_AS_STATED
phase17_v7/gateC4B/20260815_edger_transcription/03_MATRIX_EXPORT_AUDIT.json,8866,426A60BD3F9FD93FBC49208D25F704A5499194691C0AB72A0670238348B2A003,JSON parsed,PASS_WITH_SCOPE_AS_STATED
phase17_v7/gateC4B/20260815_edger_transcription/03_MATRIX_EXPORT_AUDIT.md,1107,9F72F4AE8E27E18F69B3B388EB052874EE637984EBC13735B3E15255E2BB3AE6,UTF-8 decoded; semantic review separate,PASS_WITH_SCOPE_AS_STATED
phase17_v7/gateC4B/20260815_edger_transcription/04_EDGER_QUALIFICATION.json,1787,5CC6FDCAC48322068EF08F94108FA4CC00427C1C574089C729991134E13331EC,JSON parsed,PASS_WITH_SCOPE_AS_STATED
phase17_v7/gateC4B/20260815_edger_transcription/04_EDGER_QUALIFICATION.md,1051,BE68F039379EEC649218063CB87F79040B1F49D1BB26379DC4548360354E1714,UTF-8 decoded; semantic review separate,PASS_WITH_SCOPE_AS_STATED
phase17_v7/gateC4B/20260815_edger_transcription/05_MODEL_SUMMARY.csv,1132,7113F09E950698A097B2D42EC9FFFA50B0887F459144D5799A58DA5788382AE2,parsed 7 data rows; 12 columns,PASS_WITH_SCOPE_AS_STATED
phase17_v7/gateC4B/20260815_edger_transcription/06_TOP100_GENE_RESULTS.csv,130908,30D6087D4DEDAF3A71E477A8E5C48E9A31BBDC61FA671F2F7357808A8B09349D,parsed 700 data rows; 14 columns,PASS_WITH_SCOPE_AS_STATED
phase17_v7/gateC4B/20260815_edger_transcription/07_PROGRAM_RESULTS.csv,16977,5102BAFE54D8CE2F61CAA0DFCB382F8C1FC9241297B2CD3B940CCA3201D684F6,parsed 63 data rows; 18 columns,PASS_WITH_SCOPE_AS_STATED
phase17_v7/gateC4B/20260815_edger_transcription/09_FROZEN_PROGRAM_ARM_CAMERA.csv,13666,BBB51E1E019DA557CE67006E5F22C1D6CB296ECC8C2EB07FB2056DA988141888,parsed 77 data rows; 11 columns,PASS_WITH_SCOPE_AS_STATED
phase17_v7/gateC4B/20260815_edger_transcription/10_PRIMARY_PROGRAM_LOO.csv,1937,B21442194EBCF49F317CB81CC7D699C478EA4F8B1AFE10C1CED1352E2698B311,parsed 9 data rows; 10 columns,PASS_WITH_SCOPE_AS_STATED
phase17_v7/gateC4B/20260815_edger_transcription/11_PRIMARY_CONFIRMATORY_GENE_LOO.csv,7698,81EAD0A63D4CBC4E6315812718BF4F4B0630A3A031E713A20DB08BC97584ECD3,parsed 44 data rows; 10 columns,PASS_WITH_SCOPE_AS_STATED
phase17_v7/gateC4B/20260815_edger_transcription/12_CROSS_COHORT_EFFECT_CONCORDANCE.csv,625,16652A0944D408AE196511780916D149BCAD89750452A3160240BC1F2D8756A3,parsed 3 data rows; 9 columns,PASS_WITH_SCOPE_AS_STATED
phase17_v7/gateC4B/20260815_edger_transcription/13_PRIMARY_RANKED_QC_FAMILY_AUDIT.csv,158,DC1B0EB90F8392A04A22D6A903159436A20E9DA802CF777F5EE7D4E47FD1CC93,parsed 3 data rows; 5 columns,PASS_WITH_SCOPE_AS_STATED
phase17_v7/gateC4B/20260815_edger_transcription/14_FROZEN_MODEL_RUN_STATUS.json,3775,4B773227517F4C5E8B6C8446C8E06CB15EE1DE7E483AE6049E5E90AA38F288E4,JSON parsed,PASS_WITH_SCOPE_AS_STATED
phase17_v7/gateC4B/20260815_edger_transcription/15_GATE_C4B_ADVISOR_DECISION.json,6758,8CAA25225965B64CA8A45097E312ABE43424977B7CE4F126A04259AE714C1873,JSON parsed,PASS_WITH_SCOPE_AS_STATED
phase17_v7/gateC4B/20260815_edger_transcription/15_GATE_C4B_ADVISOR_DECISION.md,2213,ADAC2F7250A7C6C2CB24247074401E7C698CE8E9D1113B6F1620B758BF872A79,UTF-8 decoded; semantic review separate,PASS_WITH_SCOPE_AS_STATED
phase17_v7/gateC4B/20260815_edger_transcription/16_GATE_C4B_RESULT_INTEGRITY_AUDIT.json,2303,04B70A34701F775621A34E72B4C7264CBD0C3258BD1DFCA8996A295FEA0DC18A,JSON parsed,PASS_WITH_SCOPE_AS_STATED
phase17_v7/gateC4B/20260815_edger_transcription/16_GATE_C4B_RESULT_INTEGRITY_AUDIT.md,787,A782E5A653228F0E08EB515AE6C1298D78D0E130E09F9F4C79B8AE827490B7A7,UTF-8 decoded; semantic review separate,PASS_WITH_SCOPE_AS_STATED
phase17_v7/gateC4B/20260815_edger_transcription/17_gate_c4b_integrity_manifest.csv,6462,5CD4B8954FA739A5A9852D739A7AB539BEEB904445470CA6A6E8BD206E0F2E31,parsed 50 data rows; 4 columns,PASS_WITH_SCOPE_AS_STATED
phase17_v7/gateC4B/20260815_edger_transcription/02_matrix_exports/flare_full_samples.csv,9940,0ED6F9159AA05E556391A11FEF133A3A065B3FC14D2CEFD4141D76E39CF71368,parsed 34 data rows; 28 columns,PASS_WITH_SCOPE_AS_STATED
phase17_v7/gateC4B/20260815_edger_transcription/02_matrix_exports/primary_base_samples.csv,23871,EAB89A775899F44F0BEF6AEE0CEE1F76009B4055994CFC8DD824D974943E82F7,parsed 89 data rows; 28 columns,PASS_WITH_SCOPE_AS_STATED
phase17_v7/gateC4B/20260815_edger_transcription/02_matrix_exports/primary_min100_samples.csv,23650,A73AEB51E177CAC8FFB4A5DFF3A640E6207CB892297B9B71752B7A3B4F502539,parsed 87 data rows; 28 columns,PASS_WITH_SCOPE_AS_STATED
phase17_v7/gateC4B/20260815_edger_transcription/02_matrix_exports/primary_min20_samples.csv,25390,2E69B2E5A1DBEB88A90A5CA67C119A173CA4481DD9A1598583D3AA396FBE17B9,parsed 94 data rows; 28 columns,PASS_WITH_SCOPE_AS_STATED
phase17_v7/gateC4B/20260815_edger_transcription/02_matrix_exports/primary_residual_risk_negative_samples.csv,24849,3F49F16EAA1EB4409DB2B66231FA06A62DE3BFB83C927A80928FD2BBD749E0CE,parsed 89 data rows; 28 columns,PASS_WITH_SCOPE_AS_STATED
phase17_v7/gateC4B/20260815_edger_transcription/02_matrix_exports/validation_full_samples.csv,18230,941C7DEE80424E0883188188270E025376C39DDB7D3C17A39C8B82487768F0CE,parsed 64 data rows; 28 columns,PASS_WITH_SCOPE_AS_STATED
phase17_v7/gateC4B/20260815_edger_transcription/02_matrix_exports/validation_nonoverlap_samples.csv,15367,5F8961270D3053D8D8804B72E32FA8E1C265B96A2729002499E4F5E19C891C7D,parsed 54 data rows; 28 columns,PASS_WITH_SCOPE_AS_STATED
phase17_v7/gateC4B/20260815_edger_transcription/figures/gate_c4b_bconv_transcription_replication.pdf,132783,10CFC52D481A3D0B3977962F69854301A7C79762A2C3FC651B09AE7619F1FB0C,PDF parsed; 1 pages,PASS_WITH_SCOPE_AS_STATED
phase17_v7/gateC4B/20260815_edger_transcription/figures/gate_c4b_bconv_transcription_replication.png,566503,2CA12D9DF8B733F6240C1C4B32140D054228AA71AC9BD594B6BE708435D2A89F,Image decoded and verified,PASS_WITH_SCOPE_AS_STATED
phase17_v7/gateC5A/20260815_gse135779_source_mapping_freeze/00_GATE_C5A_RUN_STATUS.json,275,AC7BE551176722F4F4C79C0CBC6FAE9BC51CDD362C1141CFCE7858072BF4EE9F,JSON parsed,PASS_WITH_SCOPE_AS_STATED
phase17_v7/gateC5A/20260815_gse135779_source_mapping_freeze/01_SOURCE_FILE_MANIFEST.csv,729,9081BE32FA8F0506AE8E14A4F9817518BA5B3335DD68D2E76664F4C8CD8BC62F,parsed 6 data rows; 4 columns,PASS_WITH_SCOPE_AS_STATED
phase17_v7/gateC5A/20260815_gse135779_source_mapping_freeze/02_TAR_MEMBER_MANIFEST.csv,15024,2642788C62211FC23C8B35EE5FD50E3618357CC59B0DA70BEB6DB1E1499C8F08,parsed 112 data rows; 6 columns,PASS_WITH_SCOPE_AS_STATED
phase17_v7/gateC5A/20260815_gse135779_source_mapping_freeze/03A_METADATA_BARCODE_EXCEPTIONS.csv,537,5983166ED915F156B9DF9626DD8F6B02DBEA058F5E51BF84D21BB7D333FE89E0,parsed 4 data rows; 6 columns,PASS_WITH_SCOPE_AS_STATED
phase17_v7/gateC5A/20260815_gse135779_source_mapping_freeze/03_SAMPLE_SOURCE_AUDIT.csv,6096,B4B209269E8F78B5C2EB5E46032E323F38468EFD5D3EC1C7E006D79B70BA42FD,parsed 56 data rows; 17 columns,PASS_WITH_SCOPE_AS_STATED
phase17_v7/gateC5A/20260815_gse135779_source_mapping_freeze/04A_CHILDHOOD_METADATA_VERSION_AUDIT.csv,3066,EACB8DC97FE16B7B46B0E1C8E5D0449AC2D57151CF0DED1EB31A29F36C0DBA6E,parsed 44 data rows; 8 columns,PASS_WITH_SCOPE_AS_STATED
phase17_v7/gateC5A/20260815_gse135779_source_mapping_freeze/04_METADATA_WITHOUT_MATRIX_SAMPLES.csv,2629,23A7093992978957BE6C05CA042619773207010B493EBB0748D0E28208C1E62A,parsed 73 data rows; 6 columns,PASS_WITH_SCOPE_AS_STATED
phase17_v7/gateC5A/20260815_gse135779_source_mapping_freeze/05_SOURCE_LABEL_DICTIONARY.csv,4427,AC2C677059699BAF7A152077432D2EF11A7F2CE6C82E346ED7820348ABA6CF10,parsed 39 data rows; 6 columns,PASS_WITH_SCOPE_AS_STATED
phase17_v7/gateC5A/20260815_gse135779_source_mapping_freeze/06_SAMPLE_LABEL_SUPPORT.csv,21931,AE73525EEA75F8F7B43D22B41232676F87DB7C77E237392560A39E2702FDAA40,parsed 560 data rows; 5 columns,PASS_WITH_SCOPE_AS_STATED
phase17_v7/gateC5A/20260815_gse135779_source_mapping_freeze/08_EXTERNAL_PSEUDOBULK_ROW_METADATA.csv,47616,C98FDE424A126661D45416CEB2D9251148049445B26358471D44237D1BFE855E,parsed 672 data rows; 9 columns,PASS_WITH_SCOPE_AS_STATED
phase17_v7/gateC5A/20260815_gse135779_source_mapping_freeze/10_FROZEN_PROGRAM_DICTIONARY.csv,14596,A067B0CAA85770150F03DAE2787A96015E2D000A11C8D7AC5AC844FAB42A55E8,parsed 89 data rows; 8 columns,PASS_WITH_SCOPE_AS_STATED
phase17_v7/gateC5A/20260815_gse135779_source_mapping_freeze/11_FROZEN_PROGRAM_GENE_AVAILABILITY.csv,15247,D59C161CCDD05F0FB3DF0B6B61A84DC0B399A9A3215EDB993A6E25A8E366EB84,parsed 89 data rows; 10 columns,PASS_WITH_SCOPE_AS_STATED
phase17_v7/gateC5A/20260815_gse135779_source_mapping_freeze/12_COMBINED_MIN50_MODEL_MATRIX.csv,6747,2B18A82309869C6D76378500BF41EB3D4B53D6F5BAA0E9D83210C17ED3BABB0B,parsed 54 data rows; 16 columns,PASS_WITH_SCOPE_AS_STATED
phase17_v7/gateC5A/20260815_gse135779_source_mapping_freeze/13_CHILDHOOD_MIN50_MODEL_MATRIX.csv,5123,DAF675B51CA4996827967B2439C3FA3FBC6C0DCF03F8D76DE8337AB5C30E61F0,parsed 43 data rows; 16 columns,PASS_WITH_SCOPE_AS_STATED
phase17_v7/gateC5A/20260815_gse135779_source_mapping_freeze/14_ADULT_MIN50_MODEL_MATRIX.csv,1364,3EC421D72BA1B91513371020B534E2DE106BF383E7453A22A45F5FD9BF511421,parsed 11 data rows; 16 columns,PASS_WITH_SCOPE_AS_STATED
phase17_v7/gateC5A/20260815_gse135779_source_mapping_freeze/15_THRESHOLD_SENSITIVITY_MODEL_MATRICES.csv,13267,8E000D62FE46DC923997FA48DDFE4D5FD3B90825314466A5EB9C641235070B29,parsed 107 data rows; 16 columns,PASS_WITH_SCOPE_AS_STATED
phase17_v7/gateC5A/20260815_gse135779_source_mapping_freeze/16_GATE_C5A_DESIGN_SUMMARY.csv,361,37F792146D78006854DD2A6FC59991380FCC3CC52881B0E8A4EF3F52C627E1FE,parsed 5 data rows; 8 columns,PASS_WITH_SCOPE_AS_STATED
phase17_v7/gateC5A/20260815_gse135779_source_mapping_freeze/16_GATE_C5A_FREEZE_CONTRACT.json,3487,84AFFE6B65C91F71DE36881269F44AA140B11484416B991FE4B3CEEC46BCC6F6,JSON parsed,PASS_WITH_SCOPE_AS_STATED
phase17_v7/gateC5A/20260815_gse135779_source_mapping_freeze/16_GATE_C5A_PROGRAM_ARM_SUMMARY.csv,966,14B9514FF37D640D8E08E8D917C6365196D85A397AAF846F7CC86D2E3F369039,parsed 11 data rows; 8 columns,PASS_WITH_SCOPE_AS_STATED
phase17_v7/gateC5A/20260815_gse135779_source_mapping_freeze/17_GATE_C5A_ADVISOR_DECISION.json,3055,3B5B6D1D1CB613A0C984D13685EF01F1E13D7323986AD73DE1D69CD188FF24C3,JSON parsed,PASS_WITH_SCOPE_AS_STATED
phase17_v7/gateC5A/20260815_gse135779_source_mapping_freeze/17_GATE_C5A_ADVISOR_DECISION.md,2712,60F3D859472FD4B564F8BE8C34607D488C147BADB972E0C2B3BEF5714CE2C30F,UTF-8 decoded; semantic review separate,PASS_WITH_SCOPE_AS_STATED
phase17_v7/gateC5A/20260815_gse135779_source_mapping_freeze/18_GATE_C5A_INTEGRITY_AUDIT.json,1910,88EE8B2D2D51B71C100A1B45EDFF67CCD838C398D8A39913284F772636DEE328,JSON parsed,PASS_WITH_SCOPE_AS_STATED
phase17_v7/gateC5A/20260815_gse135779_source_mapping_freeze/18_GATE_C5A_INTEGRITY_AUDIT.md,270,4B8B6B0D7FBCBD6B77AC52EC82E9F3C1D19DE4783084EAEB4685D615E2A49F48,UTF-8 decoded; semantic review separate,PASS_WITH_SCOPE_AS_STATED
phase17_v7/gateC5A/20260815_gse135779_source_mapping_freeze/19_gate_c5a_integrity_manifest.csv,3135,CD07F8AE44EBDD8C37C5EE4808D24BE7F489936E8722E7429C1F22A8829B7E1E,parsed 27 data rows; 4 columns,PASS_WITH_SCOPE_AS_STATED
phase17_v7/gateC5A/20260815_gse135779_source_mapping_freeze/figures/gate_c5a_gse135779_source_mapping_freeze.pdf,57563,D34273CD7F5EA505C865FFB528FCF78625D6FA8D06FFC02076D4540BFBB8C3ED,PDF parsed; 1 pages,PASS_WITH_SCOPE_AS_STATED
phase17_v7/gateC5A/20260815_gse135779_source_mapping_freeze/figures/gate_c5a_gse135779_source_mapping_freeze.png,387073,887A031FDB2614E08109733743F5E393000883FA4A1D1F2741F8D90386AF8028,Image decoded and verified,PASS_WITH_SCOPE_AS_STATED
phase17_v7/gateC5B/20260815_gse135779_external_validation/01_R_sessionInfo.txt,923,1BFF0E8A51754099BCDBAD7D61BD2241AFCF9D75B27C1F47E611EE74F39C6A5D,UTF-8 decoded; semantic review separate,PASS_WITH_SCOPE_AS_STATED
phase17_v7/gateC5B/20260815_gse135779_external_validation/03_MATRIX_EXPORT_AUDIT.json,17006,6C4643CDF640EC95294FEE841B5A8D57DD6BB79251357D3A5E6B6AEC8A50D970,JSON parsed,PASS_WITH_SCOPE_AS_STATED
phase17_v7/gateC5B/20260815_gse135779_external_validation/03_MATRIX_EXPORT_AUDIT.md,892,6288991EC9DAFAA22626CC18A77B046A2F2AABF512F3DF4FBE3F223F2A7E81A0,UTF-8 decoded; semantic review separate,PASS_WITH_SCOPE_AS_STATED
phase17_v7/gateC5B/20260815_gse135779_external_validation/04_EDGER_QUALIFICATION.json,4574,062A182F3A1C1524788786B99D083CC0933003951FFF006BCA02E507C2C3BDA2,JSON parsed,PASS_WITH_SCOPE_AS_STATED
phase17_v7/gateC5B/20260815_gse135779_external_validation/04_EDGER_QUALIFICATION.md,836,51DA3882B787CF6E8AA0D73ED87036A23CE827A5282928DEB927E1447CAC1CA5,UTF-8 decoded; semantic review separate,PASS_WITH_SCOPE_AS_STATED
phase17_v7/gateC5B/20260815_gse135779_external_validation/05_MODEL_SUMMARY.csv,791,3CDC3686191B796CEDA2C60BEDCB6CCF5DF4A5DE83D0110B53A513D434258653,parsed 5 data rows; 13 columns,PASS_WITH_SCOPE_AS_STATED
phase17_v7/gateC5B/20260815_gse135779_external_validation/06_TOP100_GENE_RESULTS.csv,86379,DEB01CEF9D0B0151462D9ADFFDACEF9101A0B7CA59A0F4FDFD7DB55FF637495E,parsed 500 data rows; 14 columns,PASS_WITH_SCOPE_AS_STATED
phase17_v7/gateC5B/20260815_gse135779_external_validation/07_PROGRAM_RESULTS.csv,11981,91AE73F711988B2C46BC37E4A530432887337B6331EF8F9F362BEC29E2225F46,parsed 45 data rows; 18 columns,PASS_WITH_SCOPE_AS_STATED
phase17_v7/gateC5B/20260815_gse135779_external_validation/09_FROZEN_PROGRAM_ARM_CAMERA.csv,9581,58146900B014D0336466D9CDAC337971C20E387CF42DF1113C7F14E2F5AF8168,parsed 55 data rows; 11 columns,PASS_WITH_SCOPE_AS_STATED
phase17_v7/gateC5B/20260815_gse135779_external_validation/10_PRIMARY_PROGRAM_DONOR_LOO.csv,1642,BE9279A26BB4CD9D7762E0827FED56271AF347445ABB91BAA8C87CD52FB196F4,parsed 9 data rows; 10 columns,PASS_WITH_SCOPE_AS_STATED
phase17_v7/gateC5B/20260815_gse135779_external_validation/11_PRIMARY_CONFIRMATORY_GENE_DONOR_LOO.csv,6362,1FE01A48BE75318F4369D98E9900A8FC4B00BD7812C3C8FF3CC9FC73AF0C5635,parsed 44 data rows; 10 columns,PASS_WITH_SCOPE_AS_STATED
phase17_v7/gateC5B/20260815_gse135779_external_validation/12_SOURCE_LABEL_LOO_PROGRAM_RESULTS.csv,21300,94879BF708F05D1D73EC888A97801894CEFD2D13623A3D8F55648E575283C52D,parsed 72 data rows; 20 columns,PASS_WITH_SCOPE_AS_STATED
phase17_v7/gateC5B/20260815_gse135779_external_validation/13_EXTERNAL_GENE_EFFECT_CONCORDANCE.csv,578,87D1161D6933F81E83F8264060BE59ABE1054A4BBF66407A287157F2E329E42C,parsed 3 data rows; 9 columns,PASS_WITH_SCOPE_AS_STATED
phase17_v7/gateC5B/20260815_gse135779_external_validation/14_PRIMARY_RANKED_QC_FAMILY_AUDIT.csv,147,8D753E035CBE089BC7257B7846A211B9D02A5180953EA16A9951F809DFE97243,parsed 3 data rows; 5 columns,PASS_WITH_SCOPE_AS_STATED
phase17_v7/gateC5B/20260815_gse135779_external_validation/15_FROZEN_MODEL_RUN_STATUS.json,2867,7699DA8056BA67AC88057C5A3F998E4E435602D900D61990EEFC4994D44FA4FD,JSON parsed,PASS_WITH_SCOPE_AS_STATED
phase17_v7/gateC5B/20260815_gse135779_external_validation/16_CROSS_DATASET_IFN_GENE_EFFECTS.csv,3962,A5D187EF443832DBC923E2BC9C4C1E9CECC479585F2D315F73838731BD4BBB39,parsed 12 data rows; 21 columns,PASS_WITH_SCOPE_AS_STATED
phase17_v7/gateC5B/20260815_gse135779_external_validation/16_CROSS_DATASET_IFN_PROGRAM_EFFECTS.csv,777,91EC6E8BAAB83EE9C6F0B630233B37B7FC2652F0CF5300075FB6F8ADC96737D5,parsed 6 data rows; 7 columns,PASS_WITH_SCOPE_AS_STATED
phase17_v7/gateC5B/20260815_gse135779_external_validation/17_GATE_C5B_ADVISOR_DECISION.json,5602,8C310D55B6F4A7605E62766054F025B5BA5477A6EBF309C1AA9B79D2345A73FD,JSON parsed,PASS_WITH_SCOPE_AS_STATED
phase17_v7/gateC5B/20260815_gse135779_external_validation/17_GATE_C5B_ADVISOR_DECISION.md,1527,5E3C74C6A546E6F01DB7CDE2B253C1329B70BB84AA3F8E5F4AFA530A5B3350CA,UTF-8 decoded; semantic review separate,PASS_WITH_SCOPE_AS_STATED
phase17_v7/gateC5B/20260815_gse135779_external_validation/18_GATE_C5B_RESULT_INTEGRITY_AUDIT.json,3554,ED489DF04A3BBC34D5D3AD2BC70F701229D502F899C3B5865A99D0E9BC429EEF,JSON parsed,PASS_WITH_SCOPE_AS_STATED
phase17_v7/gateC5B/20260815_gse135779_external_validation/18_GATE_C5B_RESULT_INTEGRITY_AUDIT.md,342,482D1168C00146B334DE78249293EBE8D77BB7B78025247B2454FD0925EB16D7,UTF-8 decoded; semantic review separate,PASS_WITH_SCOPE_AS_STATED
phase17_v7/gateC5B/20260815_gse135779_external_validation/19_gate_c5b_integrity_manifest.csv,9246,7D0A658490413882D83F075EADA0155A7B03BB1DF1814A7E6210FDE1375D96CC,parsed 69 data rows; 4 columns,PASS_WITH_SCOPE_AS_STATED
phase17_v7/gateC5B/20260815_gse135779_external_validation/02_matrix_exports/adult_min50_samples.csv,1572,01D8E8C6A5B89FEA1503A025433FB6A6266D574D062D20E53715CC8497103153,parsed 11 data rows; 19 columns,PASS_WITH_SCOPE_AS_STATED
phase17_v7/gateC5B/20260815_gse135779_external_validation/02_matrix_exports/childhood_min50_samples.csv,5797,1CB0D067B101B1A7BB74D674870D9E65B50C996F809451C88537022F870FD2E2,parsed 43 data rows; 19 columns,PASS_WITH_SCOPE_AS_STATED
phase17_v7/gateC5B/20260815_gse135779_external_validation/02_matrix_exports/childhood_min50_without_b_casc0_samples.csv,6887,92B584FD304F1DF5EAD6D7A8B1FD33B9ADD4C2B3C8226602690CC980A6D710AD,parsed 43 data rows; 23 columns,PASS_WITH_SCOPE_AS_STATED
phase17_v7/gateC5B/20260815_gse135779_external_validation/02_matrix_exports/childhood_min50_without_b_casc1_samples.csv,6881,1B821C2614846F3B221C213D2C81ADBB0FA9F75BFFEEE533E804F80A5551E55F,parsed 43 data rows; 23 columns,PASS_WITH_SCOPE_AS_STATED
phase17_v7/gateC5B/20260815_gse135779_external_validation/02_matrix_exports/childhood_min50_without_b_casc2_samples.csv,6880,F283D7DA0152B42053DD846C725694825E7022AEA9C50D78366C218DB6F1488C,parsed 43 data rows; 23 columns,PASS_WITH_SCOPE_AS_STATED
phase17_v7/gateC5B/20260815_gse135779_external_validation/02_matrix_exports/childhood_min50_without_b_casc3_samples.csv,6860,F93FC9AEAEFB6040E093C635A2141AB0B8A936D2251D0FEE835936904256EC2C,parsed 43 data rows; 23 columns,PASS_WITH_SCOPE_AS_STATED
phase17_v7/gateC5B/20260815_gse135779_external_validation/02_matrix_exports/childhood_min50_without_b_casc4_samples.csv,6881,4DEF4E53F0029276C80BBE544781E544748AD650DD06F5702F7A007829D2D893,parsed 43 data rows; 23 columns,PASS_WITH_SCOPE_AS_STATED
phase17_v7/gateC5B/20260815_gse135779_external_validation/02_matrix_exports/childhood_min50_without_b_casc5_samples.csv,6871,0F6FF597E3B51B939D08C26B84310B00CEB6E101E6F5E78DA66563599FD1BFC5,parsed 43 data rows; 23 columns,PASS_WITH_SCOPE_AS_STATED
phase17_v7/gateC5B/20260815_gse135779_external_validation/02_matrix_exports/childhood_min50_without_b_casc6_samples.csv,6873,87429D55EC42F6F97881CDD7356686E646A79F4281E035E58FAB2259CEA69313,parsed 43 data rows; 23 columns,PASS_WITH_SCOPE_AS_STATED
phase17_v7/gateC5B/20260815_gse135779_external_validation/02_matrix_exports/childhood_min50_without_b_casc7_samples.csv,6864,30F69572C6B5D34C6050965711DD1EB0333A0548592ED2C8566FA0BE083B6884,parsed 43 data rows; 23 columns,PASS_WITH_SCOPE_AS_STATED
phase17_v7/gateC5B/20260815_gse135779_external_validation/02_matrix_exports/combined_min100_samples.csv,7294,D6B72D56032594D2847906460BCF4C1F184CDE14333C120C8AD028359C8DDF54,parsed 51 data rows; 19 columns,PASS_WITH_SCOPE_AS_STATED
phase17_v7/gateC5B/20260815_gse135779_external_validation/02_matrix_exports/combined_min20_samples.csv,7842,AB919D8ACBBAE5D0B5B8AB3368D4E70C10F9E65C52679489B7CDCE1D5404B0BE,parsed 56 data rows; 19 columns,PASS_WITH_SCOPE_AS_STATED
phase17_v7/gateC5B/20260815_gse135779_external_validation/02_matrix_exports/combined_min50_samples.csv,7581,5F6CB6A4D901DDE25662F003C6EFE833AA7AAB5505289DA10FBB688CC1ED8797,parsed 54 data rows; 19 columns,PASS_WITH_SCOPE_AS_STATED
phase17_v7/gateC5B/20260815_gse135779_external_validation/figures/gate_c5b_gse135779_independent_ifn_validation.pdf,131700,2B3BFE2FF6B9179C79E70BBA7B102C516F2DDBFCCB69BD7B56C4321AEA483E6D,PDF parsed; 1 pages,PASS_WITH_SCOPE_AS_STATED
phase17_v7/gateC5B/20260815_gse135779_external_validation/figures/gate_c5b_gse135779_independent_ifn_validation.png,453651,C36F6DD8AB10687D0473FFFB7B4E6A93DA13CED16DD4DDB2E7FEBD4ECC5CA065,Image decoded and verified,PASS_WITH_SCOPE_AS_STATED
phase17_v7/gateC6A/20260815_claim_integration/01_CLAIM_TO_EVIDENCE_MATRIX.csv,4841,A3619154762A3A47741E3E40C7EA7980CF13DF29863595DC6C05CACFF068793D,parsed 11 data rows; 10 columns,PASS_WITH_SCOPE_AS_STATED
phase17_v7/gateC6A/20260815_claim_integration/01_CLAIM_TO_EVIDENCE_MATRIX.md,1870,3295737545B39E1BAC4F11CA8AB2F58CC61039B75AE5E3CA214821DB747F12FD,UTF-8 decoded; semantic review separate,PASS_WITH_SCOPE_AS_STATED
phase17_v7/gateC6A/20260815_claim_integration/02_MANUSCRIPT_NUMERIC_SOURCE.csv,1983,55756B5C54568701F62293A619D569BB58940587468C85B8BFB7007DC7E12AE3,parsed 10 data rows; 6 columns,PASS_WITH_SCOPE_AS_STATED
phase17_v7/gateC6A/20260815_claim_integration/04_GATE_C6A_TEXT_QC.csv,871,0AD321E8EE9F9E2DB40AA8A5EB7B08B25809378AE550189C8E9FC4E7947A139B,parsed 11 data rows; 5 columns,PASS_WITH_SCOPE_AS_STATED
phase17_v7/gateC6A/20260815_claim_integration/05_GATE_C6A_ADVISOR_DECISION.json,1228,7E7D6C071687147525E7BC1BFA358F13DE470F1C24D74EB3CB4B286D5AFD2D8B,JSON parsed,PASS_WITH_SCOPE_AS_STATED
phase17_v7/gateC6A/20260815_claim_integration/05_GATE_C6A_ADVISOR_DECISION.md,1151,904CFB2FCA0B93FD1473AE225BDF81949B513CD2E7808EC5EF83AE0760AF4F3B,UTF-8 decoded; semantic review separate,PASS_WITH_SCOPE_AS_STATED
phase17_v7/gateC6A/20260815_claim_integration/06_GATE_C6A_INTEGRITY_MANIFEST.csv,3209,DF38FA5920EEDBAF5E8B0C8A89F1AC781E2A3286C04EDDD0A488D94FD5DEB422,parsed 21 data rows; 4 columns,PASS_WITH_SCOPE_AS_STATED
phase17_v7/gateC6B/20260815_pre_effect_resource_freeze/01_COLLECTRI_RESOURCE_METADATA.json,1708,B76D09F7159AFD49C014E36339F7073C3B5BDF55841A287C42AFD6F80968512F,JSON parsed,PASS_WITH_SCOPE_AS_STATED
phase17_v7/gateC6B/20260815_pre_effect_resource_freeze/02_REGULATOR_TARGET_COVERAGE.csv,656,F640438B5C5D1E7B4901568D3964FF2A4D655813CB0A66FB946C0099224BDDE8,parsed 8 data rows; 10 columns,PASS_WITH_SCOPE_AS_STATED
phase17_v7/gateC6B/20260815_pre_effect_resource_freeze/03_RESOURCE_INVENTORY.md,2330,0996800C4E3F9637D553DB22D7E3A40DB39D418997E9B23FA03C08330440ABAA,UTF-8 decoded; semantic review separate,PASS_WITH_SCOPE_AS_STATED
phase17_v7/gateC6B/20260815_pre_effect_resource_freeze/04_CONTRAST_REGULATOR_COVERAGE.csv,1664,5EBA1B9C70308B12DA006003786A2BBE8C7DEE3A3A6BB7EFCCEFF52594339EA3,parsed 24 data rows; 6 columns,PASS_WITH_SCOPE_AS_STATED
phase17_v7/gateC6B/20260815_pre_effect_resource_freeze/05_MSIGDB_M5911_GENE_SET.csv,6466,CAAFCC3D12750879311B636ED79EC16F23464367D38CD32DC665C7E53F6FD2BF,parsed 97 data rows; 6 columns,PASS_WITH_SCOPE_AS_STATED
phase17_v7/gateC6B/20260815_pre_effect_resource_freeze/06_GSE23307_SAMPLE_PAIRING.csv,487,6C0DFA3F5EFC0FA8BA1B496362B13DB60CF3211F83FBB2E72C8A2824FA06407B,parsed 6 data rows; 7 columns,PASS_WITH_SCOPE_AS_STATED
phase17_v7/gateC6B/20260815_pre_effect_resource_freeze/07_EXTERNAL_RESOURCE_MANIFEST.csv,1045,4877EEBD25C154A1060D9C1976D1F5FEE34CD6A3150C090F3DD9FABE0212B63F,parsed 3 data rows; 7 columns,PASS_WITH_SCOPE_AS_STATED
phase17_v7/gateC6B/20260815_pre_effect_resource_freeze/08_EXTERNAL_RESOURCE_FREEZE.json,967,7D202247A7BB8AFDEBD62E3847D1E10876EDCF37322839DD80E1954AA271FCB6,JSON parsed,PASS_WITH_SCOPE_AS_STATED
phase17_v7/gateC6B/20260815_pre_effect_resource_freeze/08_EXTERNAL_RESOURCE_FREEZE.md,1024,5B142F65289177D40D6582DB8349A03FB9AAF7E313D85C83B20F154D8AFFB335,UTF-8 decoded; semantic review separate,PASS_WITH_SCOPE_AS_STATED
phase17_v7/gateC6B/20260815_pre_effect_resource_freeze/09_C6B1_REAL_INPUT_COVERAGE.csv,2168,56B0A0D27CF22017F195EBEE05F617359B381A5715612038732A18FF79531DBD,parsed 24 data rows; 11 columns,PASS_WITH_SCOPE_AS_STATED
phase17_v7/gateC6B/20260815_pre_effect_resource_freeze/10_C6B1_SYNTHETIC_SIGNAL_RESULTS.csv,2202,43A84DA9D620DD2B8CF87D5D706D99CEC7B16D2D8100B914BCE5EB5CC721135A,parsed 24 data rows; 6 columns,PASS_WITH_SCOPE_AS_STATED
phase17_v7/gateC6B/20260815_pre_effect_resource_freeze/11_C6B1_QUALIFICATION_DECISION.json,1973,C76E9D9C0B73C298B78B3CF6DE9F4E49AD25CE46D153FD39444D0F612778AC36,JSON parsed,PASS_WITH_SCOPE_AS_STATED
phase17_v7/gateC6B/20260815_pre_effect_resource_freeze/11_C6B1_QUALIFICATION_DECISION.md,900,54C2810D6A3C5236618D0659EC4C8223A708589AAE73DE4A9605F0014A5F5E3C,UTF-8 decoded; semantic review separate,PASS_WITH_SCOPE_AS_STATED
phase17_v7/gateC6B/20260815_regulatory_evidence/01_CONFIRMATORY_REGULATOR_RESULTS.csv,6168,B19AD3DDD981B9BFB62A9CC9ED3C3A610F98F447FD234E96EDB85E617BB5FB52,parsed 24 data rows; 18 columns,PASS_WITH_SCOPE_AS_STATED
phase17_v7/gateC6B/20260815_regulatory_evidence/02_IFN_TARGET_INFLUENCE_SUMMARY.csv,1614,BEFF43FFF991EF6E030B5E07E58775F30694B39F2682B183D2ED9E484CE19376,parsed 12 data rows; 13 columns,PASS_WITH_SCOPE_AS_STATED
phase17_v7/gateC6B/20260815_regulatory_evidence/03_IFN_TARGET_LEAVE_ONE_OUT.csv,28339,03B4D9CDEFD80DC9AE1269A8E4DC33C90B9696752D5DAE5EA168DE3113D81437,parsed 485 data rows; 5 columns,PASS_WITH_SCOPE_AS_STATED
phase17_v7/gateC6B/20260815_regulatory_evidence/04_IFN_TARGET_RESAMPLING.csv,74964,36872F95767D34140736F363D4695A7DFDC4C878BB65F1527A25845A841201BB,parsed 1200 data rows; 7 columns,PASS_WITH_SCOPE_AS_STATED
phase17_v7/gateC6B/20260815_regulatory_evidence/05_SUPPORTIVE_SENSITIVITY_REGULATOR_RESULTS.csv,17510,5270AC6F958218A80D82F213DBA8B6AA6A65AC98988A5269700DE1986A18DC53,parsed 72 data rows; 17 columns,PASS_WITH_SCOPE_AS_STATED
phase17_v7/gateC6B/20260815_regulatory_evidence/06_INPUT_AUDIT.csv,3633,C643D22688100D4DEA92446F0405BEB161C61EEBCB98BC58B83FB205AA25045C,parsed 12 data rows; 9 columns,PASS_WITH_SCOPE_AS_STATED
phase17_v7/gateC6B/20260815_regulatory_evidence/07_GATE_C6B2_DECISION.json,952,B1AB3CCCD3C18351E27880BA9E658B45DD8E5D86E9BE1E0A0A1C6733070BDCA0,JSON parsed,PASS_WITH_SCOPE_AS_STATED
phase17_v7/gateC6B/20260815_regulatory_evidence/07_GATE_C6B2_DECISION.md,3022,DD2FFEFE744201138C03D3753FDF570D9E44EC626D58245743BE1DDE1DAD39E9,UTF-8 decoded; semantic review separate,PASS_WITH_SCOPE_AS_STATED
phase17_v7/gateC6B/20260815_regulatory_evidence/08_GSE23307_FROZEN_PROBE_MAPPING.csv,1564,2F9CD3DDDABE9BCA78456F68416CED11E833F6F8931F8928FE86D604A9F7B50A,parsed 21 data rows; 4 columns,PASS_WITH_SCOPE_AS_STATED
phase17_v7/gateC6B/20260815_regulatory_evidence/09_C6B3_ORTHOGONAL_METHOD_FREEZE.json,1655,4FDECFEEAA97015AE0264D0B41A82CF900CCFCC11F30267D6C0A484F12184B3A,JSON parsed,PASS_WITH_SCOPE_AS_STATED
phase17_v7/gateC6B/20260815_regulatory_evidence/09_C6B3_ORTHOGONAL_METHOD_FREEZE.md,685,7A7B56216570EC5842910F4AFD7C007A9670315D18348C73EF5DDD79D4A83889,UTF-8 decoded; semantic review separate,PASS_WITH_SCOPE_AS_STATED
phase17_v7/gateC6B/20260815_regulatory_evidence/10_GSE23307_GENE_SAMPLE_EXPRESSION.csv,2460,78CE2F41A7B8AD3BC75D1DEFD2B593730F14ADCE1C47BBB9BA6C68805459F8BF,parsed 48 data rows; 5 columns,PASS_WITH_SCOPE_AS_STATED
phase17_v7/gateC6B/20260815_regulatory_evidence/11_GSE23307_PAIRED_GENE_EFFECTS.csv,1741,36E9C4097658A200C7DC896461505CB2E907ACE2D2B62B7DFAEDBF5A5D97C01E,parsed 24 data rows; 8 columns,PASS_WITH_SCOPE_AS_STATED
phase17_v7/gateC6B/20260815_regulatory_evidence/12_GSE23307_DONOR_PROGRAM_EFFECTS.csv,293,DBCED0788CC7DE6D5CB681B311E73DA71DBF11D4595DE8A72DB6D2C41BFA5FDB,parsed 2 data rows; 8 columns,PASS_WITH_SCOPE_AS_STATED
phase17_v7/gateC6B/20260815_regulatory_evidence/13_MSIGDB_M5911_PRERANKED_GSEA.csv,1495,63B0445643773DADC0D83298BD6D76789D74045DD76DD2E0DDE52E9B60AB0282,parsed 3 data rows; 13 columns,PASS_WITH_SCOPE_AS_STATED
phase17_v7/gateC6B/20260815_regulatory_evidence/14_GATE_C6B4_ORTHOGONAL_DECISION.json,3832,B4F2BF6E67F8336DD1569BE07A81323462B52CB09263B40258CFF7AA7A648083,JSON parsed,PASS_WITH_SCOPE_AS_STATED
phase17_v7/gateC6B/20260815_regulatory_evidence/14_GATE_C6B4_ORTHOGONAL_DECISION.md,870,3CB64803BB724AF7D304C65371C8736CF1D7FA2ADF30CA7CF30F1E0D0D86F9F5,UTF-8 decoded; semantic review separate,PASS_WITH_SCOPE_AS_STATED
phase17_v7/gateC6B/20260815_regulatory_evidence/15_C6B3A_SCALE_REPAIR_FREEZE.json,1198,CEDE6E8E99B95EAD80312B1AB3A02F50A8D7B801C94BBB13668049DA5C0CD4CC,JSON parsed,PASS_WITH_SCOPE_AS_STATED
phase17_v7/gateC6B/20260815_regulatory_evidence/15_C6B3A_SCALE_REPAIR_FREEZE.md,1077,614E34F874D87A5EE9D42A2FA484099D9B65C9030DED9719029CFB52DBABB005,UTF-8 decoded; semantic review separate,PASS_WITH_SCOPE_AS_STATED
phase17_v7/gateC6B/20260815_regulatory_evidence/16_GSE23307_LOG2P1_GENE_SAMPLE_EXPRESSION.csv,2873,A42C14A8945072CCEEC7A2717BB833DA79052D9D62D3F3C13AD40026D3B3974F,parsed 48 data rows; 5 columns,PASS_WITH_SCOPE_AS_STATED
phase17_v7/gateC6B/20260815_regulatory_evidence/17_GSE23307_LOG2P1_PAIRED_GENE_EFFECTS.csv,2288,BD3FBCADB7F1321F5627D764EC2A1C8CF0A1BEFE330FF8B3B441CF5C987D08A5,parsed 24 data rows; 8 columns,PASS_WITH_SCOPE_AS_STATED
phase17_v7/gateC6B/20260815_regulatory_evidence/18_GSE23307_LOG2P1_DONOR_PROGRAM_EFFECTS.csv,316,97F3771C03CC6717530C2CF378830BB936C890F0E3B8E5E4C43C0BE98B86DA70,parsed 2 data rows; 8 columns,PASS_WITH_SCOPE_AS_STATED
phase17_v7/gateC6B/20260815_regulatory_evidence/19_MSIGDB_M5911_PRERANKED_GSEA.csv,1495,63B0445643773DADC0D83298BD6D76789D74045DD76DD2E0DDE52E9B60AB0282,parsed 3 data rows; 13 columns,PASS_WITH_SCOPE_AS_STATED
phase17_v7/gateC6B/20260815_regulatory_evidence/20_GATE_C6B4A_ORTHOGONAL_DECISION.json,4097,1D9F5113076E3410DA748655BFF28EEF9161017C42FEF18D7C5029B6D110577A,JSON parsed,PASS_WITH_SCOPE_AS_STATED
phase17_v7/gateC6B/20260815_regulatory_evidence/20_GATE_C6B4A_ORTHOGONAL_DECISION.md,906,3D890BB46908A9DA0C11EC989B57447DDBBE3B1942723AEE111296BFA2DFE291,UTF-8 decoded; semantic review separate,PASS_WITH_SCOPE_AS_STATED
phase17_v7/gateC6B/20260815_regulatory_evidence/21_FIGURE5_SOURCE_DATA.csv,4248,7F0FC55ED5B57B5963B9AF249FED7C135462859377F9A2B29D978315F2ED4FB5,parsed 29 data rows; 9 columns,PASS_WITH_SCOPE_AS_STATED
phase17_v7/gateC6B/20260815_regulatory_evidence/22_FIGURE5_REGULATORY_EVIDENCE.pdf,54360,A51AE50E08096F573A4AA4FCF6C4DF1F4A04554897E622D69D737B9C0711854F,PDF parsed; 1 pages,PASS_WITH_SCOPE_AS_STATED
phase17_v7/gateC6B/20260815_regulatory_evidence/22_FIGURE5_REGULATORY_EVIDENCE.png,546146,C3DC963C2CA71B0B360205ED09B885AC875711A02A73F41F60B141D0C5339BDF,Image decoded and verified,PASS_WITH_SCOPE_AS_STATED
phase17_v7/gateC6B/20260815_regulatory_evidence/23_FIGURE5_CAPTION.md,1203,38156EB4169915A3A72757FEAA9063AD701437BF5835ED257D8BD00E96E70AAE,UTF-8 decoded; semantic review separate,PASS_WITH_SCOPE_AS_STATED
phase17_v7/gateC6B/20260815_regulatory_evidence/24_GATE_C6B_FINAL_AUDIT.json,1299,EC3050D0969C5F28B794E6BAC53ECD51718A5AD6BCB11E79DDB07078E87CA988,JSON parsed,PASS_WITH_SCOPE_AS_STATED
phase17_v7/gateC6B/20260815_regulatory_evidence/24_GATE_C6B_FINAL_AUDIT.md,1503,D4AB196ED2A6024C00751E79893D307E7F4C1ABA1308FC484323DE813DCEDA42,UTF-8 decoded; semantic review separate,PASS_WITH_SCOPE_AS_STATED
phase17_v7/gateC6B/20260815_regulatory_evidence/25_INTEGRITY_MANIFEST.csv,3580,0968AAE2D464C259A1596E4B6F8527FAA996BAF113A5CABF9BE9260C917EA357,parsed 31 data rows; 4 columns,PASS_WITH_SCOPE_AS_STATED
phase17_v7/gateC7/20260820_manuscript_figure_integration/01_FIGURE_BUILD_STATUS.json,233,BDB6099A0EECCB4EF0FF5EE8BEADF190A356659513632DD6EE5BF74521017D16,JSON parsed,PASS_WITH_SCOPE_AS_STATED
phase17_v7/gateC7/20260820_manuscript_figure_integration/02_CLAIM_NUMBER_CROSSWALK.csv,6439,A6B43E00F55760D16D370571B41A09D35F049F83573D5F938EF491E371ED1E15,parsed 14 data rows; 10 columns,PASS_WITH_SCOPE_AS_STATED
phase17_v7/gateC7/20260820_manuscript_figure_integration/03_FIGURE_SOURCE_CROSSWALK.csv,614,CB57D6159A1A47D2E8BD9134ECF55518475276966F9DB776C447025B8DC064DC,parsed 5 data rows; 6 columns,PASS_WITH_SCOPE_AS_STATED
phase17_v7/gateC7/20260820_manuscript_figure_integration/04_MANUSCRIPT_NUMERIC_SOURCE.csv,3072,532F7A8E13748A44A4620045B3A135D766D15DFEC27752CABFF09294AAEA9C58,parsed 16 data rows; 6 columns,PASS_WITH_SCOPE_AS_STATED
phase17_v7/gateC7/20260820_manuscript_figure_integration/05_TEXT_INTEGRATION_STATUS.json,790,EF20EDD84F5E9F71F9134056AD957A380E038B9953051CE30FD421C40F0C6ED7,JSON parsed,PASS_WITH_SCOPE_AS_STATED
phase17_v7/gateC7/20260820_manuscript_figure_integration/06_GATE_C7_FINAL_AUDIT.json,3800,0DFB47B72AC309A1C0D53075A4BF737635D9DF3DEA3727B0AFEBD6A32DA8E1C0,JSON parsed,PASS_WITH_SCOPE_AS_STATED
phase17_v7/gateC7/20260820_manuscript_figure_integration/06_GATE_C7_FINAL_AUDIT.md,2356,CBA1D4AAE2E6BB716D79C2690BB0B59BCCE2A9F8DE541FC1F69B15F63DA5C425,UTF-8 decoded; semantic review separate,PASS_WITH_SCOPE_AS_STATED
phase17_v7/gateC7/20260820_manuscript_figure_integration/07_INTEGRITY_MANIFEST.csv,4921,0910A9FC844016CB56FBADD49FC86F843D1807F391B918B38F4DEDA97A689640,parsed 31 data rows; 3 columns,PASS_WITH_SCOPE_AS_STATED
phase17_v7/gateC7/20260820_manuscript_figure_integration/figures/Figure1_disease_blind_identity_scope.pdf,57720,7C430A47164C3CE627F4B76457517816F9E0200FC60AFE215C651EFB17573BA6,PDF parsed; 1 pages,PASS_WITH_SCOPE_AS_STATED
phase17_v7/gateC7/20260820_manuscript_figure_integration/figures/Figure1_disease_blind_identity_scope.png,610052,281C779D3625A18EE34A0CEB3F47786E4F5905C3A6002D8316323A2378F34E6C,Image decoded and verified,PASS_WITH_SCOPE_AS_STATED
phase17_v7/gateC7/20260820_manuscript_figure_integration/figures/Figure2_sample_level_composition.pdf,48942,C3E0FA47394C9CEC079AECB6B4C9297B67251C729DFD13CC414FBFF97D8BCC0A,PDF parsed; 1 pages,PASS_WITH_SCOPE_AS_STATED
phase17_v7/gateC7/20260820_manuscript_figure_integration/figures/Figure2_sample_level_composition.png,485523,96D6657984778A4A090D1B7AC33CE4833513B6D6C3E9EFFE07F8FFE832B29ED9,Image decoded and verified,PASS_WITH_SCOPE_AS_STATED
phase17_v7/gateC7/20260820_manuscript_figure_integration/figures/Figure3_gse174188_bconv_transcription.pdf,53403,4395470BD258AA024683F9DEF3B5B79A403A3789BD55BC74053EC93FB64C80AF,PDF parsed; 1 pages,PASS_WITH_SCOPE_AS_STATED
phase17_v7/gateC7/20260820_manuscript_figure_integration/figures/Figure3_gse174188_bconv_transcription.png,442445,8617C4AD0DB1E5461DED26306DA96D46A22B53B9408848A20640330E9F273805,Image decoded and verified,PASS_WITH_SCOPE_AS_STATED
phase17_v7/gateC7/20260820_manuscript_figure_integration/figures/Figure4_independent_ifn_replication.pdf,55421,ADA40354D68BE09A8742BE1EEB074859421016F3C538CFE7B8884EEBB5EA8984,PDF parsed; 1 pages,PASS_WITH_SCOPE_AS_STATED
phase17_v7/gateC7/20260820_manuscript_figure_integration/figures/Figure4_independent_ifn_replication.png,637595,064793D02D3D119E120132B8FB28D2075866C18A5DE39156A5A5A19DD1727288,Image decoded and verified,PASS_WITH_SCOPE_AS_STATED
phase17_v7/gateC7/20260820_manuscript_figure_integration/figures/Figure5_regulatory_evidence.pdf,53558,31E6AF8A43532FD416DD239558CE178EDBD46E3D5C82E892607E3256BDB2565A,PDF parsed; 1 pages,PASS_WITH_SCOPE_AS_STATED
phase17_v7/gateC7/20260820_manuscript_figure_integration/figures/Figure5_regulatory_evidence.png,501635,1260D06C38D163A82C4A092780A92DF2246F628C513566A08E6E808605A0CB91,Image decoded and verified,PASS_WITH_SCOPE_AS_STATED
phase17_v7/gateC7/20260820_manuscript_figure_integration/source_data/Figure1_source_data.csv,3652,60BED18114D447076538BB4C2355DCD7E29EA74701D5DF39654D1E4335200944,parsed 57 data rows; 6 columns,PASS_WITH_SCOPE_AS_STATED
phase17_v7/gateC7/20260820_manuscript_figure_integration/source_data/Figure2_source_data.csv,33705,DAA6DDBAB469E0D510AB578BEE0A21AA73FA2D71184739E3F361C3EA6EC8DFE2,parsed 191 data rows; 34 columns,PASS_WITH_SCOPE_AS_STATED
phase17_v7/gateC7/20260820_manuscript_figure_integration/source_data/Figure3_source_data.csv,8333,DEFABF8C16D879362E3AD197C857A9197CD6D0691B20FDFA4AC97BEFF3710BC8,parsed 38 data rows; 38 columns,PASS_WITH_SCOPE_AS_STATED
phase17_v7/gateC7/20260820_manuscript_figure_integration/source_data/Figure4_source_data.csv,500362,1C04F4071F7F064CA1AB4E47A281F0AA14074466E06BAB6FA30078029F570A9E,parsed 4430 data rows; 39 columns,PASS_WITH_SCOPE_AS_STATED
phase17_v7/gateC7/20260820_manuscript_figure_integration/source_data/Figure5_source_data.csv,4194,8EE40D5E95DC3513ABD1BD89AD99244DB912AE99EB7781AF134EE77DFA562665,parsed 29 data rows; 9 columns,PASS_WITH_SCOPE_AS_STATED
phase17_v7/gateC8/20260820_genome_medicine_submission_package/01_GATE_C8_SOURCE_BUILD_STATUS.json,558,89D37245D5ABA9114A2F20DAB01D7E841C2AE77DCBE241893CDF554714DE7F28,JSON parsed,PASS_WITH_SCOPE_AS_STATED
phase17_v7/gateC8/20260820_genome_medicine_submission_package/02_GATE_C8_DOCUMENT_BUILD_STATUS.json,1654,F08B75F7A73B999BF1889B4F50AFE4996848148385EBEAD0E821FDF804136765,JSON parsed,PASS_WITH_SCOPE_AS_STATED
phase17_v7/gateC8/20260820_genome_medicine_submission_package/03_GATE_C8_FINAL_AUDIT.json,4013,B07561250E3C019A20220C48979F1BA7B29E1C9DBA7607FB4171056C17C7B8CD,JSON parsed,PASS_WITH_SCOPE_AS_STATED
phase17_v7/gateC8/20260820_genome_medicine_submission_package/03_GATE_C8_FINAL_AUDIT.md,3192,78CBF7B7D49FAD89F7FA16A8AD8816B55BEBE59940E4E16D00860C82F6B87A45,UTF-8 decoded; semantic review separate,PASS_WITH_SCOPE_AS_STATED
phase17_v7/gateC8/20260820_genome_medicine_submission_package/04_GATE_C8_INTEGRITY_MANIFEST.csv,7687,28E6CB6ED9EE928EA0E946E0A2842229C0E8F695CC196C390C80A0539A16F9DB,parsed 62 data rows; 3 columns,PASS_WITH_SCOPE_AS_STATED
phase17_v7/gateC8/20260820_genome_medicine_submission_package/05_GATE_C8_PACKAGE_STATUS.json,4256,DCEB76F850385FA115213DA6AB09D61EE276A39D2E12FE151D49C7B84CEEF72E,JSON parsed,PASS_WITH_SCOPE_AS_STATED
phase17_v7/gateC8/20260820_genome_medicine_submission_package/references/crossref_raw_gateC8.json,409446,AB305BF0CC46D3D1442EBDC42C0CF78BD430C067AC19B02DEC266D44B0676D28,JSON parsed,PASS_WITH_SCOPE_AS_STATED
phase17_v7/gateC8/20260820_genome_medicine_submission_package/references/reference_verification_gateC8.csv,2500,33EADAABBB4BDCE37E066E1A95B96343380FBB1A59CF7A9C89F3F727187944CD,parsed 13 data rows; 11 columns,PASS_WITH_SCOPE_AS_STATED
phase17_v7/gateC8/20260820_genome_medicine_submission_package/references/reference_verification_gateC8.md,1148,9B995F178A27ECD40B48493A3C448F82371A7FD76DEE425ECDE4A30DE1161E90,UTF-8 decoded; semantic review separate,PASS_WITH_SCOPE_AS_STATED
phase17_v7/gateC8/20260820_genome_medicine_submission_package/references/references_gateC8_vancouver.md,2939,2814ECDD605FC1849B929DBBC5A8B5CF52C08A904711F183D4E8ED7C5F7D8D22,UTF-8 decoded; semantic review separate,PASS_WITH_SCOPE_AS_STATED
phase17_v7/gateC8B/20260821_editorial_literature_preflight/01_FIGURE_BUILD_STATUS.json,435,F13356697A1F00D78D7B989560CAE52F199D5DD75A082D2663FDBFC116D44023,JSON parsed,PASS_WITH_SCOPE_AS_STATED
phase17_v7/gateC8B/20260821_editorial_literature_preflight/01_GATE_C8B_REFERENCE_STATUS.json,276,B981964783306CED5AB6093A1AF567ABB55B2289D4EED0EF3590E7AB574E0F15,JSON parsed,PASS_WITH_SCOPE_AS_STATED
phase17_v7/gateC8B/20260821_editorial_literature_preflight/02_PANEL_DATA_ASSERTIONS.json,6186,4D26BA775AC7C6672843F4439EC259344BB86ADAB956C11D2355ACCBB73CA6DC,JSON parsed,PASS_WITH_SCOPE_AS_STATED
phase17_v7/gateC8B/20260821_editorial_literature_preflight/03_GATE_C8B_SOURCE_BUILD_STATUS.json,1125,4497C6B33E0843AA6BDCD210BC8D952D6B89FD48A4A4344D030C10F9CB88E8FB,JSON parsed,PASS_WITH_SCOPE_AS_STATED
phase17_v7/gateC8B/20260821_editorial_literature_preflight/04_GATE_C8B_DOCUMENT_BUILD_STATUS.json,2374,8ACA6AA5AA4B8CB765F5C0F5CD99CEF743170E7053EC64618991E2C1D75FD679,JSON parsed,PASS_WITH_SCOPE_AS_STATED
phase17_v7/gateC8B/20260821_editorial_literature_preflight/05_GATE_C8B_FINAL_AUDIT.json,3738,0C76B1EEFB515F9F07C430292C8E957BD690EEEA7724DE3AD4CA852DFB07BAE0,JSON parsed,PASS_WITH_SCOPE_AS_STATED
phase17_v7/gateC8B/20260821_editorial_literature_preflight/05_GATE_C8B_FINAL_AUDIT.md,3013,8A065EE42412509A4A586D913BC84A606E156886D9A00C20C5C17A756AAE5FB7,UTF-8 decoded; semantic review separate,PASS_WITH_SCOPE_AS_STATED
phase17_v7/gateC8B/20260821_editorial_literature_preflight/06_GATE_C8B_INTEGRITY_MANIFEST.csv,14623,7F839E86AEE98C3F2A93F9888B9C82EF62A034A446861CD4A74B006BEA6CB587,parsed 112 data rows; 3 columns,PASS_WITH_SCOPE_AS_STATED
phase17_v7/gateC8B/20260821_editorial_literature_preflight/07_GATE_C8B_PACKAGE_STATUS.json,4123,0799CC41D4294D22FEEC7D44525E08E6DDAF550774B753C8E9BE78AFE1DFED56,JSON parsed,PASS_WITH_SCOPE_AS_STATED
phase17_v7/gateC8B/20260821_editorial_literature_preflight/figures/Figure1_disease_blind_identity_scope.pdf,60977,C72876A3783B8874E621EF633F9EC20532E068D4A24DEB944D291AB1E08E50C0,PDF parsed; 1 pages,PASS_WITH_SCOPE_AS_STATED
phase17_v7/gateC8B/20260821_editorial_literature_preflight/figures/Figure1_disease_blind_identity_scope.png,523356,04B96954FFC9C2137306CB244763A1BBCD0B596507DB4BEF0F2B6F0FAFBEB100,Image decoded and verified,PASS_WITH_SCOPE_AS_STATED
phase17_v7/gateC8B/20260821_editorial_literature_preflight/figures/Figure2_sample_level_composition.pdf,49848,A987001F89A06E91C425E5243E96294470644CDA0F20D536D541BDEA6ACA5068,PDF parsed; 1 pages,PASS_WITH_SCOPE_AS_STATED
phase17_v7/gateC8B/20260821_editorial_literature_preflight/figures/Figure2_sample_level_composition.png,454608,B6B2D13F1478539865D069472F3F22A95EAEDAA90D77ECF9612612414EDC3D12,Image decoded and verified,PASS_WITH_SCOPE_AS_STATED
phase17_v7/gateC8B/20260821_editorial_literature_preflight/figures/Figure3_gse174188_bconv_transcription.pdf,55135,0A3D8CFB15736ADE417F53C848A16299EC218054A819CA880DE0C459D773A5EA,PDF parsed; 1 pages,PASS_WITH_SCOPE_AS_STATED
phase17_v7/gateC8B/20260821_editorial_literature_preflight/figures/Figure3_gse174188_bconv_transcription.png,452040,37BFD7400877E18A422E2B66E4BD268113EF46EC1DBDD04C6EC2284A6AC8704F,Image decoded and verified,PASS_WITH_SCOPE_AS_STATED
phase17_v7/gateC8B/20260821_editorial_literature_preflight/figures/Figure4_independent_ifn_replication.pdf,56820,C0A93F9A48BE194B8C09D6E787BEF1C632DAD6E15067D277F8F7FFCF673F3EC1,PDF parsed; 1 pages,PASS_WITH_SCOPE_AS_STATED
phase17_v7/gateC8B/20260821_editorial_literature_preflight/figures/Figure4_independent_ifn_replication.png,628446,FD8B9F54607F2B6936C15A201214E80B8975BB401E87ED86BA1C12EF721C172E,Image decoded and verified,PASS_WITH_SCOPE_AS_STATED
phase17_v7/gateC8B/20260821_editorial_literature_preflight/figures/Figure5_regulatory_evidence.pdf,54056,727991D01546B11C9D14717956AB3800C94A3E664193C09FE411ABBD1D324675,PDF parsed; 1 pages,PASS_WITH_SCOPE_AS_STATED
phase17_v7/gateC8B/20260821_editorial_literature_preflight/figures/Figure5_regulatory_evidence.png,594965,E48BD8DBF1F28AD145A8AAF258BD87F93AE3E7BCB1D409A4F8637DC23420CECC,Image decoded and verified,PASS_WITH_SCOPE_AS_STATED
phase17_v7/gateC8B/20260821_editorial_literature_preflight/references/crossref_raw_gateC8B.json,858301,F69F055930BA70CD974497EBF4A38F44D39BCD6A280B3B0BD1FCFFDACE19F253,JSON parsed,PASS_WITH_SCOPE_AS_STATED
phase17_v7/gateC8B/20260821_editorial_literature_preflight/references/reference_verification_gateC8B.csv,5456,36C78CB2C864363C437FF9768ABE6BEDE0E38B4EAB5E4696E9DC4447ABCC0858,parsed 27 data rows; 11 columns,PASS_WITH_SCOPE_AS_STATED
phase17_v7/gateC8B/20260821_editorial_literature_preflight/references/reference_verification_gateC8B.md,2043,F2C80B467A6E000B3289407AA835DD8666B1684284A8D98032A063AC497C6DA2,UTF-8 decoded; semantic review separate,PASS_WITH_SCOPE_AS_STATED
phase17_v7/gateC8B/20260821_editorial_literature_preflight/references/references_gateC8B_vancouver.md,6466,9180AEBEC9EEC113768F1CBF484E61243B3288AC496B514E1DFC4E751D2C5705,UTF-8 decoded; semantic review separate,PASS_WITH_SCOPE_AS_STATED
phase17_v7/gateC8B/20260821_editorial_literature_preflight/source_data/Figure1_source_data.csv,3652,60BED18114D447076538BB4C2355DCD7E29EA74701D5DF39654D1E4335200944,parsed 57 data rows; 6 columns,PASS_WITH_SCOPE_AS_STATED
phase17_v7/gateC8B/20260821_editorial_literature_preflight/source_data/Figure2_source_data.csv,33705,DAA6DDBAB469E0D510AB578BEE0A21AA73FA2D71184739E3F361C3EA6EC8DFE2,parsed 191 data rows; 34 columns,PASS_WITH_SCOPE_AS_STATED
phase17_v7/gateC8B/20260821_editorial_literature_preflight/source_data/Figure3_source_data.csv,8333,DEFABF8C16D879362E3AD197C857A9197CD6D0691B20FDFA4AC97BEFF3710BC8,parsed 38 data rows; 38 columns,PASS_WITH_SCOPE_AS_STATED
phase17_v7/gateC8B/20260821_editorial_literature_preflight/source_data/Figure4_source_data.csv,500362,1C04F4071F7F064CA1AB4E47A281F0AA14074466E06BAB6FA30078029F570A9E,parsed 4430 data rows; 39 columns,PASS_WITH_SCOPE_AS_STATED
phase17_v7/gateC8B/20260821_editorial_literature_preflight/source_data/Figure5_source_data.csv,4162,21925F6916DDAF97760CF73622ED8E4B4CCBE5AE0B3B53C721FDF607C1C6F9A4,parsed 29 data rows; 9 columns,PASS_WITH_SCOPE_AS_STATED
phase17_v7/gateC8BR/20260825_release_portability_preflight/00_GATE_C8BR_RELEASE_RUNTIME_STATUS.json,867,D21724792840F725AAFE9E638647EBC74CF8FC6078A300F45CF390A555753089,JSON parsed,PASS_WITH_SCOPE_AS_STATED
phase17_v7/gateC8BR/20260825_release_portability_preflight/01_FIGURE_BUILD_STATUS.json,1659,AE517728DA928D80A03014AC821D3408A9367C10445290D954E0463C91166784,JSON parsed,PASS_WITH_SCOPE_AS_STATED
phase17_v7/gateC8BR/20260825_release_portability_preflight/01_GATE_C8BR_REFERENCE_STATUS.json,475,C4921A8711C005D560C72F77F66783E5507E5E3D997303944D79EBB9994AF646,JSON parsed,PASS_WITH_SCOPE_AS_STATED
phase17_v7/gateC8BR/20260825_release_portability_preflight/02_PANEL_DATA_ASSERTIONS.json,6186,56271A0EAB8E1F906AD63D58FEF1B32EB025CBEAC1F0F12DB6F02B7BC231394A,JSON parsed,PASS_WITH_SCOPE_AS_STATED
phase17_v7/gateC8BR/20260825_release_portability_preflight/03_GATE_C8BR_SOURCE_BUILD_STATUS.json,1302,9A4B11FE09D266D15B99001550780DA8364ED18846C5BE503DA0E5FA92BBA764,JSON parsed,PASS_WITH_SCOPE_AS_STATED
phase17_v7/gateC8BR/20260825_release_portability_preflight/04_GATE_C8BR_DOCUMENT_BUILD_STATUS.json,2459,AB8D66362F106F20D1893E92F88E2EBBA6F3DFE64BFEDB2D25042014E4328FD6,JSON parsed,PASS_WITH_SCOPE_AS_STATED
phase17_v7/gateC8BR/20260825_release_portability_preflight/05_GATE_C8BR_FINAL_AUDIT.json,4395,9F084B183403AA06C10D2EA7402B7CD2060E48DD0BA3F34FAC6E4F5FD0E215A9,JSON parsed,PASS_WITH_SCOPE_AS_STATED
phase17_v7/gateC8BR/20260825_release_portability_preflight/05_GATE_C8BR_FINAL_AUDIT.md,3485,8EE89AC90FCE3983F5E0E5D5FAE211FCB7457986A15F9D25D3815B43726F2AFA,UTF-8 decoded; semantic review separate,PASS_WITH_SCOPE_AS_STATED
phase17_v7/gateC8BR/20260825_release_portability_preflight/06_GATE_C8BR_INTEGRITY_MANIFEST.csv,14579,D29A9A2CBD947882EC4082747E9015BEC94A45E0E334C66ECD684CCE262CC30D,parsed 112 data rows; 3 columns,PASS_WITH_SCOPE_AS_STATED
phase17_v7/gateC8BR/20260825_release_portability_preflight/07_GATE_C8BR_PACKAGE_STATUS.json,4791,127EE4A0E565085B5C182C9D6FCF6C16C20FCC1E4CA83255FFCF98583F16254D,JSON parsed,PASS_WITH_SCOPE_AS_STATED
phase17_v7/gateC8BR/20260825_release_portability_preflight/figures/Figure1_disease_blind_identity_scope.pdf,60977,C72876A3783B8874E621EF633F9EC20532E068D4A24DEB944D291AB1E08E50C0,PDF parsed; 1 pages,PASS_WITH_SCOPE_AS_STATED
phase17_v7/gateC8BR/20260825_release_portability_preflight/figures/Figure1_disease_blind_identity_scope.png,523356,04B96954FFC9C2137306CB244763A1BBCD0B596507DB4BEF0F2B6F0FAFBEB100,Image decoded and verified,PASS_WITH_SCOPE_AS_STATED
phase17_v7/gateC8BR/20260825_release_portability_preflight/figures/Figure2_sample_level_composition.pdf,49848,A987001F89A06E91C425E5243E96294470644CDA0F20D536D541BDEA6ACA5068,PDF parsed; 1 pages,PASS_WITH_SCOPE_AS_STATED
phase17_v7/gateC8BR/20260825_release_portability_preflight/figures/Figure2_sample_level_composition.png,454608,B6B2D13F1478539865D069472F3F22A95EAEDAA90D77ECF9612612414EDC3D12,Image decoded and verified,PASS_WITH_SCOPE_AS_STATED
phase17_v7/gateC8BR/20260825_release_portability_preflight/figures/Figure3_gse174188_bconv_transcription.pdf,55135,0A3D8CFB15736ADE417F53C848A16299EC218054A819CA880DE0C459D773A5EA,PDF parsed; 1 pages,PASS_WITH_SCOPE_AS_STATED
phase17_v7/gateC8BR/20260825_release_portability_preflight/figures/Figure3_gse174188_bconv_transcription.png,452040,37BFD7400877E18A422E2B66E4BD268113EF46EC1DBDD04C6EC2284A6AC8704F,Image decoded and verified,PASS_WITH_SCOPE_AS_STATED
phase17_v7/gateC8BR/20260825_release_portability_preflight/figures/Figure4_independent_ifn_replication.pdf,56820,C0A93F9A48BE194B8C09D6E787BEF1C632DAD6E15067D277F8F7FFCF673F3EC1,PDF parsed; 1 pages,PASS_WITH_SCOPE_AS_STATED
phase17_v7/gateC8BR/20260825_release_portability_preflight/figures/Figure4_independent_ifn_replication.png,628446,FD8B9F54607F2B6936C15A201214E80B8975BB401E87ED86BA1C12EF721C172E,Image decoded and verified,PASS_WITH_SCOPE_AS_STATED
phase17_v7/gateC8BR/20260825_release_portability_preflight/figures/Figure5_regulatory_evidence.pdf,53706,6DBB15109590613BF23153C59BA56291D8F9D307E2A4A12FD31A72B9F8262EA2,PDF parsed; 1 pages,PASS_WITH_SCOPE_AS_STATED
phase17_v7/gateC8BR/20260825_release_portability_preflight/figures/Figure5_regulatory_evidence.png,635997,05B3D8B05F5022558A3B2A0D8973A58F6BA9CD9193D452BDDD2D8C197EBA04B4,Image decoded and verified,PASS_WITH_SCOPE_AS_STATED
phase17_v7/gateC8BR/20260825_release_portability_preflight/references/crossref_raw_gateC8BR.json,888631,C39C5BA7FA75902EF972929CA9739245A1967EC271CE2B57B217606DFB30340E,JSON parsed,PASS_WITH_SCOPE_AS_STATED
phase17_v7/gateC8BR/20260825_release_portability_preflight/references/reference_verification_gateC8BR.csv,5699,485EC8B15834714105312C85D79778BBC208B482FA22AFF9ADD010627F92D3B6,parsed 28 data rows; 11 columns,PASS_WITH_SCOPE_AS_STATED
phase17_v7/gateC8BR/20260825_release_portability_preflight/references/reference_verification_gateC8BR.md,2293,9C4E5F405B6C8A3667092A0C2AAF1DE5446EE8E9B5FCFFC2C554D560E155400D,UTF-8 decoded; semantic review separate,PASS_WITH_SCOPE_AS_STATED
phase17_v7/gateC8BR/20260825_release_portability_preflight/references/references_gateC8BR_vancouver.md,6725,9AE9785180DFDF9E8C886E5DE0CB1D440836A2D079938EE469328B323E9D4C47,UTF-8 decoded; semantic review separate,PASS_WITH_SCOPE_AS_STATED
phase17_v7/gateC8BR/20260825_release_portability_preflight/source_data/Figure1_source_data.csv,3652,60BED18114D447076538BB4C2355DCD7E29EA74701D5DF39654D1E4335200944,parsed 57 data rows; 6 columns,PASS_WITH_SCOPE_AS_STATED
phase17_v7/gateC8BR/20260825_release_portability_preflight/source_data/Figure2_source_data.csv,33705,DAA6DDBAB469E0D510AB578BEE0A21AA73FA2D71184739E3F361C3EA6EC8DFE2,parsed 191 data rows; 34 columns,PASS_WITH_SCOPE_AS_STATED
phase17_v7/gateC8BR/20260825_release_portability_preflight/source_data/Figure3_source_data.csv,8333,DEFABF8C16D879362E3AD197C857A9197CD6D0691B20FDFA4AC97BEFF3710BC8,parsed 38 data rows; 38 columns,PASS_WITH_SCOPE_AS_STATED
phase17_v7/gateC8BR/20260825_release_portability_preflight/source_data/Figure4_source_data.csv,500362,1C04F4071F7F064CA1AB4E47A281F0AA14074466E06BAB6FA30078029F570A9E,parsed 4430 data rows; 39 columns,PASS_WITH_SCOPE_AS_STATED
phase17_v7/gateC8BR/20260825_release_portability_preflight/source_data/Figure5_source_data.csv,4162,21925F6916DDAF97760CF73622ED8E4B4CCBE5AE0B3B53C721FDF607C1C6F9A4,parsed 29 data rows; 9 columns,PASS_WITH_SCOPE_AS_STATED
phase17_v7/gateC8BRF/20260825_author_release/00_FIGURE1_PUBLICATION_SOURCE_PROVENANCE.json,1059,C383315C8E3C41AFC9BCEECAEF66C515AC1427AE0D95AF8492255E406DCDAFC4,JSON parsed,PASS_WITH_SCOPE_AS_STATED
phase17_v7/gateC8BRF/20260825_author_release/00_GATE_C8BR_RELEASE_RUNTIME_STATUS.json,867,D21724792840F725AAFE9E638647EBC74CF8FC6078A300F45CF390A555753089,JSON parsed,PASS_WITH_SCOPE_AS_STATED
phase17_v7/gateC8BRF/20260825_author_release/01_FIGURE_BUILD_STATUS.json,2042,93ADC97D6726EF4C9CD2A0B8A28C24EE925B3A48B6F7A8C12255D7F658339C7E,JSON parsed,PASS_WITH_SCOPE_AS_STATED
phase17_v7/gateC8BRF/20260825_author_release/02_PANEL_DATA_ASSERTIONS.json,6186,6021BB023B4F7E69B1291C0728BAD7880EB99D41F27BB2FEE517F25EC53BB144,JSON parsed,PASS_WITH_SCOPE_AS_STATED
phase17_v7/gateC8BRF/20260825_author_release/03_FIGURE2_UUID_GOVERNANCE.json,1555,4BD4D7C485B2C1B57976F2B9CC155D38DC2210530B3EE5EA8E16311283065BF8,JSON parsed,PASS_WITH_SCOPE_AS_STATED
phase17_v7/gateC8BRF/20260825_author_release/03_FIGURE2_UUID_GOVERNANCE.md,990,4E069E664074208BD924B92B873B21F975B652BF151E9BF4563727E04103029D,UTF-8 decoded; semantic review separate,PASS_WITH_SCOPE_AS_STATED
phase17_v7/gateC8BRF/20260825_author_release/04_SOURCE_BUILD_STATUS.json,929,6EF902F0E3BBF59D368526A17BBF832A94161293F444D9C06010AFF42FD8EF48,JSON parsed,PASS_WITH_SCOPE_AS_STATED
phase17_v7/gateC8BRF/20260825_author_release/05_DOCUMENT_BUILD_STATUS.json,2810,05F1A055B66B435449078C6DD9CC8D9D7289D1473BAD4331A5CBBFCAD71EE37F,JSON parsed,PASS_WITH_SCOPE_AS_STATED
phase17_v7/gateC8BRF/20260825_author_release/06_GATE_C8BRF_FINAL_AUDIT.json,4901,5C9DC933F646E515C3686F8E4977D183EBB943597EF407659B13ED00E8326A8F,JSON parsed,PASS_WITH_SCOPE_AS_STATED
phase17_v7/gateC8BRF/20260825_author_release/06_GATE_C8BRF_FINAL_AUDIT.md,1490,835C5E811FC151DADC7710113CFB0F20950285469CAA963C13E41CFE216D3123,UTF-8 decoded; semantic review separate,PASS_WITH_SCOPE_AS_STATED
phase17_v7/gateC8BRF/20260825_author_release/07_GATE_C8BRF_PACKAGE_STATUS.json,354,26284E17DEED1328D69D5883255D5D5D022F38000FA337643C2A98CE62C19525,JSON parsed,PASS_WITH_SCOPE_AS_STATED
phase17_v7/gateC8BRF/20260825_author_release/08_VISUAL_QA_STATUS.json,711,5208681049DE61F865F7FF644BC07047129716C414FD18442608BD4F11F82FAC,JSON parsed,PASS_WITH_SCOPE_AS_STATED
phase17_v7/gateC8BRF/20260825_author_release/08_VISUAL_QA_STATUS.md,832,5876A8C1992C796578A86F7AD352DBFE25A913FB9EF9C4476D5E4B567D76F6DB,UTF-8 decoded; semantic review separate,PASS_WITH_SCOPE_AS_STATED
phase17_v7/gateC8BRF/20260825_author_release/09_PUBLIC_RELEASE_STATUS.json,2635,15062B9FFE78692C4A4190D719BCA2393140693784B18582F89B992E6819C573,JSON parsed,PASS_WITH_SCOPE_AS_STATED
phase17_v7/gateC8BRF/20260825_author_release/09_PUBLIC_RELEASE_STATUS.md,860,9E73C9B7865A8AAC82ACAC4D63922B08AE221D46D362755754CA58FA9263E8D4,UTF-8 decoded; semantic review separate,PASS_WITH_SCOPE_AS_STATED
phase17_v7/gateC8BRF/20260825_author_release/figures/Figure1_disease_blind_identity_scope.pdf,58256,2A983EF01120B69DD57CF25DD601489F50991F9F1BED31F9B317D08BB9865C24,PDF parsed; 1 pages,PASS_WITH_SCOPE_AS_STATED
phase17_v7/gateC8BRF/20260825_author_release/figures/Figure1_disease_blind_identity_scope.png,638620,63D29A7DDA0EB35337951E8B337D692B7984F166D1BCE28C26933CDA1F3D24F2,Image decoded and verified,PASS_WITH_SCOPE_AS_STATED
phase17_v7/gateC8BRF/20260825_author_release/figures/Figure2_sample_level_composition.pdf,49303,C7B50FF0829D7ADF7B5B819747C7B6F78F61760DFABB18D088E5F6BE290D3DFB,PDF parsed; 1 pages,PASS_WITH_SCOPE_AS_STATED
phase17_v7/gateC8BRF/20260825_author_release/figures/Figure2_sample_level_composition.png,471529,06655207C483175986ADF2BD231C30DF902A8F2ED78D4C286DA29C10D5085AF7,Image decoded and verified,PASS_WITH_SCOPE_AS_STATED
phase17_v7/gateC8BRF/20260825_author_release/figures/Figure3_gse174188_bconv_transcription.pdf,54202,61FC164955295F80BF4055F5CAC93A5CC3CE9D24866CD8A0FA5DD51965C8ED6E,PDF parsed; 1 pages,PASS_WITH_SCOPE_AS_STATED
phase17_v7/gateC8BRF/20260825_author_release/figures/Figure3_gse174188_bconv_transcription.png,457009,C1648B3F4DD83309D94ED86ACA96EFDA475210F1F7F3F7A01988EADACB313D78,Image decoded and verified,PASS_WITH_SCOPE_AS_STATED
phase17_v7/gateC8BRF/20260825_author_release/figures/Figure4_independent_ifn_replication.pdf,54815,D32BDF28F07F8BD5E45DFEE9F62D833AFE8E1B5DFFC2F74FD5733A53B53D99C2,PDF parsed; 1 pages,PASS_WITH_SCOPE_AS_STATED
phase17_v7/gateC8BRF/20260825_author_release/figures/Figure4_independent_ifn_replication.png,604889,4A93921986A94936A9A15681B6F898ED507E6EAC485A3426F5F5573B5B6FA782,Image decoded and verified,PASS_WITH_SCOPE_AS_STATED
phase17_v7/gateC8BRF/20260825_author_release/figures/Figure5_regulatory_evidence.pdf,63040,720350AAEA542F7ED0364EC87B5B2E2D2A18694480172C65ECE2BE27CFCF9520,PDF parsed; 1 pages,PASS_WITH_SCOPE_AS_STATED
phase17_v7/gateC8BRF/20260825_author_release/figures/Figure5_regulatory_evidence.png,751098,C17A9B30359B4FBAFF03F2F62820AAE7DAE73F1AC1100512E753DFACC2453CDF,Image decoded and verified,PASS_WITH_SCOPE_AS_STATED
phase17_v7/gateC8BRF/20260825_author_release/source_data/Figure1_source_data.csv,3481,F3D45F72422B8469F7DD0A6E888541075A1D090277E9F96D16565B5B44C5B805,parsed 55 data rows; 6 columns,PASS_WITH_SCOPE_AS_STATED
phase17_v7/gateC8BRF/20260825_author_release/source_data/Figure2_source_data.csv,33705,DAA6DDBAB469E0D510AB578BEE0A21AA73FA2D71184739E3F361C3EA6EC8DFE2,parsed 191 data rows; 34 columns,PASS_WITH_SCOPE_AS_STATED
phase17_v7/gateC8BRF/20260825_author_release/source_data/Figure3_source_data.csv,8333,DEFABF8C16D879362E3AD197C857A9197CD6D0691B20FDFA4AC97BEFF3710BC8,parsed 38 data rows; 38 columns,PASS_WITH_SCOPE_AS_STATED
phase17_v7/gateC8BRF/20260825_author_release/source_data/Figure4_source_data.csv,500362,1C04F4071F7F064CA1AB4E47A281F0AA14074466E06BAB6FA30078029F570A9E,parsed 4430 data rows; 39 columns,PASS_WITH_SCOPE_AS_STATED
phase17_v7/gateC8BRF/20260825_author_release/source_data/Figure5_source_data.csv,4162,21925F6916DDAF97760CF73622ED8E4B4CCBE5AE0B3B53C721FDF607C1C6F9A4,parsed 29 data rows; 9 columns,PASS_WITH_SCOPE_AS_STATED
phase17_v7/gateC8BRP/20260825_journal_facing_prefreeze/00_GATE_C8BR_RELEASE_RUNTIME_STATUS.json,867,D21724792840F725AAFE9E638647EBC74CF8FC6078A300F45CF390A555753089,JSON parsed,PASS_WITH_SCOPE_AS_STATED
phase17_v7/gateC8BRP/20260825_journal_facing_prefreeze/01_FIGURE_BUILD_STATUS.json,1162,2182B84F4D793FC818463DB0A408663F68DD2B6900B0EE113733FB5D480A8914,JSON parsed,PASS_WITH_SCOPE_AS_STATED
phase17_v7/gateC8BRP/20260825_journal_facing_prefreeze/01_GATE_C8BRP_REFERENCE_STATUS.json,266,58B284B3FA0E1DB64A58BDB6A209CEF55CFA6FCB89509B287ED45AE3997943C3,JSON parsed,PASS_WITH_SCOPE_AS_STATED
phase17_v7/gateC8BRP/20260825_journal_facing_prefreeze/02_PANEL_DATA_ASSERTIONS.json,6186,FEBF5C65A4ED1B65820E79450C14EBE25BD2C789A36D9B53670004E03E54CB28,JSON parsed,PASS_WITH_SCOPE_AS_STATED
phase17_v7/gateC8BRP/20260825_journal_facing_prefreeze/03_GATE_C8BRP_SOURCE_BUILD_STATUS.json,1319,60BC4ECA8C94C9897DAAAC6415D0856A1ACACB5966620BD44A32CBD26AD57BA6,JSON parsed,PASS_WITH_SCOPE_AS_STATED
phase17_v7/gateC8BRP/20260825_journal_facing_prefreeze/04_GATE_C8BRP_DOCUMENT_BUILD_STATUS.json,2350,FCB8D00311CB9DA2A3156A871C7DDC7DC46E24D817462D528847902ABF787357,JSON parsed,PASS_WITH_SCOPE_AS_STATED
phase17_v7/gateC8BRP/20260825_journal_facing_prefreeze/05_GATE_C8BRP_FINAL_AUDIT.json,4603,42C4EF2F89F313F9253BEBC39C50F4D882D88A4161EFC097712DE28F7AA746CA,JSON parsed,PASS_WITH_SCOPE_AS_STATED
phase17_v7/gateC8BRP/20260825_journal_facing_prefreeze/05_GATE_C8BRP_FINAL_AUDIT.md,3631,070F398A96BD145561DB0449C4A8456DA56012D1A393DEB95641B3988B8F8246,UTF-8 decoded; semantic review separate,PASS_WITH_SCOPE_AS_STATED
phase17_v7/gateC8BRP/20260825_journal_facing_prefreeze/06_GATE_C8BRP_INTEGRITY_MANIFEST.csv,17324,CE1830A47A618EF32DC3A7052ECE6339553D63455976B59A444541E13032241F,parsed 138 data rows; 3 columns,PASS_WITH_SCOPE_AS_STATED
phase17_v7/gateC8BRP/20260825_journal_facing_prefreeze/07_GATE_C8BRP_PACKAGE_STATUS.json,4995,A1E1CE2826C357FF7693D30A9982A512D71AA721DEE82DFE31821CEAD2757E47,JSON parsed,PASS_WITH_SCOPE_AS_STATED
phase17_v7/gateC8BRP/20260825_journal_facing_prefreeze/08_VISUAL_QA_STATUS.json,947,327484631206805FEDA2421584F8E214C50566E21DA0B5AA275D050D71B782E6,JSON parsed,PASS_WITH_SCOPE_AS_STATED
phase17_v7/gateC8BRP/20260825_journal_facing_prefreeze/08_VISUAL_QA_STATUS.md,1001,62ADEC0157E0932CBEBB9332B4C2E7DC296A6D69A233126C16EA45F77374B62D,UTF-8 decoded; semantic review separate,PASS_WITH_SCOPE_AS_STATED
phase17_v7/gateC8BRP/20260825_journal_facing_prefreeze/figures/Figure1_disease_blind_identity_scope.pdf,52560,9D75D3702ECFE87103EC8A551CE35464B1A3686686AD3D3757105081AFF09F92,PDF parsed; 1 pages,PASS_WITH_SCOPE_AS_STATED
phase17_v7/gateC8BRP/20260825_journal_facing_prefreeze/figures/Figure1_disease_blind_identity_scope.png,589235,2EAD57086C2DB1C7A472C69168346E8C7A8957130027471AC55A042517600C72,Image decoded and verified,PASS_WITH_SCOPE_AS_STATED
phase17_v7/gateC8BRP/20260825_journal_facing_prefreeze/figures/Figure2_sample_level_composition.pdf,49848,A987001F89A06E91C425E5243E96294470644CDA0F20D536D541BDEA6ACA5068,PDF parsed; 1 pages,PASS_WITH_SCOPE_AS_STATED
phase17_v7/gateC8BRP/20260825_journal_facing_prefreeze/figures/Figure2_sample_level_composition.png,454608,B6B2D13F1478539865D069472F3F22A95EAEDAA90D77ECF9612612414EDC3D12,Image decoded and verified,PASS_WITH_SCOPE_AS_STATED
phase17_v7/gateC8BRP/20260825_journal_facing_prefreeze/figures/Figure3_gse174188_bconv_transcription.pdf,55135,0A3D8CFB15736ADE417F53C848A16299EC218054A819CA880DE0C459D773A5EA,PDF parsed; 1 pages,PASS_WITH_SCOPE_AS_STATED
phase17_v7/gateC8BRP/20260825_journal_facing_prefreeze/figures/Figure3_gse174188_bconv_transcription.png,452040,37BFD7400877E18A422E2B66E4BD268113EF46EC1DBDD04C6EC2284A6AC8704F,Image decoded and verified,PASS_WITH_SCOPE_AS_STATED
phase17_v7/gateC8BRP/20260825_journal_facing_prefreeze/figures/Figure4_independent_ifn_replication.pdf,54957,697FABA6C35D289839B3ECF05F3855A306B9E785590BFD6FF4D8E6801F9FF967,PDF parsed; 1 pages,PASS_WITH_SCOPE_AS_STATED
phase17_v7/gateC8BRP/20260825_journal_facing_prefreeze/figures/Figure4_independent_ifn_replication.png,636449,8F6F48592912633268D2664B0F44B953F6B6C66AB1E4D5D3DBD51DD85BA19658,Image decoded and verified,PASS_WITH_SCOPE_AS_STATED
phase17_v7/gateC8BRP/20260825_journal_facing_prefreeze/figures/Figure5_regulatory_evidence.pdf,53706,E02599EDD1FD0582E54CE8A393505D9DF94089ADFA62C6749A9FEB491533176E,PDF parsed; 1 pages,PASS_WITH_SCOPE_AS_STATED
phase17_v7/gateC8BRP/20260825_journal_facing_prefreeze/figures/Figure5_regulatory_evidence.png,635997,05B3D8B05F5022558A3B2A0D8973A58F6BA9CD9193D452BDDD2D8C197EBA04B4,Image decoded and verified,PASS_WITH_SCOPE_AS_STATED
phase17_v7/gateC8BRP/20260825_journal_facing_prefreeze/references/crossref_raw_gateC8BR.json,888631,C39C5BA7FA75902EF972929CA9739245A1967EC271CE2B57B217606DFB30340E,JSON parsed,PASS_WITH_SCOPE_AS_STATED
phase17_v7/gateC8BRP/20260825_journal_facing_prefreeze/references/reference_verification_gateC8BR.csv,5699,485EC8B15834714105312C85D79778BBC208B482FA22AFF9ADD010627F92D3B6,parsed 28 data rows; 11 columns,PASS_WITH_SCOPE_AS_STATED
phase17_v7/gateC8BRP/20260825_journal_facing_prefreeze/references/reference_verification_gateC8BR.md,2293,9C4E5F405B6C8A3667092A0C2AAF1DE5446EE8E9B5FCFFC2C554D560E155400D,UTF-8 decoded; semantic review separate,PASS_WITH_SCOPE_AS_STATED
phase17_v7/gateC8BRP/20260825_journal_facing_prefreeze/references/references_gateC8BR_vancouver.md,6725,9AE9785180DFDF9E8C886E5DE0CB1D440836A2D079938EE469328B323E9D4C47,UTF-8 decoded; semantic review separate,PASS_WITH_SCOPE_AS_STATED
phase17_v7/gateC8BRP/20260825_journal_facing_prefreeze/source_data/Figure1_source_data.csv,3652,60BED18114D447076538BB4C2355DCD7E29EA74701D5DF39654D1E4335200944,parsed 57 data rows; 6 columns,PASS_WITH_SCOPE_AS_STATED
phase17_v7/gateC8BRP/20260825_journal_facing_prefreeze/source_data/Figure2_source_data.csv,33705,DAA6DDBAB469E0D510AB578BEE0A21AA73FA2D71184739E3F361C3EA6EC8DFE2,parsed 191 data rows; 34 columns,PASS_WITH_SCOPE_AS_STATED
phase17_v7/gateC8BRP/20260825_journal_facing_prefreeze/source_data/Figure3_source_data.csv,8333,DEFABF8C16D879362E3AD197C857A9197CD6D0691B20FDFA4AC97BEFF3710BC8,parsed 38 data rows; 38 columns,PASS_WITH_SCOPE_AS_STATED
phase17_v7/gateC8BRP/20260825_journal_facing_prefreeze/source_data/Figure4_source_data.csv,500362,1C04F4071F7F064CA1AB4E47A281F0AA14074466E06BAB6FA30078029F570A9E,parsed 4430 data rows; 39 columns,PASS_WITH_SCOPE_AS_STATED
phase17_v7/gateC8BRP/20260825_journal_facing_prefreeze/source_data/Figure5_source_data.csv,4162,21925F6916DDAF97760CF73622ED8E4B4CCBE5AE0B3B53C721FDF607C1C6F9A4,parsed 29 data rows; 9 columns,PASS_WITH_SCOPE_AS_STATED
phase17_v7/gateC8R/20260820_pre_submission_repair/01_FIGURE_BUILD_STATUS.json,305,80AA31CBEA0455EAA4D10F2E29733299B4C59C74B5145EB5B1C6C2E943C26003,JSON parsed,PASS_WITH_SCOPE_AS_STATED
phase17_v7/gateC8R/20260820_pre_submission_repair/02_PANEL_DATA_ASSERTIONS.json,5814,8897E38C1BF046430E44B91D7EBE09288413E05780E36B230E0059462A947BB2,JSON parsed,PASS_WITH_SCOPE_AS_STATED
phase17_v7/gateC8R/20260820_pre_submission_repair/03_CORRELATION_AWARE_STAT1_STAT2_SENSITIVITY.csv,2083,8BA79AE55786AFBC9F17E30A0E19B777E7CDC9B410E167D33E0A35BE8E4C5DEE,parsed 6 data rows; 24 columns,PASS_WITH_SCOPE_AS_STATED
phase17_v7/gateC8R/20260820_pre_submission_repair/04_CORRELATION_AWARE_STAT1_STAT2_DECISION.json,1389,D81BB389737571EDA8A62C04F92F57A4D5D72149C13853CAB0573D8A2938C1DA,JSON parsed,PASS_WITH_SCOPE_AS_STATED
phase17_v7/gateC8R/20260820_pre_submission_repair/05_GATE_C8R_SOURCE_BUILD_STATUS.json,1008,BDE0EF2D36A71B82099FF8EA2E39E7779678DCEEC6BE9D5FA1CE64BE0739544C,JSON parsed,PASS_WITH_SCOPE_AS_STATED
phase17_v7/gateC8R/20260820_pre_submission_repair/06_GATE_C8R_DOCUMENT_BUILD_STATUS.json,1879,89C67E66E11C985BF4AA5BCCB974FE56C9893F147A3909D452DCB21FCE3EDE70,JSON parsed,PASS_WITH_SCOPE_AS_STATED
phase17_v7/gateC8R/20260820_pre_submission_repair/07_GATE_C8R_FINAL_AUDIT.json,4917,0C62F46625C01BE4949453D7AE7BBCDBA7464C61B8FDB6C7DDCF6C14842543E2,JSON parsed,PASS_WITH_SCOPE_AS_STATED
phase17_v7/gateC8R/20260820_pre_submission_repair/07_GATE_C8R_FINAL_AUDIT.md,3887,D734BCC30C1A8A38C234A21DDDCC689E7D73E27CD17B4EF18A6C4E09E6037A88,UTF-8 decoded; semantic review separate,PASS_WITH_SCOPE_AS_STATED
phase17_v7/gateC8R/20260820_pre_submission_repair/08_GATE_C8R_INTEGRITY_MANIFEST.csv,9281,EF486F911AB17BF296EAA88CEFE6352F4ECBB941219642004A25345EFDB4A35E,parsed 75 data rows; 3 columns,PASS_WITH_SCOPE_AS_STATED
phase17_v7/gateC8R/20260820_pre_submission_repair/09_GATE_C8R_PACKAGE_STATUS.json,5209,1A033C54174BBBE702D3CE71C823FD17E391DE8F454A18B1356F4E4D81B513DE,JSON parsed,PASS_WITH_SCOPE_AS_STATED
phase17_v7/gateC8R/20260820_pre_submission_repair/figures/Figure1_disease_blind_identity_scope.pdf,60738,4626DC9D1D6AAA1F31B8316CBD69D032AE18E72044F900C145C814F47242BB58,PDF parsed; 1 pages,PASS_WITH_SCOPE_AS_STATED
phase17_v7/gateC8R/20260820_pre_submission_repair/figures/Figure1_disease_blind_identity_scope.png,524199,4E0BDCC4FE3ABA7A2226F11210A3EC0B447A6264B703BD4F3B503B4DF81B414A,Image decoded and verified,PASS_WITH_SCOPE_AS_STATED
phase17_v7/gateC8R/20260820_pre_submission_repair/figures/Figure2_sample_level_composition.pdf,49848,1C6AB0FAE004A6F2EC2A102A5644BAC977ABCCB9A03A257400C3F5BCE5F5C142,PDF parsed; 1 pages,PASS_WITH_SCOPE_AS_STATED
phase17_v7/gateC8R/20260820_pre_submission_repair/figures/Figure2_sample_level_composition.png,454608,B6B2D13F1478539865D069472F3F22A95EAEDAA90D77ECF9612612414EDC3D12,Image decoded and verified,PASS_WITH_SCOPE_AS_STATED
phase17_v7/gateC8R/20260820_pre_submission_repair/figures/Figure3_gse174188_bconv_transcription.pdf,55055,9904AEBBF08FA3CCDC556C2B09CBD23F36D18D70737AFA18F715C63C18B08D00,PDF parsed; 1 pages,PASS_WITH_SCOPE_AS_STATED
phase17_v7/gateC8R/20260820_pre_submission_repair/figures/Figure3_gse174188_bconv_transcription.png,454067,DD418A132B2FD62DE680E5271483C375873421E6767C68B90F6EFC9E36FE1C7A,Image decoded and verified,PASS_WITH_SCOPE_AS_STATED
phase17_v7/gateC8R/20260820_pre_submission_repair/figures/Figure4_independent_ifn_replication.pdf,56820,1579C6F1AFC6E0BAD1CF058C06F54AD7F2DB967F150E64473EC6B75B3CBE0E48,PDF parsed; 1 pages,PASS_WITH_SCOPE_AS_STATED
phase17_v7/gateC8R/20260820_pre_submission_repair/figures/Figure4_independent_ifn_replication.png,628446,FD8B9F54607F2B6936C15A201214E80B8975BB401E87ED86BA1C12EF721C172E,Image decoded and verified,PASS_WITH_SCOPE_AS_STATED
phase17_v7/gateC8R/20260820_pre_submission_repair/figures/Figure5_regulatory_evidence.pdf,54763,EEB835BAD5ED874AB130EF05CDA75154DBE5BCC6CA88EAE7AA5C7C20F5D25D39,PDF parsed; 1 pages,PASS_WITH_SCOPE_AS_STATED
phase17_v7/gateC8R/20260820_pre_submission_repair/figures/Figure5_regulatory_evidence.png,579776,676201FD5A62F84D763DEB1329198416B34B40BF4DBEFF491EAB2EDD11886A99,Image decoded and verified,PASS_WITH_SCOPE_AS_STATED
phase17_v7/gateC8R/20260820_pre_submission_repair/references/crossref_raw_gateC8R.json,827398,6313FB035222FDBC5D8C3F85B31E4ED25A933E35A2CEB0783674991C74F06DAF,JSON parsed,PASS_WITH_SCOPE_AS_STATED
phase17_v7/gateC8R/20260820_pre_submission_repair/references/reference_verification_gateC8R.csv,5145,FDDF6BB13C5D9EE279BD550D1A0ED3CAB55EBC8E34114EADA4A4C8B75891D746,parsed 26 data rows; 11 columns,PASS_WITH_SCOPE_AS_STATED
phase17_v7/gateC8R/20260820_pre_submission_repair/references/reference_verification_gateC8R.md,1867,4F90C8F7A6A1D9239B3B4A649D954D00372CDF2DDC5353FE81C2140F1AB2F765,UTF-8 decoded; semantic review separate,PASS_WITH_SCOPE_AS_STATED
phase17_v7/gateC8R/20260820_pre_submission_repair/references/references_gateC8R_vancouver.md,6114,8256E5661A9DC037600E61104B626D53A671FCA1F8A8A6BD95EE01F869A6FF05,UTF-8 decoded; semantic review separate,PASS_WITH_SCOPE_AS_STATED
phase17_v7/gateC8R/20260820_pre_submission_repair/source_data/Figure1_source_data.csv,3652,60BED18114D447076538BB4C2355DCD7E29EA74701D5DF39654D1E4335200944,parsed 57 data rows; 6 columns,PASS_WITH_SCOPE_AS_STATED
phase17_v7/gateC8R/20260820_pre_submission_repair/source_data/Figure2_source_data.csv,33705,DAA6DDBAB469E0D510AB578BEE0A21AA73FA2D71184739E3F361C3EA6EC8DFE2,parsed 191 data rows; 34 columns,PASS_WITH_SCOPE_AS_STATED
phase17_v7/gateC8R/20260820_pre_submission_repair/source_data/Figure3_source_data.csv,8333,DEFABF8C16D879362E3AD197C857A9197CD6D0691B20FDFA4AC97BEFF3710BC8,parsed 38 data rows; 38 columns,PASS_WITH_SCOPE_AS_STATED
phase17_v7/gateC8R/20260820_pre_submission_repair/source_data/Figure4_source_data.csv,500362,1C04F4071F7F064CA1AB4E47A281F0AA14074466E06BAB6FA30078029F570A9E,parsed 4430 data rows; 39 columns,PASS_WITH_SCOPE_AS_STATED
phase17_v7/gateC8R/20260820_pre_submission_repair/source_data/Figure5_source_data.csv,4194,8EE40D5E95DC3513ABD1BD89AD99244DB912AE99EB7781AF134EE77DFA562665,parsed 29 data rows; 9 columns,PASS_WITH_SCOPE_AS_STATED
phase17_v7/gateC8S/20260821_supplementary_traceability_freeze/01_FIGURE_BUILD_STATUS.json,305,23A05DB597C4BF18EE228598575D5D98D6E88D46E204A376E1910812BCD107A4,JSON parsed,PASS_WITH_SCOPE_AS_STATED
phase17_v7/gateC8S/20260821_supplementary_traceability_freeze/02_PANEL_DATA_ASSERTIONS.json,6186,4D26BA775AC7C6672843F4439EC259344BB86ADAB956C11D2355ACCBB73CA6DC,JSON parsed,PASS_WITH_SCOPE_AS_STATED
phase17_v7/gateC8S/20260821_supplementary_traceability_freeze/03_SUPPLEMENTARY_PANEL_DATA_ASSERTIONS.json,3864,EFFFC4FCC73CA4717285D9666C78A23E4BC44866BDF1E14626EE6DBAE8325E06,JSON parsed,PASS_WITH_SCOPE_AS_STATED
phase17_v7/gateC8S/20260821_supplementary_traceability_freeze/04_SUPPLEMENTARY_FIGURE_BUILD_STATUS.json,354,16AC1A1AF1C4840E59406B9BACDF7BB7DAAFB4EDAFE6168CE0E2BC14EFE991C8,JSON parsed,PASS_WITH_SCOPE_AS_STATED
phase17_v7/gateC8S/20260821_supplementary_traceability_freeze/05_FULL_STATISTICAL_RESULTS_STATUS.json,553,66FD0C885BC5B18BBE62CF45449DAF84B087B0F6795A334FD10188ECED5405AD,JSON parsed,PASS_WITH_SCOPE_AS_STATED
phase17_v7/gateC8S/20260821_supplementary_traceability_freeze/06_GATE_C8S_SOURCE_BUILD_STATUS.json,944,8CB68BAC0A7A6934CEFBAFDE624900AFBC88F544BEE91FF704AC98434F40AE07,JSON parsed,PASS_WITH_SCOPE_AS_STATED
phase17_v7/gateC8S/20260821_supplementary_traceability_freeze/07_GATE_C8S_DOCUMENT_BUILD_STATUS.json,2185,AD330EE28B3A75D8E9D6AE5EF64D00CC2B012C6CD0EF74F7067121D63DFE5885,JSON parsed,PASS_WITH_SCOPE_AS_STATED
phase17_v7/gateC8S/20260821_supplementary_traceability_freeze/08_GATE_C8S_FINAL_AUDIT.json,3816,E41E030B0C51778628B4E7A238400EB838B0656F633222D10F5CA78ADF7200EB,JSON parsed,PASS_WITH_SCOPE_AS_STATED
phase17_v7/gateC8S/20260821_supplementary_traceability_freeze/08_GATE_C8S_FINAL_AUDIT.md,3117,5495C4565EBF257863AB882C6F29D48A367752797EB67A4BF5E26C62AF1ECCD0,UTF-8 decoded; semantic review separate,PASS_WITH_SCOPE_AS_STATED
phase17_v7/gateC8S/20260821_supplementary_traceability_freeze/09_GATE_C8S_INTEGRITY_MANIFEST.csv,13802,767D4AC721DED169842CFB143BA79B44E18814F3FEB7A483CF9E74C7F4CA71C9,parsed 106 data rows; 3 columns,PASS_WITH_SCOPE_AS_STATED
phase17_v7/gateC8S/20260821_supplementary_traceability_freeze/10_GATE_C8S_PACKAGE_STATUS.json,4109,3A8687C0AB7416C95902470A7E0200BF18B0A1F842E1BE6E73F2AFFD5A60AD78,JSON parsed,PASS_WITH_SCOPE_AS_STATED
phase17_v7/gateC8S/20260821_supplementary_traceability_freeze/Additional_file_4_Full_Statistical_Results_GateC8S.zip,8314122,AE903A53A19D7935464C601E2693192910EB4B59F5804D43DCA6ACA965D0B1F5,ZIP CRC / Office XML verified,PASS_WITH_SCOPE_AS_STATED
phase17_v7/gateC8S/20260821_supplementary_traceability_freeze/figures/Figure1_disease_blind_identity_scope.pdf,60977,C72876A3783B8874E621EF633F9EC20532E068D4A24DEB944D291AB1E08E50C0,PDF parsed; 1 pages,PASS_WITH_SCOPE_AS_STATED
phase17_v7/gateC8S/20260821_supplementary_traceability_freeze/figures/Figure1_disease_blind_identity_scope.png,523356,04B96954FFC9C2137306CB244763A1BBCD0B596507DB4BEF0F2B6F0FAFBEB100,Image decoded and verified,PASS_WITH_SCOPE_AS_STATED
phase17_v7/gateC8S/20260821_supplementary_traceability_freeze/figures/Figure2_sample_level_composition.pdf,49848,A987001F89A06E91C425E5243E96294470644CDA0F20D536D541BDEA6ACA5068,PDF parsed; 1 pages,PASS_WITH_SCOPE_AS_STATED
phase17_v7/gateC8S/20260821_supplementary_traceability_freeze/figures/Figure2_sample_level_composition.png,454608,B6B2D13F1478539865D069472F3F22A95EAEDAA90D77ECF9612612414EDC3D12,Image decoded and verified,PASS_WITH_SCOPE_AS_STATED
phase17_v7/gateC8S/20260821_supplementary_traceability_freeze/figures/Figure3_gse174188_bconv_transcription.pdf,55135,0A3D8CFB15736ADE417F53C848A16299EC218054A819CA880DE0C459D773A5EA,PDF parsed; 1 pages,PASS_WITH_SCOPE_AS_STATED
phase17_v7/gateC8S/20260821_supplementary_traceability_freeze/figures/Figure3_gse174188_bconv_transcription.png,452040,37BFD7400877E18A422E2B66E4BD268113EF46EC1DBDD04C6EC2284A6AC8704F,Image decoded and verified,PASS_WITH_SCOPE_AS_STATED
phase17_v7/gateC8S/20260821_supplementary_traceability_freeze/figures/Figure4_independent_ifn_replication.pdf,56820,C0A93F9A48BE194B8C09D6E787BEF1C632DAD6E15067D277F8F7FFCF673F3EC1,PDF parsed; 1 pages,PASS_WITH_SCOPE_AS_STATED
phase17_v7/gateC8S/20260821_supplementary_traceability_freeze/figures/Figure4_independent_ifn_replication.png,628446,FD8B9F54607F2B6936C15A201214E80B8975BB401E87ED86BA1C12EF721C172E,Image decoded and verified,PASS_WITH_SCOPE_AS_STATED
phase17_v7/gateC8S/20260821_supplementary_traceability_freeze/figures/Figure5_regulatory_evidence.pdf,54763,B23575700BA8DF793A1D914CF4AF116EC94BD87AAB7CD2E8EA54742349D85C48,PDF parsed; 1 pages,PASS_WITH_SCOPE_AS_STATED
phase17_v7/gateC8S/20260821_supplementary_traceability_freeze/figures/Figure5_regulatory_evidence.png,579776,676201FD5A62F84D763DEB1329198416B34B40BF4DBEFF491EAB2EDD11886A99,Image decoded and verified,PASS_WITH_SCOPE_AS_STATED
phase17_v7/gateC8S/20260821_supplementary_traceability_freeze/full_statistical_results/MANIFEST_SHA256.csv,8031,65C9C445AD57EDB8C6F80ADD9E36EBECFA9504C883558412D602C38717A34E36,parsed 62 data rows; 3 columns,PASS_WITH_SCOPE_AS_STATED
phase17_v7/gateC8S/20260821_supplementary_traceability_freeze/full_statistical_results/README_FULL_STATISTICAL_RESULTS.md,2038,A7F6D9BEC66B0D6BCD84EA28E829A1C2AB1373F7EFF821E4C232E47FD3C2A3FA,UTF-8 decoded; semantic review separate,PASS_WITH_SCOPE_AS_STATED
phase17_v7/gateC8S/20260821_supplementary_traceability_freeze/full_statistical_results/SOURCE_PROVENANCE.csv,13582,8A7C7C4576091EC668FCF0717A632C1EBCA66DFBB1E2FB49589CBACE64493A70,parsed 61 data rows; 4 columns,PASS_WITH_SCOPE_AS_STATED
phase17_v7/gateC8S/20260821_supplementary_traceability_freeze/full_statistical_results/composition/01_base_model_coefficients.csv,3478,5E0BC0FA88E43AEE935B6531DC06600A24DD07B67ACEE1043B9F7DA1FF918149,parsed 11 data rows; 15 columns,PASS_WITH_SCOPE_AS_STATED
phase17_v7/gateC8S/20260821_supplementary_traceability_freeze/full_statistical_results/composition/02_base_and_nonoverlap_contrasts.csv,1966,5441E5995249F76A651C09464F103069A7E9113B54CEE94CC232CBA8EE480B61,parsed 5 data rows; 21 columns,PASS_WITH_SCOPE_AS_STATED
phase17_v7/gateC8S/20260821_supplementary_traceability_freeze/full_statistical_results/composition/03_adjusted_predictions.csv,1479,669DCCD6DC245EB7C8FFB5B3D0C5535FD1F360DD2E33F34272BF0B2131267F3A,parsed 10 data rows; 7 columns,PASS_WITH_SCOPE_AS_STATED
phase17_v7/gateC8S/20260821_supplementary_traceability_freeze/full_statistical_results/composition/04_mandatory_sensitivity_contrasts.csv,4127,647A4C9B133BC61FF434BDBCF3E8BEA1673A95D8748835D79E4B23EBC0233B59,parsed 12 data rows; 20 columns,PASS_WITH_SCOPE_AS_STATED
phase17_v7/gateC8S/20260821_supplementary_traceability_freeze/full_statistical_results/composition/05_two_part_sensitivity.csv,1497,63AEED6C31C6B174DB6EF36E8C70FCCDDE746C4942F14F69C3BB8997CDC35118,parsed 6 data rows; 13 columns,PASS_WITH_SCOPE_AS_STATED
phase17_v7/gateC8S/20260821_supplementary_traceability_freeze/full_statistical_results/composition/06_primary_leave_one_out.csv,13637,FF693117FE87482B382B45E532F777AB91A0033943A70982FD0C711FD590FBF4,parsed 90 data rows; 9 columns,PASS_WITH_SCOPE_AS_STATED
phase17_v7/gateC8S/20260821_supplementary_traceability_freeze/full_statistical_results/composition/07_replication_overlap_audit.csv,187,A89D4E1792750BE26BA0A135E4DFA9DE02AA830B3FC327926A64D5AADA5B9677,parsed 2 data rows; 7 columns,PASS_WITH_SCOPE_AS_STATED
phase17_v7/gateC8S/20260821_supplementary_traceability_freeze/full_statistical_results/composition/08_model_diagnostics.csv,6885,D26476F2D7E40BE0D148084E083097948EAC89E9B9CCAE44EAE4D1473C39B10C,parsed 17 data rows; 24 columns,PASS_WITH_SCOPE_AS_STATED
phase17_v7/gateC8S/20260821_supplementary_traceability_freeze/full_statistical_results/regulatory_and_orthogonal/01_CONFIRMATORY_REGULATOR_RESULTS.csv,6168,B19AD3DDD981B9BFB62A9CC9ED3C3A610F98F447FD234E96EDB85E617BB5FB52,parsed 24 data rows; 18 columns,PASS_WITH_SCOPE_AS_STATED
phase17_v7/gateC8S/20260821_supplementary_traceability_freeze/full_statistical_results/regulatory_and_orthogonal/02_IFN_TARGET_INFLUENCE_SUMMARY.csv,1614,BEFF43FFF991EF6E030B5E07E58775F30694B39F2682B183D2ED9E484CE19376,parsed 12 data rows; 13 columns,PASS_WITH_SCOPE_AS_STATED
phase17_v7/gateC8S/20260821_supplementary_traceability_freeze/full_statistical_results/regulatory_and_orthogonal/03_CORRELATION_AWARE_STAT1_STAT2_SENSITIVITY.csv,2083,8BA79AE55786AFBC9F17E30A0E19B777E7CDC9B410E167D33E0A35BE8E4C5DEE,parsed 6 data rows; 24 columns,PASS_WITH_SCOPE_AS_STATED
phase17_v7/gateC8S/20260821_supplementary_traceability_freeze/full_statistical_results/regulatory_and_orthogonal/03_IFN_TARGET_LEAVE_ONE_OUT.csv,28339,03B4D9CDEFD80DC9AE1269A8E4DC33C90B9696752D5DAE5EA168DE3113D81437,parsed 485 data rows; 5 columns,PASS_WITH_SCOPE_AS_STATED
phase17_v7/gateC8S/20260821_supplementary_traceability_freeze/full_statistical_results/regulatory_and_orthogonal/04_CORRELATION_AWARE_STAT1_STAT2_DECISION.json,1389,D81BB389737571EDA8A62C04F92F57A4D5D72149C13853CAB0573D8A2938C1DA,JSON parsed,PASS_WITH_SCOPE_AS_STATED
phase17_v7/gateC8S/20260821_supplementary_traceability_freeze/full_statistical_results/regulatory_and_orthogonal/04_IFN_TARGET_RESAMPLING.csv,74964,36872F95767D34140736F363D4695A7DFDC4C878BB65F1527A25845A841201BB,parsed 1200 data rows; 7 columns,PASS_WITH_SCOPE_AS_STATED
phase17_v7/gateC8S/20260821_supplementary_traceability_freeze/full_statistical_results/regulatory_and_orthogonal/05_SUPPORTIVE_SENSITIVITY_REGULATOR_RESULTS.csv,17510,5270AC6F958218A80D82F213DBA8B6AA6A65AC98988A5269700DE1986A18DC53,parsed 72 data rows; 17 columns,PASS_WITH_SCOPE_AS_STATED
phase17_v7/gateC8S/20260821_supplementary_traceability_freeze/full_statistical_results/regulatory_and_orthogonal/18_GSE23307_LOG2P1_DONOR_PROGRAM_EFFECTS.csv,316,97F3771C03CC6717530C2CF378830BB936C890F0E3B8E5E4C43C0BE98B86DA70,parsed 2 data rows; 8 columns,PASS_WITH_SCOPE_AS_STATED
phase17_v7/gateC8S/20260821_supplementary_traceability_freeze/full_statistical_results/regulatory_and_orthogonal/19_MSIGDB_M5911_PRERANKED_GSEA.csv,1495,63B0445643773DADC0D83298BD6D76789D74045DD76DD2E0DDE52E9B60AB0282,parsed 3 data rows; 13 columns,PASS_WITH_SCOPE_AS_STATED
phase17_v7/gateC8S/20260821_supplementary_traceability_freeze/full_statistical_results/sanitized_design_matrices/GSE135779_adult_min50_design.csv,1258,FEFB877DCC948B973E841EB7BEA15240DD33C124C7ED622B0F5B6BE61D9077AB,parsed 11 data rows; 16 columns,PASS_WITH_SCOPE_AS_STATED
phase17_v7/gateC8S/20260821_supplementary_traceability_freeze/full_statistical_results/sanitized_design_matrices/GSE135779_childhood_min50_design.csv,4648,492EDCB7F58B1DAF0F1E2182DD11D16429DD17986BFCC09843CD47AC781D3788,parsed 43 data rows; 16 columns,PASS_WITH_SCOPE_AS_STATED
phase17_v7/gateC8S/20260821_supplementary_traceability_freeze/full_statistical_results/sanitized_design_matrices/GSE135779_combined_min100_design.csv,5947,B5D37C9CC42A2EBAA60A5D1C20F4D18F3E419A676972AF00808E628F56E9CFE3,parsed 51 data rows; 16 columns,PASS_WITH_SCOPE_AS_STATED
phase17_v7/gateC8S/20260821_supplementary_traceability_freeze/full_statistical_results/sanitized_design_matrices/GSE135779_combined_min20_design.csv,6364,B722CF97468EF1D18F2115BB72969F94C92E90982C92AC0FB612663B2F537FFF,parsed 56 data rows; 16 columns,PASS_WITH_SCOPE_AS_STATED
phase17_v7/gateC8S/20260821_supplementary_traceability_freeze/full_statistical_results/sanitized_design_matrices/GSE135779_combined_min50_design.csv,6156,E693D6DC0E54A7B419646C392D499A25DEF1CD1B4489B48267973F95EF3A1B66,parsed 54 data rows; 16 columns,PASS_WITH_SCOPE_AS_STATED
phase17_v7/gateC8S/20260821_supplementary_traceability_freeze/full_statistical_results/sanitized_design_matrices/GSE174188_flare_full_design.csv,3941,79A38B479E264B6CA798EE863CAC942CA46D3E091B3E4E0759F7B95DCA30256D,parsed 34 data rows; 18 columns,PASS_WITH_SCOPE_AS_STATED
phase17_v7/gateC8S/20260821_supplementary_traceability_freeze/full_statistical_results/sanitized_design_matrices/GSE174188_primary_base_design.csv,8727,FDCAC558FC648EC4F3B3D6F90EBC7366E27623D6C11FAE5FD128A0BDAB2315C2,parsed 89 data rows; 18 columns,PASS_WITH_SCOPE_AS_STATED
phase17_v7/gateC8S/20260821_supplementary_traceability_freeze/full_statistical_results/sanitized_design_matrices/GSE174188_primary_min100_design.csv,9934,DC6B42A35749824667850D1D082586417F7A7A4DD3F98FF11DB93B1E4F46EE62,parsed 87 data rows; 18 columns,PASS_WITH_SCOPE_AS_STATED
phase17_v7/gateC8S/20260821_supplementary_traceability_freeze/full_statistical_results/sanitized_design_matrices/GSE174188_primary_min20_design.csv,10580,21AA1766DB9B74350354352DF438476C7167D7AEE74E2DF7B48017EE4DC920B0,parsed 94 data rows; 18 columns,PASS_WITH_SCOPE_AS_STATED
phase17_v7/gateC8S/20260821_supplementary_traceability_freeze/full_statistical_results/sanitized_design_matrices/GSE174188_primary_residual_risk_negative_design.csv,10328,58E262F06AFC40E44F4AE9181588CD5421DB21D8113DF9D0737634CB18AED742,parsed 89 data rows; 18 columns,PASS_WITH_SCOPE_AS_STATED
phase17_v7/gateC8S/20260821_supplementary_traceability_freeze/full_statistical_results/sanitized_design_matrices/GSE174188_validation_full_design.csv,6813,C73F74E80CBF9C51C23FDC256BFC47CC47D2EF1772BA30DB00C01E073865CB77,parsed 64 data rows; 18 columns,PASS_WITH_SCOPE_AS_STATED
phase17_v7/gateC8S/20260821_supplementary_traceability_freeze/full_statistical_results/sanitized_design_matrices/GSE174188_validation_nonoverlap_design.csv,6120,C1BE2CDCC028F8A487FBD2ED4BCA0451BFC0DA105FE48E0AB6F048350D204338,parsed 54 data rows; 18 columns,PASS_WITH_SCOPE_AS_STATED
phase17_v7/gateC8S/20260821_supplementary_traceability_freeze/full_statistical_results/statistical_framework/STATISTICAL_TEST_AND_MULTIPLICITY_MAP.csv,1787,567F800D47C3D6D2F7DB77935888513BD035E95B02EC79E487C29CFFAD66CCAB,parsed 11 data rows; 6 columns,PASS_WITH_SCOPE_AS_STATED
phase17_v7/gateC8S/20260821_supplementary_traceability_freeze/full_statistical_results/transcription/GSE135779/05_MODEL_SUMMARY.csv,791,3CDC3686191B796CEDA2C60BEDCB6CCF5DF4A5DE83D0110B53A513D434258653,parsed 5 data rows; 13 columns,PASS_WITH_SCOPE_AS_STATED
phase17_v7/gateC8S/20260821_supplementary_traceability_freeze/full_statistical_results/transcription/GSE135779/07_PROGRAM_RESULTS.csv,11981,91AE73F711988B2C46BC37E4A530432887337B6331EF8F9F362BEC29E2225F46,parsed 45 data rows; 18 columns,PASS_WITH_SCOPE_AS_STATED
phase17_v7/gateC8S/20260821_supplementary_traceability_freeze/full_statistical_results/transcription/GSE135779/09_FROZEN_PROGRAM_ARM_CAMERA.csv,9581,58146900B014D0336466D9CDAC337971C20E387CF42DF1113C7F14E2F5AF8168,parsed 55 data rows; 11 columns,PASS_WITH_SCOPE_AS_STATED
phase17_v7/gateC8S/20260821_supplementary_traceability_freeze/full_statistical_results/transcription/GSE135779/10_PRIMARY_PROGRAM_DONOR_LOO.csv,1642,BE9279A26BB4CD9D7762E0827FED56271AF347445ABB91BAA8C87CD52FB196F4,parsed 9 data rows; 10 columns,PASS_WITH_SCOPE_AS_STATED
phase17_v7/gateC8S/20260821_supplementary_traceability_freeze/full_statistical_results/transcription/GSE135779/11_PRIMARY_CONFIRMATORY_GENE_DONOR_LOO.csv,6362,1FE01A48BE75318F4369D98E9900A8FC4B00BD7812C3C8FF3CC9FC73AF0C5635,parsed 44 data rows; 10 columns,PASS_WITH_SCOPE_AS_STATED
phase17_v7/gateC8S/20260821_supplementary_traceability_freeze/full_statistical_results/transcription/GSE135779/12_SOURCE_LABEL_LOO_PROGRAM_RESULTS.csv,21300,94879BF708F05D1D73EC888A97801894CEFD2D13623A3D8F55648E575283C52D,parsed 72 data rows; 20 columns,PASS_WITH_SCOPE_AS_STATED
phase17_v7/gateC8S/20260821_supplementary_traceability_freeze/full_statistical_results/transcription/GSE135779/13_EXTERNAL_GENE_EFFECT_CONCORDANCE.csv,578,87D1161D6933F81E83F8264060BE59ABE1054A4BBF66407A287157F2E329E42C,parsed 3 data rows; 9 columns,PASS_WITH_SCOPE_AS_STATED
phase17_v7/gateC8S/20260821_supplementary_traceability_freeze/full_statistical_results/transcription/GSE135779/14_PRIMARY_RANKED_QC_FAMILY_AUDIT.csv,147,8D753E035CBE089BC7257B7846A211B9D02A5180953EA16A9951F809DFE97243,parsed 3 data rows; 5 columns,PASS_WITH_SCOPE_AS_STATED
phase17_v7/gateC8S/20260821_supplementary_traceability_freeze/full_statistical_results/transcription/GSE135779/16_CROSS_DATASET_IFN_GENE_EFFECTS.csv,3962,A5D187EF443832DBC923E2BC9C4C1E9CECC479585F2D315F73838731BD4BBB39,parsed 12 data rows; 21 columns,PASS_WITH_SCOPE_AS_STATED
phase17_v7/gateC8S/20260821_supplementary_traceability_freeze/full_statistical_results/transcription/GSE135779/16_CROSS_DATASET_IFN_PROGRAM_EFFECTS.csv,777,91EC6E8BAAB83EE9C6F0B630233B37B7FC2652F0CF5300075FB6F8ADC96737D5,parsed 6 data rows; 7 columns,PASS_WITH_SCOPE_AS_STATED
phase17_v7/gateC8S/20260821_supplementary_traceability_freeze/full_statistical_results/transcription/GSE174188/05_MODEL_SUMMARY.csv,1132,7113F09E950698A097B2D42EC9FFFA50B0887F459144D5799A58DA5788382AE2,parsed 7 data rows; 12 columns,PASS_WITH_SCOPE_AS_STATED
phase17_v7/gateC8S/20260821_supplementary_traceability_freeze/full_statistical_results/transcription/GSE174188/07_PROGRAM_RESULTS.csv,16977,5102BAFE54D8CE2F61CAA0DFCB382F8C1FC9241297B2CD3B940CCA3201D684F6,parsed 63 data rows; 18 columns,PASS_WITH_SCOPE_AS_STATED
phase17_v7/gateC8S/20260821_supplementary_traceability_freeze/full_statistical_results/transcription/GSE174188/09_FROZEN_PROGRAM_ARM_CAMERA.csv,13666,BBB51E1E019DA557CE67006E5F22C1D6CB296ECC8C2EB07FB2056DA988141888,parsed 77 data rows; 11 columns,PASS_WITH_SCOPE_AS_STATED
phase17_v7/gateC8S/20260821_supplementary_traceability_freeze/full_statistical_results/transcription/GSE174188/10_PRIMARY_PROGRAM_LOO.csv,1937,B21442194EBCF49F317CB81CC7D699C478EA4F8B1AFE10C1CED1352E2698B311,parsed 9 data rows; 10 columns,PASS_WITH_SCOPE_AS_STATED
phase17_v7/gateC8S/20260821_supplementary_traceability_freeze/full_statistical_results/transcription/GSE174188/11_PRIMARY_CONFIRMATORY_GENE_LOO.csv,7698,81EAD0A63D4CBC4E6315812718BF4F4B0630A3A031E713A20DB08BC97584ECD3,parsed 44 data rows; 10 columns,PASS_WITH_SCOPE_AS_STATED
phase17_v7/gateC8S/20260821_supplementary_traceability_freeze/full_statistical_results/transcription/GSE174188/12_CROSS_COHORT_EFFECT_CONCORDANCE.csv,625,16652A0944D408AE196511780916D149BCAD89750452A3160240BC1F2D8756A3,parsed 3 data rows; 9 columns,PASS_WITH_SCOPE_AS_STATED
phase17_v7/gateC8S/20260821_supplementary_traceability_freeze/full_statistical_results/transcription/GSE174188/13_PRIMARY_RANKED_QC_FAMILY_AUDIT.csv,158,DC1B0EB90F8392A04A22D6A903159436A20E9DA802CF777F5EE7D4E47FD1CC93,parsed 3 data rows; 5 columns,PASS_WITH_SCOPE_AS_STATED
phase17_v7/gateC8S/20260821_supplementary_traceability_freeze/source_data/Figure1_source_data.csv,3652,60BED18114D447076538BB4C2355DCD7E29EA74701D5DF39654D1E4335200944,parsed 57 data rows; 6 columns,PASS_WITH_SCOPE_AS_STATED
phase17_v7/gateC8S/20260821_supplementary_traceability_freeze/source_data/Figure2_source_data.csv,33705,DAA6DDBAB469E0D510AB578BEE0A21AA73FA2D71184739E3F361C3EA6EC8DFE2,parsed 191 data rows; 34 columns,PASS_WITH_SCOPE_AS_STATED
phase17_v7/gateC8S/20260821_supplementary_traceability_freeze/source_data/Figure3_source_data.csv,8333,DEFABF8C16D879362E3AD197C857A9197CD6D0691B20FDFA4AC97BEFF3710BC8,parsed 38 data rows; 38 columns,PASS_WITH_SCOPE_AS_STATED
phase17_v7/gateC8S/20260821_supplementary_traceability_freeze/source_data/Figure4_source_data.csv,500362,1C04F4071F7F064CA1AB4E47A281F0AA14074466E06BAB6FA30078029F570A9E,parsed 4430 data rows; 39 columns,PASS_WITH_SCOPE_AS_STATED
phase17_v7/gateC8S/20260821_supplementary_traceability_freeze/source_data/Figure5_source_data.csv,4162,21925F6916DDAF97760CF73622ED8E4B4CCBE5AE0B3B53C721FDF607C1C6F9A4,parsed 29 data rows; 9 columns,PASS_WITH_SCOPE_AS_STATED
phase17_v7/gateC8S/20260821_supplementary_traceability_freeze/supplementary_figures/Supplementary_Figure_S1_source_integrity_qc.pdf,51533,091483972D0801DD8B6970B536940B16F906DF2D24A2916A9164CB04CD085B91,PDF parsed; 1 pages,PASS_WITH_SCOPE_AS_STATED
phase17_v7/gateC8S/20260821_supplementary_traceability_freeze/supplementary_figures/Supplementary_Figure_S1_source_integrity_qc.png,551569,79B8AAD77D723C6A4B47C7823D7338C25C603E021C910F70020B9AF3F0A45A82,Image decoded and verified,PASS_WITH_SCOPE_AS_STATED
phase17_v7/gateC8S/20260821_supplementary_traceability_freeze/supplementary_figures/Supplementary_Figure_S2_representation_diagnostics.pdf,50861,2CF32E5FAAE7111814C7DBB18C8D13AE14F8815B68CB49B1FD7C0AA65D1B2A20,PDF parsed; 1 pages,PASS_WITH_SCOPE_AS_STATED
phase17_v7/gateC8S/20260821_supplementary_traceability_freeze/supplementary_figures/Supplementary_Figure_S2_representation_diagnostics.png,503738,7E037C6C584B9DA733FE94E7660F76A30AA4F07C3FF7EB7EA91A3CAAF77A7156,Image decoded and verified,PASS_WITH_SCOPE_AS_STATED
phase17_v7/gateC8S/20260821_supplementary_traceability_freeze/supplementary_figures/Supplementary_Figure_S3_identity_adjudication.pdf,51281,2D6E73D24A49D76256301A70BBE7F710A170BE1649938E783F86AF5F3FF4A26F,PDF parsed; 1 pages,PASS_WITH_SCOPE_AS_STATED
phase17_v7/gateC8S/20260821_supplementary_traceability_freeze/supplementary_figures/Supplementary_Figure_S3_identity_adjudication.png,384518,E1FCD8BCD6E82A82CE251995B0FE50C4AD20A3BFB69B3599EA98C13088E14B4F,Image decoded and verified,PASS_WITH_SCOPE_AS_STATED
phase17_v7/gateC8S/20260821_supplementary_traceability_freeze/supplementary_figures/Supplementary_Figure_S4_composition_diagnostics.pdf,47952,CE12F7B0E0FD62DB738B1A0786712B19DF83CD10C3D4FE19F66FE6078538CBE0,PDF parsed; 1 pages,PASS_WITH_SCOPE_AS_STATED
phase17_v7/gateC8S/20260821_supplementary_traceability_freeze/supplementary_figures/Supplementary_Figure_S4_composition_diagnostics.png,335514,18146D2740FD37E6047C4DCF017EC61335A69D1BE4400B925553ABE01B088EFD,Image decoded and verified,PASS_WITH_SCOPE_AS_STATED
phase17_v7/gateC8S/20260821_supplementary_traceability_freeze/supplementary_figures/Supplementary_Figure_S5_pseudobulk_diagnostics.pdf,51706,C66D3B07535233DB5269395DE08D8228CD09F16AFCDAFA00FEEE80839894D76A,PDF parsed; 1 pages,PASS_WITH_SCOPE_AS_STATED
phase17_v7/gateC8S/20260821_supplementary_traceability_freeze/supplementary_figures/Supplementary_Figure_S5_pseudobulk_diagnostics.png,492551,A6BA6FFC5E1F6846FB72F1737AF4120FB1E1B923AF9B3462606D286536B79EA6,Image decoded and verified,PASS_WITH_SCOPE_AS_STATED
phase17_v7/gateC8S/20260821_supplementary_traceability_freeze/supplementary_figures/Supplementary_Figure_S6_external_validation_diagnostics.pdf,48118,07591A5E90F73475035FA4E5B8AA927FD3BD788D82CA47B0A669D38E3F444EEA,PDF parsed; 1 pages,PASS_WITH_SCOPE_AS_STATED
phase17_v7/gateC8S/20260821_supplementary_traceability_freeze/supplementary_figures/Supplementary_Figure_S6_external_validation_diagnostics.png,391944,BECED66517AD888B793200683D9D072F9D29089ED00C42E9041636D4CF30036F,Image decoded and verified,PASS_WITH_SCOPE_AS_STATED
phase17_v7/gateC8S/20260821_supplementary_traceability_freeze/supplementary_figures/Supplementary_Figure_S7_regulator_correlation_sensitivity.pdf,48444,69DB11B29CACE23DDBACF169F5B515CED9328FCD1BE26BBDAEB50D1768182FFF,PDF parsed; 1 pages,PASS_WITH_SCOPE_AS_STATED
phase17_v7/gateC8S/20260821_supplementary_traceability_freeze/supplementary_figures/Supplementary_Figure_S7_regulator_correlation_sensitivity.png,589432,B16A65B5065DDD319C3DB5EDA57A903069C024E1117A9F58148265B7DA18934C,Image decoded and verified,PASS_WITH_SCOPE_AS_STATED
phase17_v7/gateC8S/20260821_supplementary_traceability_freeze/supplementary_source_data/Supplementary_Figure_S1_source_data.csv,15014,A140D1D900A3EA869551097146AFFD3872BC7AC78E9E9712E4BDAC834A57CB68,parsed 97 data rows; 17 columns,PASS_WITH_SCOPE_AS_STATED
phase17_v7/gateC8S/20260821_supplementary_traceability_freeze/supplementary_source_data/Supplementary_Figure_S2_source_data.csv,26506,E46FE5B33B11D45319DD80C3D669AEEB83F2517095CD0C1FD5EEFA1F57C58731,parsed 176 data rows; 30 columns,PASS_WITH_SCOPE_AS_STATED
phase17_v7/gateC8S/20260821_supplementary_traceability_freeze/supplementary_source_data/Supplementary_Figure_S3_source_data.csv,4375,133E973C2753F4946A24739C049308152299A915A3FC6754B30AD0521F979C96,parsed 39 data rows; 20 columns,PASS_WITH_SCOPE_AS_STATED
phase17_v7/gateC8S/20260821_supplementary_traceability_freeze/supplementary_source_data/Supplementary_Figure_S4_source_data.csv,5599,7BA2660E5A50ADCF28407BCC92A91C791576DD69A9A1ABA9618DEB045C3A4E19,parsed 14 data rows; 47 columns,PASS_WITH_SCOPE_AS_STATED
phase17_v7/gateC8S/20260821_supplementary_traceability_freeze/supplementary_source_data/Supplementary_Figure_S5_source_data.csv,4113,F6682D636C1FF3A1784E0B9E8AEFF5C5D1BB075176312E87FCB938F65C4DA897,parsed 17 data rows; 37 columns,PASS_WITH_SCOPE_AS_STATED
phase17_v7/gateC8S/20260821_supplementary_traceability_freeze/supplementary_source_data/Supplementary_Figure_S6_source_data.csv,6249,A1D1DCBF9D20BA01D0022D4DA0F73A618776D34A687E764F18AB83439204DBF6,parsed 21 data rows; 42 columns,PASS_WITH_SCOPE_AS_STATED
phase17_v7/gateC8S/20260821_supplementary_traceability_freeze/supplementary_source_data/Supplementary_Figure_S7_source_data.csv,2110,D92140A17B96E6B77F5EEBF322A5D77A5E6F2132EDD54CC9C3E73521E5352CA3,parsed 6 data rows; 26 columns,PASS_WITH_SCOPE_AS_STATED
phase17_v7/gateC9/20260828_gse135779_label_agnostic_validation/01_INPUT_SHA256_MANIFEST.csv,1742,FEAD1DA24BD12D2CF3A78EA310498D8114A8A097B310A38BC946A37BBA7547CE,parsed 9 data rows; 5 columns,PASS_WITH_SCOPE_AS_STATED
phase17_v7/gateC9/20260828_gse135779_label_agnostic_validation/02_PROTECTED_METADATA_CONTRACT.json,526,13FF8B1B0E58ED541C25903BC3B0E930A510EFDCBAB3EC9F49E61042F1A231A3,JSON parsed,PASS_WITH_SCOPE_AS_STATED
phase17_v7/gateC9/20260828_gse135779_label_agnostic_validation/05_REFERENCE_MODEL_FEATURES.csv,19389,3283BF7D69EF78541EC477ECE4ABDA93AF8519D37316F2FB075B54D9555D8BBF,parsed 601 data rows; 5 columns,PASS_WITH_SCOPE_AS_STATED
phase17_v7/gateC9/20260828_gse135779_label_agnostic_validation/06_MAPPER_DONOR_GROUPED_CV.csv,3226,3ED5CB7203A47B5A08AC1C0CB85006E72DC064778CFCB71CCDB4D40BA7FD0514,parsed 25 data rows; 10 columns,PASS_WITH_SCOPE_AS_STATED
phase17_v7/gateC9/20260828_gse135779_label_agnostic_validation/07_MAPPER_CONFIDENCE_CALIBRATION.csv,7349,CF691A3856E40898242C95F0F688B0FEDD3B461AB19BE770D6F5C5F28DF5454D,parsed 72 data rows; 8 columns,PASS_WITH_SCOPE_AS_STATED
phase17_v7/gateC9/20260828_gse135779_label_agnostic_validation/08_REFERENCE_OOF_PREDICTIONS.csv,1648573,55DA04C492FD316E48D441226ED787F114A8F681C495C609F0BBB97B46B869A7,parsed 14300 data rows; 13 columns,PASS_WITH_SCOPE_AS_STATED
phase17_v7/gateC9/20260828_gse135779_label_agnostic_validation/09_FROZEN_MAPPER_PARAMETERS.csv,31532,1D4F61135AFEE04A6F2DF96C9ABB181890BBF293BDE2E9E64A3EE9AEC49C0D5C,parsed 601 data rows; 6 columns,PASS_WITH_SCOPE_AS_STATED
phase17_v7/gateC9/20260828_gse135779_label_agnostic_validation/10_CELL_PREDICTIONS_LOCAL.csv.gz,31385206,685FC9B3032CB505FA06A9397C13B81760EBC6CCB9A2649AC3AB0460518E77C6,parsed 363083 data rows; 27 columns,PASS_WITH_SCOPE_AS_STATED
phase17_v7/gateC9/20260828_gse135779_label_agnostic_validation/11_SAMPLE_PREFREEZE_SUMMARY.csv,8094,4E0761D11B59988C00DB40F9EB6EE8DED1713AE679343A6E6BB4B55CC5F235B8,parsed 56 data rows; 14 columns,PASS_WITH_SCOPE_AS_STATED
phase17_v7/gateC9/20260828_gse135779_label_agnostic_validation/12_CLUSTER_SELECTION_AUDIT.csv,55454,CB9E049934BF8962CA25E6B31785F3B805529BB7984FBBD002E6DE9A502FBEC3,parsed 595 data rows; 12 columns,PASS_WITH_SCOPE_AS_STATED
phase17_v7/gateC9/20260828_gse135779_label_agnostic_validation/13_LINEAGE_MODULE_AVAILABILITY.csv,179,BE36E90766D34EABE11ADBDB9E895697CC6CB5761E2DAA815C7BBE4054213E88,parsed 5 data rows; 5 columns,PASS_WITH_SCOPE_AS_STATED
phase17_v7/gateC9/20260828_gse135779_label_agnostic_validation/14_PROGRAM_GENE_AVAILABILITY.csv,264,6BFB5BC80CA78231B14F0445ABFD8918B4941BBD56908326416B85B9179264F9,parsed 4 data rows; 8 columns,PASS_WITH_SCOPE_AS_STATED
phase17_v7/gateC9/20260828_gse135779_label_agnostic_validation/15_GATE_C9A_PREFREEZE_DECISION.json,1978,0106FAB4B238F7934647C18727D5F0674EFE79E325E4369FBDCC25C856926885,JSON parsed,PASS_WITH_SCOPE_AS_STATED
phase17_v7/gateC9/20260828_gse135779_label_agnostic_validation/16_GATE_C9A_PREFREEZE_REVIEW.md,699,4821A44D30D35B66EA637BDF3643EB033EB7B61AEAEEBF44FA9007F4D8FB6516,UTF-8 decoded; semantic review separate,PASS_WITH_SCOPE_AS_STATED
phase17_v7/gateC9/20260828_gse135779_label_agnostic_validation/17_FILE_INTEGRITY_MANIFEST.csv,1475,AADF9826C60189B3DC9161A5CF61C1027B21CBACED1FF5AC3298FB001BE3A417,parsed 14 data rows; 3 columns,PASS_WITH_SCOPE_AS_STATED
phase17_v7/gateC9/20260828_gse135779_label_agnostic_validation/18_OUTCOME_UNLOCK_LOG.json,730,DC0C801F9A1620AEED175F3B778A7108A4D237ED1AE306B04DF99C6FD7A92C7C,JSON parsed,PASS_WITH_SCOPE_AS_STATED
phase17_v7/gateC9/20260828_gse135779_label_agnostic_validation/19_SAMPLE_CELL_RECONCILIATION.csv,3788,98DD5D1C45F2D4FCA68A1DF8D253BA96C18B0A4DE68FCDF6ECC056C001A872DE,parsed 56 data rows; 9 columns,PASS_WITH_SCOPE_AS_STATED
phase17_v7/gateC9/20260828_gse135779_label_agnostic_validation/20_SELECTION_MAPPING_POSTHOC_AUDIT.csv,878,54B9DD002CBC6C7F8F80C82116A799762F7330B0FD6D8276C2A9CCF189EE09B7,parsed 4 data rows; 13 columns,PASS_WITH_SCOPE_AS_STATED
phase17_v7/gateC9/20260828_gse135779_label_agnostic_validation/21_FROZEN_DONOR_PROGRAM_SCORES.csv,38876,5E95E18A079BB5DB2F8198EFF7CB82C88F8DC585B6D68801B6CE783EA6954058,parsed 224 data rows; 15 columns,PASS_WITH_SCOPE_AS_STATED
phase17_v7/gateC9/20260828_gse135779_label_agnostic_validation/22_COMPLETE_PROGRAM_STATISTICS.csv,9972,C80228290937D5743BB86242605C5D90DB2DA395821DCF020FDB6E05C0945091,parsed 48 data rows; 14 columns,PASS_WITH_SCOPE_AS_STATED
phase17_v7/gateC9/20260828_gse135779_label_agnostic_validation/23_PRIMARY_IFN_DONOR_LOO.csv,4822,532EDA1CDBB44AA3F95FB218892F31ABDE5B7B86AE13CE47674B0380E0807F9C,parsed 86 data rows; 7 columns,PASS_WITH_SCOPE_AS_STATED
phase17_v7/gateC9/20260828_gse135779_label_agnostic_validation/24_SOURCE_LABEL_SELECTION_AUDIT.csv,882,A2F265049BC909AE1A95A40099CA95CC4E6CDC4A2A338E5004754E2A4886C6B2,parsed 40 data rows; 4 columns,PASS_WITH_SCOPE_AS_STATED
phase17_v7/gateC9/20260828_gse135779_label_agnostic_validation/25_GATE_C9_LABEL_AGNOSTIC_VALIDATION_FIGURE.pdf,45827,A4DAD4EBB3D614DF11F380881E8D2884AF836FC572EDF34C80EA4843DCABE0DE,PDF parsed; 1 pages,PASS_WITH_SCOPE_AS_STATED
phase17_v7/gateC9/20260828_gse135779_label_agnostic_validation/25_GATE_C9_LABEL_AGNOSTIC_VALIDATION_FIGURE.png,263618,87F126B6731D1C0A75246B6E279F4396A6A154D9726355469699100C24574C3E,Image decoded and verified,PASS_WITH_SCOPE_AS_STATED
phase17_v7/gateC9/20260828_gse135779_label_agnostic_validation/25_GATE_C9_LABEL_AGNOSTIC_VALIDATION_FIGURE.svg,36769,F645F3AE05F787347E093BA64CC814A69F02F1970722F017E79844F5F4E00178,SVG XML parsed,PASS_WITH_SCOPE_AS_STATED
phase17_v7/gateC9/20260828_gse135779_label_agnostic_validation/26_GATE_C9_FIGURE_SOURCE_DATA.csv,8823,CC04A56A8A35C02FF611354912291A209E504E53698C0A8D31D158C01C877AC5,parsed 104 data rows; 9 columns,PASS_WITH_SCOPE_AS_STATED
phase17_v7/gateC9/20260828_gse135779_label_agnostic_validation/27_GATE_C9_ADVISOR_DECISION.json,3551,344DB5D738DEE687A31BC5F8B77B5178787BCE5AAF5DB5E5CAB74A0D11DA068F,JSON parsed,PASS_WITH_SCOPE_AS_STATED
phase17_v7/gateC9/20260828_gse135779_label_agnostic_validation/28_GATE_C9_ADVISOR_REVIEW.md,1339,352E9C044A702FFE13A0686DBCF19EA2CD25734AB8010C2D10F06DDD2054255C,UTF-8 decoded; semantic review separate,PASS_WITH_SCOPE_AS_STATED
phase17_v7/gateC9/20260828_gse135779_label_agnostic_validation/29_FILE_INTEGRITY_MANIFEST.csv,2963,F2800F8D806D8531A12B458CF2CB567D8673A39AF8724B8A21242D5FB7F58FEE,parsed 28 data rows; 3 columns,PASS_WITH_SCOPE_AS_STATED
phase17_v7/gateC9/_software_tests/c9_4samples/01_INPUT_SHA256_MANIFEST.csv,1994,63D1E12277246E8F69B7DD6E83F82D659327AF3E08A62C0C673CDDD6498AC441,parsed 9 data rows; 5 columns,PASS_WITH_SCOPE_AS_STATED
phase17_v7/gateC9/_software_tests/c9_4samples/02_PROTECTED_METADATA_CONTRACT.json,549,07E57B8E5DC189C0493A023292E401D94D974DD5552F2E10584F2050F4BA5D1E,JSON parsed,PASS_WITH_SCOPE_AS_STATED
phase17_v7/gateC9/_software_tests/c9_4samples/05_REFERENCE_MODEL_FEATURES.csv,19389,3283BF7D69EF78541EC477ECE4ABDA93AF8519D37316F2FB075B54D9555D8BBF,parsed 601 data rows; 5 columns,PASS_WITH_SCOPE_AS_STATED
phase17_v7/gateC9/_software_tests/c9_4samples/06_MAPPER_DONOR_GROUPED_CV.csv,3208,C13B53C06DD7DEB7BFDB5580DA0F89F4297B8B7677E62F738D132671764C9A74,parsed 25 data rows; 10 columns,PASS_WITH_SCOPE_AS_STATED
phase17_v7/gateC9/_software_tests/c9_4samples/07_MAPPER_CONFIDENCE_CALIBRATION.csv,6828,66626D943FA322E6A27209AAE66E2B7D26EBFCF126895F784BE0D463619C5BD0,parsed 72 data rows; 8 columns,PASS_WITH_SCOPE_AS_STATED
phase17_v7/gateC9/_software_tests/c9_4samples/08_REFERENCE_OOF_PREDICTIONS.csv,337548,A01B13B4E5354F0817438F260B450C068451DA6B6F4483321D27F1A45B495EFB,parsed 3000 data rows; 13 columns,PASS_WITH_SCOPE_AS_STATED
phase17_v7/gateC9/_software_tests/c9_4samples/09_FROZEN_MAPPER_PARAMETERS.csv,31584,3854AFF749043A3E86E3393BA9102B6D37562CC5324E887AE5C06BFE6FCF2692,parsed 601 data rows; 6 columns,PASS_WITH_SCOPE_AS_STATED
phase17_v7/gateC9/_software_tests/c9_4samples/10_CELL_PREDICTIONS_LOCAL.csv.gz,1841703,044DFDFBDB90716BC9A4D53BA80F1524034C087FC5EA727A68CC7CE424B787E8,parsed 19914 data rows; 27 columns,PASS_WITH_SCOPE_AS_STATED
phase17_v7/gateC9/_software_tests/c9_4samples/11_SAMPLE_PREFREEZE_SUMMARY.csv,834,867AF1F811FBC5AC45F8B68E3DD6174924A1F348A64201AE4ABBB1C62325D7B6,parsed 4 data rows; 14 columns,PASS_WITH_SCOPE_AS_STATED
phase17_v7/gateC9/_software_tests/c9_4samples/12_CLUSTER_SELECTION_AUDIT.csv,3696,E8EF76FDF19A556861453D508842E5E8B73D5F35DC9FA4B015C799726C32172A,parsed 40 data rows; 12 columns,PASS_WITH_SCOPE_AS_STATED
phase17_v7/gateC9/_software_tests/c9_4samples/13_LINEAGE_MODULE_AVAILABILITY.csv,179,BE36E90766D34EABE11ADBDB9E895697CC6CB5761E2DAA815C7BBE4054213E88,parsed 5 data rows; 5 columns,PASS_WITH_SCOPE_AS_STATED
phase17_v7/gateC9/_software_tests/c9_4samples/14_PROGRAM_GENE_AVAILABILITY.csv,264,6BFB5BC80CA78231B14F0445ABFD8918B4941BBD56908326416B85B9179264F9,parsed 4 data rows; 8 columns,PASS_WITH_SCOPE_AS_STATED
phase17_v7/gateC9/_software_tests/c9_4samples/15_GATE_C9A_PREFREEZE_DECISION.json,2088,7FC492D7D5CE17A301321764697645E5CD44C068DA5DF885E5027CEE232CB3CB,JSON parsed,PASS_WITH_SCOPE_AS_STATED
phase17_v7/gateC9/_software_tests/c9_4samples/16_GATE_C9A_PREFREEZE_REVIEW.md,685,96E5313DC00292ADECECAAAA6BF95A205170E7A36AE95C40E5AD7A96355DEC58,UTF-8 decoded; semantic review separate,PASS_WITH_SCOPE_AS_STATED
phase17_v7/gateC9/_software_tests/c9_4samples/17_FILE_INTEGRITY_MANIFEST.csv,1471,41C3E265DA04381D2620B7327AA60D1E32E138A3B97F21A36C43238EC17F4382,parsed 14 data rows; 3 columns,PASS_WITH_SCOPE_AS_STATED
phase17_v7/gateC9R/20260828_normalization_correction/01_INPUT_SHA256_MANIFEST.csv,2437,C7BE217FA71CDA3EDA5601FB8947F933732CA032B3C46331233CE783AA114189,parsed 13 data rows; 5 columns,PASS_WITH_SCOPE_AS_STATED
phase17_v7/gateC9R/20260828_normalization_correction/02_PROTECTED_METADATA_CONTRACT.json,527,63810896FC9F2856B6A6E0882D5C94C8E003EF84DFDB9244B0ADDD68C8DB0C08,JSON parsed,PASS_WITH_SCOPE_AS_STATED
phase17_v7/gateC9R/20260828_normalization_correction/03_REFERENCE_LIBRARY_SIZE_AUDIT.csv,753678,845B84FEF5F42AA15040579C9E28E0DFDE8E38085231022C55EC3EFDF44B5919,parsed 14300 data rows; 7 columns,PASS_WITH_SCOPE_AS_STATED
phase17_v7/gateC9R/20260828_normalization_correction/04_EXECUTION_PROVENANCE.json,485,1B38BC0DAB0589860E38B9DCD0C6758EE8EB0E0435E262DCC7DFC90E36BCCFCD,JSON parsed,PASS_WITH_SCOPE_AS_STATED
phase17_v7/gateC9R/20260828_normalization_correction/05_REFERENCE_MODEL_FEATURES.csv,19389,3283BF7D69EF78541EC477ECE4ABDA93AF8519D37316F2FB075B54D9555D8BBF,parsed 601 data rows; 5 columns,PASS_WITH_SCOPE_AS_STATED
phase17_v7/gateC9R/20260828_normalization_correction/06_MAPPER_DONOR_GROUPED_CV.csv,3249,6782953EFFDD452671D435B4A5AE75A7C5CD0070E82A0C08C17EF18BCE813A90,parsed 25 data rows; 10 columns,PASS_WITH_SCOPE_AS_STATED
phase17_v7/gateC9R/20260828_normalization_correction/07_MAPPER_CONFIDENCE_CALIBRATION.csv,7594,753BC9ED7A240BCA757982A9BAEA41079359EE6DEA646527E5FC4437D0B9B15C,parsed 72 data rows; 9 columns,PASS_WITH_SCOPE_AS_STATED
phase17_v7/gateC9R/20260828_normalization_correction/08_REFERENCE_OOF_PREDICTIONS.csv,1646919,96ADA767A495E8246317924431454D2DAE677B2428CDBC85E4956495AFBD5F5B,parsed 14300 data rows; 13 columns,PASS_WITH_SCOPE_AS_STATED
phase17_v7/gateC9R/20260828_normalization_correction/09_FROZEN_MAPPER_PARAMETERS.csv,32031,71B364DD3FA084A8FFA9CEFA6DC0B22256E6AE216055623C439B914A507AA255,parsed 601 data rows; 6 columns,PASS_WITH_SCOPE_AS_STATED
phase17_v7/gateC9R/20260828_normalization_correction/10_CELL_PREDICTIONS_LOCAL.csv.gz,31351639,38BAD3AE7346EF3ECA393F04F1B79DC4A89517B82EDA1C368F9244232E5F5904,parsed 363083 data rows; 27 columns,PASS_WITH_SCOPE_AS_STATED
phase17_v7/gateC9R/20260828_normalization_correction/11_SAMPLE_PREFREEZE_SUMMARY.csv,8084,ACE7C235DC21CDB2D577D97776065060EE3EDA2E75F1A2292D55BB93D575A12D,parsed 56 data rows; 14 columns,PASS_WITH_SCOPE_AS_STATED
phase17_v7/gateC9R/20260828_normalization_correction/12_CLUSTER_SELECTION_AUDIT.csv,55454,CB9E049934BF8962CA25E6B31785F3B805529BB7984FBBD002E6DE9A502FBEC3,parsed 595 data rows; 12 columns,PASS_WITH_SCOPE_AS_STATED
phase17_v7/gateC9R/20260828_normalization_correction/13_LINEAGE_MODULE_AVAILABILITY.csv,179,BE36E90766D34EABE11ADBDB9E895697CC6CB5761E2DAA815C7BBE4054213E88,parsed 5 data rows; 5 columns,PASS_WITH_SCOPE_AS_STATED
phase17_v7/gateC9R/20260828_normalization_correction/14_PROGRAM_GENE_AVAILABILITY.csv,264,6BFB5BC80CA78231B14F0445ABFD8918B4941BBD56908326416B85B9179264F9,parsed 4 data rows; 8 columns,PASS_WITH_SCOPE_AS_STATED
phase17_v7/gateC9R/20260828_normalization_correction/15_GATE_C9A_PREFREEZE_DECISION.json,2376,4D4624B1670ABEF25DD6D9D69AC2DB445AC4E453F4F3CAB07BDBEADE5A85DF5C,JSON parsed,PASS_WITH_SCOPE_AS_STATED
phase17_v7/gateC9R/20260828_normalization_correction/16_GATE_C9A_PREFREEZE_REVIEW.md,689,8299F822053C793A4D2989230C76A7DBB1D7594DB11278D4792A54E2588182F9,UTF-8 decoded; semantic review separate,PASS_WITH_SCOPE_AS_STATED
phase17_v7/gateC9R/20260828_normalization_correction/17_FILE_INTEGRITY_MANIFEST.csv,1681,F2E5088E0B467A24868EE54125278DE6A0C6757D25690169147C4A58D2829C82,parsed 16 data rows; 3 columns,PASS_WITH_SCOPE_AS_STATED
phase17_v7/post_gateC9/20260828_advisor_correction_review/01_FIGURE_BUILD_ASSERTIONS.json,10234,F3A89A37869D13E64B47BB195AAC2486C4F46CE3A60C642C21D509CD5A5D1433,JSON parsed,PASS_WITH_SCOPE_AS_STATED
phase17_v7/post_gateC9/20260828_advisor_correction_review/02_REVIEW_FIGURE_MANIFEST.csv,5645,E99EE64844546D10A8DF27CB4BB903F7B78C84A7C5D48AC87C694FA243A5AA21,parsed 45 data rows; 3 columns,PASS_WITH_SCOPE_AS_STATED
phase17_v7/post_gateC9/20260828_advisor_correction_review/03_REVIEW_DOCUMENT_BUILD.json,1079,96E701DE8B6E2347635C059297471D655E39D457DCB77F48F22AA03A70955531,JSON parsed,PASS_WITH_SCOPE_AS_STATED
phase17_v7/post_gateC9/20260828_advisor_correction_review/06_SUPPLEMENTARY_FIGURE_S8_STATUS.json,640,847E234745D63AC83C490EBF2A6E301A2A6C6317DB10F82589E28FBE1AB0C495,JSON parsed,PASS_WITH_SCOPE_AS_STATED
phase17_v7/post_gateC9/20260828_advisor_correction_review/13_SUPPLEMENTARY_FIGURE_S9_STATUS.json,1007,F52DF734F1FFF2C2A7FCD8DC49B063339E2144473B338BEC4A718EDC8DB1034E,JSON parsed,PASS_WITH_SCOPE_AS_STATED
phase17_v7/post_gateC9/20260828_advisor_correction_review/14_ROUND6_R1_HOLD_ADVISOR_REVIEW.md,2473,C145DD4657B82A36334E491758D863EAF457E529265AB4D3B8E29FF659103F08,UTF-8 decoded; semantic review separate,PASS_WITH_SCOPE_AS_STATED
phase17_v7/post_gateC9/20260828_advisor_correction_review/documents/Manuscript.docx,63104,97A709105C013A6AEABB6C5FFCE136117399C2351AFE9ED18F42A50ECFDD7EA4,ZIP CRC / Office XML verified,PASS_WITH_SCOPE_AS_STATED
phase17_v7/post_gateC9/20260828_advisor_correction_review/documents/Manuscript.pdf,275363,969AE707229E68CC26C147B1A5113B0BF6718B3290025A8A47C4767A4BF3913D,PDF parsed; 34 pages,PASS_WITH_SCOPE_AS_STATED
phase17_v7/post_gateC9/20260828_advisor_correction_review/documents/Research_Proposal.docx,46983,7999A9D4A4C548FA548E02A473DB84FB5DB260D61E5288880F40D948C2F3EE1B,ZIP CRC / Office XML verified,PASS_WITH_SCOPE_AS_STATED
phase17_v7/post_gateC9/20260828_advisor_correction_review/documents/Research_Proposal.pdf,164299,554CE01AD289FD990C1F28A37112F2C6939608FFF8A1194E8B4A43C821F36F80,PDF parsed; 6 pages,PASS_WITH_SCOPE_AS_STATED
phase17_v7/post_gateC9/20260828_advisor_correction_review/documents/Supplementary_Information.docx,4082231,0DD980758FBC6065FF9CCD1CF77C9FC56BD894821E2A80137DDBD504E9DF0A4A,ZIP CRC / Office XML verified,PASS_WITH_SCOPE_AS_STATED
phase17_v7/post_gateC9/20260828_advisor_correction_review/documents/Supplementary_Information.pdf,5046367,1753DE860A755A4F0D0816BB3F1EE881E3A578C2C239DCF9E1C4043413725C7D,PDF parsed; 19 pages,PASS_WITH_SCOPE_AS_STATED
phase17_v7/post_gateC9/20260828_advisor_correction_review/figures/Figure1_disease_blind_identity_scope.pdf,58260,BA06B8FC933E4CB21C4CFA6763E9D7E69ED218002ACC4607CDD3D53232762FA5,PDF parsed; 1 pages,PASS_WITH_SCOPE_AS_STATED
phase17_v7/post_gateC9/20260828_advisor_correction_review/figures/Figure1_disease_blind_identity_scope.png,627819,3D0517BD1FEB3ED39FD7CBBEEC469FF3845031452F0713B4071BF1503A42C5C5,Image decoded and verified,PASS_WITH_SCOPE_AS_STATED
phase17_v7/post_gateC9/20260828_advisor_correction_review/figures/Figure2_sample_level_composition.pdf,49286,067C6311D08B4E3A96A73296EB8305EA1E8DF993EC6CC6E0116D60A111E346F8,PDF parsed; 1 pages,PASS_WITH_SCOPE_AS_STATED
phase17_v7/post_gateC9/20260828_advisor_correction_review/figures/Figure2_sample_level_composition.png,462579,7DB5B428BBB13BDB673EE6C0781EF62B6053F56A08472473F65898D4E167A57D,Image decoded and verified,PASS_WITH_SCOPE_AS_STATED
phase17_v7/post_gateC9/20260828_advisor_correction_review/figures/Figure3_gse174188_bconv_transcription.pdf,54207,FBD2D4E9011C5746E9EFC6D6901CE36933590B46BE46E700E1B7A66A34B7FB93,PDF parsed; 1 pages,PASS_WITH_SCOPE_AS_STATED
phase17_v7/post_gateC9/20260828_advisor_correction_review/figures/Figure3_gse174188_bconv_transcription.png,449023,08C4A4A0B28EBD3C8491FA74E4959E9DB4E57A362B098F0C8409A1ADC776BA66,Image decoded and verified,PASS_WITH_SCOPE_AS_STATED
phase17_v7/post_gateC9/20260828_advisor_correction_review/figures/Figure4_independent_ifn_replication.pdf,53571,8D0CA423D352B414E018E56B1EC16DCB914B9838E3D951928556CF55C6804AA3,PDF parsed; 1 pages,PASS_WITH_SCOPE_AS_STATED
phase17_v7/post_gateC9/20260828_advisor_correction_review/figures/Figure4_independent_ifn_replication.png,587287,8DA25E9B51BD7A420EB69174D53605A29A235DCC7664749CEF20AE637A9A73DF,Image decoded and verified,PASS_WITH_SCOPE_AS_STATED
phase17_v7/post_gateC9/20260828_advisor_correction_review/figures/Figure5_regulatory_evidence.pdf,63084,13E57DDCBC5E258177D65F5349C68891C36823922896C7275E688B5412543CCA,PDF parsed; 1 pages,PASS_WITH_SCOPE_AS_STATED
phase17_v7/post_gateC9/20260828_advisor_correction_review/figures/Figure5_regulatory_evidence.png,738021,6442C46EC92FDB6EB454F8AC35CE395E5D328EC10980601312EB2ABF7A8F9C97,Image decoded and verified,PASS_WITH_SCOPE_AS_STATED
phase17_v7/post_gateC9/20260828_advisor_correction_review/figures/Supplementary_Figure_S10_reference_calibration_boundary.pdf,42875,3F55E614DEFCD3F75FF21422EAA9622AC32AEAC7A6913FEB23C15E94FC5E9C62,PDF parsed; 1 pages,PASS_WITH_SCOPE_AS_STATED
phase17_v7/post_gateC9/20260828_advisor_correction_review/figures/Supplementary_Figure_S10_reference_calibration_boundary.png,337695,54ACC0AE39C7EC85D464125A95AAA3563106464DB2CD024A05B45DFF1FB214BE,Image decoded and verified,PASS_WITH_SCOPE_AS_STATED
phase17_v7/post_gateC9/20260828_advisor_correction_review/figures/Supplementary_Figure_S1_source_integrity_qc.pdf,50658,955DD7059578247203D2D661177AD3924724B9C3326A7C9262DFB62EE15A36BA,PDF parsed; 1 pages,PASS_WITH_SCOPE_AS_STATED
phase17_v7/post_gateC9/20260828_advisor_correction_review/figures/Supplementary_Figure_S1_source_integrity_qc.png,548647,F0B4010AE3FE81C9161723650AF043AA2430AB896D91B670638152D2F2CEF111,Image decoded and verified,PASS_WITH_SCOPE_AS_STATED
phase17_v7/post_gateC9/20260828_advisor_correction_review/figures/Supplementary_Figure_S2_representation_diagnostics.pdf,49862,B3AD76830183D38F33DFF25732E4515D64D505503495CD3C3DD7F8C539BAB8F0,PDF parsed; 1 pages,PASS_WITH_SCOPE_AS_STATED
phase17_v7/post_gateC9/20260828_advisor_correction_review/figures/Supplementary_Figure_S2_representation_diagnostics.png,509589,2F1B5BF9A91E5B081DF85C3F1A6CE2D77832BE69B4960A6F1564509D3E0E81B6,Image decoded and verified,PASS_WITH_SCOPE_AS_STATED
phase17_v7/post_gateC9/20260828_advisor_correction_review/figures/Supplementary_Figure_S3_identity_adjudication.pdf,50400,06F6868C1505A53B47493F3946765C2EB30F49B283224F1720315CB5133B34B5,PDF parsed; 1 pages,PASS_WITH_SCOPE_AS_STATED
phase17_v7/post_gateC9/20260828_advisor_correction_review/figures/Supplementary_Figure_S3_identity_adjudication.png,393472,B96350F254812F8E4FF324413CD64B06BA64D63A2CBB84FE76766F95AD7B9D93,Image decoded and verified,PASS_WITH_SCOPE_AS_STATED
phase17_v7/post_gateC9/20260828_advisor_correction_review/figures/Supplementary_Figure_S4_composition_diagnostics.pdf,47456,E0A24C51CBEB3729035D9A7A9939859562799F94315B7A8EAC88455D1542BCFA,PDF parsed; 1 pages,PASS_WITH_SCOPE_AS_STATED
phase17_v7/post_gateC9/20260828_advisor_correction_review/figures/Supplementary_Figure_S4_composition_diagnostics.png,306589,AF6FBF9BEE4B57BB3EFB88520523881954A08D09ED92A6DEFF9FBAF96E24EB64,Image decoded and verified,PASS_WITH_SCOPE_AS_STATED
phase17_v7/post_gateC9/20260828_advisor_correction_review/figures/Supplementary_Figure_S5_pseudobulk_diagnostics.pdf,50955,4342C0EAB81B54658FBB66F23CD1BC3EBDCC5E88786BE9BDEE5436E5CF292D1F,PDF parsed; 1 pages,PASS_WITH_SCOPE_AS_STATED
phase17_v7/post_gateC9/20260828_advisor_correction_review/figures/Supplementary_Figure_S5_pseudobulk_diagnostics.png,484817,3AB104681DF79500CADA2CB66BBDACB79588B263CAF3DDF5F535D53605C4141F,Image decoded and verified,PASS_WITH_SCOPE_AS_STATED
phase17_v7/post_gateC9/20260828_advisor_correction_review/figures/Supplementary_Figure_S6_external_validation_diagnostics.pdf,47612,2DC6665F11A7DB84061CA260D8D7CE0BD7170A49EFFBDB6901024ADC81B73C59,PDF parsed; 1 pages,PASS_WITH_SCOPE_AS_STATED
phase17_v7/post_gateC9/20260828_advisor_correction_review/figures/Supplementary_Figure_S6_external_validation_diagnostics.png,392566,4134F970D1A452FF43295C012ECE432746A0698AB4188FD84039E7DD34D8849C,Image decoded and verified,PASS_WITH_SCOPE_AS_STATED
phase17_v7/post_gateC9/20260828_advisor_correction_review/figures/Supplementary_Figure_S7_regulator_correlation_sensitivity.pdf,48351,2451FEF214998226B665F662F01C86CC5A8B01C4BA5A451C3A40B1785FE7FFE0,PDF parsed; 1 pages,PASS_WITH_SCOPE_AS_STATED
phase17_v7/post_gateC9/20260828_advisor_correction_review/figures/Supplementary_Figure_S7_regulator_correlation_sensitivity.png,558162,7A80FECA406944CAABD7C5EC412808BD6641DCF9CA12EF250EBFBBA3874F4F18,Image decoded and verified,PASS_WITH_SCOPE_AS_STATED
phase17_v7/post_gateC9/20260828_advisor_correction_review/figures/Supplementary_Figure_S8_overlap_depletion.pdf,49800,15014F604482F865AC039FBAE9FF20FAB49510B0E9E660D4E437B3F78161C7BF,PDF parsed; 1 pages,PASS_WITH_SCOPE_AS_STATED
phase17_v7/post_gateC9/20260828_advisor_correction_review/figures/Supplementary_Figure_S8_overlap_depletion.png,566955,AAC441BAA1CF1799BCF86CCBC2198BC0E4C899DA532906B487BEB65FFD5467AE,Image decoded and verified,PASS_WITH_SCOPE_AS_STATED
phase17_v7/post_gateC9/20260828_advisor_correction_review/figures/Supplementary_Figure_S9_identity_boundary_and_propagation.pdf,52933,8D52DABB24F31C5F3460B1E4353CEBF896175DED42C27A99620115A6EB0AB787,PDF parsed; 1 pages,PASS_WITH_SCOPE_AS_STATED
phase17_v7/post_gateC9/20260828_advisor_correction_review/figures/Supplementary_Figure_S9_identity_boundary_and_propagation.png,587094,8B125DD4657C86C749F7026FB3778F871E33CABBB141774856777AE1CA647231,Image decoded and verified,PASS_WITH_SCOPE_AS_STATED
phase17_v7/post_gateC9/20260828_advisor_correction_review/source_data/Figure1_source_data.csv,3481,F3D45F72422B8469F7DD0A6E888541075A1D090277E9F96D16565B5B44C5B805,parsed 55 data rows; 6 columns,PASS_WITH_SCOPE_AS_STATED
phase17_v7/post_gateC9/20260828_advisor_correction_review/source_data/Figure2_source_data.csv,33705,DAA6DDBAB469E0D510AB578BEE0A21AA73FA2D71184739E3F361C3EA6EC8DFE2,parsed 191 data rows; 34 columns,PASS_WITH_SCOPE_AS_STATED
phase17_v7/post_gateC9/20260828_advisor_correction_review/source_data/Figure3_source_data.csv,8333,DEFABF8C16D879362E3AD197C857A9197CD6D0691B20FDFA4AC97BEFF3710BC8,parsed 38 data rows; 38 columns,PASS_WITH_SCOPE_AS_STATED
phase17_v7/post_gateC9/20260828_advisor_correction_review/source_data/Figure4_source_data.csv,499862,F3604F40DAEDB0DD01617BB223A8762323C8AAC7F16185292367B9A13FEC4755,parsed 4430 data rows; 39 columns,PASS_WITH_SCOPE_AS_STATED
phase17_v7/post_gateC9/20260828_advisor_correction_review/source_data/Figure5_source_data.csv,4162,21925F6916DDAF97760CF73622ED8E4B4CCBE5AE0B3B53C721FDF607C1C6F9A4,parsed 29 data rows; 9 columns,PASS_WITH_SCOPE_AS_STATED
phase17_v7/post_gateC9/20260828_advisor_correction_review/source_data/Supplementary_Figure_S10_source_data.csv,2069,FF4309EBAF761A0563F018AE1BE07212EF2CB2241E79DF12C374BCB1426A60FF,parsed 14 data rows; 24 columns,PASS_WITH_SCOPE_AS_STATED
phase17_v7/post_gateC9/20260828_advisor_correction_review/source_data/Supplementary_Figure_S1_source_data.csv,15014,A140D1D900A3EA869551097146AFFD3872BC7AC78E9E9712E4BDAC834A57CB68,parsed 97 data rows; 17 columns,PASS_WITH_SCOPE_AS_STATED
phase17_v7/post_gateC9/20260828_advisor_correction_review/source_data/Supplementary_Figure_S2_source_data.csv,26506,E46FE5B33B11D45319DD80C3D669AEEB83F2517095CD0C1FD5EEFA1F57C58731,parsed 176 data rows; 30 columns,PASS_WITH_SCOPE_AS_STATED
phase17_v7/post_gateC9/20260828_advisor_correction_review/source_data/Supplementary_Figure_S3_source_data.csv,4375,133E973C2753F4946A24739C049308152299A915A3FC6754B30AD0521F979C96,parsed 39 data rows; 20 columns,PASS_WITH_SCOPE_AS_STATED
phase17_v7/post_gateC9/20260828_advisor_correction_review/source_data/Supplementary_Figure_S4_source_data.csv,5599,7BA2660E5A50ADCF28407BCC92A91C791576DD69A9A1ABA9618DEB045C3A4E19,parsed 14 data rows; 47 columns,PASS_WITH_SCOPE_AS_STATED
phase17_v7/post_gateC9/20260828_advisor_correction_review/source_data/Supplementary_Figure_S5_source_data.csv,4113,F6682D636C1FF3A1784E0B9E8AEFF5C5D1BB075176312E87FCB938F65C4DA897,parsed 17 data rows; 37 columns,PASS_WITH_SCOPE_AS_STATED
phase17_v7/post_gateC9/20260828_advisor_correction_review/source_data/Supplementary_Figure_S6_source_data.csv,6249,A1D1DCBF9D20BA01D0022D4DA0F73A618776D34A687E764F18AB83439204DBF6,parsed 21 data rows; 42 columns,PASS_WITH_SCOPE_AS_STATED
phase17_v7/post_gateC9/20260828_advisor_correction_review/source_data/Supplementary_Figure_S7_source_data.csv,2110,D92140A17B96E6B77F5EEBF322A5D77A5E6F2132EDD54CC9C3E73521E5352CA3,parsed 6 data rows; 26 columns,PASS_WITH_SCOPE_AS_STATED
phase17_v7/post_gateC9/20260828_advisor_correction_review/source_data/Supplementary_Figure_S8_source_data.csv,8005,26A3F90E3165D8928874F278384B2587CB549DD4FFDE93440AAC4CEEAE06A9A2,parsed 36 data rows; 21 columns,PASS_WITH_SCOPE_AS_STATED
phase17_v7/post_gateC9/20260828_advisor_correction_review/source_data/Supplementary_Figure_S9_source_data.csv,18720,46EE840F86CA33AA4F5FCE0A37EEFCB4DB23831533BBFA20400BAE50744F5D42,parsed 128 data rows; 33 columns,PASS_WITH_SCOPE_AS_STATED
phase17_v7/round6_q1_robustness/20260825_full_pipeline_identity_resampling/00_RUN_CONTRACT.json,1049,8CAF21CCB489EECBCFB83184B05A843CCAA8FB9C19B19F74BD713FF7695FD05C,JSON parsed,PASS_WITH_SCOPE_AS_STATED
phase17_v7/round6_q1_robustness/20260825_full_pipeline_identity_resampling/01_ALL_REPLICATE_METRICS.csv,10466,2CF0BB472E5E1A5E502A68D6BF578C2ED0A02707C4C5FD17E3570157D7DC5F19,parsed 120 data rows; 9 columns,PASS_WITH_SCOPE_AS_STATED
phase17_v7/round6_q1_robustness/20260825_full_pipeline_identity_resampling/02_ALL_STATE_METRICS.csv,17732,A9B718288276E73958D451100DE602E00F8E718005307BF62DF6ACF70BCAC583,parsed 240 data rows; 8 columns,PASS_WITH_SCOPE_AS_STATED
phase17_v7/round6_q1_robustness/20260825_full_pipeline_identity_resampling/03_BRANCH_RESOLUTION_SUMMARY.csv,1088,D526A951947623F44C1D860013512674D3B20E4912A5813405E57E7F26F4A662,parsed 6 data rows; 10 columns,PASS_WITH_SCOPE_AS_STATED
phase17_v7/round6_q1_robustness/20260825_full_pipeline_identity_resampling/04_STATE_SUMMARY.csv,1259,E1394882F5D0F59113AC9068D60E4C1796548F72BA2BE336B2C42B272D63C796,parsed 12 data rows; 7 columns,PASS_WITH_SCOPE_AS_STATED
phase17_v7/round6_q1_robustness/20260825_full_pipeline_identity_resampling/05_FULL_PIPELINE_RESAMPLING_STATUS.json,1352,A12AC5DDB41CFB4B85EBB5C828C5291E075BBF97F06D7BD36AE49C423A31A10F,JSON parsed,PASS_WITH_SCOPE_AS_STATED
phase17_v7/round6_q1_robustness/20260825_full_pipeline_identity_resampling/replicate_001/00_REPLICATE_STATUS.json,1405,791F9FD7593070DCD41283F99D9524028CDC44D5E143B4121E9107E88F926B83,JSON parsed,PASS_WITH_SCOPE_AS_STATED
phase17_v7/round6_q1_robustness/20260825_full_pipeline_identity_resampling/replicate_001/01_REPLICATE_METRICS.csv,671,576F7C380632E7218064BF87C2BE07816D1763D52EAD139D7D2B7B44B83D0C17,parsed 6 data rows; 9 columns,PASS_WITH_SCOPE_AS_STATED
phase17_v7/round6_q1_robustness/20260825_full_pipeline_identity_resampling/replicate_001/02_STATE_METRICS.csv,932,970640C60C04376A626A7015F8C4FA8B773624CB17825DB058B6EEABB3C1D3D8,parsed 12 data rows; 8 columns,PASS_WITH_SCOPE_AS_STATED
phase17_v7/round6_q1_robustness/20260825_full_pipeline_identity_resampling/replicate_001/03_SELECTED_HVGS.csv,450242,B5327A72B8AAC27ABCCAEC35090EA9B6E782130A02D7D3F6E2A2E827085CB6E3,parsed 3000 data rows; 17 columns,PASS_WITH_SCOPE_AS_STATED
phase17_v7/round6_q1_robustness/20260825_full_pipeline_identity_resampling/replicate_002/00_REPLICATE_STATUS.json,1405,79A2231E2A8A71322ACA0DB2A171D13C19F186677979FED37EB80754CC265799,JSON parsed,PASS_WITH_SCOPE_AS_STATED
phase17_v7/round6_q1_robustness/20260825_full_pipeline_identity_resampling/replicate_002/01_REPLICATE_METRICS.csv,673,A447D9EB96C23AFEB1AF04414ECE0E3ECF0FD12174335EB0854DE87FB0FF5EC7,parsed 6 data rows; 9 columns,PASS_WITH_SCOPE_AS_STATED
phase17_v7/round6_q1_robustness/20260825_full_pipeline_identity_resampling/replicate_002/02_STATE_METRICS.csv,971,7C23BF94282DD0203308211853D59D2F2BC7B2A35D4D4FB9321294D0AC0D25F1,parsed 12 data rows; 8 columns,PASS_WITH_SCOPE_AS_STATED
phase17_v7/round6_q1_robustness/20260825_full_pipeline_identity_resampling/replicate_002/03_SELECTED_HVGS.csv,450119,8E223AEF6A7B39DA5A3D75176CA13165D50A1EA4E8AC70302E1595F778845D47,parsed 3000 data rows; 17 columns,PASS_WITH_SCOPE_AS_STATED
phase17_v7/round6_q1_robustness/20260825_full_pipeline_identity_resampling/replicate_003/00_REPLICATE_STATUS.json,1405,7EEC35629425FA02972B7245972E035EB91760DC500CD3345C689676AEEDA51B,JSON parsed,PASS_WITH_SCOPE_AS_STATED
phase17_v7/round6_q1_robustness/20260825_full_pipeline_identity_resampling/replicate_003/01_REPLICATE_METRICS.csv,673,122634B2DC2E84509BAF15BDEC4020073BC83C58123D23FE4AD094ED5E57A7FE,parsed 6 data rows; 9 columns,PASS_WITH_SCOPE_AS_STATED
phase17_v7/round6_q1_robustness/20260825_full_pipeline_identity_resampling/replicate_003/02_STATE_METRICS.csv,971,E4AA544D369235A08C553B2B83BFE8EEEC5A0A0CA18C1BAF97AAD643A82766FF,parsed 12 data rows; 8 columns,PASS_WITH_SCOPE_AS_STATED
phase17_v7/round6_q1_robustness/20260825_full_pipeline_identity_resampling/replicate_003/03_SELECTED_HVGS.csv,450091,722F4FC0C2C39BFE46B360EE8B0B35C6E41CDC1B39B06A2B6AFE52285CF929C6,parsed 3000 data rows; 17 columns,PASS_WITH_SCOPE_AS_STATED
phase17_v7/round6_q1_robustness/20260825_full_pipeline_identity_resampling/replicate_004/00_REPLICATE_STATUS.json,1405,82E19A072140846319FD20E9923744907ACEBC7D249AA268336A9D2219D8C47E,JSON parsed,PASS_WITH_SCOPE_AS_STATED
phase17_v7/round6_q1_robustness/20260825_full_pipeline_identity_resampling/replicate_004/01_REPLICATE_METRICS.csv,673,797C1E807C29B2E2C759F97F833E3B8E3FFBACC8A4C82F7DD78C34903943E9E7,parsed 6 data rows; 9 columns,PASS_WITH_SCOPE_AS_STATED
phase17_v7/round6_q1_robustness/20260825_full_pipeline_identity_resampling/replicate_004/02_STATE_METRICS.csv,954,CCFA203847508B88DE991C42ECD4F1ADB0AA95C7B1648B6CE09469DBF1C3993B,parsed 12 data rows; 8 columns,PASS_WITH_SCOPE_AS_STATED
phase17_v7/round6_q1_robustness/20260825_full_pipeline_identity_resampling/replicate_004/03_SELECTED_HVGS.csv,450142,DCCD561513DAC707ED1668982A14B2AB4D2C991AE336A4C9ED223C085DF6E3C3,parsed 3000 data rows; 17 columns,PASS_WITH_SCOPE_AS_STATED
phase17_v7/round6_q1_robustness/20260825_full_pipeline_identity_resampling/replicate_005/00_REPLICATE_STATUS.json,1405,7C1E9354CB96C4BD7BCA2AD4519C8E0B48197E4FCE708C95AD50EB66E83B310E,JSON parsed,PASS_WITH_SCOPE_AS_STATED
phase17_v7/round6_q1_robustness/20260825_full_pipeline_identity_resampling/replicate_005/01_REPLICATE_METRICS.csv,673,F7FE5D8C2A6B221EEB6EDB6D04E40929CD6599E548BF1110BBB9F9BD55419DFF,parsed 6 data rows; 9 columns,PASS_WITH_SCOPE_AS_STATED
phase17_v7/round6_q1_robustness/20260825_full_pipeline_identity_resampling/replicate_005/02_STATE_METRICS.csv,971,280418C3B3802F70A9E9B70998696AEA3D298BDBEDA8ECE3B81DEA298251F431,parsed 12 data rows; 8 columns,PASS_WITH_SCOPE_AS_STATED
phase17_v7/round6_q1_robustness/20260825_full_pipeline_identity_resampling/replicate_005/03_SELECTED_HVGS.csv,449999,2689C7D7389A4BBEB35954BDD5D5E4B51ACE86DEACFE9A19F6A357A455E412E9,parsed 3000 data rows; 17 columns,PASS_WITH_SCOPE_AS_STATED
phase17_v7/round6_q1_robustness/20260825_full_pipeline_identity_resampling/replicate_006/00_REPLICATE_STATUS.json,1405,9FD6FB8D9CF73BE255A1795B1C1F4C3A92ECB008A010C0469E8D3B738D268FD8,JSON parsed,PASS_WITH_SCOPE_AS_STATED
phase17_v7/round6_q1_robustness/20260825_full_pipeline_identity_resampling/replicate_006/01_REPLICATE_METRICS.csv,672,61822248D3E36D1D3D1BC2E70926C9B8E3BB87AF73A6C54B256417B0782A79F2,parsed 6 data rows; 9 columns,PASS_WITH_SCOPE_AS_STATED
phase17_v7/round6_q1_robustness/20260825_full_pipeline_identity_resampling/replicate_006/02_STATE_METRICS.csv,970,507EBDCE338F1BAA06EE94DBB75C4F29D5060B96E846FE0AC710F84D4004CF48,parsed 12 data rows; 8 columns,PASS_WITH_SCOPE_AS_STATED
phase17_v7/round6_q1_robustness/20260825_full_pipeline_identity_resampling/replicate_006/03_SELECTED_HVGS.csv,450051,E9BE73F04ADCB88D1BA0FF8436B34A8A71BD4311C3D8EEBCA35F9D991D5E974F,parsed 3000 data rows; 17 columns,PASS_WITH_SCOPE_AS_STATED
phase17_v7/round6_q1_robustness/20260825_full_pipeline_identity_resampling/replicate_007/00_REPLICATE_STATUS.json,1405,34085F8FBEC89BEF3FB8E67B5D0DA11BA7AFF41A91B0A8EFDF15B9CBD2DC94E0,JSON parsed,PASS_WITH_SCOPE_AS_STATED
phase17_v7/round6_q1_robustness/20260825_full_pipeline_identity_resampling/replicate_007/01_REPLICATE_METRICS.csv,671,D78CE8136CCAAEBE9438512EB5FF2315CFE9E68845ACA78816C49987424E1885,parsed 6 data rows; 9 columns,PASS_WITH_SCOPE_AS_STATED
phase17_v7/round6_q1_robustness/20260825_full_pipeline_identity_resampling/replicate_007/02_STATE_METRICS.csv,969,192F35CE1675438CF762E31339F82524F4E128FA942A2463E167518B10449032,parsed 12 data rows; 8 columns,PASS_WITH_SCOPE_AS_STATED
phase17_v7/round6_q1_robustness/20260825_full_pipeline_identity_resampling/replicate_007/03_SELECTED_HVGS.csv,450185,75E98817DBF0A092331DDD519DE8E1D7B1A747C8A4F531795D272A9F4830A53A,parsed 3000 data rows; 17 columns,PASS_WITH_SCOPE_AS_STATED
phase17_v7/round6_q1_robustness/20260825_full_pipeline_identity_resampling/replicate_008/00_REPLICATE_STATUS.json,1405,81F20988E1F00A5414C88E714016D10721C6DE269C2D0FD67ED49AFF09CCF89F,JSON parsed,PASS_WITH_SCOPE_AS_STATED
phase17_v7/round6_q1_robustness/20260825_full_pipeline_identity_resampling/replicate_008/01_REPLICATE_METRICS.csv,674,9083853E8D8CDAACFED595754283C14D1F7A62057B0084D1668392ECDE423619,parsed 6 data rows; 9 columns,PASS_WITH_SCOPE_AS_STATED
phase17_v7/round6_q1_robustness/20260825_full_pipeline_identity_resampling/replicate_008/02_STATE_METRICS.csv,971,66A4DF1E45A0B7466A52557E7E21FCC6F3832E772EC1BCFA50326FC75BC94B9A,parsed 12 data rows; 8 columns,PASS_WITH_SCOPE_AS_STATED
phase17_v7/round6_q1_robustness/20260825_full_pipeline_identity_resampling/replicate_008/03_SELECTED_HVGS.csv,450248,6F291C51D35ABB6CC2656095BF33FD67D501EBAD980BBFD618819F9B074F9F07,parsed 3000 data rows; 17 columns,PASS_WITH_SCOPE_AS_STATED
phase17_v7/round6_q1_robustness/20260825_full_pipeline_identity_resampling/replicate_009/00_REPLICATE_STATUS.json,1405,F656948FE378D988C08D8E7CDE90570851B30602DF7B752E05036C61DF41A348,JSON parsed,PASS_WITH_SCOPE_AS_STATED
phase17_v7/round6_q1_robustness/20260825_full_pipeline_identity_resampling/replicate_009/01_REPLICATE_METRICS.csv,673,222E85FE121C7D0297D7472FABBFF05252F7397060100119DDC89F927CE04B2C,parsed 6 data rows; 9 columns,PASS_WITH_SCOPE_AS_STATED
phase17_v7/round6_q1_robustness/20260825_full_pipeline_identity_resampling/replicate_009/02_STATE_METRICS.csv,970,56B05C02C3AACF2EDBC257601B8FFECA992CCA3AFB06F1364B9E4B4E2C89BA46,parsed 12 data rows; 8 columns,PASS_WITH_SCOPE_AS_STATED
phase17_v7/round6_q1_robustness/20260825_full_pipeline_identity_resampling/replicate_009/03_SELECTED_HVGS.csv,450170,6B059195EC89DAF872747D165D562FDCB5D581DE9ACB0DFEC05F47F803F051AC,parsed 3000 data rows; 17 columns,PASS_WITH_SCOPE_AS_STATED
phase17_v7/round6_q1_robustness/20260825_full_pipeline_identity_resampling/replicate_010/00_REPLICATE_STATUS.json,1406,58398E3C866F7A44A90170C7F24E8DD2B7E29946728C89B7F6D184380FAE2001,JSON parsed,PASS_WITH_SCOPE_AS_STATED
phase17_v7/round6_q1_robustness/20260825_full_pipeline_identity_resampling/replicate_010/01_REPLICATE_METRICS.csv,680,5C2EC10631BAA1ED9AA00C12CD76DE050DC43350594134164D9CADCE76B4D101,parsed 6 data rows; 9 columns,PASS_WITH_SCOPE_AS_STATED
phase17_v7/round6_q1_robustness/20260825_full_pipeline_identity_resampling/replicate_010/02_STATE_METRICS.csv,943,3AC7F75DC11EE5A8B14BB373C0B6907F79588C90DC2179438BA0F74E0ECD9D51,parsed 12 data rows; 8 columns,PASS_WITH_SCOPE_AS_STATED
phase17_v7/round6_q1_robustness/20260825_full_pipeline_identity_resampling/replicate_010/03_SELECTED_HVGS.csv,450054,7341B5DE2D77E41FF0BD80CCBDED3CD209D59D22E8EC93877FEEF3C376DBC2A9,parsed 3000 data rows; 17 columns,PASS_WITH_SCOPE_AS_STATED
phase17_v7/round6_q1_robustness/20260825_full_pipeline_identity_resampling/replicate_011/00_REPLICATE_STATUS.json,1406,0E3A49270B97F9BE58CCFDC90AEC04296331A68439F06FB931D1B5A3AB342736,JSON parsed,PASS_WITH_SCOPE_AS_STATED
phase17_v7/round6_q1_robustness/20260825_full_pipeline_identity_resampling/replicate_011/01_REPLICATE_METRICS.csv,680,3535B6853BEC234A6F41E37E5A48BA0AD05132989134860A35C94F36758A9E91,parsed 6 data rows; 9 columns,PASS_WITH_SCOPE_AS_STATED
phase17_v7/round6_q1_robustness/20260825_full_pipeline_identity_resampling/replicate_011/02_STATE_METRICS.csv,972,D0EC3E10C403E3D309DA7A594CFCBA70CD2731AA67B5063B4802AC8A1F3DC2F3,parsed 12 data rows; 8 columns,PASS_WITH_SCOPE_AS_STATED
phase17_v7/round6_q1_robustness/20260825_full_pipeline_identity_resampling/replicate_011/03_SELECTED_HVGS.csv,450111,91E7DEE5D6321697165A11794343A7BA5E6C2F0782D8112FB6B6622BD67F8D89,parsed 3000 data rows; 17 columns,PASS_WITH_SCOPE_AS_STATED
phase17_v7/round6_q1_robustness/20260825_full_pipeline_identity_resampling/replicate_012/00_REPLICATE_STATUS.json,1406,5FFAA182FB782CAB0DFC643125C0716DED6C2F1AF401BA64074E90F13053FC12,JSON parsed,PASS_WITH_SCOPE_AS_STATED
phase17_v7/round6_q1_robustness/20260825_full_pipeline_identity_resampling/replicate_012/01_REPLICATE_METRICS.csv,678,CD29165B82BB8D764C9B67B250508C6F487ED8063B91668E7FB2B0F69B737C04,parsed 6 data rows; 9 columns,PASS_WITH_SCOPE_AS_STATED
phase17_v7/round6_q1_robustness/20260825_full_pipeline_identity_resampling/replicate_012/02_STATE_METRICS.csv,969,EC8A8E77E1280ECA27660E8FB147FB9D3C8E0B20EF9C77BE9A1B582B3AB3A219,parsed 12 data rows; 8 columns,PASS_WITH_SCOPE_AS_STATED
phase17_v7/round6_q1_robustness/20260825_full_pipeline_identity_resampling/replicate_012/03_SELECTED_HVGS.csv,450077,EB4DEDFFB4E88AB0513EDB44E640F61D8E9240FB491EABB23EF55EB384738775,parsed 3000 data rows; 17 columns,PASS_WITH_SCOPE_AS_STATED
phase17_v7/round6_q1_robustness/20260825_full_pipeline_identity_resampling/replicate_013/00_REPLICATE_STATUS.json,1406,943F53CE0D65130D84FD6FEA02ACB9FBB8E9DA119845FA91E292EB92B1E6C4EB,JSON parsed,PASS_WITH_SCOPE_AS_STATED
phase17_v7/round6_q1_robustness/20260825_full_pipeline_identity_resampling/replicate_013/01_REPLICATE_METRICS.csv,681,3EA869516FD5369BBFD35AD96587A712961BAB10668035421CB6021CBF2E6F74,parsed 6 data rows; 9 columns,PASS_WITH_SCOPE_AS_STATED
phase17_v7/round6_q1_robustness/20260825_full_pipeline_identity_resampling/replicate_013/02_STATE_METRICS.csv,980,E8812FFE7FB9638D51013BCC1EC7D241190D883C66058F17F03D7E24B137DD29,parsed 12 data rows; 8 columns,PASS_WITH_SCOPE_AS_STATED
phase17_v7/round6_q1_robustness/20260825_full_pipeline_identity_resampling/replicate_013/03_SELECTED_HVGS.csv,450233,CD81B6530BC73398879347877A62C728CDA1FDDAF98D2099A73BB34B4FE54013,parsed 3000 data rows; 17 columns,PASS_WITH_SCOPE_AS_STATED
phase17_v7/round6_q1_robustness/20260825_full_pipeline_identity_resampling/replicate_014/00_REPLICATE_STATUS.json,1406,3ADE6EBCDD1A7FB7A4BAC8D0792F333F1DE80BFE76DE661FEC6DEECA0375A01F,JSON parsed,PASS_WITH_SCOPE_AS_STATED
phase17_v7/round6_q1_robustness/20260825_full_pipeline_identity_resampling/replicate_014/01_REPLICATE_METRICS.csv,676,36144FC9E860FD7106F928B12FFCEC7CC89FEF451BC725F3731F255DBFAECCBD,parsed 6 data rows; 9 columns,PASS_WITH_SCOPE_AS_STATED
phase17_v7/round6_q1_robustness/20260825_full_pipeline_identity_resampling/replicate_014/02_STATE_METRICS.csv,984,91B687E98192016B286332DD9A8CAFB99F4463148D8756C41793832069FCBA7B,parsed 12 data rows; 8 columns,PASS_WITH_SCOPE_AS_STATED
phase17_v7/round6_q1_robustness/20260825_full_pipeline_identity_resampling/replicate_014/03_SELECTED_HVGS.csv,450197,3428BDBE5470B69AC7E0B46ECD841521ED2714E66D8B6E3A80E0436BBA40FE8F,parsed 3000 data rows; 17 columns,PASS_WITH_SCOPE_AS_STATED
phase17_v7/round6_q1_robustness/20260825_full_pipeline_identity_resampling/replicate_015/00_REPLICATE_STATUS.json,1406,092D9A56B87D9DCCD9AC622F1ED722369E8EDABF5CFCB694F8AD95D0E3B47646,JSON parsed,PASS_WITH_SCOPE_AS_STATED
phase17_v7/round6_q1_robustness/20260825_full_pipeline_identity_resampling/replicate_015/01_REPLICATE_METRICS.csv,681,EBF5365008BD4799997FAF743BC7CF79DD9344CAEC43857E712F7725696710AF,parsed 6 data rows; 9 columns,PASS_WITH_SCOPE_AS_STATED
phase17_v7/round6_q1_robustness/20260825_full_pipeline_identity_resampling/replicate_015/02_STATE_METRICS.csv,980,07F65D3EC63619914BF5FC9098D242C92CFEFF1E2BF4730CDDC3F35EE3D2D036,parsed 12 data rows; 8 columns,PASS_WITH_SCOPE_AS_STATED
phase17_v7/round6_q1_robustness/20260825_full_pipeline_identity_resampling/replicate_015/03_SELECTED_HVGS.csv,450182,CE674EB823E04F66D5F63E53D3C9C57091E13B197C10F34F96D982B0B2E0A823,parsed 3000 data rows; 17 columns,PASS_WITH_SCOPE_AS_STATED
phase17_v7/round6_q1_robustness/20260825_full_pipeline_identity_resampling/replicate_016/00_REPLICATE_STATUS.json,1406,FEB0B717B9069E906C8B7D9B68E7CC575A9DA4D3FADCCBB945D6AADD2AA8F715,JSON parsed,PASS_WITH_SCOPE_AS_STATED
phase17_v7/round6_q1_robustness/20260825_full_pipeline_identity_resampling/replicate_016/01_REPLICATE_METRICS.csv,679,12F56F6E110A60D189211D4791815C9C34EBEC94AE96455373E4D7E908A3BE37,parsed 6 data rows; 9 columns,PASS_WITH_SCOPE_AS_STATED
phase17_v7/round6_q1_robustness/20260825_full_pipeline_identity_resampling/replicate_016/02_STATE_METRICS.csv,982,434059C8758977A0665892CE3C3251822DB2BB7628090115E97905B7EA99E0A0,parsed 12 data rows; 8 columns,PASS_WITH_SCOPE_AS_STATED
phase17_v7/round6_q1_robustness/20260825_full_pipeline_identity_resampling/replicate_016/03_SELECTED_HVGS.csv,450185,6C63A87A0700938C6C178850AC636B81A717E8657B29EF404C691CCF228A5A07,parsed 3000 data rows; 17 columns,PASS_WITH_SCOPE_AS_STATED
phase17_v7/round6_q1_robustness/20260825_full_pipeline_identity_resampling/replicate_017/00_REPLICATE_STATUS.json,1406,572129E53AF2135FDB6C14F38A656DEAD0BAD4F8DE7D32E908C3828047CD2A6B,JSON parsed,PASS_WITH_SCOPE_AS_STATED
phase17_v7/round6_q1_robustness/20260825_full_pipeline_identity_resampling/replicate_017/01_REPLICATE_METRICS.csv,677,767420B24DB2DE7C5F79A70126338AFE8D44F112BB39CBD899AFB4ED378B0B0A,parsed 6 data rows; 9 columns,PASS_WITH_SCOPE_AS_STATED
phase17_v7/round6_q1_robustness/20260825_full_pipeline_identity_resampling/replicate_017/02_STATE_METRICS.csv,986,CBB5517FCAC69D23ECB65DC013E13C958177D99976DDFC65C30209B0B3E971E8,parsed 12 data rows; 8 columns,PASS_WITH_SCOPE_AS_STATED
phase17_v7/round6_q1_robustness/20260825_full_pipeline_identity_resampling/replicate_017/03_SELECTED_HVGS.csv,450154,D5726FE91280DED1654D09CB06C9B70CD2A231E7DB8B12A0B2C8A512FD3605CE,parsed 3000 data rows; 17 columns,PASS_WITH_SCOPE_AS_STATED
phase17_v7/round6_q1_robustness/20260825_full_pipeline_identity_resampling/replicate_018/00_REPLICATE_STATUS.json,1406,A5C84043C4DE153D93F0616A72D14846F317B7AF0FD20CCAAC3134BC6C9D631E,JSON parsed,PASS_WITH_SCOPE_AS_STATED
phase17_v7/round6_q1_robustness/20260825_full_pipeline_identity_resampling/replicate_018/01_REPLICATE_METRICS.csv,681,8BC3DA70DFC695679653A958D9A8C36CF1EC00546FC571287D6ED05573B83A29,parsed 6 data rows; 9 columns,PASS_WITH_SCOPE_AS_STATED
phase17_v7/round6_q1_robustness/20260825_full_pipeline_identity_resampling/replicate_018/02_STATE_METRICS.csv,982,0243CCC654ABF15554C26E1D241FBF8917430592BC5BBC18A20680FDAEC8C91F,parsed 12 data rows; 8 columns,PASS_WITH_SCOPE_AS_STATED
phase17_v7/round6_q1_robustness/20260825_full_pipeline_identity_resampling/replicate_018/03_SELECTED_HVGS.csv,450078,159B57AFFCA9B7E383122426A7FF210D93666661E308C55675F43A88DC2AFE6D,parsed 3000 data rows; 17 columns,PASS_WITH_SCOPE_AS_STATED
phase17_v7/round6_q1_robustness/20260825_full_pipeline_identity_resampling/replicate_019/00_REPLICATE_STATUS.json,1406,166ED994DAE836D5B2DC069C484748CFF00793C3D5B8CFDCC874D268ED798B3D,JSON parsed,PASS_WITH_SCOPE_AS_STATED
phase17_v7/round6_q1_robustness/20260825_full_pipeline_identity_resampling/replicate_019/01_REPLICATE_METRICS.csv,680,F27E6F7EDB4FFF0602A4B237529A42A92295DB37BA4689AA82297C724B46324E,parsed 6 data rows; 9 columns,PASS_WITH_SCOPE_AS_STATED
phase17_v7/round6_q1_robustness/20260825_full_pipeline_identity_resampling/replicate_019/02_STATE_METRICS.csv,983,9D333BC6DB329FCDC4D8BC4846CBB816146BACE206217A0B910E72DEF2B05854,parsed 12 data rows; 8 columns,PASS_WITH_SCOPE_AS_STATED
phase17_v7/round6_q1_robustness/20260825_full_pipeline_identity_resampling/replicate_019/03_SELECTED_HVGS.csv,450197,F9FEEECEA5F710222E4051F493D2B2019C19F079108659E03EC42FAF84792903,parsed 3000 data rows; 17 columns,PASS_WITH_SCOPE_AS_STATED
phase17_v7/round6_q1_robustness/20260825_full_pipeline_identity_resampling/replicate_020/00_REPLICATE_STATUS.json,1406,99DE390AA05C4BE3A53A10DD72CDE1B866A1234F5B56B02A7D0B3D1A339A1880,JSON parsed,PASS_WITH_SCOPE_AS_STATED
phase17_v7/round6_q1_robustness/20260825_full_pipeline_identity_resampling/replicate_020/01_REPLICATE_METRICS.csv,679,A84A9AF7986063DA38CAA87F587133DA7AF2BCC71FE78E1A61CA8B97361A5375,parsed 6 data rows; 9 columns,PASS_WITH_SCOPE_AS_STATED
phase17_v7/round6_q1_robustness/20260825_full_pipeline_identity_resampling/replicate_020/02_STATE_METRICS.csv,983,7948793FE4683AD426BD5C532BF1F6B75E398C593B4B50672A16FC1D44F5456E,parsed 12 data rows; 8 columns,PASS_WITH_SCOPE_AS_STATED
phase17_v7/round6_q1_robustness/20260825_full_pipeline_identity_resampling/replicate_020/03_SELECTED_HVGS.csv,450155,5430A361607FF527CEDE50FBDCAB2F9BB6A632DD11E8F2EDFFB47F9B27D5482A,parsed 3000 data rows; 17 columns,PASS_WITH_SCOPE_AS_STATED
phase17_v7/round6_q1_robustness/20260825_overlap_depletion/01_OVERLAP_DEPLETION_RESULTS.csv,12343,87510BA837958C3C61F2594E8C9EFF2D57BCD41082BACD1F124E401A10B95D01,parsed 54 data rows; 21 columns,PASS_WITH_SCOPE_AS_STATED
phase17_v7/round6_q1_robustness/20260825_overlap_depletion/02_ULM_LEAVE_ONE_TARGET.csv,67001,7BE70842F886D8F92FE91BD93483D398CA8B3E587A2D5C2CD60B4EC03227098F,parsed 751 data rows; 7 columns,PASS_WITH_SCOPE_AS_STATED
phase17_v7/round6_q1_robustness/20260825_overlap_depletion/03_ULM_LEAVE_ONE_TARGET_SUMMARY.csv,1306,EB10AC5CFA19956463C315567A829A2C2B6A37753C89CBB1855655DBF62C5F38,parsed 11 data rows; 9 columns,PASS_WITH_SCOPE_AS_STATED
phase17_v7/round6_q1_robustness/20260825_overlap_depletion/04_METHOD_SUMMARY.csv,474,C9C4BC2455F812D3E0F8F82894E5C1512F0EB54549C48840252FBFDDECD48387,parsed 6 data rows; 7 columns,PASS_WITH_SCOPE_AS_STATED
phase17_v7/round6_q1_robustness/20260825_overlap_depletion/05_OVERLAP_DEPLETION_STATUS.json,3536,AF16FE0ADE8D16B35B120F9DA9DBC8F651F594E5E2F06B5706F754FC502C7F86,JSON parsed,PASS_WITH_SCOPE_AS_STATED
phase17_v7/round6_q1_robustness/20260825_overlap_depletion/06_SUPPLEMENTARY_FIGURE_S8_STATUS.json,588,255E21E3B9EF67270D0A8C8C20B2C0CD1A4F7D380E570EA94E02B549FC343CC8,JSON parsed,PASS_WITH_SCOPE_AS_STATED
phase17_v7/round6_q1_robustness/20260825_overlap_depletion/07_ROUND6_OVERLAP_DEPLETION_ADVISOR_REVIEW.md,3717,E6C242C50F648A4C735983CA378E73826E9EBC768A17C1FD18F61DA41D446CDF,UTF-8 decoded; semantic review separate,PASS_WITH_SCOPE_AS_STATED
phase17_v7/round6_q1_robustness/20260825_overlap_depletion/figures/Supplementary_Figure_S8_overlap_depletion.pdf,49826,B085EE2D5B1F8F858546FA5A317754EA0D878D0B7A35786D8C07791F43443BE3,PDF parsed; 1 pages,PASS_WITH_SCOPE_AS_STATED
phase17_v7/round6_q1_robustness/20260825_overlap_depletion/figures/Supplementary_Figure_S8_overlap_depletion.png,562614,892DFD9FE0610809610B70B7B6648942561BAEF9C442365F2354ADA216891ACB,Image decoded and verified,PASS_WITH_SCOPE_AS_STATED
phase17_v7/round6_q1_robustness/20260825_overlap_depletion/source_data/Supplementary_Figure_S8_source_data.csv,8005,26A3F90E3165D8928874F278384B2587CB549DD4FFDE93440AAC4CEEAE06A9A2,parsed 36 data rows; 21 columns,PASS_WITH_SCOPE_AS_STATED
phase17_v7/round6_q1_robustness/20260827_r1_hold_integration/01_RECOMPUTED_BRANCH_SUMMARY.csv,1088,B000B141AB3AF9FC87357A5577CE2676BFD5C77645FE88DBFB6988E8DE8DA577,parsed 6 data rows; 10 columns,PASS_WITH_SCOPE_AS_STATED
phase17_v7/round6_q1_robustness/20260827_r1_hold_integration/02_RECOMPUTED_STATE_SUMMARY.csv,1258,8CD1DF11359ABAD6C420515BB0A6DB6A49997BDC9DDB6F9A50F768643E357E00,parsed 12 data rows; 7 columns,PASS_WITH_SCOPE_AS_STATED
phase17_v7/round6_q1_robustness/20260827_r1_hold_integration/03_BOUNDARY_EXCHANGE.csv,3200,85F4195B2A6FB7F6CC5D1E3DC222ED69674FA0302EBD5E70779EAF806D46C014,parsed 40 data rows; 10 columns,PASS_WITH_SCOPE_AS_STATED
phase17_v7/round6_q1_robustness/20260827_r1_hold_integration/04_REPLICATE_INTEGRITY_MANIFEST.csv,7317,2EBD980E7ECC5EDE4C12FA1C5C3D6291CFFA1B8090A4AEB92E143DBA077542E7,parsed 20 data rows; 12 columns,PASS_WITH_SCOPE_AS_STATED
phase17_v7/round6_q1_robustness/20260827_r1_hold_integration/05_MATRIX_EXPORT_MANIFEST.csv,7089,CF1BB221962A0CBAB43F3349CAFEBA83B2DD9AF3D24FFB3D5C11C697BCDF71C4,parsed 40 data rows; 9 columns,PASS_WITH_SCOPE_AS_STATED
phase17_v7/round6_q1_robustness/20260827_r1_hold_integration/06_AUDIT_AND_PROPAGATION_PREP_STATUS.json,1713,F75506CC87B643D3D6ED3EA99428198A7A9D48A0FCF13390A5A67170A375A8BD,JSON parsed,PASS_WITH_SCOPE_AS_STATED
phase17_v7/round6_q1_robustness/20260827_r1_hold_integration/07_COMPOSITION_UNCERTAINTY_RESULTS.csv,11989,E20C1ACD52E0ECAB5A3C09F61F70F802C68E09685097D2003378A264448F9CF8,parsed 84 data rows; 13 columns,PASS_WITH_SCOPE_AS_STATED
phase17_v7/round6_q1_robustness/20260827_r1_hold_integration/08_COMPOSITION_UNCERTAINTY_SUMMARY.csv,678,6A8FFEA94E5D2EC5FB99ED8130261AE8EC12258978D040566327018A604915C0,parsed 4 data rows; 10 columns,PASS_WITH_SCOPE_AS_STATED
phase17_v7/round6_q1_robustness/20260827_r1_hold_integration/09_COMPOSITION_UNCERTAINTY_STATUS.json,1080,1A93F9250043C7AB393B8B7A824802A0F2C7EB86382A45E0C919385C378DB0AC,JSON parsed,PASS_WITH_SCOPE_AS_STATED
phase17_v7/round6_q1_robustness/20260827_r1_hold_integration/10_IFN_UNCERTAINTY_RESULTS.csv,5855,F50C1A3A1A93F4159BA26E5ABF483AD2A273641A771648436C274FE8542F4D9F,parsed 42 data rows; 10 columns,PASS_WITH_SCOPE_AS_STATED
phase17_v7/round6_q1_robustness/20260827_r1_hold_integration/11_IFN_UNCERTAINTY_SUMMARY.csv,407,2E357EF14B7FCC9F39A3AC48C25AE00AC11970463C5535DFD49AAAA51C3442BF,parsed 2 data rows; 9 columns,PASS_WITH_SCOPE_AS_STATED
phase17_v7/round6_q1_robustness/20260827_r1_hold_integration/12_IFN_UNCERTAINTY_STATUS.json,1351,0E573F1B178B31148D671AC4FA8E1F0A9901B00DB93B11D24D75E661A300D0D3,JSON parsed,PASS_WITH_SCOPE_AS_STATED
phase17_v7/round6_q1_robustness/20260827_r1_hold_integration/13_SUPPLEMENTARY_FIGURE_S9_STATUS.json,1016,6F277167CF3CC008FFBD7E6EB1FC6536F24D26007DDBDA5F6C4A94B45622ED7D,JSON parsed,PASS_WITH_SCOPE_AS_STATED
phase17_v7/round6_q1_robustness/20260827_r1_hold_integration/14_ROUND6_R1_HOLD_ADVISOR_REVIEW.md,2473,C145DD4657B82A36334E491758D863EAF457E529265AB4D3B8E29FF659103F08,UTF-8 decoded; semantic review separate,PASS_WITH_SCOPE_AS_STATED
phase17_v7/round6_q1_robustness/20260827_r1_hold_integration/figures/Supplementary_Figure_S9_identity_boundary_and_propagation.pdf,52943,4D04E51A9282E2BBB39DCBE7745D6978A46B1BCBD47FBC7C54DDD33964EAE075,PDF parsed; 1 pages,PASS_WITH_SCOPE_AS_STATED
phase17_v7/round6_q1_robustness/20260827_r1_hold_integration/figures/Supplementary_Figure_S9_identity_boundary_and_propagation.png,591268,0D238DC9F0E8D548D654A2C62990D589A0B430A09C1DB6647BCCB66924D78B74,Image decoded and verified,PASS_WITH_SCOPE_AS_STATED
phase17_v7/round6_q1_robustness/20260827_r1_hold_integration/source_data/Supplementary_Figure_S9_source_data.csv,18720,46EE840F86CA33AA4F5FCE0A37EEFCB4DB23831533BBFA20400BAE50744F5D42,parsed 128 data rows; 33 columns,PASS_WITH_SCOPE_AS_STATED
