gene_index,gene_id,feature_name,n_cells,highly_variable,means,dispersions,dispersions_norm,highly_variable_nbatches,highly_variable_intersection,is_mitochondrial,is_ribosomal,is_hemoglobin,is_stress,is_cell_cycle,is_immunoglobulin,is_strong_isg
ENSG00000132465,ENSG00000132465,JCHAIN,37126,True,1.8603892394372155,5.157627705688293,5.7896657,88,True,False,False,False,False,False,False,False
ENSG00000234184,ENSG00000234184,LINC01781,20166,True,0.9509518936839302,2.500245681601356,5.2868056,88,True,False,False,False,False,False,False,False
ENSG00000117318,ENSG00000117318,ID3,7687,True,0.3490300055858171,2.328224030244382,4.983491,88,True,False,False,False,False,False,False,False
ENSG00000066923,ENSG00000066923,STAG3,9152,True,0.4273000520585295,2.2185179515733187,4.9310727,88,True,False,False,False,False,False,False,False
ENSG00000166598,ENSG00000166598,HSP90B1,27003,True,0.9080604919798493,2.503953707433365,4.783699,88,True,False,False,False,False,False,False,False
ENSG00000254709,ENSG00000254709,IGLL5,46959,True,2.4805190167674107,5.620858456604331,3.9355319,88,True,False,False,False,False,False,False,False
ENSG00000116741,ENSG00000116741,RGS2,28690,True,1.0809238114030775,2.4104891846222856,3.8812697,88,True,False,False,False,False,False,False,False
ENSG00000100097,ENSG00000100097,LGALS1,28698,True,0.9902868032968031,2.232763170251272,3.1703606,88,True,False,False,False,False,False,False,False
ENSG00000273338,ENSG00000273338,ENSG00000273338,19044,True,0.7559431639557869,2.1232921063236265,3.0993726,88,True,False,False,False,False,False,False,False
ENSG00000257275,ENSG00000257275,ENSG00000257275,8017,True,0.3679288606705068,2.085115634535053,2.9750476,88,True,False,False,False,False,False,False,False
ENSG00000137959,ENSG00000137959,IFI44L,23263,True,0.8652720881793458,2.1629072957651476,2.687367,88,True,False,False,False,False,False,False,True
ENSG00000100721,ENSG00000100721,TCL1A,49377,True,1.7117803852317004,2.45150618520205,2.6649995,88,True,False,False,False,False,False,False,False
ENSG00000077238,ENSG00000077238,IL4R,25043,True,0.9104284264651202,2.132341533056572,2.620001,88,True,False,False,False,False,False,False,False
ENSG00000184897,ENSG00000184897,H1-10,15040,True,0.5753787028386056,2.0004839260173517,2.5042589,88,True,False,False,False,False,False,False,False
ENSG00000060138,ENSG00000060138,YBX3,23535,True,0.8593914805797397,2.0707640111134467,2.3516784,88,True,False,False,False,False,False,False,False
ENSG00000110848,ENSG00000110848,CD69,63191,True,1.9856945069035632,2.581033158601571,2.3227432,88,True,False,False,False,False,False,False,False
ENSG00000163736,ENSG00000163736,PPBP,12217,True,0.47831573738689387,1.9665026330139155,2.0847044,88,True,False,False,False,False,False,False,False
ENSG00000170606,ENSG00000170606,HSPA4,15297,True,0.5638585882143802,1.950308012511546,2.022745,88,True,False,False,False,False,False,False,False
ENSG00000205542,ENSG00000205542,TMSB4X,120301,True,4.688634315561152,2.959005808047076,1.9952836,88,True,False,False,False,False,False,False,False
ENSG00000213231,ENSG00000213231,TCL1B,2186,True,0.11544637158897353,2.1281741982036952,1.9723799,88,True,False,False,False,False,False,False,False
ENSG00000184226,ENSG00000184226,PCDH9,8780,True,0.36494217855720623,1.9642188853581137,1.8775032,88,True,False,False,False,False,False,False,False
ENSG00000141682,ENSG00000141682,PMAIP1,29849,True,0.9906651761326032,2.0320415712955664,1.8636403,88,True,False,False,False,False,False,False,False
ENSG00000034510,ENSG00000034510,TMSB10,119846,True,4.019512119759684,2.5277502056511487,1.7798891,88,True,False,False,False,False,False,False,False
ENSG00000187837,ENSG00000187837,H1-2,17548,True,0.604310428995198,1.9418820541738564,1.7324959,88,True,False,False,False,False,False,False,False
ENSG00000125347,ENSG00000125347,IRF1,31695,True,0.9872506998171439,2.0488689835513525,1.7217461,88,True,False,False,False,False,False,False,False
ENSG00000126353,ENSG00000126353,CCR7,17234,True,0.6162305317729208,1.9404176859275155,1.7090577,88,True,False,False,False,False,False,False,False
ENSG00000147535,ENSG00000147535,PLPP5,34487,True,1.1188816737453096,2.032813156090364,1.7033342,88,True,False,False,False,False,False,False,False
ENSG00000172264,ENSG00000172264,MACROD2,9204,True,0.3681955829933138,1.9409512943450864,1.6701112,88,True,False,False,False,False,False,False,False
ENSG00000112182,ENSG00000112182,BACH2,11934,True,0.4522917588067328,1.9035241951862119,1.5442542,88,True,False,False,False,False,False,False,False
ENSG00000128218,ENSG00000128218,VPREB3,49287,True,1.4821358193582441,2.0985311269720737,1.5270576,88,True,False,False,False,False,False,False,False
ENSG00000104921,ENSG00000104921,FCER2,31447,True,1.0152414405025851,1.9896920241392808,1.484863,88,True,False,False,False,False,False,False,False
ENSG00000080546,ENSG00000080546,SESN1,5768,True,0.23747082064059388,1.9530741663160258,1.4534005,88,True,False,False,False,False,False,False,False
ENSG00000205056,ENSG00000205056,LINC02397,17861,True,0.6407059433341085,1.9019661300503368,1.320854,88,True,False,False,False,False,False,False,False
ENSG00000166710,ENSG00000166710,B2M,120310,True,4.731480588894255,2.709194202217034,1.2482928,88,True,False,False,False,False,False,False,False
ENSG00000267858,ENSG00000267858,MZF1-AS1,5169,True,0.22514977544339584,1.9243985040217562,1.239826,88,True,False,False,False,False,False,False,False
ENSG00000174469,ENSG00000174469,CNTNAP2,4530,True,0.19816009725094946,1.963769440738868,1.1829615,88,True,False,False,False,False,False,False,False
ENSG00000163958,ENSG00000163958,ZDHHC19,2252,True,0.10561638123399239,1.9565376136064365,1.1650854,88,True,False,False,False,False,False,False,False
ENSG00000150347,ENSG00000150347,ARID5B,32628,True,1.015421238867063,1.951981561782157,1.1628283,88,True,False,False,False,False,False,False,False
ENSG00000189057,ENSG00000189057,FAM111B,4076,True,0.1733420228939371,1.9506693358592508,1.148221,88,True,False,False,False,False,False,False,False
ENSG00000204852,ENSG00000204852,TCTN1,4153,True,0.1833922278582457,1.9378560318423856,1.055808,88,True,False,False,False,False,False,False,False
ENSG00000187514,ENSG00000187514,PTMA,119658,True,3.879942964565224,2.2821010277665783,1.0178041,88,True,False,False,False,False,False,False,False
ENSG00000259536,ENSG00000259536,ENSG00000259536,1997,True,0.09108230541048895,1.9192209553277273,1.0040965,88,True,False,False,False,False,False,False,False
ENSG00000174944,ENSG00000174944,P2RY14,4483,True,0.19392498891913237,1.9078607401972405,1.0026591,88,True,False,False,False,False,False,False,False
ENSG00000251562,ENSG00000251562,MALAT1,120319,True,6.57503471592458,4.053781085330921,1.0,88,True,False,False,False,False,False,False,False
ENSG00000109906,ENSG00000109906,ZBTB16,3923,True,0.1607935478654543,1.90599894368617,0.9986942,88,True,False,False,False,False,False,False,False
ENSG00000197520,ENSG00000197520,FAM177B,4017,True,0.17873478607142615,1.9061390368446671,0.94259214,88,True,False,False,False,False,False,False,False
ENSG00000091972,ENSG00000091972,CD200,5851,True,0.25111454796760585,1.8933991844069487,0.93310434,88,True,False,False,False,False,False,False,False
ENSG00000204287,ENSG00000204287,HLA-DRA,119544,True,3.9682938803611036,2.2881145164680743,0.8830098,88,True,False,False,False,False,False,False,False
ENSG00000082293,ENSG00000082293,COL19A1,6680,True,0.26459874439431913,1.8553046716892851,0.8336282,88,True,False,False,False,False,False,False,False
ENSG00000169762,ENSG00000169762,TAPT1,4346,True,0.17618305353654218,1.8522449809409667,0.70934564,88,True,False,False,False,False,False,False,False
ENSG00000164221,ENSG00000164221,CCDC112,5147,True,0.20442185997753046,1.8388801482386212,0.6427959,88,True,False,False,False,False,False,False,False
ENSG00000155085,ENSG00000155085,AK9,5089,True,0.2058921384078781,1.814191090512166,0.5408594,88,True,False,False,False,False,False,False,False
ENSG00000170476,ENSG00000170476,MZB1,17328,True,0.7353210094189443,2.9087652360817433,9.0732765,87,False,False,False,False,False,False,False,False
ENSG00000106211,ENSG00000106211,HSPB1,13957,True,0.6356201525120261,2.769404545372834,8.62097,87,False,False,False,False,False,False,False,False
ENSG00000167641,ENSG00000167641,PPP1R14A,14161,True,0.5642454825133121,2.0653993207847297,3.1656668,87,False,False,False,False,False,False,False,False
ENSG00000143297,ENSG00000143297,FCRL5,14221,True,0.5419791292387599,2.0161387172400587,2.6402152,87,False,False,False,False,False,False,False,False
ENSG00000224137,ENSG00000224137,LINC01857,13963,True,0.5173833114607556,1.9594640347274674,2.1787846,87,False,False,False,False,False,False,False,False
ENSG00000099860,ENSG00000099860,GADD45B,23527,True,0.7890486641539483,2.0383351129613296,2.1411908,87,False,False,False,False,False,False,False,False
ENSG00000112137,ENSG00000112137,PHACTR1,19946,True,0.7164991346495174,1.9829223380028311,1.9180509,87,False,False,False,False,False,False,False,False
ENSG00000171476,ENSG00000171476,HOPX,7863,True,0.32056688679508905,1.9886099439172666,1.9145454,87,False,False,False,False,False,False,False,False
ENSG00000113387,ENSG00000113387,SUB1,57675,True,1.613042348221381,2.233392099433405,1.753593,87,False,False,False,False,False,False,False,False
ENSG00000163737,ENSG00000163737,PF4,8939,True,0.36074643399861717,1.9679110694909008,1.6966369,87,False,False,False,False,False,False,False,False
ENSG00000124766,ENSG00000124766,SOX4,5421,True,0.2372125952684421,2.0138873687191805,1.6261135,87,False,False,False,False,False,False,False,False
ENSG00000110987,ENSG00000110987,BCL7A,20409,True,0.7309598090475312,1.939921341859977,1.4961364,87,False,False,False,False,False,False,False,False
ENSG00000023445,ENSG00000023445,BIRC3,50778,True,1.4566613986788501,2.082753479804183,1.3847247,87,False,False,False,False,False,False,False,False
ENSG00000100906,ENSG00000100906,NFKBIA,55931,True,1.601587113079019,2.1225720709513176,1.3142873,87,False,False,False,False,False,False,False,False
ENSG00000142227,ENSG00000142227,EMP3,60078,True,1.6823313946060787,2.1619759877440834,1.2213854,87,False,False,False,False,False,False,False,False
ENSG00000067082,ENSG00000067082,KLF6,54287,True,1.532840619346006,2.031747701450961,1.0408144,87,False,False,False,False,False,False,False,False
ENSG00000106537,ENSG00000106537,TSPAN13,20656,True,0.7262322474380389,1.8845421475720334,1.0105687,87,False,False,False,False,False,False,False,False
ENSG00000026559,ENSG00000026559,KCNG1,1864,True,0.08682699681655212,1.9085620962162089,0.9523369,87,False,False,False,False,False,False,False,False
ENSG00000164543,ENSG00000164543,STK17A,32568,True,1.0005401648917582,1.9130666082023835,0.949334,87,False,False,False,False,False,False,False,False
ENSG00000250850,ENSG00000250850,ENSG00000250850,6086,True,0.253488324065705,1.8843236865754827,0.87041306,87,False,False,False,False,False,False,False,False
ENSG00000141293,ENSG00000141293,SKAP1,7401,True,0.28547734706855943,1.8605900806083036,0.848088,87,False,False,False,False,False,False,False,False
ENSG00000107679,ENSG00000107679,PLEKHA1,5590,True,0.22290737196948393,1.8594059594037906,0.72426206,87,False,False,False,False,False,False,False,False
ENSG00000005471,ENSG00000005471,ABCB4,5547,True,0.22969523129567226,1.8526315762552108,0.70135033,87,False,False,False,False,False,False,False,False
ENSG00000166770,ENSG00000166770,ZNF667-AS1,3355,True,0.1472759655988095,1.854046920924028,0.69973904,87,False,False,False,False,False,False,False,False
ENSG00000071051,ENSG00000071051,NCK2,5232,True,0.20679839069521105,1.8383691728477094,0.6358704,87,False,False,False,False,False,False,False,False
ENSG00000151687,ENSG00000151687,ANKAR,4540,True,0.1784880113141387,1.8337031400332569,0.60493356,87,False,False,False,False,False,False,False,False
ENSG00000152484,ENSG00000152484,USP12,5418,True,0.20806919128567444,1.8099461897255062,0.53531224,87,False,False,False,False,False,False,False,False
ENSG00000170222,ENSG00000170222,ADPRM,6101,True,0.23553055318053584,1.8137267911454713,0.5153836,87,False,False,False,False,False,False,False,False
ENSG00000138078,ENSG00000138078,PREPL,5612,True,0.2072408607537631,1.7833233054659734,0.4037509,87,False,False,False,False,False,False,False,False
ENSG00000167258,ENSG00000167258,CDK12,10826,True,0.4015427540649857,2.161583101976392,3.6849265,86,False,False,False,False,False,False,False,False
ENSG00000158050,ENSG00000158050,DUSP2,12410,True,0.4935618331648962,2.1465343967582347,3.6445324,86,False,False,False,False,False,False,False,False
ENSG00000187608,ENSG00000187608,ISG15,26030,True,0.9287417140003537,2.307019342471054,3.592453,86,False,False,False,False,False,False,False,True
ENSG00000090104,ENSG00000090104,RGS1,11126,True,0.45907364565415776,2.1128430184681957,2.8303745,86,False,False,False,False,False,False,False,False
ENSG00000143443,ENSG00000143443,C1orf56,16466,True,0.6529757410542926,2.045514192972565,2.7974355,86,False,False,False,False,False,False,False,False
ENSG00000237541,ENSG00000237541,HLA-DQA2,25415,True,0.9083007752887639,2.1209450276793955,2.665714,86,False,False,False,False,False,False,False,False
ENSG00000196937,ENSG00000196937,FAM3C,16576,True,0.5886138912440605,1.93801118971194,1.8207839,86,False,False,False,False,False,False,False,False
ENSG00000180573,ENSG00000180573,H2AC6,10481,True,0.41490058740247365,1.9291308790357982,1.763904,86,False,False,False,False,False,False,False,False
ENSG00000226777,ENSG00000226777,FAM30A,23165,True,0.8206641414234472,1.9883796427989255,1.7244204,86,False,False,False,False,False,False,False,False
ENSG00000112149,ENSG00000112149,CD83,25285,True,0.8376617331046444,1.9934585592457772,1.7116244,86,False,False,False,False,False,False,False,False
ENSG00000130844,ENSG00000130844,ZNF331,13019,True,0.48469675987883887,1.9366088159812507,1.6874113,86,False,False,False,False,False,False,False,False
ENSG00000198502,ENSG00000198502,HLA-DRB5,54596,True,1.6188358071295412,2.2018780015834327,1.6452945,86,False,False,False,False,False,False,False,False
ENSG00000051108,ENSG00000051108,HERPUD1,40452,True,1.2230461854000476,2.0386560285759106,1.5091248,86,False,False,False,False,False,False,False,False
ENSG00000140398,ENSG00000140398,NEIL1,7110,True,0.28137072373110716,1.9288867216091887,1.5046861,86,False,False,False,False,False,False,False,False
ENSG00000010278,ENSG00000010278,CD9,4600,True,0.2082995354091812,1.973574424670862,1.3209928,86,False,False,False,False,False,False,False,False
ENSG00000132530,ENSG00000132530,XAF1,16551,True,0.5827326255297668,1.9154533276426862,1.2568558,86,False,False,False,False,False,False,False,True
ENSG00000152518,ENSG00000152518,ZFP36L2,53440,True,1.5016142005925381,2.070190323872436,1.2269117,86,False,False,False,False,False,False,False,False
ENSG00000084234,ENSG00000084234,APLP2,19936,True,0.6946193260031328,1.8917797973148693,1.1011106,86,False,False,False,False,False,False,False,False
ENSG00000156313,ENSG00000156313,RPGR,4502,True,0.18396308983743045,1.8894326513950142,0.9256847,86,False,False,False,False,False,False,False,False
ENSG00000096696,ENSG00000096696,DSP,2102,True,0.09064406476991112,1.8906760019016318,0.8878215,86,False,False,False,False,False,False,False,False
ENSG00000110841,ENSG00000110841,PPFIBP1,1414,True,0.062242368321251254,1.838540502010327,0.7707284,86,False,False,False,False,False,False,False,False
ENSG00000136603,ENSG00000136603,SKIL,7080,True,0.27572015228571745,1.8413211364104065,0.7388762,86,False,False,False,False,False,False,False,False
ENSG00000125482,ENSG00000125482,TTF1,7904,True,0.300938964381374,1.8343014865465639,0.6925987,86,False,False,False,False,False,False,False,False
ENSG00000079819,ENSG00000079819,EPB41L2,5521,True,0.21904737929171975,1.8418017213009856,0.6683021,86,False,False,False,False,False,False,False,False
ENSG00000185418,ENSG00000185418,TARS3,7302,True,0.27518083922646003,1.825071226651552,0.6589889,86,False,False,False,False,False,False,False,False
ENSG00000173890,ENSG00000173890,GPR160,5140,True,0.20501361100613644,1.8320499004034936,0.6157675,86,False,False,False,False,False,False,False,False
ENSG00000133302,ENSG00000133302,SLF1,5460,True,0.21744404480121873,1.8231409335893956,0.5826405,86,False,False,False,False,False,False,False,False
ENSG00000155189,ENSG00000155189,AGPAT5,6195,True,0.23579106871747635,1.8171807603434809,0.5439638,86,False,False,False,False,False,False,False,False
ENSG00000153250,ENSG00000153250,RBMS1,5867,True,0.22322950477043263,1.7962951233043614,0.4638644,86,False,False,False,False,False,False,False,False
ENSG00000119900,ENSG00000119900,OGFRL1,4713,True,0.18237100968471526,1.799210902612691,0.4637229,86,False,False,False,False,False,False,False,False
ENSG00000142197,ENSG00000142197,DOP1B,5750,True,0.24348402140366632,2.387029275516035,3.6990933,85,False,False,False,False,False,False,False,False
ENSG00000213145,ENSG00000213145,CRIP1,25397,True,0.959090857495385,2.3280420424554835,3.1878138,85,False,False,False,False,False,False,False,False
ENSG00000114315,ENSG00000114315,HES1,4771,True,0.22976317087100673,2.120039545328124,2.6017447,85,False,False,False,False,False,False,False,False
ENSG00000048462,ENSG00000048462,TNFRSF17,2932,True,0.15518756914026854,2.192606250620389,2.2920437,85,False,False,False,False,False,False,False,False
ENSG00000197747,ENSG00000197747,S100A10,30578,True,0.9925186551470687,2.0250752288328417,1.7255914,85,False,False,False,False,False,False,False,False
ENSG00000111880,ENSG00000111880,RNGTT,9799,True,0.37720565290256775,1.911210783789271,1.4932715,85,False,False,False,False,False,False,False,False
ENSG00000137101,ENSG00000137101,CD72,15726,True,0.5722989365279048,1.8894631940524498,1.3683944,85,False,False,False,False,False,False,False,False
ENSG00000099958,ENSG00000099958,DERL3,5218,True,0.21622890176673992,1.9865600108536634,1.2631147,85,False,False,False,False,False,False,False,False
ENSG00000019582,ENSG00000019582,CD74,120144,True,4.365388335300569,2.415330178539909,1.252568,85,False,False,False,False,False,False,False,False
ENSG00000135048,ENSG00000135048,CEMIP2,9529,True,0.3485690219341702,1.8857978580849177,1.1766015,85,False,False,False,False,False,False,False,False
ENSG00000160856,ENSG00000160856,FCRL3,8528,True,0.3250610270646645,1.8703527644695022,1.1036694,85,False,False,False,False,False,False,False,False
ENSG00000110852,ENSG00000110852,CLEC2B,24595,True,0.8404826795726777,1.8966591424776373,1.0221481,85,False,False,False,False,False,False,False,False
ENSG00000128040,ENSG00000128040,SPINK2,1255,True,0.05856761950617129,1.9164561984550021,0.9609979,85,False,False,False,False,False,False,False,False
ENSG00000127528,ENSG00000127528,KLF2,46730,True,1.349200390030707,1.9704654831825286,0.911795,85,False,False,False,False,False,False,False,False
ENSG00000169413,ENSG00000169413,RNASE6,15785,True,0.5611821230668911,1.8515099702301485,0.87937045,85,False,False,False,False,False,False,False,False
ENSG00000164056,ENSG00000164056,SPRY1,1289,True,0.061482354793219327,1.8853550777234263,0.851401,85,False,False,False,False,False,False,False,False
ENSG00000141753,ENSG00000141753,IGFBP4,2042,True,0.08797231910696264,1.8752408083755137,0.79987025,85,False,False,False,False,False,False,False,False
ENSG00000085563,ENSG00000085563,ABCB1,1279,True,0.05591046494608037,1.8560180958861083,0.7225117,85,False,False,False,False,False,False,False,False
ENSG00000272501,ENSG00000272501,ENSG00000272501,7234,True,0.27777619436771067,1.8391077539494347,0.7184035,85,False,False,False,False,False,False,False,False
ENSG00000079691,ENSG00000079691,CARMIL1,2427,True,0.09806853461466485,1.8477991916287044,0.68565476,85,False,False,False,False,False,False,False,False
ENSG00000171467,ENSG00000171467,ZNF318,5859,True,0.2253649777880589,1.8315886289495034,0.65604836,85,False,False,False,False,False,False,False,False
ENSG00000160223,ENSG00000160223,ICOSLG,7246,True,0.2734650897062594,1.8290223745959033,0.649887,85,False,False,False,False,False,False,False,False
ENSG00000145012,ENSG00000145012,LPP,7687,True,0.2847294552915725,1.8154373049555945,0.6265366,85,False,False,False,False,False,False,False,False
ENSG00000150907,ENSG00000150907,FOXO1,4358,True,0.17040779330819486,1.8189053438922684,0.548514,85,False,False,False,False,False,False,False,False
ENSG00000238142,ENSG00000238142,ENSG00000238142,4404,True,0.18920679308062785,1.8068651167228105,0.5317161,85,False,False,False,False,False,False,False,False
ENSG00000237765,ENSG00000237765,FAM200B,7755,True,0.2951500646844193,1.7995224698835004,0.519653,85,False,False,False,False,False,False,False,False
ENSG00000182183,ENSG00000182183,SHISAL2A,5870,True,0.22571603621906292,1.8064232983523363,0.49731478,85,False,False,False,False,False,False,False,False
ENSG00000123636,ENSG00000123636,BAZ2B,6798,True,0.2479978797351949,1.8003271504683325,0.4954647,85,False,False,False,False,False,False,False,False
ENSG00000197381,ENSG00000197381,ADARB1,4695,True,0.18573883075192504,1.8063903371343122,0.49315026,85,False,False,False,False,False,False,False,False
ENSG00000112232,ENSG00000112232,KHDRBS2,2793,True,0.11087692704301796,1.80383071262803,0.48257217,85,False,False,False,False,False,False,False,False
ENSG00000121413,ENSG00000121413,ZSCAN18,4969,True,0.18817340213659667,1.7978563364595026,0.45606646,85,False,False,False,False,False,False,False,False
ENSG00000166794,ENSG00000166794,PPIB,30991,True,0.9702978870161263,2.2035385950872683,2.8595593,84,False,False,False,False,False,False,False,False
ENSG00000169508,ENSG00000169508,GPR183,28627,True,0.955643778589392,2.020623329161517,1.8442779,84,False,False,False,False,False,False,False,False
ENSG00000184009,ENSG00000184009,ACTG1,53545,True,1.5014034965751177,2.1750237791577565,1.5909886,84,False,False,False,False,False,False,False,False
ENSG00000169045,ENSG00000169045,HNRNPH1,32405,True,1.045306027860304,1.9974924676861365,1.5336709,84,False,False,False,False,False,False,False,False
ENSG00000198625,ENSG00000198625,MDM4,29563,True,0.9587612633397743,1.985505365633866,1.5263554,84,False,False,False,False,False,False,False,False
ENSG00000120885,ENSG00000120885,CLU,3249,True,0.14694096623752959,1.9352910377603607,1.2802262,84,False,False,False,False,False,False,False,False
ENSG00000267100,ENSG00000267100,ILF3-DT,16159,True,0.5804749425049519,1.8878262529606062,1.1489296,84,False,False,False,False,False,False,False,False
ENSG00000242265,ENSG00000242265,PEG10,2563,True,0.11368562028627278,1.9319512877888287,1.073672,84,False,False,False,False,False,False,False,False
ENSG00000128536,ENSG00000128536,CDHR3,922,True,0.042239884607053545,1.8919538516461083,1.0348402,84,False,False,False,False,False,False,False,False
ENSG00000163683,ENSG00000163683,SMIM14,29229,True,0.9387717820429807,1.9054000085202196,0.94541925,84,False,False,False,False,False,False,False,False
ENSG00000081189,ENSG00000081189,MEF2C,69823,True,1.8715961137112274,2.104869289500893,0.8743389,84,False,False,False,False,False,False,False,False
ENSG00000188820,ENSG00000188820,CALHM6,34746,True,1.0625830294706924,1.914600984741404,0.8720436,84,False,False,False,False,False,False,False,False
ENSG00000198707,ENSG00000198707,CEP290,6299,True,0.24346650053021718,1.8553300788532778,0.8464677,84,False,False,False,False,False,False,False,False
ENSG00000070814,ENSG00000070814,TCOF1,18985,True,0.6119217497005859,1.8546442771541016,0.83517206,84,False,False,False,False,False,False,False,False
ENSG00000266088,ENSG00000266088,ENSG00000266088,2580,True,0.11551685093294664,1.873114660073914,0.8075354,84,False,False,False,False,False,False,False,False
ENSG00000103528,ENSG00000103528,SYT17,1750,True,0.07892115913787014,1.8672685976454995,0.7689994,84,False,False,False,False,False,False,False,False
ENSG00000196782,ENSG00000196782,MAML3,1495,True,0.06710752161382112,1.864922555470423,0.7408649,84,False,False,False,False,False,False,False,False
ENSG00000228495,ENSG00000228495,LINC01013,2119,True,0.09376303883229059,1.853843985058284,0.7243345,84,False,False,False,False,False,False,False,False
ENSG00000131724,ENSG00000131724,IL13RA1,3890,True,0.15577351133399508,1.8544514610622131,0.72411776,84,False,False,False,False,False,False,False,False
ENSG00000187210,ENSG00000187210,GCNT1,2419,True,0.10350851359519493,1.8476375255986233,0.6887444,84,False,False,False,False,False,False,False,False
ENSG00000165175,ENSG00000165175,MID1IP1,5572,True,0.21688665636485738,1.8379181262951887,0.6676734,84,False,False,False,False,False,False,False,False
ENSG00000164610,ENSG00000164610,RP9,7510,True,0.28795532973930077,1.8352389717301607,0.6479301,84,False,False,False,False,False,False,False,False
ENSG00000120688,ENSG00000120688,WBP4,3781,True,0.15173642319249425,1.8368911007126743,0.6454033,84,False,False,False,False,False,False,False,False
ENSG00000169902,ENSG00000169902,TPST1,1433,True,0.062438135434626445,1.8430120024295953,0.64397997,84,False,False,False,False,False,False,False,False
ENSG00000185338,ENSG00000185338,SOCS1,4821,True,0.19557511827542653,1.8316201380790431,0.604658,84,False,False,False,False,False,False,False,False
ENSG00000008513,ENSG00000008513,ST3GAL1,7630,True,0.28215914549561005,1.8210765155572382,0.600218,84,False,False,False,False,False,False,False,False
ENSG00000261824,ENSG00000261824,LINC00662,4151,True,0.1647323299658703,1.8229059047867506,0.57042384,84,False,False,False,False,False,False,False,False
ENSG00000151882,ENSG00000151882,CCL28,4033,True,0.16045514200486388,1.8220958574420536,0.55857646,84,False,False,False,False,False,False,False,False
ENSG00000225331,ENSG00000225331,LINC01678,3921,True,0.15354450431111114,1.8193205085096407,0.55300075,84,False,False,False,False,False,False,False,False
ENSG00000166432,ENSG00000166432,ZMAT1,4914,True,0.1954274838098284,1.814158296144029,0.5377021,84,False,False,False,False,False,False,False,False
ENSG00000230438,ENSG00000230438,SERPINB9P1,2368,True,0.09831615964618577,1.8140954949499017,0.53485113,84,False,False,False,False,False,False,False,False
ENSG00000273247,ENSG00000273247,RAB33B-AS1,6696,True,0.2485186763817395,1.8043294717663563,0.5316114,84,False,False,False,False,False,False,False,False
ENSG00000143641,ENSG00000143641,GALNT2,4575,True,0.1757682406793143,1.8051438463106473,0.5027238,84,False,False,False,False,False,False,False,False
ENSG00000145246,ENSG00000145246,ATP10D,4252,True,0.17402745864843666,1.8082747202987102,0.5021287,84,False,False,False,False,False,False,False,False
ENSG00000137642,ENSG00000137642,SORL1,5398,True,0.2051778431995622,1.8059507095945053,0.48903418,84,False,False,False,False,False,False,False,False
ENSG00000118507,ENSG00000118507,AKAP7,3497,True,0.1443797365295244,1.8000952272159012,0.47398973,84,False,False,False,False,False,False,False,False
ENSG00000189319,ENSG00000189319,FAM53B,4093,True,0.15628341578333405,1.8014157488347529,0.4676586,84,False,False,False,False,False,False,False,False
ENSG00000167613,ENSG00000167613,LAIR1,5898,True,0.22383202356250995,1.794632631772412,0.4513706,84,False,False,False,False,False,False,False,False
ENSG00000082146,ENSG00000082146,STRADB,5977,True,0.23126247867558322,1.788984409189428,0.41323724,84,False,False,False,False,False,False,False,False
ENSG00000150093,ENSG00000150093,ITGB1,14536,True,0.5644583699679773,2.08985156559751,3.2771945,83,False,False,False,False,False,False,False,False
ENSG00000126709,ENSG00000126709,IFI6,18414,True,0.667786161586318,2.079450258112474,2.4863229,83,False,False,False,False,False,False,False,True
ENSG00000133316,ENSG00000133316,WDR74,18740,True,0.6746553192449609,1.959300699436899,1.7161655,83,False,False,False,False,False,False,False,False
ENSG00000150681,ENSG00000150681,RGS18,3801,True,0.1768395752844284,2.005795135228293,1.686112,83,False,False,False,False,False,False,False,False
ENSG00000245532,ENSG00000245532,NEAT1,42004,True,1.2457075360142909,2.063313137007521,1.5630698,83,False,False,False,False,False,False,False,False
ENSG00000121966,ENSG00000121966,CXCR4,102290,True,2.869516575129864,2.531183462004367,1.41745,83,False,False,False,False,False,False,False,False
ENSG00000126653,ENSG00000126653,NSRP1,13678,True,0.48801648277531945,1.8678145096048917,1.2348611,83,False,False,False,False,False,False,False,False
ENSG00000163617,ENSG00000163617,CCDC191,6620,True,0.25709259790549105,1.894386337556761,1.064442,83,False,False,False,False,False,False,False,False
ENSG00000272211,ENSG00000272211,ENSG00000272211,24935,True,0.8525891358255837,1.8989231164113471,1.0237277,83,False,False,False,False,False,False,False,False
ENSG00000132475,ENSG00000132475,H3-3B,109571,True,2.9716982531227716,2.4327159456376446,0.99394584,83,False,False,False,False,False,False,False,False
ENSG00000155329,ENSG00000155329,ZCCHC10,13182,True,0.4799383502088603,1.84416368734284,0.97461236,83,False,False,False,False,False,False,False,False
ENSG00000245904,ENSG00000245904,BTG1-DT,9804,True,0.3897361872148334,1.8399411841927422,0.8993481,83,False,False,False,False,False,False,False,False
ENSG00000042980,ENSG00000042980,ADAM28,31932,True,0.9899774610855299,1.9122262787087194,0.89890987,83,False,False,False,False,False,False,False,False
ENSG00000198865,ENSG00000198865,CCDC152,1746,True,0.07562595465167954,1.885578452132109,0.86105657,83,False,False,False,False,False,False,False,False
ENSG00000188404,ENSG00000188404,SELL,50970,True,1.4428408574165508,1.9748162475842086,0.7960985,83,False,False,False,False,False,False,False,False
ENSG00000164691,ENSG00000164691,TAGAP,19988,True,0.6587232251349692,1.8538616728788133,0.7752468,83,False,False,False,False,False,False,False,False
ENSG00000184588,ENSG00000184588,PDE4B,22968,True,0.7513060022461849,1.8549136422893342,0.74116826,83,False,False,False,False,False,False,False,False
ENSG00000137831,ENSG00000137831,UACA,1166,True,0.04987933127947242,1.800704447271369,0.730845,83,False,False,False,False,False,False,False,False
ENSG00000163328,ENSG00000163328,GPR155,2362,True,0.09690835458053652,1.840530540516518,0.6703085,83,False,False,False,False,False,False,False,False
ENSG00000153253,ENSG00000153253,SCN3A,2298,True,0.09560804902715923,1.8321623091045092,0.62050796,83,False,False,False,False,False,False,False,False
ENSG00000176593,ENSG00000176593,ZNF606-AS1,4213,True,0.16114231704076135,1.8250583862432668,0.58918005,83,False,False,False,False,False,False,False,False
ENSG00000002587,ENSG00000002587,HS3ST1,1934,True,0.08005791314865779,1.822151341374922,0.5736221,83,False,False,False,False,False,False,False,False
ENSG00000185950,ENSG00000185950,IRS2,4332,True,0.1752793081459842,1.8192708232697556,0.5627882,83,False,False,False,False,False,False,False,False
ENSG00000197928,ENSG00000197928,ZNF677,3317,True,0.13728111757510728,1.8216776134810588,0.5603374,83,False,False,False,False,False,False,False,False
ENSG00000003249,ENSG00000003249,DBNDD1,1417,True,0.05972376828604345,1.788510644474551,0.5503812,83,False,False,False,False,False,False,False,False
ENSG00000143633,ENSG00000143633,C1orf131,7227,True,0.27552372198496083,1.8130564148003998,0.5479443,83,False,False,False,False,False,False,False,False
ENSG00000187231,ENSG00000187231,SESTD1,6482,True,0.24660466881782117,1.8115995210400444,0.5408359,83,False,False,False,False,False,False,False,False
ENSG00000205189,ENSG00000205189,ZBTB10,6589,True,0.25701984062706174,1.8108879059562837,0.53892595,83,False,False,False,False,False,False,False,False
ENSG00000152464,ENSG00000152464,RPP38,4847,True,0.19051841590819027,1.8138359158115724,0.5284125,83,False,False,False,False,False,False,False,False
ENSG00000227486,ENSG00000227486,ENSG00000227486,7203,True,0.2765759560188956,1.80579883643585,0.5269726,83,False,False,False,False,False,False,False,False
ENSG00000162654,ENSG00000162654,GBP4,4803,True,0.1871872722864479,1.8098001846296645,0.52314514,83,False,False,False,False,False,False,False,False
ENSG00000253645,ENSG00000253645,ENSG00000253645,1386,True,0.0590798573723699,1.8097813453862264,0.51761883,83,False,False,False,False,False,False,False,False
ENSG00000221968,ENSG00000221968,FADS3,3843,True,0.1534342671913333,1.8090007373417707,0.5114277,83,False,False,False,False,False,False,False,False
ENSG00000117009,ENSG00000117009,KMO,5206,True,0.2034577080123751,1.8034578028810762,0.50529593,83,False,False,False,False,False,False,False,False
ENSG00000177683,ENSG00000177683,THAP5,4940,True,0.19379194409382158,1.8067592780645547,0.49926773,83,False,False,False,False,False,False,False,False
ENSG00000171291,ENSG00000171291,ZNF439,4772,True,0.18055196027554343,1.8067333971448016,0.49260437,83,False,False,False,False,False,False,False,False
ENSG00000166435,ENSG00000166435,XRRA1,5329,True,0.20473965810744657,1.8048100402947453,0.48791245,83,False,False,False,False,False,False,False,False
ENSG00000179088,ENSG00000179088,C12orf42,4489,True,0.17911125374919987,1.800680957579229,0.47375274,83,False,False,False,False,False,False,False,False
ENSG00000108960,ENSG00000108960,MMD,6057,True,0.23976606539236525,1.7940376900969026,0.45217106,83,False,False,False,False,False,False,False,False
ENSG00000086619,ENSG00000086619,ERO1B,6785,True,0.2473293154554323,1.7940474730851366,0.42512715,83,False,False,False,False,False,False,False,False
ENSG00000142065,ENSG00000142065,ZFP14,4834,True,0.18451522734511802,1.7881290657860127,0.42274636,83,False,False,False,False,False,False,False,False
ENSG00000131013,ENSG00000131013,PPIL4,6178,True,0.22649223811594582,1.7815133520728084,0.3946196,83,False,False,False,False,False,False,False,False
ENSG00000204977,ENSG00000204977,TRIM13,6036,True,0.23020133973378512,1.7817003191310428,0.3935968,83,False,False,False,False,False,False,False,False
ENSG00000100219,ENSG00000100219,XBP1,9381,True,0.36588138265347236,2.024211337073871,2.6950223,82,False,False,False,False,False,False,False,False
ENSG00000134285,ENSG00000134285,FKBP11,6186,True,0.2585311886474282,2.01199829758337,1.7028395,82,False,False,False,False,False,False,False,False
ENSG00000143878,ENSG00000143878,RHOB,12342,True,0.45817274624747434,1.9012440958571177,1.569639,82,False,False,False,False,False,False,False,False
ENSG00000133639,ENSG00000133639,BTG1,110683,True,3.0870228478512236,2.5008634939646046,1.4032996,82,False,False,False,False,False,False,False,False
ENSG00000175130,ENSG00000175130,MARCKSL1,19934,True,0.6835324686001085,1.9007629928029959,1.1819562,82,False,False,False,False,False,False,False,False
ENSG00000109787,ENSG00000109787,KLF3,16785,True,0.5751165171889382,1.8737253834507896,1.1815708,82,False,False,False,False,False,False,False,False
ENSG00000100519,ENSG00000100519,PSMC6,17072,True,0.6015373381123754,1.8688885566878286,1.1368576,82,False,False,False,False,False,False,False,False
ENSG00000213928,ENSG00000213928,IRF9,12545,True,0.445048886207147,1.8641798040655402,1.0922316,82,False,False,False,False,False,False,False,False
ENSG00000185043,ENSG00000185043,CIB1,33025,True,1.0105813225011864,1.9400640182422855,1.0075406,82,False,False,False,False,False,False,False,False
ENSG00000232442,ENSG00000232442,MHENCR,12326,True,0.45096548509856316,1.8383625091415772,0.936026,82,False,False,False,False,False,False,False,False
ENSG00000158023,ENSG00000158023,CFAP251,1108,True,0.05412179918495783,1.9002231304706803,0.9177527,82,False,False,False,False,False,False,False,False
ENSG00000156110,ENSG00000156110,ADK,19533,True,0.6588145428260987,1.8578943990302228,0.90229523,82,False,False,False,False,False,False,False,False
ENSG00000055332,ENSG00000055332,EIF2AK2,15480,True,0.5324913366260758,1.8514547770689809,0.8758116,82,False,False,False,False,False,False,False,False
ENSG00000064886,ENSG00000064886,CHI3L2,5797,True,0.235029047410149,1.865870985180446,0.8523388,82,False,False,False,False,False,False,False,False
ENSG00000167552,ENSG00000167552,TUBA1A,38271,True,1.1359025415170274,1.9299782964973715,0.79766715,82,False,False,False,False,False,False,False,False
ENSG00000164649,ENSG00000164649,CDCA7L,18149,True,0.6134674861641026,1.840651850557797,0.7708774,82,False,False,False,False,False,False,False,False
ENSG00000114861,ENSG00000114861,FOXP1,46204,True,1.3259859536228278,1.9333592299783648,0.753718,82,False,False,False,False,False,False,False,False
ENSG00000079950,ENSG00000079950,STX7,29902,True,0.9174680071850033,1.8768947739261348,0.7101323,82,False,False,False,False,False,False,False,False
ENSG00000073464,ENSG00000073464,CLCN4,1366,True,0.06006818466569039,1.8342030446057351,0.62036574,82,False,False,False,False,False,False,False,False
ENSG00000184205,ENSG00000184205,TSPYL2,8617,True,0.3133072305423382,1.8126727786834655,0.6166701,82,False,False,False,False,False,False,False,False
ENSG00000103550,ENSG00000103550,KNOP1,4494,True,0.1800944885131249,1.8267579649309693,0.5800242,82,False,False,False,False,False,False,False,False
ENSG00000214140,ENSG00000214140,PRCD,2792,True,0.1181440063501947,1.8242255512503691,0.5725324,82,False,False,False,False,False,False,False,False
ENSG00000112773,ENSG00000112773,TENT5A,4531,True,0.17473258280229387,1.8138796088772748,0.5447073,82,False,False,False,False,False,False,False,False
ENSG00000133142,ENSG00000133142,TCEAL4,6406,True,0.24645894540556929,1.8085800084465036,0.5421073,82,False,False,False,False,False,False,False,False
ENSG00000173145,ENSG00000173145,NOC3L,7207,True,0.2649073150845965,1.79595175669641,0.5263429,82,False,False,False,False,False,False,False,False
ENSG00000119138,ENSG00000119138,KLF9,7044,True,0.26482047393619407,1.8147909778613351,0.5227849,82,False,False,False,False,False,False,False,False
ENSG00000182568,ENSG00000182568,SATB1,5484,True,0.21191183108157333,1.808513392886197,0.5180536,82,False,False,False,False,False,False,False,False
ENSG00000255150,ENSG00000255150,EID3,1827,True,0.07706348354603815,1.8095570911670302,0.5125906,82,False,False,False,False,False,False,False,False
ENSG00000087266,ENSG00000087266,SH3BP2,4876,True,0.19039052623415467,1.8081299774322543,0.4993977,82,False,False,False,False,False,False,False,False
ENSG00000170088,ENSG00000170088,TMEM192,5463,True,0.20485212931318283,1.800563983803084,0.48895985,82,False,False,False,False,False,False,False,False
ENSG00000119950,ENSG00000119950,MXI1,4835,True,0.1907330808500495,1.8035971198736485,0.4869724,82,False,False,False,False,False,False,False,False
ENSG00000255760,ENSG00000255760,LINC02422,6379,True,0.2494873300378839,1.8011391018859648,0.47814795,82,False,False,False,False,False,False,False,False
ENSG00000115993,ENSG00000115993,TRAK2,3505,True,0.13677239110421674,1.7989372718179018,0.46353143,82,False,False,False,False,False,False,False,False
ENSG00000257242,ENSG00000257242,LINC01619,5998,True,0.23650159656949254,1.7992562457469532,0.45795155,82,False,False,False,False,False,False,False,False
ENSG00000140563,ENSG00000140563,MCTP2,4128,True,0.16068582559940825,1.7925126730566783,0.43970504,82,False,False,False,False,False,False,False,False
ENSG00000122591,ENSG00000122591,HYCC1,4400,True,0.17157995841890716,1.788598341976811,0.43555868,82,False,False,False,False,False,False,False,False
ENSG00000151743,ENSG00000151743,AMN1,4036,True,0.1612252743783232,1.7890223340001625,0.43525898,82,False,False,False,False,False,False,False,False
ENSG00000196268,ENSG00000196268,ZNF493,6040,True,0.23082131352669916,1.7836808667030473,0.39842504,82,False,False,False,False,False,False,False,False
ENSG00000221923,ENSG00000221923,ZNF880,5546,True,0.21883624806164778,1.7837106575794826,0.39766592,82,False,False,False,False,False,False,False,False
ENSG00000100483,ENSG00000100483,VCPKMT,6104,True,0.232636206923618,1.7801856397964477,0.39129683,82,False,False,False,False,False,False,False,False
ENSG00000067533,ENSG00000067533,RRP15,6010,True,0.22360973868227835,1.7748099823639232,0.3766262,82,False,False,False,False,False,False,False,False
ENSG00000206527,ENSG00000206527,HACD2,3485,True,0.13124660825493642,1.7796631267469818,0.3757678,82,False,False,False,False,False,False,False,False
ENSG00000136997,ENSG00000136997,MYC,15722,True,0.5505511129101762,1.9144676859708383,1.6267248,81,False,False,False,False,False,False,False,False
ENSG00000075624,ENSG00000075624,ACTB,111984,True,3.160178460984123,2.3963118387683817,1.1667624,81,False,False,False,False,False,False,False,False
ENSG00000157601,ENSG00000157601,MX1,13932,True,0.4872649034184645,1.862250411913973,1.0112332,81,False,False,False,False,False,False,False,True
ENSG00000100100,ENSG00000100100,PIK3IP1,19284,True,0.6358902187678965,1.8755982396123765,0.9976753,81,False,False,False,False,False,False,False,False
ENSG00000154146,ENSG00000154146,NRGN,4525,True,0.1880928640069315,1.8955368843035998,0.98011035,81,False,False,False,False,False,False,False,False
ENSG00000198157,ENSG00000198157,HMGN5,1238,True,0.057401420162399804,1.9033781208380618,0.9498771,81,False,False,False,False,False,False,False,False
ENSG00000179029,ENSG00000179029,TMEM107,7620,True,0.30671967649184684,1.8459228990537788,0.9289077,81,False,False,False,False,False,False,False,False
ENSG00000137818,ENSG00000137818,RPLP1,120246,True,4.578999873731469,2.409862380311471,0.9227847,81,False,False,False,False,False,False,False,False
ENSG00000145349,ENSG00000145349,CAMK2D,10971,True,0.4064532111267185,1.839171961242016,0.8873071,81,False,False,False,False,False,False,False,False
ENSG00000167186,ENSG00000167186,COQ7,9856,True,0.3688104679474732,1.837874549689426,0.8603862,81,False,False,False,False,False,False,False,False
ENSG00000163534,ENSG00000163534,FCRL1,19811,True,0.6521438075586886,1.8612000546231677,0.8454064,81,False,False,False,False,False,False,False,False
ENSG00000270022,ENSG00000270022,ENSG00000270022,3046,True,0.13393463632137226,1.864223409420977,0.7516666,81,False,False,False,False,False,False,False,False
ENSG00000168497,ENSG00000168497,CAVIN2,4244,True,0.17082220159388226,1.83512973467572,0.6477428,81,False,False,False,False,False,False,False,False
ENSG00000247982,ENSG00000247982,LINC00926,45669,True,1.2825364457315223,1.9192926979390592,0.6378634,81,False,False,False,False,False,False,False,False
ENSG00000270164,ENSG00000270164,LINC01480,4922,True,0.21071345394466964,1.830137498375503,0.59351003,81,False,False,False,False,False,False,False,False
ENSG00000198598,ENSG00000198598,MMP17,1070,True,0.048450645768568924,1.8172316912807867,0.5470272,81,False,False,False,False,False,False,False,False
ENSG00000263327,ENSG00000263327,TAPT1-AS1,1481,True,0.06030570868871344,1.818390942354393,0.5434132,81,False,False,False,False,False,False,False,False
ENSG00000180917,ENSG00000180917,CMTR2,4279,True,0.1666476151020263,1.8120272357715201,0.5434071,81,False,False,False,False,False,False,False,False
ENSG00000247516,ENSG00000247516,MIR4458HG,2259,True,0.09888128281348246,1.8128556711334967,0.5208385,81,False,False,False,False,False,False,False,False
ENSG00000183960,ENSG00000183960,KCNH8,1574,True,0.065189688622677,1.8114709667997213,0.517449,81,False,False,False,False,False,False,False,False
ENSG00000134215,ENSG00000134215,VAV3,6640,True,0.2512749413614998,1.8041694476360093,0.50732374,81,False,False,False,False,False,False,False,False
ENSG00000107902,ENSG00000107902,LHPP,6366,True,0.23991490262379847,1.8074583193444411,0.50500447,81,False,False,False,False,False,False,False,False
ENSG00000118596,ENSG00000118596,SLC16A7,2999,True,0.11671316979822731,1.8028103258804768,0.4908504,81,False,False,False,False,False,False,False,False
ENSG00000172071,ENSG00000172071,EIF2AK3,3696,True,0.1470637607144021,1.8027941684437068,0.4853702,81,False,False,False,False,False,False,False,False
ENSG00000198520,ENSG00000198520,ARMH1,4922,True,0.18587980884924402,1.8014212223789414,0.48507565,81,False,False,False,False,False,False,False,False
ENSG00000188177,ENSG00000188177,ZC3H6,4351,True,0.16748366048268556,1.8015277448561229,0.48038533,81,False,False,False,False,False,False,False,False
ENSG00000145390,ENSG00000145390,USP53,3197,True,0.12263198266455815,1.8023139946185909,0.47681314,81,False,False,False,False,False,False,False,False
ENSG00000160953,ENSG00000160953,PWWP3A,4498,True,0.18079309017090114,1.7999613394225422,0.47322628,81,False,False,False,False,False,False,False,False
ENSG00000115652,ENSG00000115652,UXS1,4844,True,0.18765310505124538,1.7951354432772533,0.4586938,81,False,False,False,False,False,False,False,False
ENSG00000130921,ENSG00000130921,MTRFR,5636,True,0.21116757826309254,1.79299951613433,0.44734937,81,False,False,False,False,False,False,False,False
ENSG00000138764,ENSG00000138764,CCNG2,6974,True,0.26146293919389935,1.7888282970246925,0.43329078,81,False,False,False,False,False,False,False,False
ENSG00000172493,ENSG00000172493,AFF1,4909,True,0.18194391890622777,1.7887032491474728,0.42998716,81,False,False,False,False,False,False,False,False
ENSG00000135318,ENSG00000135318,NT5E,4224,True,0.16595145727998936,1.7863161046053335,0.4186078,81,False,False,False,False,False,False,False,False
ENSG00000174428,ENSG00000174428,GTF2IRD2B,4447,True,0.16791987069241662,1.7894630369073568,0.41747376,81,False,False,False,False,False,False,False,False
ENSG00000198521,ENSG00000198521,ZNF43,3933,True,0.1433180640970394,1.7875592691706053,0.41643178,81,False,False,False,False,False,False,False,False
ENSG00000165949,ENSG00000165949,IFI27,4509,True,0.2958080817147777,2.5748284008957114,6.464172,80,False,False,False,False,False,False,False,True
ENSG00000156265,ENSG00000156265,MAP3K7CL,6499,True,0.25663357000725984,1.8517934145087713,0.93315464,80,False,False,False,False,False,False,False,False
ENSG00000004468,ENSG00000004468,CD38,4521,True,0.18113399681987125,1.881542538585598,0.87248313,80,False,False,False,False,False,False,False,False
ENSG00000069493,ENSG00000069493,CLEC2D,19031,True,0.645729695070468,1.8547038594744045,0.87,80,False,False,False,False,False,False,False,False
ENSG00000117519,ENSG00000117519,CNN3,1299,True,0.05907611151311044,1.845760376825182,0.67209023,80,False,False,False,False,False,False,False,False
ENSG00000226179,ENSG00000226179,LINC00685,2358,True,0.09602845462731406,1.8112484926812193,0.65763694,80,False,False,False,False,False,False,False,False
ENSG00000109458,ENSG00000109458,GAB1,1650,True,0.06934344291017396,1.8412727140533682,0.654438,80,False,False,False,False,False,False,False,False
ENSG00000186265,ENSG00000186265,BTLA,9248,True,0.3470094716390201,1.8151779508362067,0.62744147,80,False,False,False,False,False,False,False,False
ENSG00000154655,ENSG00000154655,L3MBTL4,1361,True,0.05898824141419989,1.8270385291996833,0.58567566,80,False,False,False,False,False,False,False,False
ENSG00000125245,ENSG00000125245,GPR18,6962,True,0.273070391832724,1.81020165348988,0.5787801,80,False,False,False,False,False,False,False,False
ENSG00000164182,ENSG00000164182,NDUFAF2,6061,True,0.2371649066464191,1.8201282417179803,0.5744411,80,False,False,False,False,False,False,False,False
ENSG00000186056,ENSG00000186056,MATN1-AS1,1687,True,0.07045084265616404,1.791829425524729,0.5668899,80,False,False,False,False,False,False,False,False
ENSG00000139318,ENSG00000139318,DUSP6,3219,True,0.1293663119386852,1.8176349766841078,0.5488553,80,False,False,False,False,False,False,False,False
ENSG00000063180,ENSG00000063180,CA11,2937,True,0.12054676384975617,1.8117013957193306,0.51696146,80,False,False,False,False,False,False,False,False
ENSG00000167261,ENSG00000167261,DPEP2,7258,True,0.2676838666964134,1.80156728352524,0.5070011,80,False,False,False,False,False,False,False,False
ENSG00000229989,ENSG00000229989,MIR181A1HG,1801,True,0.07368200972109534,1.8079965106407543,0.5062175,80,False,False,False,False,False,False,False,False
ENSG00000131781,ENSG00000131781,FMO5,1377,True,0.05803866773872837,1.8060100797665606,0.5011408,80,False,False,False,False,False,False,False,False
ENSG00000124374,ENSG00000124374,PAIP2B,1709,True,0.07238347537099415,1.8070155903179954,0.4960035,80,False,False,False,False,False,False,False,False
ENSG00000154781,ENSG00000154781,CCDC174,7450,True,0.2782545501367624,1.8007937439012713,0.49280208,80,False,False,False,False,False,False,False,False
ENSG00000138468,ENSG00000138468,SENP7,6304,True,0.23471593909137434,1.7998385716678036,0.48223677,80,False,False,False,False,False,False,False,False
ENSG00000178852,ENSG00000178852,EFCAB13,2824,True,0.10762059143498463,1.798304263625491,0.46788308,80,False,False,False,False,False,False,False,False
ENSG00000151135,ENSG00000151135,TMEM263,4320,True,0.16197528072211298,1.795930485585046,0.46635932,80,False,False,False,False,False,False,False,False
ENSG00000165275,ENSG00000165275,TRMT10B,4163,True,0.16278504375232972,1.798092726375887,0.46405986,80,False,False,False,False,False,False,False,False
ENSG00000184208,ENSG00000184208,C22orf46P,3044,True,0.12026639075002915,1.7987719869830017,0.46310973,80,False,False,False,False,False,False,False,False
ENSG00000033867,ENSG00000033867,SLC4A7,6273,True,0.23537638815834538,1.7986787772060808,0.45580018,80,False,False,False,False,False,False,False,False
ENSG00000254635,ENSG00000254635,WAC-AS1,5725,True,0.20999816952282419,1.7917395339884274,0.45403498,80,False,False,False,False,False,False,False,False
ENSG00000173926,ENSG00000173926,MARCHF3,4328,True,0.17080462719089254,1.7947099374390705,0.4498846,80,False,False,False,False,False,False,False,False
ENSG00000140386,ENSG00000140386,SCAPER,5991,True,0.22546696003441102,1.7906920138163536,0.42885807,80,False,False,False,False,False,False,False,False
ENSG00000173960,ENSG00000173960,UBXN2A,5835,True,0.21225737670229358,1.7888311258675904,0.41996977,80,False,False,False,False,False,False,False,False
ENSG00000118263,ENSG00000118263,KLF7,3794,True,0.14282003113211353,1.7851933821939383,0.40798795,80,False,False,False,False,False,False,False,False
ENSG00000089335,ENSG00000089335,ZNF302,6479,True,0.24139792510138494,1.781245305417456,0.40554085,80,False,False,False,False,False,False,False,False
ENSG00000169239,ENSG00000169239,CA5B,4903,True,0.1936464282808749,1.782682437100407,0.40143278,80,False,False,False,False,False,False,False,False
ENSG00000114450,ENSG00000114450,GNB4,3253,True,0.1251791060024133,1.7804526996598071,0.3931261,80,False,False,False,False,False,False,False,False
ENSG00000188295,ENSG00000188295,ZNF669,4930,True,0.18524677032481654,1.7730739842804246,0.34344122,80,False,False,False,False,False,False,False,False
ENSG00000166562,ENSG00000166562,SEC11C,13613,True,0.5002898668666843,2.029529394621912,2.8996837,79,False,False,False,False,False,False,False,False
ENSG00000197622,ENSG00000197622,CDC42SE1,23443,True,0.7902249741507569,1.9118475588072916,1.1630211,79,False,False,False,False,False,False,False,False
ENSG00000054654,ENSG00000054654,SYNE2,10057,True,0.3512031307385506,1.8401677606642002,0.9451497,79,False,False,False,False,False,False,False,False
ENSG00000132842,ENSG00000132842,AP3B1,12443,True,0.4371493589357773,1.8362682529470076,0.8512575,79,False,False,False,False,False,False,False,False
ENSG00000145088,ENSG00000145088,EAF2,30808,True,0.9769479120953526,1.8809739307859734,0.7701185,79,False,False,False,False,False,False,False,False
ENSG00000154380,ENSG00000154380,ENAH,633,True,0.030114849856911832,1.8359217025864665,0.76423275,79,False,False,False,False,False,False,False,False
ENSG00000167522,ENSG00000167522,ANKRD11,16815,True,0.5567258908821121,1.8307086195243558,0.7605912,79,False,False,False,False,False,False,False,False
ENSG00000183486,ENSG00000183486,MX2,8191,True,0.30885704550914267,1.8225571085435548,0.73801714,79,False,False,False,False,False,False,False,True
ENSG00000133424,ENSG00000133424,LARGE1,1359,True,0.05958621782225582,1.8254201352239683,0.7138256,79,False,False,False,False,False,False,False,False
ENSG00000169507,ENSG00000169507,SLC38A11,1806,True,0.0769183857115993,1.8441156682440556,0.68283707,79,False,False,False,False,False,False,False,False
ENSG00000146757,ENSG00000146757,ZNF92,10556,True,0.36025670308532853,1.8174810884587809,0.64897627,79,False,False,False,False,False,False,False,False
ENSG00000135968,ENSG00000135968,GCC2,25357,True,0.8073528159848096,1.8537858225089368,0.6445292,79,False,False,False,False,False,False,False,False
ENSG00000272256,ENSG00000272256,ENSG00000272256,7467,True,0.2741056615111833,1.8111331339796164,0.6407354,79,False,False,False,False,False,False,False,False
ENSG00000268804,ENSG00000268804,LINC02132,1037,True,0.04734968347685045,1.8018984309774913,0.6161347,79,False,False,False,False,False,False,False,False
ENSG00000102804,ENSG00000102804,TSC22D1,3246,True,0.13732053957965162,1.833740101306062,0.61246306,79,False,False,False,False,False,False,False,False
ENSG00000104205,ENSG00000104205,SGK3,1417,True,0.058614248647668246,1.8211823292733256,0.567684,79,False,False,False,False,False,False,False,False
ENSG00000144218,ENSG00000144218,AFF3,21174,True,0.6837929973046644,1.8278354606454166,0.54343814,79,False,False,False,False,False,False,False,False
ENSG00000182405,ENSG00000182405,PGBD4,1473,True,0.06002903161192653,1.78445289744432,0.54257286,79,False,False,False,False,False,False,False,False
ENSG00000230489,ENSG00000230489,VAV3-AS1,1728,True,0.07588912845645433,1.815093577112126,0.5422401,79,False,False,False,False,False,False,False,False
ENSG00000196950,ENSG00000196950,SLC39A10,7852,True,0.29174136535218786,1.8082050342208071,0.53747743,79,False,False,False,False,False,False,False,False
ENSG00000166707,ENSG00000166707,ZCCHC18,1543,True,0.06566681338907099,1.8127048798379404,0.5259365,79,False,False,False,False,False,False,False,False
ENSG00000196247,ENSG00000196247,ZNF107,5932,True,0.21334854692526692,1.8068849607382056,0.5205154,79,False,False,False,False,False,False,False,False
ENSG00000164938,ENSG00000164938,TP53INP1,7125,True,0.267120884530807,1.802544162349501,0.51593035,79,False,False,False,False,False,False,False,False
ENSG00000107890,ENSG00000107890,ANKRD26,2855,True,0.11130860813579488,1.8009279679866241,0.49702322,79,False,False,False,False,False,False,False,False
ENSG00000271646,ENSG00000271646,IRF2-DT,1471,True,0.05931530118624396,1.8049483293818638,0.49470702,79,False,False,False,False,False,False,False,False
ENSG00000033627,ENSG00000033627,ATP6V0A1,4165,True,0.16024727360825253,1.798775068194668,0.48575148,79,False,False,False,False,False,False,False,False
ENSG00000246851,ENSG00000246851,ENSG00000246851,5663,True,0.23219716463917814,1.8028928372032498,0.48236105,79,False,False,False,False,False,False,False,False
ENSG00000104154,ENSG00000104154,SLC30A4,1451,True,0.06110090472268046,1.8016765510914363,0.48211667,79,False,False,False,False,False,False,False,False
ENSG00000105738,ENSG00000105738,SIPA1L3,4021,True,0.16229234001299217,1.8007978294137685,0.47540593,79,False,False,False,False,False,False,False,False
ENSG00000264247,ENSG00000264247,ZNF407-AS1,4075,True,0.15547631368192782,1.8004570263355169,0.47397035,79,False,False,False,False,False,False,False,False
ENSG00000150995,ENSG00000150995,ITPR1,7159,True,0.2658874333677245,1.7966062977796773,0.46622297,79,False,False,False,False,False,False,False,False
ENSG00000197457,ENSG00000197457,STMN3,6439,True,0.23774954207593454,1.7940908986978308,0.46052253,79,False,False,False,False,False,False,False,False
ENSG00000181896,ENSG00000181896,ZNF101,5794,True,0.20879134677539002,1.79718145712871,0.45736116,79,False,False,False,False,False,False,False,False
ENSG00000253535,ENSG00000253535,ADAM7-AS1,1486,True,0.0621782421833672,1.795457621478529,0.441901,79,False,False,False,False,False,False,False,False
ENSG00000138381,ENSG00000138381,ASNSD1,6216,True,0.23189165556728727,1.7928083485049096,0.43846205,79,False,False,False,False,False,False,False,False
ENSG00000113595,ENSG00000113595,TRIM23,1751,True,0.07061964940284361,1.7947429097425256,0.4336091,79,False,False,False,False,False,False,False,False
ENSG00000197555,ENSG00000197555,SIPA1L1,5959,True,0.22017194651622765,1.787559923785966,0.428448,79,False,False,False,False,False,False,False,False
ENSG00000185973,ENSG00000185973,TMLHE,2753,True,0.11239947069855166,1.7912422986721175,0.427336,79,False,False,False,False,False,False,False,False
ENSG00000111729,ENSG00000111729,CLEC4A,2596,True,0.108021793209636,1.7920948887148678,0.42385456,79,False,False,False,False,False,False,False,False
ENSG00000197579,ENSG00000197579,TOPORS,7500,True,0.27980197053926487,1.7894283855130217,0.41555274,79,False,False,False,False,False,False,False,False
ENSG00000136108,ENSG00000136108,CKAP2,6174,True,0.22641766316018017,1.7802850921433466,0.4090639,79,False,False,False,False,False,False,False,False
ENSG00000145416,ENSG00000145416,MARCHF1,38397,True,1.0975235700364134,1.854276816809992,0.40855876,79,False,False,False,False,False,False,False,False
ENSG00000109323,ENSG00000109323,MANBA,5875,True,0.21520277448087713,1.7795869900737409,0.38122073,79,False,False,False,False,False,False,False,False
ENSG00000256060,ENSG00000256060,TRAPPC2B,5252,True,0.20987520644886606,1.7773872974825495,0.3725756,79,False,False,False,False,False,False,False,False
ENSG00000163322,ENSG00000163322,ABRAXAS1,4950,True,0.18586522146394657,1.774680709476481,0.3642423,79,False,False,False,False,False,False,False,False
ENSG00000162819,ENSG00000162819,BROX,6784,True,0.25287306459931375,1.7801336063085627,0.36404866,79,False,False,False,False,False,False,False,False
ENSG00000272831,ENSG00000272831,ENSG00000272831,5486,True,0.2123011505480873,1.7754237855338966,0.3604229,79,False,False,False,False,False,False,False,False
ENSG00000164331,ENSG00000164331,ANKRA2,5643,True,0.2125146135297192,1.7719890632864868,0.34937745,79,False,False,False,False,False,False,False,False
ENSG00000196233,ENSG00000196233,LCOR,6502,True,0.23881882183359168,1.77033653003738,0.33107236,79,False,False,False,False,False,False,False,False
ENSG00000267040,ENSG00000267040,ATP8B1-AS1,6079,True,0.22323945632567435,1.7657325500388952,0.31917277,79,False,False,False,False,False,False,False,False
ENSG00000163738,ENSG00000163738,MTHFD2L,5608,True,0.2144716597465864,1.760051631037596,0.30369022,79,False,False,False,False,False,False,False,False
ENSG00000175455,ENSG00000175455,CCDC14,5657,True,0.21018101418983315,1.7596534636782941,0.29878584,79,False,False,False,False,False,False,False,False
ENSG00000136244,ENSG00000136244,IL6,3497,True,0.18491991222116458,2.1212755291430865,2.4943023,78,False,False,False,False,False,False,False,False
ENSG00000074842,ENSG00000074842,MYDGF,11499,True,0.4198475290945167,1.9167315581432505,1.7065036,78,False,False,False,False,False,False,False,False
ENSG00000086062,ENSG00000086062,B4GALT1,13299,True,0.4931507330886911,1.9019628362758352,1.5118595,78,False,False,False,False,False,False,False,False
ENSG00000119917,ENSG00000119917,IFIT3,3512,True,0.1497448838646693,1.9667230880828974,1.2335327,78,False,False,False,False,False,False,False,True
ENSG00000107968,ENSG00000107968,MAP3K8,15722,True,0.551135334172833,1.8781107631456009,1.2074648,78,False,False,False,False,False,False,False,False
ENSG00000155660,ENSG00000155660,PDIA4,6778,True,0.26267306366134735,1.8641694437541374,0.99590594,78,False,False,False,False,False,False,False,False
ENSG00000143353,ENSG00000143353,LYPLAL1,9097,True,0.3390487561098681,1.8301215800917907,0.80726343,78,False,False,False,False,False,False,False,False
ENSG00000145050,ENSG00000145050,MANF,6134,True,0.24448428687222412,1.8622243498402347,0.7964746,78,False,False,False,False,False,False,False,False
ENSG00000226752,ENSG00000226752,CUTALP,10902,True,0.40151715244692116,1.8322300941954153,0.7893313,78,False,False,False,False,False,False,False,False
ENSG00000101162,ENSG00000101162,TUBB1,2774,True,0.1171681649072609,1.8554937007467296,0.72660905,78,False,False,False,False,False,False,False,False
ENSG00000122644,ENSG00000122644,ARL4A,25631,True,0.8307013532820101,1.8638510380331363,0.7100766,78,False,False,False,False,False,False,False,False
ENSG00000138646,ENSG00000138646,HERC5,4212,True,0.16855118996987328,1.828301832214718,0.6096272,78,False,False,False,False,False,False,False,True
ENSG00000176542,ENSG00000176542,USF3,7941,True,0.2916087438230716,1.814960920464493,0.5993803,78,False,False,False,False,False,False,False,False
ENSG00000006638,ENSG00000006638,TBXA2R,769,True,0.03293252061458213,1.7891409904628495,0.5387223,78,False,False,False,False,False,False,False,False
ENSG00000184305,ENSG00000184305,CCSER1,5024,True,0.1947753464421809,1.8012420984494077,0.5082896,78,False,False,False,False,False,False,False,False
ENSG00000165029,ENSG00000165029,ABCA1,1832,True,0.0731865644872661,1.8052043322445996,0.5001873,78,False,False,False,False,False,False,False,False
ENSG00000234705,ENSG00000234705,HMGA1P4,3384,True,0.14267541205728154,1.8013731801186736,0.48752892,78,False,False,False,False,False,False,False,False
ENSG00000184068,ENSG00000184068,SREBF2-AS1,2940,True,0.1226103895081537,1.8000838799705283,0.48658264,78,False,False,False,False,False,False,False,False
ENSG00000158321,ENSG00000158321,AUTS2,1990,True,0.0816555759248223,1.8028219995595938,0.4813935,78,False,False,False,False,False,False,False,False
ENSG00000144161,ENSG00000144161,ZC3H8,5911,True,0.2227500899333396,1.7942384391971602,0.48051757,78,False,False,False,False,False,False,False,False
ENSG00000257698,ENSG00000257698,GIHCG,4091,True,0.1613835515918153,1.80122104172982,0.47949597,78,False,False,False,False,False,False,False,False
ENSG00000272606,ENSG00000272606,PPP4R3B-DT,3041,True,0.12475964054067994,1.7994308806423782,0.47089428,78,False,False,False,False,False,False,False,False
ENSG00000145687,ENSG00000145687,SSBP2,7944,True,0.29626933187325966,1.8015504976169447,0.46875137,78,False,False,False,False,False,False,False,False
ENSG00000179743,ENSG00000179743,SPEN-AS1,5304,True,0.2044911756500235,1.795781548317126,0.4611223,78,False,False,False,False,False,False,False,False
ENSG00000243156,ENSG00000243156,MICAL3,6338,True,0.23217932685198595,1.7949286923288812,0.45871112,78,False,False,False,False,False,False,False,False
ENSG00000015153,ENSG00000015153,YAF2,7159,True,0.2680820870779902,1.7942695945253981,0.4571183,78,False,False,False,False,False,False,False,False
ENSG00000047644,ENSG00000047644,WWC3,3046,True,0.12002817326184262,1.7962046091519555,0.44985524,78,False,False,False,False,False,False,False,False
ENSG00000166004,ENSG00000166004,CEP295,3784,True,0.14392818799845128,1.7925990387319108,0.44918782,78,False,False,False,False,False,False,False,False
ENSG00000119684,ENSG00000119684,MLH3,4008,True,0.1531300267265173,1.792835933700979,0.4421866,78,False,False,False,False,False,False,False,False
ENSG00000121766,ENSG00000121766,ZCCHC17,6471,True,0.23633142185831632,1.7871974473638352,0.43805295,78,False,False,False,False,False,False,False,False
ENSG00000163545,ENSG00000163545,NUAK2,5216,True,0.1941933327127182,1.789676672722304,0.4236367,78,False,False,False,False,False,False,False,False
ENSG00000173064,ENSG00000173064,HECTD4,3567,True,0.13662974546524606,1.7909451156433283,0.42126754,78,False,False,False,False,False,False,False,False
ENSG00000181026,ENSG00000181026,AEN,3643,True,0.1377363065218925,1.7889953541594281,0.41555992,78,False,False,False,False,False,False,False,False
ENSG00000272994,ENSG00000272994,C2orf49-DT,3422,True,0.13395539733431844,1.7890520932925142,0.4129448,78,False,False,False,False,False,False,False,False
ENSG00000184384,ENSG00000184384,MAML2,4336,True,0.15914237465202416,1.7848134314050883,0.4085799,78,False,False,False,False,False,False,False,False
ENSG00000166947,ENSG00000166947,EPB42,3314,True,0.13468233505372942,1.7862561753204482,0.4035163,78,False,False,False,False,False,False,False,False
ENSG00000235194,ENSG00000235194,PPP1R3E,3763,True,0.14280587113274343,1.783312921743976,0.40100408,78,False,False,False,False,False,False,False,False
ENSG00000266053,ENSG00000266053,NDUFV2-AS1,2361,True,0.09405136385119066,1.7800202041073125,0.3997784,78,False,False,False,False,False,False,False,False
ENSG00000163312,ENSG00000163312,HELQ,3286,True,0.12816290651798096,1.7829417706475232,0.39919543,78,False,False,False,False,False,False,False,False
ENSG00000224505,ENSG00000224505,HEXIM2-AS1,3546,True,0.14492569492257254,1.7835722080268788,0.38798723,78,False,False,False,False,False,False,False,False
ENSG00000166949,ENSG00000166949,SMAD3,5326,True,0.20047220534374333,1.7793500095658956,0.38263506,78,False,False,False,False,False,False,False,False
ENSG00000162702,ENSG00000162702,ZNF281,5434,True,0.20065767710194116,1.7762947085960141,0.37561473,78,False,False,False,False,False,False,False,False
ENSG00000124508,ENSG00000124508,BTN2A2,5018,True,0.18675612612943465,1.7728304972158861,0.3560689,78,False,False,False,False,False,False,False,False
ENSG00000205758,ENSG00000205758,CRYZL1,6582,True,0.24528886610346365,1.772708776685412,0.35519892,78,False,False,False,False,False,False,False,False
ENSG00000148516,ENSG00000148516,ZEB1,5388,True,0.19931650816264507,1.7711427621214384,0.35516882,78,False,False,False,False,False,False,False,False
ENSG00000135916,ENSG00000135916,ITM2C,11490,True,0.420983063893393,1.9751964607854022,2.304122,77,False,False,False,False,False,False,False,False
ENSG00000197903,ENSG00000197903,H2BC12,16814,True,0.5769420463452789,1.8430878819494063,0.8360693,77,False,False,False,False,False,False,False,False
ENSG00000196781,ENSG00000196781,TLE1,12046,True,0.4126782017883875,1.8232281975367692,0.77965766,77,False,False,False,False,False,False,False,False
ENSG00000169442,ENSG00000169442,CD52,117539,True,3.425640941796014,2.1723666751692474,0.7578428,77,False,False,False,False,False,False,False,False
ENSG00000167604,ENSG00000167604,NFKBID,16606,True,0.5510284775263057,1.840167015156659,0.75316733,77,False,False,False,False,False,False,False,False
ENSG00000255112,ENSG00000255112,CHMP1B,24227,True,0.7871633505122446,1.8648215494147833,0.73157763,77,False,False,False,False,False,False,False,False
ENSG00000130066,ENSG00000130066,SAT1,61350,True,1.6548389101442404,2.0213704964841344,0.72803044,77,False,False,False,False,False,False,False,False
ENSG00000166428,ENSG00000166428,PLD4,8711,True,0.31882963939419845,1.8149424624719925,0.7231061,77,False,False,False,False,False,False,False,False
ENSG00000105926,ENSG00000105926,PALS2,4194,True,0.1655526912552233,1.848725485257818,0.695262,77,False,False,False,False,False,False,False,False
ENSG00000122986,ENSG00000122986,HVCN1,33080,True,1.008712498390884,1.874893447793678,0.65565616,77,False,False,False,False,False,False,False,False
ENSG00000114446,ENSG00000114446,IFT57,23478,True,0.7454980043328383,1.8511737062849485,0.64766324,77,False,False,False,False,False,False,False,False
ENSG00000174799,ENSG00000174799,CEP135,7215,True,0.26299105432961545,1.8126894471378514,0.56833553,77,False,False,False,False,False,False,False,False
ENSG00000173917,ENSG00000173917,HOXB2,1270,True,0.05568986961723306,1.815898379605023,0.5611018,77,False,False,False,False,False,False,False,False
ENSG00000171522,ENSG00000171522,PTGER4,5328,True,0.20154214359330752,1.8081254614552733,0.54519916,77,False,False,False,False,False,False,False,False
ENSG00000271869,ENSG00000271869,DCTN6-DT,6209,True,0.25705410496274556,1.8041939252826038,0.5259147,77,False,False,False,False,False,False,False,False
ENSG00000008083,ENSG00000008083,JARID2,8506,True,0.3152748809983017,1.8088792798315303,0.5250657,77,False,False,False,False,False,False,False,False
ENSG00000068650,ENSG00000068650,ATP11A,1979,True,0.07795410683706354,1.8017065580366483,0.48285288,77,False,False,False,False,False,False,False,False
ENSG00000152127,ENSG00000152127,MGAT5,3616,True,0.13942991923708103,1.8027296731301965,0.47611186,77,False,False,False,False,False,False,False,False
ENSG00000105427,ENSG00000105427,CNFN,6795,True,0.2563443274143069,1.7870380065408065,0.47481027,77,False,False,False,False,False,False,False,False
ENSG00000179523,ENSG00000179523,EIF3J-DT,3007,True,0.12285110650051466,1.7976027055913704,0.46832234,77,False,False,False,False,False,False,False,False
ENSG00000133134,ENSG00000133134,BEX2,8339,True,0.3129739322064994,1.7884933574707147,0.46767867,77,False,False,False,False,False,False,False,False
ENSG00000143851,ENSG00000143851,PTPN7,5245,True,0.199455083582757,1.79339561240909,0.46529078,77,False,False,False,False,False,False,False,False
ENSG00000239569,ENSG00000239569,KMT2E-AS1,8086,True,0.31393455238909673,1.789209971196623,0.45897684,77,False,False,False,False,False,False,False,False
ENSG00000273148,ENSG00000273148,LCDR,1880,True,0.07731930292260153,1.7957138450459333,0.44413477,77,False,False,False,False,False,False,False,False
ENSG00000132819,ENSG00000132819,RBM38,8967,True,0.3226647906608645,1.7966412341562188,0.43359178,77,False,False,False,False,False,False,False,False
ENSG00000244479,ENSG00000244479,OR2A1-AS1,2035,True,0.08488898968542659,1.7888859896039866,0.42807302,77,False,False,False,False,False,False,False,False
ENSG00000173451,ENSG00000173451,THAP2,3800,True,0.1522210315596144,1.7878870135385414,0.42626983,77,False,False,False,False,False,False,False,False
ENSG00000083535,ENSG00000083535,PIBF1,5085,True,0.18476355672769973,1.7848216705407005,0.41648197,77,False,False,False,False,False,False,False,False
ENSG00000163510,ENSG00000163510,CWC22,5007,True,0.18992610660282502,1.7864725411449476,0.41297534,77,False,False,False,False,False,False,False,False
ENSG00000147400,ENSG00000147400,CETN2,4880,True,0.18752420708858294,1.7880019198757624,0.4125896,77,False,False,False,False,False,False,False,False
ENSG00000148572,ENSG00000148572,NRBF2,4882,True,0.18088983240935452,1.7829514049290234,0.4090559,77,False,False,False,False,False,False,False,False
ENSG00000166532,ENSG00000166532,RIMKLB,2579,True,0.1052400088655049,1.7829168699412825,0.39784575,77,False,False,False,False,False,False,False,False
ENSG00000186480,ENSG00000186480,INSIG1,6233,True,0.2350965490980383,1.78247048633948,0.39770594,77,False,False,False,False,False,False,False,False
ENSG00000126070,ENSG00000126070,AGO3,5219,True,0.1921617978055486,1.7829168653802867,0.39529547,77,False,False,False,False,False,False,False,False
ENSG00000122483,ENSG00000122483,CCDC18,4163,True,0.15557948598888843,1.780591492087975,0.39110127,77,False,False,False,False,False,False,False,False
ENSG00000151304,ENSG00000151304,SRFBP1,5785,True,0.2167524389732386,1.7805946667474515,0.38934508,77,False,False,False,False,False,False,False,False
ENSG00000152465,ENSG00000152465,NMT2,3031,True,0.12167909151218949,1.7789206410163572,0.3859492,77,False,False,False,False,False,False,False,False
ENSG00000155093,ENSG00000155093,PTPRN2,3298,True,0.13126902160777607,1.7800391444507,0.3857483,77,False,False,False,False,False,False,False,False
ENSG00000203880,ENSG00000203880,PCMTD2,5327,True,0.19881616069971048,1.7790552021452057,0.38469523,77,False,False,False,False,False,False,False,False
ENSG00000196275,ENSG00000196275,GTF2IRD2,3351,True,0.1290542437033389,1.7811788662471224,0.3826682,77,False,False,False,False,False,False,False,False
ENSG00000128908,ENSG00000128908,INO80,5240,True,0.18962862752314136,1.7761188246991317,0.38207498,77,False,False,False,False,False,False,False,False
ENSG00000214401,ENSG00000214401,KANSL1-AS1,4666,True,0.17666933289903863,1.7770232309199299,0.38079166,77,False,False,False,False,False,False,False,False
ENSG00000112309,ENSG00000112309,B3GAT2,5471,True,0.21923212956747104,1.776336312696653,0.37086254,77,False,False,False,False,False,False,False,False
ENSG00000179456,ENSG00000179456,ZBTB18,3578,True,0.14062815406899085,1.7775836749484428,0.3667283,77,False,False,False,False,False,False,False,False
ENSG00000171150,ENSG00000171150,SOCS5,1904,True,0.07674260677565245,1.7734985786261062,0.3641869,77,False,False,False,False,False,False,False,False
ENSG00000236778,ENSG00000236778,INTS6-AS1,2996,True,0.11870061253315844,1.7756979753444186,0.36400384,77,False,False,False,False,False,False,False,False
ENSG00000189369,ENSG00000189369,GSPT2,2735,True,0.10572811587404699,1.7742925693099847,0.3553919,77,False,False,False,False,False,False,False,False
ENSG00000183891,ENSG00000183891,TTC32,5611,True,0.2206450143995973,1.7729498475831702,0.34864005,77,False,False,False,False,False,False,False,False
ENSG00000122435,ENSG00000122435,TRMT13,5916,True,0.2214421762257441,1.7688766893935108,0.33954075,77,False,False,False,False,False,False,False,False
ENSG00000100697,ENSG00000100697,DICER1,6537,True,0.23655988418679846,1.7742868633078794,0.3286161,77,False,False,False,False,False,False,False,False
ENSG00000127993,ENSG00000127993,RBM48,5069,True,0.18623119158500281,1.757397906174324,0.28672263,77,False,False,False,False,False,False,False,False
ENSG00000253738,ENSG00000253738,OTUD6B-AS1,14167,True,0.5080763081480593,1.8302871133358436,0.8172341,76,False,False,False,False,False,False,False,False
ENSG00000135116,ENSG00000135116,HRK,3251,True,0.12977353341056505,1.8698217452443793,0.8089121,76,False,False,False,False,False,False,False,False
ENSG00000089048,ENSG00000089048,ESF1,12131,True,0.44468879138968165,1.827376458514079,0.8076793,76,False,False,False,False,False,False,False,False
ENSG00000135074,ENSG00000135074,ADAM19,10462,True,0.3822998834860832,1.8274935352035142,0.7881089,76,False,False,False,False,False,False,False,False
ENSG00000158481,ENSG00000158481,CD1C,6934,True,0.25107803797814,1.823007424572164,0.68217856,76,False,False,False,False,False,False,False,False
ENSG00000169499,ENSG00000169499,PLEKHA2,16197,True,0.559346687024045,1.825994912645893,0.6762692,76,False,False,False,False,False,False,False,False
ENSG00000260979,ENSG00000260979,USP7-AS1,1121,True,0.04926717316240656,1.8476808879121955,0.67300993,76,False,False,False,False,False,False,False,False
ENSG00000173875,ENSG00000173875,ZNF791,9457,True,0.3465552272337804,1.8134628471810628,0.6133801,76,False,False,False,False,False,False,False,False
ENSG00000143110,ENSG00000143110,C1orf162,24567,True,0.8011207238818709,1.8462230201614405,0.6052106,76,False,False,False,False,False,False,False,False
ENSG00000135315,ENSG00000135315,CEP162,2539,True,0.10433081692523573,1.7989608058061608,0.60234714,76,False,False,False,False,False,False,False,False
ENSG00000198046,ENSG00000198046,ZNF667,1137,True,0.0497919483973667,1.7649718135512877,0.6001982,76,False,False,False,False,False,False,False,False
ENSG00000048471,ENSG00000048471,SNX29,12968,True,0.45002794221090947,1.8162656152622576,0.59838253,76,False,False,False,False,False,False,False,False
ENSG00000147905,ENSG00000147905,ZCCHC7,26845,True,0.8503594085875276,1.8499997148716312,0.58993113,76,False,False,False,False,False,False,False,False
ENSG00000135678,ENSG00000135678,CPM,1033,True,0.04560425202604741,1.8278706050085936,0.5816899,76,False,False,False,False,False,False,False,False
ENSG00000109321,ENSG00000109321,AREG,2031,True,0.09140706181576813,1.824600893409074,0.57498884,76,False,False,False,False,False,False,False,False
ENSG00000171606,ENSG00000171606,ZNF274,9103,True,0.3253275607146644,1.805904987432929,0.5551834,76,False,False,False,False,False,False,False,False
ENSG00000087074,ENSG00000087074,PPP1R15A,42673,True,1.222081892768933,1.911710052975767,0.5471138,76,False,False,False,False,False,False,False,False
ENSG00000138670,ENSG00000138670,RASGEF1B,6350,True,0.24992387119135628,1.803193270329822,0.5230049,76,False,False,False,False,False,False,False,False
ENSG00000126870,ENSG00000126870,DYNC2I1,4496,True,0.17051472933668796,1.8076460893912718,0.52013797,76,False,False,False,False,False,False,False,False
ENSG00000213626,ENSG00000213626,LBH,26046,True,0.8008946307790521,1.8346876506368361,0.48982546,76,False,False,False,False,False,False,False,False
ENSG00000074695,ENSG00000074695,LMAN1,7588,True,0.283461970949546,1.7968651729239682,0.47447556,76,False,False,False,False,False,False,False,False
ENSG00000152133,ENSG00000152133,GPATCH11,5607,True,0.2118445910353259,1.7962020820766744,0.46727538,76,False,False,False,False,False,False,False,False
ENSG00000163596,ENSG00000163596,ICA1L,4899,True,0.18488589015079632,1.7974313987489985,0.4520132,76,False,False,False,False,False,False,False,False
ENSG00000272677,ENSG00000272677,HNRNPD-DT,2765,True,0.11908007327419395,1.796913695244015,0.4517585,76,False,False,False,False,False,False,False,False
ENSG00000155903,ENSG00000155903,RASA2,8673,True,0.3118286267113875,1.7957313146394396,0.44789264,76,False,False,False,False,False,False,False,False
ENSG00000185298,ENSG00000185298,CCDC137,5797,True,0.21666067850784765,1.7922006837050726,0.44468242,76,False,False,False,False,False,False,False,False
ENSG00000137992,ENSG00000137992,DBT,2093,True,0.0830151310635343,1.792386576847977,0.44269943,76,False,False,False,False,False,False,False,False
ENSG00000151657,ENSG00000151657,KIN,6105,True,0.2292428643094583,1.7877364282415094,0.43135405,76,False,False,False,False,False,False,False,False
ENSG00000246067,ENSG00000246067,RAB30-DT,5239,True,0.19949887753292683,1.7883525923841646,0.42957532,76,False,False,False,False,False,False,False,False
ENSG00000177426,ENSG00000177426,TGIF1,6363,True,0.2395322471113408,1.7817117644762448,0.42886195,76,False,False,False,False,False,False,False,False
ENSG00000075089,ENSG00000075089,ACTR6,6540,True,0.24657930991430732,1.7860364290537745,0.42085323,76,False,False,False,False,False,False,False,False
ENSG00000142856,ENSG00000142856,ITGB3BP,7127,True,0.26523961391796386,1.7804162835943578,0.41223747,76,False,False,False,False,False,False,False,False
ENSG00000160683,ENSG00000160683,CXCR5,6907,True,0.2529078260336695,1.7966248563444154,0.4094081,76,False,False,False,False,False,False,False,False
ENSG00000168675,ENSG00000168675,LDLRAD4,3545,True,0.14638439030028677,1.785112549834561,0.40590942,76,False,False,False,False,False,False,False,False
ENSG00000196151,ENSG00000196151,WDSUB1,2742,True,0.11080296277691554,1.7845666755118545,0.40290946,76,False,False,False,False,False,False,False,False
ENSG00000146802,ENSG00000146802,TMEM168,2137,True,0.0837338621084877,1.7838590499243125,0.40261003,76,False,False,False,False,False,False,False,False
ENSG00000100749,ENSG00000100749,VRK1,6529,True,0.24363778930473626,1.7811089973220477,0.398837,76,False,False,False,False,False,False,False,False
ENSG00000046653,ENSG00000046653,GPM6B,3595,True,0.14991831206280404,1.7843176387594126,0.3987802,76,False,False,False,False,False,False,False,False
ENSG00000189042,ENSG00000189042,ZNF567,2766,True,0.10998221701892139,1.7806642782904483,0.39229304,76,False,False,False,False,False,False,False,False
ENSG00000162373,ENSG00000162373,BEND5,4186,True,0.1609521799686491,1.7837006918046325,0.39177054,76,False,False,False,False,False,False,False,False
ENSG00000166225,ENSG00000166225,FRS2,2234,True,0.08888208470929317,1.7796547081123217,0.390696,76,False,False,False,False,False,False,False,False
ENSG00000162086,ENSG00000162086,ZNF75A,8692,True,0.307995239915628,1.7915913376053203,0.3861072,76,False,False,False,False,False,False,False,False
ENSG00000135951,ENSG00000135951,TSGA10,3022,True,0.1201326364931591,1.781168188881462,0.38535792,76,False,False,False,False,False,False,False,False
ENSG00000164951,ENSG00000164951,PDP1,2544,True,0.09833339340352575,1.7808515991258105,0.383474,76,False,False,False,False,False,False,False,False
ENSG00000198039,ENSG00000198039,ZNF273,2337,True,0.09120977551308926,1.779145797378847,0.38001722,76,False,False,False,False,False,False,False,False
ENSG00000131378,ENSG00000131378,RFTN1,5468,True,0.20261643400016424,1.7759670239971443,0.36890978,76,False,False,False,False,False,False,False,False
ENSG00000077684,ENSG00000077684,JADE1,4855,True,0.1806106340889255,1.7754903929864525,0.36709666,76,False,False,False,False,False,False,False,False
ENSG00000048392,ENSG00000048392,RRM2B,3112,True,0.12086638654213196,1.7750851959612464,0.36566946,76,False,False,False,False,False,False,False,False
ENSG00000078596,ENSG00000078596,ITM2A,5340,True,0.20837345635742774,1.771315981142051,0.36378816,76,False,False,False,False,False,False,False,False
ENSG00000075790,ENSG00000075790,BCAP29,6227,True,0.23198328108806698,1.7741568722557977,0.36308163,76,False,False,False,False,False,False,False,False
ENSG00000047365,ENSG00000047365,ARAP2,7294,True,0.259450540735301,1.7790070436072722,0.3621245,76,False,False,False,False,False,False,False,False
ENSG00000015676,ENSG00000015676,NUDCD3,7285,True,0.27339582650139316,1.772404020186859,0.34914127,76,False,False,False,False,False,False,False,False
ENSG00000148300,ENSG00000148300,REXO4,6923,True,0.2564391369446769,1.7741098928893906,0.3430183,76,False,False,False,False,False,False,False,False
ENSG00000153814,ENSG00000153814,JAZF1,6086,True,0.22802767490125628,1.7691454654401526,0.3365181,76,False,False,False,False,False,False,False,False
ENSG00000166266,ENSG00000166266,CUL5,7136,True,0.25829964174548264,1.7660752729261888,0.33053753,76,False,False,False,False,False,False,False,False
ENSG00000263753,ENSG00000263753,LINC00667,5233,True,0.1963957945099752,1.7669376652390663,0.32358015,76,False,False,False,False,False,False,False,False
ENSG00000178878,ENSG00000178878,APOLD1,3050,True,0.13108004987917052,1.7662896587238286,0.3156401,76,False,False,False,False,False,False,False,False
ENSG00000171100,ENSG00000171100,MTM1,2580,True,0.10069492720186214,1.761742498217845,0.30288252,76,False,False,False,False,False,False,False,False
ENSG00000166471,ENSG00000166471,TMEM41B,5296,True,0.19743621342465972,1.7599620260132753,0.29896507,76,False,False,False,False,False,False,False,False
ENSG00000132680,ENSG00000132680,KHDC4,6196,True,0.22344541773312152,1.7584995912499721,0.29318747,76,False,False,False,False,False,False,False,False
ENSG00000197061,ENSG00000197061,H4C3,21889,True,0.7333069094478039,2.0381331727693284,2.2886245,75,False,False,False,False,False,False,False,False
ENSG00000167740,ENSG00000167740,CYB5D2,2774,True,0.12207301537901967,1.9918757950394552,1.2977914,75,False,False,False,False,False,False,False,False
ENSG00000128245,ENSG00000128245,YWHAH,12803,True,0.45359693137611057,1.8373914963596751,0.8926597,75,False,False,False,False,False,False,False,False
ENSG00000271614,ENSG00000271614,ATP2B1-AS1,16389,True,0.5786784733002084,1.8371419241321172,0.79466605,75,False,False,False,False,False,False,False,False
ENSG00000119922,ENSG00000119922,IFIT2,2502,True,0.10133830931939881,1.8770970182760343,0.78350323,75,False,False,False,False,False,False,False,True
ENSG00000106829,ENSG00000106829,TLE4,15040,True,0.527790478568456,1.8245054909298781,0.6953078,75,False,False,False,False,False,False,False,False
ENSG00000169249,ENSG00000169249,ZRSR2,13102,True,0.4702360144646093,1.8194037353754111,0.68918175,75,False,False,False,False,False,False,False,False
ENSG00000112320,ENSG00000112320,SOBP,1208,True,0.05397898398799346,1.8364882744810738,0.62664723,75,False,False,False,False,False,False,False,False
ENSG00000260273,ENSG00000260273,ENSG00000260273,1160,True,0.05102821619138576,1.8251663093453956,0.6068908,75,False,False,False,False,False,False,False,False
ENSG00000162614,ENSG00000162614,NEXN,1456,True,0.06211479182881685,1.8189025386066637,0.59521574,75,False,False,False,False,False,False,False,False
ENSG00000138182,ENSG00000138182,KIF20B,8714,True,0.31894990386751826,1.8084475665588349,0.5878441,75,False,False,False,False,False,False,False,False
ENSG00000271938,ENSG00000271938,ENSG00000271938,871,True,0.040580872317229136,1.8229927883402623,0.5863462,75,False,False,False,False,False,False,False,False
ENSG00000175857,ENSG00000175857,GAPT,21003,True,0.6914904068371186,1.8267336621625268,0.5788004,75,False,False,False,False,False,False,False,False
ENSG00000155368,ENSG00000155368,DBI,40094,True,1.1736797391509532,1.8820963206631731,0.5692967,75,False,False,False,False,False,False,False,False
ENSG00000121570,ENSG00000121570,DPPA4,496,True,0.02367937128828078,1.7869147685169389,0.5623947,75,False,False,False,False,False,False,False,False
ENSG00000176208,ENSG00000176208,ATAD5,2121,True,0.0822806994956501,1.8126751068824811,0.55474144,75,False,False,False,False,False,False,False,False
ENSG00000127920,ENSG00000127920,GNG11,6687,True,0.25947296278790644,1.8121782738138632,0.54990464,75,False,False,False,False,False,False,False,False
ENSG00000188825,ENSG00000188825,LINC00910,3300,True,0.13102031432686292,1.8077522924403853,0.5453431,75,False,False,False,False,False,False,False,False
ENSG00000198440,ENSG00000198440,ZNF583,1127,True,0.045910382855929896,1.8097638363823245,0.5154517,75,False,False,False,False,False,False,False,False
ENSG00000065883,ENSG00000065883,CDK13,7464,True,0.2575585453011348,1.8003055412052724,0.5150757,75,False,False,False,False,False,False,False,False
ENSG00000108405,ENSG00000108405,P2RX1,2030,True,0.08039797482633972,1.8061516241686741,0.51365715,75,False,False,False,False,False,False,False,False
ENSG00000272764,ENSG00000272764,ENSG00000272764,789,True,0.034449232778222955,1.8093146498343524,0.50493807,75,False,False,False,False,False,False,False,False
ENSG00000103522,ENSG00000103522,IL21R,1382,True,0.05943198386761999,1.8063550616613044,0.5014059,75,False,False,False,False,False,False,False,False
ENSG00000134121,ENSG00000134121,CHL1,772,True,0.03325907404503685,1.7987877109730481,0.49476904,75,False,False,False,False,False,False,False,False
ENSG00000140259,ENSG00000140259,MFAP1,2689,True,0.10647699406858667,1.8010334884153243,0.4930539,75,False,False,False,False,False,False,False,False
ENSG00000123600,ENSG00000123600,METTL8,8573,True,0.32120094592616727,1.7998703028165637,0.48678854,75,False,False,False,False,False,False,False,False
ENSG00000247092,ENSG00000247092,SNHG10,2827,True,0.11990285574437888,1.8046627043800543,0.48413733,75,False,False,False,False,False,False,False,False
ENSG00000269821,ENSG00000269821,KCNQ1OT1,4918,True,0.18223228937834335,1.7977357765797413,0.47498178,75,False,False,False,False,False,False,False,False
ENSG00000006634,ENSG00000006634,DBF4,8199,True,0.2921102198087842,1.7949654015139223,0.47487673,75,False,False,False,False,False,False,False,False
ENSG00000100815,ENSG00000100815,TRIP11,6802,True,0.24691128422850214,1.7906439864026182,0.47175482,75,False,False,False,False,False,False,False,False
ENSG00000236859,ENSG00000236859,NIFK-AS1,2260,True,0.0911248223298271,1.7979223236229132,0.46920073,75,False,False,False,False,False,False,False,False
ENSG00000184898,ENSG00000184898,RBM43,2884,True,0.11278470328953948,1.7958240255508124,0.46780497,75,False,False,False,False,False,False,False,False
ENSG00000153283,ENSG00000153283,CD96,4354,True,0.16154736786851023,1.7958224961897693,0.45912242,75,False,False,False,False,False,False,False,False
ENSG00000236287,ENSG00000236287,ZBED5,8169,True,0.3044340846642553,1.7911237708576324,0.44450516,75,False,False,False,False,False,False,False,False
ENSG00000186017,ENSG00000186017,ZNF566,1854,True,0.07313044196843227,1.7940882599252748,0.43906674,75,False,False,False,False,False,False,False,False
ENSG00000180530,ENSG00000180530,NRIP1,4399,True,0.1654663945350599,1.7883339673181344,0.4390025,75,False,False,False,False,False,False,False,False
ENSG00000183921,ENSG00000183921,SDR42E2,3507,True,0.1548979097888156,1.7868323395274586,0.43773136,75,False,False,False,False,False,False,False,False
ENSG00000078487,ENSG00000078487,ZCWPW1,3680,True,0.14305058866960507,1.7880777422689553,0.43025532,75,False,False,False,False,False,False,False,False
ENSG00000133104,ENSG00000133104,SPART,3099,True,0.12151269017483508,1.7909384232272294,0.42791054,75,False,False,False,False,False,False,False,False
ENSG00000072858,ENSG00000072858,SIDT1,4725,True,0.17786767272891701,1.7848381467734997,0.4108681,75,False,False,False,False,False,False,False,False
ENSG00000232859,ENSG00000232859,LYRM9,4173,True,0.16252421465581088,1.7854910411119305,0.4088695,75,False,False,False,False,False,False,False,False
ENSG00000174607,ENSG00000174607,UGT8,1713,True,0.06897366138984246,1.78803692562934,0.40739217,75,False,False,False,False,False,False,False,False
ENSG00000137770,ENSG00000137770,CTDSPL2,5893,True,0.21460653485422165,1.7874389950736926,0.4067256,75,False,False,False,False,False,False,False,False
ENSG00000273344,ENSG00000273344,PAXIP1-DT,5288,True,0.19994735934705352,1.7830133049034307,0.40462112,75,False,False,False,False,False,False,False,False
ENSG00000250565,ENSG00000250565,ATP6V1E2,1983,True,0.0783365717828623,1.7808800730539156,0.40404347,75,False,False,False,False,False,False,False,False
ENSG00000170004,ENSG00000170004,CHD3,4459,True,0.16840015441584097,1.7810529207786816,0.3973771,75,False,False,False,False,False,False,False,False
ENSG00000011523,ENSG00000011523,CEP68,2800,True,0.1060066183391581,1.7823884471145484,0.39717266,75,False,False,False,False,False,False,False,False
ENSG00000107554,ENSG00000107554,DNMBP,1928,True,0.07793859828112579,1.7810670475991268,0.39068723,75,False,False,False,False,False,False,False,False
ENSG00000122484,ENSG00000122484,RPAP2,4749,True,0.17257723042224793,1.776980646925582,0.38534322,75,False,False,False,False,False,False,False,False
ENSG00000197782,ENSG00000197782,ZNF780A,2005,True,0.0823425938648938,1.7819586367350853,0.3835524,75,False,False,False,False,False,False,False,False
ENSG00000223547,ENSG00000223547,ZNF844,2945,True,0.11142957817687082,1.779023077079883,0.3816876,75,False,False,False,False,False,False,False,False
ENSG00000171657,ENSG00000171657,GPR82,2909,True,0.11409975775687746,1.7818536594826122,0.37894404,75,False,False,False,False,False,False,False,False
ENSG00000151773,ENSG00000151773,CCDC122,1427,True,0.05774742910439819,1.7677490162699163,0.37723175,75,False,False,False,False,False,False,False,False
ENSG00000110422,ENSG00000110422,HIPK3,4111,True,0.15048811100725207,1.779621748098011,0.3757609,75,False,False,False,False,False,False,False,False
ENSG00000130024,ENSG00000130024,PHF10,3519,True,0.13591279969004552,1.7773695297592873,0.37554032,75,False,False,False,False,False,False,False,False
ENSG00000215908,ENSG00000215908,CROCCP2,3746,True,0.14001813764445495,1.7742923857893993,0.37335005,75,False,False,False,False,False,False,False,False
ENSG00000162241,ENSG00000162241,SLC25A45,7447,True,0.2652947389095669,1.776365425958093,0.3733086,75,False,False,False,False,False,False,False,False
ENSG00000186687,ENSG00000186687,LYRM7,5389,True,0.1994442243851357,1.7753532538320158,0.37156877,75,False,False,False,False,False,False,False,False
ENSG00000231663,ENSG00000231663,COA6-AS1,3540,True,0.14683286715359983,1.7775044648445204,0.37006074,75,False,False,False,False,False,False,False,False
ENSG00000107362,ENSG00000107362,ABHD17B,3631,True,0.13715187448696955,1.7769509911729633,0.36901575,75,False,False,False,False,False,False,False,False
ENSG00000120709,ENSG00000120709,FAM53C,5268,True,0.1993735809192274,1.7727830609841542,0.3628736,75,False,False,False,False,False,False,False,False
ENSG00000152457,ENSG00000152457,DCLRE1C,6123,True,0.22264552753571884,1.7785520490421796,0.3627173,75,False,False,False,False,False,False,False,False
ENSG00000101574,ENSG00000101574,METTL4,3442,True,0.1298320731926278,1.7740787750251998,0.3607996,75,False,False,False,False,False,False,False,False
ENSG00000271858,ENSG00000271858,ENSG00000271858,1927,True,0.07750317671832486,1.7759345078586306,0.36001727,75,False,False,False,False,False,False,False,False
ENSG00000164406,ENSG00000164406,LEAP2,1919,True,0.07596995691108326,1.7720444305929204,0.3576228,75,False,False,False,False,False,False,False,False
ENSG00000159216,ENSG00000159216,RUNX1,3426,True,0.13219402264581212,1.7739800116164384,0.35736617,75,False,False,False,False,False,False,False,False
ENSG00000166046,ENSG00000166046,TCP11L2,4315,True,0.15872113111534084,1.7696063227356362,0.35383624,75,False,False,False,False,False,False,False,False
ENSG00000213462,ENSG00000213462,ERV3-1,7657,True,0.2783563528083994,1.7762383058326363,0.35002303,75,False,False,False,False,False,False,False,False
ENSG00000253352,ENSG00000253352,TUG1,4453,True,0.16800658887620687,1.7727204677104593,0.34949425,75,False,False,False,False,False,False,False,False
ENSG00000147854,ENSG00000147854,UHRF2,5620,True,0.205481435202575,1.7730534153713648,0.34735686,75,False,False,False,False,False,False,False,False
ENSG00000204569,ENSG00000204569,PPP1R10,8630,True,0.30255802553021915,1.77670838810906,0.34516603,75,False,False,False,False,False,False,False,False
ENSG00000121879,ENSG00000121879,PIK3CA,4838,True,0.1807494574243467,1.7699766656701024,0.3431341,75,False,False,False,False,False,False,False,False
ENSG00000121749,ENSG00000121749,TBC1D15,5733,True,0.21131152256140406,1.7711729882711487,0.34255496,75,False,False,False,False,False,False,False,False
ENSG00000198146,ENSG00000198146,ZNF770,7390,True,0.26593265833321467,1.7761961493290686,0.34169242,75,False,False,False,False,False,False,False,False
ENSG00000071575,ENSG00000071575,TRIB2,3830,True,0.1426944427879468,1.7687624116353833,0.33928153,75,False,False,False,False,False,False,False,False
ENSG00000104343,ENSG00000104343,UBE2W,6426,True,0.24369128737365484,1.7690836975842537,0.32890907,75,False,False,False,False,False,False,False,False
ENSG00000221821,ENSG00000221821,C6orf226,5770,True,0.22156224677708328,1.7663434940908467,0.32113248,75,False,False,False,False,False,False,False,False
ENSG00000092140,ENSG00000092140,G2E3,4459,True,0.1656427166267391,1.7627467830748922,0.32108593,75,False,False,False,False,False,False,False,False
ENSG00000147421,ENSG00000147421,HMBOX1,6024,True,0.21840431990488057,1.7670105030901793,0.31525922,75,False,False,False,False,False,False,False,False
ENSG00000163788,ENSG00000163788,SNRK,4956,True,0.18117755830374105,1.7605186288213062,0.30750886,75,False,False,False,False,False,False,False,False
ENSG00000110880,ENSG00000110880,CORO1C,5126,True,0.1888383775183736,1.7593627938929033,0.29856336,75,False,False,False,False,False,False,False,False
ENSG00000157514,ENSG00000157514,TSC22D3,101488,True,2.7305774696872214,2.3798356891914967,0.9142436,74,False,False,False,False,False,False,False,False
ENSG00000120129,ENSG00000120129,DUSP1,89767,True,2.444250290396315,2.3404416718982803,0.8962689,74,False,False,False,False,False,False,False,False
ENSG00000179820,ENSG00000179820,MYADM,8770,True,0.32892104617416834,1.8394913171549463,0.8436354,74,False,False,False,False,False,False,False,False
ENSG00000171681,ENSG00000171681,ATF7IP,18180,True,0.5841499494814177,1.8453462377989096,0.7730438,74,False,False,False,False,False,False,False,False
ENSG00000115415,ENSG00000115415,STAT1,10809,True,0.38853961932217546,1.8236942794811215,0.752571,74,False,False,False,False,False,False,False,True
ENSG00000128228,ENSG00000128228,SDF2L1,6642,True,0.25676570753258665,1.8485297141091932,0.73929363,74,False,False,False,False,False,False,False,False
ENSG00000196154,ENSG00000196154,S100A4,64129,True,1.7425350793673127,2.0590851274935726,0.73710895,74,False,False,False,False,False,False,False,False
ENSG00000196549,ENSG00000196549,MME,823,True,0.033546091992520684,1.8106195327301753,0.649675,74,False,False,False,False,False,False,False,False
ENSG00000268027,ENSG00000268027,ENSG00000268027,8841,True,0.34008908501143603,1.8186515716278935,0.6325233,74,False,False,False,False,False,False,False,False
ENSG00000185404,ENSG00000185404,SP140L,16178,True,0.5433333932738996,1.8142425317959814,0.5845856,74,False,False,False,False,False,False,False,False
ENSG00000188042,ENSG00000188042,ARL4C,7857,True,0.275732711527414,1.7908753850505597,0.53194624,74,False,False,False,False,False,False,False,False
ENSG00000152558,ENSG00000152558,TMEM123,30993,True,0.9384484005945306,1.8573856449650663,0.5237893,74,False,False,False,False,False,False,False,False
ENSG00000077044,ENSG00000077044,DGKD,9795,True,0.3425458440454524,1.8028714544896416,0.49353728,74,False,False,False,False,False,False,False,False
ENSG00000109929,ENSG00000109929,SC5D,3578,True,0.13968713086697207,1.8027221137762994,0.4852039,74,False,False,False,False,False,False,False,False
ENSG00000047634,ENSG00000047634,SCML1,1404,True,0.05885740947706495,1.7718220522056713,0.48039117,74,False,False,False,False,False,False,False,False
ENSG00000197705,ENSG00000197705,KLHL14,2532,True,0.09519137948150332,1.7965829506091493,0.47375286,74,False,False,False,False,False,False,False,False
ENSG00000145287,ENSG00000145287,PLAC8,60240,True,1.6209920019028878,1.9395207208523357,0.46819004,74,False,False,False,False,False,False,False,False
ENSG00000172086,ENSG00000172086,KRCC1,8639,True,0.3194633439338095,1.7943076332892056,0.43773085,74,False,False,False,False,False,False,False,False
ENSG00000125731,ENSG00000125731,SH2D3A,3358,True,0.12626108074829306,1.7862794204373451,0.4326857,74,False,False,False,False,False,False,False,False
ENSG00000261064,ENSG00000261064,LINC02256,2505,True,0.10224876334345466,1.7934863288730525,0.43230367,74,False,False,False,False,False,False,False,False
ENSG00000160602,ENSG00000160602,NEK8,4845,True,0.18223565172078768,1.7933937458186477,0.4269743,74,False,False,False,False,False,False,False,False
ENSG00000132510,ENSG00000132510,KDM6B,6248,True,0.23814397304671892,1.7882491289950877,0.42402926,74,False,False,False,False,False,False,False,False
ENSG00000075407,ENSG00000075407,ZNF37A,4557,True,0.1689537613005193,1.7865247403490356,0.41810223,74,False,False,False,False,False,False,False,False
ENSG00000196511,ENSG00000196511,TPK1,3087,True,0.12282906959712808,1.786523792774566,0.41502604,74,False,False,False,False,False,False,False,False
ENSG00000178567,ENSG00000178567,EPM2AIP1,7961,True,0.28392769311013333,1.7850188861709648,0.4125507,74,False,False,False,False,False,False,False,False
ENSG00000175787,ENSG00000175787,ZNF169,2170,True,0.09056541910145971,1.7843363160015977,0.4040348,74,False,False,False,False,False,False,False,False
ENSG00000198945,ENSG00000198945,L3MBTL3,5475,True,0.20820785878731377,1.780623069391384,0.40053847,74,False,False,False,False,False,False,False,False
ENSG00000151748,ENSG00000151748,SAV1,4668,True,0.1770470858036863,1.7852168251916103,0.40010908,74,False,False,False,False,False,False,False,False
ENSG00000113971,ENSG00000113971,NPHP3,2441,True,0.09358988884102158,1.782313708051535,0.39896104,74,False,False,False,False,False,False,False,False
ENSG00000253982,ENSG00000253982,CLN8-AS1,2886,True,0.11504585601504247,1.783040010419118,0.39835116,74,False,False,False,False,False,False,False,False
ENSG00000146409,ENSG00000146409,SLC18B1,2650,True,0.10984232705889897,1.7840807350079695,0.39666274,74,False,False,False,False,False,False,False,False
ENSG00000186153,ENSG00000186153,WWOX,1858,True,0.0728152296084843,1.7798431081293644,0.39430675,74,False,False,False,False,False,False,False,False
ENSG00000154265,ENSG00000154265,ABCA5,1799,True,0.06981227605035911,1.7804815518233355,0.39422494,74,False,False,False,False,False,False,False,False
ENSG00000196911,ENSG00000196911,KPNA5,5048,True,0.193452761860635,1.7831817845087221,0.39046958,74,False,False,False,False,False,False,False,False
ENSG00000108423,ENSG00000108423,TUBD1,1823,True,0.07247689410149377,1.7856461021934036,0.3902998,74,False,False,False,False,False,False,False,False
ENSG00000178105,ENSG00000178105,DDX10,4860,True,0.1790764831870004,1.7778032241922441,0.38837543,74,False,False,False,False,False,False,False,False
ENSG00000196214,ENSG00000196214,ZNF766,5006,True,0.1863303215543606,1.7779492891601507,0.38816404,74,False,False,False,False,False,False,False,False
ENSG00000102524,ENSG00000102524,TNFSF13B,2633,True,0.10773613022356696,1.783886602812364,0.3869838,74,False,False,False,False,False,False,False,False
ENSG00000135164,ENSG00000135164,DMTF1,7380,True,0.26313607274580897,1.7808626114193586,0.38631395,74,False,False,False,False,False,False,False,False
ENSG00000167842,ENSG00000167842,MIS12,3054,True,0.11608559800085888,1.7826467375971164,0.3860293,74,False,False,False,False,False,False,False,False
ENSG00000170542,ENSG00000170542,SERPINB9,5548,True,0.21278797211573022,1.7779852636803022,0.3827511,74,False,False,False,False,False,False,False,False
ENSG00000175155,ENSG00000175155,YPEL2,4281,True,0.1582003856175776,1.7788593056739155,0.37810317,74,False,False,False,False,False,False,False,False
ENSG00000180488,ENSG00000180488,MIGA1,3371,True,0.12807458492705284,1.7791213307434328,0.37205335,74,False,False,False,False,False,False,False,False
ENSG00000049239,ENSG00000049239,H6PD,1436,True,0.05590307839508584,1.7755721057000826,0.37099648,74,False,False,False,False,False,False,False,False
ENSG00000155366,ENSG00000155366,RHOC,6411,True,0.23425001485086422,1.7729417080027283,0.36981806,74,False,False,False,False,False,False,False,False
ENSG00000256092,ENSG00000256092,SBNO1-AS1,2818,True,0.11182137226693506,1.7715014951663335,0.3687304,74,False,False,False,False,False,False,False,False
ENSG00000108651,ENSG00000108651,UTP6,5453,True,0.2029016653758382,1.7746062048572968,0.3645756,74,False,False,False,False,False,False,False,False
ENSG00000127804,ENSG00000127804,METTL16,4451,True,0.16139738611419374,1.7732985018607486,0.3570749,74,False,False,False,False,False,False,False,False
ENSG00000179583,ENSG00000179583,CIITA,6207,True,0.22707313474625793,1.780709851671792,0.35690036,74,False,False,False,False,False,False,False,False
ENSG00000143748,ENSG00000143748,NVL,3536,True,0.1377246952921858,1.7705044664096257,0.35381377,74,False,False,False,False,False,False,False,False
ENSG00000174206,ENSG00000174206,KICS2,1752,True,0.07178917260445525,1.7733407692429963,0.35376346,74,False,False,False,False,False,False,False,False
ENSG00000104549,ENSG00000104549,SQLE,4722,True,0.17839550596662332,1.7726260472112179,0.3524781,74,False,False,False,False,False,False,False,False
ENSG00000142192,ENSG00000142192,APP,5621,True,0.20870598854690153,1.7732438287209398,0.3494055,74,False,False,False,False,False,False,False,False
ENSG00000175727,ENSG00000175727,MLXIP,5153,True,0.1886321276214634,1.7713188277419578,0.34573525,74,False,False,False,False,False,False,False,False
ENSG00000152904,ENSG00000152904,GGPS1,7346,True,0.2669161036496426,1.7783228803985358,0.3432297,74,False,False,False,False,False,False,False,False
ENSG00000149308,ENSG00000149308,NPAT,5519,True,0.20046767219150138,1.7702878043112191,0.34055546,74,False,False,False,False,False,False,False,False
ENSG00000152778,ENSG00000152778,IFIT5,4470,True,0.17284278764427438,1.76988036827441,0.33287966,74,False,False,False,False,False,False,False,True
ENSG00000163602,ENSG00000163602,RYBP,3321,True,0.12790940227750283,1.7670017323689,0.32809892,74,False,False,False,False,False,False,False,False
ENSG00000177721,ENSG00000177721,ANXA2R,7196,True,0.2680789248233184,1.7658627337304402,0.3227842,74,False,False,False,False,False,False,False,False
ENSG00000140577,ENSG00000140577,CRTC3,6336,True,0.23184671599368045,1.767275758437305,0.3175756,74,False,False,False,False,False,False,False,False
ENSG00000138081,ENSG00000138081,FBXO11,5795,True,0.21084633570552194,1.760371736653784,0.29871222,74,False,False,False,False,False,False,False,False
ENSG00000164219,ENSG00000164219,PGGT1B,3272,True,0.12653357937628076,1.7602185884949504,0.2943477,74,False,False,False,False,False,False,False,False
ENSG00000020426,ENSG00000020426,MNAT1,6555,True,0.24063716950164468,1.7597535408928295,0.29062563,74,False,False,False,False,False,False,False,False
ENSG00000025800,ENSG00000025800,KPNA6,5402,True,0.19821684925825697,1.756608655665264,0.28324005,74,False,False,False,False,False,False,False,False
ENSG00000112282,ENSG00000112282,MED23,5500,True,0.19700928957530772,1.7584653681708673,0.26756397,74,False,False,False,False,False,False,False,False
ENSG00000185885,ENSG00000185885,IFITM1,13285,True,0.4880308746935531,1.8658474454853382,0.96202207,73,False,False,False,False,False,False,False,True
ENSG00000153234,ENSG00000153234,NR4A2,15239,True,0.5419037540598004,1.8756264196966106,0.9385139,73,False,False,False,False,False,False,False,False
ENSG00000151320,ENSG00000151320,AKAP6,505,True,0.022746817755788563,1.81902921120881,0.7980567,73,False,False,False,False,False,False,False,False
ENSG00000059804,ENSG00000059804,SLC2A3,19151,True,0.6405145353474467,1.8506986826293532,0.7783636,73,False,False,False,False,False,False,False,False
ENSG00000205413,ENSG00000205413,SAMD9,16413,True,0.550592127483624,1.8321606439204432,0.71033764,73,False,False,False,False,False,False,False,False
ENSG00000181788,ENSG00000181788,SIAH2,9805,True,0.3682246915470335,1.8177300954434374,0.6833413,73,False,False,False,False,False,False,False,False
ENSG00000128016,ENSG00000128016,ZFP36,45696,True,1.3109226612081213,1.965093817431262,0.6615793,73,False,False,False,False,False,False,False,False
ENSG00000179218,ENSG00000179218,CALR,25460,True,0.7736754037022571,1.851068739756247,0.5734147,73,False,False,False,False,False,False,False,False
ENSG00000139618,ENSG00000139618,BRCA2,2248,True,0.08646598013739723,1.814167676757964,0.5241338,73,False,False,False,False,False,False,False,False
ENSG00000096060,ENSG00000096060,FKBP5,4781,True,0.17301674117814977,1.798802336369185,0.51994485,73,False,False,False,False,False,False,False,False
ENSG00000234572,ENSG00000234572,LINC01800,1417,True,0.06343114512375327,1.8073008283811027,0.5023322,73,False,False,False,False,False,False,False,False
ENSG00000164442,ENSG00000164442,CITED2,7579,True,0.2746266332497231,1.79635316437226,0.50125295,73,False,False,False,False,False,False,False,False
ENSG00000268362,ENSG00000268362,ENSG00000268362,1478,True,0.060480297984522924,1.8018003111571337,0.48128206,73,False,False,False,False,False,False,False,False
ENSG00000166704,ENSG00000166704,ZNF606,1320,True,0.05461035753466241,1.7396844835484067,0.47619653,73,False,False,False,False,False,False,False,False
ENSG00000256690,ENSG00000256690,STX5-DT,1820,True,0.08216077343167079,1.796788453000458,0.46581683,73,False,False,False,False,False,False,False,False
ENSG00000203668,ENSG00000203668,CHML,2929,True,0.11324804852160825,1.7967046994408624,0.4648404,73,False,False,False,False,False,False,False,False
ENSG00000130340,ENSG00000130340,SNX9,7095,True,0.25081812421792854,1.7852808907918436,0.4577989,73,False,False,False,False,False,False,False,False
ENSG00000234028,ENSG00000234028,EIF2AK3-DT,1226,True,0.050532803679393785,1.7924069576953423,0.44148234,73,False,False,False,False,False,False,False,False
ENSG00000145365,ENSG00000145365,TIFA,7771,True,0.27732982552426405,1.7805945259089313,0.43936256,73,False,False,False,False,False,False,False,False
ENSG00000246263,ENSG00000246263,UBR5-DT,1922,True,0.07541213993608332,1.7940425173040504,0.43834892,73,False,False,False,False,False,False,False,False
ENSG00000091879,ENSG00000091879,ANGPT2,2009,True,0.0779270261573658,1.7880336809995017,0.43598607,73,False,False,False,False,False,False,False,False
ENSG00000272447,ENSG00000272447,ENSG00000272447,1934,True,0.08088936032748623,1.7912037579648894,0.43529302,73,False,False,False,False,False,False,False,False
ENSG00000198887,ENSG00000198887,SMC5,8864,True,0.31164551120841644,1.7884013502296683,0.43070593,73,False,False,False,False,False,False,False,False
ENSG00000198498,ENSG00000198498,TMA16,6591,True,0.24282239132581251,1.7868421345075163,0.42430133,73,False,False,False,False,False,False,False,False
ENSG00000119820,ENSG00000119820,YIPF4,9956,True,0.341024202477875,1.7862021269744046,0.41732055,73,False,False,False,False,False,False,False,False
ENSG00000073803,ENSG00000073803,MAP3K13,6123,True,0.2345202947718286,1.785233848096995,0.41098684,73,False,False,False,False,False,False,False,False
ENSG00000196507,ENSG00000196507,TCEAL3,2914,True,0.11747036341918783,1.785402900566054,0.40760162,73,False,False,False,False,False,False,False,False
ENSG00000132153,ENSG00000132153,DHX30,4773,True,0.1786910696889432,1.7787940633976866,0.39337006,73,False,False,False,False,False,False,False,False
ENSG00000186260,ENSG00000186260,MRTFB,1622,True,0.06495049285785982,1.7856763673431428,0.3920577,73,False,False,False,False,False,False,False,False
ENSG00000237441,ENSG00000237441,RGL2,3840,True,0.1498597919578928,1.7815556631540361,0.38523287,73,False,False,False,False,False,False,False,False
ENSG00000198718,ENSG00000198718,TOGARAM1,4024,True,0.1487322500622158,1.7787088831540132,0.38322642,73,False,False,False,False,False,False,False,False
ENSG00000169570,ENSG00000169570,DTWD2,1222,True,0.046370410456276816,1.7491437881627763,0.38188162,73,False,False,False,False,False,False,False,False
ENSG00000165312,ENSG00000165312,OTUD1,4146,True,0.16689573473605654,1.7766925187889375,0.3761243,73,False,False,False,False,False,False,False,False
ENSG00000138593,ENSG00000138593,SECISBP2L,7821,True,0.27803922643621326,1.7862989567503718,0.37595522,73,False,False,False,False,False,False,False,False
ENSG00000005175,ENSG00000005175,RPAP3,7684,True,0.2823235445761018,1.777590704137721,0.37077782,73,False,False,False,False,False,False,False,False
ENSG00000248309,ENSG00000248309,MEF2C-AS1,2097,True,0.08523560770176074,1.7777613569494903,0.3691935,73,False,False,False,False,False,False,False,False
ENSG00000237484,ENSG00000237484,LINC01684,1050,True,0.044267440566433065,1.774229204768927,0.3645989,73,False,False,False,False,False,False,False,False
ENSG00000156650,ENSG00000156650,KAT6B,6852,True,0.24382869104748012,1.7803497894371203,0.36177155,73,False,False,False,False,False,False,False,False
ENSG00000253948,ENSG00000253948,VPS13B-DT,2602,True,0.1082872223128239,1.7757003769904307,0.36072847,73,False,False,False,False,False,False,False,False
ENSG00000131089,ENSG00000131089,ARHGEF9,2401,True,0.09415655859782451,1.7743143726801665,0.3587384,73,False,False,False,False,False,False,False,False
ENSG00000143971,ENSG00000143971,ETAA1,1710,True,0.06669526095723721,1.7687250237446077,0.35831788,73,False,False,False,False,False,False,False,False
ENSG00000248092,ENSG00000248092,NNT-AS1,2430,True,0.09345365513110088,1.7746110993461672,0.35761127,73,False,False,False,False,False,False,False,False
ENSG00000186854,ENSG00000186854,TRABD2A,2064,True,0.07882273840874013,1.7719214870499866,0.35664165,73,False,False,False,False,False,False,False,False
ENSG00000186812,ENSG00000186812,ZNF397,2901,True,0.11320589855964859,1.7737318732704976,0.35412216,73,False,False,False,False,False,False,False,False
ENSG00000139636,ENSG00000139636,LMBR1L,4737,True,0.17544155714402418,1.772513226372488,0.34990713,73,False,False,False,False,False,False,False,False
ENSG00000166801,ENSG00000166801,FAM111A,6495,True,0.22814779268977664,1.7723993250562986,0.3481503,73,False,False,False,False,False,False,False,False
ENSG00000081665,ENSG00000081665,ZNF506,4925,True,0.1823519458353232,1.7716957300088354,0.34655896,73,False,False,False,False,False,False,False,False
ENSG00000133111,ENSG00000133111,RFXAP,2365,True,0.09413873252645978,1.7705533416790884,0.34481767,73,False,False,False,False,False,False,False,False
ENSG00000172766,ENSG00000172766,NAA16,3325,True,0.126367436474708,1.7699757237349887,0.34475228,73,False,False,False,False,False,False,False,False
ENSG00000254682,ENSG00000254682,DHCR7-DT,4768,True,0.18161855021464787,1.7698106797878663,0.34357327,73,False,False,False,False,False,False,False,False
ENSG00000173818,ENSG00000173818,ENDOV,3802,True,0.14511902826933254,1.7704712947859087,0.3409373,73,False,False,False,False,False,False,False,False
ENSG00000163513,ENSG00000163513,TGFBR2,7807,True,0.2774441970184823,1.7752658444950251,0.3391828,73,False,False,False,False,False,False,False,False
ENSG00000125633,ENSG00000125633,CCDC93,3455,True,0.12874702140704686,1.7669100252768983,0.33734497,73,False,False,False,False,False,False,False,False
ENSG00000104442,ENSG00000104442,ARMC1,4617,True,0.16905213583936596,1.7673499138623951,0.33499035,73,False,False,False,False,False,False,False,False
ENSG00000135870,ENSG00000135870,RC3H1,5867,True,0.2212144242816874,1.7673989555887986,0.33456552,73,False,False,False,False,False,False,False,False
ENSG00000136451,ENSG00000136451,VEZF1,4041,True,0.15123336535412435,1.7689409381261272,0.33336192,73,False,False,False,False,False,False,False,False
ENSG00000188419,ENSG00000188419,CHM,4218,True,0.16067962070718242,1.7669837732507063,0.3302555,73,False,False,False,False,False,False,False,False
ENSG00000114302,ENSG00000114302,PRKAR2A,4165,True,0.15384141727262415,1.7675249577048824,0.32979766,73,False,False,False,False,False,False,False,False
ENSG00000010072,ENSG00000010072,SPRTN,4288,True,0.15958979542200563,1.766927571518459,0.32932967,73,False,False,False,False,False,False,False,False
ENSG00000155111,ENSG00000155111,CDK19,3336,True,0.12891251467399703,1.766270259877909,0.32828778,73,False,False,False,False,False,False,False,False
ENSG00000067248,ENSG00000067248,DHX29,6739,True,0.24578290897070387,1.7682792929869109,0.32649916,73,False,False,False,False,False,False,False,False
ENSG00000129292,ENSG00000129292,PHF20L1,8181,True,0.2923722035071336,1.7744278060921503,0.32559872,73,False,False,False,False,False,False,False,False
ENSG00000121897,ENSG00000121897,LIAS,2951,True,0.11070300322804762,1.768978039865072,0.32047445,73,False,False,False,False,False,False,False,False
ENSG00000186908,ENSG00000186908,ZDHHC17,3236,True,0.12249762213093619,1.7649721258411488,0.31849515,73,False,False,False,False,False,False,False,False
ENSG00000171310,ENSG00000171310,CHST11,3781,True,0.1451644347295343,1.7636392988056755,0.3155647,73,False,False,False,False,False,False,False,False
ENSG00000110066,ENSG00000110066,KMT5B,4717,True,0.1711841313122239,1.7624206557694662,0.31020382,73,False,False,False,False,False,False,False,False
ENSG00000204348,ENSG00000204348,DXO,2876,True,0.11167629881085994,1.7616259558140854,0.3061459,73,False,False,False,False,False,False,False,False
ENSG00000177042,ENSG00000177042,TMEM80,4979,True,0.1850759603477724,1.7615152666154066,0.3020064,73,False,False,False,False,False,False,False,False
ENSG00000132478,ENSG00000132478,UNK,3911,True,0.14946570392091224,1.7589746310470333,0.29448563,73,False,False,False,False,False,False,False,False
ENSG00000182162,ENSG00000182162,P2RY8,7518,True,0.26515486253337106,1.7678945811504414,0.28983724,73,False,False,False,False,False,False,False,False
ENSG00000182473,ENSG00000182473,EXOC7,6257,True,0.2230645349467496,1.7548690930764907,0.28819752,73,False,False,False,False,False,False,False,False
ENSG00000108799,ENSG00000108799,EZH1,5018,True,0.18141291970074913,1.7557319513020582,0.28537875,73,False,False,False,False,False,False,False,False
ENSG00000145022,ENSG00000145022,TCTA,4064,True,0.14952033385735305,1.7545610846681703,0.28117144,73,False,False,False,False,False,False,False,False
ENSG00000180879,ENSG00000180879,SSR4,48904,True,1.338400859952013,2.050059319759193,1.3897568,72,False,False,False,False,False,False,False,False
ENSG00000044574,ENSG00000044574,HSPA5,18091,True,0.6072442215063766,1.8962215533186937,1.1934531,72,False,False,False,False,False,False,False,False
ENSG00000196126,ENSG00000196126,HLA-DRB1,109482,True,2.9839180080938124,2.323699597291633,0.7706731,72,False,False,False,False,False,False,False,False
ENSG00000204001,ENSG00000204001,LCN8,1624,True,0.07243489989333297,1.7968057643715012,0.6618358,72,False,False,False,False,False,False,False,False
ENSG00000271856,ENSG00000271856,LINC01215,15044,True,0.5357588231800272,1.820435689905448,0.65675724,72,False,False,False,False,False,False,False,False
ENSG00000163687,ENSG00000163687,DNASE1L3,1693,True,0.07539344692287325,1.83670963452144,0.6272335,72,False,False,False,False,False,False,False,False
ENSG00000235750,ENSG00000235750,KIAA0040,12218,True,0.4373831114287203,1.811723873313386,0.59172773,72,False,False,False,False,False,False,False,False
ENSG00000198168,ENSG00000198168,SVIP,20262,True,0.6836782800443987,1.8262815305909121,0.5851714,72,False,False,False,False,False,False,False,False
ENSG00000138814,ENSG00000138814,PPP3CA,21102,True,0.6956426065376239,1.8267685320617195,0.57124823,72,False,False,False,False,False,False,False,False
ENSG00000157734,ENSG00000157734,SNX22,11891,True,0.4178251537967107,1.8070978003492484,0.5442776,72,False,False,False,False,False,False,False,False
ENSG00000032219,ENSG00000032219,ARID4A,13187,True,0.45184938770755423,1.8001586963363392,0.51838946,72,False,False,False,False,False,False,False,False
ENSG00000048052,ENSG00000048052,HDAC9,8848,True,0.32695738052926926,1.802016341335912,0.5144803,72,False,False,False,False,False,False,False,False
ENSG00000007944,ENSG00000007944,MYLIP,12597,True,0.4294681474026708,1.805069036900833,0.50681525,72,False,False,False,False,False,False,False,False
ENSG00000147180,ENSG00000147180,ZNF711,1512,True,0.0652553650298804,1.8022240215047205,0.4901646,72,False,False,False,False,False,False,False,False
ENSG00000237976,ENSG00000237976,RFX5-AS1,2051,True,0.08599099964437251,1.80036881736534,0.48559013,72,False,False,False,False,False,False,False,False
ENSG00000185650,ENSG00000185650,ZFP36L1,36760,True,1.0819579769343204,1.8631139418028484,0.47786218,72,False,False,False,False,False,False,False,False
ENSG00000135365,ENSG00000135365,PHF21A,4594,True,0.1739632843047734,1.7983788880941793,0.46821424,72,False,False,False,False,False,False,False,False
ENSG00000174500,ENSG00000174500,GCSAM,2691,True,0.10518058617191524,1.7951475591725157,0.4620452,72,False,False,False,False,False,False,False,False
ENSG00000069966,ENSG00000069966,GNB5,7678,True,0.2770634610021585,1.7882696709450272,0.45292842,72,False,False,False,False,False,False,False,False
ENSG00000128641,ENSG00000128641,MYO1B,871,True,0.03631544813377918,1.7354803148715887,0.44755763,72,False,False,False,False,False,False,False,False
ENSG00000103647,ENSG00000103647,CORO2B,665,True,0.03076046409986549,1.797356524571237,0.446496,72,False,False,False,False,False,False,False,False
ENSG00000137441,ENSG00000137441,FGFBP2,2849,True,0.10926912455728287,1.79760708155451,0.44530597,72,False,False,False,False,False,False,False,False
ENSG00000173230,ENSG00000173230,GOLGB1,9459,True,0.3205523815139038,1.7893242747429285,0.4426295,72,False,False,False,False,False,False,False,False
ENSG00000080608,ENSG00000080608,PUM3,7673,True,0.27817145442799046,1.7895145116224258,0.44123352,72,False,False,False,False,False,False,False,False
ENSG00000186104,ENSG00000186104,CYP2R1,1714,True,0.06652749180297311,1.792295738803778,0.4357417,72,False,False,False,False,False,False,False,False
ENSG00000129990,ENSG00000129990,SYT5,1620,True,0.06780380385641503,1.7912049836832127,0.43487856,72,False,False,False,False,False,False,False,False
ENSG00000187824,ENSG00000187824,TMEM220,932,True,0.03934670555896508,1.7911888893913248,0.43205753,72,False,False,False,False,False,False,False,False
ENSG00000111860,ENSG00000111860,CEP85L,5397,True,0.19838992241217912,1.7906905999364213,0.43151572,72,False,False,False,False,False,False,False,False
ENSG00000122707,ENSG00000122707,RECK,1905,True,0.08021901625382806,1.7917665945549635,0.4270879,72,False,False,False,False,False,False,False,False
ENSG00000152894,ENSG00000152894,PTPRK,2749,True,0.11483437217985576,1.790327161231177,0.42685854,72,False,False,False,False,False,False,False,False
ENSG00000116044,ENSG00000116044,NFE2L2,8495,True,0.31268711438848024,1.7867514371762496,0.41409883,72,False,False,False,False,False,False,False,False
ENSG00000247240,ENSG00000247240,UBL7-DT,2808,True,0.10735392937956435,1.7859466104672743,0.40583804,72,False,False,False,False,False,False,False,False
ENSG00000198919,ENSG00000198919,DZIP3,4993,True,0.18983396419061319,1.7832975143285348,0.4019219,72,False,False,False,False,False,False,False,False
ENSG00000228801,ENSG00000228801,PCMTD1-DT,2633,True,0.10337655852827989,1.7837315354933445,0.3972239,72,False,False,False,False,False,False,False,False
ENSG00000140968,ENSG00000140968,IRF8,33451,True,0.9991577719447935,1.8492999044362461,0.39479628,72,False,False,False,False,False,False,False,False
ENSG00000231856,ENSG00000231856,ENSG00000231856,1787,True,0.07626160255974562,1.7815884232122159,0.39370924,72,False,False,False,False,False,False,False,False
ENSG00000118515,ENSG00000118515,SGK1,3077,True,0.11673297016718086,1.781275709019939,0.39243177,72,False,False,False,False,False,False,False,False
ENSG00000101849,ENSG00000101849,TBL1X,2026,True,0.0786064912812994,1.7826372458376958,0.3923084,72,False,False,False,False,False,False,False,False
ENSG00000163214,ENSG00000163214,DHX57,2834,True,0.1080123805029203,1.7797142405180617,0.38923636,72,False,False,False,False,False,False,False,False
ENSG00000056050,ENSG00000056050,HPF1,4291,True,0.16542288356319565,1.7764436800056183,0.37925243,72,False,False,False,False,False,False,False,False
ENSG00000152193,ENSG00000152193,OBI1,2993,True,0.1168963516870798,1.7795533647627204,0.37757906,72,False,False,False,False,False,False,False,False
ENSG00000178996,ENSG00000178996,SNX18,2260,True,0.08393700255714664,1.7813521022050418,0.37726787,72,False,False,False,False,False,False,False,False
ENSG00000204252,ENSG00000204252,HLA-DOA,8199,True,0.29259224947672186,1.7861259896675852,0.3748134,72,False,False,False,False,False,False,False,False
ENSG00000104064,ENSG00000104064,GABPB1,4092,True,0.1522737010661462,1.77599290019985,0.37351394,72,False,False,False,False,False,False,False,False
ENSG00000196267,ENSG00000196267,ZNF836,3669,True,0.14924279297590926,1.7749464168979154,0.37122896,72,False,False,False,False,False,False,False,False
ENSG00000120008,ENSG00000120008,WDR11,7798,True,0.2766692486051514,1.78083434645932,0.36964127,72,False,False,False,False,False,False,False,False
ENSG00000166313,ENSG00000166313,APBB1,1230,True,0.04865203642620894,1.7766752407397404,0.36924663,72,False,False,False,False,False,False,False,False
ENSG00000173611,ENSG00000173611,SCAI,2631,True,0.09854819464561565,1.7777056036673862,0.3683118,72,False,False,False,False,False,False,False,False
ENSG00000166927,ENSG00000166927,MS4A7,5234,True,0.20253522285915207,1.7728363221338634,0.3650695,72,False,False,False,False,False,False,False,False
ENSG00000100027,ENSG00000100027,YPEL1,3200,True,0.12277262841462021,1.7725460906553119,0.36423737,72,False,False,False,False,False,False,False,False
ENSG00000100099,ENSG00000100099,HPS4,8568,True,0.3142564247052373,1.780053310947177,0.36392313,72,False,False,False,False,False,False,False,False
ENSG00000215039,ENSG00000215039,CD27-AS1,3190,True,0.12506446717655373,1.7770774634935853,0.36146924,72,False,False,False,False,False,False,False,False
ENSG00000183624,ENSG00000183624,HMCES,3343,True,0.1282146818461885,1.7739716153778682,0.36001477,72,False,False,False,False,False,False,False,False
ENSG00000205670,ENSG00000205670,SMIM11,7626,True,0.28028902136807704,1.7736926245455364,0.35861477,72,False,False,False,False,False,False,False,False
ENSG00000172292,ENSG00000172292,CERS6,2152,True,0.08825739071493996,1.7728652384405843,0.35595542,72,False,False,False,False,False,False,False,False
ENSG00000104957,ENSG00000104957,YJU2B,4535,True,0.1673130966873098,1.7701377572030517,0.35310048,72,False,False,False,False,False,False,False,False
ENSG00000116984,ENSG00000116984,MTR,3599,True,0.13090223154674538,1.7704435300695274,0.3527053,72,False,False,False,False,False,False,False,False
ENSG00000162227,ENSG00000162227,TAF6L,2902,True,0.11413811813085525,1.772309979986426,0.3517716,72,False,False,False,False,False,False,False,False
ENSG00000124225,ENSG00000124225,PMEPA1,1675,True,0.06818699948130323,1.7692312157676637,0.35146126,72,False,False,False,False,False,False,False,False
ENSG00000173041,ENSG00000173041,ZNF680,3025,True,0.11561330925639361,1.7705698522864766,0.3492344,72,False,False,False,False,False,False,False,False
ENSG00000167703,ENSG00000167703,SLC43A2,4624,True,0.163980235117732,1.7704190328154303,0.34699112,72,False,False,False,False,False,False,False,False
ENSG00000168096,ENSG00000168096,ANKS3,1958,True,0.07751914279418587,1.7732159952334419,0.34532875,72,False,False,False,False,False,False,False,False
ENSG00000181804,ENSG00000181804,SLC9A9,2693,True,0.105695343125439,1.7711683287389635,0.34295452,72,False,False,False,False,False,False,False,False
ENSG00000085788,ENSG00000085788,DDHD2,3402,True,0.12599305695064386,1.7683498672499605,0.33855855,72,False,False,False,False,False,False,False,False
ENSG00000145220,ENSG00000145220,LYAR,4618,True,0.17231818376616517,1.7683840927416137,0.33753228,72,False,False,False,False,False,False,False,False
ENSG00000198000,ENSG00000198000,NOL8,6522,True,0.23182248215272902,1.7672618781215093,0.33555603,72,False,False,False,False,False,False,False,False
ENSG00000164252,ENSG00000164252,AGGF1,4929,True,0.1792665477596246,1.7665963853441085,0.3351009,72,False,False,False,False,False,False,False,False
ENSG00000111203,ENSG00000111203,ITFG2,6321,True,0.22385286111018063,1.7670748764191446,0.33440942,72,False,False,False,False,False,False,False,False
ENSG00000158636,ENSG00000158636,EMSY,2477,True,0.09605079197920707,1.76850175093539,0.3333259,72,False,False,False,False,False,False,False,False
ENSG00000165905,ENSG00000165905,LARGE2,2142,True,0.08756590621461541,1.7694943589546648,0.3333168,72,False,False,False,False,False,False,False,False
ENSG00000114098,ENSG00000114098,ARMC8,5435,True,0.20295707055677784,1.768099214935598,0.33153853,72,False,False,False,False,False,False,False,False
ENSG00000123689,ENSG00000123689,G0S2,3239,True,0.12571904427600414,1.7667474469384927,0.3299806,72,False,False,False,False,False,False,False,False
ENSG00000168395,ENSG00000168395,ING5,3440,True,0.13272116766668193,1.7659094752978488,0.32783183,72,False,False,False,False,False,False,False,False
ENSG00000167232,ENSG00000167232,ZNF91,5093,True,0.1833189861638921,1.7649947742975753,0.3261839,72,False,False,False,False,False,False,False,False
ENSG00000136874,ENSG00000136874,STX17,3734,True,0.13777651977905434,1.7638384821414226,0.32568294,72,False,False,False,False,False,False,False,False
ENSG00000198087,ENSG00000198087,CD2AP,5738,True,0.20962535916097502,1.7679828894634975,0.32059085,72,False,False,False,False,False,False,False,False
ENSG00000101695,ENSG00000101695,RNF125,3998,True,0.14230056430631205,1.7670098938531398,0.32053465,72,False,False,False,False,False,False,False,False
ENSG00000214717,ENSG00000214717,ZBED1,3834,True,0.14065494166542503,1.7644156611995492,0.320404,72,False,False,False,False,False,False,False,False
ENSG00000138190,ENSG00000138190,EXOC6,6658,True,0.24266334746342064,1.7645000531817596,0.31804907,72,False,False,False,False,False,False,False,False
ENSG00000125375,ENSG00000125375,DMAC2L,6876,True,0.2495425105645836,1.762669044117409,0.31744778,72,False,False,False,False,False,False,False,False
ENSG00000168566,ENSG00000168566,SNRNP48,3320,True,0.1256432703333589,1.7657452654324346,0.31661633,72,False,False,False,False,False,False,False,False
ENSG00000147364,ENSG00000147364,FBXO25,7583,True,0.272251647696188,1.7634593826177807,0.31640422,72,False,False,False,False,False,False,False,False
ENSG00000038427,ENSG00000038427,VCAN,5521,True,0.20214275354462316,1.7700330158436315,0.31594887,72,False,False,False,False,False,False,False,False
ENSG00000165102,ENSG00000165102,HGSNAT,3836,True,0.14293645758249923,1.764299663968849,0.31581554,72,False,False,False,False,False,False,False,False
ENSG00000165630,ENSG00000165630,PRPF18,6737,True,0.24772456655351063,1.7641795284740505,0.3129132,72,False,False,False,False,False,False,False,False
ENSG00000225733,ENSG00000225733,FGD5-AS1,6873,True,0.24247250404192827,1.765909240259454,0.31170708,72,False,False,False,False,False,False,False,False
ENSG00000126775,ENSG00000126775,ATG14,3919,True,0.146524150335591,1.7627286353951404,0.3068458,72,False,False,False,False,False,False,False,False
ENSG00000006459,ENSG00000006459,KDM7A,5508,True,0.20190230489996405,1.760442721309802,0.30515316,72,False,False,False,False,False,False,False,False
ENSG00000108599,ENSG00000108599,AKAP10,4058,True,0.15196166017466953,1.760549762991048,0.29973263,72,False,False,False,False,False,False,False,False
ENSG00000130935,ENSG00000130935,NOL11,5385,True,0.19645061819871285,1.759105835546277,0.29003048,72,False,False,False,False,False,False,False,False
ENSG00000171109,ENSG00000171109,MFN1,4508,True,0.1686426682872043,1.7559541930457654,0.28741255,72,False,False,False,False,False,False,False,False
ENSG00000273015,ENSG00000273015,LINC00938,5232,True,0.19835864795329947,1.759546371940136,0.2867547,72,False,False,False,False,False,False,False,False
ENSG00000240857,ENSG00000240857,RDH14,5879,True,0.21702933908962205,1.7595135562696895,0.2821983,72,False,False,False,False,False,False,False,False
ENSG00000198740,ENSG00000198740,ZNF652,7164,True,0.26067570551486574,1.7637211631988754,0.27517793,72,False,False,False,False,False,False,False,False
ENSG00000102710,ENSG00000102710,SUPT20H,5335,True,0.19730242314814472,1.7529527171380013,0.27187288,72,False,False,False,False,False,False,False,False
ENSG00000049618,ENSG00000049618,ARID1B,6850,True,0.2470525204428661,1.7628911246743193,0.27151614,72,False,False,False,False,False,False,False,False
ENSG00000163946,ENSG00000163946,TASOR,6842,True,0.24200544836373294,1.7602608206857306,0.27110592,72,False,False,False,False,False,False,False,False
ENSG00000247271,ENSG00000247271,ZBED5-AS1,4646,True,0.1829382976014257,1.753304831631658,0.2666737,72,False,False,False,False,False,False,False,False
ENSG00000162852,ENSG00000162852,CNST,6120,True,0.2211564248776857,1.7565677197136227,0.26451197,72,False,False,False,False,False,False,False,False
ENSG00000197969,ENSG00000197969,VPS13A,5680,True,0.20579268057727546,1.7531309454328408,0.26278207,72,False,False,False,False,False,False,False,False
ENSG00000135999,ENSG00000135999,EPC2,3861,True,0.1397598689780215,1.7501329594377821,0.2600237,72,False,False,False,False,False,False,False,False
ENSG00000100523,ENSG00000100523,DDHD1,5159,True,0.1832138377623095,1.7488460709317932,0.25517353,72,False,False,False,False,False,False,False,False
ENSG00000151881,ENSG00000151881,TMEM267,2859,True,0.11092843131209561,1.7457881819926206,0.23914555,72,False,False,False,False,False,False,False,False
ENSG00000255337,ENSG00000255337,TMEM123-DT,405,True,0.019353332503027426,1.8255951641176296,0.8797353,71,False,False,False,False,False,False,False,False
ENSG00000224610,ENSG00000224610,ENSG00000224610,351,True,0.015948203809881316,1.6386126896156599,0.7698034,71,False,False,False,False,False,False,False,False
ENSG00000155657,ENSG00000155657,TTN,8034,True,0.2786089344751794,1.8212443602539408,0.7567009,71,False,False,False,False,False,False,False,False
ENSG00000227507,ENSG00000227507,LTB,101244,True,2.7898960269441875,2.334167248397952,0.74327344,71,False,False,False,False,False,False,False,False
ENSG00000095794,ENSG00000095794,CREM,5769,True,0.22240799221226143,1.8184348615520134,0.70377475,71,False,False,False,False,False,False,False,False
ENSG00000174720,ENSG00000174720,LARP7,16327,True,0.5535127986559023,1.8179708995599149,0.6664101,71,False,False,False,False,False,False,False,False
ENSG00000159388,ENSG00000159388,BTG2,25311,True,0.7873295002554623,1.8589561649614714,0.65855473,71,False,False,False,False,False,False,False,False
ENSG00000177409,ENSG00000177409,SAMD9L,15622,True,0.5292860282014509,1.8276103617263961,0.62420946,71,False,False,False,False,False,False,False,False
ENSG00000189241,ENSG00000189241,TSPYL1,12304,True,0.45361330387801485,1.8097262240072731,0.6062549,71,False,False,False,False,False,False,False,False
ENSG00000185291,ENSG00000185291,IL3RA,697,True,0.02955259508878569,1.7784529784186127,0.58731115,71,False,False,False,False,False,False,False,False
ENSG00000235527,ENSG00000235527,HIPK1-AS1,1410,True,0.06024697398780688,1.8183506610932347,0.5737901,71,False,False,False,False,False,False,False,False
ENSG00000263934,ENSG00000263934,SNORD3A,3919,True,0.16482607464971966,1.7894836758283261,0.52599734,71,False,False,False,False,False,False,False,False
ENSG00000123200,ENSG00000123200,ZC3H13,14671,True,0.48795455638619684,1.8093471897704292,0.5233091,71,False,False,False,False,False,False,False,False
ENSG00000035928,ENSG00000035928,RFC1,11599,True,0.3975260005646364,1.7993943515504554,0.5208546,71,False,False,False,False,False,False,False,False
ENSG00000163697,ENSG00000163697,APBB2,782,True,0.03259310950191335,1.6720455383647093,0.5133166,71,False,False,False,False,False,False,False,False
ENSG00000104267,ENSG00000104267,CA2,1186,True,0.051412971997067555,1.8042625480012155,0.48282668,71,False,False,False,False,False,False,False,False
ENSG00000139629,ENSG00000139629,GALNT6,1024,True,0.04194752321631428,1.8001239411671157,0.46713874,71,False,False,False,False,False,False,False,False
ENSG00000164169,ENSG00000164169,PRMT9,4533,True,0.18439436139241583,1.7930799476419133,0.46447492,71,False,False,False,False,False,False,False,False
ENSG00000137965,ENSG00000137965,IFI44,6623,True,0.2539180013664002,1.7915004744562244,0.4631009,71,False,False,False,False,False,False,False,True
ENSG00000215014,ENSG00000215014,SSU72-AS1,1156,True,0.04872795833261809,1.7662323058142853,0.45987824,71,False,False,False,False,False,False,False,False
ENSG00000184220,ENSG00000184220,CMSS1,6151,True,0.2373586710431704,1.7955237385555132,0.45833758,71,False,False,False,False,False,False,False,False
ENSG00000137502,ENSG00000137502,RAB30,10865,True,0.3804154098693165,1.7977958688876727,0.4550775,71,False,False,False,False,False,False,False,False
ENSG00000135925,ENSG00000135925,WNT10A,1409,True,0.05949871714980734,1.7653906638393635,0.4509978,71,False,False,False,False,False,False,False,False
ENSG00000125351,ENSG00000125351,UPF3B,9967,True,0.3562143001043219,1.7990835804549854,0.44915912,71,False,False,False,False,False,False,False,False
ENSG00000145241,ENSG00000145241,CENPC,12622,True,0.4303716936700466,1.795319029163377,0.4460132,71,False,False,False,False,False,False,False,False
ENSG00000171806,ENSG00000171806,METTL18,2585,True,0.10285037062444559,1.7929463384961821,0.43807346,71,False,False,False,False,False,False,False,False
ENSG00000165632,ENSG00000165632,TAF3,9059,True,0.3244667251186464,1.789405466482988,0.4380606,71,False,False,False,False,False,False,False,False
ENSG00000127990,ENSG00000127990,SGCE,1034,True,0.04540698451581598,1.7880532476527469,0.42183742,71,False,False,False,False,False,False,False,False
ENSG00000147457,ENSG00000147457,CHMP7,8414,True,0.3001905919952264,1.786560051535678,0.41266772,71,False,False,False,False,False,False,False,False
ENSG00000140876,ENSG00000140876,NUDT7,984,True,0.041578137256678034,1.7873747347254885,0.40771085,71,False,False,False,False,False,False,False,False
ENSG00000105643,ENSG00000105643,ARRDC2,7986,True,0.2880993754956695,1.7861671178032545,0.40620428,71,False,False,False,False,False,False,False,False
ENSG00000153936,ENSG00000153936,HS2ST1,2278,True,0.08810443712618558,1.7814489931340283,0.40032753,71,False,False,False,False,False,False,False,False
ENSG00000072134,ENSG00000072134,EPN2,1898,True,0.07613415423046631,1.7798710083772713,0.40023685,71,False,False,False,False,False,False,False,False
ENSG00000100281,ENSG00000100281,HMGXB4,5882,True,0.21374298528459362,1.7816857978651095,0.39586857,71,False,False,False,False,False,False,False,False
ENSG00000167766,ENSG00000167766,ZNF83,5598,True,0.1996555051725191,1.779588888351217,0.39472103,71,False,False,False,False,False,False,False,False
ENSG00000165113,ENSG00000165113,GKAP1,2075,True,0.08199860232281092,1.7852820439636217,0.39386457,71,False,False,False,False,False,False,False,False
ENSG00000171132,ENSG00000171132,PRKCE,2980,True,0.11638004538498786,1.7790877800387426,0.38268876,71,False,False,False,False,False,False,False,False
ENSG00000049089,ENSG00000049089,COL9A2,1186,True,0.04826611451860794,1.7776199559912242,0.37692496,71,False,False,False,False,False,False,False,False
ENSG00000268218,ENSG00000268218,ENSG00000268218,1980,True,0.0786914459092407,1.777406701074785,0.3733565,71,False,False,False,False,False,False,False,False
ENSG00000139266,ENSG00000139266,MARCHF9,4523,True,0.17769458648662442,1.7779249494860907,0.3717887,71,False,False,False,False,False,False,False,False
ENSG00000145388,ENSG00000145388,METTL14,3501,True,0.13458409210970462,1.776276789746379,0.36856562,71,False,False,False,False,False,False,False,False
ENSG00000177272,ENSG00000177272,KCNA3,2297,True,0.08062835076387874,1.7732559880171392,0.36830705,71,False,False,False,False,False,False,False,False
ENSG00000108587,ENSG00000108587,GOSR1,6601,True,0.2389627559519375,1.7777060441181398,0.35703856,71,False,False,False,False,False,False,False,False
ENSG00000152213,ENSG00000152213,ARL11,2305,True,0.08959600440621712,1.7711467202528652,0.35482606,71,False,False,False,False,False,False,False,False
ENSG00000246366,ENSG00000246366,LACTB2-AS1,2583,True,0.10791294020161736,1.7719528327516003,0.35398716,71,False,False,False,False,False,False,False,False
ENSG00000181192,ENSG00000181192,DHTKD1,3646,True,0.13757176228752693,1.772192631896508,0.35346305,71,False,False,False,False,False,False,False,False
ENSG00000102226,ENSG00000102226,USP11,4938,True,0.1812817457207907,1.772532109718104,0.35071582,71,False,False,False,False,False,False,False,False
ENSG00000160179,ENSG00000160179,ABCG1,2489,True,0.09449656038754543,1.7667031171645275,0.35017252,71,False,False,False,False,False,False,False,False
ENSG00000167562,ENSG00000167562,ZNF701,1918,True,0.076669368117181,1.7699163925948205,0.34814325,71,False,False,False,False,False,False,False,False
ENSG00000117569,ENSG00000117569,PTBP2,2025,True,0.08059827393830955,1.7713819990859234,0.34519207,71,False,False,False,False,False,False,False,False
ENSG00000141252,ENSG00000141252,VPS53,4399,True,0.15840017425500538,1.7719199208545733,0.34481803,71,False,False,False,False,False,False,False,False
ENSG00000163536,ENSG00000163536,SERPINI1,2436,True,0.09761863274271558,1.7723763825942014,0.34332928,71,False,False,False,False,False,False,False,False
ENSG00000042429,ENSG00000042429,MED17,7517,True,0.2624381114437138,1.7676506694468372,0.3415131,71,False,False,False,False,False,False,False,False
ENSG00000065923,ENSG00000065923,SLC9A7,1824,True,0.0670448115825004,1.771212530211013,0.34089005,71,False,False,False,False,False,False,False,False
ENSG00000196792,ENSG00000196792,STRN3,3463,True,0.13418889896010006,1.767918520320088,0.3387013,71,False,False,False,False,False,False,False,False
ENSG00000263072,ENSG00000263072,ZNF213-AS1,2382,True,0.09644376195551971,1.7668782983658806,0.3341872,71,False,False,False,False,False,False,False,False
ENSG00000165943,ENSG00000165943,MOAP1,7579,True,0.27333161063095085,1.778412687827999,0.33399132,71,False,False,False,False,False,False,False,False
ENSG00000168916,ENSG00000168916,ZNF608,1938,True,0.0775543216088721,1.762923213035986,0.33201534,71,False,False,False,False,False,False,False,False
ENSG00000198862,ENSG00000198862,LTN1,5199,True,0.18717976540430864,1.7651637918115426,0.3300703,71,False,False,False,False,False,False,False,False
ENSG00000136273,ENSG00000136273,HUS1,4970,True,0.1861057858318632,1.7653734201111986,0.32757637,71,False,False,False,False,False,False,False,False
ENSG00000255135,ENSG00000255135,EMSY-DT,1704,True,0.06979451512081401,1.768123297441783,0.32741585,71,False,False,False,False,False,False,False,False
ENSG00000106460,ENSG00000106460,TMEM106B,4030,True,0.1526401718588584,1.7677818689477143,0.32565334,71,False,False,False,False,False,False,False,False
ENSG00000105793,ENSG00000105793,GTPBP10,2274,True,0.08702204578358427,1.7631993756563389,0.3222629,71,False,False,False,False,False,False,False,False
ENSG00000204070,ENSG00000204070,SYS1,3144,True,0.11853888547153052,1.7643319904218848,0.32115522,71,False,False,False,False,False,False,False,False
ENSG00000125868,ENSG00000125868,DSTN,7872,True,0.2834390441428971,1.7660120506708856,0.3179594,71,False,False,False,False,False,False,False,False
ENSG00000228126,ENSG00000228126,FALEC,637,True,0.027901144678863087,1.7652506357078734,0.31650454,71,False,False,False,False,False,False,False,False
ENSG00000134313,ENSG00000134313,KIDINS220,4147,True,0.1518687889001819,1.7646093332047905,0.3131143,71,False,False,False,False,False,False,False,False
ENSG00000172243,ENSG00000172243,CLEC7A,2916,True,0.10687375247374335,1.7663938501310061,0.30920538,71,False,False,False,False,False,False,False,False
ENSG00000197013,ENSG00000197013,ZNF429,3321,True,0.13037346487315113,1.7637087956938957,0.3054309,71,False,False,False,False,False,False,False,False
ENSG00000106261,ENSG00000106261,ZKSCAN1,6136,True,0.21832848188757256,1.760686569714479,0.30323178,71,False,False,False,False,False,False,False,False
ENSG00000147894,ENSG00000147894,C9orf72,5532,True,0.21794477119004585,1.7619758522851934,0.30306968,71,False,False,False,False,False,False,False,False
ENSG00000229474,ENSG00000229474,PATL2,5424,True,0.19993525330329004,1.7615077119160132,0.3028183,71,False,False,False,False,False,False,False,False
ENSG00000155729,ENSG00000155729,KCTD18,2423,True,0.09322594674477545,1.7603238022628636,0.30084592,71,False,False,False,False,False,False,False,False
ENSG00000077254,ENSG00000077254,USP33,6529,True,0.23595950776202168,1.76358765088266,0.29971352,71,False,False,False,False,False,False,False,False
ENSG00000213625,ENSG00000213625,LEPROT,4628,True,0.1729155499120616,1.7566323438847051,0.29905233,71,False,False,False,False,False,False,False,False
ENSG00000054277,ENSG00000054277,OPN3,7320,True,0.273269157527953,1.7686535797496374,0.29703954,71,False,False,False,False,False,False,False,False
ENSG00000147526,ENSG00000147526,TACC1,7999,True,0.2762942846416065,1.7642214249267232,0.29089725,71,False,False,False,False,False,False,False,False
ENSG00000048544,ENSG00000048544,MRPS10,7542,True,0.26881726851368454,1.7567312432580293,0.2894825,71,False,False,False,False,False,False,False,False
ENSG00000136152,ENSG00000136152,COG3,3338,True,0.12625066467713955,1.7581064308331882,0.28748226,71,False,False,False,False,False,False,False,False
ENSG00000135108,ENSG00000135108,FBXO21,6686,True,0.24238814746280088,1.7628766084283698,0.28334957,71,False,False,False,False,False,False,False,False
ENSG00000175115,ENSG00000175115,PACS1,7365,True,0.25673020137875785,1.7614047581085333,0.2810439,71,False,False,False,False,False,False,False,False
ENSG00000137504,ENSG00000137504,CREBZF,4864,True,0.17789364844427732,1.755186041648428,0.27531806,71,False,False,False,False,False,False,False,False
ENSG00000163257,ENSG00000163257,DCAF16,3796,True,0.14250922878830743,1.7540394016046648,0.27312157,71,False,False,False,False,False,False,False,False
ENSG00000005889,ENSG00000005889,ZFX,8404,True,0.29846502923437906,1.7690565317034517,0.27005962,71,False,False,False,False,False,False,False,False
ENSG00000188739,ENSG00000188739,RBM34,6571,True,0.23565024749828528,1.762049521799232,0.26941392,71,False,False,False,False,False,False,False,False
ENSG00000147316,ENSG00000147316,MCPH1,5944,True,0.20572807333959864,1.7584763952009206,0.2616326,71,False,False,False,False,False,False,False,False
ENSG00000205707,ENSG00000205707,ETFRF1,7005,True,0.265120699113698,1.7505471390601124,0.24854769,71,False,False,False,False,False,False,False,False
ENSG00000132522,ENSG00000132522,GPS2,6236,True,0.23388823935474337,1.7424579527399329,0.22280109,71,False,False,False,False,False,False,False,False
ENSG00000132704,ENSG00000132704,FCRL2,14251,True,0.48688722702967074,1.8300728862155557,0.7805769,70,False,False,False,False,False,False,False,False
ENSG00000154102,ENSG00000154102,C16orf74,14074,True,0.496065667141565,1.8212603723443126,0.72003984,70,False,False,False,False,False,False,False,False
ENSG00000197329,ENSG00000197329,PELI1,10187,True,0.35406103302922576,1.8162356082433027,0.6049367,70,False,False,False,False,False,False,False,False
ENSG00000188313,ENSG00000188313,PLSCR1,7897,True,0.2970476392940297,1.8015133026302266,0.57956284,70,False,False,False,False,False,False,False,False
ENSG00000257764,ENSG00000257764,ENSG00000257764,6126,True,0.22868249191156956,1.8031491132053454,0.5428318,70,False,False,False,False,False,False,False,False
ENSG00000128805,ENSG00000128805,ARHGAP22,539,True,0.02270700009347565,1.6487844568361012,0.49903938,70,False,False,False,False,False,False,False,False
ENSG00000158417,ENSG00000158417,EIF5B,22609,True,0.736665250531453,1.825281223363473,0.4823065,70,False,False,False,False,False,False,False,False
ENSG00000143545,ENSG00000143545,RAB13,900,True,0.037990656792559335,1.799054549671105,0.46909848,70,False,False,False,False,False,False,False,False
ENSG00000102738,ENSG00000102738,MRPS31,7917,True,0.29393137035589423,1.792758726310074,0.46384674,70,False,False,False,False,False,False,False,False
ENSG00000140450,ENSG00000140450,ARRDC4,1021,True,0.04451973151752824,1.791472079368736,0.44467652,70,False,False,False,False,False,False,False,False
ENSG00000197880,ENSG00000197880,MDS2,1804,True,0.07148614745623134,1.788967810375803,0.44189483,70,False,False,False,False,False,False,False,False
ENSG00000169131,ENSG00000169131,ZNF354A,2243,True,0.08771251059019758,1.7875187590691888,0.43496826,70,False,False,False,False,False,False,False,False
ENSG00000133059,ENSG00000133059,DSTYK,2348,True,0.09076524211934145,1.7912982363885148,0.43483847,70,False,False,False,False,False,False,False,False
ENSG00000023608,ENSG00000023608,SNAPC1,2537,True,0.10269241490910276,1.7869038981597685,0.4338445,70,False,False,False,False,False,False,False,False
ENSG00000156232,ENSG00000156232,WHAMM,9554,True,0.33102110518499805,1.7913107144175917,0.43207246,70,False,False,False,False,False,False,False,False
ENSG00000257704,ENSG00000257704,INAFM1,2093,True,0.08920247010460321,1.787307317618067,0.4191335,70,False,False,False,False,False,False,False,False
ENSG00000136824,ENSG00000136824,SMC2,3138,True,0.11844817833179318,1.7845730178065047,0.41535136,70,False,False,False,False,False,False,False,False
ENSG00000144747,ENSG00000144747,TMF1,11148,True,0.3851989600774442,1.794334874218565,0.41310307,70,False,False,False,False,False,False,False,False
ENSG00000138433,ENSG00000138433,CIR1,19801,True,0.6416902365179395,1.8080281243392555,0.4118865,70,False,False,False,False,False,False,False,False
ENSG00000127914,ENSG00000127914,AKAP9,25173,True,0.79476823690929,1.8272766900243205,0.4058351,70,False,False,False,False,False,False,False,False
ENSG00000069188,ENSG00000069188,SDK2,939,True,0.037324736188953246,1.7574027564827615,0.40514797,70,False,False,False,False,False,False,False,False
ENSG00000251661,ENSG00000251661,ENSG00000251661,1555,True,0.06503802289452837,1.7820743563959227,0.3986576,70,False,False,False,False,False,False,False,False
ENSG00000111796,ENSG00000111796,KLRB1,6058,True,0.21592722001615003,1.7917928061556507,0.395017,70,False,False,False,False,False,False,False,False
ENSG00000128881,ENSG00000128881,TTBK2,1934,True,0.07545575675055229,1.7831099745245138,0.3945856,70,False,False,False,False,False,False,False,False
ENSG00000101236,ENSG00000101236,RNF24,874,True,0.035101982201814125,1.7818150839784672,0.39236295,70,False,False,False,False,False,False,False,False
ENSG00000184678,ENSG00000184678,H2BC21,2319,True,0.0943505385748329,1.779230559800964,0.38811877,70,False,False,False,False,False,False,False,False
ENSG00000152443,ENSG00000152443,ZNF776,1356,True,0.056706674617206916,1.7837561596552904,0.3869565,70,False,False,False,False,False,False,False,False
ENSG00000162408,ENSG00000162408,NOL9,2502,True,0.091635249383748,1.7797363771643224,0.38303217,70,False,False,False,False,False,False,False,False
ENSG00000124120,ENSG00000124120,TTPAL,2076,True,0.08114353426986068,1.7748435644120464,0.3785615,70,False,False,False,False,False,False,False,False
ENSG00000271576,ENSG00000271576,PRKACB-DT,889,True,0.039504649094699223,1.7777561064225929,0.373579,70,False,False,False,False,False,False,False,False
ENSG00000166750,ENSG00000166750,SLFN5,2539,True,0.09612472788133192,1.7742760409311613,0.37272167,70,False,False,False,False,False,False,False,False
ENSG00000146830,ENSG00000146830,GIGYF1,3604,True,0.1441210021073276,1.776864803252426,0.37131387,70,False,False,False,False,False,False,False,False
ENSG00000090376,ENSG00000090376,IRAK3,1456,True,0.05798688077173138,1.775084117334133,0.3687276,70,False,False,False,False,False,False,False,False
ENSG00000112486,ENSG00000112486,CCR6,4820,True,0.17809857876517654,1.7760646939120392,0.36866903,70,False,False,False,False,False,False,False,False
ENSG00000095002,ENSG00000095002,MSH2,2515,True,0.09498011096312106,1.7735130194008877,0.3637294,70,False,False,False,False,False,False,False,False
ENSG00000113240,ENSG00000113240,CLK4,8564,True,0.3058314974478099,1.7827163721614363,0.3620428,70,False,False,False,False,False,False,False,False
ENSG00000108406,ENSG00000108406,DHX40,4191,True,0.15973414883605608,1.7744105950062534,0.3608034,70,False,False,False,False,False,False,False,False
ENSG00000109689,ENSG00000109689,STIM2,10185,True,0.35696691609111136,1.7857641238878637,0.35978422,70,False,False,False,False,False,False,False,False
ENSG00000159882,ENSG00000159882,ZNF230,859,True,0.036600400245616664,1.7757667211054602,0.3597588,70,False,False,False,False,False,False,False,False
ENSG00000248275,ENSG00000248275,TRIM52-AS1,8520,True,0.3142095431472379,1.777667173592198,0.3571465,70,False,False,False,False,False,False,False,False
ENSG00000100084,ENSG00000100084,HIRA,1500,True,0.059530581656322364,1.7753248364246752,0.35472438,70,False,False,False,False,False,False,False,False
ENSG00000175931,ENSG00000175931,UBE2O,1907,True,0.07411958511306106,1.7741577987700277,0.3546929,70,False,False,False,False,False,False,False,False
ENSG00000112983,ENSG00000112983,BRD8,3543,True,0.13953124509003567,1.771180717989646,0.3507905,70,False,False,False,False,False,False,False,False
ENSG00000157426,ENSG00000157426,AASDH,3857,True,0.14778149576249752,1.7697556372766785,0.35026452,70,False,False,False,False,False,False,False,False
ENSG00000147789,ENSG00000147789,ZNF7,3359,True,0.1267200554636048,1.771406034266896,0.3449166,70,False,False,False,False,False,False,False,False
ENSG00000136891,ENSG00000136891,TEX10,2266,True,0.0872251694521955,1.7671760490677288,0.34454307,70,False,False,False,False,False,False,False,False
ENSG00000167380,ENSG00000167380,ZNF226,4147,True,0.15895394777551017,1.7677326696122413,0.34441942,70,False,False,False,False,False,False,False,False
ENSG00000174796,ENSG00000174796,THAP6,2657,True,0.10457178198808462,1.7686147899837363,0.34269324,70,False,False,False,False,False,False,False,False
ENSG00000184307,ENSG00000184307,ZDHHC23,1352,True,0.05442937539326737,1.7703847333183662,0.33812433,70,False,False,False,False,False,False,False,False
ENSG00000170634,ENSG00000170634,ACYP2,8113,True,0.2982151836328975,1.7690522807263298,0.33565342,70,False,False,False,False,False,False,False,False
ENSG00000198964,ENSG00000198964,SGMS1,2462,True,0.09290475026051297,1.7670550648734982,0.33546817,70,False,False,False,False,False,False,False,False
ENSG00000110888,ENSG00000110888,CAPRIN2,1817,True,0.06968003788382421,1.7649181507223035,0.33416155,70,False,False,False,False,False,False,False,False
ENSG00000175782,ENSG00000175782,SLC35E3,3004,True,0.11229848344054578,1.7679044196019227,0.334132,70,False,False,False,False,False,False,False,False
ENSG00000236618,ENSG00000236618,PITPNA-AS1,3339,True,0.12725883679406927,1.7684527336485365,0.33381364,70,False,False,False,False,False,False,False,False
ENSG00000172530,ENSG00000172530,BANP,3109,True,0.11771399142035734,1.7674300766168607,0.32909587,70,False,False,False,False,False,False,False,False
ENSG00000143322,ENSG00000143322,ABL2,2323,True,0.08740271448330567,1.7658356114717508,0.3288077,70,False,False,False,False,False,False,False,False
ENSG00000131127,ENSG00000131127,ZNF141,2369,True,0.08929907036637628,1.737107006856733,0.32605842,70,False,False,False,False,False,False,False,False
ENSG00000107242,ENSG00000107242,PIP5K1B,2956,True,0.11235428566474627,1.7663423835998089,0.32464755,70,False,False,False,False,False,False,False,False
ENSG00000262049,ENSG00000262049,ENSG00000262049,3130,True,0.12121820746794368,1.765321869249211,0.3221053,70,False,False,False,False,False,False,False,False
ENSG00000082068,ENSG00000082068,WDR70,6818,True,0.2488830332055443,1.7667260045339788,0.31881142,70,False,False,False,False,False,False,False,False
ENSG00000139372,ENSG00000139372,TDG,7477,True,0.2724101603711406,1.7658463470200703,0.31812888,70,False,False,False,False,False,False,False,False
ENSG00000198464,ENSG00000198464,ZNF480,6980,True,0.25271797019408165,1.7626690558918712,0.31743768,70,False,False,False,False,False,False,False,False
ENSG00000162688,ENSG00000162688,AGL,3516,True,0.13167767244929685,1.765082794339708,0.31669116,70,False,False,False,False,False,False,False,False
ENSG00000178694,ENSG00000178694,NSUN3,3635,True,0.13691061275076685,1.7632416846712682,0.31662557,70,False,False,False,False,False,False,False,False
ENSG00000165322,ENSG00000165322,ARHGAP12,2948,True,0.10847644559870018,1.7608827065191652,0.3133373,70,False,False,False,False,False,False,False,False
ENSG00000117000,ENSG00000117000,RLF,3669,True,0.13539274824036504,1.7633280466247383,0.313097,70,False,False,False,False,False,False,False,False
ENSG00000133740,ENSG00000133740,E2F5,4210,True,0.16340822836278687,1.7633298136006201,0.3128344,70,False,False,False,False,False,False,False,False
ENSG00000186088,ENSG00000186088,GSAP,9005,True,0.31772661643812106,1.7739104551491132,0.31246477,70,False,False,False,False,False,False,False,False
ENSG00000196712,ENSG00000196712,NF1,2381,True,0.09195293672378209,1.7622513537682425,0.31218582,70,False,False,False,False,False,False,False,False
ENSG00000086712,ENSG00000086712,TXLNG,5623,True,0.20390124738028606,1.763021126931133,0.3036251,70,False,False,False,False,False,False,False,False
ENSG00000166170,ENSG00000166170,BAG5,5590,True,0.20209448026196689,1.7611444419637257,0.30349648,70,False,False,False,False,False,False,False,False
ENSG00000260349,ENSG00000260349,ENSG00000260349,2287,True,0.08688138936168405,1.7627253640616205,0.30343804,70,False,False,False,False,False,False,False,False
ENSG00000162642,ENSG00000162642,C1orf52,5598,True,0.20603669353434162,1.7608533483158302,0.30283582,70,False,False,False,False,False,False,False,False
ENSG00000147654,ENSG00000147654,EBAG9,7226,True,0.25814165722687626,1.7565155825046603,0.30138102,70,False,False,False,False,False,False,False,False
ENSG00000183354,ENSG00000183354,BRD10,7594,True,0.2724596629822092,1.7703725326431974,0.300246,70,False,False,False,False,False,False,False,False
ENSG00000138641,ENSG00000138641,HERC3,2976,True,0.11213963761528799,1.7609840919199848,0.30023256,70,False,False,False,False,False,False,False,False
ENSG00000177989,ENSG00000177989,CIMAP1B,5027,True,0.18948079724588068,1.7602913590404383,0.3001443,70,False,False,False,False,False,False,False,False
ENSG00000090989,ENSG00000090989,EXOC1,5245,True,0.19325373721878247,1.759016491956299,0.3000411,70,False,False,False,False,False,False,False,False
ENSG00000157306,ENSG00000157306,ZFHX2-AS1,3188,True,0.12417296799189424,1.7584887577462738,0.29484552,70,False,False,False,False,False,False,False,False
ENSG00000100376,ENSG00000100376,FAM118A,4304,True,0.16137493099948516,1.7606719763518657,0.2936518,70,False,False,False,False,False,False,False,False
ENSG00000129317,ENSG00000129317,PUS7L,7733,True,0.2818106677728878,1.7546669069655794,0.2936062,70,False,False,False,False,False,False,False,False
ENSG00000153044,ENSG00000153044,CENPH,4044,True,0.1534320229896981,1.7594549342120767,0.29342413,70,False,False,False,False,False,False,False,False
ENSG00000027697,ENSG00000027697,IFNGR1,7015,True,0.2561524926426253,1.7563766179438338,0.291447,70,False,False,False,False,False,False,False,False
ENSG00000131558,ENSG00000131558,EXOC4,5269,True,0.19375289423341718,1.7609742526210026,0.29128367,70,False,False,False,False,False,False,False,False
ENSG00000226688,ENSG00000226688,ENTPD1-AS1,2379,True,0.0945281244227009,1.7581656785210698,0.29094237,70,False,False,False,False,False,False,False,False
ENSG00000107077,ENSG00000107077,KDM4C,6568,True,0.2375299494109828,1.7612179528427334,0.2897263,70,False,False,False,False,False,False,False,False
ENSG00000122678,ENSG00000122678,POLM,6780,True,0.23578502547095062,1.7577407532930147,0.28839776,70,False,False,False,False,False,False,False,False
ENSG00000118260,ENSG00000118260,CREB1,8462,True,0.3019856089527572,1.768081217943429,0.28534514,70,False,False,False,False,False,False,False,False
ENSG00000160584,ENSG00000160584,SIK3,3977,True,0.14535462426461002,1.7580598456227008,0.28454176,70,False,False,False,False,False,False,False,False
ENSG00000168071,ENSG00000168071,CCDC88B,4607,True,0.16577864626882208,1.7574019182578753,0.281584,70,False,False,False,False,False,False,False,False
ENSG00000250988,ENSG00000250988,SNHG21,4677,True,0.1886880717863394,1.7573764503759228,0.28075805,70,False,False,False,False,False,False,False,False
ENSG00000133393,ENSG00000133393,CEP20,3970,True,0.14819670646263336,1.7557376618227023,0.27986276,70,False,False,False,False,False,False,False,False
ENSG00000139793,ENSG00000139793,MBNL2,3810,True,0.13866482178066858,1.754232915690212,0.27765182,70,False,False,False,False,False,False,False,False
ENSG00000110429,ENSG00000110429,FBXO3,6338,True,0.23199209168929683,1.7553597489862058,0.27683398,70,False,False,False,False,False,False,False,False
ENSG00000089775,ENSG00000089775,ZBTB25,3939,True,0.14834996067000528,1.7559481003328088,0.2735131,70,False,False,False,False,False,False,False,False
ENSG00000166311,ENSG00000166311,SMPD1,2321,True,0.08821597372680073,1.7516054220495734,0.27108318,70,False,False,False,False,False,False,False,False
ENSG00000163904,ENSG00000163904,SENP2,3699,True,0.1361850720910138,1.7511807208171377,0.2661197,70,False,False,False,False,False,False,False,False
ENSG00000198301,ENSG00000198301,SDAD1,8327,True,0.29281235684203905,1.7575413001887399,0.26594484,70,False,False,False,False,False,False,False,False
ENSG00000137509,ENSG00000137509,PRCP,6874,True,0.24789386101365024,1.7570767106925056,0.263732,70,False,False,False,False,False,False,False,False
ENSG00000143772,ENSG00000143772,ITPKB,2605,True,0.09873098489407507,1.7512084102463463,0.26207307,70,False,False,False,False,False,False,False,False
ENSG00000155876,ENSG00000155876,RRAGA,5568,True,0.20696536098189844,1.7519634605469478,0.260691,70,False,False,False,False,False,False,False,False
ENSG00000197045,ENSG00000197045,GMFB,7200,True,0.26535949211277565,1.7579367590588726,0.25907978,70,False,False,False,False,False,False,False,False
ENSG00000171984,ENSG00000171984,SHLD1,4444,True,0.17985347360712173,1.7507625569801917,0.24952456,70,False,False,False,False,False,False,False,False
ENSG00000197170,ENSG00000197170,PSMD12,5816,True,0.20961220703163932,1.746067634881883,0.24473716,70,False,False,False,False,False,False,False,False
ENSG00000105879,ENSG00000105879,CBLL1,4784,True,0.17626080996225293,1.7448344812111782,0.24113154,70,False,False,False,False,False,False,False,False
ENSG00000121210,ENSG00000121210,TMEM131L,6105,True,0.21193025446651356,1.7511237771328008,0.21519576,70,False,False,False,False,False,False,False,False
ENSG00000111644,ENSG00000111644,ACRBP,1735,True,0.07599436894050429,1.8384447501844663,0.63798994,69,False,False,False,False,False,False,False,False
ENSG00000151090,ENSG00000151090,THRB,432,True,0.01913422123112391,1.7272509935708236,0.56446975,69,False,False,False,False,False,False,False,False
ENSG00000184005,ENSG00000184005,ST6GALNAC3,529,True,0.023984534999350472,1.7333486780898895,0.5504208,69,False,False,False,False,False,False,False,False
ENSG00000263958,ENSG00000263958,NETO1-DT,567,True,0.02780031637867806,1.7909819180167055,0.5375191,69,False,False,False,False,False,False,False,False
ENSG00000143669,ENSG00000143669,LYST,18542,True,0.6195422101474161,1.8136738689721306,0.5370633,69,False,False,False,False,False,False,False,False
ENSG00000134326,ENSG00000134326,CMPK2,1546,True,0.06469038487794575,1.815940608708872,0.53343207,69,False,False,False,False,False,False,False,False
ENSG00000121895,ENSG00000121895,TMEM156,26781,True,0.8463245498340002,1.8453450392415938,0.52672184,69,False,False,False,False,False,False,False,False
ENSG00000185745,ENSG00000185745,IFIT1,1428,True,0.05788053142018128,1.7812814525991216,0.52109164,69,False,False,False,False,False,False,False,True
ENSG00000125844,ENSG00000125844,RRBP1,4425,True,0.16279802382257413,1.7982634466948098,0.4967365,69,False,False,False,False,False,False,False,False
ENSG00000265206,ENSG00000265206,MIR142HG,19603,True,0.6291965912978502,1.8175667059123115,0.4756149,69,False,False,False,False,False,False,False,False
ENSG00000236304,ENSG00000236304,ENSG00000236304,1445,True,0.062073649419361776,1.7688891710142756,0.46439174,69,False,False,False,False,False,False,False,False
ENSG00000184979,ENSG00000184979,USP18,3338,True,0.12975164848952497,1.8008436062081967,0.45930082,69,False,False,False,False,False,False,False,True
ENSG00000172183,ENSG00000172183,ISG20,63641,True,1.6977570969725335,1.9890647671595862,0.44862354,69,False,False,False,False,False,False,False,False
ENSG00000260806,ENSG00000260806,PAPOLA-DT,916,True,0.038504150842916626,1.7896790078097988,0.44713733,69,False,False,False,False,False,False,False,False
ENSG00000139946,ENSG00000139946,PELI2,1043,True,0.04283477701472628,1.7932727937025454,0.44486526,69,False,False,False,False,False,False,False,False
ENSG00000102189,ENSG00000102189,EEA1,6791,True,0.2420267120409705,1.7779645098321544,0.44112408,69,False,False,False,False,False,False,False,False
ENSG00000154144,ENSG00000154144,TBRG1,8394,True,0.30389087110199053,1.779009545804808,0.4405253,69,False,False,False,False,False,False,False,False
ENSG00000119866,ENSG00000119866,BCL11A,23876,True,0.7856190629379451,1.8264071252320695,0.4333274,69,False,False,False,False,False,False,False,False
ENSG00000100162,ENSG00000100162,CENPM,3270,True,0.12682993446569843,1.7884130816323653,0.4261436,69,False,False,False,False,False,False,False,False
ENSG00000163644,ENSG00000163644,PPM1K,26789,True,0.8361451684105519,1.832421177835765,0.4182916,69,False,False,False,False,False,False,False,False
ENSG00000143458,ENSG00000143458,GABPB2,2845,True,0.10623682446440451,1.7830085225796592,0.4165573,69,False,False,False,False,False,False,False,False
ENSG00000111678,ENSG00000111678,C12orf57,30261,True,0.9036717531905125,1.8412201620523776,0.40976736,69,False,False,False,False,False,False,False,False
ENSG00000231154,ENSG00000231154,MORF4L2-AS1,522,True,0.02184520941868875,1.7612102982145303,0.40293902,69,False,False,False,False,False,False,False,False
ENSG00000205683,ENSG00000205683,DPF3,1580,True,0.06367019231621397,1.7817214107210482,0.40026873,69,False,False,False,False,False,False,False,False
ENSG00000168036,ENSG00000168036,CTNNB1,9035,True,0.34479948697145346,1.784831216422176,0.3980456,69,False,False,False,False,False,False,False,False
ENSG00000267254,ENSG00000267254,ZNF790-AS1,1211,True,0.04946731150296082,1.7810094403564494,0.39722678,69,False,False,False,False,False,False,False,False
ENSG00000117425,ENSG00000117425,PTCH2,1754,True,0.07282106000253465,1.7821575935379372,0.39440972,69,False,False,False,False,False,False,False,False
ENSG00000121858,ENSG00000121858,TNFSF10,5419,True,0.20217581756785588,1.7818884882933475,0.39310738,69,False,False,False,False,False,False,False,False
ENSG00000072736,ENSG00000072736,NFATC3,9060,True,0.3279724267978424,1.7895892022173934,0.39283684,69,False,False,False,False,False,False,False,False
ENSG00000104218,ENSG00000104218,CSPP1,2764,True,0.10658264318421283,1.7774360354868008,0.38891223,69,False,False,False,False,False,False,False,False
ENSG00000234545,ENSG00000234545,FAM133B,26226,True,0.8170789108747588,1.8253844762858904,0.38518813,69,False,False,False,False,False,False,False,False
ENSG00000103489,ENSG00000103489,XYLT1,1136,True,0.04518948300821753,1.7799033449397752,0.38105813,69,False,False,False,False,False,False,False,False
ENSG00000272688,ENSG00000272688,ENSG00000272688,1088,True,0.043177169170448476,1.7149817636566633,0.3810052,69,False,False,False,False,False,False,False,False
ENSG00000157895,ENSG00000157895,C12orf43,2918,True,0.11192767588953328,1.7766167755376616,0.3778524,69,False,False,False,False,False,False,False,False
ENSG00000150477,ENSG00000150477,KIAA1328,3000,True,0.11570715660015818,1.780341923954756,0.37481976,69,False,False,False,False,False,False,False,False
ENSG00000078687,ENSG00000078687,TNRC6C,4348,True,0.170205563088232,1.7746342369320864,0.3654725,69,False,False,False,False,False,False,False,False
ENSG00000261416,ENSG00000261416,CORO1A-AS1,1661,True,0.06778034149012084,1.774649329788757,0.36380142,69,False,False,False,False,False,False,False,False
ENSG00000135541,ENSG00000135541,AHI1,3374,True,0.13245388784373888,1.7741082274178175,0.36330533,69,False,False,False,False,False,False,False,False
ENSG00000259577,ENSG00000259577,CERNA1,2081,True,0.08543524062492412,1.7775789824586594,0.36226258,69,False,False,False,False,False,False,False,False
ENSG00000188321,ENSG00000188321,ZNF559,2462,True,0.09651308071620841,1.7733759618837015,0.35082528,69,False,False,False,False,False,False,False,False
ENSG00000178104,ENSG00000178104,PDE4DIP,2766,True,0.10407241463805735,1.7732774688613837,0.34639606,69,False,False,False,False,False,False,False,False
ENSG00000067208,ENSG00000067208,EVI5,3601,True,0.13541767075627129,1.7703254768682208,0.346352,69,False,False,False,False,False,False,False,False
ENSG00000168026,ENSG00000168026,TTC21A,2317,True,0.08933317924803358,1.7686546768662694,0.34118626,69,False,False,False,False,False,False,False,False
ENSG00000168214,ENSG00000168214,RBPJ,7998,True,0.2895237682095317,1.773280410658203,0.34021008,69,False,False,False,False,False,False,False,False
ENSG00000135945,ENSG00000135945,REV1,4418,True,0.1638417970505914,1.7693169669812525,0.33861175,69,False,False,False,False,False,False,False,False
ENSG00000129535,ENSG00000129535,NRL,1067,True,0.04473408149990451,1.769584798990406,0.3367812,69,False,False,False,False,False,False,False,False
ENSG00000136861,ENSG00000136861,CDK5RAP2,4873,True,0.17450804095295516,1.767255112379399,0.33525598,69,False,False,False,False,False,False,False,False
ENSG00000034533,ENSG00000034533,ASTE1,2974,True,0.11403353954173628,1.7707465383587966,0.33426636,69,False,False,False,False,False,False,False,False
ENSG00000122042,ENSG00000122042,UBL3,5809,True,0.21166854885780098,1.7693728674804445,0.33400452,69,False,False,False,False,False,False,False,False
ENSG00000068912,ENSG00000068912,ERLEC1,7711,True,0.2818749566542642,1.7710807734809193,0.33100212,69,False,False,False,False,False,False,False,False
ENSG00000083750,ENSG00000083750,RRAGB,3182,True,0.11987445555075596,1.763138189515535,0.33013034,69,False,False,False,False,False,False,False,False
ENSG00000148019,ENSG00000148019,CEP78,3081,True,0.11152595001359968,1.7636230208136565,0.32732415,69,False,False,False,False,False,False,False,False
ENSG00000127720,ENSG00000127720,METTL25,1466,True,0.0567681352021184,1.7612469101315151,0.32705635,69,False,False,False,False,False,False,False,False
ENSG00000140995,ENSG00000140995,DEF8,7686,True,0.27687546032889987,1.7640482901813401,0.32627416,69,False,False,False,False,False,False,False,False
ENSG00000140153,ENSG00000140153,WDR20,2354,True,0.09283840922242984,1.7636380614158242,0.3256955,69,False,False,False,False,False,False,False,False
ENSG00000138376,ENSG00000138376,BARD1,2161,True,0.08582408163985142,1.7663558580498142,0.32374167,69,False,False,False,False,False,False,False,False
ENSG00000162419,ENSG00000162419,GMEB1,3141,True,0.11530449237691438,1.7627821111946815,0.32234997,69,False,False,False,False,False,False,False,False
ENSG00000106617,ENSG00000106617,PRKAG2,6892,True,0.24692876148427348,1.7652823971528853,0.32049742,69,False,False,False,False,False,False,False,False
ENSG00000105851,ENSG00000105851,PIK3CG,2510,True,0.09694009119863617,1.7663279322449683,0.3202579,69,False,False,False,False,False,False,False,False
ENSG00000166478,ENSG00000166478,ZNF143,3227,True,0.12257704669563164,1.7629116090272596,0.31998175,69,False,False,False,False,False,False,False,False
ENSG00000100351,ENSG00000100351,GRAP2,3614,True,0.1404770782172748,1.7614084419568756,0.3199817,69,False,False,False,False,False,False,False,False
ENSG00000128585,ENSG00000128585,MKLN1,5678,True,0.2049149231963308,1.765099057905345,0.3197687,69,False,False,False,False,False,False,False,False
ENSG00000141425,ENSG00000141425,RPRD1A,5021,True,0.19134033112129786,1.76693031913585,0.3180523,69,False,False,False,False,False,False,False,False
ENSG00000260708,ENSG00000260708,TBC1D22A-DT,3634,True,0.1438769544206412,1.7633421252933772,0.31750858,69,False,False,False,False,False,False,False,False
ENSG00000147679,ENSG00000147679,UTP23,5159,True,0.18827318989977693,1.7629670793202898,0.3170901,69,False,False,False,False,False,False,False,False
ENSG00000150776,ENSG00000150776,NKAPD1,3580,True,0.13135680320000132,1.7608339274238423,0.31548855,69,False,False,False,False,False,False,False,False
ENSG00000198561,ENSG00000198561,CTNND1,1273,True,0.05122492810248371,1.7629124980406898,0.31523192,69,False,False,False,False,False,False,False,False
ENSG00000230155,ENSG00000230155,CEP250-AS1,3068,True,0.1203376281234869,1.7657879010512167,0.31506976,69,False,False,False,False,False,False,False,False
ENSG00000169087,ENSG00000169087,HSPBAP1,2665,True,0.10342333213943024,1.7596025463247031,0.31484026,69,False,False,False,False,False,False,False,False
ENSG00000219481,ENSG00000219481,NBPF1,2825,True,0.1049413001108369,1.7629172257379713,0.31475073,69,False,False,False,False,False,False,False,False
ENSG00000260260,ENSG00000260260,SNHG19,5553,True,0.21046470807723738,1.7614019161099934,0.31422922,69,False,False,False,False,False,False,False,False
ENSG00000174579,ENSG00000174579,MSL2,4518,True,0.1642204304617105,1.763131088414621,0.31407553,69,False,False,False,False,False,False,False,False
ENSG00000101343,ENSG00000101343,CRNKL1,3739,True,0.13963016133515077,1.7630529804438344,0.3137422,69,False,False,False,False,False,False,False,False
ENSG00000265739,ENSG00000265739,ENSG00000265739,1606,True,0.06477071566232667,1.761002554551739,0.30664188,69,False,False,False,False,False,False,False,False
ENSG00000117528,ENSG00000117528,ABCD3,1857,True,0.072211948378779,1.7623246266373882,0.30573758,69,False,False,False,False,False,False,False,False
ENSG00000064995,ENSG00000064995,TAF11,8619,True,0.30651245704163493,1.7751102922299231,0.3042073,69,False,False,False,False,False,False,False,False
ENSG00000148690,ENSG00000148690,FRA10AC1,5559,True,0.20768459919761834,1.7594004040316678,0.3022465,69,False,False,False,False,False,False,False,False
ENSG00000085274,ENSG00000085274,MYNN,3493,True,0.13579157039187761,1.7596951627124822,0.30167073,69,False,False,False,False,False,False,False,False
ENSG00000105778,ENSG00000105778,AVL9,3449,True,0.1266803366859223,1.7612935930487514,0.29992405,69,False,False,False,False,False,False,False,False
ENSG00000188917,ENSG00000188917,TRMT2B,2467,True,0.09358737278165506,1.7600473069021676,0.29911956,69,False,False,False,False,False,False,False,False
ENSG00000070718,ENSG00000070718,AP3M2,2769,True,0.1098157319710988,1.7584333284560634,0.29610002,69,False,False,False,False,False,False,False,False
ENSG00000121274,ENSG00000121274,TENT4B,2239,True,0.0880046776663646,1.759051124376839,0.29458502,69,False,False,False,False,False,False,False,False
ENSG00000066084,ENSG00000066084,DIP2B,3957,True,0.14727655318476676,1.7591665943597106,0.29427314,69,False,False,False,False,False,False,False,False
ENSG00000182307,ENSG00000182307,C8orf33,7951,True,0.29695401251474907,1.7631332744819885,0.29360467,69,False,False,False,False,False,False,False,False
ENSG00000077458,ENSG00000077458,FAM76B,5476,True,0.19995261798100425,1.7625190921531497,0.29326996,69,False,False,False,False,False,False,False,False
ENSG00000198783,ENSG00000198783,ZNF830,7770,True,0.2799036841364152,1.7702214558962714,0.2931427,69,False,False,False,False,False,False,False,False
ENSG00000271204,ENSG00000271204,ENSG00000271204,6122,True,0.22148721480503208,1.7588292735567044,0.2907141,69,False,False,False,False,False,False,False,False
ENSG00000196646,ENSG00000196646,ZNF136,2636,True,0.0991258248666303,1.7586595666231417,0.2895202,69,False,False,False,False,False,False,False,False
ENSG00000156603,ENSG00000156603,MED19,5996,True,0.22573606562467588,1.7606590675066682,0.28890827,69,False,False,False,False,False,False,False,False
ENSG00000157764,ENSG00000157764,BRAF,3532,True,0.13100544305731232,1.7555668708049759,0.28852147,69,False,False,False,False,False,False,False,False
ENSG00000068784,ENSG00000068784,SRBD1,3159,True,0.11741993390812043,1.7520203217368104,0.28823423,69,False,False,False,False,False,False,False,False
ENSG00000224470,ENSG00000224470,ATXN1L,3801,True,0.14395441113652135,1.7585398566528205,0.28808698,69,False,False,False,False,False,False,False,False
ENSG00000144827,ENSG00000144827,ABHD10,2704,True,0.10579317071700177,1.758127199279083,0.28806648,69,False,False,False,False,False,False,False,False
ENSG00000179909,ENSG00000179909,ZNF154,1250,True,0.050853052769364186,1.761684297022223,0.2878271,69,False,False,False,False,False,False,False,False
ENSG00000173715,ENSG00000173715,TOP6BL,3534,True,0.13813619005813693,1.756767678794658,0.2875407,69,False,False,False,False,False,False,False,False
ENSG00000108091,ENSG00000108091,CCDC6,7536,True,0.26040171311036925,1.7643050215355915,0.28720647,69,False,False,False,False,False,False,False,False
ENSG00000196236,ENSG00000196236,XPNPEP3,2699,True,0.10030626152235289,1.7580809765023717,0.28477356,69,False,False,False,False,False,False,False,False
ENSG00000122884,ENSG00000122884,P4HA1,4188,True,0.16053495282196895,1.7567375752427326,0.2844878,69,False,False,False,False,False,False,False,False
ENSG00000116095,ENSG00000116095,PLEKHA3,5463,True,0.20286830850102852,1.7559924505705609,0.28327352,69,False,False,False,False,False,False,False,False
ENSG00000184277,ENSG00000184277,TM2D3,7252,True,0.2661778919390379,1.759167161779275,0.28203115,69,False,False,False,False,False,False,False,False
ENSG00000170473,ENSG00000170473,PYM1,8319,True,0.298162791643754,1.7606748680330846,0.28179523,69,False,False,False,False,False,False,False,False
ENSG00000138496,ENSG00000138496,PARP9,5732,True,0.2089303320505276,1.755982550948906,0.28171214,69,False,False,False,False,False,False,False,True
ENSG00000160199,ENSG00000160199,PKNOX1,2045,True,0.07800201690841696,1.7560477700997432,0.2808671,69,False,False,False,False,False,False,False,False
ENSG00000157036,ENSG00000157036,EXOG,6842,True,0.25307586011297023,1.7605304387633582,0.27769524,69,False,False,False,False,False,False,False,False
ENSG00000119953,ENSG00000119953,SMNDC1,7107,True,0.2541741684591898,1.7609581875028193,0.2769503,69,False,False,False,False,False,False,False,False
ENSG00000125629,ENSG00000125629,INSIG2,4258,True,0.16363337140722753,1.7545054290063233,0.27566305,69,False,False,False,False,False,False,False,False
ENSG00000185753,ENSG00000185753,CXorf38,4769,True,0.1699291891363283,1.7523666246087195,0.27143133,69,False,False,False,False,False,False,False,False
ENSG00000114423,ENSG00000114423,CBLB,5302,True,0.19061361570025123,1.7530249579576058,0.26965252,69,False,False,False,False,False,False,False,False
ENSG00000132155,ENSG00000132155,RAF1,4944,True,0.17656959270512382,1.7526387021951648,0.26899096,69,False,False,False,False,False,False,False,False
ENSG00000139613,ENSG00000139613,SMARCC2,8581,True,0.2984281614838611,1.7667308853941035,0.26624602,69,False,False,False,False,False,False,False,False
ENSG00000119004,ENSG00000119004,CYP20A1,6312,True,0.22395781726805788,1.756491340984599,0.2635094,69,False,False,False,False,False,False,False,False
ENSG00000085365,ENSG00000085365,SCAMP1,3491,True,0.12864081913354275,1.751317347969203,0.26291838,69,False,False,False,False,False,False,False,False
ENSG00000121716,ENSG00000121716,PILRB,6039,True,0.216081312968139,1.7554483630521214,0.2605943,69,False,False,False,False,False,False,False,False
ENSG00000162739,ENSG00000162739,SLAMF6,4047,True,0.15114521857808352,1.7516029030972569,0.25980872,69,False,False,False,False,False,False,False,False
ENSG00000119616,ENSG00000119616,FCF1,3726,True,0.1466390179381566,1.7496353759836898,0.25654364,69,False,False,False,False,False,False,False,False
ENSG00000078142,ENSG00000078142,PIK3C3,3751,True,0.13551102498616266,1.7498598261469624,0.25412259,69,False,False,False,False,False,False,False,False
ENSG00000165410,ENSG00000165410,CFL2,3035,True,0.11659142325310944,1.7485024086897716,0.25311586,69,False,False,False,False,False,False,False,False
ENSG00000139496,ENSG00000139496,NUP58,3420,True,0.12626814423571395,1.7501027222200856,0.25231367,69,False,False,False,False,False,False,False,False
ENSG00000151883,ENSG00000151883,PARP8,5809,True,0.20998118725988923,1.7435340547742226,0.21396498,69,False,False,False,False,False,False,False,False
ENSG00000206573,ENSG00000206573,THUMPD3-AS1,18514,True,0.6350555534721543,1.8227393813478814,0.58551186,68,False,False,False,False,False,False,False,False
ENSG00000111640,ENSG00000111640,GAPDH,58142,True,1.5561186162871052,1.9837303052723902,0.5759237,68,False,False,False,False,False,False,False,False
ENSG00000102096,ENSG00000102096,PIM2,15858,True,0.5357584343869424,1.8130802993791504,0.566377,68,False,False,False,False,False,False,False,False
ENSG00000158406,ENSG00000158406,H4C8,1262,True,0.05476469582024175,1.8174025848310407,0.56296915,68,False,False,False,False,False,False,False,False
ENSG00000124575,ENSG00000124575,H1-3,9735,True,0.33383428546409233,1.8012208949901085,0.5360091,68,False,False,False,False,False,False,False,False
ENSG00000173193,ENSG00000173193,PARP14,22263,True,0.702288433705053,1.8269367588320982,0.53242725,68,False,False,False,False,False,False,False,False
ENSG00000169554,ENSG00000169554,ZEB2,14552,True,0.4956020865278612,1.804695831099471,0.51491916,68,False,False,False,False,False,False,False,False
ENSG00000006652,ENSG00000006652,IFRD1,15988,True,0.5323471083387251,1.811668696093753,0.50327045,68,False,False,False,False,False,False,False,False
ENSG00000153774,ENSG00000153774,CFDP1,10180,True,0.36959217410017503,1.7950480020203081,0.47954842,68,False,False,False,False,False,False,False,False
ENSG00000134909,ENSG00000134909,ARHGAP32,559,True,0.023477365701069466,1.7042232079101167,0.47810337,68,False,False,False,False,False,False,False,False
ENSG00000197497,ENSG00000197497,ZNF665,825,True,0.03576848116072801,1.7909525739974042,0.47422168,68,False,False,False,False,False,False,False,False
ENSG00000157500,ENSG00000157500,APPL1,18625,True,0.6174083242612977,1.8065665261861683,0.44576472,68,False,False,False,False,False,False,False,False
ENSG00000008441,ENSG00000008441,NFIX,692,True,0.03022822877551361,1.7940923186872952,0.4436272,68,False,False,False,False,False,False,False,False
ENSG00000164953,ENSG00000164953,TMEM67,1247,True,0.05177405563279913,1.794722568204734,0.43766406,68,False,False,False,False,False,False,False,False
ENSG00000167483,ENSG00000167483,NIBAN3,21955,True,0.7074483022504268,1.8216015799682828,0.43285087,68,False,False,False,False,False,False,False,False
ENSG00000273141,ENSG00000273141,ENSG00000273141,808,True,0.035278849515788524,1.7909505512834514,0.43175942,68,False,False,False,False,False,False,False,False
ENSG00000167555,ENSG00000167555,ZNF528,1299,True,0.051037217145088805,1.7262101808140065,0.41948462,68,False,False,False,False,False,False,False,False
ENSG00000181894,ENSG00000181894,ZNF329,758,True,0.03062572446382755,1.7132313477952954,0.40798968,68,False,False,False,False,False,False,False,False
ENSG00000185869,ENSG00000185869,ZNF829,1013,True,0.04210230049202523,1.786295766659383,0.40476668,68,False,False,False,False,False,False,False,False
ENSG00000154153,ENSG00000154153,RETREG1,1379,True,0.05620889098291189,1.7818467723858369,0.40087435,68,False,False,False,False,False,False,False,False
ENSG00000204620,ENSG00000204620,ENSG00000204620,616,True,0.027106616674907328,1.780280985074919,0.40029892,68,False,False,False,False,False,False,False,False
ENSG00000111247,ENSG00000111247,RAD51AP1,1423,True,0.0573587148826916,1.7782451257511485,0.39666426,68,False,False,False,False,False,False,False,False
ENSG00000165071,ENSG00000165071,TMEM71,1781,True,0.07059729762994942,1.7812500177068593,0.39460126,68,False,False,False,False,False,False,False,False
ENSG00000120662,ENSG00000120662,MTRF1,1714,True,0.06485966130689352,1.781849459856852,0.38901633,68,False,False,False,False,False,False,False,False
ENSG00000111144,ENSG00000111144,LTA4H,21017,True,0.6742573361083838,1.808297224428185,0.3869831,68,False,False,False,False,False,False,False,False
ENSG00000101040,ENSG00000101040,ZMYND8,8031,True,0.28901107386163966,1.790540978417519,0.3839887,68,False,False,False,False,False,False,False,False
ENSG00000267383,ENSG00000267383,ENSG00000267383,710,True,0.03045054370581828,1.77977916443026,0.37747175,68,False,False,False,False,False,False,False,False
ENSG00000130653,ENSG00000130653,PNPLA7,904,True,0.03806508936821007,1.7763673613106723,0.3770774,68,False,False,False,False,False,False,False,False
ENSG00000132952,ENSG00000132952,USPL1,4268,True,0.15988326402587055,1.7790200521271884,0.3684217,68,False,False,False,False,False,False,False,False
ENSG00000102349,ENSG00000102349,KLF8,1812,True,0.07067775778410669,1.773572874165285,0.3677216,68,False,False,False,False,False,False,False,False
ENSG00000137193,ENSG00000137193,PIM1,4243,True,0.14840914208358816,1.768412005715487,0.36731112,68,False,False,False,False,False,False,False,False
ENSG00000010318,ENSG00000010318,PHF7,1869,True,0.07470112471716885,1.773563830010014,0.36627603,68,False,False,False,False,False,False,False,False
ENSG00000127337,ENSG00000127337,YEATS4,5577,True,0.20336480819162164,1.773150158855814,0.3661562,68,False,False,False,False,False,False,False,False
ENSG00000136826,ENSG00000136826,KLF4,3871,True,0.15525706676905607,1.7719168339501856,0.36511105,68,False,False,False,False,False,False,False,False
ENSG00000272277,ENSG00000272277,ENSG00000272277,970,True,0.04008351648364982,1.7658528051366686,0.36055076,68,False,False,False,False,False,False,False,False
ENSG00000128915,ENSG00000128915,ICE2,5321,True,0.1925581855263718,1.7722675915942185,0.35571766,68,False,False,False,False,False,False,False,False
ENSG00000166262,ENSG00000166262,FAM227B,1205,True,0.04796204523152588,1.7735468587293355,0.35457253,68,False,False,False,False,False,False,False,False
ENSG00000164172,ENSG00000164172,MOCS2,4887,True,0.1873423367400859,1.7707662884054203,0.35409042,68,False,False,False,False,False,False,False,False
ENSG00000161791,ENSG00000161791,FMNL3,1058,True,0.04336272768900303,1.7735229585848493,0.35213938,68,False,False,False,False,False,False,False,False
ENSG00000171503,ENSG00000171503,ETFDH,2415,True,0.08807272560505854,1.767980834338635,0.3484841,68,False,False,False,False,False,False,False,False
ENSG00000105472,ENSG00000105472,CLEC11A,1490,True,0.0624936807490321,1.7692423979288598,0.3474792,68,False,False,False,False,False,False,False,False
ENSG00000139112,ENSG00000139112,GABARAPL1,1860,True,0.07310984886960827,1.769615643313048,0.345635,68,False,False,False,False,False,False,False,False
ENSG00000070081,ENSG00000070081,NUCB2,3633,True,0.13626064790302236,1.7665086522606954,0.34348285,68,False,False,False,False,False,False,False,False
ENSG00000133056,ENSG00000133056,PIK3C2B,1765,True,0.07046557798390157,1.7717861675378666,0.34064165,68,False,False,False,False,False,False,False,False
ENSG00000198453,ENSG00000198453,ZNF568,1691,True,0.06569085625249235,1.7672582230102458,0.33830082,68,False,False,False,False,False,False,False,False
ENSG00000173276,ENSG00000173276,ZBTB21,3427,True,0.13094302295252133,1.7679584535786141,0.33635172,68,False,False,False,False,False,False,False,False
ENSG00000133812,ENSG00000133812,SBF2,2867,True,0.11040385174471509,1.7387538903344257,0.33454463,68,False,False,False,False,False,False,False,False
ENSG00000143498,ENSG00000143498,TAF1A,1139,True,0.04855059938328308,1.7404820916611479,0.3323631,68,False,False,False,False,False,False,False,False
ENSG00000113522,ENSG00000113522,RAD50,8289,True,0.28806858198731783,1.76604447033915,0.33148456,68,False,False,False,False,False,False,False,False
ENSG00000186918,ENSG00000186918,ZNF395,2488,True,0.0997459864752321,1.7675321208663872,0.3301902,68,False,False,False,False,False,False,False,False
ENSG00000164300,ENSG00000164300,SERINC5,1461,True,0.05463071174279368,1.7622265014327247,0.33010486,68,False,False,False,False,False,False,False,False
ENSG00000188641,ENSG00000188641,DPYD,2517,True,0.09671670872264446,1.767419726412106,0.330045,68,False,False,False,False,False,False,False,False
ENSG00000168137,ENSG00000168137,SETD5,7456,True,0.26946356298211327,1.7684197194711802,0.32811016,68,False,False,False,False,False,False,False,False
ENSG00000132849,ENSG00000132849,PATJ,2186,True,0.08358238439513185,1.766351983061611,0.3259501,68,False,False,False,False,False,False,False,False
ENSG00000138050,ENSG00000138050,THUMPD2,3741,True,0.14122852929907098,1.7634937849465877,0.32260275,68,False,False,False,False,False,False,False,False
ENSG00000056586,ENSG00000056586,RC3H2,5003,True,0.18328582787006722,1.767243338551149,0.32241693,68,False,False,False,False,False,False,False,False
ENSG00000103274,ENSG00000103274,NUBP1,5481,True,0.20521165889499587,1.7659266937964324,0.32170343,68,False,False,False,False,False,False,False,False
ENSG00000032742,ENSG00000032742,IFT88,2663,True,0.10065624563033183,1.7673785710038314,0.32112172,68,False,False,False,False,False,False,False,False
ENSG00000182158,ENSG00000182158,CREB3L2,3515,True,0.12915468532712945,1.7630481753856602,0.32072398,68,False,False,False,False,False,False,False,False
ENSG00000117151,ENSG00000117151,CTBS,6371,True,0.22928053583948468,1.7623479071882697,0.31848285,68,False,False,False,False,False,False,False,False
ENSG00000107201,ENSG00000107201,RIGI,3929,True,0.14834245804847185,1.7623008151986368,0.31634572,68,False,False,False,False,False,False,False,False
ENSG00000137574,ENSG00000137574,TGS1,6228,True,0.22474885226447155,1.7636360753499245,0.3144324,68,False,False,False,False,False,False,False,False
ENSG00000149084,ENSG00000149084,HSD17B12,4519,True,0.16343629815473085,1.764584136113251,0.31236818,68,False,False,False,False,False,False,False,False
ENSG00000111224,ENSG00000111224,PARP11,2278,True,0.08716539833915404,1.7609324096273697,0.31156677,68,False,False,False,False,False,False,False,False
ENSG00000152944,ENSG00000152944,MED21,3234,True,0.12828391110850387,1.7608054429476967,0.31153545,68,False,False,False,False,False,False,False,False
ENSG00000145649,ENSG00000145649,GZMA,4920,True,0.19330813603857913,1.762622300204496,0.31035072,68,False,False,False,False,False,False,False,False
ENSG00000181381,ENSG00000181381,DDX60L,3927,True,0.15168780006618185,1.7584085478995897,0.30772308,68,False,False,False,False,False,False,False,False
ENSG00000127995,ENSG00000127995,CASD1,1778,True,0.06683352816138653,1.7616960834472026,0.30746102,68,False,False,False,False,False,False,False,False
ENSG00000163611,ENSG00000163611,SPICE1,1465,True,0.059043686556951164,1.7629921623619738,0.30706882,68,False,False,False,False,False,False,False,False
ENSG00000141013,ENSG00000141013,GAS8,475,True,0.020488419040565597,1.7011908017963178,0.3065184,68,False,False,False,False,False,False,False,False
ENSG00000187189,ENSG00000187189,TSPYL4,2737,True,0.1041588641934552,1.760773329627581,0.3061789,68,False,False,False,False,False,False,False,False
ENSG00000150787,ENSG00000150787,PTS,4792,True,0.18305540403897644,1.7636543709122756,0.30552575,68,False,False,False,False,False,False,False,False
ENSG00000204438,ENSG00000204438,GPANK1,5913,True,0.22149448488018286,1.7618368337736912,0.30512205,68,False,False,False,False,False,False,False,False
ENSG00000159459,ENSG00000159459,UBR1,3714,True,0.13885311765154126,1.7590754341392054,0.3039798,68,False,False,False,False,False,False,False,False
ENSG00000197629,ENSG00000197629,MPEG1,5636,True,0.2051694203809733,1.7629482405657255,0.3019277,68,False,False,False,False,False,False,False,False
ENSG00000135974,ENSG00000135974,C2orf49,4985,True,0.1891321729906645,1.7572341631523507,0.3011528,68,False,False,False,False,False,False,False,False
ENSG00000272092,ENSG00000272092,ENSG00000272092,884,True,0.036285395364813226,1.728968513797718,0.30109456,68,False,False,False,False,False,False,False,False
ENSG00000120162,ENSG00000120162,MOB3B,3001,True,0.11722463262560225,1.7634437506201293,0.30073535,68,False,False,False,False,False,False,False,False
ENSG00000121931,ENSG00000121931,LRIF1,4298,True,0.16247855806852382,1.7583165945893753,0.29888296,68,False,False,False,False,False,False,False,False
ENSG00000012822,ENSG00000012822,CALCOCO1,4523,True,0.16479522839084543,1.756834515180362,0.29340592,68,False,False,False,False,False,False,False,False
ENSG00000138035,ENSG00000138035,PNPT1,3930,True,0.14742577451383904,1.7593066911531052,0.29268542,68,False,False,False,False,False,False,False,False
ENSG00000180773,ENSG00000180773,SLC36A4,3552,True,0.13399878091841239,1.7593195504480243,0.29197523,68,False,False,False,False,False,False,False,False
ENSG00000205323,ENSG00000205323,SARNP,3329,True,0.1280509362250199,1.7550090991984844,0.29137108,68,False,False,False,False,False,False,False,False
ENSG00000170017,ENSG00000170017,ALCAM,2707,True,0.10014420934856054,1.7530840625635316,0.2893942,68,False,False,False,False,False,False,False,False
ENSG00000107643,ENSG00000107643,MAPK8,2568,True,0.0972273663264128,1.7580695174406715,0.28830793,68,False,False,False,False,False,False,False,False
ENSG00000174373,ENSG00000174373,RALGAPA1,4101,True,0.1508269674026439,1.7560639403385396,0.287512,68,False,False,False,False,False,False,False,False
ENSG00000151893,ENSG00000151893,CACUL1,4262,True,0.16248783580840598,1.757008614608172,0.2854622,68,False,False,False,False,False,False,False,False
ENSG00000235706,ENSG00000235706,DICER1-AS1,1021,True,0.04161210078355821,1.7538879716154214,0.28493053,68,False,False,False,False,False,False,False,False
ENSG00000151353,ENSG00000151353,TMEM18,5442,True,0.1959385380091079,1.7522006616037766,0.28445402,68,False,False,False,False,False,False,False,False
ENSG00000168887,ENSG00000168887,C2orf68,3931,True,0.1496040001602587,1.7550734309130371,0.28329808,68,False,False,False,False,False,False,False,False
ENSG00000068878,ENSG00000068878,PSME4,6942,True,0.24665274850700222,1.7584073703481493,0.2813189,68,False,False,False,False,False,False,False,False
ENSG00000135821,ENSG00000135821,GLUL,5401,True,0.19617741701956246,1.7559433203225452,0.28131095,68,False,False,False,False,False,False,False,False
ENSG00000018280,ENSG00000018280,SLC11A1,2723,True,0.10180091053089263,1.7545367113627564,0.2797872,68,False,False,False,False,False,False,False,False
ENSG00000161642,ENSG00000161642,ZNF385A,1496,True,0.058597996753661175,1.7570949232436528,0.2796014,68,False,False,False,False,False,False,False,False
ENSG00000139433,ENSG00000139433,GLTP,7815,True,0.28258763126099207,1.7611944169573965,0.2785981,68,False,False,False,False,False,False,False,False
ENSG00000005812,ENSG00000005812,FBXL3,4434,True,0.1647027561139108,1.7544805323803623,0.27669773,68,False,False,False,False,False,False,False,False
ENSG00000112339,ENSG00000112339,HBS1L,5017,True,0.18108095535404745,1.7551560041264411,0.27654994,68,False,False,False,False,False,False,False,False
ENSG00000255517,ENSG00000255517,DPP3-DT,1850,True,0.07228527604619578,1.753663483737308,0.2745415,68,False,False,False,False,False,False,False,False
ENSG00000165661,ENSG00000165661,QSOX2,2480,True,0.0947131799432432,1.7548957738982418,0.27293232,68,False,False,False,False,False,False,False,False
ENSG00000165819,ENSG00000165819,METTL3,3655,True,0.13545426708543104,1.757112725088414,0.26994014,68,False,False,False,False,False,False,False,False
ENSG00000130749,ENSG00000130749,ZC3H4,2563,True,0.10386012270518169,1.7524703709161331,0.26753587,68,False,False,False,False,False,False,False,False
ENSG00000110395,ENSG00000110395,CBL,4054,True,0.14800607345847608,1.752323099250846,0.26637486,68,False,False,False,False,False,False,False,False
ENSG00000159348,ENSG00000159348,CYB5R1,2830,True,0.1050926118646153,1.7535544000584509,0.26474443,68,False,False,False,False,False,False,False,False
ENSG00000138750,ENSG00000138750,NUP54,4118,True,0.14970590811807302,1.7531539158794691,0.26303366,68,False,False,False,False,False,False,False,False
ENSG00000104980,ENSG00000104980,TIMM44,5442,True,0.20269534175959159,1.7527381637267276,0.26041105,68,False,False,False,False,False,False,False,False
ENSG00000123268,ENSG00000123268,ATF1,5235,True,0.195139725119586,1.7520157709523019,0.2601036,68,False,False,False,False,False,False,False,False
ENSG00000182903,ENSG00000182903,ZNF721,7366,True,0.25749822714168674,1.7576155255626882,0.2597191,68,False,False,False,False,False,False,False,False
ENSG00000107742,ENSG00000107742,SPOCK2,6563,True,0.22899947326405548,1.75592201872771,0.25864527,68,False,False,False,False,False,False,False,False
ENSG00000133835,ENSG00000133835,HSD17B4,3739,True,0.13538254713207462,1.7503357606477117,0.2581472,68,False,False,False,False,False,False,False,False
ENSG00000023041,ENSG00000023041,ZDHHC6,6240,True,0.22942638862049358,1.7496684580250197,0.25615278,68,False,False,False,False,False,False,False,False
ENSG00000008869,ENSG00000008869,HEATR5B,3719,True,0.13500822613375785,1.749522505590525,0.25581497,68,False,False,False,False,False,False,False,False
ENSG00000105849,ENSG00000105849,POLR1F,7309,True,0.2668004566459637,1.7626020254779957,0.25549793,68,False,False,False,False,False,False,False,False
ENSG00000156030,ENSG00000156030,MIDEAS,5993,True,0.2260144446305672,1.7547922664291276,0.25361,68,False,False,False,False,False,False,False,False
ENSG00000165169,ENSG00000165169,DYNLT3,6870,True,0.2518025366355169,1.751719994227149,0.25109026,68,False,False,False,False,False,False,False,False
ENSG00000171161,ENSG00000171161,ZNF672,2777,True,0.10343254620391841,1.7478954695379634,0.24460661,68,False,False,False,False,False,False,False,False
ENSG00000188021,ENSG00000188021,UBQLN2,5083,True,0.18596752959602716,1.7461873293549777,0.23951417,68,False,False,False,False,False,False,False,False
ENSG00000114933,ENSG00000114933,INO80D,6416,True,0.2264048277497981,1.7524432738084164,0.23765449,68,False,False,False,False,False,False,False,False
ENSG00000166783,ENSG00000166783,MARF1,8000,True,0.28295498743776243,1.762395480619211,0.23627691,68,False,False,False,False,False,False,False,False
ENSG00000116001,ENSG00000116001,TIA1,7829,True,0.27951694966667134,1.7545899166698413,0.23356056,68,False,False,False,False,False,False,False,False
ENSG00000126883,ENSG00000126883,NUP214,5092,True,0.1810530160802928,1.7425759967487837,0.22950582,68,False,False,False,False,False,False,False,False
ENSG00000076984,ENSG00000076984,MAP2K7,5588,True,0.19831118634893474,1.7447292054455514,0.22726534,68,False,False,False,False,False,False,False,False
ENSG00000162520,ENSG00000162520,SYNC,4295,True,0.16582342620401364,1.7446121795678606,0.2263433,68,False,False,False,False,False,False,False,False
ENSG00000138821,ENSG00000138821,SLC39A8,978,True,0.038369381850563114,1.6786397135419848,0.21349747,68,False,False,False,False,False,False,False,False
ENSG00000180304,ENSG00000180304,OAZ2,8471,True,0.2985216818040463,1.7527928613832235,0.21213932,68,False,False,False,False,False,False,False,False
ENSG00000168010,ENSG00000168010,ATG16L2,6018,True,0.21525163962910482,1.7386423737053691,0.19878484,68,False,False,False,False,False,False,False,False
ENSG00000168209,ENSG00000168209,DDIT4,14571,True,0.5026515794390859,1.8301664459890865,0.70758414,67,False,False,False,False,False,False,False,False
ENSG00000121064,ENSG00000121064,SCPEP1,15773,True,0.5385134414789022,1.8171357873597875,0.64152676,67,False,False,False,False,False,False,False,False
ENSG00000232010,ENSG00000232010,DNMT3L-AS1,298,True,0.01478214371860524,1.63282726169642,0.6216726,67,False,False,False,False,False,False,False,False
ENSG00000152804,ENSG00000152804,HHEX,17984,True,0.6060876593994329,1.8191656751212257,0.60103834,67,False,False,False,False,False,False,False,False
ENSG00000138639,ENSG00000138639,ARHGAP24,19591,True,0.6217465819461855,1.819102992218067,0.5441787,67,False,False,False,False,False,False,False,False
ENSG00000113369,ENSG00000113369,ARRDC3,17072,True,0.5726603951109257,1.8101926525891598,0.4979036,67,False,False,False,False,False,False,False,False
ENSG00000170873,ENSG00000170873,MTSS1,19350,True,0.6220403278971441,1.8122565606452954,0.47421002,67,False,False,False,False,False,False,False,False
ENSG00000267454,ENSG00000267454,ZNF582-DT,847,True,0.035812141908785754,1.7983458605365537,0.45666575,67,False,False,False,False,False,False,False,False
ENSG00000000938,ENSG00000000938,FGR,9880,True,0.3477456056150608,1.7913211488646297,0.44876614,67,False,False,False,False,False,False,False,False
ENSG00000161610,ENSG00000161610,HCRT,371,True,0.0177365650517332,1.7246671824702133,0.4324446,67,False,False,False,False,False,False,False,False
ENSG00000203778,ENSG00000203778,FAM229B,787,True,0.032972247180246085,1.7861475936627977,0.4221591,67,False,False,False,False,False,False,False,False
ENSG00000104964,ENSG00000104964,TLE5,37234,True,1.0845119766540579,1.8619668546483032,0.42007092,67,False,False,False,False,False,False,False,False
ENSG00000260081,ENSG00000260081,MRFAP1P1,1145,True,0.04834998248125264,1.7838558141645564,0.4175437,67,False,False,False,False,False,False,False,False
ENSG00000140030,ENSG00000140030,GPR65,10775,True,0.393655512142386,1.7927645455820373,0.4112392,67,False,False,False,False,False,False,False,False
ENSG00000146535,ENSG00000146535,GNA12,1880,True,0.07043088869173837,1.790105863245328,0.40305454,67,False,False,False,False,False,False,False,False
ENSG00000273382,ENSG00000273382,TMEM167B-DT,873,True,0.03597102648503177,1.7617141914476513,0.40062758,67,False,False,False,False,False,False,False,False
ENSG00000113916,ENSG00000113916,BCL6,1684,True,0.06690124680403232,1.780538952562451,0.39167514,67,False,False,False,False,False,False,False,False
ENSG00000175595,ENSG00000175595,ERCC4,1932,True,0.0753380161125964,1.7783011738070882,0.38745886,67,False,False,False,False,False,False,False,False
ENSG00000185905,ENSG00000185905,C16orf54,6056,True,0.22992783276625772,1.7744623387994907,0.38040364,67,False,False,False,False,False,False,False,False
ENSG00000112576,ENSG00000112576,CCND3,25067,True,0.7716323295842167,1.8213473883209046,0.3781865,67,False,False,False,False,False,False,False,False
ENSG00000162623,ENSG00000162623,TYW3,4217,True,0.1560700089493809,1.775473718991372,0.37725583,67,False,False,False,False,False,False,False,False
ENSG00000154309,ENSG00000154309,DISP1,814,True,0.034334755074313966,1.7795204876691542,0.3764719,67,False,False,False,False,False,False,False,False
ENSG00000234284,ENSG00000234284,ZNF879,622,True,0.024981288274867276,1.6968067156332347,0.3763419,67,False,False,False,False,False,False,False,False
ENSG00000163406,ENSG00000163406,SLC15A2,1602,True,0.06603414151569952,1.7760120952834606,0.3743096,67,False,False,False,False,False,False,False,False
ENSG00000047579,ENSG00000047579,DTNBP1,8884,True,0.3206973157579048,1.7783552308603334,0.36563253,67,False,False,False,False,False,False,False,False
ENSG00000100592,ENSG00000100592,DAAM1,7458,True,0.2617494831024618,1.7654141453954493,0.3650189,67,False,False,False,False,False,False,False,False
ENSG00000232788,ENSG00000232788,ITGA6-AS1,1341,True,0.05512601683089516,1.774688015400276,0.3648994,67,False,False,False,False,False,False,False,False
ENSG00000196227,ENSG00000196227,FAM217B,2964,True,0.11275932526487349,1.7712857145660756,0.36348253,67,False,False,False,False,False,False,False,False
ENSG00000172171,ENSG00000172171,TEFM,2181,True,0.086769564667891,1.7722322884496278,0.36298323,67,False,False,False,False,False,False,False,False
ENSG00000160818,ENSG00000160818,GPATCH4,6056,True,0.21834313381467882,1.7692210000922288,0.3576505,67,False,False,False,False,False,False,False,False
ENSG00000171466,ENSG00000171466,ZNF562,1397,True,0.05560261052238951,1.7759215063293445,0.35305753,67,False,False,False,False,False,False,False,False
ENSG00000198198,ENSG00000198198,SZT2,1791,True,0.06818147152066639,1.7732425501452895,0.3496313,67,False,False,False,False,False,False,False,False
ENSG00000146414,ENSG00000146414,SHPRH,7046,True,0.2543640302411052,1.7851661956366056,0.34889796,67,False,False,False,False,False,False,False,False
ENSG00000151233,ENSG00000151233,GXYLT1,2936,True,0.11459603419732271,1.77315450615371,0.3486291,67,False,False,False,False,False,False,False,False
ENSG00000270419,ENSG00000270419,CAHM,684,True,0.030303692869100687,1.770598924033959,0.34704667,67,False,False,False,False,False,False,False,False
ENSG00000155926,ENSG00000155926,SLA,5223,True,0.1897657829953867,1.768881255693104,0.3444273,67,False,False,False,False,False,False,False,False
ENSG00000139174,ENSG00000139174,PRICKLE1,931,True,0.038833788310901646,1.7702210800664882,0.34352687,67,False,False,False,False,False,False,False,False
ENSG00000101493,ENSG00000101493,ZNF516,1054,True,0.043663025551381685,1.7705076960090431,0.3397935,67,False,False,False,False,False,False,False,False
ENSG00000182359,ENSG00000182359,KBTBD3,3675,True,0.1433413233853821,1.767053663595936,0.33793843,67,False,False,False,False,False,False,False,False
ENSG00000134982,ENSG00000134982,APC,3947,True,0.14361377578767162,1.764265718296695,0.33444944,67,False,False,False,False,False,False,False,False
ENSG00000105617,ENSG00000105617,LENG1,8376,True,0.3006440067958949,1.77898954490559,0.33438945,67,False,False,False,False,False,False,False,False
ENSG00000138074,ENSG00000138074,SLC5A6,2500,True,0.09907347930888831,1.7682779203188288,0.33278748,67,False,False,False,False,False,False,False,False
ENSG00000233559,ENSG00000233559,LINC00513,2810,True,0.10475925269792773,1.7719690962545238,0.32994345,67,False,False,False,False,False,False,False,False
ENSG00000175105,ENSG00000175105,ZNF654,1610,True,0.0619725658846662,1.7639757718689963,0.328896,67,False,False,False,False,False,False,False,False
ENSG00000185278,ENSG00000185278,ZBTB37,2011,True,0.07476858400223318,1.7648960676440453,0.32551768,67,False,False,False,False,False,False,False,False
ENSG00000149970,ENSG00000149970,CNKSR2,1112,True,0.04453245117423418,1.7364869023029728,0.32449764,67,False,False,False,False,False,False,False,False
ENSG00000143756,ENSG00000143756,FBXO28,2568,True,0.09662754900820353,1.7653602407924611,0.32425278,67,False,False,False,False,False,False,False,False
ENSG00000171408,ENSG00000171408,PDE7B,877,True,0.035560633467390856,1.7388490301652662,0.3239589,67,False,False,False,False,False,False,False,False
ENSG00000100079,ENSG00000100079,LGALS2,3979,True,0.1563224512845718,1.7649319125559453,0.32211664,67,False,False,False,False,False,False,False,False
ENSG00000204130,ENSG00000204130,RUFY2,3643,True,0.13598011520261244,1.7646150267815441,0.32125202,67,False,False,False,False,False,False,False,False
ENSG00000254802,ENSG00000254802,ENSG00000254802,2078,True,0.0837496914144949,1.7663427889299883,0.32080048,67,False,False,False,False,False,False,False,False
ENSG00000145332,ENSG00000145332,KLHL8,2169,True,0.08411536526853763,1.7638009847465812,0.3161677,67,False,False,False,False,False,False,False,False
ENSG00000251131,ENSG00000251131,ENSG00000251131,2569,True,0.10822192864847083,1.7618106020089785,0.31453046,67,False,False,False,False,False,False,False,False
ENSG00000108559,ENSG00000108559,NUP88,10017,True,0.3491306891195624,1.7828818682945176,0.31309193,67,False,False,False,False,False,False,False,False
ENSG00000169519,ENSG00000169519,METTL15,2371,True,0.0919285803916293,1.7609537032023501,0.31230548,67,False,False,False,False,False,False,False,False
ENSG00000079277,ENSG00000079277,MKNK1,3333,True,0.1277138825313725,1.7641281535976128,0.31211114,67,False,False,False,False,False,False,False,False
ENSG00000186834,ENSG00000186834,HEXIM1,4695,True,0.17074919950662962,1.7620095837905794,0.31174263,67,False,False,False,False,False,False,False,False
ENSG00000101336,ENSG00000101336,HCK,6252,True,0.21950055707578778,1.7571995984266282,0.31019637,67,False,False,False,False,False,False,False,False
ENSG00000147872,ENSG00000147872,PLIN2,5049,True,0.182947160474406,1.7600558136413087,0.3092168,67,False,False,False,False,False,False,False,False
ENSG00000136169,ENSG00000136169,SETDB2,4090,True,0.15191429927091923,1.7612056144161192,0.30776435,67,False,False,False,False,False,False,False,False
ENSG00000162664,ENSG00000162664,ZNF326,10371,True,0.3545426326295657,1.7764196875411125,0.3075085,67,False,False,False,False,False,False,False,False
ENSG00000233184,ENSG00000233184,DPH5-DT,3924,True,0.1538282868248611,1.7587339581898556,0.30498886,67,False,False,False,False,False,False,False,False
ENSG00000145391,ENSG00000145391,SETD7,2396,True,0.09488633188295853,1.7611778171340733,0.30319798,67,False,False,False,False,False,False,False,False
ENSG00000176896,ENSG00000176896,TCEANC,1311,True,0.051766221432341664,1.7300509983759371,0.3024328,67,False,False,False,False,False,False,False,False
ENSG00000204138,ENSG00000204138,PHACTR4,5532,True,0.19806261703889294,1.756529480024412,0.30185214,67,False,False,False,False,False,False,False,False
ENSG00000134352,ENSG00000134352,IL6ST,2817,True,0.10543725008097965,1.7597387024195763,0.30111775,67,False,False,False,False,False,False,False,False
ENSG00000002822,ENSG00000002822,MAD1L1,8078,True,0.28670744062617587,1.769912140877132,0.30042297,67,False,False,False,False,False,False,False,False
ENSG00000163428,ENSG00000163428,LRRC58,5932,True,0.20758640911207113,1.7666069727172948,0.29898423,67,False,False,False,False,False,False,False,False
ENSG00000170949,ENSG00000170949,ZNF160,2980,True,0.11335857920400803,1.760110671646686,0.298165,67,False,False,False,False,False,False,False,False
ENSG00000100532,ENSG00000100532,CGRRF1,4828,True,0.18552085350603367,1.7589475437705504,0.29707995,67,False,False,False,False,False,False,False,False
ENSG00000123810,ENSG00000123810,B9D2,2548,True,0.09946395281867232,1.7593779511337713,0.29674947,67,False,False,False,False,False,False,False,False
ENSG00000070366,ENSG00000070366,SMG6,3371,True,0.12100890114543494,1.7591408490397649,0.29598233,67,False,False,False,False,False,False,False,False
ENSG00000160194,ENSG00000160194,NDUFV3,5547,True,0.20296319863987122,1.7565249727584022,0.29419443,67,False,False,False,False,False,False,False,False
ENSG00000075711,ENSG00000075711,DLG1,6301,True,0.2267500838997865,1.7592383282114703,0.29315293,67,False,False,False,False,False,False,False,False
ENSG00000168234,ENSG00000168234,TTC39C,6366,True,0.22635348824844453,1.7584196510557262,0.2928561,67,False,False,False,False,False,False,False,False
ENSG00000151694,ENSG00000151694,ADAM17,7400,True,0.2720642378155904,1.7638916960951718,0.29280922,67,False,False,False,False,False,False,False,False
ENSG00000166024,ENSG00000166024,R3HCC1L,2318,True,0.08998414357217391,1.7596100720514165,0.29273847,67,False,False,False,False,False,False,False,False
ENSG00000047662,ENSG00000047662,FAM184B,1816,True,0.07032447687428277,1.7612531374075486,0.29175445,67,False,False,False,False,False,False,False,False
ENSG00000272106,ENSG00000272106,ENSG00000272106,1543,True,0.06185294927869065,1.760187456954874,0.2916603,67,False,False,False,False,False,False,False,False
ENSG00000197961,ENSG00000197961,ZNF121,3386,True,0.12784130898291612,1.7593903895255423,0.29016685,67,False,False,False,False,False,False,False,False
ENSG00000126882,ENSG00000126882,FAM78A,2665,True,0.10187318910378683,1.7567705295664775,0.28906533,67,False,False,False,False,False,False,False,False
ENSG00000154305,ENSG00000154305,MIA3,9346,True,0.32070526565403035,1.7686176988501578,0.28457156,67,False,False,False,False,False,False,False,False
ENSG00000219545,ENSG00000219545,UMAD1,3161,True,0.12425214266537833,1.7577613876196985,0.28449622,67,False,False,False,False,False,False,False,False
ENSG00000257093,ENSG00000257093,DENND11,2239,True,0.08807071861592156,1.7586971949186982,0.28448546,67,False,False,False,False,False,False,False,False
ENSG00000102241,ENSG00000102241,HTATSF1,6561,True,0.23410146082617384,1.7541481228637301,0.28429657,67,False,False,False,False,False,False,False,False
ENSG00000170802,ENSG00000170802,FOXN2,3978,True,0.14540665825946317,1.7568013291578752,0.2837725,67,False,False,False,False,False,False,False,False
ENSG00000125871,ENSG00000125871,MGME1,5348,True,0.195687569865052,1.7556801794838535,0.28329644,67,False,False,False,False,False,False,False,False
ENSG00000239453,ENSG00000239453,SIDT1-AS1,2908,True,0.10969166244686773,1.7538673531467674,0.28204355,67,False,False,False,False,False,False,False,False
ENSG00000167595,ENSG00000167595,PROSER3,1957,True,0.0744220438859068,1.7566180421854867,0.28132486,67,False,False,False,False,False,False,False,False
ENSG00000225973,ENSG00000225973,PIGBOS1,4158,True,0.15685205400069133,1.7549486231121498,0.28060532,67,False,False,False,False,False,False,False,False
ENSG00000182606,ENSG00000182606,TRAK1,4272,True,0.1588441509441,1.756309066800721,0.28002536,67,False,False,False,False,False,False,False,False
ENSG00000215114,ENSG00000215114,UBXN2B,2100,True,0.08018985129746237,1.7542804100182459,0.278545,67,False,False,False,False,False,False,False,False
ENSG00000066427,ENSG00000066427,ATXN3,4408,True,0.16229048091507836,1.7538013740434473,0.27761805,67,False,False,False,False,False,False,False,False
ENSG00000261455,ENSG00000261455,LINC01003,2303,True,0.09111571008034612,1.7545642012326184,0.2774186,67,False,False,False,False,False,False,False,False
ENSG00000106344,ENSG00000106344,RBM28,3748,True,0.13685291146787024,1.752337148975842,0.27736735,67,False,False,False,False,False,False,False,False
ENSG00000255529,ENSG00000255529,POLR2M,5328,True,0.1977568336181463,1.7550992157085281,0.27702498,67,False,False,False,False,False,False,False,False
ENSG00000107745,ENSG00000107745,MICU1,4870,True,0.18691842282253435,1.7521418850998571,0.2768666,67,False,False,False,False,False,False,False,False
ENSG00000070759,ENSG00000070759,TESK2,2050,True,0.07730282928951712,1.725377982177495,0.27628884,67,False,False,False,False,False,False,False,False
ENSG00000144802,ENSG00000144802,NFKBIZ,8987,True,0.3151032085819595,1.7711527039855612,0.2731549,67,False,False,False,False,False,False,False,False
ENSG00000163785,ENSG00000163785,RYK,2843,True,0.1088155730765692,1.7547833569244502,0.27314797,67,False,False,False,False,False,False,False,False
ENSG00000244462,ENSG00000244462,RBM12,2450,True,0.09231937452104994,1.7556725805353552,0.27291083,67,False,False,False,False,False,False,False,False
ENSG00000015171,ENSG00000015171,ZMYND11,3034,True,0.11477474089637707,1.7551903114799297,0.2720519,67,False,False,False,False,False,False,False,False
ENSG00000006625,ENSG00000006625,GGCT,5012,True,0.18267879654034724,1.7549914622258205,0.27044305,67,False,False,False,False,False,False,False,False
ENSG00000130816,ENSG00000130816,DNMT1,6223,True,0.22152548469553654,1.755318763840018,0.27006128,67,False,False,False,False,False,False,False,False
ENSG00000083520,ENSG00000083520,DIS3,4919,True,0.17739111965536444,1.7528703736039397,0.26743463,67,False,False,False,False,False,False,False,False
ENSG00000151532,ENSG00000151532,VTI1A,4978,True,0.1760327845856339,1.7542185063180853,0.2671431,67,False,False,False,False,False,False,False,False
ENSG00000134539,ENSG00000134539,KLRD1,1996,True,0.07664340640696768,1.7538393066976499,0.26691028,67,False,False,False,False,False,False,False,False
ENSG00000085511,ENSG00000085511,MAP3K4,3108,True,0.11305580092796728,1.7221630178396141,0.26567036,67,False,False,False,False,False,False,False,False
ENSG00000079785,ENSG00000079785,DDX1,7199,True,0.2680597697123852,1.7554208585950173,0.2643157,67,False,False,False,False,False,False,False,False
ENSG00000103249,ENSG00000103249,CLCN7,3190,True,0.11718541063731604,1.7518976336848573,0.2639753,67,False,False,False,False,False,False,False,False
ENSG00000260083,ENSG00000260083,MIR762HG,2008,True,0.08324223865928661,1.754280780743482,0.2631154,67,False,False,False,False,False,False,False,False
ENSG00000113163,ENSG00000113163,CERT1,4643,True,0.16760336095322426,1.7533308186935306,0.26263723,67,False,False,False,False,False,False,False,False
ENSG00000100485,ENSG00000100485,SOS2,2906,True,0.1063905787980051,1.751939832666258,0.26136792,67,False,False,False,False,False,False,False,False
ENSG00000204681,ENSG00000204681,GABBR1,2637,True,0.10398693864678886,1.753056286640251,0.26004732,67,False,False,False,False,False,False,False,False
ENSG00000101966,ENSG00000101966,XIAP,5896,True,0.20779298669810425,1.751388488124042,0.25965303,67,False,False,False,False,False,False,False,False
ENSG00000131196,ENSG00000131196,NFATC1,4976,True,0.18087188455447986,1.752476288177916,0.2593633,67,False,False,False,False,False,False,False,False
ENSG00000213889,ENSG00000213889,PPM1N,2119,True,0.08395108236789522,1.75105180948731,0.2575812,67,False,False,False,False,False,False,False,False
ENSG00000090470,ENSG00000090470,PDCD7,5057,True,0.18328488825154945,1.7502307614096428,0.25670063,67,False,False,False,False,False,False,False,False
ENSG00000163755,ENSG00000163755,HPS3,4469,True,0.16853759590842837,1.7520620642052618,0.25647223,67,False,False,False,False,False,False,False,False
ENSG00000138688,ENSG00000138688,BLTP1,6169,True,0.2180639719147284,1.7536396274172388,0.2539355,67,False,False,False,False,False,False,False,False
ENSG00000104643,ENSG00000104643,MTMR9,4963,True,0.18390452202521332,1.7515440544125556,0.25345024,67,False,False,False,False,False,False,False,False
ENSG00000267680,ENSG00000267680,ZNF224,4417,True,0.16166569792429597,1.7482196115311615,0.252345,67,False,False,False,False,False,False,False,False
ENSG00000171135,ENSG00000171135,JAGN1,6682,True,0.23686867020887822,1.7543683853716943,0.25227988,67,False,False,False,False,False,False,False,False
ENSG00000131018,ENSG00000131018,SYNE1,5746,True,0.2002688274015596,1.7521892557981162,0.2500404,67,False,False,False,False,False,False,False,False
ENSG00000064933,ENSG00000064933,PMS1,3645,True,0.13761128266579647,1.7471953082704188,0.24825469,67,False,False,False,False,False,False,False,False
ENSG00000001631,ENSG00000001631,KRIT1,5386,True,0.19772885556540387,1.7502026960618742,0.24777018,67,False,False,False,False,False,False,False,False
ENSG00000163281,ENSG00000163281,GNPDA2,2946,True,0.11054392293127163,1.7487744417700577,0.24681687,67,False,False,False,False,False,False,False,False
ENSG00000124422,ENSG00000124422,USP22,5783,True,0.2077473010978821,1.7482396200231394,0.24321261,67,False,False,False,False,False,False,False,False
ENSG00000094916,ENSG00000094916,CBX5,6183,True,0.21856220879998667,1.7547585717490484,0.24234417,67,False,False,False,False,False,False,False,False
ENSG00000160208,ENSG00000160208,RRP1B,4433,True,0.15733014679791113,1.7452460422422704,0.23988795,67,False,False,False,False,False,False,False,False
ENSG00000030066,ENSG00000030066,NUP160,6214,True,0.22164647143566069,1.7453427764298801,0.23327416,67,False,False,False,False,False,False,False,False
ENSG00000267321,ENSG00000267321,SNHG30,4997,True,0.189221943191872,1.7451334772952152,0.22869043,67,False,False,False,False,False,False,False,False
ENSG00000113593,ENSG00000113593,PPWD1,4448,True,0.16220891260807493,1.7433065766414464,0.22698808,67,False,False,False,False,False,False,False,False
ENSG00000104907,ENSG00000104907,TRMT1,8499,True,0.30610197754017965,1.7534601839984936,0.22471733,67,False,False,False,False,False,False,False,False
ENSG00000047188,ENSG00000047188,YTHDC2,5571,True,0.19575823144987448,1.7481925085620018,0.22083265,67,False,False,False,False,False,False,False,False
ENSG00000198265,ENSG00000198265,HELZ,7408,True,0.2606315320940964,1.7484215184144387,0.21612868,67,False,False,False,False,False,False,False,False
ENSG00000152348,ENSG00000152348,ATG10,3432,True,0.12406775467965994,1.74220588927595,0.21275134,67,False,False,False,False,False,False,False,False
ENSG00000147050,ENSG00000147050,KDM6A,3330,True,0.12177516042594702,1.737567427170839,0.19771914,67,False,False,False,False,False,False,False,False
ENSG00000132323,ENSG00000132323,ILKAP,5757,True,0.20254430848154936,1.7351234367423694,0.18747044,67,False,False,False,False,False,False,False,False
ENSG00000103657,ENSG00000103657,HERC1,6683,True,0.23160375429365485,1.7403479263460182,0.1762734,67,False,False,False,False,False,False,False,False
ENSG00000139193,ENSG00000139193,CD27,9323,True,0.3245385932217956,1.885839617398082,1.0638465,66,False,False,False,False,False,False,False,False
ENSG00000146192,ENSG00000146192,FGD2,10030,True,0.3654708674631243,1.8125491910811093,0.63822764,66,False,False,False,False,False,False,False,False
ENSG00000126264,ENSG00000126264,HCST,17232,True,0.5750070159794096,1.818941190633858,0.6030732,66,False,False,False,False,False,False,False,False
ENSG00000144674,ENSG00000144674,GOLGA4,12288,True,0.41302198497545534,1.8058709943905584,0.5306268,66,False,False,False,False,False,False,False,False
ENSG00000160932,ENSG00000160932,LY6E,49844,True,1.3827163913373426,1.9084423404499091,0.47765344,66,False,False,False,False,False,False,False,False
ENSG00000086300,ENSG00000086300,SNX10,16321,True,0.5493924018198515,1.7988427977355743,0.4621661,66,False,False,False,False,False,False,False,False
ENSG00000023287,ENSG00000023287,RB1CC1,10843,True,0.37768329255023425,1.7924080859171512,0.45969817,66,False,False,False,False,False,False,False,False
ENSG00000171634,ENSG00000171634,BPTF,18332,True,0.5943379304600681,1.8072399273810598,0.45664072,66,False,False,False,False,False,False,False,False
ENSG00000186666,ENSG00000186666,BCDIN3D,1097,True,0.04601745874722185,1.79780598434806,0.45504656,66,False,False,False,False,False,False,False,False
ENSG00000139687,ENSG00000139687,RB1,15731,True,0.5287058044513396,1.802823683641489,0.45358086,66,False,False,False,False,False,False,False,False
ENSG00000188227,ENSG00000188227,ZNF793,1233,True,0.049025870918397114,1.7918716897651015,0.44792712,66,False,False,False,False,False,False,False,False
ENSG00000169288,ENSG00000169288,MRPL1,9848,True,0.3500220434088629,1.7931578358036402,0.44717434,66,False,False,False,False,False,False,False,False
ENSG00000144445,ENSG00000144445,KANSL1L,653,True,0.027942611003516617,1.7353138186052042,0.44423354,66,False,False,False,False,False,False,False,False
ENSG00000131871,ENSG00000131871,SELENOS,8538,True,0.3157563039788787,1.793839199710668,0.44296852,66,False,False,False,False,False,False,False,False
ENSG00000146247,ENSG00000146247,PHIP,17954,True,0.5886923274225018,1.802431548914228,0.42281383,66,False,False,False,False,False,False,False,False
ENSG00000198624,ENSG00000198624,CCDC69,12866,True,0.43479218186371865,1.7965649114754674,0.42110518,66,False,False,False,False,False,False,False,False
ENSG00000168421,ENSG00000168421,RHOH,29129,True,0.8913635630116677,1.8327843845073353,0.410945,66,False,False,False,False,False,False,False,False
ENSG00000082996,ENSG00000082996,RNF13,10766,True,0.381122098462493,1.7915364596040617,0.40006527,66,False,False,False,False,False,False,False,False
ENSG00000113742,ENSG00000113742,CPEB4,4354,True,0.16164153561144531,1.778502971317291,0.39829385,66,False,False,False,False,False,False,False,False
ENSG00000205784,ENSG00000205784,ARRDC5,847,True,0.03292200854640028,1.6607868112945854,0.3953486,66,False,False,False,False,False,False,False,False
ENSG00000168803,ENSG00000168803,MAPDA,1864,True,0.07351930240591877,1.7713710494783053,0.39161232,66,False,False,False,False,False,False,False,False
ENSG00000176401,ENSG00000176401,EID2B,1721,True,0.06968840261947938,1.778722323768745,0.38936487,66,False,False,False,False,False,False,False,False
ENSG00000182195,ENSG00000182195,LDOC1,1156,True,0.04895855318076794,1.7773127708105738,0.388987,66,False,False,False,False,False,False,False,False
ENSG00000272663,ENSG00000272663,PPP1R21-DT,1077,True,0.04995378007871192,1.778907446365936,0.38874927,66,False,False,False,False,False,False,False,False
ENSG00000198324,ENSG00000198324,PHETA1,433,True,0.01856977202614711,1.712435439085015,0.38342613,66,False,False,False,False,False,False,False,False
ENSG00000145632,ENSG00000145632,PLK2,836,True,0.03543529295415709,1.7173948426759167,0.37791958,66,False,False,False,False,False,False,False,False
ENSG00000164114,ENSG00000164114,MAP9,3132,True,0.12015438604605012,1.772865740919233,0.37195364,66,False,False,False,False,False,False,False,False
ENSG00000121957,ENSG00000121957,GPSM2,923,True,0.03654537109463617,1.7743350984080977,0.36960143,66,False,False,False,False,False,False,False,False
ENSG00000085871,ENSG00000085871,MGST2,1158,True,0.04803744708937456,1.7763551666553383,0.36834598,66,False,False,False,False,False,False,False,False
ENSG00000026025,ENSG00000026025,VIM,42774,True,1.2093349536991587,1.8814544020766042,0.36579138,66,False,False,False,False,False,False,False,False
ENSG00000132334,ENSG00000132334,PTPRE,3852,True,0.14235288183713013,1.7755201933265299,0.36477086,66,False,False,False,False,False,False,False,False
ENSG00000214756,ENSG00000214756,CSKMT,10663,True,0.3833559201775362,1.7961581919025227,0.36243603,66,False,False,False,False,False,False,False,False
ENSG00000112195,ENSG00000112195,TREML2,447,True,0.01861844800568614,1.6522004231560048,0.36124775,66,False,False,False,False,False,False,False,False
ENSG00000072163,ENSG00000072163,LIMS2,2977,True,0.10914465582177485,1.7713481821871335,0.35930678,66,False,False,False,False,False,False,False,False
ENSG00000148606,ENSG00000148606,POLR3A,1255,True,0.04859549680394105,1.7704724386372284,0.3553223,66,False,False,False,False,False,False,False,False
ENSG00000166398,ENSG00000166398,GARRE1,7631,True,0.29457495269139417,1.7754910867671467,0.35382748,66,False,False,False,False,False,False,False,False
ENSG00000102445,ENSG00000102445,RUBCNL,9940,True,0.3518581820654298,1.7872204241006011,0.3513736,66,False,False,False,False,False,False,False,False
ENSG00000259943,ENSG00000259943,ZMPSTE24-DT,1033,True,0.04251731741890848,1.7380930147395275,0.3425179,66,False,False,False,False,False,False,False,False
ENSG00000197863,ENSG00000197863,ZNF790,1470,True,0.05808118161959759,1.7701297865405665,0.33989093,66,False,False,False,False,False,False,False,False
ENSG00000146215,ENSG00000146215,CRIP3,585,True,0.025123661905895225,1.686999792717401,0.33880797,66,False,False,False,False,False,False,False,False
ENSG00000255240,ENSG00000255240,ENSG00000255240,796,True,0.03239194339939205,1.7174295287130052,0.33834627,66,False,False,False,False,False,False,False,False
ENSG00000266714,ENSG00000266714,MYO15B,1665,True,0.06583349275552607,1.7683219886816255,0.33725426,66,False,False,False,False,False,False,False,False
ENSG00000184465,ENSG00000184465,WDR27,1039,True,0.04104484536027622,1.7334810343379237,0.3321148,66,False,False,False,False,False,False,False,False
ENSG00000197372,ENSG00000197372,ZNF675,3372,True,0.12432298431468115,1.767388895149748,0.33195257,66,False,False,False,False,False,False,False,False
ENSG00000137478,ENSG00000137478,FCHSD2,8728,True,0.3026467394646818,1.7737848679923993,0.3289234,66,False,False,False,False,False,False,False,False
ENSG00000106415,ENSG00000106415,GLCCI1,2721,True,0.10415266999059834,1.7682412841836153,0.326335,66,False,False,False,False,False,False,False,False
ENSG00000124383,ENSG00000124383,MPHOSPH10,8882,True,0.30389903420888315,1.7709230806395198,0.32577485,66,False,False,False,False,False,False,False,False
ENSG00000140931,ENSG00000140931,CMTM3,2456,True,0.09077728508924232,1.7644321436238686,0.32527158,66,False,False,False,False,False,False,False,False
ENSG00000077984,ENSG00000077984,CST7,4167,True,0.1531266242719038,1.763458099841786,0.32404274,66,False,False,False,False,False,False,False,False
ENSG00000258890,ENSG00000258890,CEP95,5341,True,0.19416765609288966,1.7626584700248102,0.32296777,66,False,False,False,False,False,False,False,False
ENSG00000231439,ENSG00000231439,WASIR2,965,True,0.039515266170429206,1.736698243042202,0.32264462,66,False,False,False,False,False,False,False,False
ENSG00000159086,ENSG00000159086,PAXBP1,3274,True,0.12046863188800644,1.7644495762686283,0.32213768,66,False,False,False,False,False,False,False,False
ENSG00000179476,ENSG00000179476,C14orf28,1481,True,0.05993187044710769,1.7640114732233798,0.32210332,66,False,False,False,False,False,False,False,False
ENSG00000176018,ENSG00000176018,LYSMD3,2064,True,0.08038315872255253,1.7621235772677266,0.32039663,66,False,False,False,False,False,False,False,False
ENSG00000182372,ENSG00000182372,CLN8,5774,True,0.21071939126776018,1.762903148779668,0.32036328,66,False,False,False,False,False,False,False,False
ENSG00000104164,ENSG00000104164,BLOC1S6,9284,True,0.3276498605353768,1.7786077078068032,0.31868428,66,False,False,False,False,False,False,False,False
ENSG00000113456,ENSG00000113456,RAD1,3746,True,0.1418847685592331,1.7630294058206617,0.31794673,66,False,False,False,False,False,False,False,False
ENSG00000245556,ENSG00000245556,SCAMP1-AS1,2961,True,0.1109548223788385,1.7632313733499994,0.31599763,66,False,False,False,False,False,False,False,False
ENSG00000083635,ENSG00000083635,NUFIP1,1975,True,0.07388297010486498,1.7654403860064023,0.31320745,66,False,False,False,False,False,False,False,False
ENSG00000173264,ENSG00000173264,GPR137,3083,True,0.11739219321924375,1.7628592796309706,0.31011748,66,False,False,False,False,False,False,False,False
ENSG00000152454,ENSG00000152454,ZNF256,1077,True,0.04346649999158333,1.7036258017937742,0.3091155,66,False,False,False,False,False,False,False,False
ENSG00000066933,ENSG00000066933,MYO9A,3163,True,0.11677481318165409,1.7608090345704488,0.3052512,66,False,False,False,False,False,False,False,False
ENSG00000102409,ENSG00000102409,BEX4,9147,True,0.33733366354116473,1.775773064736133,0.30356035,66,False,False,False,False,False,False,False,False
ENSG00000272449,ENSG00000272449,ENSG00000272449,4132,True,0.15795321611532634,1.760818851823619,0.30335996,66,False,False,False,False,False,False,False,False
ENSG00000151422,ENSG00000151422,FER,1875,True,0.07352504016114082,1.761127780393999,0.30299282,66,False,False,False,False,False,False,False,False
ENSG00000149532,ENSG00000149532,CPSF7,4003,True,0.15212832326856485,1.763670273806263,0.30281973,66,False,False,False,False,False,False,False,False
ENSG00000101856,ENSG00000101856,PGRMC1,3362,True,0.1297484179600378,1.7600259914204566,0.3024839,66,False,False,False,False,False,False,False,False
ENSG00000176410,ENSG00000176410,DNAJC30,3718,True,0.13982451188135578,1.7602996747652355,0.30125368,66,False,False,False,False,False,False,False,False
ENSG00000106993,ENSG00000106993,CDC37L1,2473,True,0.09454928191691846,1.7622476361673725,0.29995286,66,False,False,False,False,False,False,False,False
ENSG00000170581,ENSG00000170581,STAT2,5487,True,0.20229983461496107,1.76228538149674,0.29827967,66,False,False,False,False,False,False,False,False
ENSG00000087338,ENSG00000087338,GMCL1,4649,True,0.17228816652364728,1.7608069364467085,0.2974603,66,False,False,False,False,False,False,False,False
ENSG00000171492,ENSG00000171492,LRRC8D,1931,True,0.0749496136709424,1.7579623606480994,0.29708463,66,False,False,False,False,False,False,False,False
ENSG00000072756,ENSG00000072756,TRNT1,3036,True,0.11424199981373341,1.7568077813676553,0.2943245,66,False,False,False,False,False,False,False,False
ENSG00000269293,ENSG00000269293,ZSCAN16-AS1,7459,True,0.2698228328718056,1.7561497630946947,0.29429108,66,False,False,False,False,False,False,False,False
ENSG00000110077,ENSG00000110077,MS4A6A,4277,True,0.16657230721626493,1.7611569096292419,0.29388353,66,False,False,False,False,False,False,False,False
ENSG00000249709,ENSG00000249709,ZNF564,1137,True,0.04229839172036353,1.7604401778094079,0.2938672,66,False,False,False,False,False,False,False,False
ENSG00000241258,ENSG00000241258,CRCP,5739,True,0.2011360485106314,1.75921027832118,0.29357368,66,False,False,False,False,False,False,False,False
ENSG00000188171,ENSG00000188171,ZNF626,2657,True,0.10353973756745943,1.7537751203915422,0.29282725,66,False,False,False,False,False,False,False,False
ENSG00000169609,ENSG00000169609,C15orf40,7827,True,0.28595713440509524,1.756041443662712,0.29217428,66,False,False,False,False,False,False,False,False
ENSG00000177337,ENSG00000177337,DLGAP1-AS1,2126,True,0.08312767032830061,1.7569170225064554,0.2920581,66,False,False,False,False,False,False,False,False
ENSG00000186166,ENSG00000186166,CENATAC,3077,True,0.11340627554089201,1.760834073785751,0.29162306,66,False,False,False,False,False,False,False,False
ENSG00000144228,ENSG00000144228,SPOPL,2961,True,0.11536488056575143,1.75886727266516,0.2902664,66,False,False,False,False,False,False,False,False
ENSG00000101126,ENSG00000101126,ADNP,3693,True,0.14285416480048482,1.756846252244916,0.28945133,66,False,False,False,False,False,False,False,False
ENSG00000142687,ENSG00000142687,KIAA0319L,2671,True,0.09907075344516397,1.755858334358706,0.2884019,66,False,False,False,False,False,False,False,False
ENSG00000256683,ENSG00000256683,ZNF350,7692,True,0.28185540350026334,1.7656701315329146,0.28732187,66,False,False,False,False,False,False,False,False
ENSG00000112531,ENSG00000112531,QKI,4565,True,0.17483630799489022,1.7578669242538894,0.28705305,66,False,False,False,False,False,False,False,False
ENSG00000188559,ENSG00000188559,RALGAPA2,2153,True,0.08222365425097719,1.7557857773844774,0.28506416,66,False,False,False,False,False,False,False,False
ENSG00000187522,ENSG00000187522,HSPA14,3767,True,0.13741001436461686,1.7572879838151665,0.28485283,66,False,False,False,False,False,False,False,False
ENSG00000065526,ENSG00000065526,SPEN,7604,True,0.2617159530082622,1.7664171662128367,0.2845625,66,False,False,False,False,False,False,False,False
ENSG00000118620,ENSG00000118620,ZNF430,8570,True,0.3028804789742056,1.770472039636187,0.2836396,66,False,False,False,False,False,False,False,False
ENSG00000100359,ENSG00000100359,SGSM3,7158,True,0.2580143875129047,1.7642406243918514,0.28308415,66,False,False,False,False,False,False,False,False
ENSG00000146676,ENSG00000146676,PURB,2428,True,0.09374205612891519,1.7535333086790224,0.28262278,66,False,False,False,False,False,False,False,False
ENSG00000152256,ENSG00000152256,PDK1,3256,True,0.1215007213840296,1.7581276911900128,0.2816916,66,False,False,False,False,False,False,False,False
ENSG00000167323,ENSG00000167323,STIM1,3713,True,0.14185432114176105,1.7582460557584647,0.27866623,66,False,False,False,False,False,False,False,False
ENSG00000260916,ENSG00000260916,CCPG1,4415,True,0.16172341438666374,1.7544030979120633,0.27815583,66,False,False,False,False,False,False,False,False
ENSG00000173226,ENSG00000173226,IQCB1,5986,True,0.21772004591957964,1.7509990221045448,0.27608123,66,False,False,False,False,False,False,False,False
ENSG00000162971,ENSG00000162971,TYW5,2691,True,0.10169902761938454,1.755495788095292,0.27540708,66,False,False,False,False,False,False,False,False
ENSG00000175073,ENSG00000175073,VCPIP1,3796,True,0.14027022402862166,1.7532341204196533,0.2750939,66,False,False,False,False,False,False,False,False
ENSG00000036549,ENSG00000036549,ZZZ3,3825,True,0.14148560875317204,1.7478863542441254,0.27492613,66,False,False,False,False,False,False,False,False
ENSG00000139428,ENSG00000139428,MMAB,2914,True,0.11069001907027219,1.7532632030157538,0.27386877,66,False,False,False,False,False,False,False,False
ENSG00000100599,ENSG00000100599,RIN3,6466,True,0.23021040186941655,1.7544376697440085,0.27383384,66,False,False,False,False,False,False,False,False
ENSG00000072864,ENSG00000072864,NDE1,5762,True,0.20123059026429208,1.7555825013417783,0.2735412,66,False,False,False,False,False,False,False,False
ENSG00000183401,ENSG00000183401,CCDC159,3475,True,0.13002126585932144,1.7529261685285702,0.27203768,66,False,False,False,False,False,False,False,False
ENSG00000197008,ENSG00000197008,ZNF138,4100,True,0.15059805161004186,1.7526867461290072,0.27101672,66,False,False,False,False,False,False,False,False
ENSG00000116906,ENSG00000116906,GNPAT,5954,True,0.22017683654840028,1.7525284530554666,0.26945198,66,False,False,False,False,False,False,False,False
ENSG00000107560,ENSG00000107560,RAB11FIP2,3398,True,0.12485569530841886,1.7524543359583575,0.26930618,66,False,False,False,False,False,False,False,False
ENSG00000145919,ENSG00000145919,BOD1,3608,True,0.1357888113398976,1.7521324701635657,0.26785097,66,False,False,False,False,False,False,False,False
ENSG00000156931,ENSG00000156931,VPS8,3318,True,0.12646705107811587,1.7515871593090053,0.26742518,66,False,False,False,False,False,False,False,False
ENSG00000088179,ENSG00000088179,PTPN4,6330,True,0.23368906749525128,1.7549825325544752,0.26677138,66,False,False,False,False,False,False,False,False
ENSG00000143970,ENSG00000143970,ASXL2,3236,True,0.120733934428545,1.751534555090335,0.26652774,66,False,False,False,False,False,False,False,False
ENSG00000028137,ENSG00000028137,TNFRSF1B,6127,True,0.21079929024230346,1.7554402778054614,0.26549414,66,False,False,False,False,False,False,False,False
ENSG00000143702,ENSG00000143702,CEP170,4529,True,0.16383872074233222,1.7510466537324658,0.26513785,66,False,False,False,False,False,False,False,False
ENSG00000165156,ENSG00000165156,ZHX1,3112,True,0.11515799250166113,1.7504834940425795,0.2631249,66,False,False,False,False,False,False,False,False
ENSG00000122741,ENSG00000122741,DCAF10,2898,True,0.10817674184979702,1.7524219894850197,0.2622844,66,False,False,False,False,False,False,False,False
ENSG00000229809,ENSG00000229809,ZNF688,5251,True,0.19265811114413342,1.7526314277666257,0.26221028,66,False,False,False,False,False,False,False,False
ENSG00000241058,ENSG00000241058,NSUN6,3650,True,0.14414715670351327,1.7510618582535988,0.26024652,66,False,False,False,False,False,False,False,False
ENSG00000166377,ENSG00000166377,ATP9B,3969,True,0.14015837582059246,1.7494255998449753,0.258691,66,False,False,False,False,False,False,False,False
ENSG00000137845,ENSG00000137845,ADAM10,4876,True,0.1743159037351112,1.749448493362249,0.2577797,66,False,False,False,False,False,False,False,False
ENSG00000006715,ENSG00000006715,VPS41,3462,True,0.1273532784823379,1.7506309198835384,0.25762105,66,False,False,False,False,False,False,False,False
ENSG00000111670,ENSG00000111670,GNPTAB,5936,True,0.21290422036545972,1.7561715129078168,0.25656196,66,False,False,False,False,False,False,False,False
ENSG00000162923,ENSG00000162923,WDR26,5308,True,0.19308566584851547,1.7501524642630892,0.25644165,66,False,False,False,False,False,False,False,False
ENSG00000186001,ENSG00000186001,LRCH3,3972,True,0.14665659024891575,1.7514934418113846,0.2556985,66,False,False,False,False,False,False,False,False
ENSG00000182866,ENSG00000182866,LCK,5904,True,0.21201976111569307,1.757007275791453,0.25500634,66,False,False,False,False,False,False,False,False
ENSG00000212694,ENSG00000212694,LINC01089,4869,True,0.1838046620881962,1.7499717556583918,0.25410157,66,False,False,False,False,False,False,False,False
ENSG00000168172,ENSG00000168172,HOOK3,7287,True,0.2568933697560856,1.755609742828497,0.25298536,66,False,False,False,False,False,False,False,False
ENSG00000028839,ENSG00000028839,TBPL1,6643,True,0.25107358621208004,1.7519168629277493,0.2522689,66,False,False,False,False,False,False,False,False
ENSG00000120278,ENSG00000120278,PLEKHG1,4134,True,0.15020908776292557,1.7533013305025813,0.2510721,66,False,False,False,False,False,False,False,False
ENSG00000163840,ENSG00000163840,DTX3L,3440,True,0.12620155010104828,1.7463739400592388,0.2508035,66,False,False,False,False,False,False,False,False
ENSG00000182141,ENSG00000182141,ZNF708,4031,True,0.14249052144584895,1.745040258980138,0.24983889,66,False,False,False,False,False,False,False,False
ENSG00000156671,ENSG00000156671,SAMD8,5076,True,0.1839149883976943,1.7513818958787808,0.24921213,66,False,False,False,False,False,False,False,False
ENSG00000173456,ENSG00000173456,RNF26,2529,True,0.09779999648911976,1.7491436627446788,0.24916543,66,False,False,False,False,False,False,False,False
ENSG00000144468,ENSG00000144468,RHBDD1,2987,True,0.11007421227116788,1.7478279922889874,0.24619795,66,False,False,False,False,False,False,False,False
ENSG00000156802,ENSG00000156802,ATAD2,3225,True,0.12248270518525003,1.7463270322507294,0.2459408,66,False,False,False,False,False,False,False,False
ENSG00000011260,ENSG00000011260,UTP18,6142,True,0.2212629951389267,1.7496425587191908,0.2443676,66,False,False,False,False,False,False,False,False
ENSG00000112367,ENSG00000112367,FIG4,4670,True,0.1747160917745699,1.7460111832326968,0.24367899,66,False,False,False,False,False,False,False,False
ENSG00000185947,ENSG00000185947,ZNF267,4534,True,0.16514832975327115,1.7471361349004249,0.24318592,66,False,False,False,False,False,False,False,False
ENSG00000144118,ENSG00000144118,RALB,6855,True,0.2482489388264898,1.7486402985968497,0.24262902,66,False,False,False,False,False,False,False,False
ENSG00000258405,ENSG00000258405,ZNF578,415,True,0.018627368886864934,1.6945742825550587,0.24114695,66,False,False,False,False,False,False,False,False
ENSG00000110075,ENSG00000110075,PPP6R3,4061,True,0.14914136577895631,1.7471288379783778,0.23583573,66,False,False,False,False,False,False,False,False
ENSG00000196428,ENSG00000196428,TSC22D2,3616,True,0.13459273535894603,1.7470642924492679,0.23424761,66,False,False,False,False,False,False,False,False
ENSG00000111581,ENSG00000111581,NUP107,7525,True,0.26857637356241787,1.7483890391087404,0.23166981,66,False,False,False,False,False,False,False,False
ENSG00000103202,ENSG00000103202,NME4,6797,True,0.2459774446875487,1.748373003528703,0.23097421,66,False,False,False,False,False,False,False,False
ENSG00000214413,ENSG00000214413,BBIP1,3714,True,0.13853469937952542,1.744226115128268,0.23061258,66,False,False,False,False,False,False,False,False
ENSG00000143390,ENSG00000143390,RFX5,5028,True,0.18352369006361313,1.7460628945201535,0.22828777,66,False,False,False,False,False,False,False,False
ENSG00000167543,ENSG00000167543,TP53I13,4142,True,0.15596012314519955,1.7433914333986935,0.22303219,66,False,False,False,False,False,False,False,False
ENSG00000108468,ENSG00000108468,CBX1,7181,True,0.25963577013207045,1.7501871653273051,0.22233462,66,False,False,False,False,False,False,False,False
ENSG00000158552,ENSG00000158552,ZFAND2B,6882,True,0.24925777390714232,1.7407252807492597,0.21596415,66,False,False,False,False,False,False,False,False
ENSG00000089818,ENSG00000089818,NECAP1,5088,True,0.18466254180849173,1.7427376788202016,0.21512492,66,False,False,False,False,False,False,False,False
ENSG00000161267,ENSG00000161267,BDH1,2944,True,0.12349819450738728,1.7452937642432778,0.211067,66,False,False,False,False,False,False,False,False
ENSG00000140983,ENSG00000140983,RHOT2,6400,True,0.23312104274483306,1.7408012352614506,0.21076383,66,False,False,False,False,False,False,False,False
ENSG00000105662,ENSG00000105662,CRTC1,1420,True,0.05508925265259748,1.7332196729150176,0.20090263,66,False,False,False,False,False,False,False,False
ENSG00000156304,ENSG00000156304,SCAF4,7941,True,0.279995368260519,1.7484206660023618,0.20005159,66,False,False,False,False,False,False,False,False
ENSG00000010270,ENSG00000010270,STARD3NL,4768,True,0.18069611123993462,1.7352350372129615,0.19329421,66,False,False,False,False,False,False,False,False
ENSG00000122862,ENSG00000122862,SRGN,26233,True,0.8324910258336,1.8564693096287654,0.5859668,65,False,False,False,False,False,False,False,False
ENSG00000223881,ENSG00000223881,ENSG00000223881,480,True,0.021356728895740914,1.7610124306919526,0.5325352,65,False,False,False,False,False,False,False,False
ENSG00000109881,ENSG00000109881,CCDC34,1297,True,0.05143613805236669,1.7993961651691344,0.5028118,65,False,False,False,False,False,False,False,False
ENSG00000125968,ENSG00000125968,ID1,1342,True,0.05764576789615006,1.8023614181162877,0.5009929,65,False,False,False,False,False,False,False,False
ENSG00000035720,ENSG00000035720,STAP1,11558,True,0.42045048808259633,1.7971858379311831,0.4659289,65,False,False,False,False,False,False,False,False
ENSG00000215183,ENSG00000215183,MSMP,429,True,0.018210693795606636,1.6880773785217504,0.4460233,65,False,False,False,False,False,False,False,False
ENSG00000176293,ENSG00000176293,ZNF135,536,True,0.02312899704750238,1.733564112765847,0.42348355,65,False,False,False,False,False,False,False,False
ENSG00000178338,ENSG00000178338,ZNF354B,1422,True,0.05530633254211674,1.7561923969981934,0.40701094,65,False,False,False,False,False,False,False,False
ENSG00000235560,ENSG00000235560,ZNF747-DT,1233,True,0.05220843145850365,1.7797762518166742,0.4020922,65,False,False,False,False,False,False,False,False
ENSG00000236514,ENSG00000236514,ZNF248-AS1,786,True,0.03314411356994989,1.7835076337229276,0.40148968,65,False,False,False,False,False,False,False,False
ENSG00000198780,ENSG00000198780,FAM169A,753,True,0.03035185202074364,1.7076621812616282,0.39747638,65,False,False,False,False,False,False,False,False
ENSG00000169429,ENSG00000169429,CXCL8,3905,True,0.14396877021811433,1.7789843351314991,0.39387822,65,False,False,False,False,False,False,False,False
ENSG00000258940,ENSG00000258940,MIA2-AS1,605,True,0.026269756615373153,1.776539552886465,0.38901165,65,False,False,False,False,False,False,False,False
ENSG00000154767,ENSG00000154767,XPC,10045,True,0.3559412790361826,1.784359718821893,0.3871518,65,False,False,False,False,False,False,False,False
ENSG00000272426,ENSG00000272426,ENSG00000272426,741,True,0.036297242094115015,1.7779821294449467,0.3852894,65,False,False,False,False,False,False,False,False
ENSG00000064651,ENSG00000064651,SLC12A2,2125,True,0.08502516919027613,1.7764898609394655,0.36663997,65,False,False,False,False,False,False,False,False
ENSG00000177000,ENSG00000177000,MTHFR,2880,True,0.11209010361147055,1.7740451781580437,0.36500993,65,False,False,False,False,False,False,False,False
ENSG00000251580,ENSG00000251580,LINC02482,1218,True,0.048125344326795653,1.772531695513311,0.36489934,65,False,False,False,False,False,False,False,False
ENSG00000089682,ENSG00000089682,RBM41,3614,True,0.13523682052091665,1.771856500807364,0.35302693,65,False,False,False,False,False,False,False,False
ENSG00000134321,ENSG00000134321,RSAD2,1212,True,0.05080336526183061,1.729299970731371,0.35258853,65,False,False,False,False,False,False,False,True
ENSG00000182919,ENSG00000182919,C11orf54,2413,True,0.09337338475579245,1.7679256254575173,0.34554073,65,False,False,False,False,False,False,False,False
ENSG00000115841,ENSG00000115841,RMDN2,1909,True,0.07670653545317636,1.7685980644492683,0.34421903,65,False,False,False,False,False,False,False,False
ENSG00000152422,ENSG00000152422,XRCC4,3061,True,0.11561932276019121,1.7672843989588634,0.33928818,65,False,False,False,False,False,False,False,False
ENSG00000130589,ENSG00000130589,HELZ2,2933,True,0.11046144635330796,1.7699724089943991,0.3376731,65,False,False,False,False,False,False,False,False
ENSG00000160991,ENSG00000160991,ORAI2,22908,True,0.7096219795447692,1.808889437645644,0.33474356,65,False,False,False,False,False,False,False,False
ENSG00000104447,ENSG00000104447,TRPS1,1347,True,0.05390576252476961,1.7684781935747673,0.32916507,65,False,False,False,False,False,False,False,False
ENSG00000112144,ENSG00000112144,CILK1,2050,True,0.07987995906047231,1.7614913225854698,0.32757136,65,False,False,False,False,False,False,False,False
ENSG00000156384,ENSG00000156384,SFR1,3087,True,0.12102499034784162,1.7659723763529287,0.3258552,65,False,False,False,False,False,False,False,False
ENSG00000154822,ENSG00000154822,PLCL2,3092,True,0.11599845732679587,1.769185099731487,0.32573697,65,False,False,False,False,False,False,False,False
ENSG00000151849,ENSG00000151849,CENPJ,1502,True,0.05940945789563284,1.7637959024500445,0.3236485,65,False,False,False,False,False,False,False,False
ENSG00000174749,ENSG00000174749,FAM241A,833,True,0.034438134958673663,1.7635009233459515,0.3234559,65,False,False,False,False,False,False,False,False
ENSG00000197362,ENSG00000197362,ZNF786,1033,True,0.04077592503653201,1.7668877687266684,0.32300544,65,False,False,False,False,False,False,False,False
ENSG00000186815,ENSG00000186815,TPCN1,1350,True,0.05230517143398494,1.7650660189344327,0.32271084,65,False,False,False,False,False,False,False,False
ENSG00000118600,ENSG00000118600,RXYLT1,2776,True,0.10574478543712847,1.7624842608353868,0.31691235,65,False,False,False,False,False,False,False,False
ENSG00000011021,ENSG00000011021,CLCN6,1801,True,0.06714896842324183,1.7625932770556842,0.31500748,65,False,False,False,False,False,False,False,False
ENSG00000117322,ENSG00000117322,CR2,1926,True,0.07602509242702514,1.7636777023535815,0.3104035,65,False,False,False,False,False,False,False,False
ENSG00000163565,ENSG00000163565,IFI16,47360,True,1.3130339196553933,1.863023194776378,0.31025538,65,False,False,False,False,False,False,False,True
ENSG00000119669,ENSG00000119669,IRF2BPL,2866,True,0.11593574564295345,1.7612053304801671,0.30903578,65,False,False,False,False,False,False,False,False
ENSG00000100647,ENSG00000100647,SUSD6,2801,True,0.10380747180128345,1.765370599557538,0.30901462,65,False,False,False,False,False,False,False,False
ENSG00000168944,ENSG00000168944,CEP120,3018,True,0.11375957612891385,1.7623552979731456,0.30891216,65,False,False,False,False,False,False,False,False
ENSG00000163681,ENSG00000163681,SLMAP,4322,True,0.15794588015691258,1.764030755234765,0.3088298,65,False,False,False,False,False,False,False,False
ENSG00000204842,ENSG00000204842,ATXN2,4453,True,0.16394355397878857,1.76312272068396,0.30820048,65,False,False,False,False,False,False,False,False
ENSG00000158987,ENSG00000158987,RAPGEF6,2981,True,0.11390808707727008,1.763840018346025,0.30662137,65,False,False,False,False,False,False,False,False
ENSG00000066294,ENSG00000066294,CD84,4833,True,0.17436302263487055,1.7584324308427675,0.30537894,65,False,False,False,False,False,False,False,False
ENSG00000235621,ENSG00000235621,LINC00494,1834,True,0.0701560993027299,1.7583337156058256,0.30500662,65,False,False,False,False,False,False,False,False
ENSG00000136770,ENSG00000136770,DNAJC1,5059,True,0.18500276239559008,1.7547773165494711,0.30477262,65,False,False,False,False,False,False,False,False
ENSG00000100982,ENSG00000100982,PCIF1,3238,True,0.12448451741690292,1.7616805848698762,0.3045213,65,False,False,False,False,False,False,False,False
ENSG00000157540,ENSG00000157540,DYRK1A,3798,True,0.14390429037194874,1.7644892771384486,0.30345163,65,False,False,False,False,False,False,False,False
ENSG00000115267,ENSG00000115267,IFIH1,5140,True,0.18922745314292877,1.7656144352122631,0.3033158,65,False,False,False,False,False,False,False,True
ENSG00000114742,ENSG00000114742,WDR48,4008,True,0.14800639224932224,1.7620880892427186,0.3017966,65,False,False,False,False,False,False,False,False
ENSG00000079974,ENSG00000079974,RABL2B,3416,True,0.12891647765770428,1.7621352883284382,0.30038983,65,False,False,False,False,False,False,False,False
ENSG00000155100,ENSG00000155100,OTUD6B,2116,True,0.0821114985182759,1.7599189164629019,0.2961609,65,False,False,False,False,False,False,False,False
ENSG00000262967,ENSG00000262967,ENSG00000262967,2067,True,0.08644144673955591,1.7573810574697093,0.29344186,65,False,False,False,False,False,False,False,False
ENSG00000204444,ENSG00000204444,APOM,1757,True,0.06688738884253814,1.7544639327318798,0.29306272,65,False,False,False,False,False,False,False,False
ENSG00000162441,ENSG00000162441,LZIC,4271,True,0.15764442879807258,1.758082862611518,0.29271042,65,False,False,False,False,False,False,False,False
ENSG00000009413,ENSG00000009413,REV3L,6269,True,0.22314839200676673,1.7595339323780415,0.29166684,65,False,False,False,False,False,False,False,False
ENSG00000162959,ENSG00000162959,MEMO1,3318,True,0.12825583436379975,1.757893187089632,0.29058138,65,False,False,False,False,False,False,False,False
ENSG00000113194,ENSG00000113194,FAF2,3207,True,0.11992220085132142,1.7569234800018898,0.29049134,65,False,False,False,False,False,False,False,False
ENSG00000149564,ENSG00000149564,ESAM,716,True,0.03081731665472365,1.7307997275301856,0.2902269,65,False,False,False,False,False,False,False,False
ENSG00000180257,ENSG00000180257,ZNF816,1094,True,0.04452935138327895,1.7303765181068804,0.2899059,65,False,False,False,False,False,False,False,False
ENSG00000089916,ENSG00000089916,GPATCH2L,5095,True,0.1861948939136692,1.7586246948067696,0.28987023,65,False,False,False,False,False,False,False,False
ENSG00000177425,ENSG00000177425,PAWR,5602,True,0.2046684361816986,1.7605195538310163,0.28976953,65,False,False,False,False,False,False,False,False
ENSG00000171105,ENSG00000171105,INSR,907,True,0.03964747743270918,1.7623667146969977,0.28895667,65,False,False,False,False,False,False,False,False
ENSG00000119906,ENSG00000119906,SLF2,3776,True,0.13841563350336286,1.754777111645392,0.28837654,65,False,False,False,False,False,False,False,False
ENSG00000139505,ENSG00000139505,MTMR6,3437,True,0.12838771117145095,1.7579105989098749,0.2882926,65,False,False,False,False,False,False,False,False
ENSG00000168872,ENSG00000168872,DDX19A,3325,True,0.12272725319646155,1.7555981496961743,0.2876846,65,False,False,False,False,False,False,False,False
ENSG00000102606,ENSG00000102606,ARHGEF7,2713,True,0.09837449403850475,1.758385261857633,0.28559554,65,False,False,False,False,False,False,False,False
ENSG00000123607,ENSG00000123607,TTC21B,2106,True,0.07949796152039391,1.7276543941913334,0.2853085,65,False,False,False,False,False,False,False,False
ENSG00000102580,ENSG00000102580,DNAJC3,5871,True,0.20923251591437486,1.7533056782665168,0.2841131,65,False,False,False,False,False,False,False,False
ENSG00000124406,ENSG00000124406,ATP8A1,4253,True,0.16029064210358174,1.7557496221104798,0.28325552,65,False,False,False,False,False,False,False,False
ENSG00000141026,ENSG00000141026,MED9,1971,True,0.07406213189197765,1.7565802197738214,0.28303933,65,False,False,False,False,False,False,False,False
ENSG00000140006,ENSG00000140006,WDR89,1851,True,0.07354189976329215,1.755821486786988,0.28243738,65,False,False,False,False,False,False,False,False
ENSG00000162600,ENSG00000162600,OMA1,4776,True,0.18016436628100943,1.755316847656958,0.28207144,65,False,False,False,False,False,False,False,False
ENSG00000228696,ENSG00000228696,ARL17B,1468,True,0.0558341463481808,1.7551198828280112,0.27954754,65,False,False,False,False,False,False,False,False
ENSG00000204520,ENSG00000204520,MICA,1743,True,0.07088236688569732,1.7551218810351001,0.2794308,65,False,False,False,False,False,False,False,False
ENSG00000153317,ENSG00000153317,ASAP1,3784,True,0.1432092943525564,1.7556463866643883,0.27916682,65,False,False,False,False,False,False,False,False
ENSG00000168685,ENSG00000168685,IL7R,6369,True,0.213968643590825,1.7692538772674993,0.27836016,65,False,False,False,False,False,False,False,False
ENSG00000073331,ENSG00000073331,ALPK1,1481,True,0.05750966430083952,1.756124157026664,0.2772134,65,False,False,False,False,False,False,False,False
ENSG00000101882,ENSG00000101882,NKAP,7647,True,0.272164938339587,1.7549345902850175,0.2724621,65,False,False,False,False,False,False,False,False
ENSG00000163659,ENSG00000163659,TIPARP,1881,True,0.07392846198226505,1.7527898705287965,0.2722967,65,False,False,False,False,False,False,False,False
ENSG00000170242,ENSG00000170242,USP47,6700,True,0.23941595678483482,1.755844895044904,0.2711634,65,False,False,False,False,False,False,False,False
ENSG00000204599,ENSG00000204599,TRIM39,2311,True,0.0902701643536009,1.72125541270594,0.2699973,65,False,False,False,False,False,False,False,False
ENSG00000149231,ENSG00000149231,CCDC82,6503,True,0.23889908491900969,1.7527983474268254,0.2692304,65,False,False,False,False,False,False,False,False
ENSG00000014123,ENSG00000014123,UFL1,6580,True,0.23174080671456435,1.7476978040204985,0.26922196,65,False,False,False,False,False,False,False,False
ENSG00000117174,ENSG00000117174,ZNHIT6,6120,True,0.2205775919232498,1.7581699061473153,0.26900858,65,False,False,False,False,False,False,False,False
ENSG00000158122,ENSG00000158122,PRXL2C,4946,True,0.18649217949369312,1.7510422058685862,0.2681199,65,False,False,False,False,False,False,False,False
ENSG00000160226,ENSG00000160226,CFAP410,5295,True,0.19283263422978167,1.7518031218104448,0.26792943,65,False,False,False,False,False,False,False,False
ENSG00000072401,ENSG00000072401,UBE2D1,6878,True,0.25738545281498926,1.7535773056571957,0.26742443,65,False,False,False,False,False,False,False,False
ENSG00000116652,ENSG00000116652,DLEU2L,1004,True,0.04270029777736923,1.7518162125813275,0.26726437,65,False,False,False,False,False,False,False,False
ENSG00000070761,ENSG00000070761,CFAP20,3516,True,0.13559619500999315,1.7498666534668492,0.26667854,65,False,False,False,False,False,False,False,False
ENSG00000144566,ENSG00000144566,RAB5A,6830,True,0.24205732791345785,1.7536082015963763,0.2660981,65,False,False,False,False,False,False,False,False
ENSG00000132300,ENSG00000132300,PTCD3,4877,True,0.17688019234828767,1.7557554479595068,0.26599228,65,False,False,False,False,False,False,False,False
ENSG00000158092,ENSG00000158092,NCK1,6099,True,0.2249977551260869,1.750726055824002,0.2658706,65,False,False,False,False,False,False,False,False
ENSG00000169871,ENSG00000169871,TRIM56,3839,True,0.1378272677142688,1.7198000401538371,0.26532742,65,False,False,False,False,False,False,False,False
ENSG00000160993,ENSG00000160993,ALKBH4,1869,True,0.0694166385206734,1.7515047221610844,0.2648527,65,False,False,False,False,False,False,False,False
ENSG00000130803,ENSG00000130803,ZNF317,1813,True,0.06900959214359942,1.754621733588528,0.2642306,65,False,False,False,False,False,False,False,False
ENSG00000188428,ENSG00000188428,BLOC1S5,3091,True,0.11579517398826211,1.7510239643207206,0.26381922,65,False,False,False,False,False,False,False,False
ENSG00000181555,ENSG00000181555,SETD2,9969,True,0.33356008574611057,1.7705262604398462,0.26379317,65,False,False,False,False,False,False,False,False
ENSG00000154640,ENSG00000154640,BTG3,5093,True,0.19268286908097332,1.7515940060927429,0.26357177,65,False,False,False,False,False,False,False,False
ENSG00000196465,ENSG00000196465,MYL6B,4653,True,0.17287765768088562,1.7515216839734749,0.26333544,65,False,False,False,False,False,False,False,False
ENSG00000131778,ENSG00000131778,CHD1L,3851,True,0.1442247169458282,1.7525840544754603,0.26316375,65,False,False,False,False,False,False,False,False
ENSG00000100888,ENSG00000100888,CHD8,4680,True,0.1680640676643297,1.7499784542025054,0.262418,65,False,False,False,False,False,False,False,False
ENSG00000257923,ENSG00000257923,CUX1,5281,True,0.18704028781302498,1.751830877974876,0.26191306,65,False,False,False,False,False,False,False,False
ENSG00000138380,ENSG00000138380,CARF,2372,True,0.08994651288476481,1.749756411202881,0.2617535,65,False,False,False,False,False,False,False,False
ENSG00000172613,ENSG00000172613,RAD9A,4855,True,0.178518553841618,1.75078472645517,0.26079595,65,False,False,False,False,False,False,False,False
ENSG00000108854,ENSG00000108854,SMURF2,2028,True,0.07964798995797534,1.7513021454694162,0.2592384,65,False,False,False,False,False,False,False,False
ENSG00000221883,ENSG00000221883,ARIH2OS,2371,True,0.09120037279649713,1.7482092383846124,0.25912404,65,False,False,False,False,False,False,False,False
ENSG00000111752,ENSG00000111752,PHC1,1409,True,0.05345565518278556,1.751737499956102,0.25865358,65,False,False,False,False,False,False,False,False
ENSG00000115339,ENSG00000115339,GALNT3,1655,True,0.06510186605053968,1.7418251935791877,0.25815478,65,False,False,False,False,False,False,False,False
ENSG00000145675,ENSG00000145675,PIK3R1,7936,True,0.2725413494268245,1.7550308991361314,0.25727764,65,False,False,False,False,False,False,False,False
ENSG00000130787,ENSG00000130787,HIP1R,5053,True,0.18282171564759697,1.751949637287112,0.25703442,65,False,False,False,False,False,False,False,False
ENSG00000164080,ENSG00000164080,RAD54L2,2329,True,0.0889350256284382,1.7515055949489429,0.2552168,65,False,False,False,False,False,False,False,False
ENSG00000076685,ENSG00000076685,NT5C2,3342,True,0.12293145520387626,1.7485105597661594,0.25521255,65,False,False,False,False,False,False,False,False
ENSG00000165355,ENSG00000165355,FBXO33,4345,True,0.164026247223795,1.7499258660835344,0.2541931,65,False,False,False,False,False,False,False,False
ENSG00000221838,ENSG00000221838,AP4M1,1501,True,0.05857151256848841,1.7097716120936974,0.25412208,65,False,False,False,False,False,False,False,False
ENSG00000115459,ENSG00000115459,ELMOD3,3422,True,0.12841603721776979,1.7522584100917895,0.253462,65,False,False,False,False,False,False,False,False
ENSG00000120029,ENSG00000120029,ARMH3,3591,True,0.1366886688858971,1.7484390036227757,0.25307482,65,False,False,False,False,False,False,False,False
ENSG00000172795,ENSG00000172795,DCP2,9200,True,0.31943710709197404,1.762310772991408,0.25290754,65,False,False,False,False,False,False,False,False
ENSG00000031003,ENSG00000031003,FAM13B,6015,True,0.21263215940426744,1.7549815240819662,0.25263837,65,False,False,False,False,False,False,False,False
ENSG00000178163,ENSG00000178163,ZNF518B,2595,True,0.0971853598193619,1.7486611062467916,0.25102264,65,False,False,False,False,False,False,False,False
ENSG00000138802,ENSG00000138802,SEC24B,1874,True,0.07062129947593974,1.7515561540786928,0.25069007,65,False,False,False,False,False,False,False,False
ENSG00000122008,ENSG00000122008,POLK,8638,True,0.30228711697137434,1.758956751363427,0.25059816,65,False,False,False,False,False,False,False,False
ENSG00000090905,ENSG00000090905,TNRC6A,7342,True,0.2656598914035593,1.7621724112940478,0.24963976,65,False,False,False,False,False,False,False,False
ENSG00000177082,ENSG00000177082,WDR73,3245,True,0.11587470347431844,1.7416408776023735,0.24948812,65,False,False,False,False,False,False,False,False
ENSG00000146872,ENSG00000146872,TLK2,3886,True,0.14065671361655732,1.7480274701208138,0.2487764,65,False,False,False,False,False,False,False,False
ENSG00000113583,ENSG00000113583,C5orf15,3970,True,0.1484366068413283,1.7492027402220478,0.24850872,65,False,False,False,False,False,False,False,False
ENSG00000157741,ENSG00000157741,UBN2,2275,True,0.08485359975244859,1.7471158320012485,0.24808839,65,False,False,False,False,False,False,False,False
ENSG00000074356,ENSG00000074356,NCBP3,5264,True,0.19001079056957038,1.7480901378708724,0.24776174,65,False,False,False,False,False,False,False,False
ENSG00000077097,ENSG00000077097,TOP2B,7348,True,0.2585038001760409,1.7595429212765046,0.24324588,65,False,False,False,False,False,False,False,False
ENSG00000100852,ENSG00000100852,ARHGAP5,8012,True,0.2788111853549202,1.763880448042662,0.24208412,65,False,False,False,False,False,False,False,False
ENSG00000119596,ENSG00000119596,YLPM1,3482,True,0.1284820050470146,1.7467387600965834,0.24167421,65,False,False,False,False,False,False,False,False
ENSG00000172262,ENSG00000172262,ZNF131,9126,True,0.3201575830117461,1.7696957547290884,0.2404413,65,False,False,False,False,False,False,False,False
ENSG00000133961,ENSG00000133961,NUMB,9195,True,0.3237006987504322,1.7666327562274118,0.238782,65,False,False,False,False,False,False,False,False
ENSG00000164151,ENSG00000164151,ICE1,4661,True,0.1658255473614106,1.7476683154742432,0.23789158,65,False,False,False,False,False,False,False,False
ENSG00000198589,ENSG00000198589,LRBA,5174,True,0.18238162032516608,1.7459321171582751,0.23728405,65,False,False,False,False,False,False,False,False
ENSG00000237440,ENSG00000237440,ZNF737,1197,True,0.04643291088011101,1.6570385534418561,0.2372525,65,False,False,False,False,False,False,False,False
ENSG00000176476,ENSG00000176476,SGF29,3896,True,0.14861554399012852,1.7470992638499667,0.23692034,65,False,False,False,False,False,False,False,False
ENSG00000110665,ENSG00000110665,C11orf21,2447,True,0.09460043418564376,1.7449856727448931,0.23319633,65,False,False,False,False,False,False,False,False
ENSG00000116977,ENSG00000116977,LGALS8,3659,True,0.13488471396449284,1.7428037491180242,0.23185995,65,False,False,False,False,False,False,False,False
ENSG00000213563,ENSG00000213563,C8orf82,3883,True,0.14613763955682896,1.74282535044285,0.23176782,65,False,False,False,False,False,False,False,False
ENSG00000197982,ENSG00000197982,C1orf122,6268,True,0.22449754126614538,1.742401772140333,0.23032856,65,False,False,False,False,False,False,False,False
ENSG00000063854,ENSG00000063854,HAGH,5961,True,0.2182423347377102,1.7441256579708968,0.2295208,65,False,False,False,False,False,False,False,False
ENSG00000178988,ENSG00000178988,MRFAP1L1,3347,True,0.12297199148105217,1.743340085437677,0.22847404,65,False,False,False,False,False,False,False,False
ENSG00000095209,ENSG00000095209,TMEM38B,4776,True,0.18086593430483477,1.742857511171084,0.22718807,65,False,False,False,False,False,False,False,False
ENSG00000109133,ENSG00000109133,TMEM33,3387,True,0.12315622548806862,1.7437423813754194,0.22682932,65,False,False,False,False,False,False,False,False
ENSG00000196459,ENSG00000196459,TRAPPC2,6400,True,0.23398907448178072,1.747151431006082,0.22476363,65,False,False,False,False,False,False,False,False
ENSG00000196323,ENSG00000196323,ZBTB44,7553,True,0.27385935129260974,1.7559255367756916,0.2206545,65,False,False,False,False,False,False,False,False
ENSG00000177981,ENSG00000177981,ASB8,5313,True,0.18779367400595282,1.7411551901036737,0.21916473,65,False,False,False,False,False,False,False,False
ENSG00000127554,ENSG00000127554,GFER,5616,True,0.20193905215005659,1.7416075125426722,0.21916427,65,False,False,False,False,False,False,False,False
ENSG00000179833,ENSG00000179833,SERTAD2,5285,True,0.199556166553711,1.7428624643501431,0.21806084,65,False,False,False,False,False,False,False,False
ENSG00000187866,ENSG00000187866,PABIR1,2132,True,0.08132645794218686,1.7402740546494828,0.21659644,65,False,False,False,False,False,False,False,False
ENSG00000164134,ENSG00000164134,NAA15,7850,True,0.2749716915624311,1.7532274148172882,0.21293998,65,False,False,False,False,False,False,False,False
ENSG00000171703,ENSG00000171703,TCEA2,4873,True,0.18471972220500213,1.7380567326346992,0.20861565,65,False,False,False,False,False,False,False,False
ENSG00000065243,ENSG00000065243,PKN2,8744,True,0.3053001153277828,1.75979700605671,0.20663655,65,False,False,False,False,False,False,False,False
ENSG00000099204,ENSG00000099204,ABLIM1,7324,True,0.2530096507415959,1.7468237966913056,0.20092866,65,False,False,False,False,False,False,False,False
ENSG00000133731,ENSG00000133731,IMPA1,3245,True,0.12371594737440646,1.737631462637504,0.20051603,65,False,False,False,False,False,False,False,False
ENSG00000100445,ENSG00000100445,SDR39U1,7459,True,0.2672120177844402,1.742579734248232,0.19317538,65,False,False,False,False,False,False,False,False
ENSG00000102125,ENSG00000102125,TAFAZZIN,5585,True,0.20042188444425718,1.734407568107937,0.18573499,65,False,False,False,False,False,False,False,False
ENSG00000175600,ENSG00000175600,SUGCT,440,True,0.020421966456821886,1.7588107407511053,0.8809119,64,False,False,False,False,False,False,False,False
ENSG00000161929,ENSG00000161929,SCIMP,11750,True,0.3895976126852234,1.7902056608877819,0.5263657,64,False,False,False,False,False,False,False,False
ENSG00000270562,ENSG00000270562,FOXP1-DT,312,True,0.01327203016841237,1.6360632074542822,0.48910588,64,False,False,False,False,False,False,False,False
ENSG00000220008,ENSG00000220008,LINGO3,482,True,0.020281110468808757,1.7175198242243972,0.4860684,64,False,False,False,False,False,False,False,False
ENSG00000226746,ENSG00000226746,SMCR5,959,True,0.041367759755934964,1.8013575583655517,0.4739746,64,False,False,False,False,False,False,False,False
ENSG00000270659,ENSG00000270659,ENSG00000270659,330,True,0.014408206989873861,1.6331667914877086,0.45631963,64,False,False,False,False,False,False,False,False
ENSG00000176236,ENSG00000176236,RPP38-DT,606,True,0.024960670144470357,1.6590947639296423,0.45461527,64,False,False,False,False,False,False,False,False
ENSG00000263400,ENSG00000263400,TMEM220-AS1,259,True,0.010694554105387775,1.49102079465941,0.44924912,64,False,False,False,False,False,False,False,False
ENSG00000260278,ENSG00000260278,BMP2K-DT,660,True,0.02830849281050785,1.7050698378029197,0.44659773,64,False,False,False,False,False,False,False,False
ENSG00000066654,ENSG00000066654,THUMPD1,12794,True,0.44708944444497517,1.7937678234304324,0.44556534,64,False,False,False,False,False,False,False,False
ENSG00000129810,ENSG00000129810,SGO1,1774,True,0.07226531553318555,1.7908722335113538,0.43842134,64,False,False,False,False,False,False,False,False
ENSG00000230148,ENSG00000230148,HOXB-AS1,514,True,0.022578388118115196,1.7294671083914592,0.43745923,64,False,False,False,False,False,False,False,False
ENSG00000179299,ENSG00000179299,NSUN7,449,True,0.01840505740166158,1.5424928514017469,0.4222475,64,False,False,False,False,False,False,False,False
ENSG00000155970,ENSG00000155970,MICU3,786,True,0.03281218695026386,1.7582851167448252,0.41210544,64,False,False,False,False,False,False,False,False
ENSG00000122729,ENSG00000122729,ACO1,972,True,0.03746699785124488,1.7854812597395382,0.40686908,64,False,False,False,False,False,False,False,False
ENSG00000106603,ENSG00000106603,COA1,9812,True,0.35502287060605037,1.7917634616186298,0.4023729,64,False,False,False,False,False,False,False,False
ENSG00000174405,ENSG00000174405,LIG4,1447,True,0.05978943105507228,1.7840471606027386,0.39807034,64,False,False,False,False,False,False,False,False
ENSG00000196381,ENSG00000196381,ZNF781,761,True,0.03202078955873322,1.7497707225721961,0.39443251,64,False,False,False,False,False,False,False,False
ENSG00000197044,ENSG00000197044,ZNF441,1704,True,0.06507900432773427,1.7837247203561766,0.3933402,64,False,False,False,False,False,False,False,False
ENSG00000100644,ENSG00000100644,HIF1A,17185,True,0.5565222961925427,1.7967367793145463,0.39329174,64,False,False,False,False,False,False,False,False
ENSG00000272264,ENSG00000272264,ENSG00000272264,730,True,0.03114719395519244,1.7638675137143627,0.38741276,64,False,False,False,False,False,False,False,False
ENSG00000142556,ENSG00000142556,ZNF614,866,True,0.03569689470668561,1.749743241215151,0.3849855,64,False,False,False,False,False,False,False,False
ENSG00000165490,ENSG00000165490,DDIAS,344,True,0.013993367352328277,1.6862144075355239,0.3833445,64,False,False,False,False,False,False,False,False
ENSG00000162924,ENSG00000162924,REL,38155,True,1.0854164605522547,1.8574527163684018,0.37429956,64,False,False,False,False,False,False,False,False
ENSG00000005302,ENSG00000005302,MSL3,12624,True,0.43123387799891705,1.7842918450254144,0.37315038,64,False,False,False,False,False,False,False,False
ENSG00000265008,ENSG00000265008,ENSG00000265008,418,True,0.018795599474185465,1.7369320769613141,0.3718742,64,False,False,False,False,False,False,False,False
ENSG00000158411,ENSG00000158411,MITD1,12131,True,0.43455635545739785,1.7889721980068465,0.36998704,64,False,False,False,False,False,False,False,False
ENSG00000104356,ENSG00000104356,POP1,679,True,0.02792434585875622,1.73276564584558,0.36685255,64,False,False,False,False,False,False,False,False
ENSG00000272523,ENSG00000272523,LINC01023,1017,True,0.04324037860190948,1.7747287462673582,0.36596167,64,False,False,False,False,False,False,False,False
ENSG00000100124,ENSG00000100124,ANKRD54,2448,True,0.09488807950056927,1.7730849616905362,0.35797867,64,False,False,False,False,False,False,False,False
ENSG00000222020,ENSG00000222020,HDAC4-AS1,1570,True,0.06893209532698197,1.7801931966421944,0.3574626,64,False,False,False,False,False,False,False,False
ENSG00000115970,ENSG00000115970,THADA,2206,True,0.08279951270483282,1.772341230079162,0.35469213,64,False,False,False,False,False,False,False,False
ENSG00000241666,ENSG00000241666,ENSG00000241666,361,True,0.015800298666642097,1.6506083793114315,0.35331082,64,False,False,False,False,False,False,False,False
ENSG00000171843,ENSG00000171843,MLLT3,1761,True,0.06701167691486065,1.7671629294371498,0.3483378,64,False,False,False,False,False,False,False,False
ENSG00000091136,ENSG00000091136,LAMB1,574,True,0.024820909744601105,1.7460574579871213,0.3435573,64,False,False,False,False,False,False,False,False
ENSG00000198771,ENSG00000198771,RCSD1,35113,True,0.9978770326098615,1.838913175012415,0.34304434,64,False,False,False,False,False,False,False,False
ENSG00000186814,ENSG00000186814,ZSCAN30,1405,True,0.05433274207064965,1.7660017186549348,0.3301901,64,False,False,False,False,False,False,False,False
ENSG00000089060,ENSG00000089060,SLC8B1,1423,True,0.05332083570653974,1.7609428043872688,0.32634696,64,False,False,False,False,False,False,False,False
ENSG00000078177,ENSG00000078177,N4BP2,3006,True,0.10940071887341532,1.7615898322409032,0.32148185,64,False,False,False,False,False,False,False,False
ENSG00000128923,ENSG00000128923,MINDY2,3874,True,0.14238455752682444,1.7640190708907284,0.320697,64,False,False,False,False,False,False,False,False
ENSG00000111877,ENSG00000111877,MCM9,1902,True,0.06955715348605557,1.7649469503084594,0.31869236,64,False,False,False,False,False,False,False,False
ENSG00000168256,ENSG00000168256,NKIRAS2,2383,True,0.08869561109331607,1.7621787332985022,0.3180348,64,False,False,False,False,False,False,False,False
ENSG00000037637,ENSG00000037637,FBXO42,2442,True,0.08990976081925627,1.7640870856671447,0.31767654,64,False,False,False,False,False,False,False,False
ENSG00000170852,ENSG00000170852,KBTBD2,2918,True,0.11208951981350576,1.7599942702159643,0.3159128,64,False,False,False,False,False,False,False,False
ENSG00000198355,ENSG00000198355,PIM3,8171,True,0.2863276624574062,1.7601755750560792,0.31231874,64,False,False,False,False,False,False,False,False
ENSG00000131732,ENSG00000131732,ZCCHC9,3456,True,0.12794571954751624,1.7622021415690319,0.31213906,64,False,False,False,False,False,False,False,False
ENSG00000196724,ENSG00000196724,ZNF418,564,True,0.022853236187523888,1.7313266673804903,0.31201315,64,False,False,False,False,False,False,False,False
ENSG00000120370,ENSG00000120370,GORAB,1102,True,0.0426537384240223,1.7473092883824315,0.31153053,64,False,False,False,False,False,False,False,False
ENSG00000102786,ENSG00000102786,INTS6,3650,True,0.139058854527522,1.7644721763063649,0.3113745,64,False,False,False,False,False,False,False,False
ENSG00000169660,ENSG00000169660,HEXD,3871,True,0.14369698519500068,1.7605411220830118,0.30972454,64,False,False,False,False,False,False,False,False
ENSG00000113318,ENSG00000113318,MSH3,4160,True,0.14939488769598766,1.758478439904382,0.30934215,64,False,False,False,False,False,False,False,False
ENSG00000011454,ENSG00000011454,RABGAP1,3606,True,0.13660210717783527,1.7610475338031093,0.3082401,64,False,False,False,False,False,False,False,False
ENSG00000107614,ENSG00000107614,TRDMT1,1262,True,0.047721446471527984,1.7599633231508323,0.30531693,64,False,False,False,False,False,False,False,False
ENSG00000144026,ENSG00000144026,ZNF514,1037,True,0.0426389072341866,1.7657525861250294,0.30501544,64,False,False,False,False,False,False,False,False
ENSG00000254004,ENSG00000254004,ZNF260,1609,True,0.06378889502986641,1.757982763986567,0.3048479,64,False,False,False,False,False,False,False,False
ENSG00000085063,ENSG00000085063,CD59,3600,True,0.13632893633939866,1.753205151937849,0.3043729,64,False,False,False,False,False,False,False,False
ENSG00000131188,ENSG00000131188,PRR7,6600,True,0.2428197704083275,1.7577631682260273,0.3028568,64,False,False,False,False,False,False,False,False
ENSG00000128563,ENSG00000128563,PRKRIP1,4019,True,0.14764390536073232,1.75902324607248,0.30187723,64,False,False,False,False,False,False,False,False
ENSG00000039319,ENSG00000039319,ZFYVE16,2480,True,0.09311227131642573,1.7618681041991489,0.30124015,64,False,False,False,False,False,False,False,False
ENSG00000126790,ENSG00000126790,L3HYPDH,1829,True,0.07307268778841332,1.7607681357515452,0.30057776,64,False,False,False,False,False,False,False,False
ENSG00000256043,ENSG00000256043,CTSO,3171,True,0.12448347349120845,1.7581015193556808,0.2969494,64,False,False,False,False,False,False,False,False
ENSG00000173209,ENSG00000173209,AHSA2P,4096,True,0.15119861956177522,1.7611645715037725,0.29542473,64,False,False,False,False,False,False,False,False
ENSG00000163166,ENSG00000163166,IWS1,5981,True,0.21268234901191826,1.7605732873687543,0.29462525,64,False,False,False,False,False,False,False,False
ENSG00000147454,ENSG00000147454,SLC25A37,6812,True,0.2459740655584085,1.7560886328787448,0.29424742,64,False,False,False,False,False,False,False,False
ENSG00000179119,ENSG00000179119,SPTY2D1,4478,True,0.16674550952661973,1.7575882747509972,0.2935874,64,False,False,False,False,False,False,False,False
ENSG00000054282,ENSG00000054282,SDCCAG8,8875,True,0.318697864411337,1.7731059265475535,0.29113668,64,False,False,False,False,False,False,False,False
ENSG00000267058,ENSG00000267058,ENSG00000267058,734,True,0.03083887443297829,1.7550703400816658,0.2854745,64,False,False,False,False,False,False,False,False
ENSG00000147121,ENSG00000147121,KRBOX4,2236,True,0.08875148247659272,1.7574943740529634,0.28487328,64,False,False,False,False,False,False,False,False
ENSG00000100596,ENSG00000100596,SPTLC2,4054,True,0.14963924923161775,1.7577873546140381,0.28363183,64,False,False,False,False,False,False,False,False
ENSG00000166912,ENSG00000166912,MTMR10,1764,True,0.06745785263733432,1.7590054766278536,0.28303722,64,False,False,False,False,False,False,False,False
ENSG00000214900,ENSG00000214900,LINC01588,2882,True,0.11006574193629351,1.7542906292247613,0.28300864,64,False,False,False,False,False,False,False,False
ENSG00000122958,ENSG00000122958,VPS26A,5372,True,0.192655270679413,1.75454653237856,0.2814903,64,False,False,False,False,False,False,False,False
ENSG00000127328,ENSG00000127328,RAB3IP,2433,True,0.092227796612453,1.7525762869829966,0.28052163,64,False,False,False,False,False,False,False,False
ENSG00000121552,ENSG00000121552,CSTA,4459,True,0.17184091456719705,1.7521069895157992,0.28011313,64,False,False,False,False,False,False,False,False
ENSG00000197019,ENSG00000197019,SERTAD1,5709,True,0.20697391803346765,1.7471126509601957,0.27917352,64,False,False,False,False,False,False,False,False
ENSG00000146834,ENSG00000146834,MEPCE,3329,True,0.12827701781347875,1.7560708851110662,0.27899328,64,False,False,False,False,False,False,False,False
ENSG00000232490,ENSG00000232490,OSBPL10-AS1,6318,True,0.22739164770880613,1.7609114977130138,0.27788833,64,False,False,False,False,False,False,False,False
ENSG00000086102,ENSG00000086102,NFX1,5388,True,0.19029878672825554,1.7553594060065094,0.27724046,64,False,False,False,False,False,False,False,False
ENSG00000077150,ENSG00000077150,NFKB2,9182,True,0.3193458812194836,1.7691179674493631,0.2761233,64,False,False,False,False,False,False,False,False
ENSG00000106771,ENSG00000106771,TMEM245,2723,True,0.1036843230114401,1.7512639041725035,0.27567008,64,False,False,False,False,False,False,False,False
ENSG00000272894,ENSG00000272894,MIOS-DT,914,True,0.03710497829064771,1.7570501186987015,0.27351415,64,False,False,False,False,False,False,False,False
ENSG00000269176,ENSG00000269176,ENSG00000269176,617,True,0.024854530213902028,1.7520107690087032,0.27329174,64,False,False,False,False,False,False,False,False
ENSG00000151239,ENSG00000151239,TWF1,3403,True,0.1275547352431077,1.7543516547720557,0.27286834,64,False,False,False,False,False,False,False,False
ENSG00000198814,ENSG00000198814,GK,1107,True,0.04475068490941399,1.7486208510049153,0.27260914,64,False,False,False,False,False,False,False,False
ENSG00000165406,ENSG00000165406,MARCHF8,4329,True,0.15623142311816704,1.7525971193931402,0.2725019,64,False,False,False,False,False,False,False,False
ENSG00000180398,ENSG00000180398,MCFD2,5026,True,0.18385081776596185,1.7540543590716864,0.2712936,64,False,False,False,False,False,False,False,False
ENSG00000163125,ENSG00000163125,RPRD2,5134,True,0.18740557426177754,1.7546991642772731,0.27026638,64,False,False,False,False,False,False,False,False
ENSG00000174840,ENSG00000174840,PDE12,3248,True,0.11521742199355102,1.7515705732507114,0.26977634,64,False,False,False,False,False,False,False,False
ENSG00000187994,ENSG00000187994,RINL,4683,True,0.172074814948628,1.7513328960129457,0.2695061,64,False,False,False,False,False,False,False,False
ENSG00000011405,ENSG00000011405,PIK3C2A,3492,True,0.12830494725418878,1.751107704756444,0.26905337,64,False,False,False,False,False,False,False,False
ENSG00000197312,ENSG00000197312,DDI2,2435,True,0.09151119981046044,1.7496132748586872,0.26850504,64,False,False,False,False,False,False,False,False
ENSG00000014824,ENSG00000014824,SLC30A9,3232,True,0.11729866356078063,1.7532196292369249,0.2676081,64,False,False,False,False,False,False,False,False
ENSG00000179094,ENSG00000179094,PER1,4410,True,0.16259552497838095,1.7520274937716154,0.26725537,64,False,False,False,False,False,False,False,False
ENSG00000173928,ENSG00000173928,SWSAP1,3083,True,0.12271309248468962,1.7521188581736526,0.26701647,64,False,False,False,False,False,False,False,False
ENSG00000149262,ENSG00000149262,INTS4,2150,True,0.08200374241909678,1.7534075305647954,0.26563138,64,False,False,False,False,False,False,False,False
ENSG00000164535,ENSG00000164535,DAGLB,1283,True,0.050347255885306995,1.7489599302158936,0.26509842,64,False,False,False,False,False,False,False,False
ENSG00000155744,ENSG00000155744,HYCC2,5967,True,0.21959064697486985,1.7541330515954991,0.26361555,64,False,False,False,False,False,False,False,False
ENSG00000155621,ENSG00000155621,C9orf85,2697,True,0.10156627689101705,1.7541645556109133,0.26257965,64,False,False,False,False,False,False,False,False
ENSG00000158427,ENSG00000158427,TMSB15B,1962,True,0.07998042264010295,1.7520573303946163,0.26160744,64,False,False,False,False,False,False,False,False
ENSG00000261098,ENSG00000261098,ENSG00000261098,1602,True,0.061864223306358074,1.7494713693685264,0.26052684,64,False,False,False,False,False,False,False,False
ENSG00000230590,ENSG00000230590,FTX,2587,True,0.09219612089417409,1.7233612494086388,0.2580771,64,False,False,False,False,False,False,False,False
ENSG00000197912,ENSG00000197912,SPG7,6368,True,0.22492764680979296,1.755552252237581,0.25760794,64,False,False,False,False,False,False,False,False
ENSG00000135297,ENSG00000135297,MTO1,2959,True,0.11356916567848403,1.749342534694353,0.25672036,64,False,False,False,False,False,False,False,False
ENSG00000145736,ENSG00000145736,GTF2H2,3799,True,0.13945653369431313,1.749568970834074,0.2566564,64,False,False,False,False,False,False,False,False
ENSG00000131931,ENSG00000131931,THAP1,3595,True,0.1327453919893451,1.746488449723847,0.25602838,64,False,False,False,False,False,False,False,False
ENSG00000176915,ENSG00000176915,ANKLE2,6369,True,0.22435320254832333,1.7527968428045155,0.25519937,64,False,False,False,False,False,False,False,False
ENSG00000163376,ENSG00000163376,KBTBD8,2218,True,0.08751040155812,1.7506503360720238,0.25512683,64,False,False,False,False,False,False,False,False
ENSG00000136381,ENSG00000136381,IREB2,6918,True,0.2443388388879109,1.7566727986705666,0.2545778,64,False,False,False,False,False,False,False,False
ENSG00000176102,ENSG00000176102,CSTF3,6531,True,0.24951876272447135,1.7493003748952631,0.25444484,64,False,False,False,False,False,False,False,False
ENSG00000028528,ENSG00000028528,SNX1,5494,True,0.19586924747918194,1.752043309800832,0.25432056,64,False,False,False,False,False,False,False,False
ENSG00000094975,ENSG00000094975,SUCO,3647,True,0.1331527468351705,1.750267323775793,0.25268656,64,False,False,False,False,False,False,False,False
ENSG00000100934,ENSG00000100934,SEC23A,4225,True,0.15871190093436938,1.7515526159514452,0.25136098,64,False,False,False,False,False,False,False,False
ENSG00000163781,ENSG00000163781,TOPBP1,4400,True,0.15953725465480942,1.7463693752597365,0.25113025,64,False,False,False,False,False,False,False,False
ENSG00000109790,ENSG00000109790,KLHL5,5067,True,0.18052802376631105,1.748167173358879,0.25064224,64,False,False,False,False,False,False,False,False
ENSG00000196456,ENSG00000196456,ZNF775,6347,True,0.23096669226754638,1.7526563381863434,0.25062373,64,False,False,False,False,False,False,False,False
ENSG00000160072,ENSG00000160072,ATAD3B,1181,True,0.04582997094752561,1.7430009291360187,0.24818565,64,False,False,False,False,False,False,False,False
ENSG00000102401,ENSG00000102401,ARMCX3,5946,True,0.21775180415627898,1.7465408763426102,0.24812414,64,False,False,False,False,False,False,False,False
ENSG00000127084,ENSG00000127084,FGD3,6655,True,0.23131303332204256,1.7501565002456383,0.24710515,64,False,False,False,False,False,False,False,False
ENSG00000109220,ENSG00000109220,CHIC2,4629,True,0.1755992448599973,1.7471551138745602,0.24693537,64,False,False,False,False,False,False,False,False
ENSG00000169826,ENSG00000169826,CSGALNACT2,4448,True,0.15544847033319079,1.7486368363378804,0.2469299,64,False,False,False,False,False,False,False,False
ENSG00000140262,ENSG00000140262,TCF12,3616,True,0.13141472745192975,1.7488945975356716,0.24563608,64,False,False,False,False,False,False,False,False
ENSG00000176390,ENSG00000176390,CRLF3,6265,True,0.22210517214833408,1.7500580808429411,0.24559678,64,False,False,False,False,False,False,False,False
ENSG00000100814,ENSG00000100814,CCNB1IP1,7166,True,0.24905054628023562,1.7483043635952598,0.24553844,64,False,False,False,False,False,False,False,False
ENSG00000100077,ENSG00000100077,GRK3,6255,True,0.22668431489796162,1.746482567525034,0.2436601,64,False,False,False,False,False,False,False,False
ENSG00000118217,ENSG00000118217,ATF6,5665,True,0.1986914266523623,1.743061058844127,0.24363431,64,False,False,False,False,False,False,False,False
ENSG00000180182,ENSG00000180182,MED14,2262,True,0.08315505422262888,1.7462327427112883,0.24323924,64,False,False,False,False,False,False,False,False
ENSG00000153815,ENSG00000153815,CMIP,5133,True,0.19216529075223285,1.749121517440073,0.2425605,64,False,False,False,False,False,False,False,False
ENSG00000087087,ENSG00000087087,SRRT,5135,True,0.18558316387534546,1.7476707792074675,0.24184503,64,False,False,False,False,False,False,False,False
ENSG00000135720,ENSG00000135720,DYNC1LI2,3668,True,0.13140867985386737,1.7475998738954686,0.24090704,64,False,False,False,False,False,False,False,False
ENSG00000239382,ENSG00000239382,ALKBH6,2643,True,0.10129948063039969,1.7498451347736486,0.24044019,64,False,False,False,False,False,False,False,False
ENSG00000188785,ENSG00000188785,ZNF548,1506,True,0.05968496777895604,1.746381503471396,0.23857558,64,False,False,False,False,False,False,False,False
ENSG00000021574,ENSG00000021574,SPAST,2337,True,0.08528019444592863,1.7465653757543995,0.2382664,64,False,False,False,False,False,False,False,False
ENSG00000197771,ENSG00000197771,MCMBP,3860,True,0.1408426546495065,1.747671524975169,0.23709972,64,False,False,False,False,False,False,False,False
ENSG00000103423,ENSG00000103423,DNAJA3,3618,True,0.13441073782071863,1.7465814747069595,0.23610908,64,False,False,False,False,False,False,False,False
ENSG00000142039,ENSG00000142039,CCDC97,3549,True,0.12828585763872244,1.7462454663985805,0.23293038,64,False,False,False,False,False,False,False,False
ENSG00000273472,ENSG00000273472,ENSG00000273472,3071,True,0.11771821072328699,1.744549741922249,0.23264472,64,False,False,False,False,False,False,False,False
ENSG00000144635,ENSG00000144635,DYNC1LI1,5912,True,0.20922730787236973,1.7452318322542497,0.23183574,64,False,False,False,False,False,False,False,False
ENSG00000162231,ENSG00000162231,NXF1,4949,True,0.17856355707748753,1.7478012763202728,0.23161383,64,False,False,False,False,False,False,False,False
ENSG00000198815,ENSG00000198815,FOXJ3,3105,True,0.11720060477148003,1.7419024221720454,0.23107661,64,False,False,False,False,False,False,False,False
ENSG00000164163,ENSG00000164163,ABCE1,8256,True,0.28979568422329793,1.7513984450277291,0.2307382,64,False,False,False,False,False,False,False,False
ENSG00000068308,ENSG00000068308,OTUD5,4271,True,0.15817115125897124,1.7460119615958376,0.22910136,64,False,False,False,False,False,False,False,False
ENSG00000161920,ENSG00000161920,MED11,4515,True,0.1661984723360088,1.7440172964340042,0.22908011,64,False,False,False,False,False,False,False,False
ENSG00000172667,ENSG00000172667,ZMAT3,3243,True,0.1244295199316554,1.7456994257365324,0.22787121,64,False,False,False,False,False,False,False,False
ENSG00000101191,ENSG00000101191,DIDO1,5286,True,0.1883081680803231,1.745509307203197,0.22680666,64,False,False,False,False,False,False,False,False
ENSG00000099968,ENSG00000099968,BCL2L13,4994,True,0.1831687505062696,1.7413905474645688,0.22459573,64,False,False,False,False,False,False,False,False
ENSG00000103197,ENSG00000103197,TSC2,2545,True,0.09388464205928053,1.7411203804652577,0.22281297,64,False,False,False,False,False,False,False,False
ENSG00000172322,ENSG00000172322,CLEC12A,1425,True,0.05853967926124621,1.7427421175053759,0.21717802,64,False,False,False,False,False,False,False,False
ENSG00000078043,ENSG00000078043,PIAS2,2434,True,0.0916365147093547,1.7415681207904905,0.2149603,64,False,False,False,False,False,False,False,False
ENSG00000258315,ENSG00000258315,C17orf49,2962,True,0.11612923173224367,1.7389401942037266,0.21300007,64,False,False,False,False,False,False,False,False
ENSG00000144401,ENSG00000144401,METTL21A,7740,True,0.28194494997487846,1.7478763400240667,0.2121044,64,False,False,False,False,False,False,False,False
ENSG00000111647,ENSG00000111647,BLTP3B,2596,True,0.09598940111987816,1.7408890016903078,0.21195579,64,False,False,False,False,False,False,False,False
ENSG00000109270,ENSG00000109270,LAMTOR3,3472,True,0.12798439109705928,1.7365595944931917,0.21191964,64,False,False,False,False,False,False,False,False
ENSG00000143379,ENSG00000143379,SETDB1,3006,True,0.11113833860176542,1.7356202540112056,0.19940199,64,False,False,False,False,False,False,False,False
ENSG00000268895,ENSG00000268895,A1BG-AS1,986,True,0.0377976358591362,1.700431346933626,0.19520967,64,False,False,False,False,False,False,False,False
ENSG00000182973,ENSG00000182973,CNOT10,3480,True,0.12631587740344843,1.7349764139819515,0.1888521,64,False,False,False,False,False,False,False,False
ENSG00000115523,ENSG00000115523,GNLY,23026,True,0.7041769007235495,1.8893623470100345,1.1910615,63,False,False,False,False,False,False,False,False
ENSG00000122224,ENSG00000122224,LY9,12530,True,0.43245515572867055,1.8131052452953702,0.5922199,63,False,False,False,False,False,False,False,False
ENSG00000163563,ENSG00000163563,MNDA,11007,True,0.4013268123385719,1.797787029238599,0.503179,63,False,False,False,False,False,False,False,False
ENSG00000114796,ENSG00000114796,KLHL24,10953,True,0.38434507606292495,1.797030409521983,0.47862604,63,False,False,False,False,False,False,False,False
ENSG00000196562,ENSG00000196562,SULF2,11017,True,0.3900854207353278,1.7938600165628094,0.46933594,63,False,False,False,False,False,False,False,False
ENSG00000176927,ENSG00000176927,EFCAB5,392,True,0.016849977114645028,1.6707611271660385,0.44472444,63,False,False,False,False,False,False,False,False
ENSG00000162591,ENSG00000162591,MEGF6,396,True,0.016033549245610786,1.6072429158675596,0.43715036,63,False,False,False,False,False,False,False,False
ENSG00000133106,ENSG00000133106,EPSTI1,17370,True,0.5710733414355729,1.810395032633675,0.42598066,63,False,False,False,False,False,False,False,False
ENSG00000247746,ENSG00000247746,USP51,616,True,0.02521627391585495,1.760416535338142,0.4259389,63,False,False,False,False,False,False,False,False
ENSG00000067064,ENSG00000067064,IDI1,16909,True,0.5654413594113054,1.79945321076909,0.42061538,63,False,False,False,False,False,False,False,False
ENSG00000183066,ENSG00000183066,WBP2NL,842,True,0.03469963868384268,1.7792834808087512,0.4141406,63,False,False,False,False,False,False,False,False
ENSG00000030419,ENSG00000030419,IKZF2,755,True,0.031964710394694576,1.7857612325262089,0.4129751,63,False,False,False,False,False,False,False,False
ENSG00000102755,ENSG00000102755,FLT1,460,True,0.01960241322309644,1.6175453326092117,0.41259825,63,False,False,False,False,False,False,False,False
ENSG00000108375,ENSG00000108375,RNF43,928,True,0.03535541927417129,1.7591401720671607,0.40994048,63,False,False,False,False,False,False,False,False
ENSG00000263089,ENSG00000263089,ENSG00000263089,873,True,0.03496437876219144,1.75091318195624,0.40498537,63,False,False,False,False,False,False,False,False
ENSG00000198346,ENSG00000198346,ZNF813,674,True,0.027170917150041073,1.675175045348418,0.39711866,63,False,False,False,False,False,False,False,False
ENSG00000272463,ENSG00000272463,ENSG00000272463,533,True,0.022357113957076773,1.6943071056967582,0.3916994,63,False,False,False,False,False,False,False,False
ENSG00000078018,ENSG00000078018,MAP2,569,True,0.024932622842967912,1.7761636138019241,0.38217768,63,False,False,False,False,False,False,False,False
ENSG00000272145,ENSG00000272145,NFYC-AS1,766,True,0.03278006067679811,1.7822621454750447,0.38156906,63,False,False,False,False,False,False,False,False
ENSG00000157259,ENSG00000157259,GATAD1,3317,True,0.12597092509479715,1.7774981714240061,0.375351,63,False,False,False,False,False,False,False,False
ENSG00000203326,ENSG00000203326,ZNF525,1343,True,0.0526854862817249,1.775392708442152,0.35721847,63,False,False,False,False,False,False,False,False
ENSG00000260233,ENSG00000260233,ZNRD2-DT,607,True,0.026254863131509452,1.7752285539593542,0.3568301,63,False,False,False,False,False,False,False,False
ENSG00000136014,ENSG00000136014,USP44,689,True,0.028635448517075814,1.7732375295681735,0.34889135,63,False,False,False,False,False,False,False,False
ENSG00000267275,ENSG00000267275,KLF2-DT,1212,True,0.05064637354896826,1.7654520872326407,0.34232906,63,False,False,False,False,False,False,False,False
ENSG00000101017,ENSG00000101017,CD40,18874,True,0.6118926579799102,1.7974391005585362,0.34023145,63,False,False,False,False,False,False,False,False
ENSG00000012124,ENSG00000012124,CD22,33680,True,0.9965400998513517,1.8372779547058675,0.3381401,63,False,False,False,False,False,False,False,False
ENSG00000169641,ENSG00000169641,LUZP1,2357,True,0.09126704140796402,1.7675888623859073,0.33367696,63,False,False,False,False,False,False,False,False
ENSG00000140598,ENSG00000140598,EFL1,1260,True,0.04901255262862001,1.7364308074386934,0.33310047,63,False,False,False,False,False,False,False,False
ENSG00000131375,ENSG00000131375,CAPN7,4524,True,0.16367405493749812,1.7663534169056896,0.3328345,63,False,False,False,False,False,False,False,False
ENSG00000145723,ENSG00000145723,GIN1,1145,True,0.047282086578593126,1.746087846961858,0.33196998,63,False,False,False,False,False,False,False,False
ENSG00000140416,ENSG00000140416,TPM1,1521,True,0.06172709892574026,1.7673040600027632,0.3318495,63,False,False,False,False,False,False,False,False
ENSG00000196843,ENSG00000196843,ARID5A,6422,True,0.22973100639112048,1.7604637412822988,0.3316382,63,False,False,False,False,False,False,False,False
ENSG00000262074,ENSG00000262074,SNORD3B-2,1549,True,0.06240615277260433,1.7578345130209236,0.32667732,63,False,False,False,False,False,False,False,False
ENSG00000175643,ENSG00000175643,RMI2,1177,True,0.04907580787108728,1.7659306558220238,0.3196421,63,False,False,False,False,False,False,False,False
ENSG00000113658,ENSG00000113658,SMAD5,2939,True,0.11329473768041719,1.7659829897299952,0.31670162,63,False,False,False,False,False,False,False,False
ENSG00000164306,ENSG00000164306,PRIMPOL,1556,True,0.060618753609183645,1.7626463131027867,0.3153732,63,False,False,False,False,False,False,False,False
ENSG00000232412,ENSG00000232412,STAG2-AS1,1015,True,0.044040651016494785,1.7636354223054596,0.31369832,63,False,False,False,False,False,False,False,False
ENSG00000000457,ENSG00000000457,SCYL3,1570,True,0.060024331850046075,1.7630782467932078,0.3101742,63,False,False,False,False,False,False,False,False
ENSG00000172465,ENSG00000172465,TCEAL1,2667,True,0.1051255578763159,1.7648022047819756,0.30964032,63,False,False,False,False,False,False,False,False
ENSG00000167257,ENSG00000167257,RNF214,3147,True,0.11651805282046336,1.7636334139745704,0.30874422,63,False,False,False,False,False,False,False,False
ENSG00000256223,ENSG00000256223,ZNF10,1759,True,0.07195868845472503,1.7615621561774497,0.30718932,63,False,False,False,False,False,False,False,False
ENSG00000270069,ENSG00000270069,MIR222HG,863,True,0.03690258912592549,1.7339102238672737,0.30604976,63,False,False,False,False,False,False,False,False
ENSG00000204623,ENSG00000204623,POLR1HASP,1221,True,0.04940417787766251,1.7575436164377267,0.30513352,63,False,False,False,False,False,False,False,False
ENSG00000259658,ENSG00000259658,UBE2Q2P13,1459,True,0.05907105770067345,1.7588039053575848,0.30469936,63,False,False,False,False,False,False,False,False
ENSG00000117597,ENSG00000117597,UTP25,2100,True,0.07870279862262214,1.7627762561708218,0.30449393,63,False,False,False,False,False,False,False,False
ENSG00000197841,ENSG00000197841,ZNF181,1271,True,0.050118388681566886,1.7001996746820678,0.3044537,63,False,False,False,False,False,False,False,False
ENSG00000065882,ENSG00000065882,TBC1D1,7174,True,0.25384467218641615,1.7680170806058626,0.30412,63,False,False,False,False,False,False,False,False
ENSG00000140463,ENSG00000140463,BBS4,1300,True,0.05212958918956539,1.732778735589335,0.304047,63,False,False,False,False,False,False,False,False
ENSG00000213967,ENSG00000213967,ZNF726,922,True,0.03671879115023522,1.695697445196784,0.30206108,63,False,False,False,False,False,False,False,False
ENSG00000183826,ENSG00000183826,BTBD9,1035,True,0.041904707544733945,1.7644110668203685,0.2982536,63,False,False,False,False,False,False,False,False
ENSG00000129680,ENSG00000129680,MAP7D3,5182,True,0.19165152060827237,1.7570645155437936,0.2981206,63,False,False,False,False,False,False,False,False
ENSG00000142178,ENSG00000142178,SIK1,8514,True,0.3139431877455184,1.768335972904501,0.29794616,63,False,False,False,False,False,False,False,False
ENSG00000100578,ENSG00000100578,KIAA0586,3782,True,0.14227784426331086,1.7575806729127665,0.29751435,63,False,False,False,False,False,False,False,False
ENSG00000132436,ENSG00000132436,FIGNL1,1374,True,0.05376203224851479,1.7597955197810746,0.29750052,63,False,False,False,False,False,False,False,False
ENSG00000111859,ENSG00000111859,NEDD9,5479,True,0.2021653689780135,1.7583526639252056,0.29691458,63,False,False,False,False,False,False,False,False
ENSG00000187601,ENSG00000187601,MAGEH1,2414,True,0.08961476341257273,1.7545037257927367,0.29653594,63,False,False,False,False,False,False,False,False
ENSG00000248508,ENSG00000248508,SRP14-DT,1760,True,0.07202216115407856,1.760362540587027,0.29585472,63,False,False,False,False,False,False,False,False
ENSG00000155016,ENSG00000155016,CYP2U1,1539,True,0.058424481327901547,1.749678341943474,0.29559556,63,False,False,False,False,False,False,False,False
ENSG00000120647,ENSG00000120647,CCDC77,1256,True,0.048813717597626406,1.757870192627717,0.29292357,63,False,False,False,False,False,False,False,False
ENSG00000135698,ENSG00000135698,MPHOSPH6,3945,True,0.15226806852609479,1.7577918699621826,0.29267246,63,False,False,False,False,False,False,False,False
ENSG00000164180,ENSG00000164180,TMEM161B,3319,True,0.1258855187872319,1.7582801312027876,0.29162246,63,False,False,False,False,False,False,False,False
ENSG00000213904,ENSG00000213904,LIPE-AS1,2432,True,0.09915158293404808,1.7622305810825578,0.2893775,63,False,False,False,False,False,False,False,False
ENSG00000136936,ENSG00000136936,XPA,8970,True,0.32201467822742513,1.7731104585060542,0.28753984,63,False,False,False,False,False,False,False,False
ENSG00000112234,ENSG00000112234,FBXL4,2165,True,0.08341321648546497,1.7586192685566173,0.28714958,63,False,False,False,False,False,False,False,False
ENSG00000178691,ENSG00000178691,SUZ12,8383,True,0.29126863604388326,1.7622872540262142,0.28683144,63,False,False,False,False,False,False,False,False
ENSG00000163848,ENSG00000163848,ZNF148,9591,True,0.33029873883026845,1.7695006637941113,0.28604957,63,False,False,False,False,False,False,False,False
ENSG00000182923,ENSG00000182923,CEP63,5299,True,0.18907035592791696,1.7551405642091604,0.2842303,63,False,False,False,False,False,False,False,False
ENSG00000109771,ENSG00000109771,LRP2BP,1556,True,0.06095339952590822,1.731831830546175,0.28358465,63,False,False,False,False,False,False,False,False
ENSG00000185591,ENSG00000185591,SP1,2526,True,0.09664038708692711,1.7595101213704458,0.28342608,63,False,False,False,False,False,False,False,False
ENSG00000139323,ENSG00000139323,POC1B,2685,True,0.10118731638790729,1.7543298479649245,0.2834082,63,False,False,False,False,False,False,False,False
ENSG00000117139,ENSG00000117139,KDM5B,2207,True,0.08344990748116841,1.7510599886773193,0.28317448,63,False,False,False,False,False,False,False,False
ENSG00000114126,ENSG00000114126,TFDP2,5172,True,0.18839064050104648,1.7547913686441996,0.28189173,63,False,False,False,False,False,False,False,False
ENSG00000133460,ENSG00000133460,SLC2A11,3487,True,0.12847217291142748,1.7556318723982174,0.2812807,63,False,False,False,False,False,False,False,False
ENSG00000175054,ENSG00000175054,ATR,2994,True,0.11167890118190284,1.7579373741200799,0.28026316,63,False,False,False,False,False,False,False,False
ENSG00000232838,ENSG00000232838,PET117,3415,True,0.1354752868207202,1.7547770722460159,0.2787982,63,False,False,False,False,False,False,False,False
ENSG00000136044,ENSG00000136044,APPL2,1090,True,0.04218042329913701,1.7510192150948816,0.27750412,63,False,False,False,False,False,False,False,False
ENSG00000137817,ENSG00000137817,PARP6,1925,True,0.07400689316492737,1.7549981285484186,0.27740157,63,False,False,False,False,False,False,False,False
ENSG00000138658,ENSG00000138658,ZGRF1,810,True,0.030644795492164315,1.6907497528707742,0.27729228,63,False,False,False,False,False,False,False,False
ENSG00000189190,ENSG00000189190,ZNF600,2184,True,0.08386364748042927,1.7230354254357239,0.27687982,63,False,False,False,False,False,False,False,False
ENSG00000253710,ENSG00000253710,ALG11,1238,True,0.04927018107031719,1.7567759812581398,0.2765492,63,False,False,False,False,False,False,False,False
ENSG00000249437,ENSG00000249437,NAIP,2790,True,0.10190101672718903,1.7549070655878263,0.2764508,63,False,False,False,False,False,False,False,False
ENSG00000247572,ENSG00000247572,CKMT2-AS1,1047,True,0.04152575876509091,1.751827094987573,0.27599463,63,False,False,False,False,False,False,False,False
ENSG00000130598,ENSG00000130598,TNNI2,1318,True,0.052812181528746886,1.7264140691738268,0.2752747,63,False,False,False,False,False,False,False,False
ENSG00000203950,ENSG00000203950,RTL8A,1428,True,0.05758076989750857,1.756758590898441,0.27509153,63,False,False,False,False,False,False,False,False
ENSG00000253251,ENSG00000253251,SHLD3,1789,True,0.06944153620504087,1.7521292931378765,0.27364704,63,False,False,False,False,False,False,False,False
ENSG00000104880,ENSG00000104880,ARHGEF18,3176,True,0.12236799814733089,1.7557993295680199,0.27313042,63,False,False,False,False,False,False,False,False
ENSG00000118689,ENSG00000118689,FOXO3,3048,True,0.1137044176293265,1.752667625783573,0.2730825,63,False,False,False,False,False,False,False,False
ENSG00000272758,ENSG00000272758,WDR5B-DT,1159,True,0.043634337838839826,1.7239650759273877,0.2724005,63,False,False,False,False,False,False,False,False
ENSG00000083812,ENSG00000083812,ZNF324,1211,True,0.04747886991130161,1.7234808082688877,0.27191886,63,False,False,False,False,False,False,False,False
ENSG00000243811,ENSG00000243811,APOBEC3D,2058,True,0.08217110500665832,1.7505625338393835,0.27179408,63,False,False,False,False,False,False,False,False
ENSG00000187555,ENSG00000187555,USP7,4769,True,0.17566338155553754,1.7560644027505958,0.27136818,63,False,False,False,False,False,False,False,False
ENSG00000171067,ENSG00000171067,C11orf24,4229,True,0.15818960759858977,1.7519137209050932,0.27053702,63,False,False,False,False,False,False,False,False
ENSG00000189144,ENSG00000189144,ZNF573,1019,True,0.0410757503582416,1.7501247108371116,0.27045858,63,False,False,False,False,False,False,False,False
ENSG00000108590,ENSG00000108590,MED31,3388,True,0.13115868786866805,1.751233793634019,0.27028212,63,False,False,False,False,False,False,False,False
ENSG00000120526,ENSG00000120526,NUDCD1,2213,True,0.08674445080043831,1.7531139511525993,0.26873273,63,False,False,False,False,False,False,False,False
ENSG00000157350,ENSG00000157350,ST3GAL2,1776,True,0.06876798603339128,1.7523045857528843,0.26823354,63,False,False,False,False,False,False,False,False
ENSG00000215193,ENSG00000215193,PEX26,2204,True,0.08020898839505936,1.7264564898010548,0.26722297,63,False,False,False,False,False,False,False,False
ENSG00000170846,ENSG00000170846,MRFAP1L2,1590,True,0.06177342016834794,1.7541731893119112,0.2671626,63,False,False,False,False,False,False,False,False
ENSG00000096717,ENSG00000096717,SIRT1,2495,True,0.09069241913553248,1.7531342585576908,0.26638433,63,False,False,False,False,False,False,False,False
ENSG00000164944,ENSG00000164944,VIRMA,4117,True,0.14756507849643616,1.7497673420887259,0.26613188,63,False,False,False,False,False,False,False,False
ENSG00000160961,ENSG00000160961,ZNF333,1313,True,0.05178306232322301,1.7473397330940956,0.26518852,63,False,False,False,False,False,False,False,False
ENSG00000135913,ENSG00000135913,USP37,1533,True,0.058247538208675786,1.7548935993905543,0.26489452,63,False,False,False,False,False,False,False,False
ENSG00000168672,ENSG00000168672,LRATD2,567,True,0.02301309035637518,1.6703611474516415,0.2648859,63,False,False,False,False,False,False,False,False
ENSG00000005339,ENSG00000005339,CREBBP,7174,True,0.25023050975753697,1.7574495441510278,0.2648178,63,False,False,False,False,False,False,False,False
ENSG00000075292,ENSG00000075292,ZNF638,11562,True,0.39223703068473337,1.7732261499282864,0.26236928,63,False,False,False,False,False,False,False,False
ENSG00000141446,ENSG00000141446,ESCO1,8675,True,0.2980149272459178,1.7597459071154231,0.2616158,63,False,False,False,False,False,False,False,False
ENSG00000157184,ENSG00000157184,CPT2,991,True,0.0371220769866222,1.7427601350716506,0.260053,63,False,False,False,False,False,False,False,False
ENSG00000238083,ENSG00000238083,LRRC37A2,1585,True,0.05997230010152966,1.7224303577138314,0.25846788,63,False,False,False,False,False,False,False,False
ENSG00000164332,ENSG00000164332,UBLCP1,5400,True,0.19243322687599082,1.7478728408343565,0.25687587,63,False,False,False,False,False,False,False,False
ENSG00000225889,ENSG00000225889,ENSG00000225889,3164,True,0.11388814039251204,1.7456820230426373,0.2559227,63,False,False,False,False,False,False,False,False
ENSG00000135775,ENSG00000135775,COG2,3241,True,0.117918661869236,1.7486584768826037,0.25557536,63,False,False,False,False,False,False,False,False
ENSG00000221944,ENSG00000221944,TIGD1,1794,True,0.07156075923644524,1.752047247417057,0.2554339,63,False,False,False,False,False,False,False,False
ENSG00000273221,ENSG00000273221,ENSG00000273221,1418,True,0.05997532056586004,1.7544100040463808,0.25482374,63,False,False,False,False,False,False,False,False
ENSG00000145725,ENSG00000145725,PPIP5K2,5874,True,0.20667560563974643,1.756536832260557,0.25440067,63,False,False,False,False,False,False,False,False
ENSG00000071794,ENSG00000071794,HLTF,2191,True,0.08285752351732276,1.7488904941291532,0.2539883,63,False,False,False,False,False,False,False,False
ENSG00000076321,ENSG00000076321,KLHL20,2986,True,0.11494305550343027,1.7505522722297222,0.25398174,63,False,False,False,False,False,False,False,False
ENSG00000109466,ENSG00000109466,KLHL2,1190,True,0.047752315269938755,1.7527994382880776,0.2530389,63,False,False,False,False,False,False,False,False
ENSG00000184574,ENSG00000184574,LPAR5,2056,True,0.08065668891972312,1.7495317261402825,0.25303742,63,False,False,False,False,False,False,False,False
ENSG00000115504,ENSG00000115504,EHBP1,1856,True,0.0707945386479413,1.7179886166706524,0.2529957,63,False,False,False,False,False,False,False,False
ENSG00000183530,ENSG00000183530,PRR14L,3668,True,0.13242332998256096,1.7489275687575223,0.25269073,63,False,False,False,False,False,False,False,False
ENSG00000164074,ENSG00000164074,ABHD18,2075,True,0.07781927426479658,1.747548311561367,0.25172856,63,False,False,False,False,False,False,False,False
ENSG00000105699,ENSG00000105699,LSR,1878,True,0.07119356818729174,1.7290708558671866,0.2509179,63,False,False,False,False,False,False,False,False
ENSG00000163960,ENSG00000163960,UBXN7,4321,True,0.15682998882323668,1.7505502922803517,0.2503477,63,False,False,False,False,False,False,False,False
ENSG00000113649,ENSG00000113649,TCERG1,7832,True,0.2697556865687601,1.7538626406529074,0.24970071,63,False,False,False,False,False,False,False,False
ENSG00000112062,ENSG00000112062,MAPK14,3918,True,0.14407318676567404,1.7477064062969567,0.24947488,63,False,False,False,False,False,False,False,False
ENSG00000101104,ENSG00000101104,PABPC1L,1018,True,0.039461329966419885,1.7180196578593567,0.24945995,63,False,False,False,False,False,False,False,False
ENSG00000119720,ENSG00000119720,NRDE2,4342,True,0.16019447732580663,1.7488607811142338,0.2463204,63,False,False,False,False,False,False,False,False
ENSG00000197989,ENSG00000197989,SNHG12,4967,True,0.18032514749698458,1.7505799094701684,0.24592492,63,False,False,False,False,False,False,False,False
ENSG00000163516,ENSG00000163516,ANKZF1,5935,True,0.213257850397478,1.7481647973823,0.24575834,63,False,False,False,False,False,False,False,False
ENSG00000139154,ENSG00000139154,AEBP2,2479,True,0.09467962256685003,1.7488631838860333,0.2455855,63,False,False,False,False,False,False,False,False
ENSG00000221978,ENSG00000221978,CCNL2,7060,True,0.25065843689028333,1.7513220614629126,0.24348833,63,False,False,False,False,False,False,False,False
ENSG00000204178,ENSG00000204178,MACO1,3112,True,0.11404498019742904,1.7455982787401256,0.24319036,63,False,False,False,False,False,False,False,False
ENSG00000005448,ENSG00000005448,WDR54,5357,True,0.1990297309157093,1.7459880917255441,0.24228351,63,False,False,False,False,False,False,False,False
ENSG00000182810,ENSG00000182810,DDX28,2548,True,0.09551279477554485,1.7474143666006547,0.24099007,63,False,False,False,False,False,False,False,False
ENSG00000140943,ENSG00000140943,MBTPS1,5051,True,0.17880008847438014,1.7472595254689176,0.24073114,63,False,False,False,False,False,False,False,False
ENSG00000167081,ENSG00000167081,PBX3,1563,True,0.06064957225607031,1.741077900767275,0.24060164,63,False,False,False,False,False,False,False,False
ENSG00000182827,ENSG00000182827,ACBD3,8375,True,0.29246676653070575,1.7611534064839651,0.238978,63,False,False,False,False,False,False,False,False
ENSG00000102897,ENSG00000102897,LYRM1,6026,True,0.2191385755767408,1.744477842632101,0.23866265,63,False,False,False,False,False,False,False,False
ENSG00000198482,ENSG00000198482,ZNF808,1300,True,0.05163713797412986,1.7395135972912508,0.23844883,63,False,False,False,False,False,False,False,False
ENSG00000009780,ENSG00000009780,FAM76A,3924,True,0.1504537314955049,1.7471070231856407,0.23791587,63,False,False,False,False,False,False,False,False
ENSG00000143891,ENSG00000143891,GALM,1970,True,0.0745873802906676,1.7456137392547324,0.23789512,63,False,False,False,False,False,False,False,False
ENSG00000169398,ENSG00000169398,PTK2,2248,True,0.08405767976708262,1.743102337346942,0.23788594,63,False,False,False,False,False,False,False,False
ENSG00000171262,ENSG00000171262,FAM98B,4018,True,0.14591210258052653,1.7482971658942696,0.23785341,63,False,False,False,False,False,False,False,False
ENSG00000162645,ENSG00000162645,GBP2,3260,True,0.12068167910419207,1.745528367767926,0.23763815,63,False,False,False,False,False,False,False,False
ENSG00000183111,ENSG00000183111,ARHGEF37,749,True,0.03120289030667771,1.6946415022173313,0.2375974,63,False,False,False,False,False,False,False,False
ENSG00000083642,ENSG00000083642,PDS5B,6897,True,0.2508488461373667,1.7549285911139132,0.23624441,63,False,False,False,False,False,False,False,False
ENSG00000069943,ENSG00000069943,PIGB,2265,True,0.0871095155564275,1.7458899058285604,0.23570596,63,False,False,False,False,False,False,False,False
ENSG00000183513,ENSG00000183513,COA5,4918,True,0.18156215870179168,1.742812057362916,0.23424084,63,False,False,False,False,False,False,False,False
ENSG00000166619,ENSG00000166619,BLCAP,10536,True,0.3714141974498251,1.7724648091941797,0.23418507,63,False,False,False,False,False,False,False,False
ENSG00000109445,ENSG00000109445,ZNF330,3990,True,0.1473960222857326,1.7434637307942398,0.23048368,63,False,False,False,False,False,False,False,False
ENSG00000146833,ENSG00000146833,TRIM4,4011,True,0.14744049755316221,1.744479942866355,0.23043515,63,False,False,False,False,False,False,False,False
ENSG00000107185,ENSG00000107185,RGP1,2462,True,0.09453869239520961,1.7428684038105293,0.2299763,63,False,False,False,False,False,False,False,False
ENSG00000148308,ENSG00000148308,GTF3C5,3106,True,0.11447268889093015,1.7432331292310534,0.22960764,63,False,False,False,False,False,False,False,False
ENSG00000173273,ENSG00000173273,TNKS,2691,True,0.09753539615449408,1.746383578676687,0.22875191,63,False,False,False,False,False,False,False,False
ENSG00000204237,ENSG00000204237,OXLD1,7719,True,0.2717034199374929,1.742978081217821,0.22817186,63,False,False,False,False,False,False,False,False
ENSG00000112031,ENSG00000112031,MTRF1L,4218,True,0.1528124001567989,1.7418865734237376,0.22617754,63,False,False,False,False,False,False,False,False
ENSG00000133985,ENSG00000133985,TTC9,1755,True,0.06798492950031162,1.74426152100151,0.22582789,63,False,False,False,False,False,False,False,False
ENSG00000267575,ENSG00000267575,LINC02987,1120,True,0.04296926680718688,1.7360122896935508,0.22529808,63,False,False,False,False,False,False,False,False
ENSG00000185129,ENSG00000185129,PURA,2943,True,0.11035852621500211,1.7412148976458561,0.22516492,63,False,False,False,False,False,False,False,False
ENSG00000163939,ENSG00000163939,PBRM1,8444,True,0.2987212897596945,1.757577917831625,0.22383429,63,False,False,False,False,False,False,False,False
ENSG00000107951,ENSG00000107951,MTPAP,2913,True,0.11114510222731501,1.7429655238336144,0.22381449,63,False,False,False,False,False,False,False,False
ENSG00000188822,ENSG00000188822,CNR2,5981,True,0.21332139848987408,1.7429227021293585,0.2214745,63,False,False,False,False,False,False,False,False
ENSG00000179889,ENSG00000179889,PDXDC1,5409,True,0.18964859479956325,1.7414509760524126,0.22015741,63,False,False,False,False,False,False,False,False
ENSG00000139620,ENSG00000139620,KANSL2,4694,True,0.16961716020419676,1.7413140383364698,0.21860217,63,False,False,False,False,False,False,False,False
ENSG00000204922,ENSG00000204922,UQCC3,6871,True,0.25182131212484943,1.7389293017543992,0.2173669,63,False,False,False,False,False,False,False,False
ENSG00000171867,ENSG00000171867,PRNP,5899,True,0.2156837025497743,1.7434747922007654,0.21676444,63,False,False,False,False,False,False,False,False
ENSG00000130338,ENSG00000130338,TULP4,3440,True,0.12975582847423636,1.740620649115061,0.21592699,63,False,False,False,False,False,False,False,False
ENSG00000250903,ENSG00000250903,GMDS-DT,2034,True,0.07575591293475056,1.7417944387620863,0.2146738,63,False,False,False,False,False,False,False,False
ENSG00000134882,ENSG00000134882,UBAC2,7829,True,0.2835167033224198,1.7496158006622302,0.21275108,63,False,False,False,False,False,False,False,False
ENSG00000177479,ENSG00000177479,ARIH2,8913,True,0.30970892293027813,1.7566248469186923,0.21181788,63,False,False,False,False,False,False,False,False
ENSG00000125352,ENSG00000125352,RNF113A,7479,True,0.2674942512334671,1.742916370238774,0.21043007,63,False,False,False,False,False,False,False,False
ENSG00000058600,ENSG00000058600,POLR3E,3347,True,0.12269680097328038,1.740605988752934,0.20965244,63,False,False,False,False,False,False,False,False
ENSG00000198001,ENSG00000198001,IRAK4,6965,True,0.23757994903670043,1.751018426282519,0.20910394,63,False,False,False,False,False,False,False,False
ENSG00000071564,ENSG00000071564,TCF3,5992,True,0.21900847969387646,1.7383334316743286,0.20569813,63,False,False,False,False,False,False,False,False
ENSG00000167578,ENSG00000167578,RAB4B,7255,True,0.26497307380069085,1.7384316047454471,0.20385052,63,False,False,False,False,False,False,False,False
ENSG00000241370,ENSG00000241370,RPP21,3467,True,0.13755271199733296,1.7400492371245235,0.20201024,63,False,False,False,False,False,False,False,False
ENSG00000119640,ENSG00000119640,ACYP1,5727,True,0.22051486146578833,1.739217114448028,0.19429396,63,False,False,False,False,False,False,False,False
ENSG00000083312,ENSG00000083312,TNPO1,4997,True,0.1764591340845788,1.7358844790080397,0.19427148,63,False,False,False,False,False,False,False,False
ENSG00000138600,ENSG00000138600,SPPL2A,5674,True,0.20051478056311686,1.73455218240523,0.19334972,63,False,False,False,False,False,False,False,False
ENSG00000118007,ENSG00000118007,STAG1,8718,True,0.3047124620499464,1.7532438552259293,0.1920477,63,False,False,False,False,False,False,False,False
ENSG00000103978,ENSG00000103978,TMEM87A,7809,True,0.2681388922638541,1.746628167422994,0.18515006,63,False,False,False,False,False,False,False,False
ENSG00000122218,ENSG00000122218,COPA,7527,True,0.2572078079225027,1.7386832589410355,0.17825314,63,False,False,False,False,False,False,False,False
ENSG00000028310,ENSG00000028310,BRD9,6751,True,0.23811005956849132,1.7429195136377729,0.17592311,63,False,False,False,False,False,False,False,False
ENSG00000117697,ENSG00000117697,NSL1,7557,True,0.26977847152873463,1.7366553562003622,0.16165633,63,False,False,False,False,False,False,False,False
ENSG00000100060,ENSG00000100060,MFNG,8264,True,0.28380227574933375,1.7460539312995926,0.1502894,63,False,False,False,False,False,False,False,False
ENSG00000167748,ENSG00000167748,KLK1,2974,True,0.11283084638132386,1.8292523627905395,0.6046442,62,False,False,False,False,False,False,False,False
ENSG00000244509,ENSG00000244509,APOBEC3C,16029,True,0.5435403419533475,1.8082973731518515,0.57720226,62,False,False,False,False,False,False,False,False
ENSG00000167414,ENSG00000167414,GNG8,432,True,0.02000123069654111,1.7758769637706102,0.5353327,62,False,False,False,False,False,False,False,False
ENSG00000175895,ENSG00000175895,PLEKHF2,16538,True,0.5630112919968959,1.8032434335867196,0.45755148,62,False,False,False,False,False,False,False,False
ENSG00000152404,ENSG00000152404,CWF19L2,19503,True,0.6478743978261181,1.8052529486805886,0.41167605,62,False,False,False,False,False,False,False,False
ENSG00000104472,ENSG00000104472,CHRAC1,11017,True,0.3850614371392504,1.7887769975873669,0.4093034,62,False,False,False,False,False,False,False,False
ENSG00000110042,ENSG00000110042,DTX4,830,True,0.03274093156482661,1.7256266383820498,0.39969292,62,False,False,False,False,False,False,False,False
ENSG00000251867,ENSG00000251867,ENSG00000251867,702,True,0.030946725810294593,1.7808646981902854,0.39269838,62,False,False,False,False,False,False,False,False
ENSG00000142599,ENSG00000142599,RERE,10945,True,0.3864435904701066,1.7865328124621447,0.36802474,62,False,False,False,False,False,False,False,False
ENSG00000166326,ENSG00000166326,TRIM44,10626,True,0.3705497208753197,1.7847543701681283,0.36784694,62,False,False,False,False,False,False,False,False
ENSG00000123178,ENSG00000123178,SPRYD7,2511,True,0.09948623649125604,1.7730175204124918,0.36544645,62,False,False,False,False,False,False,False,False
ENSG00000158477,ENSG00000158477,CD1A,543,True,0.02430809117496636,1.7470965436194645,0.35642406,62,False,False,False,False,False,False,False,False
ENSG00000267106,ENSG00000267106,ZNF561-AS1,765,True,0.030805617960091923,1.7426298858671452,0.35406882,62,False,False,False,False,False,False,False,False
ENSG00000183508,ENSG00000183508,TENT5C,10581,True,0.3792573991980949,1.781773976459491,0.35275456,62,False,False,False,False,False,False,False,False
ENSG00000147536,ENSG00000147536,GINS4,808,True,0.031914465348688956,1.7398488048692116,0.3524907,62,False,False,False,False,False,False,False,False
ENSG00000166762,ENSG00000166762,CATSPER2,1142,True,0.04435391511691617,1.738948065468367,0.33680868,62,False,False,False,False,False,False,False,False
ENSG00000072954,ENSG00000072954,TMEM38A,543,True,0.023319029005970573,1.7184803261030808,0.33608705,62,False,False,False,False,False,False,False,False
ENSG00000198825,ENSG00000198825,INPP5F,1879,True,0.07168978180751848,1.7624979159333152,0.32838285,62,False,False,False,False,False,False,False,False
ENSG00000196653,ENSG00000196653,ZNF502,507,True,0.020073877187896296,1.6231183574429537,0.32776856,62,False,False,False,False,False,False,False,False
ENSG00000111554,ENSG00000111554,MDM1,2849,True,0.10844123404607445,1.764891869374778,0.32581085,62,False,False,False,False,False,False,False,False
ENSG00000118495,ENSG00000118495,PLAGL1,1265,True,0.05004805009412889,1.7616179584086415,0.3228335,62,False,False,False,False,False,False,False,False
ENSG00000158863,ENSG00000158863,FHIP2B,1215,True,0.04694236224198663,1.7101022361646243,0.3212109,62,False,False,False,False,False,False,False,False
ENSG00000185811,ENSG00000185811,IKZF1,22743,True,0.7170804124580085,1.807511784522381,0.32103777,62,False,False,False,False,False,False,False,False
ENSG00000105750,ENSG00000105750,ZNF85,1644,True,0.060512343370207285,1.7323246070549885,0.31947768,62,False,False,False,False,False,False,False,False
ENSG00000153094,ENSG00000153094,BCL2L11,4024,True,0.1392741050341326,1.762467562213937,0.31475112,62,False,False,False,False,False,False,False,False
ENSG00000089876,ENSG00000089876,DHX32,958,True,0.03841205308453577,1.761554614881851,0.31207767,62,False,False,False,False,False,False,False,False
ENSG00000181027,ENSG00000181027,FKRP,923,True,0.038186485528357135,1.761434980103237,0.3098838,62,False,False,False,False,False,False,False,False
ENSG00000212939,ENSG00000212939,ENSG00000212939,1153,True,0.04249042882725848,1.5932067752229515,0.3077742,62,False,False,False,False,False,False,False,False
ENSG00000133641,ENSG00000133641,RLIG1,2144,True,0.0811711649740995,1.7635718173719632,0.3070928,62,False,False,False,False,False,False,False,False
ENSG00000131067,ENSG00000131067,GGT7,889,True,0.03531434964993274,1.7053849334887778,0.30691248,62,False,False,False,False,False,False,False,False
ENSG00000122643,ENSG00000122643,NT5C3A,23292,True,0.7482884089457772,1.8097714999958285,0.30643708,62,False,False,False,False,False,False,False,False
ENSG00000213020,ENSG00000213020,ZNF611,1789,True,0.06890579480649368,1.7645160991154976,0.30455643,62,False,False,False,False,False,False,False,False
ENSG00000272906,ENSG00000272906,ENSG00000272906,510,True,0.022088366116002654,1.700529645548398,0.3035096,62,False,False,False,False,False,False,False,False
ENSG00000170989,ENSG00000170989,S1PR1,3093,True,0.11708218417881368,1.7626532080737354,0.30347082,62,False,False,False,False,False,False,False,False
ENSG00000111602,ENSG00000111602,TIMELESS,1535,True,0.05933481133734302,1.6991936310250961,0.3034292,62,False,False,False,False,False,False,False,False
ENSG00000147419,ENSG00000147419,CCDC25,9658,True,0.34295979834852475,1.773954705408825,0.30310914,62,False,False,False,False,False,False,False,False
ENSG00000229124,ENSG00000229124,VIM-AS1,3274,True,0.12337223001143655,1.7648385894839633,0.30308604,62,False,False,False,False,False,False,False,False
ENSG00000138756,ENSG00000138756,BMP2K,5078,True,0.1901467747953358,1.7619858892734082,0.30075222,62,False,False,False,False,False,False,False,False
ENSG00000113088,ENSG00000113088,GZMK,2093,True,0.0821495496457171,1.765448783787818,0.29890525,62,False,False,False,False,False,False,False,False
ENSG00000165813,ENSG00000165813,CCDC186,10617,True,0.36839813881273303,1.774312264666542,0.29869613,62,False,False,False,False,False,False,False,False
ENSG00000230513,ENSG00000230513,THAP7-AS1,1400,True,0.05506305503987221,1.7574764499921942,0.29369813,62,False,False,False,False,False,False,False,False
ENSG00000244701,ENSG00000244701,ENSG00000244701,768,True,0.031762382615197655,1.7550072149752267,0.29171607,62,False,False,False,False,False,False,False,False
ENSG00000128581,ENSG00000128581,IFT22,1551,True,0.05983617151637743,1.7324648819812223,0.29151386,62,False,False,False,False,False,False,False,False
ENSG00000178935,ENSG00000178935,ZNF552,1406,True,0.05667852986452401,1.7608577750613896,0.2913176,62,False,False,False,False,False,False,False,False
ENSG00000177058,ENSG00000177058,SLC38A9,1744,True,0.06948546760817552,1.7567573254176758,0.28960708,62,False,False,False,False,False,False,False,False
ENSG00000183621,ENSG00000183621,ZNF438,694,True,0.02999275593474864,1.7495052142092944,0.28932393,62,False,False,False,False,False,False,False,False
ENSG00000196110,ENSG00000196110,ZNF699,1419,True,0.055013759048843085,1.759905016711415,0.28801638,62,False,False,False,False,False,False,False,False
ENSG00000165506,ENSG00000165506,DNAAF2,5039,True,0.1850246723635516,1.7543909112737786,0.28757998,62,False,False,False,False,False,False,False,False
ENSG00000103540,ENSG00000103540,CCP110,2500,True,0.09423427403033365,1.7572437767262252,0.28685877,62,False,False,False,False,False,False,False,False
ENSG00000161551,ENSG00000161551,ZNF577,733,True,0.029487218365290502,1.6977188334347095,0.28661174,62,False,False,False,False,False,False,False,False
ENSG00000137075,ENSG00000137075,RNF38,3074,True,0.11506976967434786,1.7583223063143618,0.2856014,62,False,False,False,False,False,False,False,False
ENSG00000159873,ENSG00000159873,CCDC117,1780,True,0.06798873889841968,1.756351836777983,0.2850964,62,False,False,False,False,False,False,False,False
ENSG00000163935,ENSG00000163935,SFMBT1,2656,True,0.09664186258711172,1.7567991069390403,0.28497055,62,False,False,False,False,False,False,False,False
ENSG00000172007,ENSG00000172007,RAB33B,1923,True,0.0740313668182299,1.7568697805303977,0.2831642,62,False,False,False,False,False,False,False,False
ENSG00000149716,ENSG00000149716,LTO1,2313,True,0.08871221121570479,1.7548891487282126,0.28192356,62,False,False,False,False,False,False,False,False
ENSG00000187912,ENSG00000187912,CLEC17A,1161,True,0.043801930306243846,1.700319697537214,0.28187725,62,False,False,False,False,False,False,False,False
ENSG00000153140,ENSG00000153140,CETN3,2538,True,0.1018045085472359,1.7535496933368209,0.27945518,62,False,False,False,False,False,False,False,False
ENSG00000178974,ENSG00000178974,FBXO34,2942,True,0.10857584487267725,1.752766765130482,0.27723977,62,False,False,False,False,False,False,False,False
ENSG00000196187,ENSG00000196187,TMEM63A,4219,True,0.1480089021009339,1.7560824104657267,0.277044,62,False,False,False,False,False,False,False,False
ENSG00000153561,ENSG00000153561,RMND5A,2790,True,0.10479151852146837,1.752735844378356,0.2766688,62,False,False,False,False,False,False,False,False
ENSG00000129315,ENSG00000129315,CCNT1,4224,True,0.16124438884801945,1.7550817411522142,0.27436486,62,False,False,False,False,False,False,False,False
ENSG00000137822,ENSG00000137822,TUBGCP4,2037,True,0.07695628454480151,1.7534219708066485,0.2743627,62,False,False,False,False,False,False,False,False
ENSG00000134709,ENSG00000134709,HOOK1,924,True,0.036147087722000454,1.7513126481601775,0.2721985,62,False,False,False,False,False,False,False,False
ENSG00000019995,ENSG00000019995,ZRANB1,2675,True,0.0979959768795911,1.7513676702437926,0.2720655,62,False,False,False,False,False,False,False,False
ENSG00000143442,ENSG00000143442,POGZ,5111,True,0.18662210997962855,1.7531649011999881,0.27133477,62,False,False,False,False,False,False,False,False
ENSG00000134852,ENSG00000134852,CLOCK,2441,True,0.09120412666840344,1.7536763001152038,0.27126953,62,False,False,False,False,False,False,False,False
ENSG00000215421,ENSG00000215421,ZNF407,1797,True,0.06572842443121381,1.7269389085858184,0.27069774,62,False,False,False,False,False,False,False,False
ENSG00000119778,ENSG00000119778,ATAD2B,3946,True,0.14610319139018235,1.7523346323108435,0.27061743,62,False,False,False,False,False,False,False,False
ENSG00000197498,ENSG00000197498,RPF2,3660,True,0.13813777740617625,1.7513014572396266,0.26999187,62,False,False,False,False,False,False,False,False
ENSG00000160013,ENSG00000160013,PTGIR,581,True,0.023358632062472018,1.6622850018362778,0.26966408,62,False,False,False,False,False,False,False,False
ENSG00000170871,ENSG00000170871,KIAA0232,2089,True,0.07841662517931074,1.7546198168455098,0.26814055,62,False,False,False,False,False,False,False,False
ENSG00000134597,ENSG00000134597,RBMX2,5908,True,0.2122415447870212,1.7485196369912865,0.2662349,62,False,False,False,False,False,False,False,False
ENSG00000174456,ENSG00000174456,C12orf76,3422,True,0.12739362475794105,1.7482853886717797,0.26594165,62,False,False,False,False,False,False,False,False
ENSG00000148339,ENSG00000148339,SLC25A25,1056,True,0.040459653472126496,1.7273036405500088,0.2638683,62,False,False,False,False,False,False,False,False
ENSG00000167799,ENSG00000167799,NUDT8,1418,True,0.055895611402752426,1.7508856446773122,0.26319733,62,False,False,False,False,False,False,False,False
ENSG00000164144,ENSG00000164144,ARFIP1,3374,True,0.12811923737265876,1.7513902347966592,0.26203665,62,False,False,False,False,False,False,False,False
ENSG00000144655,ENSG00000144655,CSRNP1,5898,True,0.2163200632423063,1.7588717287933229,0.26182237,62,False,False,False,False,False,False,False,False
ENSG00000148429,ENSG00000148429,USP6NL,6945,True,0.24828199648313135,1.760440394815582,0.261722,62,False,False,False,False,False,False,False,False
ENSG00000204514,ENSG00000204514,ZNF814,3758,True,0.14123935147664743,1.752034722897308,0.26161927,62,False,False,False,False,False,False,False,False
ENSG00000156853,ENSG00000156853,ZNF689,1372,True,0.05383279182554974,1.7445265656694986,0.2605109,62,False,False,False,False,False,False,False,False
ENSG00000067596,ENSG00000067596,DHX8,4003,True,0.1470057776360282,1.7515248898637774,0.2595814,62,False,False,False,False,False,False,False,False
ENSG00000115947,ENSG00000115947,ORC4,4921,True,0.18455877909159896,1.7516413546022682,0.25895447,62,False,False,False,False,False,False,False,False
ENSG00000196967,ENSG00000196967,ZNF585A,1100,True,0.04326796071899889,1.7538058297041983,0.2586201,62,False,False,False,False,False,False,False,False
ENSG00000143771,ENSG00000143771,CNIH4,4434,True,0.17603780414321196,1.7498825499161432,0.2581544,62,False,False,False,False,False,False,False,False
ENSG00000164118,ENSG00000164118,CEP44,2424,True,0.09243526463220021,1.7468489386918753,0.25768116,62,False,False,False,False,False,False,False,False
ENSG00000111331,ENSG00000111331,OAS3,1943,True,0.07584923712622639,1.7455091473818982,0.25751188,62,False,False,False,False,False,False,False,True
ENSG00000170234,ENSG00000170234,PWWP2A,4229,True,0.1543149448140089,1.7464480824635347,0.2555851,62,False,False,False,False,False,False,False,False
ENSG00000154059,ENSG00000154059,IMPACT,2120,True,0.07982068826201584,1.7468119362391383,0.2552611,62,False,False,False,False,False,False,False,False
ENSG00000091592,ENSG00000091592,NLRP1,5575,True,0.19652204669731396,1.7521463337053804,0.255229,62,False,False,False,False,False,False,False,False
ENSG00000175505,ENSG00000175505,CLCF1,1023,True,0.04079778164874911,1.721984256328591,0.25468874,62,False,False,False,False,False,False,False,False
ENSG00000109606,ENSG00000109606,DHX15,5320,True,0.19185668869139266,1.7491012180116987,0.25412408,62,False,False,False,False,False,False,False,False
ENSG00000187118,ENSG00000187118,CMC1,5281,True,0.19862640450044208,1.7467649864196026,0.25410533,62,False,False,False,False,False,False,False,False
ENSG00000080345,ENSG00000080345,RIF1,6141,True,0.2174007883189762,1.7545330497929967,0.25368136,62,False,False,False,False,False,False,False,False
ENSG00000139508,ENSG00000139508,SLC46A3,2896,True,0.11003296296886553,1.7472718046440072,0.2525959,62,False,False,False,False,False,False,False,False
ENSG00000157483,ENSG00000157483,MYO1E,1549,True,0.05927671589072152,1.7496252569221953,0.25222528,62,False,False,False,False,False,False,False,False
ENSG00000185946,ENSG00000185946,RNPC3,6402,True,0.23064882293850308,1.7621489924001936,0.2511811,62,False,False,False,False,False,False,False,False
ENSG00000113810,ENSG00000113810,SMC4,6959,True,0.2470837241529843,1.7445039811092835,0.25086164,62,False,False,False,False,False,False,False,False
ENSG00000166133,ENSG00000166133,RPUSD2,2237,True,0.08676981484751882,1.7494915759004916,0.24933611,62,False,False,False,False,False,False,False,False
ENSG00000132275,ENSG00000132275,RRP8,3379,True,0.12497310491879259,1.7465992761044768,0.24812584,62,False,False,False,False,False,False,False,False
ENSG00000124164,ENSG00000124164,VAPB,2883,True,0.10351514159727736,1.7200682353231826,0.2475663,62,False,False,False,False,False,False,False,False
ENSG00000162300,ENSG00000162300,ZFPL1,4238,True,0.1601155778345109,1.7471857071280583,0.24736196,62,False,False,False,False,False,False,False,False
ENSG00000273253,ENSG00000273253,TRABD-AS1,1027,True,0.04229821990163145,1.7465536797842143,0.2468465,62,False,False,False,False,False,False,False,False
ENSG00000108510,ENSG00000108510,MED13,4547,True,0.16376854259196694,1.7485179948533238,0.24681123,62,False,False,False,False,False,False,False,False
ENSG00000100307,ENSG00000100307,CBX7,4455,True,0.15939489660363343,1.7489946144547353,0.24522983,62,False,False,False,False,False,False,False,False
ENSG00000176624,ENSG00000176624,MEX3C,2330,True,0.08840562730954238,1.7468082515343384,0.24516842,62,False,False,False,False,False,False,False,False
ENSG00000166526,ENSG00000166526,ZNF3,2670,True,0.09888461386735573,1.7460180724306602,0.2431282,62,False,False,False,False,False,False,False,False
ENSG00000105341,ENSG00000105341,DMAC2,5128,True,0.18656070787009815,1.745387901055678,0.24238952,62,False,False,False,False,False,False,False,False
ENSG00000072501,ENSG00000072501,SMC1A,8729,True,0.30240411639932135,1.7651644656292385,0.24232039,62,False,False,False,False,False,False,False,False
ENSG00000107829,ENSG00000107829,FBXW4,3002,True,0.11225770636382336,1.747773739395087,0.24221335,62,False,False,False,False,False,False,False,False
ENSG00000169371,ENSG00000169371,SNUPN,2210,True,0.08341757221170865,1.74614064432663,0.24200937,62,False,False,False,False,False,False,False,False
ENSG00000169925,ENSG00000169925,BRD3,3719,True,0.1389641879553368,1.7481625974641355,0.24173103,62,False,False,False,False,False,False,False,False
ENSG00000074603,ENSG00000074603,DPP8,5545,True,0.20179762743839216,1.7455114342489666,0.24151279,62,False,False,False,False,False,False,False,False
ENSG00000183474,ENSG00000183474,GTF2H2C,2943,True,0.10917935936520785,1.748083653800468,0.24039848,62,False,False,False,False,False,False,False,False
ENSG00000169084,ENSG00000169084,DHRSX,3520,True,0.13071987953053585,1.7462289605997823,0.24021794,62,False,False,False,False,False,False,False,False
ENSG00000120798,ENSG00000120798,NR2C1,2627,True,0.09432982407277034,1.746927138680053,0.24013565,62,False,False,False,False,False,False,False,False
ENSG00000254469,ENSG00000254469,XNDC1N,1013,True,0.0398736140062241,1.7164125538308121,0.23842005,62,False,False,False,False,False,False,False,False
ENSG00000134602,ENSG00000134602,STK26,4679,True,0.17189936669232786,1.74720639470274,0.23803346,62,False,False,False,False,False,False,False,False
ENSG00000197302,ENSG00000197302,KRBOX5,4245,True,0.15954768607903105,1.747810206707041,0.23744188,62,False,False,False,False,False,False,False,False
ENSG00000177548,ENSG00000177548,RABEP2,6970,True,0.2448274623573842,1.7512122624841722,0.23673439,62,False,False,False,False,False,False,False,False
ENSG00000155868,ENSG00000155868,MED7,3218,True,0.12729467682593662,1.7450528041249647,0.2366594,62,False,False,False,False,False,False,False,False
ENSG00000111215,ENSG00000111215,PRR4,6287,True,0.225327330041213,1.7475614366760441,0.23644137,62,False,False,False,False,False,False,False,False
ENSG00000146909,ENSG00000146909,NOM1,4608,True,0.1654137649644808,1.7444354505948956,0.23600787,62,False,False,False,False,False,False,False,False
ENSG00000205268,ENSG00000205268,PDE7A,8988,True,0.3222732793222033,1.767959366025905,0.23538731,62,False,False,False,False,False,False,False,False
ENSG00000141646,ENSG00000141646,SMAD4,2409,True,0.09000255153480659,1.7451546783396323,0.2353075,62,False,False,False,False,False,False,False,False
ENSG00000119688,ENSG00000119688,ABCD4,4253,True,0.15375835216113315,1.7456168696467798,0.2352357,62,False,False,False,False,False,False,False,False
ENSG00000118707,ENSG00000118707,TGIF2,2761,True,0.10161238221329584,1.7474871680325847,0.2350109,62,False,False,False,False,False,False,False,False
ENSG00000188647,ENSG00000188647,PTAR1,7914,True,0.29133432757012856,1.7576460250002137,0.23473619,62,False,False,False,False,False,False,False,False
ENSG00000115839,ENSG00000115839,RAB3GAP1,8457,True,0.3047954226021495,1.7626154718639249,0.23409721,62,False,False,False,False,False,False,False,False
ENSG00000108840,ENSG00000108840,HDAC5,4684,True,0.1705845368802063,1.748015454025881,0.23379223,62,False,False,False,False,False,False,False,False
ENSG00000108389,ENSG00000108389,MTMR4,6040,True,0.2104421292183378,1.7423138630487331,0.23121358,62,False,False,False,False,False,False,False,False
ENSG00000108021,ENSG00000108021,TASOR2,5201,True,0.1877258623115706,1.745907832864393,0.23101096,62,False,False,False,False,False,False,False,False
ENSG00000117475,ENSG00000117475,BLZF1,1694,True,0.06591832071389886,1.7457003034373935,0.23081152,62,False,False,False,False,False,False,False,False
ENSG00000118922,ENSG00000118922,KLF12,4837,True,0.17313778858810977,1.7450728578587127,0.23039122,62,False,False,False,False,False,False,False,False
ENSG00000178764,ENSG00000178764,ZHX2,3058,True,0.11541783652585101,1.7473159181724056,0.22983254,62,False,False,False,False,False,False,False,False
ENSG00000181315,ENSG00000181315,ZNF322,1152,True,0.04657488249864256,1.7194894032441084,0.22964348,62,False,False,False,False,False,False,False,False
ENSG00000172794,ENSG00000172794,RAB37,3707,True,0.13445633184610808,1.7426748049321865,0.2286233,62,False,False,False,False,False,False,False,False
ENSG00000135587,ENSG00000135587,SMPD2,2505,True,0.09456177506665532,1.7441932771731175,0.2280209,62,False,False,False,False,False,False,False,False
ENSG00000132773,ENSG00000132773,TOE1,3076,True,0.11354822571309064,1.7457255009283152,0.22692491,62,False,False,False,False,False,False,False,False
ENSG00000117899,ENSG00000117899,MESD,8004,True,0.2826368209090014,1.7491998996507812,0.22607373,62,False,False,False,False,False,False,False,False
ENSG00000121390,ENSG00000121390,PSPC1,7714,True,0.2682874397562367,1.7463901706129574,0.22591032,62,False,False,False,False,False,False,False,False
ENSG00000102984,ENSG00000102984,ZNF821,5515,True,0.20155539473406073,1.7442704190263614,0.22415207,62,False,False,False,False,False,False,False,False
ENSG00000011258,ENSG00000011258,MBTD1,2671,True,0.10133785690188414,1.7452801098840625,0.22381523,62,False,False,False,False,False,False,False,False
ENSG00000124222,ENSG00000124222,STX16,5783,True,0.2092291019776887,1.7438241696898822,0.2218709,62,False,False,False,False,False,False,False,False
ENSG00000198863,ENSG00000198863,RUNDC1,2482,True,0.09251674455655659,1.7405523090926118,0.22045441,62,False,False,False,False,False,False,False,False
ENSG00000124214,ENSG00000124214,STAU1,9184,True,0.31716365947604225,1.7627333859435061,0.21970087,62,False,False,False,False,False,False,False,False
ENSG00000123728,ENSG00000123728,RAP2C,6631,True,0.24041707308691967,1.7424236274940939,0.21846847,62,False,False,False,False,False,False,False,False
ENSG00000214106,ENSG00000214106,PAXIP1-AS2,1304,True,0.04914116333129212,1.7403182065054137,0.21499354,62,False,False,False,False,False,False,False,False
ENSG00000157450,ENSG00000157450,RNF111,3399,True,0.12509611475971136,1.7400798483665552,0.2141622,62,False,False,False,False,False,False,False,False
ENSG00000198231,ENSG00000198231,DDX42,5274,True,0.18731261048760092,1.7429682805616928,0.21362613,62,False,False,False,False,False,False,False,False
ENSG00000153015,ENSG00000153015,CWC27,6746,True,0.241686335042409,1.7430563236387528,0.21180664,62,False,False,False,False,False,False,False,False
ENSG00000174606,ENSG00000174606,ANGEL2,4231,True,0.15558250863289166,1.7402858788091071,0.21100034,62,False,False,False,False,False,False,False,False
ENSG00000149792,ENSG00000149792,MRPL49,3361,True,0.12126167397851452,1.7364026623569544,0.20989445,62,False,False,False,False,False,False,False,False
ENSG00000113269,ENSG00000113269,RNF130,4267,True,0.15394917403207983,1.7391675808609053,0.20963845,62,False,False,False,False,False,False,False,False
ENSG00000244198,ENSG00000244198,ARHGEF35-AS1,709,True,0.027300541457490113,1.6118163048074725,0.2094425,62,False,False,False,False,False,False,False,False
ENSG00000196705,ENSG00000196705,ZNF431,4984,True,0.17882047781207752,1.74152781341717,0.20779167,62,False,False,False,False,False,False,False,False
ENSG00000188921,ENSG00000188921,HACD4,6157,True,0.22983611408797444,1.735471268481004,0.20677605,62,False,False,False,False,False,False,False,False
ENSG00000179335,ENSG00000179335,CLK3,6351,True,0.2301023080808718,1.7403167742401946,0.20512307,62,False,False,False,False,False,False,False,False
ENSG00000130005,ENSG00000130005,GAMT,2850,True,0.10905130332095901,1.7360571642529232,0.20039599,62,False,False,False,False,False,False,False,False
ENSG00000111707,ENSG00000111707,SUDS3,6437,True,0.22904229975374155,1.7382672834634934,0.1983712,62,False,False,False,False,False,False,False,False
ENSG00000256771,ENSG00000256771,ZNF253,1323,True,0.050339320574869804,1.7324559368382362,0.19758306,62,False,False,False,False,False,False,False,False
ENSG00000215717,ENSG00000215717,TMEM167B,7092,True,0.25335711619806994,1.7438324678683363,0.1969853,62,False,False,False,False,False,False,False,False
ENSG00000088833,ENSG00000088833,NSFL1C,7571,True,0.26552336146189615,1.741916001740836,0.19673765,62,False,False,False,False,False,False,False,False
ENSG00000169964,ENSG00000169964,TMEM42,3880,True,0.14603056101795747,1.7376495011826705,0.19652934,62,False,False,False,False,False,False,False,False
ENSG00000111596,ENSG00000111596,CNOT2,8833,True,0.3073848481682282,1.7541176792236506,0.19542418,62,False,False,False,False,False,False,False,False
ENSG00000096968,ENSG00000096968,JAK2,2908,True,0.10615423361999511,1.7342677279196943,0.19382359,62,False,False,False,False,False,False,False,False
ENSG00000171316,ENSG00000171316,CHD7,9347,True,0.3202250190555617,1.7587185509771925,0.19323583,62,False,False,False,False,False,False,False,False
ENSG00000185432,ENSG00000185432,TMT1A,9298,True,0.3166069534986973,1.7550423003951166,0.19290644,62,False,False,False,False,False,False,False,False
ENSG00000100325,ENSG00000100325,ASCC2,6854,True,0.24382889369211938,1.742217167590801,0.19062568,62,False,False,False,False,False,False,False,False
ENSG00000132286,ENSG00000132286,TIMM10B,3714,True,0.13865344814116778,1.7330215670759386,0.18975347,62,False,False,False,False,False,False,False,False
ENSG00000186591,ENSG00000186591,UBE2H,5362,True,0.19136164802931982,1.7338508950189004,0.1882755,62,False,False,False,False,False,False,False,False
ENSG00000108433,ENSG00000108433,GOSR2,2712,True,0.10056105519366497,1.7310665007706454,0.18024282,62,False,False,False,False,False,False,False,False
ENSG00000048405,ENSG00000048405,ZNF800,9998,True,0.33526519908144997,1.763981307997472,0.17955247,62,False,False,False,False,False,False,False,False
ENSG00000164713,ENSG00000164713,BRI3,5726,True,0.20761497694330408,1.7306818587626933,0.17257077,62,False,False,False,False,False,False,False,False
ENSG00000159592,ENSG00000159592,GPBP1L1,6817,True,0.24027227009283744,1.7392324311231742,0.16774918,62,False,False,False,False,False,False,False,False
ENSG00000197858,ENSG00000197858,GPAA1,7044,True,0.24528767171538493,1.7276418343520596,0.14390351,62,False,False,False,False,False,False,False,False
ENSG00000267519,ENSG00000267519,MIR23AHG,5163,True,0.20773339603308666,1.7867351177631845,0.5207576,61,False,False,False,False,False,False,False,False
ENSG00000136758,ENSG00000136758,YME1L1,16038,True,0.533908854636149,1.8110642737736489,0.50450724,61,False,False,False,False,False,False,False,False
ENSG00000185507,ENSG00000185507,IRF7,13245,True,0.45541634346550736,1.792584721536337,0.4652961,61,False,False,False,False,False,False,False,True
ENSG00000174306,ENSG00000174306,ZHX3,767,True,0.030071046689271727,1.6893120622856344,0.4603028,61,False,False,False,False,False,False,False,False
ENSG00000169189,ENSG00000169189,NSMCE1,11017,True,0.39071201823510493,1.792463708608014,0.45966366,61,False,False,False,False,False,False,False,False
ENSG00000173486,ENSG00000173486,FKBP2,10232,True,0.3697540183475962,1.7970683244935908,0.45078343,61,False,False,False,False,False,False,False,False
ENSG00000168734,ENSG00000168734,PKIG,20495,True,0.6746831136051865,1.812439995628263,0.4447861,61,False,False,False,False,False,False,False,False
ENSG00000174891,ENSG00000174891,RSRC1,12564,True,0.4506509854646122,1.7942001724530476,0.43946204,61,False,False,False,False,False,False,False,False
ENSG00000265185,ENSG00000265185,SNORD3B-1,1092,True,0.04661606929008617,1.7846177024055196,0.41692388,61,False,False,False,False,False,False,False,False
ENSG00000169994,ENSG00000169994,MYO7B,1214,True,0.04825592759490959,1.7581064881773791,0.41627014,61,False,False,False,False,False,False,False,False
ENSG00000262202,ENSG00000262202,ENSG00000262202,1381,True,0.057259236971266184,1.7752822319624977,0.39386028,61,False,False,False,False,False,False,False,False
ENSG00000136237,ENSG00000136237,RAPGEF5,520,True,0.023108279011660505,1.6982795002763125,0.3929402,61,False,False,False,False,False,False,False,False
ENSG00000161911,ENSG00000161911,TREML1,976,True,0.04338111457573739,1.7770019117792346,0.3908264,61,False,False,False,False,False,False,False,False
ENSG00000196352,ENSG00000196352,CD55,24200,True,0.7686528491428497,1.8201508954798096,0.3885676,61,False,False,False,False,False,False,False,False
ENSG00000259448,ENSG00000259448,LINC02352,710,True,0.031885380043239125,1.7774637271330156,0.38330495,61,False,False,False,False,False,False,False,False
ENSG00000144824,ENSG00000144824,PHLDB2,352,True,0.015036515490282544,1.584195110679159,0.37063262,61,False,False,False,False,False,False,False,False
ENSG00000197776,ENSG00000197776,KLHDC1,923,True,0.03829959269991093,1.7757987509499058,0.36937222,61,False,False,False,False,False,False,False,False
ENSG00000152818,ENSG00000152818,UTRN,17089,True,0.557725537735672,1.7968648228621462,0.3689033,61,False,False,False,False,False,False,False,False
ENSG00000130518,ENSG00000130518,IQCN,827,True,0.031111065979130107,1.7020251226902408,0.363154,61,False,False,False,False,False,False,False,False
ENSG00000113140,ENSG00000113140,SPARC,1649,True,0.06840362031041002,1.7681122338449804,0.36139598,61,False,False,False,False,False,False,False,False
ENSG00000145331,ENSG00000145331,TRMT10A,1075,True,0.04292867882887156,1.7715452744732196,0.36100683,61,False,False,False,False,False,False,False,False
ENSG00000152359,ENSG00000152359,POC5,1570,True,0.06210879535897102,1.775814979556179,0.35737407,61,False,False,False,False,False,False,False,False
ENSG00000099953,ENSG00000099953,MMP11,585,True,0.02399043887683369,1.666337170570472,0.35705316,61,False,False,False,False,False,False,False,False
ENSG00000270761,ENSG00000270761,CD2AP-DT,472,True,0.02059736031494169,1.732389820024059,0.3504591,61,False,False,False,False,False,False,False,False
ENSG00000183137,ENSG00000183137,CEP57L1,1153,True,0.04525755809526885,1.7638231328543095,0.34797296,61,False,False,False,False,False,False,False,False
ENSG00000231721,ENSG00000231721,LINC-PINT,12608,True,0.4332824299377622,1.7842592631574894,0.34618294,61,False,False,False,False,False,False,False,False
ENSG00000165240,ENSG00000165240,ATP7A,844,True,0.033934633197949496,1.7352263290029872,0.34320632,61,False,False,False,False,False,False,False,False
ENSG00000169379,ENSG00000169379,ARL13B,1107,True,0.04431156870687696,1.7688422810915638,0.34248164,61,False,False,False,False,False,False,False,False
ENSG00000133392,ENSG00000133392,MYH11,1219,True,0.04764377787815355,1.76285686194512,0.34027568,61,False,False,False,False,False,False,False,False
ENSG00000260589,ENSG00000260589,STAM-DT,558,True,0.024336388021574326,1.7649164659841814,0.3394884,61,False,False,False,False,False,False,False,False
ENSG00000203666,ENSG00000203666,EFCAB2,2018,True,0.07935756430259144,1.768267664662927,0.3366539,61,False,False,False,False,False,False,False,False
ENSG00000165046,ENSG00000165046,LETM2,612,True,0.025526524558504137,1.6770371690488814,0.33662945,61,False,False,False,False,False,False,False,False
ENSG00000011114,ENSG00000011114,BTBD7,3595,True,0.13150355261007304,1.7666966932688117,0.33239806,61,False,False,False,False,False,False,False,False
ENSG00000164548,ENSG00000164548,TRA2A,28156,True,0.870650267455503,1.8181707089396333,0.33165732,61,False,False,False,False,False,False,False,False
ENSG00000136932,ENSG00000136932,TRMO,1824,True,0.06885737007926612,1.7704708513468348,0.33104497,61,False,False,False,False,False,False,False,False
ENSG00000257167,ENSG00000257167,TMPO-AS1,600,True,0.025227212727887912,1.7435814434937684,0.327509,61,False,False,False,False,False,False,False,False
ENSG00000071243,ENSG00000071243,ING3,11062,True,0.39742481705128213,1.7795214015436536,0.32597062,61,False,False,False,False,False,False,False,False
ENSG00000134744,ENSG00000134744,TUT4,19594,True,0.6167664363202113,1.7949123775879692,0.3233504,61,False,False,False,False,False,False,False,False
ENSG00000185215,ENSG00000185215,TNFAIP2,1217,True,0.046791051406186356,1.7643472423470328,0.3228147,61,False,False,False,False,False,False,False,False
ENSG00000105856,ENSG00000105856,HBP1,9813,True,0.3470174358487623,1.7782538124393346,0.3227947,61,False,False,False,False,False,False,False,False
ENSG00000260682,ENSG00000260682,RN7SKP176,4624,True,0.16516436442400592,1.7619546268189945,0.32193136,61,False,False,False,False,False,False,False,False
ENSG00000196605,ENSG00000196605,ZNF846,762,True,0.03207046832648732,1.7347608414637434,0.31218353,61,False,False,False,False,False,False,False,False
ENSG00000163221,ENSG00000163221,S100A12,6143,True,0.24042455396393259,1.7620024385951103,0.30987203,61,False,False,False,False,False,False,False,False
ENSG00000096872,ENSG00000096872,IFT74,2048,True,0.07779371270020262,1.7592102335880464,0.3094503,61,False,False,False,False,False,False,False,False
ENSG00000069974,ENSG00000069974,RAB27A,3578,True,0.13438428960914753,1.7590212902658537,0.30835477,61,False,False,False,False,False,False,False,False
ENSG00000137628,ENSG00000137628,DDX60,3394,True,0.12942553835525408,1.759209630721142,0.3062981,61,False,False,False,False,False,False,False,False
ENSG00000158373,ENSG00000158373,H2BC5,1698,True,0.06730204483949202,1.7609978886584983,0.3059616,61,False,False,False,False,False,False,False,False
ENSG00000066455,ENSG00000066455,GOLGA5,2877,True,0.10765058266027391,1.7618952067103615,0.3058136,61,False,False,False,False,False,False,False,False
ENSG00000225880,ENSG00000225880,LINC00115,854,True,0.034961691636847175,1.704926338027864,0.30415803,61,False,False,False,False,False,False,False,False
ENSG00000174227,ENSG00000174227,PIGG,2520,True,0.09611281089234382,1.7615747456498,0.30042672,61,False,False,False,False,False,False,False,False
ENSG00000268030,ENSG00000268030,ENSG00000268030,869,True,0.03576808474814454,1.7313913857134293,0.29893324,61,False,False,False,False,False,False,False,False
ENSG00000181007,ENSG00000181007,ZFP82,1380,True,0.05403571127508852,1.759840237493681,0.29819566,61,False,False,False,False,False,False,False,False
ENSG00000147133,ENSG00000147133,TAF1,3102,True,0.11759906143562288,1.7599176333947666,0.2977001,61,False,False,False,False,False,False,False,False
ENSG00000166261,ENSG00000166261,ZNF202,785,True,0.03198695605350678,1.7015096485897063,0.29327744,61,False,False,False,False,False,False,False,False
ENSG00000070269,ENSG00000070269,TMEM260,1982,True,0.0750058232538008,1.7591770149641948,0.29289263,61,False,False,False,False,False,False,False,False
ENSG00000228784,ENSG00000228784,LINC00954,1531,True,0.05906127704745429,1.7605583828133533,0.29202262,61,False,False,False,False,False,False,False,False
ENSG00000157796,ENSG00000157796,WDR19,932,True,0.037267214095626784,1.7615769127840082,0.2914927,61,False,False,False,False,False,False,False,False
ENSG00000159579,ENSG00000159579,RSPRY1,2393,True,0.09049285803997252,1.7551455874333681,0.28599715,61,False,False,False,False,False,False,False,False
ENSG00000008405,ENSG00000008405,CRY1,669,True,0.027096903297345095,1.758039700555743,0.28530404,61,False,False,False,False,False,False,False,False
ENSG00000106346,ENSG00000106346,USP42,1672,True,0.06340548776230381,1.753976804548946,0.28206742,61,False,False,False,False,False,False,False,False
ENSG00000151746,ENSG00000151746,BICD1,2900,True,0.10482580672978013,1.7562124760814748,0.28177303,61,False,False,False,False,False,False,False,False
ENSG00000076650,ENSG00000076650,GPATCH1,1889,True,0.07236579093452017,1.7549435204990305,0.28166914,61,False,False,False,False,False,False,False,False
ENSG00000231312,ENSG00000231312,MAP4K3-DT,1120,True,0.04460064130543966,1.7547863662580412,0.28085884,61,False,False,False,False,False,False,False,False
ENSG00000154803,ENSG00000154803,FLCN,1662,True,0.06434491396212665,1.7533220272241592,0.28062478,61,False,False,False,False,False,False,False,False
ENSG00000138434,ENSG00000138434,ITPRID2,1702,True,0.0656060929928743,1.758603001821531,0.28034875,61,False,False,False,False,False,False,False,False
ENSG00000196810,ENSG00000196810,CTBP1-DT,1794,True,0.06774337116894032,1.758689363056188,0.27920738,61,False,False,False,False,False,False,False,False
ENSG00000168495,ENSG00000168495,POLR3D,3132,True,0.11992538220289634,1.7550673349787764,0.27889678,61,False,False,False,False,False,False,False,False
ENSG00000117360,ENSG00000117360,PRPF3,3509,True,0.1314586119874915,1.755277759844421,0.2784876,61,False,False,False,False,False,False,False,False
ENSG00000185022,ENSG00000185022,MAFF,1294,True,0.0514391609737868,1.724610463330953,0.27697638,61,False,False,False,False,False,False,False,False
ENSG00000134444,ENSG00000134444,RELCH,2015,True,0.0760757894391798,1.7581302501663032,0.2753076,61,False,False,False,False,False,False,False,False
ENSG00000134255,ENSG00000134255,CEPT1,9704,True,0.3388922371463685,1.7727228862253042,0.27522933,61,False,False,False,False,False,False,False,False
ENSG00000264575,ENSG00000264575,LINC00526,777,True,0.03167872100760202,1.7266141386118505,0.2751981,61,False,False,False,False,False,False,False,False
ENSG00000213185,ENSG00000213185,FAM24B,1956,True,0.07940892050473926,1.754021982185082,0.27485707,61,False,False,False,False,False,False,False,False
ENSG00000197050,ENSG00000197050,ZNF420,1335,True,0.05414810463739675,1.7520895798065939,0.27448612,61,False,False,False,False,False,False,False,False
ENSG00000139722,ENSG00000139722,VPS37B,8915,True,0.3137950558706336,1.772107598774023,0.26988187,61,False,False,False,False,False,False,False,False
ENSG00000083828,ENSG00000083828,ZNF586,2415,True,0.0942609421290299,1.7529829560812376,0.26832557,61,False,False,False,False,False,False,False,False
ENSG00000006194,ENSG00000006194,ZNF263,3096,True,0.11524961585102787,1.7545259818557122,0.26781133,61,False,False,False,False,False,False,False,False
ENSG00000137393,ENSG00000137393,RNF144B,2230,True,0.0893940312392807,1.7537692890974865,0.26777512,61,False,False,False,False,False,False,False,False
ENSG00000149577,ENSG00000149577,SIDT2,4215,True,0.15137352908448432,1.7549440210239518,0.26757622,61,False,False,False,False,False,False,False,False
ENSG00000133256,ENSG00000133256,PDE6B,1877,True,0.07125642286724117,1.7235629792575295,0.26529872,61,False,False,False,False,False,False,False,False
ENSG00000168792,ENSG00000168792,ABHD15,1758,True,0.0660179256988813,1.7530499556685515,0.265113,61,False,False,False,False,False,False,False,False
ENSG00000065802,ENSG00000065802,ASB1,2782,True,0.10495703712932379,1.7503853722274385,0.26320076,61,False,False,False,False,False,False,False,False
ENSG00000136504,ENSG00000136504,KAT7,4195,True,0.15476023953844723,1.7497490209449085,0.26094493,61,False,False,False,False,False,False,False,False
ENSG00000182150,ENSG00000182150,ERCC6L2,2803,True,0.10273310366907816,1.7466758852374362,0.26079008,61,False,False,False,False,False,False,False,False
ENSG00000132670,ENSG00000132670,PTPRA,10399,True,0.35656133852695576,1.7700400350198109,0.26037908,61,False,False,False,False,False,False,False,False
ENSG00000186020,ENSG00000186020,ZNF529,2223,True,0.08702477280395261,1.7530704439423295,0.2603625,61,False,False,False,False,False,False,False,False
ENSG00000099992,ENSG00000099992,TBC1D10A,3172,True,0.11714014005354177,1.7539442196806263,0.2602866,61,False,False,False,False,False,False,False,False
ENSG00000174839,ENSG00000174839,DENND6A,2035,True,0.07491371466473026,1.7550015882428054,0.25917524,61,False,False,False,False,False,False,False,False
ENSG00000176171,ENSG00000176171,BNIP3,1267,True,0.048210236627825045,1.7533735684586096,0.2589794,61,False,False,False,False,False,False,False,False
ENSG00000166439,ENSG00000166439,RNF169,2174,True,0.08369048212655966,1.7510065442991434,0.25730643,61,False,False,False,False,False,False,False,False
ENSG00000259529,ENSG00000259529,ENSG00000259529,1883,True,0.07078332226632975,1.748960493139862,0.25707322,61,False,False,False,False,False,False,False,False
ENSG00000125637,ENSG00000125637,PSD4,3312,True,0.12379808508944233,1.7535190295637932,0.25554612,61,False,False,False,False,False,False,False,False
ENSG00000236104,ENSG00000236104,ZBTB22,1220,True,0.048168903781703645,1.7215115510500687,0.25506207,61,False,False,False,False,False,False,False,False
ENSG00000181852,ENSG00000181852,RNF41,3806,True,0.14049774713151272,1.7489927529632083,0.25500053,61,False,False,False,False,False,False,False,False
ENSG00000114491,ENSG00000114491,UMPS,1881,True,0.07063313576776023,1.7493174678914207,0.2539218,61,False,False,False,False,False,False,False,False
ENSG00000156170,ENSG00000156170,NDUFAF6,3714,True,0.1409681098432595,1.748999967038936,0.25350407,61,False,False,False,False,False,False,False,False
ENSG00000147853,ENSG00000147853,AK3,3827,True,0.142381481460019,1.750309383464893,0.25323474,61,False,False,False,False,False,False,False,False
ENSG00000166685,ENSG00000166685,COG1,1983,True,0.07234740326020249,1.7204934027319325,0.25303733,61,False,False,False,False,False,False,False,False
ENSG00000180329,ENSG00000180329,CCDC43,2336,True,0.08723439339943048,1.7436669494247525,0.2513492,61,False,False,False,False,False,False,False,False
ENSG00000198205,ENSG00000198205,ZXDA,1121,True,0.045407710462732905,1.748934358490957,0.25018272,61,False,False,False,False,False,False,False,False
ENSG00000123066,ENSG00000123066,MED13L,5124,True,0.18546753378108735,1.747775409593588,0.24955772,61,False,False,False,False,False,False,False,False
ENSG00000118518,ENSG00000118518,RNF146,2829,True,0.10952992638580762,1.7470489432911882,0.24895962,61,False,False,False,False,False,False,False,False
ENSG00000119231,ENSG00000119231,SENP5,4827,True,0.1777144643753078,1.7465822612033541,0.24853782,61,False,False,False,False,False,False,False,False
ENSG00000163006,ENSG00000163006,CCDC138,1362,True,0.05492102216828883,1.7464597325305258,0.24826154,61,False,False,False,False,False,False,False,False
ENSG00000129347,ENSG00000129347,KRI1,3582,True,0.129803711752831,1.7481546739150913,0.24753487,61,False,False,False,False,False,False,False,False
ENSG00000100266,ENSG00000100266,PACSIN2,2968,True,0.11127212090266596,1.746977469295066,0.24750575,61,False,False,False,False,False,False,False,False
ENSG00000143164,ENSG00000143164,DCAF6,2933,True,0.10887525631830589,1.7486395392203329,0.24597484,61,False,False,False,False,False,False,False,False
ENSG00000134152,ENSG00000134152,KATNBL1,8239,True,0.2913511087260614,1.7544333032817496,0.24403915,61,False,False,False,False,False,False,False,False
ENSG00000160318,ENSG00000160318,CLDND2,719,True,0.03233618726425403,1.7508846171128936,0.24330275,61,False,False,False,False,False,False,False,False
ENSG00000145868,ENSG00000145868,FBXO38,2031,True,0.07329652907413998,1.7183293141805895,0.24328823,61,False,False,False,False,False,False,False,False
ENSG00000182185,ENSG00000182185,RAD51B,1438,True,0.05637144563228842,1.7472867005564057,0.24271314,61,False,False,False,False,False,False,False,False
ENSG00000124784,ENSG00000124784,RIOK1,3104,True,0.11350301745638322,1.7460120285928895,0.24266617,61,False,False,False,False,False,False,False,False
ENSG00000100280,ENSG00000100280,AP1B1,5867,True,0.20746012911117948,1.7538824552328307,0.24237339,61,False,False,False,False,False,False,False,False
ENSG00000115946,ENSG00000115946,PNO1,4007,True,0.14906274659909496,1.7459491126301465,0.24175932,61,False,False,False,False,False,False,False,False
ENSG00000172954,ENSG00000172954,LCLAT1,1842,True,0.07021922344356885,1.7465973202776959,0.24007706,61,False,False,False,False,False,False,False,False
ENSG00000197429,ENSG00000197429,IPP,1468,True,0.05615225368711272,1.7455890741422408,0.23729938,61,False,False,False,False,False,False,False,False
ENSG00000138439,ENSG00000138439,FAM117B,3433,True,0.12710717166291657,1.7442302929140674,0.23544592,61,False,False,False,False,False,False,False,False
ENSG00000135686,ENSG00000135686,KLHL36,5342,True,0.19037436817918463,1.7458903980346128,0.23513155,61,False,False,False,False,False,False,False,False
ENSG00000163811,ENSG00000163811,WDR43,9446,True,0.331538521803864,1.7590019952005669,0.2345537,61,False,False,False,False,False,False,False,False
ENSG00000136867,ENSG00000136867,SLC31A2,860,True,0.03324310672369376,1.709500089746751,0.23363028,61,False,False,False,False,False,False,False,False
ENSG00000174282,ENSG00000174282,ZBTB4,1751,True,0.06639283923008805,1.7463777949202914,0.23331167,61,False,False,False,False,False,False,False,False
ENSG00000136159,ENSG00000136159,NUDT15,1569,True,0.06056076223213685,1.7402114629469998,0.23297141,61,False,False,False,False,False,False,False,False
ENSG00000165752,ENSG00000165752,STK32C,1818,True,0.07383571656392975,1.7474529070960634,0.2327055,61,False,False,False,False,False,False,False,False
ENSG00000001461,ENSG00000001461,NIPAL3,3091,True,0.11231771465880139,1.744717688645384,0.23125096,61,False,False,False,False,False,False,False,False
ENSG00000144535,ENSG00000144535,DIS3L2,3316,True,0.12237939823281473,1.7458856149202917,0.23087198,61,False,False,False,False,False,False,False,False
ENSG00000173545,ENSG00000173545,ZNF622,7171,True,0.25687798342083545,1.7501318246306738,0.2304446,61,False,False,False,False,False,False,False,False
ENSG00000223891,ENSG00000223891,OSER1-DT,1761,True,0.06775503533244547,1.7467219533729788,0.23003574,61,False,False,False,False,False,False,False,False
ENSG00000183808,ENSG00000183808,RBM12B,1806,True,0.06962133022437302,1.7450877042528505,0.22924633,61,False,False,False,False,False,False,False,False
ENSG00000100441,ENSG00000100441,KHNYN,2036,True,0.07589747969285555,1.71285600267081,0.22887936,61,False,False,False,False,False,False,False,False
ENSG00000156711,ENSG00000156711,MAPK13,2158,True,0.08251882728057357,1.7441439770607128,0.22808933,61,False,False,False,False,False,False,False,False
ENSG00000152242,ENSG00000152242,ARK2N,1992,True,0.07660318312463395,1.7445602209209816,0.22779548,61,False,False,False,False,False,False,False,False
ENSG00000104365,ENSG00000104365,IKBKB,4555,True,0.16316531551135618,1.7426242316632887,0.22683668,61,False,False,False,False,False,False,False,False
ENSG00000167110,ENSG00000167110,GOLGA2,3890,True,0.14237354742464123,1.743115325672652,0.22674623,61,False,False,False,False,False,False,False,False
ENSG00000117394,ENSG00000117394,SLC2A1,5652,True,0.20687614702562093,1.744599275180022,0.22659798,61,False,False,False,False,False,False,False,False
ENSG00000234444,ENSG00000234444,ZNF736,2142,True,0.08258188225466963,1.7406748406213866,0.22627437,61,False,False,False,False,False,False,False,False
ENSG00000082074,ENSG00000082074,FYB1,7568,True,0.26141523113944837,1.755351338102586,0.22549678,61,False,False,False,False,False,False,False,False
ENSG00000167635,ENSG00000167635,ZNF146,4380,True,0.15776401331581183,1.7414200388263692,0.22546466,61,False,False,False,False,False,False,False,False
ENSG00000127452,ENSG00000127452,FBXL12,2575,True,0.09741179781104864,1.7438257574665412,0.22411393,61,False,False,False,False,False,False,False,False
ENSG00000198466,ENSG00000198466,ZNF587,1496,True,0.05872310333313988,1.7418667098576768,0.22410251,61,False,False,False,False,False,False,False,False
ENSG00000265287,ENSG00000265287,ENSG00000265287,1668,True,0.0647016767324237,1.743489075500121,0.22245647,61,False,False,False,False,False,False,False,False
ENSG00000160218,ENSG00000160218,TRAPPC10,6125,True,0.21480459750980374,1.7502224064787923,0.22243495,61,False,False,False,False,False,False,False,False
ENSG00000076108,ENSG00000076108,BAZ2A,14823,True,0.496227780631302,1.7800625730949304,0.22243346,61,False,False,False,False,False,False,False,False
ENSG00000198937,ENSG00000198937,CCDC167,7245,True,0.2624141471387411,1.754843012104,0.22009383,61,False,False,False,False,False,False,False,False
ENSG00000173762,ENSG00000173762,CD7,5058,True,0.168712901355925,1.7449153607577825,0.21971206,61,False,False,False,False,False,False,False,False
ENSG00000139291,ENSG00000139291,TMEM19,8659,True,0.313771677164512,1.7606896717530098,0.21909125,61,False,False,False,False,False,False,False,False
ENSG00000172116,ENSG00000172116,CD8B,2244,True,0.08074349256985301,1.7393035370467211,0.21719266,61,False,False,False,False,False,False,False,False
ENSG00000065357,ENSG00000065357,DGKA,5035,True,0.17534631798077496,1.740612968095843,0.21604761,61,False,False,False,False,False,False,False,False
ENSG00000179295,ENSG00000179295,PTPN11,3894,True,0.13849827366046025,1.7391407001912398,0.215923,61,False,False,False,False,False,False,False,False
ENSG00000153944,ENSG00000153944,MSI2,7596,True,0.26154372283168115,1.752231552634152,0.21565896,61,False,False,False,False,False,False,False,False
ENSG00000144182,ENSG00000144182,LIPT1,1953,True,0.07444210241020863,1.741775598525795,0.21555519,61,False,False,False,False,False,False,False,False
ENSG00000021776,ENSG00000021776,AQR,3490,True,0.12625633178185613,1.7416822294915675,0.21440068,61,False,False,False,False,False,False,False,False
ENSG00000145016,ENSG00000145016,RUBCN,5011,True,0.17993314595394122,1.7409556361166112,0.21399638,61,False,False,False,False,False,False,False,False
ENSG00000101639,ENSG00000101639,CEP192,2125,True,0.07788327360124923,1.7363330492928866,0.21387829,61,False,False,False,False,False,False,False,False
ENSG00000109083,ENSG00000109083,IFT20,8366,True,0.30148096246169065,1.7525699809075481,0.21364522,61,False,False,False,False,False,False,False,False
ENSG00000112146,ENSG00000112146,FBXO9,7417,True,0.26284516769951083,1.7521971059397834,0.21243833,61,False,False,False,False,False,False,False,False
ENSG00000164830,ENSG00000164830,OXR1,7094,True,0.24921175653186847,1.7447116288758873,0.2121177,61,False,False,False,False,False,False,False,False
ENSG00000053900,ENSG00000053900,ANAPC4,2527,True,0.09437661127995402,1.7380263421681266,0.21159816,61,False,False,False,False,False,False,False,False
ENSG00000112697,ENSG00000112697,TMEM30A,4489,True,0.16160544870698398,1.7397281665857882,0.21082424,61,False,False,False,False,False,False,False,False
ENSG00000251022,ENSG00000251022,THAP9-AS1,3917,True,0.14510110175411708,1.7382697189563148,0.20944004,61,False,False,False,False,False,False,False,False
ENSG00000170653,ENSG00000170653,ATF7,3395,True,0.12668269839594914,1.7384052503788978,0.20940673,61,False,False,False,False,False,False,False,False
ENSG00000099810,ENSG00000099810,MTAP,2094,True,0.07756693726213705,1.7396261031097813,0.20860797,61,False,False,False,False,False,False,False,False
ENSG00000154511,ENSG00000154511,DIPK1A,2177,True,0.08122793834521747,1.7344929100284865,0.20826024,61,False,False,False,False,False,False,False,False
ENSG00000171824,ENSG00000171824,EXOSC10,3716,True,0.13338046090138986,1.739113672879862,0.2073911,61,False,False,False,False,False,False,False,False
ENSG00000146083,ENSG00000146083,RNF44,5300,True,0.19727525259825482,1.7413468467237794,0.20676588,61,False,False,False,False,False,False,False,False
ENSG00000111911,ENSG00000111911,HINT3,2257,True,0.08407022686029632,1.7401720866879806,0.20637202,61,False,False,False,False,False,False,False,False
ENSG00000053770,ENSG00000053770,AP5M1,4656,True,0.1687299957505516,1.7374271692363072,0.20625336,61,False,False,False,False,False,False,False,False
ENSG00000165516,ENSG00000165516,KLHDC2,6932,True,0.24912831487380974,1.742636224675923,0.206128,61,False,False,False,False,False,False,False,False
ENSG00000178188,ENSG00000178188,SH2B1,2998,True,0.10949221350919235,1.7397131088054274,0.20601484,61,False,False,False,False,False,False,False,False
ENSG00000164329,ENSG00000164329,TENT2,6978,True,0.2471709181957804,1.739072890526148,0.20518361,61,False,False,False,False,False,False,False,False
ENSG00000100239,ENSG00000100239,PPP6R2,5361,True,0.19104139941742002,1.742075291358774,0.20494258,61,False,False,False,False,False,False,False,False
ENSG00000196081,ENSG00000196081,ZNF724,510,True,0.019502003564856134,1.68336494580728,0.2048883,61,False,False,False,False,False,False,False,False
ENSG00000061987,ENSG00000061987,MON2,3319,True,0.12031743188428647,1.7391503199155458,0.20322807,61,False,False,False,False,False,False,False,False
ENSG00000167193,ENSG00000167193,CRK,2556,True,0.09250645027500105,1.7353903188478432,0.20144859,61,False,False,False,False,False,False,False,False
ENSG00000197323,ENSG00000197323,TRIM33,7097,True,0.2581493309591445,1.7471282586929613,0.19727369,61,False,False,False,False,False,False,False,False
ENSG00000273384,ENSG00000273384,ENSG00000273384,1262,True,0.04975685354934107,1.7368285388774516,0.19528626,61,False,False,False,False,False,False,False,False
ENSG00000134480,ENSG00000134480,CCNH,8279,True,0.29385242281324336,1.7508066899079753,0.19443369,61,False,False,False,False,False,False,False,False
ENSG00000160326,ENSG00000160326,SLC2A6,5238,True,0.1833429522829474,1.7363602629803372,0.19329068,61,False,False,False,False,False,False,False,False
ENSG00000161904,ENSG00000161904,LEMD2,2750,True,0.10341572465117953,1.7373394881651534,0.19327438,61,False,False,False,False,False,False,False,False
ENSG00000178685,ENSG00000178685,PARP10,4154,True,0.14981608338797694,1.737665986757071,0.19258234,61,False,False,False,False,False,False,False,False
ENSG00000147996,ENSG00000147996,ZNG1E,6597,True,0.24120837500148398,1.7419534645528676,0.19018625,61,False,False,False,False,False,False,False,False
ENSG00000112592,ENSG00000112592,TBP,2212,True,0.08286920337160253,1.7334768631702466,0.18781401,61,False,False,False,False,False,False,False,False
ENSG00000130939,ENSG00000130939,UBE4B,3115,True,0.1160042098309273,1.734504228070293,0.18688788,61,False,False,False,False,False,False,False,False
ENSG00000163961,ENSG00000163961,RNF168,5260,True,0.18372640499720844,1.732530086853803,0.18548657,61,False,False,False,False,False,False,False,False
ENSG00000172732,ENSG00000172732,MUS81,2247,True,0.0834738035692384,1.7338248316179792,0.18505058,61,False,False,False,False,False,False,False,False
ENSG00000189050,ENSG00000189050,RNFT1,3708,True,0.14025377278335502,1.7344284340044778,0.18425503,61,False,False,False,False,False,False,False,False
ENSG00000173744,ENSG00000173744,AGFG1,2079,True,0.07755363469997188,1.7346563397443402,0.18365279,61,False,False,False,False,False,False,False,False
ENSG00000182165,ENSG00000182165,TP53TG1,7392,True,0.2696862505874147,1.7351020588132116,0.18183127,61,False,False,False,False,False,False,False,False
ENSG00000090054,ENSG00000090054,SPTLC1,1799,True,0.06653279196038837,1.701127415921565,0.17877433,61,False,False,False,False,False,False,False,False
ENSG00000180822,ENSG00000180822,PSMG4,7624,True,0.2773847645670197,1.7355450713447516,0.17434844,61,False,False,False,False,False,False,False,False
ENSG00000123444,ENSG00000123444,KBTBD4,2105,True,0.07964793262525593,1.7273661448163624,0.16962361,61,False,False,False,False,False,False,False,False
ENSG00000153107,ENSG00000153107,ANAPC1,2414,True,0.08939217239468376,1.7281644629106632,0.16558449,61,False,False,False,False,False,False,False,False
ENSG00000173889,ENSG00000173889,PHC3,8665,True,0.3017315024065082,1.76106948541091,0.16055816,61,False,False,False,False,False,False,False,False
ENSG00000105374,ENSG00000105374,NKG7,20960,True,0.6653949297236151,1.8306368777775062,0.6152036,60,False,False,False,False,False,False,False,False
ENSG00000129128,ENSG00000129128,SPCS3,10530,True,0.3735636136377858,1.8002022990378108,0.5415933,60,False,False,False,False,False,False,False,False
ENSG00000263080,ENSG00000263080,ENSG00000263080,246,True,0.011695958225286601,1.6146158254415972,0.5346613,60,False,False,False,False,False,False,False,False
ENSG00000110092,ENSG00000110092,CCND1,1082,True,0.04149712424877492,1.7341035511529126,0.5057652,60,False,False,False,False,False,False,False,False
ENSG00000156738,ENSG00000156738,MS4A1,88353,True,2.2529970114293048,2.0355270524582973,0.42468116,60,False,False,False,False,False,False,False,False
ENSG00000180479,ENSG00000180479,ZNF571,704,True,0.02971404088845564,1.726636366021244,0.39211076,60,False,False,False,False,False,False,False,False
ENSG00000180543,ENSG00000180543,TSPYL5,741,True,0.029922743263495942,1.7239559473079618,0.38935164,60,False,False,False,False,False,False,False,False
ENSG00000145734,ENSG00000145734,BDP1,17301,True,0.564454494615971,1.7949149425646709,0.37217066,60,False,False,False,False,False,False,False,False
ENSG00000230844,ENSG00000230844,ZNF674-AS1,560,True,0.0233100890330928,1.6759796244652363,0.3598693,60,False,False,False,False,False,False,False,False
ENSG00000165209,ENSG00000165209,STRBP,19679,True,0.6499150222661391,1.7995965160293195,0.35663015,60,False,False,False,False,False,False,False,False
ENSG00000186063,ENSG00000186063,AIDA,18680,True,0.599425445604028,1.799381494124553,0.3547218,60,False,False,False,False,False,False,False,False
ENSG00000103995,ENSG00000103995,CEP152,1546,True,0.060726439127735836,1.7708223139783195,0.35342693,60,False,False,False,False,False,False,False,False
ENSG00000221946,ENSG00000221946,FXYD7,2122,True,0.08397574941002124,1.7679434024561367,0.35169166,60,False,False,False,False,False,False,False,False
ENSG00000115816,ENSG00000115816,CEBPZ,15501,True,0.5242725044150736,1.7903174281993968,0.35040236,60,False,False,False,False,False,False,False,False
ENSG00000139278,ENSG00000139278,GLIPR1,18061,True,0.6016825365000661,1.7934588656248929,0.3472934,60,False,False,False,False,False,False,False,False
ENSG00000234636,ENSG00000234636,MED14OS,1426,True,0.059775241156698904,1.7734008169497635,0.34473866,60,False,False,False,False,False,False,False,False
ENSG00000204165,ENSG00000204165,CXorf65,1046,True,0.04072707915306422,1.7393420494045848,0.33915028,60,False,False,False,False,False,False,False,False
ENSG00000232229,ENSG00000232229,LINC00865,259,True,0.01171129720357242,1.4708292114872044,0.33475056,60,False,False,False,False,False,False,False,False
ENSG00000197566,ENSG00000197566,ZNF624,576,True,0.022795257776414234,1.6880420228623818,0.32303634,60,False,False,False,False,False,False,False,False
ENSG00000154451,ENSG00000154451,GBP5,2073,True,0.0767750256861765,1.7663837863108027,0.32301164,60,False,False,False,False,False,False,False,False
ENSG00000115165,ENSG00000115165,CYTIP,23075,True,0.734039347818744,1.811520499368956,0.31927297,60,False,False,False,False,False,False,False,False
ENSG00000178977,ENSG00000178977,LINC00324,2173,True,0.08222291895539642,1.7574937013030079,0.31675833,60,False,False,False,False,False,False,False,False
ENSG00000010818,ENSG00000010818,HIVEP2,1622,True,0.05992986123297606,1.762329265104195,0.3163841,60,False,False,False,False,False,False,False,False
ENSG00000179057,ENSG00000179057,IGSF22,622,True,0.02633141871379296,1.743093719293934,0.31267032,60,False,False,False,False,False,False,False,False
ENSG00000156172,ENSG00000156172,CFAP418,610,True,0.02525744397770865,1.761395094925733,0.31156367,60,False,False,False,False,False,False,False,False
ENSG00000124356,ENSG00000124356,STAMBP,5214,True,0.19262608189254046,1.760988316650146,0.3114912,60,False,False,False,False,False,False,False,False
ENSG00000168298,ENSG00000168298,H1-4,13388,True,0.41952631031374815,1.7713630197691166,0.31085974,60,False,False,False,False,False,False,False,False
ENSG00000029725,ENSG00000029725,RABEP1,13696,True,0.4619744808592836,1.784806447649924,0.305662,60,False,False,False,False,False,False,False,False
ENSG00000156500,ENSG00000156500,PABIR3,1301,True,0.05078555285543114,1.728377172553117,0.30445778,60,False,False,False,False,False,False,False,False
ENSG00000164989,ENSG00000164989,CCDC171,759,True,0.029410712375014338,1.688135233121679,0.30197752,60,False,False,False,False,False,False,False,False
ENSG00000196693,ENSG00000196693,ZNF33B,2451,True,0.09022057435028483,1.762085389998392,0.30176014,60,False,False,False,False,False,False,False,False
ENSG00000234745,ENSG00000234745,HLA-B,113404,True,3.2132365818808495,2.1268892647867856,0.29741594,60,False,False,False,False,False,False,False,False
ENSG00000242028,ENSG00000242028,HYPK,1486,True,0.060263554628693705,1.760927713045681,0.29454118,60,False,False,False,False,False,False,False,False
ENSG00000272750,ENSG00000272750,ENSG00000272750,478,True,0.01840086407430555,1.5952650326182245,0.2930694,60,False,False,False,False,False,False,False,False
ENSG00000164022,ENSG00000164022,AIMP1,19993,True,0.656148246663153,1.7924986053576488,0.29246613,60,False,False,False,False,False,False,False,False
ENSG00000184293,ENSG00000184293,CLECL1P,12406,True,0.4214354502947837,1.77989485187263,0.29187208,60,False,False,False,False,False,False,False,False
ENSG00000123908,ENSG00000123908,AGO2,1365,True,0.05237227039751395,1.7548766283169177,0.29145297,60,False,False,False,False,False,False,False,False
ENSG00000213918,ENSG00000213918,DNASE1,1781,True,0.06706599315173434,1.758427833897192,0.29075864,60,False,False,False,False,False,False,False,False
ENSG00000106624,ENSG00000106624,AEBP1,1527,True,0.0578473593724607,1.7585620660067436,0.2898153,60,False,False,False,False,False,False,False,False
ENSG00000187790,ENSG00000187790,FANCM,1335,True,0.049561899588514806,1.7536250669197935,0.28764427,60,False,False,False,False,False,False,False,False
ENSG00000255423,ENSG00000255423,EBLN2,1179,True,0.04638344638529027,1.7599626276263043,0.28763223,60,False,False,False,False,False,False,False,False
ENSG00000159433,ENSG00000159433,STARD9,758,True,0.028822035970556322,1.7239373065033312,0.28741074,60,False,False,False,False,False,False,False,False
ENSG00000101405,ENSG00000101405,OXT,644,True,0.027081752718543583,1.7539758642836603,0.2871134,60,False,False,False,False,False,False,False,False
ENSG00000130413,ENSG00000130413,STK33,974,True,0.03994872816960402,1.7519237712193962,0.28596827,60,False,False,False,False,False,False,False,False
ENSG00000116922,ENSG00000116922,AIRIM,1412,True,0.05411765572451332,1.7582275968158927,0.28592348,60,False,False,False,False,False,False,False,False
ENSG00000112763,ENSG00000112763,BTN2A1,3153,True,0.11708857169240915,1.753978074744559,0.28453436,60,False,False,False,False,False,False,False,False
ENSG00000158710,ENSG00000158710,TAGLN2,49160,True,1.3449417176594543,1.874977242218307,0.28414395,60,False,False,False,False,False,False,False,False
ENSG00000231365,ENSG00000231365,WARS2-AS1,848,True,0.03336506279238209,1.756475390624462,0.28017804,60,False,False,False,False,False,False,False,False
ENSG00000228223,ENSG00000228223,HCG11,1506,True,0.05776735489326428,1.7525797706108697,0.27814394,60,False,False,False,False,False,False,False,False
ENSG00000198556,ENSG00000198556,ZNF789,1743,True,0.06993766996810181,1.7563690057966448,0.27751502,60,False,False,False,False,False,False,False,False
ENSG00000198420,ENSG00000198420,TCAF1,1528,True,0.06016392876655074,1.7530958845965783,0.27739626,60,False,False,False,False,False,False,False,False
ENSG00000260077,ENSG00000260077,ENSG00000260077,1412,True,0.0566836112028617,1.754442927914167,0.27707443,60,False,False,False,False,False,False,False,False
ENSG00000254887,ENSG00000254887,LNROP,2828,True,0.11153587781433395,1.7552827441801917,0.27601436,60,False,False,False,False,False,False,False,False
ENSG00000162378,ENSG00000162378,ZYG11B,2254,True,0.08578905306920935,1.751592308255767,0.27543238,60,False,False,False,False,False,False,False,False
ENSG00000160352,ENSG00000160352,ZNF714,1357,True,0.05132525848064137,1.753389962347429,0.2741287,60,False,False,False,False,False,False,False,False
ENSG00000221916,ENSG00000221916,C19orf73,588,True,0.024968043559001375,1.7268060233773888,0.27183005,60,False,False,False,False,False,False,False,False
ENSG00000226200,ENSG00000226200,SGMS1-AS1,978,True,0.03631442129409902,1.63381473928159,0.27153206,60,False,False,False,False,False,False,False,False
ENSG00000259891,ENSG00000259891,ENSG00000259891,616,True,0.024043919697342386,1.6164845291777346,0.27059942,60,False,False,False,False,False,False,False,False
ENSG00000165675,ENSG00000165675,ENOX2,2362,True,0.08956648502304693,1.750922011929518,0.27058476,60,False,False,False,False,False,False,False,False
ENSG00000001167,ENSG00000001167,NFYA,1226,True,0.04685848459949047,1.7567354171550773,0.27022746,60,False,False,False,False,False,False,False,False
ENSG00000172888,ENSG00000172888,ZNF621,758,True,0.02814929044553432,1.695923072513082,0.2691966,60,False,False,False,False,False,False,False,False
ENSG00000254093,ENSG00000254093,PINX1,1906,True,0.07158656263270012,1.7505724479286662,0.26901835,60,False,False,False,False,False,False,False,False
ENSG00000224165,ENSG00000224165,DNAJC27-AS1,567,True,0.024038014335094463,1.70510018227749,0.2685058,60,False,False,False,False,False,False,False,False
ENSG00000113441,ENSG00000113441,LNPEP,11262,True,0.3935886949852589,1.774594113817639,0.26794475,60,False,False,False,False,False,False,False,False
ENSG00000266964,ENSG00000266964,FXYD1,5354,True,0.19604223502265897,1.7508292999876702,0.2678955,60,False,False,False,False,False,False,False,False
ENSG00000196821,ENSG00000196821,ILRUN,4141,True,0.14553487868600753,1.752862482983263,0.26782802,60,False,False,False,False,False,False,False,False
ENSG00000164241,ENSG00000164241,C5orf63,2315,True,0.08825101300074166,1.7545781913202696,0.26744428,60,False,False,False,False,False,False,False,False
ENSG00000213689,ENSG00000213689,TREX1,6160,True,0.22106218803139344,1.7548465575364338,0.26736978,60,False,False,False,False,False,False,False,False
ENSG00000183484,ENSG00000183484,GPR132,1504,True,0.05888591286825613,1.7523025815912343,0.26588997,60,False,False,False,False,False,False,False,False
ENSG00000250159,ENSG00000250159,PKD2L2-DT,879,True,0.033904100958873334,1.6959990402041873,0.26582235,60,False,False,False,False,False,False,False,False
ENSG00000196177,ENSG00000196177,ACADSB,1590,True,0.062228751055826564,1.7530652614967437,0.26523957,60,False,False,False,False,False,False,False,False
ENSG00000185963,ENSG00000185963,BICD2,3223,True,0.12129220605619083,1.7526312475074406,0.26520514,60,False,False,False,False,False,False,False,False
ENSG00000008294,ENSG00000008294,SPAG9,5209,True,0.18362220523312525,1.7517897758729881,0.26208514,60,False,False,False,False,False,False,False,False
ENSG00000099910,ENSG00000099910,KLHL22,1009,True,0.03813948474769573,1.661745665720087,0.26207134,60,False,False,False,False,False,False,False,False
ENSG00000198131,ENSG00000198131,ZNF544,2998,True,0.11554148963123456,1.751693850007402,0.26103333,60,False,False,False,False,False,False,False,False
ENSG00000125863,ENSG00000125863,MKKS,5561,True,0.2039737538634425,1.7486114996996291,0.26033774,60,False,False,False,False,False,False,False,False
ENSG00000131626,ENSG00000131626,PPFIA1,2106,True,0.07767017470767973,1.7518734173167423,0.25961024,60,False,False,False,False,False,False,False,False
ENSG00000036054,ENSG00000036054,TBC1D23,2314,True,0.08687247235052527,1.7492793672697615,0.2593783,60,False,False,False,False,False,False,False,False
ENSG00000145996,ENSG00000145996,CDKAL1,2837,True,0.10547050692951734,1.7519857647554795,0.25880054,60,False,False,False,False,False,False,False,False
ENSG00000185115,ENSG00000185115,NSMCE3,9296,True,0.3378881276835228,1.7742560792431283,0.25830203,60,False,False,False,False,False,False,False,False
ENSG00000128607,ENSG00000128607,KLHDC10,1605,True,0.06211869076140903,1.7479352431442516,0.2567441,60,False,False,False,False,False,False,False,False
ENSG00000147202,ENSG00000147202,DIAPH2,4408,True,0.15853371483873546,1.750523788599253,0.25673974,60,False,False,False,False,False,False,False,False
ENSG00000227388,ENSG00000227388,ENSG00000227388,423,True,0.01794408284058876,1.6558880537962273,0.25583825,60,False,False,False,False,False,False,False,False
ENSG00000103642,ENSG00000103642,LACTB,3639,True,0.13205579913929666,1.7496878189805452,0.25394034,60,False,False,False,False,False,False,False,False
ENSG00000105127,ENSG00000105127,AKAP8,5162,True,0.1782666779420808,1.7487872179613075,0.25324315,60,False,False,False,False,False,False,False,False
ENSG00000261884,ENSG00000261884,ENSG00000261884,1554,True,0.0589626763914411,1.7506777341282502,0.25311637,60,False,False,False,False,False,False,False,False
ENSG00000245571,ENSG00000245571,FAM111A-DT,923,True,0.03653680976447283,1.719277716949835,0.25287694,60,False,False,False,False,False,False,False,False
ENSG00000214029,ENSG00000214029,ZNF891,1039,True,0.04107000279215555,1.7221157476111961,0.252436,60,False,False,False,False,False,False,False,False
ENSG00000121644,ENSG00000121644,DESI2,3127,True,0.11679000761582578,1.7508616706181086,0.25059825,60,False,False,False,False,False,False,False,False
ENSG00000165959,ENSG00000165959,CLMN,2169,True,0.07911605227076392,1.746709128653295,0.24994026,60,False,False,False,False,False,False,False,False
ENSG00000170085,ENSG00000170085,SIMC1,2312,True,0.08483988797521909,1.7482447010762072,0.24907762,60,False,False,False,False,False,False,False,False
ENSG00000197530,ENSG00000197530,MIB2,3952,True,0.14698040455999292,1.7490768665301137,0.2474897,60,False,False,False,False,False,False,False,False
ENSG00000204439,ENSG00000204439,C6orf47,2196,True,0.08152151441770722,1.74809345809281,0.24747428,60,False,False,False,False,False,False,False,False
ENSG00000166747,ENSG00000166747,AP1G1,3269,True,0.11976366225447505,1.7468195951222227,0.24598745,60,False,False,False,False,False,False,False,False
ENSG00000079134,ENSG00000079134,THOC1,4189,True,0.15091165514548024,1.7469313165743676,0.24495609,60,False,False,False,False,False,False,False,False
ENSG00000165288,ENSG00000165288,BRWD3,2376,True,0.08891417547807147,1.7475938784112899,0.24437936,60,False,False,False,False,False,False,False,False
ENSG00000102390,ENSG00000102390,PBDC1,5694,True,0.20767682734157952,1.7429656787356842,0.24425265,60,False,False,False,False,False,False,False,False
ENSG00000198721,ENSG00000198721,ECI2,3362,True,0.1262503075211167,1.7476842782785555,0.2441512,60,False,False,False,False,False,False,False,False
ENSG00000143319,ENSG00000143319,ISG20L2,4675,True,0.16919265836676076,1.7493065948666968,0.24369122,60,False,False,False,False,False,False,False,False
ENSG00000217128,ENSG00000217128,FNIP1,2719,True,0.10479376087442245,1.7480509954894707,0.24269952,60,False,False,False,False,False,False,False,False
ENSG00000265666,ENSG00000265666,RARA-AS1,548,True,0.02351282467819985,1.6967447201684516,0.2426433,60,False,False,False,False,False,False,False,False
ENSG00000151576,ENSG00000151576,QTRT2,3645,True,0.1325479459952873,1.7459647073488542,0.24205422,60,False,False,False,False,False,False,False,False
ENSG00000185127,ENSG00000185127,C6orf120,1648,True,0.06090218609145384,1.7430956319225586,0.24130997,60,False,False,False,False,False,False,False,False
ENSG00000105339,ENSG00000105339,DENND3,3590,True,0.13342386705390755,1.7446344369525932,0.24105068,60,False,False,False,False,False,False,False,False
ENSG00000185722,ENSG00000185722,ANKFY1,2081,True,0.07755984374110224,1.7503643842994712,0.24041936,60,False,False,False,False,False,False,False,False
ENSG00000038219,ENSG00000038219,BOD1L1,13076,True,0.43524286556917585,1.7743993002875298,0.24006914,60,False,False,False,False,False,False,False,False
ENSG00000260621,ENSG00000260621,ENSG00000260621,4416,True,0.16667300232962365,1.749985852871465,0.239867,60,False,False,False,False,False,False,False,False
ENSG00000059145,ENSG00000059145,UNKL,2381,True,0.08686830923377703,1.744467435846748,0.23931777,60,False,False,False,False,False,False,False,False
ENSG00000113460,ENSG00000113460,BRIX1,8860,True,0.3164498982239912,1.756661340764488,0.23924133,60,False,False,False,False,False,False,False,False
ENSG00000196182,ENSG00000196182,STK40,2099,True,0.07879201396692109,1.7497785581920682,0.23916575,60,False,False,False,False,False,False,False,False
ENSG00000181744,ENSG00000181744,DIPK2A,2569,True,0.09175825639834997,1.742784093828388,0.23892227,60,False,False,False,False,False,False,False,False
ENSG00000246705,ENSG00000246705,H2AJ,7165,True,0.2539939007825937,1.7439716093148219,0.23811121,60,False,False,False,False,False,False,False,False
ENSG00000145414,ENSG00000145414,NAF1,2598,True,0.10185156604851846,1.7442049869118186,0.2375762,60,False,False,False,False,False,False,False,False
ENSG00000242861,ENSG00000242861,ENSG00000242861,1395,True,0.05384404773642921,1.7171928581165121,0.23684274,60,False,False,False,False,False,False,False,False
ENSG00000137842,ENSG00000137842,TMEM62,1502,True,0.05517301023581411,1.7459404638128886,0.2363695,60,False,False,False,False,False,False,False,False
ENSG00000185033,ENSG00000185033,SEMA4B,5486,True,0.19267554673700396,1.7458918936275984,0.23533739,60,False,False,False,False,False,False,False,False
ENSG00000185305,ENSG00000185305,ARL15,883,True,0.03439469464269646,1.7458739631220608,0.23531026,60,False,False,False,False,False,False,False,False
ENSG00000182247,ENSG00000182247,UBE2E2,9079,True,0.33401580167415096,1.7664060227869989,0.2335807,60,False,False,False,False,False,False,False,False
ENSG00000063127,ENSG00000063127,SLC6A16,1426,True,0.056480732021014286,1.7453707396260816,0.23336783,60,False,False,False,False,False,False,False,False
ENSG00000020922,ENSG00000020922,MRE11,2869,True,0.10846170447576048,1.7450259368721888,0.23270252,60,False,False,False,False,False,False,False,False
ENSG00000140199,ENSG00000140199,SLC12A6,1571,True,0.058019758366342454,1.7460944100115505,0.23210387,60,False,False,False,False,False,False,False,False
ENSG00000111300,ENSG00000111300,NAA25,3756,True,0.1399923994770127,1.746829930589871,0.23191394,60,False,False,False,False,False,False,False,False
ENSG00000058063,ENSG00000058063,ATP11B,4207,True,0.151275234672939,1.74323648547567,0.23185,60,False,False,False,False,False,False,False,False
ENSG00000237310,ENSG00000237310,LINC03011,1305,True,0.0535523858975808,1.7439668992174084,0.23181659,60,False,False,False,False,False,False,False,False
ENSG00000175104,ENSG00000175104,TRAF6,1909,True,0.07178288851797045,1.739988779322178,0.23180209,60,False,False,False,False,False,False,False,False
ENSG00000171475,ENSG00000171475,WIPF2,3739,True,0.13778509127522492,1.7453860725319081,0.23151499,60,False,False,False,False,False,False,False,False
ENSG00000152240,ENSG00000152240,HAUS1,6911,True,0.25051582046598475,1.743663449847861,0.23079224,60,False,False,False,False,False,False,False,False
ENSG00000160305,ENSG00000160305,DIP2A,3431,True,0.12487812177494971,1.7443965219920143,0.23035862,60,False,False,False,False,False,False,False,False
ENSG00000161835,ENSG00000161835,TAMALIN,2108,True,0.08466741394562201,1.7444171115920697,0.22937362,60,False,False,False,False,False,False,False,False
ENSG00000204790,ENSG00000204790,ENSG00000204790,3364,True,0.12720212533331957,1.7449019525308729,0.22912718,60,False,False,False,False,False,False,False,False
ENSG00000181666,ENSG00000181666,ZNF875,1600,True,0.06047235056128462,1.743039384642958,0.22882508,60,False,False,False,False,False,False,False,False
ENSG00000102081,ENSG00000102081,FMR1,2622,True,0.10135567596578343,1.7450246084506995,0.2286124,60,False,False,False,False,False,False,False,False
ENSG00000120942,ENSG00000120942,UBIAD1,2689,True,0.09969911715247538,1.744804188884558,0.22837062,60,False,False,False,False,False,False,False,False
ENSG00000150527,ENSG00000150527,MIA2,1970,True,0.0746864846151116,1.7430198910023877,0.22814742,60,False,False,False,False,False,False,False,False
ENSG00000156521,ENSG00000156521,TYSND1,2829,True,0.10456797482318603,1.74293750415856,0.22659962,60,False,False,False,False,False,False,False,False
ENSG00000169955,ENSG00000169955,ZNF747,1256,True,0.04926322421719719,1.741995975145134,0.22563753,60,False,False,False,False,False,False,False,False
ENSG00000134748,ENSG00000134748,PRPF38A,7321,True,0.26246339383984296,1.7471636272867124,0.2251549,60,False,False,False,False,False,False,False,False
ENSG00000088356,ENSG00000088356,PDRG1,5149,True,0.1885885842496874,1.7432627572680788,0.22497422,60,False,False,False,False,False,False,False,False
ENSG00000184260,ENSG00000184260,H2AC20,6546,True,0.22419597283639722,1.751104496126173,0.22469887,60,False,False,False,False,False,False,False,False
ENSG00000100030,ENSG00000100030,MAPK1,5359,True,0.18991419946354504,1.743443440271254,0.22420773,60,False,False,False,False,False,False,False,False
ENSG00000169682,ENSG00000169682,SPNS1,3574,True,0.1298484940294961,1.743138463220635,0.22371337,60,False,False,False,False,False,False,False,False
ENSG00000085721,ENSG00000085721,RRN3,3205,True,0.11445594357070715,1.7455293337719164,0.22253773,60,False,False,False,False,False,False,False,False
ENSG00000174106,ENSG00000174106,LEMD3,3341,True,0.12393691055405953,1.7444480859794822,0.22127452,60,False,False,False,False,False,False,False,False
ENSG00000035115,ENSG00000035115,SH3YL1,6197,True,0.2204813506858392,1.7439425243025395,0.22068334,60,False,False,False,False,False,False,False,False
ENSG00000213096,ENSG00000213096,ZNF254,2850,True,0.10840186601052543,1.7405737076655141,0.22025393,60,False,False,False,False,False,False,False,False
ENSG00000087206,ENSG00000087206,UIMC1,6096,True,0.21499912405882504,1.746109793911563,0.21980678,60,False,False,False,False,False,False,False,False
ENSG00000012983,ENSG00000012983,MAP4K5,4324,True,0.15734911947423993,1.7409507182692174,0.21930018,60,False,False,False,False,False,False,False,False
ENSG00000170832,ENSG00000170832,USP32,2996,True,0.11117389986599928,1.743739244477789,0.21907733,60,False,False,False,False,False,False,False,False
ENSG00000116266,ENSG00000116266,STXBP3,6841,True,0.24624754662274254,1.7490597871116593,0.21888702,60,False,False,False,False,False,False,False,False
ENSG00000123104,ENSG00000123104,ITPR2,5156,True,0.1788998907700693,1.7444564099942348,0.21866544,60,False,False,False,False,False,False,False,False
ENSG00000178381,ENSG00000178381,ZFAND2A,6725,True,0.2410311128561382,1.7447260754996927,0.21825072,60,False,False,False,False,False,False,False,False
ENSG00000132716,ENSG00000132716,DCAF8,3721,True,0.13481599222700813,1.7448245924236168,0.21798947,60,False,False,False,False,False,False,False,False
ENSG00000134262,ENSG00000134262,AP4B1,1345,True,0.051891863850522094,1.7367990688113664,0.21552625,60,False,False,False,False,False,False,False,False
ENSG00000125827,ENSG00000125827,TMX4,8518,True,0.29558066628613927,1.7522009852808949,0.21539783,60,False,False,False,False,False,False,False,False
ENSG00000018610,ENSG00000018610,STEEP1,2519,True,0.09381540225538759,1.7126276415569903,0.21344192,60,False,False,False,False,False,False,False,False
ENSG00000156876,ENSG00000156876,SASS6,2257,True,0.08466533195342692,1.7373602895345157,0.21296825,60,False,False,False,False,False,False,False,False
ENSG00000089123,ENSG00000089123,TASP1,1835,True,0.07097731277047951,1.7398411102913272,0.21224676,60,False,False,False,False,False,False,False,False
ENSG00000144597,ENSG00000144597,EAF1,1869,True,0.07404946157674767,1.7374505050015505,0.21210764,60,False,False,False,False,False,False,False,False
ENSG00000119812,ENSG00000119812,FAM98A,1825,True,0.06637461100882823,1.7325247273370403,0.21174414,60,False,False,False,False,False,False,False,False
ENSG00000130119,ENSG00000130119,GNL3L,3376,True,0.12250590417843986,1.7392283319181514,0.2099735,60,False,False,False,False,False,False,False,False
ENSG00000106268,ENSG00000106268,NUDT1,8024,True,0.29034028816222207,1.746102893836379,0.20995843,60,False,False,False,False,False,False,False,False
ENSG00000119487,ENSG00000119487,MAPKAP1,7896,True,0.2717300465452533,1.7514015156912515,0.20817018,60,False,False,False,False,False,False,False,False
ENSG00000130699,ENSG00000130699,TAF4,696,True,0.02888514139246189,1.6787692758383685,0.20802641,60,False,False,False,False,False,False,False,False
ENSG00000103018,ENSG00000103018,CYB5B,6942,True,0.24435980559587114,1.7438769531364144,0.20784189,60,False,False,False,False,False,False,False,False
ENSG00000272667,ENSG00000272667,ENSG00000272667,1180,True,0.04719042071851909,1.7410258239193033,0.20770806,60,False,False,False,False,False,False,False,False
ENSG00000148925,ENSG00000148925,BTBD10,1737,True,0.06556231359016813,1.7284320012955126,0.20604427,60,False,False,False,False,False,False,False,False
ENSG00000089094,ENSG00000089094,KDM2B,4884,True,0.17919252624161525,1.7379448268414386,0.20562173,60,False,False,False,False,False,False,False,False
ENSG00000166822,ENSG00000166822,TMEM170A,6355,True,0.23160397489153278,1.7392519678813607,0.2051305,60,False,False,False,False,False,False,False,False
ENSG00000179021,ENSG00000179021,C3orf38,7213,True,0.25580093160516887,1.7363471013396272,0.20464648,60,False,False,False,False,False,False,False,False
ENSG00000141458,ENSG00000141458,NPC1,982,True,0.036140012204730704,1.7060066886345266,0.2042508,60,False,False,False,False,False,False,False,False
ENSG00000154889,ENSG00000154889,MPPE1,5050,True,0.18230415228076702,1.737204997733346,0.2038069,60,False,False,False,False,False,False,False,False
ENSG00000134698,ENSG00000134698,AGO4,1393,True,0.0526690836246152,1.7341364727273392,0.20326884,60,False,False,False,False,False,False,False,False
ENSG00000011275,ENSG00000011275,RNF216,6255,True,0.22082838695651272,1.7422598074207856,0.20322058,60,False,False,False,False,False,False,False,False
ENSG00000159256,ENSG00000159256,MORC3,10018,True,0.3475261491157301,1.7647938594125783,0.20291953,60,False,False,False,False,False,False,False,False
ENSG00000144579,ENSG00000144579,CTDSP1,7535,True,0.2574538795621279,1.745397625044916,0.20286264,60,False,False,False,False,False,False,False,False
ENSG00000135341,ENSG00000135341,MAP3K7,2998,True,0.11122478736116342,1.738224939172668,0.2026384,60,False,False,False,False,False,False,False,False
ENSG00000203993,ENSG00000203993,ARRDC1-AS1,1908,True,0.07391515561409864,1.7369670978856226,0.20213173,60,False,False,False,False,False,False,False,False
ENSG00000103496,ENSG00000103496,STX4,4854,True,0.1778502094950036,1.737601335586926,0.20166388,60,False,False,False,False,False,False,False,False
ENSG00000092020,ENSG00000092020,PPP2R3C,7994,True,0.2807883110495253,1.7406681470902492,0.20111176,60,False,False,False,False,False,False,False,False
ENSG00000141385,ENSG00000141385,AFG3L2,5110,True,0.18047695947634748,1.740093752260275,0.20101719,60,False,False,False,False,False,False,False,False
ENSG00000189091,ENSG00000189091,SF3B3,2516,True,0.09406594683087068,1.736389675432732,0.20070887,60,False,False,False,False,False,False,False,False
ENSG00000110172,ENSG00000110172,CHORDC1,5602,True,0.20087682207510874,1.7355201160715794,0.2003467,60,False,False,False,False,False,False,False,False
ENSG00000131374,ENSG00000131374,TBC1D5,7241,True,0.2542516052701345,1.7480878057542297,0.19937843,60,False,False,False,False,False,False,False,False
ENSG00000204371,ENSG00000204371,EHMT2,3675,True,0.13438387654431388,1.739737133768213,0.19933411,60,False,False,False,False,False,False,False,False
ENSG00000156858,ENSG00000156858,PRR14,3838,True,0.14266922561872847,1.7380160855004334,0.19814384,60,False,False,False,False,False,False,False,False
ENSG00000102974,ENSG00000102974,CTCF,6933,True,0.24241376846612211,1.7515712146563183,0.19788393,60,False,False,False,False,False,False,False,False
ENSG00000196470,ENSG00000196470,SIAH1,3289,True,0.13132698301535686,1.7374653179954158,0.19708411,60,False,False,False,False,False,False,False,False
ENSG00000005801,ENSG00000005801,ZNF195,2249,True,0.08462191977060887,1.7374087026779683,0.19698316,60,False,False,False,False,False,False,False,False
ENSG00000105829,ENSG00000105829,BET1,3519,True,0.1324442478176887,1.7375906175694589,0.19598415,60,False,False,False,False,False,False,False,False
ENSG00000177868,ENSG00000177868,SVBP,7902,True,0.2804269723335943,1.7384045274223714,0.19576547,60,False,False,False,False,False,False,False,False
ENSG00000079387,ENSG00000079387,SENP1,1660,True,0.061032346994181225,1.7342555280827012,0.19480282,60,False,False,False,False,False,False,False,False
ENSG00000186577,ENSG00000186577,SMIM29,8076,True,0.29156420633032104,1.7447840636514087,0.19338493,60,False,False,False,False,False,False,False,False
ENSG00000137871,ENSG00000137871,ZNF280D,5991,True,0.20712128379670725,1.7324434325419658,0.1932413,60,False,False,False,False,False,False,False,False
ENSG00000162777,ENSG00000162777,DENND2D,3513,True,0.12798563140852537,1.7363043050580844,0.19288202,60,False,False,False,False,False,False,False,False
ENSG00000257815,ENSG00000257815,PRANCR,7993,True,0.30216949543047805,1.750595174975408,0.19226803,60,False,False,False,False,False,False,False,False
ENSG00000132603,ENSG00000132603,NIP7,4227,True,0.15208964242684603,1.736275070600193,0.19156188,60,False,False,False,False,False,False,False,False
ENSG00000171497,ENSG00000171497,PPID,4708,True,0.16897065867446825,1.7349474808189074,0.19154504,60,False,False,False,False,False,False,False,False
ENSG00000156504,ENSG00000156504,PABIR2,3851,True,0.1441073649226704,1.7383431297553869,0.1909171,60,False,False,False,False,False,False,False,False
ENSG00000072803,ENSG00000072803,FBXW11,6711,True,0.247880288502614,1.7470700858779027,0.18990916,60,False,False,False,False,False,False,False,False
ENSG00000075539,ENSG00000075539,FRYL,7744,True,0.2758276682340382,1.7544135414452364,0.1891879,60,False,False,False,False,False,False,False,False
ENSG00000146729,ENSG00000146729,NIPSNAP2,6686,True,0.23431870419319392,1.7334841013878906,0.18555607,60,False,False,False,False,False,False,False,False
ENSG00000173137,ENSG00000173137,ADCK5,1371,True,0.054281271722088194,1.7317553924877886,0.18530197,60,False,False,False,False,False,False,False,False
ENSG00000131023,ENSG00000131023,LATS1,2716,True,0.09925172332581997,1.731219368939538,0.18187547,60,False,False,False,False,False,False,False,False
ENSG00000182087,ENSG00000182087,TMEM259,5687,True,0.20383448289890757,1.7365089492256813,0.1797145,60,False,False,False,False,False,False,False,False
ENSG00000164164,ENSG00000164164,OTUD4,3628,True,0.1355412288173269,1.7314264450786288,0.17578642,60,False,False,False,False,False,False,False,False
ENSG00000114735,ENSG00000114735,HEMK1,2474,True,0.09350999793180569,1.7300084299390575,0.17510298,60,False,False,False,False,False,False,False,False
ENSG00000122783,ENSG00000122783,CYREN,3095,True,0.11457815894740392,1.7350942949776351,0.17383274,60,False,False,False,False,False,False,False,False
ENSG00000153391,ENSG00000153391,INO80C,3958,True,0.14849278354286882,1.7314490060025647,0.17255718,60,False,False,False,False,False,False,False,False
ENSG00000047346,ENSG00000047346,ATOSA,6961,True,0.24606816264078626,1.744451777940973,0.17093351,60,False,False,False,False,False,False,False,False
ENSG00000066136,ENSG00000066136,NFYC,5713,True,0.2041925365050146,1.7304347343195365,0.17061386,60,False,False,False,False,False,False,False,False
ENSG00000221914,ENSG00000221914,PPP2R2A,7668,True,0.26723023346981956,1.7376926878635706,0.16931245,60,False,False,False,False,False,False,False,False
ENSG00000120699,ENSG00000120699,EXOSC8,9303,True,0.3334930177576257,1.7560733068271366,0.16431615,60,False,False,False,False,False,False,False,False
ENSG00000172175,ENSG00000172175,MALT1,8358,True,0.2921469164801056,1.7508740495234107,0.16212627,60,False,False,False,False,False,False,False,False
ENSG00000203879,ENSG00000203879,GDI1,3993,True,0.14499229256500154,1.7317550838891906,0.15745169,60,False,False,False,False,False,False,False,False
ENSG00000155508,ENSG00000155508,CNOT8,6575,True,0.235538239417021,1.728549033246917,0.15716639,60,False,False,False,False,False,False,False,False
ENSG00000138138,ENSG00000138138,ATAD1,3702,True,0.13701801593919735,1.728546772218644,0.1541289,60,False,False,False,False,False,False,False,False
ENSG00000168297,ENSG00000168297,PXK,8305,True,0.2863053591350486,1.7426362504207566,0.14211531,60,False,False,False,False,False,False,False,False
ENSG00000167615,ENSG00000167615,LENG8,7812,True,0.27272581740308904,1.7346349700007826,0.06880698,60,False,False,False,False,False,False,False,False
ENSG00000165716,ENSG00000165716,DIPK1B,279,True,0.012625461340193562,1.5847142299002714,0.48576832,59,False,False,False,False,False,False,False,False
ENSG00000154721,ENSG00000154721,JAM2,332,True,0.015247184123661927,1.5840640382079565,0.4199391,59,False,False,False,False,False,False,False,False
ENSG00000239941,ENSG00000239941,LINC02917,339,True,0.014907549359136645,1.7261463540686144,0.40266877,59,False,False,False,False,False,False,False,False
ENSG00000170954,ENSG00000170954,ZNF415,332,True,0.014205637986370019,1.5221624751792802,0.3656617,59,False,False,False,False,False,False,False,False
ENSG00000228835,ENSG00000228835,ENSG00000228835,330,True,0.015519845386937693,1.6741233404333706,0.36213812,59,False,False,False,False,False,False,False,False
ENSG00000158887,ENSG00000158887,MPZ,309,True,0.012988880122875263,1.5817541257325645,0.35797238,59,False,False,False,False,False,False,False,False
ENSG00000138592,ENSG00000138592,USP8,11797,True,0.4047718861690736,1.7849509437622524,0.35706517,59,False,False,False,False,False,False,False,False
ENSG00000177112,ENSG00000177112,IRAG1-AS1,1328,True,0.054599567146963526,1.765121571710587,0.34095776,59,False,False,False,False,False,False,False,False
ENSG00000075336,ENSG00000075336,TIMM21,1297,True,0.04995076572548955,1.7701907099011833,0.3404453,59,False,False,False,False,False,False,False,False
ENSG00000149527,ENSG00000149527,PLCH2,556,True,0.02297837590253132,1.6279862035602257,0.3380642,59,False,False,False,False,False,False,False,False
ENSG00000237499,ENSG00000237499,WAKMAR2,1601,True,0.06200634492261847,1.7616755780985387,0.334476,59,False,False,False,False,False,False,False,False
ENSG00000260493,ENSG00000260493,E2F5-DT,460,True,0.020144986490269676,1.7147477985306452,0.33205998,59,False,False,False,False,False,False,False,False
ENSG00000197299,ENSG00000197299,BLM,1962,True,0.07618004983836006,1.7697935476330657,0.33090416,59,False,False,False,False,False,False,False,False
ENSG00000157107,ENSG00000157107,FCHO2,592,True,0.023885443279892074,1.709868732630283,0.33040163,59,False,False,False,False,False,False,False,False
ENSG00000272829,ENSG00000272829,ENSG00000272829,546,True,0.023779816999526193,1.741154822354825,0.32967642,59,False,False,False,False,False,False,False,False
ENSG00000117228,ENSG00000117228,GBP1,2332,True,0.0886859491744576,1.7692251092111695,0.3290028,59,False,False,False,False,False,False,False,True
ENSG00000151611,ENSG00000151611,MMAA,766,True,0.030730739713880507,1.6863479468169305,0.32821557,59,False,False,False,False,False,False,False,False
ENSG00000105865,ENSG00000105865,DUS4L,1685,True,0.0656637630377054,1.765612331524103,0.31520677,59,False,False,False,False,False,False,False,False
ENSG00000171649,ENSG00000171649,ZIK1,574,True,0.0236912434881568,1.6487254661553856,0.31309435,59,False,False,False,False,False,False,False,False
ENSG00000257303,ENSG00000257303,CNPY2-AS1,1530,True,0.061478754627155414,1.7600004043917503,0.30907768,59,False,False,False,False,False,False,False,False
ENSG00000124731,ENSG00000124731,TREM1,1205,True,0.04583436931667066,1.7331506659462677,0.30630162,59,False,False,False,False,False,False,False,False
ENSG00000139350,ENSG00000139350,NEDD1,2092,True,0.07881004384649971,1.7634422348324923,0.30460748,59,False,False,False,False,False,False,False,False
ENSG00000156273,ENSG00000156273,BACH1,9731,True,0.3282399412348446,1.769359570355143,0.30333284,59,False,False,False,False,False,False,False,False
ENSG00000083454,ENSG00000083454,P2RX5,29154,True,0.8738711096277683,1.8187229899114785,0.30166948,59,False,False,False,False,False,False,False,False
ENSG00000131115,ENSG00000131115,ZNF227,1567,True,0.060505647437443424,1.7563984046876278,0.30096605,59,False,False,False,False,False,False,False,False
ENSG00000240710,ENSG00000240710,ENSG00000240710,416,True,0.01650452302662369,1.5852631222553442,0.29904538,59,False,False,False,False,False,False,False,False
ENSG00000163249,ENSG00000163249,CCNYL1,1005,True,0.03913593003763169,1.7521570836214315,0.2972625,59,False,False,False,False,False,False,False,False
ENSG00000128000,ENSG00000128000,ZNF780B,1810,True,0.07253830163302873,1.7624706271582442,0.2960886,59,False,False,False,False,False,False,False,False
ENSG00000160219,ENSG00000160219,GAB3,1118,True,0.04300321860874618,1.7633452835004164,0.29509592,59,False,False,False,False,False,False,False,False
ENSG00000272288,ENSG00000272288,ILRUN-AS1,1842,True,0.074224237250223,1.75838693651846,0.29460397,59,False,False,False,False,False,False,False,False
ENSG00000028277,ENSG00000028277,POU2F2,32588,True,0.9603097848787345,1.830531866960098,0.29354697,59,False,False,False,False,False,False,False,False
ENSG00000258325,ENSG00000258325,ITFG2-AS1,874,True,0.03445500040954425,1.7274739263453156,0.2922935,59,False,False,False,False,False,False,False,False
ENSG00000251369,ENSG00000251369,ZNF550,1214,True,0.04690274058235014,1.7602772603917962,0.29158643,59,False,False,False,False,False,False,False,False
ENSG00000135837,ENSG00000135837,CEP350,10570,True,0.35490393091507044,1.7692108292531292,0.29094243,59,False,False,False,False,False,False,False,False
ENSG00000235169,ENSG00000235169,SMIM1,833,True,0.03298191032214902,1.7534600908218685,0.29009998,59,False,False,False,False,False,False,False,False
ENSG00000120802,ENSG00000120802,TMPO,11338,True,0.3873182648822062,1.7782729537355335,0.28912532,59,False,False,False,False,False,False,False,False
ENSG00000164880,ENSG00000164880,INTS1,1657,True,0.06272999110726357,1.7596995397444566,0.2863024,59,False,False,False,False,False,False,False,False
ENSG00000110318,ENSG00000110318,CEP126,1304,True,0.052978560098126494,1.754829690546359,0.28380412,59,False,False,False,False,False,False,False,False
ENSG00000185917,ENSG00000185917,SETD4,1667,True,0.06429869962186646,1.7552397972848952,0.28365985,59,False,False,False,False,False,False,False,False
ENSG00000102910,ENSG00000102910,LONP2,10786,True,0.37234675561227637,1.7756252011817715,0.2833837,59,False,False,False,False,False,False,False,False
ENSG00000143190,ENSG00000143190,POU2F1,5009,True,0.17967625944400706,1.7553975994879543,0.28292152,59,False,False,False,False,False,False,False,False
ENSG00000123219,ENSG00000123219,CENPK,2264,True,0.08662474009110957,1.7548390873523998,0.28218943,59,False,False,False,False,False,False,False,False
ENSG00000101928,ENSG00000101928,MOSPD1,1863,True,0.07157611673298515,1.7539713617946908,0.28142115,59,False,False,False,False,False,False,False,False
ENSG00000149636,ENSG00000149636,DSN1,1588,True,0.059313226544103675,1.7539938765757563,0.28119078,59,False,False,False,False,False,False,False,False
ENSG00000178229,ENSG00000178229,ZNF543,572,True,0.022971113615911996,1.6338384766293812,0.28070337,59,False,False,False,False,False,False,False,False
ENSG00000259494,ENSG00000259494,MRPL46,3179,True,0.12002266429615295,1.754431731305992,0.2793417,59,False,False,False,False,False,False,False,False
ENSG00000102547,ENSG00000102547,CAB39L,635,True,0.02497164220084679,1.720470348270962,0.27890673,59,False,False,False,False,False,False,False,False
ENSG00000095066,ENSG00000095066,HOOK2,3077,True,0.11396702219881223,1.7553745381350274,0.27832204,59,False,False,False,False,False,False,False,False
ENSG00000066651,ENSG00000066651,TRMT11,2155,True,0.0813586343373889,1.7536408494306224,0.277556,59,False,False,False,False,False,False,False,False
ENSG00000104219,ENSG00000104219,ZDHHC2,3023,True,0.12277171757715527,1.752615282093605,0.27629855,59,False,False,False,False,False,False,False,False
ENSG00000152926,ENSG00000152926,ZNF117,1090,True,0.0410812357560198,1.6980970861894713,0.2740432,59,False,False,False,False,False,False,False,False
ENSG00000120334,ENSG00000120334,CENPL,1248,True,0.04729552732468638,1.7447623299402755,0.27347958,59,False,False,False,False,False,False,False,False
ENSG00000102543,ENSG00000102543,CDADC1,1603,True,0.061645888773993636,1.7571537674464535,0.27195427,59,False,False,False,False,False,False,False,False
ENSG00000181544,ENSG00000181544,FANCB,1237,True,0.05129809931330101,1.745855270996099,0.2715522,59,False,False,False,False,False,False,False,False
ENSG00000269038,ENSG00000269038,SF1-DT,710,True,0.029341503040165137,1.7351071427176459,0.27067015,59,False,False,False,False,False,False,False,False
ENSG00000226742,ENSG00000226742,HSBP1L1,1137,True,0.04495642623665929,1.7535102635839417,0.27025536,59,False,False,False,False,False,False,False,False
ENSG00000130227,ENSG00000130227,XPO7,1845,True,0.06969227452655657,1.748829533543563,0.2701823,59,False,False,False,False,False,False,False,False
ENSG00000117090,ENSG00000117090,SLAMF1,1749,True,0.06574748564420123,1.7482805371427041,0.26720932,59,False,False,False,False,False,False,False,False
ENSG00000198890,ENSG00000198890,PRMT6,792,True,0.03171500774698588,1.7335407181667555,0.26697943,59,False,False,False,False,False,False,False,False
ENSG00000138443,ENSG00000138443,ABI2,2062,True,0.07792397041231262,1.7508500069301105,0.26517552,59,False,False,False,False,False,False,False,False
ENSG00000104863,ENSG00000104863,LIN7B,1248,True,0.051022255170273215,1.7537877242955064,0.26481152,59,False,False,False,False,False,False,False,False
ENSG00000139160,ENSG00000139160,ETFBKMT,492,True,0.020903542720520002,1.7288018611627225,0.26398748,59,False,False,False,False,False,False,False,False
ENSG00000169155,ENSG00000169155,ZBTB43,3218,True,0.11840370583432089,1.7495985228895825,0.26372406,59,False,False,False,False,False,False,False,False
ENSG00000178397,ENSG00000178397,FAM220A,905,True,0.037274665546388974,1.7541923499854724,0.26325712,59,False,False,False,False,False,False,False,False
ENSG00000141378,ENSG00000141378,PTRH2,1574,True,0.060444647843224696,1.7523722867784988,0.26266605,59,False,False,False,False,False,False,False,False
ENSG00000241127,ENSG00000241127,YAE1,961,True,0.04104354905526856,1.7535241046607462,0.2621731,59,False,False,False,False,False,False,False,False
ENSG00000062725,ENSG00000062725,APPBP2,2887,True,0.10684366066999586,1.7516528733656465,0.26044878,59,False,False,False,False,False,False,False,False
ENSG00000231074,ENSG00000231074,HCG18,4400,True,0.16397036382623792,1.7533119203652954,0.25868788,59,False,False,False,False,False,False,False,False
ENSG00000144040,ENSG00000144040,SFXN5,1028,True,0.039487251788866445,1.7502528480219353,0.2577304,59,False,False,False,False,False,False,False,False
ENSG00000132274,ENSG00000132274,TRIM22,19152,True,0.6293659708441763,1.7918712222608086,0.25693756,59,False,False,False,False,False,False,False,False
ENSG00000226899,ENSG00000226899,ENSG00000226899,1314,True,0.05698937498803987,1.7507131468081172,0.25383776,59,False,False,False,False,False,False,False,False
ENSG00000214655,ENSG00000214655,ZSWIM8,1972,True,0.07530056580966378,1.747120137350073,0.2535724,59,False,False,False,False,False,False,False,False
ENSG00000185829,ENSG00000185829,ARL17A,2726,True,0.10096526874827289,1.7473894422983924,0.25272566,59,False,False,False,False,False,False,False,False
ENSG00000149218,ENSG00000149218,ENDOD1,1992,True,0.07669186837614647,1.7525980389581741,0.2522285,59,False,False,False,False,False,False,False,False
ENSG00000257315,ENSG00000257315,ZBED6,3869,True,0.13683704970268115,1.7490392808089028,0.25166962,59,False,False,False,False,False,False,False,False
ENSG00000119729,ENSG00000119729,RHOQ,4726,True,0.1700227566533713,1.74897884309393,0.25140402,59,False,False,False,False,False,False,False,False
ENSG00000109320,ENSG00000109320,NFKB1,3424,True,0.12778076358349308,1.7461672398012598,0.24990742,59,False,False,False,False,False,False,False,False
ENSG00000142784,ENSG00000142784,WDTC1,2212,True,0.08382430017641397,1.7510172686502765,0.24867149,59,False,False,False,False,False,False,False,False
ENSG00000226471,ENSG00000226471,ENSG00000226471,1505,True,0.05648260256237858,1.7477618548701062,0.24850428,59,False,False,False,False,False,False,False,False
ENSG00000136738,ENSG00000136738,STAM,1545,True,0.060194778397582804,1.7492149130306338,0.24725229,59,False,False,False,False,False,False,False,False
ENSG00000100450,ENSG00000100450,GZMH,3922,True,0.14965279531737027,1.7496550345834598,0.2467112,59,False,False,False,False,False,False,False,False
ENSG00000261766,ENSG00000261766,ENSG00000261766,935,True,0.03570670142799343,1.7164067977567024,0.24636963,59,False,False,False,False,False,False,False,False
ENSG00000155304,ENSG00000155304,HSPA13,2086,True,0.07823111483142275,1.7442106573058807,0.24626909,59,False,False,False,False,False,False,False,False
ENSG00000136141,ENSG00000136141,LRCH1,2953,True,0.1108260517300364,1.7463619543406528,0.24623129,59,False,False,False,False,False,False,False,False
ENSG00000189362,ENSG00000189362,NEMP2,795,True,0.03186024174881046,1.7310293261489003,0.24599472,59,False,False,False,False,False,False,False,False
ENSG00000203747,ENSG00000203747,FCGR3A,2846,True,0.10620091266828124,1.7473633540948237,0.24577534,59,False,False,False,False,False,False,False,False
ENSG00000163291,ENSG00000163291,PAQR3,1122,True,0.04685922540668796,1.7432386736144563,0.24545951,59,False,False,False,False,False,False,False,False
ENSG00000141580,ENSG00000141580,WDR45B,6776,True,0.24488949021900092,1.7475739358288584,0.24520768,59,False,False,False,False,False,False,False,False
ENSG00000197818,ENSG00000197818,SLC9A8,1869,True,0.07074747149208584,1.7489394803495544,0.2450739,59,False,False,False,False,False,False,False,False
ENSG00000101577,ENSG00000101577,LPIN2,2341,True,0.08875661934242479,1.7456575268176657,0.24373621,59,False,False,False,False,False,False,False,False
ENSG00000130150,ENSG00000130150,MOSPD2,1439,True,0.05642842331448865,1.748271875331431,0.24325892,59,False,False,False,False,False,False,False,False
ENSG00000136144,ENSG00000136144,RCBTB1,1270,True,0.049795682804076244,1.7485392273096247,0.24322775,59,False,False,False,False,False,False,False,False
ENSG00000105808,ENSG00000105808,RASA4,1787,True,0.06760402914222466,1.746319897446744,0.24298653,59,False,False,False,False,False,False,False,False
ENSG00000096093,ENSG00000096093,EFHC1,4165,True,0.15526974105047284,1.7495395039619281,0.24270497,59,False,False,False,False,False,False,False,False
ENSG00000197056,ENSG00000197056,ZMYM1,1813,True,0.07104945092381658,1.7465118967565245,0.24241926,59,False,False,False,False,False,False,False,False
ENSG00000102781,ENSG00000102781,KATNAL1,1148,True,0.04396272878969381,1.7401323677858884,0.24210177,59,False,False,False,False,False,False,False,False
ENSG00000135900,ENSG00000135900,MRPL44,7728,True,0.27398053764963026,1.7435185223495653,0.24171773,59,False,False,False,False,False,False,False,False
ENSG00000214367,ENSG00000214367,HAUS3,2971,True,0.111957551214017,1.7487027056911826,0.24137343,59,False,False,False,False,False,False,False,False
ENSG00000115211,ENSG00000115211,EIF2B4,3549,True,0.13561678200763103,1.7459252459405796,0.24090478,59,False,False,False,False,False,False,False,False
ENSG00000100416,ENSG00000100416,TRMU,2434,True,0.09205724470646783,1.7508798119609972,0.23819996,59,False,False,False,False,False,False,False,False
ENSG00000141905,ENSG00000141905,NFIC,2723,True,0.10011739348031332,1.7451083355976496,0.23812738,59,False,False,False,False,False,False,False,False
ENSG00000163684,ENSG00000163684,RPP14,2775,True,0.10130635194527217,1.7428197772036769,0.23605248,59,False,False,False,False,False,False,False,False
ENSG00000111846,ENSG00000111846,GCNT2,2594,True,0.09469787939040618,1.7406995025733962,0.23579699,59,False,False,False,False,False,False,False,False
ENSG00000168802,ENSG00000168802,CHTF8,4954,True,0.1803439145528746,1.7458257579330976,0.23568669,59,False,False,False,False,False,False,False,False
ENSG00000213463,ENSG00000213463,SYNJ2BP,3371,True,0.12447588687993281,1.7472971583343584,0.23551238,59,False,False,False,False,False,False,False,False
ENSG00000172301,ENSG00000172301,COPRS,2805,True,0.10743064721559907,1.745555994326925,0.23541062,59,False,False,False,False,False,False,False,False
ENSG00000152223,ENSG00000152223,EPG5,1559,True,0.06201877500394999,1.7451206121410523,0.2350453,59,False,False,False,False,False,False,False,False
ENSG00000166130,ENSG00000166130,IKBIP,2540,True,0.0932891628219834,1.7423706054113632,0.23454505,59,False,False,False,False,False,False,False,False
ENSG00000081014,ENSG00000081014,AP4E1,1638,True,0.0628055588400265,1.7482735361745583,0.23420729,59,False,False,False,False,False,False,False,False
ENSG00000111145,ENSG00000111145,ELK3,2649,True,0.09760189953576286,1.7419365095445976,0.23416738,59,False,False,False,False,False,False,False,False
ENSG00000165494,ENSG00000165494,PCF11,11670,True,0.39504712951921267,1.7694587769311765,0.23394744,59,False,False,False,False,False,False,False,False
ENSG00000174197,ENSG00000174197,MGA,2985,True,0.11178489181965007,1.744529351870546,0.2338772,59,False,False,False,False,False,False,False,False
ENSG00000010539,ENSG00000010539,ZNF200,651,True,0.02552443294912583,1.7133128658725847,0.23313096,59,False,False,False,False,False,False,False,False
ENSG00000122965,ENSG00000122965,RBM19,3383,True,0.12753861722502008,1.7450531083059744,0.23311113,59,False,False,False,False,False,False,False,False
ENSG00000197070,ENSG00000197070,ARRDC1,5292,True,0.19500818388428895,1.7481788166664074,0.23308313,59,False,False,False,False,False,False,False,False
ENSG00000188895,ENSG00000188895,MSL1,3209,True,0.1221535789923711,1.7457371379109687,0.23256205,59,False,False,False,False,False,False,False,False
ENSG00000127989,ENSG00000127989,MTERF1,1593,True,0.060567848065246,1.7455936692744844,0.23158994,59,False,False,False,False,False,False,False,False
ENSG00000168591,ENSG00000168591,TMUB2,6760,True,0.24205959845227165,1.7469596320084662,0.2307919,59,False,False,False,False,False,False,False,False
ENSG00000164494,ENSG00000164494,PDSS2,2215,True,0.08662252425537181,1.746273718440628,0.23050778,59,False,False,False,False,False,False,False,False
ENSG00000163867,ENSG00000163867,ZMYM6,2336,True,0.08549417270682193,1.7448460500807272,0.23022942,59,False,False,False,False,False,False,False,False
ENSG00000134905,ENSG00000134905,CARS2,3863,True,0.13986430599469504,1.7448775158801242,0.23011145,59,False,False,False,False,False,False,False,False
ENSG00000188342,ENSG00000188342,GTF2F2,4362,True,0.15526674341139832,1.7434607797467137,0.22968528,59,False,False,False,False,False,False,False,False
ENSG00000175279,ENSG00000175279,CENPS,957,True,0.03725963354670793,1.736306912605018,0.22958042,59,False,False,False,False,False,False,False,False
ENSG00000162869,ENSG00000162869,PPP1R21,3768,True,0.14078561288814806,1.7443594678547016,0.22875836,59,False,False,False,False,False,False,False,False
ENSG00000148296,ENSG00000148296,SURF6,3021,True,0.11754900185408078,1.7433615115538104,0.22795627,59,False,False,False,False,False,False,False,False
ENSG00000121350,ENSG00000121350,PYROXD1,3311,True,0.11899833360221218,1.7458268877364729,0.22780521,59,False,False,False,False,False,False,False,False
ENSG00000172543,ENSG00000172543,CTSW,4968,True,0.17469532813396565,1.7469041494934636,0.22740504,59,False,False,False,False,False,False,False,False
ENSG00000146232,ENSG00000146232,NFKBIE,3621,True,0.1299138846294929,1.7418117269594513,0.22707699,59,False,False,False,False,False,False,False,False
ENSG00000104497,ENSG00000104497,SNX16,987,True,0.03881315600724967,1.7411133802041137,0.22543344,59,False,False,False,False,False,False,False,False
ENSG00000116698,ENSG00000116698,SMG7,3591,True,0.13055191396731422,1.741359993754886,0.22513236,59,False,False,False,False,False,False,False,False
ENSG00000213079,ENSG00000213079,SCAF8,2648,True,0.09576141798140761,1.745128623632683,0.22327544,59,False,False,False,False,False,False,False,False
ENSG00000186407,ENSG00000186407,CD300E,1187,True,0.04600890472448015,1.7441827521769502,0.22323765,59,False,False,False,False,False,False,False,False
ENSG00000184619,ENSG00000184619,KRBA2,435,True,0.01734313640731044,1.69946556966135,0.22304524,59,False,False,False,False,False,False,False,False
ENSG00000040341,ENSG00000040341,STAU2,3609,True,0.13654711745643416,1.742343187890053,0.22285733,59,False,False,False,False,False,False,False,False
ENSG00000092931,ENSG00000092931,MFSD11,3260,True,0.1208570586194468,1.7435618745485755,0.22201513,59,False,False,False,False,False,False,False,False
ENSG00000185359,ENSG00000185359,HGS,3564,True,0.12745128398551495,1.7425402677520077,0.22184616,59,False,False,False,False,False,False,False,False
ENSG00000174738,ENSG00000174738,NR1D2,3451,True,0.12957893566795242,1.7416389318647594,0.22113141,59,False,False,False,False,False,False,False,False
ENSG00000092439,ENSG00000092439,TRPM7,4702,True,0.1648459792146625,1.7411172695004011,0.22070019,59,False,False,False,False,False,False,False,False
ENSG00000124444,ENSG00000124444,ZNF576,1136,True,0.04352547459893405,1.7423074646733467,0.22044078,59,False,False,False,False,False,False,False,False
ENSG00000107625,ENSG00000107625,DDX50,7628,True,0.268254728482356,1.7572601205236345,0.22027835,59,False,False,False,False,False,False,False,False
ENSG00000145439,ENSG00000145439,CBR4,5765,True,0.2076351735692434,1.7419197422555668,0.22021356,59,False,False,False,False,False,False,False,False
ENSG00000165733,ENSG00000165733,BMS1,5526,True,0.197571464393838,1.7403595501911346,0.21845125,59,False,False,False,False,False,False,False,False
ENSG00000135336,ENSG00000135336,ORC3,3611,True,0.13614344525286504,1.7413784706050501,0.218208,59,False,False,False,False,False,False,False,False
ENSG00000167685,ENSG00000167685,ZNF444,1965,True,0.07448260239040815,1.743265962817195,0.21805722,59,False,False,False,False,False,False,False,False
ENSG00000109118,ENSG00000109118,PHF12,2770,True,0.10231580566595118,1.7410601496404114,0.21748509,59,False,False,False,False,False,False,False,False
ENSG00000117758,ENSG00000117758,STX12,4972,True,0.17910984400928265,1.740314552110528,0.21745633,59,False,False,False,False,False,False,False,False
ENSG00000163364,ENSG00000163364,LINC01116,2944,True,0.12353645706385481,1.7430244738568015,0.21720661,59,False,False,False,False,False,False,False,False
ENSG00000132356,ENSG00000132356,PRKAA1,7545,True,0.26431137543616184,1.7443777573910397,0.21714899,59,False,False,False,False,False,False,False,False
ENSG00000020577,ENSG00000020577,SAMD4A,1450,True,0.06056752467007293,1.7413630251435028,0.21704611,59,False,False,False,False,False,False,False,False
ENSG00000174652,ENSG00000174652,ZNF266,2185,True,0.08010403256597644,1.739920432893411,0.21696222,59,False,False,False,False,False,False,False,False
ENSG00000148634,ENSG00000148634,HERC4,6592,True,0.23476555342435648,1.7495397400250743,0.21661803,59,False,False,False,False,False,False,False,False
ENSG00000146350,ENSG00000146350,TBC1D32,1110,True,0.0429638784321053,1.7405306087920922,0.21613082,59,False,False,False,False,False,False,False,False
ENSG00000154813,ENSG00000154813,DPH3,5007,True,0.18928120551256242,1.739459328984862,0.21574576,59,False,False,False,False,False,False,False,False
ENSG00000260274,ENSG00000260274,ENSG00000260274,919,True,0.037011322937751785,1.709575155196336,0.21543118,59,False,False,False,False,False,False,False,False
ENSG00000134046,ENSG00000134046,MBD2,4670,True,0.16950339376152831,1.7404495056905602,0.21375754,59,False,False,False,False,False,False,False,False
ENSG00000163964,ENSG00000163964,PIGX,2957,True,0.1093498381409742,1.7421413559105126,0.21367091,59,False,False,False,False,False,False,False,False
ENSG00000064703,ENSG00000064703,DDX20,2231,True,0.084141193108338,1.7404266990335076,0.21334377,59,False,False,False,False,False,False,False,False
ENSG00000148153,ENSG00000148153,INIP,2838,True,0.1080714357460077,1.7406420921319097,0.21305911,59,False,False,False,False,False,False,False,False
ENSG00000149212,ENSG00000149212,SESN3,5357,True,0.1888400228975061,1.7382245291886946,0.21216547,59,False,False,False,False,False,False,False,False
ENSG00000196449,ENSG00000196449,YRDC,2729,True,0.10464833497752456,1.7416932524628281,0.21082838,59,False,False,False,False,False,False,False,False
ENSG00000068400,ENSG00000068400,GRIPAP1,5772,True,0.20379497892761667,1.7426092284484298,0.21033145,59,False,False,False,False,False,False,False,False
ENSG00000122674,ENSG00000122674,CCZ1,6891,True,0.2446435376273184,1.741513924230589,0.21020685,59,False,False,False,False,False,False,False,False
ENSG00000165792,ENSG00000165792,METTL17,4807,True,0.17393391314656662,1.7375580622194329,0.21004121,59,False,False,False,False,False,False,False,False
ENSG00000100221,ENSG00000100221,JOSD1,4597,True,0.1684301005651536,1.7391187045216405,0.20996605,59,False,False,False,False,False,False,False,False
ENSG00000141452,ENSG00000141452,RMC1,3704,True,0.13768260273555025,1.7399694181305696,0.2096496,59,False,False,False,False,False,False,False,False
ENSG00000143614,ENSG00000143614,GATAD2B,3913,True,0.1400105704175664,1.7421477326694303,0.2094566,59,False,False,False,False,False,False,False,False
ENSG00000186432,ENSG00000186432,KPNA4,6059,True,0.2167408687675583,1.7449358923797953,0.20926462,59,False,False,False,False,False,False,False,False
ENSG00000176783,ENSG00000176783,RUFY1,5035,True,0.18496180732789674,1.7386266247068958,0.20864223,59,False,False,False,False,False,False,False,False
ENSG00000215375,ENSG00000215375,MYL5,2042,True,0.07674174625618682,1.739989012297977,0.2085798,59,False,False,False,False,False,False,False,False
ENSG00000110851,ENSG00000110851,PRDM4,4365,True,0.15847510100867498,1.7408215984424331,0.20772927,59,False,False,False,False,False,False,False,False
ENSG00000068745,ENSG00000068745,IP6K2,7927,True,0.28456770939258597,1.7520634351070603,0.2075992,59,False,False,False,False,False,False,False,False
ENSG00000164751,ENSG00000164751,PEX2,5147,True,0.18923681062824105,1.7387486595713306,0.20757107,59,False,False,False,False,False,False,False,False
ENSG00000167904,ENSG00000167904,TMEM68,2185,True,0.08535181041854706,1.7383386051567329,0.20753421,59,False,False,False,False,False,False,False,False
ENSG00000101911,ENSG00000101911,PRPS2,4822,True,0.176861099498735,1.7382425434591686,0.20720835,59,False,False,False,False,False,False,False,False
ENSG00000124486,ENSG00000124486,USP9X,5085,True,0.18026195583936647,1.7392331318933716,0.2066605,59,False,False,False,False,False,False,False,False
ENSG00000104689,ENSG00000104689,TNFRSF10A,2154,True,0.07891704326656064,1.710896460385601,0.20620291,59,False,False,False,False,False,False,False,False
ENSG00000134986,ENSG00000134986,NREP,846,True,0.033959687555690454,1.7390293352236272,0.20617092,59,False,False,False,False,False,False,False,False
ENSG00000145191,ENSG00000145191,EIF2B5,5651,True,0.20573062510539353,1.7372019824299263,0.20599791,59,False,False,False,False,False,False,False,False
ENSG00000116584,ENSG00000116584,ARHGEF2,5337,True,0.18907454618468608,1.7367620444728653,0.20512591,59,False,False,False,False,False,False,False,False
ENSG00000068724,ENSG00000068724,TTC7A,4196,True,0.14839044051500047,1.7387258271961519,0.20484403,59,False,False,False,False,False,False,False,False
ENSG00000205765,ENSG00000205765,RIMOC1,1908,True,0.0728079570173424,1.7372258097588116,0.20451868,59,False,False,False,False,False,False,False,False
ENSG00000163156,ENSG00000163156,SCNM1,8869,True,0.31360300089746923,1.7572416055202644,0.20417786,59,False,False,False,False,False,False,False,False
ENSG00000140829,ENSG00000140829,DHX38,3455,True,0.1275808230520247,1.737634462699332,0.20383549,59,False,False,False,False,False,False,False,False
ENSG00000134644,ENSG00000134644,PUM1,6842,True,0.25151863610613423,1.7575501115170937,0.2033109,59,False,False,False,False,False,False,False,False
ENSG00000233527,ENSG00000233527,ZNF529-AS1,1014,True,0.041763846380915896,1.7356123648843562,0.20266062,59,False,False,False,False,False,False,False,False
ENSG00000171204,ENSG00000171204,TMEM126B,7527,True,0.26550588272579306,1.7417892567857216,0.20257883,59,False,False,False,False,False,False,False,False
ENSG00000108094,ENSG00000108094,CUL2,3121,True,0.11476799170377999,1.7375382266251853,0.20235178,59,False,False,False,False,False,False,False,False
ENSG00000214087,ENSG00000214087,ARL16,7026,True,0.2522454867248521,1.742276970998087,0.20180318,59,False,False,False,False,False,False,False,False
ENSG00000181904,ENSG00000181904,C5orf24,8135,True,0.28485447917936463,1.7470423192442432,0.20148367,59,False,False,False,False,False,False,False,False
ENSG00000156599,ENSG00000156599,ZDHHC5,2035,True,0.07332239362230905,1.7363595099484825,0.20146568,59,False,False,False,False,False,False,False,False
ENSG00000249592,ENSG00000249592,PCGF3-AS1,1029,True,0.03747135839949562,1.7103552439866154,0.20113072,59,False,False,False,False,False,False,False,False
ENSG00000170448,ENSG00000170448,NFXL1,1501,True,0.05584696401308064,1.73261077950309,0.19911753,59,False,False,False,False,False,False,False,False
ENSG00000106404,ENSG00000106404,CLDN15,906,True,0.03364619596922751,1.645618046550433,0.19877179,59,False,False,False,False,False,False,False,False
ENSG00000178307,ENSG00000178307,TMEM11,4381,True,0.16268944489784565,1.7379478989252255,0.19857793,59,False,False,False,False,False,False,False,False
ENSG00000173207,ENSG00000173207,CKS1B,6950,True,0.2598926108812662,1.73822880776461,0.19711392,59,False,False,False,False,False,False,False,False
ENSG00000127870,ENSG00000127870,RNF6,3867,True,0.14031164800143717,1.736601548282106,0.19698408,59,False,False,False,False,False,False,False,False
ENSG00000146282,ENSG00000146282,RARS2,3538,True,0.12945482271393544,1.735152038617079,0.19641644,59,False,False,False,False,False,False,False,False
ENSG00000153046,ENSG00000153046,CDYL,1699,True,0.06386517183615723,1.735403194682622,0.19544598,59,False,False,False,False,False,False,False,False
ENSG00000061938,ENSG00000061938,TNK2,2856,True,0.10490623970202934,1.7362815581218236,0.19439922,59,False,False,False,False,False,False,False,False
ENSG00000131263,ENSG00000131263,RLIM,2584,True,0.09641332994646264,1.7354581713744848,0.19392042,59,False,False,False,False,False,False,False,False
ENSG00000123552,ENSG00000123552,USP45,1868,True,0.07052214947967518,1.7348467572432087,0.19353274,59,False,False,False,False,False,False,False,False
ENSG00000121058,ENSG00000121058,COIL,7993,True,0.2858749094704249,1.7538332871156768,0.1928963,59,False,False,False,False,False,False,False,False
ENSG00000188906,ENSG00000188906,LRRK2,5304,True,0.19128036674280818,1.7355873841893625,0.19262366,59,False,False,False,False,False,False,False,False
ENSG00000055130,ENSG00000055130,CUL1,3882,True,0.1388038985366406,1.735449530309522,0.19144425,59,False,False,False,False,False,False,False,False
ENSG00000104825,ENSG00000104825,NFKBIB,4422,True,0.15788597048287653,1.7345524044084437,0.19010289,59,False,False,False,False,False,False,False,False
ENSG00000116213,ENSG00000116213,WRAP73,2216,True,0.08317962588997473,1.73460626146181,0.1900567,59,False,False,False,False,False,False,False,False
ENSG00000105053,ENSG00000105053,VRK3,7019,True,0.2477768950047303,1.7397185821230776,0.18881814,59,False,False,False,False,False,False,False,False
ENSG00000107949,ENSG00000107949,BCCIP,6865,True,0.2414245245567568,1.7340800613569707,0.18809682,59,False,False,False,False,False,False,False,False
ENSG00000076242,ENSG00000076242,MLH1,2375,True,0.08818710562943115,1.7265686988245792,0.18669954,59,False,False,False,False,False,False,False,False
ENSG00000143889,ENSG00000143889,HNRNPLL,635,True,0.0245942445903118,1.728541279704004,0.1856846,59,False,False,False,False,False,False,False,False
ENSG00000197249,ENSG00000197249,SERPINA1,6701,True,0.24250976745643138,1.740766844823537,0.18552582,59,False,False,False,False,False,False,False,False
ENSG00000153048,ENSG00000153048,CARHSP1,8280,True,0.2888586937462836,1.74323627454437,0.1849485,59,False,False,False,False,False,False,False,False
ENSG00000239306,ENSG00000239306,RBM14,4650,True,0.16646874047741073,1.7365718775636927,0.18393198,59,False,False,False,False,False,False,False,False
ENSG00000100580,ENSG00000100580,TMED8,6310,True,0.22937725213616325,1.7369920782088704,0.18355134,59,False,False,False,False,False,False,False,False
ENSG00000184381,ENSG00000184381,PLA2G6,710,True,0.027021862182486502,1.6748029197642647,0.18030612,59,False,False,False,False,False,False,False,False
ENSG00000109814,ENSG00000109814,UGDH,1898,True,0.07211246238258319,1.7309029236175393,0.1794837,59,False,False,False,False,False,False,False,False
ENSG00000167895,ENSG00000167895,TMC8,7097,True,0.2451851456601293,1.7402564591551268,0.17932768,59,False,False,False,False,False,False,False,False
ENSG00000147251,ENSG00000147251,DOCK11,6994,True,0.2451451156123376,1.7465217199889955,0.17899084,59,False,False,False,False,False,False,False,False
ENSG00000184787,ENSG00000184787,UBE2G2,8009,True,0.27488786554815364,1.7432673473447828,0.17892812,59,False,False,False,False,False,False,False,False
ENSG00000160404,ENSG00000160404,TOR2A,2879,True,0.10568080584595033,1.7309830445498235,0.17844097,59,False,False,False,False,False,False,False,False
ENSG00000145029,ENSG00000145029,NICN1,1111,True,0.041411653980298356,1.7244733961542063,0.17768534,59,False,False,False,False,False,False,False,False
ENSG00000157837,ENSG00000157837,SPPL3,3096,True,0.1122014153681144,1.7289343562696133,0.17635143,59,False,False,False,False,False,False,False,False
ENSG00000177666,ENSG00000177666,PNPLA2,6721,True,0.2316655668060954,1.7335735175440852,0.17584652,59,False,False,False,False,False,False,False,False
ENSG00000087470,ENSG00000087470,DNM1L,5236,True,0.1828030860716374,1.7327099948930202,0.17567217,59,False,False,False,False,False,False,False,False
ENSG00000144744,ENSG00000144744,UBA3,6189,True,0.22059345519551854,1.730563220918931,0.1727982,59,False,False,False,False,False,False,False,False
ENSG00000112305,ENSG00000112305,SMAP1,7581,True,0.26531459104201305,1.7395409006593285,0.17036062,59,False,False,False,False,False,False,False,False
ENSG00000155849,ENSG00000155849,ELMO1,7182,True,0.2523151230117608,1.739081740926344,0.16929218,59,False,False,False,False,False,False,False,False
ENSG00000224397,ENSG00000224397,PELATON,1886,True,0.07094699688099085,1.7271086606679773,0.16717818,59,False,False,False,False,False,False,False,False
ENSG00000110200,ENSG00000110200,ANAPC15,7057,True,0.2527742773012047,1.7296369444585173,0.16651797,59,False,False,False,False,False,False,False,False
ENSG00000061794,ENSG00000061794,MRPS35,7927,True,0.2729162289197032,1.733461859726144,0.162978,59,False,False,False,False,False,False,False,False
ENSG00000117020,ENSG00000117020,AKT3,1612,True,0.06028589253410159,1.723382504110287,0.14960691,59,False,False,False,False,False,False,False,False
ENSG00000247950,ENSG00000247950,SEC24B-AS1,497,True,0.020634480911920775,1.7029082137122202,0.14709808,59,False,False,False,False,False,False,False,False
ENSG00000113391,ENSG00000113391,ARB2A,9018,True,0.3145129958512856,1.753934450908542,0.14709722,59,False,False,False,False,False,False,False,False
ENSG00000137070,ENSG00000137070,IL11RA,674,True,0.02569380664047283,1.6672473363835323,0.14213507,59,False,False,False,False,False,False,False,False
ENSG00000169057,ENSG00000169057,MECP2,7281,True,0.2640025185457521,1.740994641471449,0.13029452,59,False,False,False,False,False,False,False,False
ENSG00000171202,ENSG00000171202,TMEM126A,7645,True,0.2701806135098615,1.721752988501421,0.124022216,59,False,False,False,False,False,False,False,False
ENSG00000100473,ENSG00000100473,COCH,3641,True,0.1311830956829801,1.8144375016375676,0.57073987,58,False,False,False,False,False,False,False,False
ENSG00000259001,ENSG00000259001,ENSG00000259001,984,True,0.04365081753200125,1.807532438386243,0.53351676,58,False,False,False,False,False,False,False,False
ENSG00000269696,ENSG00000269696,ZNF470-DT,356,True,0.015809127317219212,1.6620967569596006,0.43726435,58,False,False,False,False,False,False,False,False
ENSG00000242474,ENSG00000242474,LINC03015,352,True,0.015901355788065983,1.7241865840045165,0.42504773,58,False,False,False,False,False,False,False,False
ENSG00000247363,ENSG00000247363,NUP107-DT,626,True,0.02632101784982073,1.7344735453515894,0.40448162,58,False,False,False,False,False,False,False,False
ENSG00000157657,ENSG00000157657,ZNF618,382,True,0.016135939491429694,1.607078361050185,0.3989879,58,False,False,False,False,False,False,False,False
ENSG00000229196,ENSG00000229196,LINC03008,661,True,0.027232733257304374,1.6980541297067668,0.37326646,58,False,False,False,False,False,False,False,False
ENSG00000228701,ENSG00000228701,TNKS2-DT,686,True,0.028767377308603216,1.7761147606762877,0.37272272,58,False,False,False,False,False,False,False,False
ENSG00000145908,ENSG00000145908,ZNF300,369,True,0.01563941629748136,1.652865328247885,0.33733827,58,False,False,False,False,False,False,False,False
ENSG00000166342,ENSG00000166342,NETO1,554,True,0.021959247598126168,1.7021731343241249,0.33676675,58,False,False,False,False,False,False,False,False
ENSG00000163029,ENSG00000163029,SMC6,14763,True,0.49133064393731873,1.7875698489225966,0.3283144,58,False,False,False,False,False,False,False,False
ENSG00000136250,ENSG00000136250,AOAH,1451,True,0.0550844522690174,1.7602901399838857,0.31728792,58,False,False,False,False,False,False,False,False
ENSG00000260625,ENSG00000260625,RUSF1-DT,501,True,0.022080557441862728,1.7423906264526712,0.3150871,58,False,False,False,False,False,False,False,False
ENSG00000167840,ENSG00000167840,ZNF232,718,True,0.029975839108496292,1.7377098619682323,0.31278995,58,False,False,False,False,False,False,False,False
ENSG00000198042,ENSG00000198042,MAK16,2270,True,0.08694731036831614,1.7657249996748183,0.3122708,58,False,False,False,False,False,False,False,False
ENSG00000273188,ENSG00000273188,ENSG00000273188,1176,True,0.04949606604410999,1.759170246789153,0.3120879,58,False,False,False,False,False,False,False,False
ENSG00000229999,ENSG00000229999,SGSM3-AS1,655,True,0.028258982996160645,1.7272428487778244,0.31172013,58,False,False,False,False,False,False,False,False
ENSG00000138709,ENSG00000138709,LARP1B,2505,True,0.09381408732774012,1.7575518610188856,0.30803904,58,False,False,False,False,False,False,False,False
ENSG00000099326,ENSG00000099326,MZF1,2163,True,0.081720728953653,1.7595890453597909,0.30512044,58,False,False,False,False,False,False,False,False
ENSG00000100601,ENSG00000100601,ALKBH1,873,True,0.034243487525372714,1.762574775342599,0.30164486,58,False,False,False,False,False,False,False,False
ENSG00000169047,ENSG00000169047,IRS1,432,True,0.017248202284956028,1.6241418718383338,0.29539943,58,False,False,False,False,False,False,False,False
ENSG00000165699,ENSG00000165699,TSC1,1570,True,0.05825882928065007,1.7591049991107406,0.29293975,58,False,False,False,False,False,False,False,False
ENSG00000215845,ENSG00000215845,TSTD1,44211,True,1.2466213991499764,1.8434295583963043,0.29153666,58,False,False,False,False,False,False,False,False
ENSG00000131944,ENSG00000131944,FAAP24,751,True,0.03009144377546713,1.7536001274747903,0.28854388,58,False,False,False,False,False,False,False,False
ENSG00000135241,ENSG00000135241,PNPLA8,11600,True,0.40090550369468775,1.7784604425649475,0.2873408,58,False,False,False,False,False,False,False,False
ENSG00000259877,ENSG00000259877,ZNF778-DT,334,True,0.013837493305866479,1.5930971333959492,0.2851929,58,False,False,False,False,False,False,False,False
ENSG00000005469,ENSG00000005469,CROT,819,True,0.03283729116970203,1.7268749762992563,0.28237915,58,False,False,False,False,False,False,False,False
ENSG00000162928,ENSG00000162928,PEX13,1974,True,0.0769169061869881,1.7544340949822554,0.28234768,58,False,False,False,False,False,False,False,False
ENSG00000162607,ENSG00000162607,USP1,9660,True,0.33417850945944483,1.7687990059992336,0.28039265,58,False,False,False,False,False,False,False,False
ENSG00000119772,ENSG00000119772,DNMT3A,1847,True,0.0690505598482233,1.7556822465336737,0.27920848,58,False,False,False,False,False,False,False,False
ENSG00000182670,ENSG00000182670,TTC3,24184,True,0.7518719576331833,1.807283828454525,0.27746484,58,False,False,False,False,False,False,False,False
ENSG00000197885,ENSG00000197885,NKIRAS1,653,True,0.027390292276333862,1.7461426786034489,0.27517152,58,False,False,False,False,False,False,False,False
ENSG00000225975,ENSG00000225975,ZNF567-DT,806,True,0.03526503108136236,1.75355342729098,0.27511486,58,False,False,False,False,False,False,False,False
ENSG00000131791,ENSG00000131791,PRKAB2,1446,True,0.05602927925011521,1.7540855532688122,0.27439597,58,False,False,False,False,False,False,False,False
ENSG00000229180,ENSG00000229180,RABGEF1P1,976,True,0.03763857603608907,1.7552259847632912,0.27313808,58,False,False,False,False,False,False,False,False
ENSG00000111358,ENSG00000111358,GTF2H3,2490,True,0.0940247812688018,1.7531496897226895,0.26815972,58,False,False,False,False,False,False,False,False
ENSG00000142166,ENSG00000142166,IFNAR1,12156,True,0.4011201499559629,1.7729064041469678,0.26418903,58,False,False,False,False,False,False,False,False
ENSG00000197603,ENSG00000197603,CPLANE1,1536,True,0.05805860574394631,1.7512883768659426,0.26309955,58,False,False,False,False,False,False,False,False
ENSG00000119787,ENSG00000119787,ATL2,2293,True,0.08530754648591497,1.7233813391167403,0.26282215,58,False,False,False,False,False,False,False,False
ENSG00000233016,ENSG00000233016,SNHG7,33233,True,0.9687447898054927,1.824965919634152,0.26133186,58,False,False,False,False,False,False,False,False
ENSG00000257913,ENSG00000257913,DDN-AS1,1183,True,0.048484919063964176,1.7518523605114928,0.25890082,58,False,False,False,False,False,False,False,False
ENSG00000175536,ENSG00000175536,LIPT2,833,True,0.03315951453454496,1.7522610287085383,0.25672,58,False,False,False,False,False,False,False,False
ENSG00000178096,ENSG00000178096,BOLA1,1760,True,0.06778200452125231,1.749539597277203,0.25578046,58,False,False,False,False,False,False,False,False
ENSG00000162601,ENSG00000162601,MYSM1,5392,True,0.19157300574530128,1.7505215038531028,0.25474966,58,False,False,False,False,False,False,False,False
ENSG00000061936,ENSG00000061936,SFSWAP,9450,True,0.32412664566542854,1.7665207215081618,0.25332376,58,False,False,False,False,False,False,False,False
ENSG00000213516,ENSG00000213516,RBMXL1,2909,True,0.10704810688982339,1.7466727771262478,0.25323007,58,False,False,False,False,False,False,False,False
ENSG00000164631,ENSG00000164631,ZNF12,1407,True,0.0562654138037711,1.7519628904438322,0.25212157,58,False,False,False,False,False,False,False,False
ENSG00000136153,ENSG00000136153,LMO7,1036,True,0.0398534002173305,1.7472846263706259,0.25160277,58,False,False,False,False,False,False,False,False
ENSG00000143793,ENSG00000143793,C1orf35,5082,True,0.18592777534482813,1.746526553028702,0.25137895,58,False,False,False,False,False,False,False,False
ENSG00000143951,ENSG00000143951,WDPCP,1528,True,0.05677285627034656,1.749575554695194,0.24968415,58,False,False,False,False,False,False,False,False
ENSG00000172831,ENSG00000172831,CES2,2079,True,0.07856257415701527,1.745056013983514,0.24933535,58,False,False,False,False,False,False,False,False
ENSG00000139826,ENSG00000139826,ABHD13,4540,True,0.1721161910981621,1.7506708214274125,0.24776112,58,False,False,False,False,False,False,False,False
ENSG00000160551,ENSG00000160551,TAOK1,5463,True,0.19593526564937908,1.743840699656017,0.24626763,58,False,False,False,False,False,False,False,False
ENSG00000084444,ENSG00000084444,FAM234B,409,True,0.017321436386987653,1.6778915110768382,0.24614011,58,False,False,False,False,False,False,False,False
ENSG00000198700,ENSG00000198700,IPO9,3050,True,0.11074057052964652,1.746179862699668,0.24559763,58,False,False,False,False,False,False,False,False
ENSG00000164068,ENSG00000164068,RNF123,1157,True,0.04401012862668457,1.718413145233885,0.2451248,58,False,False,False,False,False,False,False,False
ENSG00000132005,ENSG00000132005,RFX1,3069,True,0.12264110968515328,1.7489318843375614,0.24457766,58,False,False,False,False,False,False,False,False
ENSG00000120837,ENSG00000120837,NFYB,3489,True,0.13361087045317743,1.7453249845734542,0.24407598,58,False,False,False,False,False,False,False,False
ENSG00000168255,ENSG00000168255,POLR2J3,15111,True,0.49449141618948506,1.7798606847663179,0.24334481,58,False,False,False,False,False,False,False,False
ENSG00000165983,ENSG00000165983,PTER,2089,True,0.07892242019684724,1.743374711287649,0.24325852,58,False,False,False,False,False,False,False,False
ENSG00000167302,ENSG00000167302,TEPSIN,2145,True,0.08054745868537552,1.7441018429479305,0.2425372,58,False,False,False,False,False,False,False,False
ENSG00000163798,ENSG00000163798,SLC4A1AP,3190,True,0.11623737641516635,1.7478456868437773,0.24249639,58,False,False,False,False,False,False,False,False
ENSG00000070047,ENSG00000070047,PHRF1,1704,True,0.06346663082084275,1.7500853305918724,0.24091284,58,False,False,False,False,False,False,False,False
ENSG00000148835,ENSG00000148835,TAF5,951,True,0.03753497650201843,1.736545109463571,0.24066408,58,False,False,False,False,False,False,False,False
ENSG00000144357,ENSG00000144357,UBR3,2502,True,0.09183807911728291,1.7477200710394973,0.23994727,58,False,False,False,False,False,False,False,False
ENSG00000139631,ENSG00000139631,CSAD,2789,True,0.10344263129706234,1.745039549520567,0.23982118,58,False,False,False,False,False,False,False,False
ENSG00000074935,ENSG00000074935,TUBE1,1538,True,0.06041367564468885,1.7452809667262792,0.239521,58,False,False,False,False,False,False,False,False
ENSG00000122068,ENSG00000122068,FYTTD1,8116,True,0.2827991697303608,1.7474509177754591,0.23939289,58,False,False,False,False,False,False,False,False
ENSG00000145715,ENSG00000145715,RASA1,1949,True,0.07447884193065295,1.7465305384517151,0.2389699,58,False,False,False,False,False,False,False,False
ENSG00000168569,ENSG00000168569,TMEM223,2653,True,0.0971038112140759,1.7455607474860004,0.23872955,58,False,False,False,False,False,False,False,False
ENSG00000173914,ENSG00000173914,RBM4B,2396,True,0.09241423606737514,1.7426744410525339,0.23848984,58,False,False,False,False,False,False,False,False
ENSG00000174946,ENSG00000174946,GPR171,524,True,0.021147387916160058,1.6832867704566532,0.23708339,58,False,False,False,False,False,False,False,False
ENSG00000250312,ENSG00000250312,ZNF718,941,True,0.035952750137204954,1.6847804420261363,0.2361248,58,False,False,False,False,False,False,False,False
ENSG00000250222,ENSG00000250222,TRIM7-AS2,647,True,0.027593290073494228,1.7173741119256052,0.23561166,58,False,False,False,False,False,False,False,False
ENSG00000253716,ENSG00000253716,MINCR,1971,True,0.07613052683348456,1.7446645014790982,0.23479623,58,False,False,False,False,False,False,False,False
ENSG00000103160,ENSG00000103160,HSDL1,1231,True,0.048031265712220786,1.7471776812352606,0.23423728,58,False,False,False,False,False,False,False,False
ENSG00000267216,ENSG00000267216,ZNF8-ERVK3-1,5052,True,0.186021685644147,1.7461631657663377,0.2337561,58,False,False,False,False,False,False,False,False
ENSG00000183665,ENSG00000183665,TRMT12,1002,True,0.038965119233719536,1.7410997404538748,0.23245397,58,False,False,False,False,False,False,False,False
ENSG00000142583,ENSG00000142583,SLC2A5,619,True,0.024699616537185318,1.7112237963299064,0.23176631,58,False,False,False,False,False,False,False,False
ENSG00000100068,ENSG00000100068,LRP5L,626,True,0.024611311300586854,1.6930948922862996,0.23162784,58,False,False,False,False,False,False,False,False
ENSG00000105486,ENSG00000105486,LIG1,2709,True,0.09956473062573154,1.7417173137055277,0.2315187,58,False,False,False,False,False,False,False,False
ENSG00000120800,ENSG00000120800,UTP20,1625,True,0.061639442486814564,1.7450218462152256,0.23083428,58,False,False,False,False,False,False,False,False
ENSG00000176095,ENSG00000176095,IP6K1,3111,True,0.11166606198215288,1.7454287478168666,0.22967735,58,False,False,False,False,False,False,False,False
ENSG00000125149,ENSG00000125149,PHAF1,763,True,0.029109636199587362,1.743850154734512,0.22956829,58,False,False,False,False,False,False,False,False
ENSG00000166716,ENSG00000166716,ZNF592,1973,True,0.0742365231875036,1.7458798713807455,0.22808598,58,False,False,False,False,False,False,False,False
