gene_index,gene_id,feature_name,n_cells,highly_variable,means,dispersions,dispersions_norm,highly_variable_nbatches,highly_variable_intersection,is_mitochondrial,is_ribosomal,is_hemoglobin,is_stress,is_cell_cycle,is_immunoglobulin,is_strong_isg
ENSG00000106211,ENSG00000106211,HSPB1,13965,True,0.6366593705735447,2.7663363518399664,8.6048765,88,True,False,False,False,False,False,False,False
ENSG00000132465,ENSG00000132465,JCHAIN,37094,True,1.8582244375432508,5.142048616979424,6.00636,88,True,False,False,False,False,False,False,False
ENSG00000234184,ENSG00000234184,LINC01781,20164,True,0.9490543695427867,2.49551331635085,5.2345743,88,True,False,False,False,False,False,False,False
ENSG00000066923,ENSG00000066923,STAG3,9213,True,0.4311021302026875,2.2210558775350133,4.9484754,88,True,False,False,False,False,False,False,False
ENSG00000117318,ENSG00000117318,ID3,7705,True,0.34362220621491746,2.319263482561955,4.9458885,88,True,False,False,False,False,False,False,False
ENSG00000254709,ENSG00000254709,IGLL5,46971,True,2.5070563165064326,5.7286469806538785,3.9744077,88,True,False,False,False,False,False,False,False
ENSG00000116741,ENSG00000116741,RGS2,28779,True,1.0828203361087345,2.400606674202156,3.8211668,88,True,False,False,False,False,False,False,False
ENSG00000167641,ENSG00000167641,PPP1R14A,14212,True,0.5673456839420716,2.0827490804210886,3.3667915,88,True,False,False,False,False,False,False,False
ENSG00000100097,ENSG00000100097,LGALS1,28621,True,0.989551207058387,2.2367013752010045,3.2353578,88,True,False,False,False,False,False,False,False
ENSG00000273338,ENSG00000273338,ENSG00000273338,18894,True,0.7544051792478665,2.1300369895065256,3.0728605,88,True,False,False,False,False,False,False,False
ENSG00000257275,ENSG00000257275,ENSG00000257275,8042,True,0.36756402389459986,2.0743498647794185,2.8625708,88,True,False,False,False,False,False,False,False
ENSG00000137959,ENSG00000137959,IFI44L,23171,True,0.863329432482746,2.164544401770911,2.738187,88,True,False,False,False,False,False,False,True
ENSG00000077238,ENSG00000077238,IL4R,25187,True,0.9147637304610623,2.1310497394216217,2.5974493,88,True,False,False,False,False,False,False,False
ENSG00000184897,ENSG00000184897,H1-10,15090,True,0.5766261559207982,2.000316594799413,2.5079184,88,True,False,False,False,False,False,False,False
ENSG00000100721,ENSG00000100721,TCL1A,49407,True,1.7127144929012283,2.445394500303493,2.501762,88,True,False,False,False,False,False,False,False
ENSG00000060138,ENSG00000060138,YBX3,23587,True,0.8593683653690001,2.071112918659456,2.3237438,88,True,False,False,False,False,False,False,False
ENSG00000110848,ENSG00000110848,CD69,63286,True,1.9855345179374602,2.578318960362888,2.3086529,88,True,False,False,False,False,False,False,False
ENSG00000099860,ENSG00000099860,GADD45B,23409,True,0.7885041487631779,2.048395923278222,2.240007,88,True,False,False,False,False,False,False,False
ENSG00000205542,ENSG00000205542,TMSB4X,120301,True,4.689477797687652,2.9551171232418243,2.0147085,88,True,False,False,False,False,False,False,False
ENSG00000163736,ENSG00000163736,PPBP,12315,True,0.480302733528061,1.9532844060464876,1.9390213,88,True,False,False,False,False,False,False,False
ENSG00000184226,ENSG00000184226,PCDH9,8794,True,0.3640682139454571,1.965109960629335,1.9220399,88,True,False,False,False,False,False,False,False
ENSG00000213231,ENSG00000213231,TCL1B,2159,True,0.11479693894923006,2.1353637784764476,1.9143329,88,True,False,False,False,False,False,False,False
ENSG00000141682,ENSG00000141682,PMAIP1,29857,True,0.989165401233635,2.029344862337781,1.8569299,88,True,False,False,False,False,False,False,False
ENSG00000034510,ENSG00000034510,TMSB10,119843,True,4.019292631966283,2.531934076062173,1.7828435,88,True,False,False,False,False,False,False,False
ENSG00000126353,ENSG00000126353,CCR7,17293,True,0.6189776241289677,1.9437230581915996,1.7723799,88,True,False,False,False,False,False,False,False
ENSG00000112149,ENSG00000112149,CD83,25359,True,0.8375779633604735,1.9934764051970701,1.7598828,88,True,False,False,False,False,False,False,False
ENSG00000113387,ENSG00000113387,SUB1,57778,True,1.61483111173947,2.23599047681957,1.6625758,88,True,False,False,False,False,False,False,False
ENSG00000172264,ENSG00000172264,MACROD2,9213,True,0.3703688076544971,1.9443582575874923,1.6563613,88,True,False,False,False,False,False,False,False
ENSG00000147535,ENSG00000147535,PLPP5,34359,True,1.1157797688502826,2.0289805102775316,1.6407137,88,True,False,False,False,False,False,False,False
ENSG00000110987,ENSG00000110987,BCL7A,20396,True,0.7329267568178661,1.9419916457220496,1.5200962,88,True,False,False,False,False,False,False,False
ENSG00000104921,ENSG00000104921,FCER2,31448,True,1.0165603417634534,1.9935265650369884,1.5058823,88,True,False,False,False,False,False,False,False
ENSG00000080546,ENSG00000080546,SESN1,5807,True,0.23851081122385837,1.9549591746000627,1.458238,88,True,False,False,False,False,False,False,False
ENSG00000128218,ENSG00000128218,VPREB3,49150,True,1.4785537405216973,2.0923385942178148,1.4440575,88,True,False,False,False,False,False,False,False
ENSG00000010278,ENSG00000010278,CD9,4552,True,0.20740694316573374,1.98500139974348,1.3687654,88,True,False,False,False,False,False,False,False
ENSG00000100906,ENSG00000100906,NFKBIA,55867,True,1.6007849074795757,2.1263317808936426,1.3117824,88,True,False,False,False,False,False,False,False
ENSG00000205056,ENSG00000205056,LINC02397,17989,True,0.6427740384584132,1.8935508251507214,1.2477874,88,True,False,False,False,False,False,False,False
ENSG00000166710,ENSG00000166710,B2M,120308,True,4.731454670533179,2.7045393015349197,1.2351233,88,True,False,False,False,False,False,False,False
ENSG00000189057,ENSG00000189057,FAM111B,4060,True,0.17340009172976176,1.965055485966542,1.2241603,88,True,False,False,False,False,False,False,False
ENSG00000174469,ENSG00000174469,CNTNAP2,4529,True,0.19785574354192662,1.9653870234488542,1.1815301,88,True,False,False,False,False,False,False,False
ENSG00000142227,ENSG00000142227,EMP3,60251,True,1.6838670012191124,2.158502879964308,1.1798503,88,True,False,False,False,False,False,False,False
ENSG00000163958,ENSG00000163958,ZDHHC19,2240,True,0.10455230294035224,1.9587943400914773,1.1709129,88,True,False,False,False,False,False,False,False
ENSG00000204852,ENSG00000204852,TCTN1,4199,True,0.18697672934303364,1.9411370234483705,1.0672811,88,True,False,False,False,False,False,False,False
ENSG00000174944,ENSG00000174944,P2RY14,4462,True,0.1951150567719848,1.915401584215355,1.0324768,88,True,False,False,False,False,False,False,False
ENSG00000187514,ENSG00000187514,PTMA,119674,True,3.8808975024323997,2.282938420898335,1.022411,88,True,False,False,False,False,False,False,False
ENSG00000109906,ENSG00000109906,ZBTB16,3924,True,0.16117449119974853,1.9120987810331158,1.0105777,88,True,False,False,False,False,False,False,False
ENSG00000251562,ENSG00000251562,MALAT1,120319,True,6.5755166524530555,4.055202641402757,1.0,88,True,False,False,False,False,False,False,False
ENSG00000164543,ENSG00000164543,STK17A,32382,True,0.9999619166744792,1.921123278402732,0.98350966,88,True,False,False,False,False,False,False,False
ENSG00000250850,ENSG00000250850,ENSG00000250850,6086,True,0.2536789139281956,1.8859021124945528,0.9355875,88,True,False,False,False,False,False,False,False
ENSG00000197520,ENSG00000197520,FAM177B,4083,True,0.18216373188061377,1.908468222472033,0.9351513,88,True,False,False,False,False,False,False,False
ENSG00000091972,ENSG00000091972,CD200,5822,True,0.24990493180533413,1.8958370019765776,0.93314934,88,True,False,False,False,False,False,False,False
ENSG00000026559,ENSG00000026559,KCNG1,1842,True,0.08429129139244973,1.8958262627833042,0.88898903,88,True,False,False,False,False,False,False,False
ENSG00000204287,ENSG00000204287,HLA-DRA,119567,True,3.9698836821616394,2.285452471400314,0.8676155,88,True,False,False,False,False,False,False,False
ENSG00000141293,ENSG00000141293,SKAP1,7465,True,0.2875142162695234,1.858624460551784,0.8513744,88,True,False,False,False,False,False,False,False
ENSG00000272501,ENSG00000272501,ENSG00000272501,7265,True,0.2802486497380982,1.846352617852064,0.79074293,88,True,False,False,False,False,False,False,False
ENSG00000169762,ENSG00000169762,TAPT1,4390,True,0.17905959752052888,1.8574856435603786,0.7329507,88,True,False,False,False,False,False,False,False
ENSG00000071051,ENSG00000071051,NCK2,5251,True,0.20769151814387252,1.840776598009704,0.65067583,88,True,False,False,False,False,False,False,False
ENSG00000151687,ENSG00000151687,ANKAR,4564,True,0.1805273538822074,1.8349287295215162,0.6103898,88,True,False,False,False,False,False,False,False
ENSG00000155085,ENSG00000155085,AK9,5034,True,0.20395673306687587,1.8235576042654564,0.5792197,88,True,False,False,False,False,False,False,False
ENSG00000170222,ENSG00000170222,ADPRM,6102,True,0.23722518581766944,1.825737924430616,0.56965995,88,True,False,False,False,False,False,False,False
ENSG00000170476,ENSG00000170476,MZB1,17223,True,0.7319098936100683,2.913101164596655,9.263587,87,False,False,False,False,False,False,False,False
ENSG00000187608,ENSG00000187608,ISG15,26098,True,0.9329334384033611,2.3088927826184724,3.633768,87,False,False,False,False,False,False,False,True
ENSG00000213145,ENSG00000213145,CRIP1,25417,True,0.9650921840887917,2.3459330928854003,3.286116,87,False,False,False,False,False,False,False,False
ENSG00000143443,ENSG00000143443,C1orf56,16426,True,0.6528165642371859,2.045290469725483,2.7568865,87,False,False,False,False,False,False,False,False
ENSG00000143297,ENSG00000143297,FCRL5,14160,True,0.5401485510952212,2.0160551866830807,2.6641648,87,False,False,False,False,False,False,False,False
ENSG00000112137,ENSG00000112137,PHACTR1,20004,True,0.7194135336233125,1.9822075498212712,1.9314439,87,False,False,False,False,False,False,False,False
ENSG00000226777,ENSG00000226777,FAM30A,22900,True,0.8139978056676895,1.9924427784634013,1.7447095,87,False,False,False,False,False,False,False,False
ENSG00000125347,ENSG00000125347,IRF1,31624,True,0.9878853334671372,2.050935570535101,1.7236212,87,False,False,False,False,False,False,False,False
ENSG00000124766,ENSG00000124766,SOX4,5413,True,0.23638400809182852,2.019966697211194,1.7038987,87,False,False,False,False,False,False,False,False
ENSG00000051108,ENSG00000051108,HERPUD1,40391,True,1.2198623426752246,2.0365763304995825,1.4808055,87,False,False,False,False,False,False,False,False
ENSG00000019582,ENSG00000019582,CD74,120136,True,4.365730896946206,2.4195972132028216,1.3102144,87,False,False,False,False,False,False,False,False
ENSG00000132530,ENSG00000132530,XAF1,16586,True,0.5847308032296282,1.9158038526487005,1.2910861,87,False,False,False,False,False,False,False,True
ENSG00000023445,ENSG00000023445,BIRC3,50736,True,1.4560134075056468,2.0845395943933087,1.2595947,87,False,False,False,False,False,False,False,False
ENSG00000267858,ENSG00000267858,MZF1-AS1,5199,True,0.22456509199450778,1.923790141817742,1.2107786,87,False,False,False,False,False,False,False,False
ENSG00000067082,ENSG00000067082,KLF6,54246,True,1.5340690777145947,2.0315785608717523,1.0705304,87,False,False,False,False,False,False,False,False
ENSG00000156313,ENSG00000156313,RPGR,4482,True,0.18271070960712302,1.892272164877301,0.9499233,87,False,False,False,False,False,False,False,False
ENSG00000259536,ENSG00000259536,ENSG00000259536,2015,True,0.09145929990838154,1.9060134178213033,0.9351987,87,False,False,False,False,False,False,False,False
ENSG00000096696,ENSG00000096696,DSP,2103,True,0.09132314340009327,1.8954698710553612,0.9025161,87,False,False,False,False,False,False,False,False
ENSG00000136603,ENSG00000136603,SKIL,7130,True,0.27609058119810015,1.8429956347588288,0.7517363,87,False,False,False,False,False,False,False,False
ENSG00000125482,ENSG00000125482,TTF1,7964,True,0.30232867799319885,1.832288077433482,0.713614,87,False,False,False,False,False,False,False,False
ENSG00000166770,ENSG00000166770,ZNF667-AS1,3363,True,0.1472475883795917,1.85503895438329,0.70459026,87,False,False,False,False,False,False,False,False
ENSG00000005471,ENSG00000005471,ABCB4,5591,True,0.23061539188237748,1.8522628300004114,0.6860118,87,False,False,False,False,False,False,False,False
ENSG00000164221,ENSG00000164221,CCDC112,5148,True,0.20449120615785532,1.842399196942717,0.64960694,87,False,False,False,False,False,False,False,False
ENSG00000176593,ENSG00000176593,ZNF606-AS1,4203,True,0.16120893454365565,1.8283007061076029,0.59458256,87,False,False,False,False,False,False,False,False
ENSG00000238142,ENSG00000238142,ENSG00000238142,4374,True,0.18925678367890145,1.810463916892318,0.5501681,87,False,False,False,False,False,False,False,False
ENSG00000150907,ENSG00000150907,FOXO1,4375,True,0.17235795651757518,1.8187737912244246,0.544773,87,False,False,False,False,False,False,False,False
ENSG00000167258,ENSG00000167258,CDK12,10866,True,0.4069147131055649,2.2116732928703016,4.2582617,86,False,False,False,False,False,False,False,False
ENSG00000090104,ENSG00000090104,RGS1,11155,True,0.4573245255062986,2.0998204758189956,2.7849019,86,False,False,False,False,False,False,False,False
ENSG00000237541,ENSG00000237541,HLA-DQA2,25353,True,0.9109726809820656,2.1272354769281203,2.663923,86,False,False,False,False,False,False,False,False
ENSG00000170606,ENSG00000170606,HSPA4,15263,True,0.5608901118479508,1.9358865328801615,1.8709899,86,False,False,False,False,False,False,False,False
ENSG00000180573,ENSG00000180573,H2AC6,10490,True,0.41650338115265273,1.933007284843236,1.8060626,86,False,False,False,False,False,False,False,False
ENSG00000187837,ENSG00000187837,H1-2,17594,True,0.6040826799318375,1.946023318993362,1.7753142,86,False,False,False,False,False,False,False,False
ENSG00000163737,ENSG00000163737,PF4,8950,True,0.3621322182441268,1.9696192660831977,1.7368855,86,False,False,False,False,False,False,False,False
ENSG00000198502,ENSG00000198502,HLA-DRB5,54530,True,1.617894689296444,2.200372853908931,1.6848537,86,False,False,False,False,False,False,False,False
ENSG00000184009,ENSG00000184009,ACTG1,53656,True,1.5075828849216626,2.1850800287491166,1.5854956,86,False,False,False,False,False,False,False,False
ENSG00000112182,ENSG00000112182,BACH2,11870,True,0.4489141583691293,1.8943867699387382,1.4699528,86,False,False,False,False,False,False,False,False
ENSG00000152518,ENSG00000152518,ZFP36L2,53446,True,1.5022732470342712,2.0697880700819336,1.2134311,86,False,False,False,False,False,False,False,False
ENSG00000160856,ENSG00000160856,FCRL3,8528,True,0.3252100905907381,1.8760683254426018,1.1514349,86,False,False,False,False,False,False,False,False
ENSG00000213928,ENSG00000213928,IRF9,12540,True,0.4461039835774772,1.8709097881360923,1.1313713,86,False,False,False,False,False,False,False,False
ENSG00000242265,ENSG00000242265,PEG10,2542,True,0.1127205396973542,1.9427057807505645,1.1084431,86,False,False,False,False,False,False,False,False
ENSG00000110852,ENSG00000110852,CLEC2B,24381,True,0.8369070111135197,1.909246678525804,1.1012808,86,False,False,False,False,False,False,False,False
ENSG00000106537,ENSG00000106537,TSPAN13,20652,True,0.7270056366192008,1.8898265429324204,1.0593433,86,False,False,False,False,False,False,False,False
ENSG00000042980,ENSG00000042980,ADAM28,31907,True,0.9893274929967536,1.9107656631166763,0.87086064,86,False,False,False,False,False,False,False,False
ENSG00000164056,ENSG00000164056,SPRY1,1267,True,0.06035595302900831,1.8846433072059545,0.845081,86,False,False,False,False,False,False,False,False
ENSG00000141753,ENSG00000141753,IGFBP4,2032,True,0.0885207365299083,1.8762422299532928,0.8031415,86,False,False,False,False,False,False,False,False
ENSG00000082293,ENSG00000082293,COL19A1,6664,True,0.26219327756682825,1.8464894508363812,0.80108595,86,False,False,False,False,False,False,False,False
ENSG00000103528,ENSG00000103528,SYT17,1782,True,0.07989513634643405,1.8653932643256104,0.7552583,86,False,False,False,False,False,False,False,False
ENSG00000110841,ENSG00000110841,PPFIBP1,1421,True,0.06246892380570346,1.8561238377360048,0.7203927,86,False,False,False,False,False,False,False,False
ENSG00000196782,ENSG00000196782,MAML3,1514,True,0.06703499933729147,1.8592595542822627,0.7191812,86,False,False,False,False,False,False,False,False
ENSG00000107679,ENSG00000107679,PLEKHA1,5568,True,0.21790918678186724,1.8562601097153288,0.7016921,86,False,False,False,False,False,False,False,False
ENSG00000205189,ENSG00000205189,ZBTB10,6560,True,0.2566593774537243,1.813698379341958,0.5376865,86,False,False,False,False,False,False,False,False
ENSG00000182183,ENSG00000182183,SHISAL2A,5805,True,0.22480321523994523,1.813577625648232,0.53058857,86,False,False,False,False,False,False,False,False
ENSG00000179088,ENSG00000179088,C12orf42,4546,True,0.18056919433130747,1.7979422377390122,0.45892087,86,False,False,False,False,False,False,False,False
ENSG00000166598,ENSG00000166598,HSP90B1,27010,True,0.9097656728771465,2.516360832610931,4.885805,85,False,False,False,False,False,False,False,False
ENSG00000158050,ENSG00000158050,DUSP2,12468,True,0.4979700175291868,2.1654632713122735,3.83499,85,False,False,False,False,False,False,False,False
ENSG00000100219,ENSG00000100219,XBP1,9249,True,0.36150092562131136,2.01854781003134,2.6490602,85,False,False,False,False,False,False,False,False
ENSG00000126709,ENSG00000126709,IFI6,18421,True,0.6707870479816707,2.0935466972014942,2.5544899,85,False,False,False,False,False,False,False,True
ENSG00000171476,ENSG00000171476,HOPX,7868,True,0.3216887493089708,1.982519218740862,1.8737314,85,False,False,False,False,False,False,False,False
ENSG00000133316,ENSG00000133316,WDR74,18768,True,0.6779028081250005,1.9647932677932418,1.7410588,85,False,False,False,False,False,False,False,False
ENSG00000196937,ENSG00000196937,FAM3C,16823,True,0.5913948660418361,1.9300857670176497,1.7232841,85,False,False,False,False,False,False,False,False
ENSG00000130844,ENSG00000130844,ZNF331,13089,True,0.4871174216763175,1.9370303326780982,1.7021093,85,False,False,False,False,False,False,False,False
ENSG00000197747,ENSG00000197747,S100A10,30487,True,0.9882635528028824,2.014936367537462,1.64726,85,False,False,False,False,False,False,False,False
ENSG00000169045,ENSG00000169045,HNRNPH1,32436,True,1.0475106625020028,1.995134152687042,1.4936433,85,False,False,False,False,False,False,False,False
ENSG00000121966,ENSG00000121966,CXCR4,102249,True,2.8703049307214514,2.533999582598589,1.476995,85,False,False,False,False,False,False,False,False
ENSG00000099958,ENSG00000099958,DERL3,5282,True,0.21882422428385204,1.9803189963211087,1.2310419,85,False,False,False,False,False,False,False,False
ENSG00000175130,ENSG00000175130,MARCKSL1,19990,True,0.6833278921266197,1.8973366225318486,1.1196396,85,False,False,False,False,False,False,False,False
ENSG00000128040,ENSG00000128040,SPINK2,1235,True,0.058380199651603244,1.9315734173982142,1.0156671,85,False,False,False,False,False,False,False,False
ENSG00000163683,ENSG00000163683,SMIM14,29275,True,0.9393977188944503,1.90708629379979,0.968917,85,False,False,False,False,False,False,False,False
ENSG00000198707,ENSG00000198707,CEP290,6248,True,0.24147118485875743,1.8575951694577548,0.8736447,85,False,False,False,False,False,False,False,False
ENSG00000188820,ENSG00000188820,CALHM6,34748,True,1.0605231511853255,1.9141858184415832,0.86753243,85,False,False,False,False,False,False,False,False
ENSG00000127528,ENSG00000127528,KLF2,46960,True,1.3552522483357172,1.9685087652004716,0.8668465,85,False,False,False,False,False,False,False,False
ENSG00000266088,ENSG00000266088,ENSG00000266088,2573,True,0.11534826596486186,1.8792202290252313,0.8242944,85,False,False,False,False,False,False,False,False
ENSG00000131724,ENSG00000131724,IL13RA1,3887,True,0.1572026178530969,1.8554981169101337,0.7273255,85,False,False,False,False,False,False,False,False
ENSG00000163328,ENSG00000163328,GPR155,2357,True,0.09791136868450684,1.846613209000055,0.69079864,85,False,False,False,False,False,False,False,False
ENSG00000171467,ENSG00000171467,ZNF318,5879,True,0.22742665137028864,1.8330592532763923,0.6598494,85,False,False,False,False,False,False,False,False
ENSG00000160223,ENSG00000160223,ICOSLG,7201,True,0.27220747681233787,1.8267514235530904,0.6222982,85,False,False,False,False,False,False,False,False
ENSG00000145012,ENSG00000145012,LPP,7780,True,0.28722877621519366,1.8095233616177813,0.59707546,85,False,False,False,False,False,False,False,False
ENSG00000214140,ENSG00000214140,PRCD,2828,True,0.11982117972238898,1.8259842857052029,0.5903606,85,False,False,False,False,False,False,False,False
ENSG00000112773,ENSG00000112773,TENT5A,4524,True,0.1746915265910406,1.8236674140507205,0.5755969,85,False,False,False,False,False,False,False,False
ENSG00000103550,ENSG00000103550,KNOP1,4448,True,0.17749858440418972,1.8248787485523843,0.57033974,85,False,False,False,False,False,False,False,False
ENSG00000187231,ENSG00000187231,SESTD1,6446,True,0.24697897958900758,1.8121140130834847,0.53689873,85,False,False,False,False,False,False,False,False
ENSG00000185950,ENSG00000185950,IRS2,4338,True,0.17520664569894515,1.812694334874016,0.5262343,85,False,False,False,False,False,False,False,False
ENSG00000133302,ENSG00000133302,SLF1,5428,True,0.2136385415512632,1.8154468678709115,0.52361685,85,False,False,False,False,False,False,False,False
ENSG00000230438,ENSG00000230438,SERPINB9P1,2340,True,0.09714449605857232,1.8116691961829086,0.5214231,85,False,False,False,False,False,False,False,False
ENSG00000225331,ENSG00000225331,LINC01678,3862,True,0.15080449177853675,1.8112878547523026,0.5155137,85,False,False,False,False,False,False,False,False
ENSG00000165029,ENSG00000165029,ABCA1,1846,True,0.07344226053622525,1.8090720397062483,0.5072642,85,False,False,False,False,False,False,False,False
ENSG00000197381,ENSG00000197381,ADARB1,4739,True,0.1876084877001437,1.809025846132308,0.49975735,85,False,False,False,False,False,False,False,False
ENSG00000221968,ENSG00000221968,FADS3,3912,True,0.15634947723147433,1.8043601609230775,0.48474348,85,False,False,False,False,False,False,False,False
ENSG00000121413,ENSG00000121413,ZSCAN18,4946,True,0.18911452577961743,1.7964660064897415,0.4497581,85,False,False,False,False,False,False,False,False
ENSG00000142197,ENSG00000142197,DOP1B,5795,True,0.24220752825461644,2.3349375533114975,3.3553348,84,False,False,False,False,False,False,False,False
ENSG00000150093,ENSG00000150093,ITGB1,14442,True,0.5652910536879099,2.0981221677719257,3.3533638,84,False,False,False,False,False,False,False,False
ENSG00000166794,ENSG00000166794,PPIB,30915,True,0.9678186193240983,2.1972791896380333,2.9092138,84,False,False,False,False,False,False,False,False
ENSG00000048462,ENSG00000048462,TNFRSF17,2966,True,0.155289822649783,2.177564080343195,2.160149,84,False,False,False,False,False,False,False,False
ENSG00000224137,ENSG00000224137,LINC01857,13892,True,0.5145902657168602,1.960091769487373,2.1462145,84,False,False,False,False,False,False,False,False
ENSG00000169508,ENSG00000169508,GPR183,28718,True,0.9570442984995023,2.0166167086156648,1.8243263,84,False,False,False,False,False,False,False,False
ENSG00000140398,ENSG00000140398,NEIL1,7109,True,0.28069645643862795,1.9301933053128506,1.474134,84,False,False,False,False,False,False,False,False
ENSG00000245532,ENSG00000245532,NEAT1,42029,True,1.2456471445571458,2.0525864752573075,1.4410719,84,False,False,False,False,False,False,False,False
ENSG00000137101,ENSG00000137101,CD72,15803,True,0.5723147228579802,1.8901040693820368,1.337884,84,False,False,False,False,False,False,False,False
ENSG00000109787,ENSG00000109787,KLF3,16758,True,0.5745406674940378,1.878561262650299,1.2312019,84,False,False,False,False,False,False,False,False
ENSG00000135048,ENSG00000135048,CEMIP2,9605,True,0.35006700710893573,1.8834196248366404,1.1257011,84,False,False,False,False,False,False,False,False
ENSG00000150347,ENSG00000150347,ARID5B,32756,True,1.0151233718976158,1.944280516841905,1.1009328,84,False,False,False,False,False,False,False,False
ENSG00000272211,ENSG00000272211,ENSG00000272211,25107,True,0.8563075565708889,1.9024298158105233,1.0943903,84,False,False,False,False,False,False,False,False
ENSG00000084234,ENSG00000084234,APLP2,19902,True,0.694881603112713,1.889718701170161,1.0880526,84,False,False,False,False,False,False,False,False
ENSG00000081189,ENSG00000081189,MEF2C,69694,True,1.869615443464658,2.105758472854437,0.8586906,84,False,False,False,False,False,False,False,False
ENSG00000070814,ENSG00000070814,TCOF1,18934,True,0.6104276848444954,1.8606809784418248,0.8496819,84,False,False,False,False,False,False,False,False
ENSG00000064886,ENSG00000064886,CHI3L2,5766,True,0.23320130441780795,1.8630329487631259,0.8280389,84,False,False,False,False,False,False,False,False
ENSG00000188404,ENSG00000188404,SELL,50807,True,1.4411788439117972,1.9767307047113254,0.79410934,84,False,False,False,False,False,False,False,False
ENSG00000133424,ENSG00000133424,LARGE1,1373,True,0.061283740182274955,1.8741806275554909,0.77921814,84,False,False,False,False,False,False,False,False
ENSG00000184588,ENSG00000184588,PDE4B,22932,True,0.752314477239413,1.8602290598835487,0.7626787,84,False,False,False,False,False,False,False,False
ENSG00000187210,ENSG00000187210,GCNT1,2439,True,0.10514683565400763,1.8557863647696715,0.71774876,84,False,False,False,False,False,False,False,False
ENSG00000186265,ENSG00000186265,BTLA,9194,True,0.3461690170459066,1.8199133921642738,0.6811745,84,False,False,False,False,False,False,False,False
ENSG00000125245,ENSG00000125245,GPR18,7047,True,0.2778356806297833,1.8169709611524851,0.62984353,84,False,False,False,False,False,False,False,False
ENSG00000165175,ENSG00000165175,MID1IP1,5572,True,0.21601962963055052,1.8280940958441223,0.6269136,84,False,False,False,False,False,False,False,False
ENSG00000079819,ENSG00000079819,EPB41L2,5530,True,0.2186936776701036,1.8347818117028745,0.61973995,84,False,False,False,False,False,False,False,False
ENSG00000008513,ENSG00000008513,ST3GAL1,7595,True,0.28040795818613745,1.8194411026647552,0.6094641,84,False,False,False,False,False,False,False,False
ENSG00000003249,ENSG00000003249,DBNDD1,1390,True,0.05984405400458235,1.8026195289251241,0.6084132,84,False,False,False,False,False,False,False,False
ENSG00000185418,ENSG00000185418,TARS3,7357,True,0.2748537052947126,1.822023675645444,0.5865626,84,False,False,False,False,False,False,False,False
ENSG00000166432,ENSG00000166432,ZMAT1,4964,True,0.2005147949198303,1.8236303026758471,0.5732427,84,False,False,False,False,False,False,False,False
ENSG00000133142,ENSG00000133142,TCEAL4,6362,True,0.24478918868114305,1.814433150609851,0.55794334,84,False,False,False,False,False,False,False,False
ENSG00000152484,ENSG00000152484,USP12,5453,True,0.21019333094750392,1.816137671411836,0.5498049,84,False,False,False,False,False,False,False,False
ENSG00000112232,ENSG00000112232,KHDRBS2,2809,True,0.11229315064800054,1.8147825889150973,0.52712315,84,False,False,False,False,False,False,False,False
ENSG00000227486,ENSG00000227486,ENSG00000227486,7223,True,0.2783818419882653,1.8017406606001158,0.5260554,84,False,False,False,False,False,False,False,False
ENSG00000087266,ENSG00000087266,SH3BP2,4875,True,0.19063799334134676,1.8124176613006642,0.511929,84,False,False,False,False,False,False,False,False
ENSG00000119950,ENSG00000119950,MXI1,4804,True,0.18971935281984642,1.8070977641103938,0.51080185,84,False,False,False,False,False,False,False,False
ENSG00000134215,ENSG00000134215,VAV3,6663,True,0.2517053313567764,1.8030670802502362,0.50969785,84,False,False,False,False,False,False,False,False
ENSG00000151882,ENSG00000151882,CCL28,3986,True,0.15869570451966228,1.8100815142709037,0.5041303,84,False,False,False,False,False,False,False,False
ENSG00000169239,ENSG00000169239,CA5B,4902,True,0.19368655131023374,1.7899869042880558,0.44227496,84,False,False,False,False,False,False,False,False
ENSG00000082146,ENSG00000082146,STRADB,6001,True,0.23158598676748252,1.7912664721647849,0.42198494,84,False,False,False,False,False,False,False,False
ENSG00000221923,ENSG00000221923,ZNF880,5554,True,0.22014990764348655,1.7863906451717435,0.40917307,84,False,False,False,False,False,False,False,False
ENSG00000136244,ENSG00000136244,IL6,3473,True,0.18543508456929497,2.144699933323395,2.6398637,83,False,False,False,False,False,False,False,False
ENSG00000114315,ENSG00000114315,HES1,4791,True,0.23223343110334965,2.126491520279282,2.6291406,83,False,False,False,False,False,False,False,False
ENSG00000150681,ENSG00000150681,RGS18,3874,True,0.17974235239287242,1.9907044474734554,1.6137166,83,False,False,False,False,False,False,False,False
ENSG00000198625,ENSG00000198625,MDM4,29641,True,0.9591252627742999,1.9834897147320774,1.5127898,83,False,False,False,False,False,False,False,False
ENSG00000119917,ENSG00000119917,IFIT3,3476,True,0.1496381671274081,1.9988603228134822,1.327138,83,False,False,False,False,False,False,False,True
ENSG00000120885,ENSG00000120885,CLU,3244,True,0.14844562894131771,1.9413935357520877,1.2773746,83,False,False,False,False,False,False,False,False
ENSG00000163617,ENSG00000163617,CCDC191,6589,True,0.25673432738283064,1.8942224204124172,1.0757459,83,False,False,False,False,False,False,False,False
ENSG00000157601,ENSG00000157601,MX1,13916,True,0.4893837135898812,1.864699840571432,1.0225191,83,False,False,False,False,False,False,False,True
ENSG00000132475,ENSG00000132475,H3-3B,109641,True,2.9723641564464502,2.431178425017953,1.0193887,83,False,False,False,False,False,False,False,False
ENSG00000128536,ENSG00000128536,CDHR3,921,True,0.04220193142438445,1.8600019745501293,1.0069661,83,False,False,False,False,False,False,False,False
ENSG00000167552,ENSG00000167552,TUBA1A,38271,True,1.1371824722747021,1.930326107007567,0.84292126,83,False,False,False,False,False,False,False,False
ENSG00000164691,ENSG00000164691,TAGAP,20041,True,0.6624923368252678,1.8555795898266352,0.7898879,83,False,False,False,False,False,False,False,False
ENSG00000117519,ENSG00000117519,CNN3,1309,True,0.05987853815765034,1.8622334144583013,0.7418662,83,False,False,False,False,False,False,False,False
ENSG00000268027,ENSG00000268027,ENSG00000268027,8948,True,0.3444911906198283,1.8246816523108758,0.71326154,83,False,False,False,False,False,False,False,False
ENSG00000169902,ENSG00000169902,TPST1,1442,True,0.06259593500662029,1.845651875597835,0.6539898,83,False,False,False,False,False,False,False,False
ENSG00000079691,ENSG00000079691,CARMIL1,2404,True,0.09624312731235958,1.8400964435944274,0.64344704,83,False,False,False,False,False,False,False,False
ENSG00000073464,ENSG00000073464,CLCN4,1339,True,0.0584437287432521,1.833110152680575,0.6144692,83,False,False,False,False,False,False,False,False
ENSG00000270164,ENSG00000270164,LINC01480,4894,True,0.20918017209716389,1.8290513841486638,0.6046967,83,False,False,False,False,False,False,False,False
ENSG00000184205,ENSG00000184205,TSPYL2,8620,True,0.31579161535018163,1.8133456506532952,0.60305506,83,False,False,False,False,False,False,False,False
ENSG00000247982,ENSG00000247982,LINC00926,45747,True,1.2851244814405105,1.9189689518005286,0.59850156,83,False,False,False,False,False,False,False,False
ENSG00000155189,ENSG00000155189,AGPAT5,6203,True,0.23801351990443081,1.8214776010270235,0.5839036,83,False,False,False,False,False,False,False,False
ENSG00000237765,ENSG00000237765,FAM200B,7795,True,0.2972506542900674,1.8041602546099786,0.54241073,83,False,False,False,False,False,False,False,False
ENSG00000158321,ENSG00000158321,AUTS2,1993,True,0.08206120931128243,1.8159208641105289,0.53491163,83,False,False,False,False,False,False,False,False
ENSG00000033627,ENSG00000033627,ATP6V0A1,4230,True,0.16229632660186108,1.807452549541457,0.5154329,83,False,False,False,False,False,False,False,False
ENSG00000255760,ENSG00000255760,LINC02422,6363,True,0.25132054879107096,1.8085167755879077,0.5125794,83,False,False,False,False,False,False,False,False
ENSG00000177683,ENSG00000177683,THAP5,4894,True,0.19136326968736742,1.8075785078456887,0.5028089,83,False,False,False,False,False,False,False,False
ENSG00000137642,ENSG00000137642,SORL1,5323,True,0.20325920789696073,1.8058097304574645,0.49524722,83,False,False,False,False,False,False,False,False
ENSG00000145246,ENSG00000145246,ATP10D,4228,True,0.1713013043117858,1.8069670233303343,0.4878284,83,False,False,False,False,False,False,False,False
ENSG00000253645,ENSG00000253645,ENSG00000253645,1388,True,0.05850208854200511,1.7458528440973,0.48726153,83,False,False,False,False,False,False,False,False
ENSG00000170088,ENSG00000170088,TMEM192,5474,True,0.2053907394113329,1.8008370309875452,0.477925,83,False,False,False,False,False,False,False,False
ENSG00000119900,ENSG00000119900,OGFRL1,4701,True,0.18186237000955197,1.8020144765742372,0.46845573,83,False,False,False,False,False,False,False,False
ENSG00000173926,ENSG00000173926,MARCHF3,4337,True,0.17004598491824804,1.7968769883151325,0.45327628,83,False,False,False,False,False,False,False,False
ENSG00000167613,ENSG00000167613,LAIR1,5871,True,0.22293072952579712,1.7910772691435648,0.42280447,83,False,False,False,False,False,False,False,False
ENSG00000086619,ENSG00000086619,ERO1B,6735,True,0.24523871139890305,1.7890937416424968,0.40241095,83,False,False,False,False,False,False,False,False
ENSG00000138078,ENSG00000138078,PREPL,5624,True,0.20708316657043346,1.776349841932806,0.36291224,83,False,False,False,False,False,False,False,False
ENSG00000165949,ENSG00000165949,IFI27,4473,True,0.2962978627043859,2.6134518068837984,6.5663943,82,False,False,False,False,False,False,False,True
ENSG00000134285,ENSG00000134285,FKBP11,6185,True,0.2578414625771601,2.01421399957888,1.6927353,82,False,False,False,False,False,False,False,False
ENSG00000136997,ENSG00000136997,MYC,15687,True,0.549894827058541,1.9157021242521681,1.6352118,82,False,False,False,False,False,False,False,False
ENSG00000111880,ENSG00000111880,RNGTT,9851,True,0.37812175077565047,1.8987014577323043,1.4214866,82,False,False,False,False,False,False,False,False
ENSG00000267100,ENSG00000267100,ILF3-DT,16177,True,0.5791728912145749,1.887475770160856,1.1507494,82,False,False,False,False,False,False,False,False
ENSG00000156110,ENSG00000156110,ADK,19611,True,0.6630380506304024,1.8628040872519,0.9283524,82,False,False,False,False,False,False,False,False
ENSG00000245904,ENSG00000245904,BTG1-DT,9796,True,0.39151790000396525,1.8405214891021187,0.8886538,82,False,False,False,False,False,False,False,False
ENSG00000167186,ENSG00000167186,COQ7,9831,True,0.3689272676065427,1.8426685188299239,0.8698848,82,False,False,False,False,False,False,False,False
ENSG00000198865,ENSG00000198865,CCDC152,1700,True,0.07275721815111351,1.875315855412188,0.8031141,82,False,False,False,False,False,False,False,False
ENSG00000085563,ENSG00000085563,ABCB1,1322,True,0.05764122868336532,1.8521765685379812,0.7007358,82,False,False,False,False,False,False,False,False
ENSG00000164610,ENSG00000164610,RP9,7528,True,0.28940171598716746,1.8350415346870705,0.6278381,82,False,False,False,False,False,False,False,False
ENSG00000120688,ENSG00000120688,WBP4,3788,True,0.15162284688227068,1.8307724075085687,0.6151132,82,False,False,False,False,False,False,False,False
ENSG00000153253,ENSG00000153253,SCN3A,2335,True,0.09799689547691695,1.8286318183967984,0.6062664,82,False,False,False,False,False,False,False,False
ENSG00000173890,ENSG00000173890,GPR160,5118,True,0.20306146235102826,1.8279459364048003,0.6047669,82,False,False,False,False,False,False,False,False
ENSG00000138182,ENSG00000138182,KIF20B,8682,True,0.3186088798645392,1.8153677354776077,0.59815764,82,False,False,False,False,False,False,False,False
ENSG00000261824,ENSG00000261824,LINC00662,4111,True,0.16392523564891268,1.8234062550294816,0.5733871,82,False,False,False,False,False,False,False,False
ENSG00000002587,ENSG00000002587,HS3ST1,1949,True,0.08055131612172563,1.8188033708743654,0.5497282,82,False,False,False,False,False,False,False,False
ENSG00000196950,ENSG00000196950,SLC39A10,7875,True,0.29146624345523314,1.8075905933150525,0.54861665,82,False,False,False,False,False,False,False,False
ENSG00000185338,ENSG00000185338,SOCS1,4815,True,0.192773657386699,1.82012810937478,0.5465011,82,False,False,False,False,False,False,False,False
ENSG00000197928,ENSG00000197928,ZNF677,3364,True,0.13899338423372343,1.8151744169398476,0.53193325,82,False,False,False,False,False,False,False,False
ENSG00000143633,ENSG00000143633,C1orf131,7243,True,0.2763874363508969,1.812610885301018,0.5307427,82,False,False,False,False,False,False,False,False
ENSG00000119138,ENSG00000119138,KLF9,7048,True,0.26480299018787945,1.8108474692623757,0.5142672,82,False,False,False,False,False,False,False,False
ENSG00000145687,ENSG00000145687,SSBP2,7829,True,0.293330761903685,1.8080668626237157,0.5049536,82,False,False,False,False,False,False,False,False
ENSG00000255150,ENSG00000255150,EID3,1843,True,0.07763556140369081,1.8098629370776875,0.5044613,82,False,False,False,False,False,False,False,False
ENSG00000152464,ENSG00000152464,RPP38,4829,True,0.18736845498131605,1.8070539749950425,0.49165064,82,False,False,False,False,False,False,False,False
ENSG00000166435,ENSG00000166435,XRRA1,5360,True,0.20565240049623812,1.8058408374452517,0.49044392,82,False,False,False,False,False,False,False,False
ENSG00000257242,ENSG00000257242,LINC01619,6063,True,0.24068532009058988,1.8039791158159024,0.4884803,82,False,False,False,False,False,False,False,False
ENSG00000117009,ENSG00000117009,KMO,5198,True,0.2033352379461495,1.8027231091045735,0.485609,82,False,False,False,False,False,False,False,False
ENSG00000257698,ENSG00000257698,GIHCG,4055,True,0.1601373303026962,1.8038564054175497,0.48493826,82,False,False,False,False,False,False,False,False
ENSG00000118596,ENSG00000118596,SLC16A7,2976,True,0.11564013745765159,1.8031159879437462,0.48416388,82,False,False,False,False,False,False,False,False
ENSG00000138468,ENSG00000138468,SENP7,6310,True,0.23613634664325656,1.8017003446877857,0.48142913,82,False,False,False,False,False,False,False,False
ENSG00000015153,ENSG00000015153,YAF2,7196,True,0.2692443829825366,1.7976395818192896,0.46534562,82,False,False,False,False,False,False,False,False
ENSG00000118507,ENSG00000118507,AKAP7,3548,True,0.14672450485264513,1.798090291827583,0.46446526,82,False,False,False,False,False,False,False,False
ENSG00000151743,ENSG00000151743,AMN1,4032,True,0.16173427695943915,1.7961112442517584,0.4633077,82,False,False,False,False,False,False,False,False
ENSG00000151135,ENSG00000151135,TMEM263,4315,True,0.1615179270387911,1.793305464963028,0.4529357,82,False,False,False,False,False,False,False,False
ENSG00000153250,ENSG00000153250,RBMS1,5922,True,0.22543778188944194,1.7943498224008432,0.4435905,82,False,False,False,False,False,False,False,False
ENSG00000140563,ENSG00000140563,MCTP2,4166,True,0.162124493430695,1.7928453921513638,0.438217,82,False,False,False,False,False,False,False,False
ENSG00000138764,ENSG00000138764,CCNG2,6999,True,0.2629750995706885,1.7874657912516958,0.4158182,82,False,False,False,False,False,False,False,False
ENSG00000224505,ENSG00000224505,HEXIM2-AS1,3482,True,0.14184082578883114,1.7854995779980316,0.39859876,82,False,False,False,False,False,False,False,False
ENSG00000143878,ENSG00000143878,RHOB,12364,True,0.4571784117307262,1.8920954921860869,1.4628981,81,False,False,False,False,False,False,False,False
ENSG00000126653,ENSG00000126653,NSRP1,13686,True,0.48880224652629356,1.8697668292356469,1.2572454,81,False,False,False,False,False,False,False,False
ENSG00000100519,ENSG00000100519,PSMC6,17008,True,0.5994912104782252,1.8670186230079389,1.1257501,81,False,False,False,False,False,False,False,False
ENSG00000100100,ENSG00000100100,PIK3IP1,19261,True,0.6374403610576675,1.8799918646920963,1.0752691,81,False,False,False,False,False,False,False,False
ENSG00000169413,ENSG00000169413,RNASE6,15637,True,0.5579370177083383,1.856173651887758,0.9156412,81,False,False,False,False,False,False,False,False
ENSG00000158023,ENSG00000158023,CFAP251,1095,True,0.05450313835886051,1.899733816248186,0.9144025,81,False,False,False,False,False,False,False,False
ENSG00000179029,ENSG00000179029,TMEM107,7657,True,0.3069446684241871,1.8401088476200727,0.8883449,81,False,False,False,False,False,False,False,False
ENSG00000132842,ENSG00000132842,AP3B1,12346,True,0.4353460433912671,1.837385037130549,0.8832184,81,False,False,False,False,False,False,False,False
ENSG00000183486,ENSG00000183486,MX2,8108,True,0.30550174382158907,1.8241495368795078,0.78137785,81,False,False,False,False,False,False,False,True
ENSG00000114861,ENSG00000114861,FOXP1,46308,True,1.3290730557316899,1.9343373030257103,0.73686504,81,False,False,False,False,False,False,False,False
ENSG00000270022,ENSG00000270022,ENSG00000270022,3105,True,0.13662628370920332,1.8545948954507623,0.7110099,81,False,False,False,False,False,False,False,False
ENSG00000154655,ENSG00000154655,L3MBTL4,1350,True,0.0584437704068183,1.8321058979382696,0.6034846,81,False,False,False,False,False,False,False,False
ENSG00000164182,ENSG00000164182,NDUFAF2,5980,True,0.23505355254010657,1.825258636091341,0.5916194,81,False,False,False,False,False,False,False,False
ENSG00000263327,ENSG00000263327,TAPT1-AS1,1489,True,0.06142749329625563,1.828752137360308,0.58312064,81,False,False,False,False,False,False,False,False
ENSG00000176542,ENSG00000176542,USF3,7922,True,0.29053392446371035,1.8116627847056181,0.5723213,81,False,False,False,False,False,False,False,False
ENSG00000173875,ENSG00000173875,ZNF791,9491,True,0.3469879245195559,1.8076710680838899,0.5583463,81,False,False,False,False,False,False,False,False
ENSG00000180917,ENSG00000180917,CMTR2,4211,True,0.16438041070635953,1.8145779102266566,0.5543564,81,False,False,False,False,False,False,False,False
ENSG00000182568,ENSG00000182568,SATB1,5489,True,0.21333581436959384,1.812548821149328,0.5272597,81,False,False,False,False,False,False,False,False
ENSG00000167261,ENSG00000167261,DPEP2,7266,True,0.267384890555051,1.8045202506372675,0.5206703,81,False,False,False,False,False,False,False,False
ENSG00000123636,ENSG00000123636,BAZ2B,6790,True,0.247701795300016,1.8047082967720138,0.5188181,81,False,False,False,False,False,False,False,False
ENSG00000143641,ENSG00000143641,GALNT2,4638,True,0.177535524667249,1.8061566438258638,0.5018865,81,False,False,False,False,False,False,False,False
ENSG00000107902,ENSG00000107902,LHPP,6304,True,0.23855320371196598,1.8070627813881301,0.49957278,81,False,False,False,False,False,False,False,False
ENSG00000119684,ENSG00000119684,MLH3,3999,True,0.1540517938809397,1.8063920784953773,0.4870697,81,False,False,False,False,False,False,False,False
ENSG00000179743,ENSG00000179743,SPEN-AS1,5306,True,0.20454985296702038,1.8001919788082128,0.4798743,81,False,False,False,False,False,False,False,False
ENSG00000172071,ENSG00000172071,EIF2AK3,3723,True,0.14738340896883428,1.8014745758545798,0.47602972,81,False,False,False,False,False,False,False,False
ENSG00000115652,ENSG00000115652,UXS1,4859,True,0.18826018513932044,1.7952181789792372,0.45557356,81,False,False,False,False,False,False,False,False
ENSG00000189319,ENSG00000189319,FAM53B,4042,True,0.15403932707385606,1.79949590411537,0.45329398,81,False,False,False,False,False,False,False,False
ENSG00000180530,ENSG00000180530,NRIP1,4483,True,0.17070168013754153,1.7920968276910898,0.45255557,81,False,False,False,False,False,False,False,False
ENSG00000171291,ENSG00000171291,ZNF439,4747,True,0.17849594581692887,1.7969491157749702,0.45157215,81,False,False,False,False,False,False,False,False
ENSG00000130921,ENSG00000130921,MTRFR,5633,True,0.21027221017929174,1.79502754671296,0.44811115,81,False,False,False,False,False,False,False,False
ENSG00000272606,ENSG00000272606,PPP4R3B-DT,3114,True,0.12814058347152205,1.7950210772030466,0.44449332,81,False,False,False,False,False,False,False,False
ENSG00000172493,ENSG00000172493,AFF1,4880,True,0.18183316788733175,1.788548142815945,0.4326828,81,False,False,False,False,False,False,False,False
ENSG00000108960,ENSG00000108960,MMD,6030,True,0.23822659410349054,1.7892585975966562,0.4326755,81,False,False,False,False,False,False,False,False
ENSG00000089335,ENSG00000089335,ZNF302,6451,True,0.241525129078748,1.7884705852935883,0.43224227,81,False,False,False,False,False,False,False,False
ENSG00000232859,ENSG00000232859,LYRM9,4071,True,0.1596279782581085,1.7882563112886638,0.41404727,81,False,False,False,False,False,False,False,False
ENSG00000100483,ENSG00000100483,VCPKMT,6089,True,0.23173859898942994,1.7828655134660523,0.4035047,81,False,False,False,False,False,False,False,False
ENSG00000164331,ENSG00000164331,ANKRA2,5541,True,0.20882673105690766,1.7746172889691876,0.36416474,81,False,False,False,False,False,False,False,False
ENSG00000167740,ENSG00000167740,CYB5D2,2792,True,0.12348402864195375,2.010064692315965,1.3536353,80,False,False,False,False,False,False,False,False
ENSG00000185043,ENSG00000185043,CIB1,33044,True,1.013298639510162,1.942398846454767,1.0364174,80,False,False,False,False,False,False,False,False
ENSG00000069493,ENSG00000069493,CLEC2D,18991,True,0.6454164142492964,1.8548434663555455,0.8554969,80,False,False,False,False,False,False,False,False
ENSG00000253738,ENSG00000253738,OTUD6B-AS1,14165,True,0.5080698588832576,1.8325221548540482,0.8460007,80,False,False,False,False,False,False,False,False
ENSG00000167604,ENSG00000167604,NFKBID,16502,True,0.5483899770070986,1.842853274210222,0.8171725,80,False,False,False,False,False,False,False,False
ENSG00000130066,ENSG00000130066,SAT1,61447,True,1.6575508758379753,2.0199362010434934,0.7925338,80,False,False,False,False,False,False,False,False
ENSG00000167522,ENSG00000167522,ANKRD11,16930,True,0.5612935286866304,1.8345864242223024,0.77278537,80,False,False,False,False,False,False,False,False
ENSG00000137831,ENSG00000137831,UACA,1130,True,0.04903428901812832,1.8094572909889413,0.76771325,80,False,False,False,False,False,False,False,False
ENSG00000169507,ENSG00000169507,SLC38A11,1814,True,0.07768193246652891,1.8454608112040531,0.68638486,80,False,False,False,False,False,False,False,False
ENSG00000079950,ENSG00000079950,STX7,30097,True,0.9215579575330456,1.8756306033817436,0.66612554,80,False,False,False,False,False,False,False,False
ENSG00000226179,ENSG00000226179,LINC00685,2406,True,0.09811083455328955,1.8424892844950151,0.6660729,80,False,False,False,False,False,False,False,False
ENSG00000135315,ENSG00000135315,CEP162,2556,True,0.1054016780570533,1.8413758571294474,0.6513859,80,False,False,False,False,False,False,False,False
ENSG00000272256,ENSG00000272256,ENSG00000272256,7429,True,0.2739788360067868,1.816936101195371,0.6277512,80,False,False,False,False,False,False,False,False
ENSG00000109458,ENSG00000109458,GAB1,1647,True,0.06941869558686155,1.8358401120640477,0.6241195,80,False,False,False,False,False,False,False,False
ENSG00000188825,ENSG00000188825,LINC00910,3296,True,0.13144975807498036,1.8262263527126428,0.61269903,80,False,False,False,False,False,False,False,False
ENSG00000102804,ENSG00000102804,TSC22D1,3315,True,0.13944854241271656,1.8343125786447985,0.610455,80,False,False,False,False,False,False,False,False
ENSG00000174799,ENSG00000174799,CEP135,7172,True,0.26366795839893425,1.819877190540673,0.60917723,80,False,False,False,False,False,False,False,False
ENSG00000008083,ENSG00000008083,JARID2,8447,True,0.31595957746042047,1.8159386684333056,0.59866226,80,False,False,False,False,False,False,False,False
ENSG00000186056,ENSG00000186056,MATN1-AS1,1645,True,0.06883409382871603,1.795664234893951,0.57854605,80,False,False,False,False,False,False,False,False
ENSG00000183960,ENSG00000183960,KCNH8,1538,True,0.06376496909470702,1.8180212061611742,0.53803235,80,False,False,False,False,False,False,False,False
ENSG00000166707,ENSG00000166707,ZCCHC18,1560,True,0.06650634677686972,1.814356644820851,0.5268587,80,False,False,False,False,False,False,False,False
ENSG00000115993,ENSG00000115993,TRAK2,3508,True,0.13741668096482315,1.8057456568192032,0.49280673,80,False,False,False,False,False,False,False,False
ENSG00000152127,ENSG00000152127,MGAT5,3640,True,0.14071640343526193,1.8057025340623782,0.48150796,80,False,False,False,False,False,False,False,False
ENSG00000150995,ENSG00000150995,ITPR1,7174,True,0.2662303369405589,1.7999831005362552,0.47827074,80,False,False,False,False,False,False,False,False
ENSG00000154781,ENSG00000154781,CCDC174,7544,True,0.28199376054805375,1.8004887659536317,0.47385794,80,False,False,False,False,False,False,False,False
ENSG00000105738,ENSG00000105738,SIPA1L3,3969,True,0.15942156568548274,1.8000884155078274,0.47370395,80,False,False,False,False,False,False,False,False
ENSG00000246067,ENSG00000246067,RAB30-DT,5248,True,0.20117192568169837,1.7987180422005764,0.4731647,80,False,False,False,False,False,False,False,False
ENSG00000047644,ENSG00000047644,WWC3,3087,True,0.12037014207781009,1.8023240513301777,0.47146782,80,False,False,False,False,False,False,False,False
ENSG00000184305,ENSG00000184305,CCSER1,5013,True,0.1945340961490423,1.7945946968660478,0.47090903,80,False,False,False,False,False,False,False,False
ENSG00000243156,ENSG00000243156,MICAL3,6264,True,0.23005077848159106,1.7962409889579256,0.46528888,80,False,False,False,False,False,False,False,False
ENSG00000196247,ENSG00000196247,ZNF107,5951,True,0.21257470563299827,1.7987507559445497,0.4484879,80,False,False,False,False,False,False,False,False
ENSG00000197555,ENSG00000197555,SIPA1L1,5942,True,0.21821225453490659,1.788745033764031,0.44011226,80,False,False,False,False,False,False,False,False
ENSG00000181896,ENSG00000181896,ZNF101,5780,True,0.20891868418230403,1.7919368089041414,0.43905511,80,False,False,False,False,False,False,False,False
ENSG00000135318,ENSG00000135318,NT5E,4195,True,0.1653762946851052,1.7901761841763417,0.4340054,80,False,False,False,False,False,False,False,False
ENSG00000174428,ENSG00000174428,GTF2IRD2B,4429,True,0.16737217007222502,1.7949020174495571,0.43229985,80,False,False,False,False,False,False,False,False
ENSG00000173451,ENSG00000173451,THAP2,3882,True,0.15466972837001308,1.7896734828333456,0.43134746,80,False,False,False,False,False,False,False,False
ENSG00000196151,ENSG00000196151,WDSUB1,2762,True,0.1120822097145159,1.7907453994423108,0.429771,80,False,False,False,False,False,False,False,False
ENSG00000203880,ENSG00000203880,PCMTD2,5263,True,0.19829546716780164,1.7868203632903759,0.41580567,80,False,False,False,False,False,False,False,False
ENSG00000162702,ENSG00000162702,ZNF281,5454,True,0.20385995988022582,1.784681309029817,0.4080923,80,False,False,False,False,False,False,False,False
ENSG00000173960,ENSG00000173960,UBXN2A,5789,True,0.21101691481711288,1.7867867494902938,0.40614057,80,False,False,False,False,False,False,False,False
ENSG00000204977,ENSG00000204977,TRIM13,6021,True,0.22924933567130532,1.7854184987046802,0.40330577,80,False,False,False,False,False,False,False,False
ENSG00000163312,ENSG00000163312,HELQ,3224,True,0.1254260083673535,1.7836520145185697,0.39857948,80,False,False,False,False,False,False,False,False
ENSG00000142065,ENSG00000142065,ZFP14,4860,True,0.18386914304737828,1.7821300375293008,0.3979749,80,False,False,False,False,False,False,False,False
ENSG00000196911,ENSG00000196911,KPNA5,5024,True,0.19215860862214199,1.7807652016717923,0.37326622,80,False,False,False,False,False,False,False,False
ENSG00000131013,ENSG00000131013,PPIL4,6099,True,0.22366483092632283,1.7739311736549255,0.36811432,80,False,False,False,False,False,False,False,False
ENSG00000163322,ENSG00000163322,ABRAXAS1,4978,True,0.18505165581930386,1.7696437603974717,0.3448906,80,False,False,False,False,False,False,False,False
ENSG00000175455,ENSG00000175455,CCDC14,5737,True,0.21404711707615964,1.7662616821216,0.3251664,80,False,False,False,False,False,False,False,False
ENSG00000166562,ENSG00000166562,SEC11C,13676,True,0.4996888919399163,2.0169127035993855,2.7888339,79,False,False,False,False,False,False,False,False
ENSG00000133639,ENSG00000133639,BTG1,110731,True,3.089099378287221,2.507100081975859,1.3391131,79,False,False,False,False,False,False,False,False
ENSG00000197622,ENSG00000197622,CDC42SE1,23376,True,0.7910941078049466,1.9150351953523974,1.180448,79,False,False,False,False,False,False,False,False
ENSG00000119922,ENSG00000119922,IFIT2,2490,True,0.10242971901503162,1.914747841700571,0.95658237,79,False,False,False,False,False,False,False,True
ENSG00000054654,ENSG00000054654,SYNE2,9994,True,0.35134673349073536,1.839775627443491,0.94549054,79,False,False,False,False,False,False,False,False
ENSG00000137818,ENSG00000137818,RPLP1,120242,True,4.57896204670848,2.4049564624309028,0.8919499,79,False,False,False,False,False,False,False,False
ENSG00000145349,ENSG00000145349,CAMK2D,11012,True,0.40713892385145645,1.8379102039836892,0.86058676,79,False,False,False,False,False,False,False,False
ENSG00000179820,ENSG00000179820,MYADM,8819,True,0.3311923192045172,1.8408233881986695,0.85664666,79,False,False,False,False,False,False,False,False
ENSG00000171681,ENSG00000171681,ATF7IP,18050,True,0.5812619583813831,1.847415497872091,0.78589094,79,False,False,False,False,False,False,False,False
ENSG00000145088,ENSG00000145088,EAF2,30721,True,0.977020449402875,1.885517143882234,0.7858428,79,False,False,False,False,False,False,False,False
ENSG00000135116,ENSG00000135116,HRK,3212,True,0.12924026160970128,1.8681617778536783,0.7833073,79,False,False,False,False,False,False,False,False
ENSG00000255112,ENSG00000255112,CHMP1B,24280,True,0.789282892196892,1.869452574601613,0.77927136,79,False,False,False,False,False,False,False,False
ENSG00000228495,ENSG00000228495,LINC01013,2134,True,0.0937528996729308,1.8475876667041076,0.6951147,79,False,False,False,False,False,False,False,False
ENSG00000105926,ENSG00000105926,PALS2,4231,True,0.16735157504380066,1.8491618243302559,0.6858354,79,False,False,False,False,False,False,False,False
ENSG00000135968,ENSG00000135968,GCC2,25369,True,0.8088448853957183,1.853193730552237,0.6415392,79,False,False,False,False,False,False,False,False
ENSG00000138646,ENSG00000138646,HERC5,4195,True,0.16809560510078536,1.8265192101266647,0.5963966,79,False,False,False,False,False,False,False,True
ENSG00000127920,ENSG00000127920,GNG11,6645,True,0.25855158327478106,1.8122194112725603,0.5526005,79,False,False,False,False,False,False,False,False
ENSG00000138670,ENSG00000138670,RASGEF1B,6339,True,0.25034351818827594,1.8099970824108709,0.5278273,79,False,False,False,False,False,False,False,False
ENSG00000273247,ENSG00000273247,RAB33B-AS1,6714,True,0.2493534571086298,1.8038334809305645,0.51916623,79,False,False,False,False,False,False,False,False
ENSG00000184068,ENSG00000184068,SREBF2-AS1,2973,True,0.12409335994131573,1.804911026192304,0.5107593,79,False,False,False,False,False,False,False,False
ENSG00000271869,ENSG00000271869,DCTN6-DT,6178,True,0.25521633048967557,1.8021700900794977,0.5041145,79,False,False,False,False,False,False,False,False
ENSG00000162654,ENSG00000162654,GBP4,4822,True,0.18924642983394174,1.8051210442462917,0.49400637,79,False,False,False,False,False,False,False,False
ENSG00000144161,ENSG00000144161,ZC3H8,5929,True,0.22285286149998634,1.796015620991919,0.4887565,79,False,False,False,False,False,False,False,False
ENSG00000264247,ENSG00000264247,ZNF407-AS1,4046,True,0.1545920537257897,1.7999284500733024,0.47184917,79,False,False,False,False,False,False,False,False
ENSG00000188177,ENSG00000188177,ZC3H6,4309,True,0.16723250947613583,1.7985035019411273,0.4649838,79,False,False,False,False,False,False,False,False
ENSG00000155903,ENSG00000155903,RASA2,8690,True,0.31259342017062636,1.7992110215876187,0.46308073,79,False,False,False,False,False,False,False,False
ENSG00000160953,ENSG00000160953,PWWP3A,4450,True,0.17848703264879803,1.7970576940555958,0.45628425,79,False,False,False,False,False,False,False,False
ENSG00000178852,ENSG00000178852,EFCAB13,2801,True,0.10627724344438381,1.7986078695580885,0.45524892,79,False,False,False,False,False,False,False,False
ENSG00000165275,ENSG00000165275,TRMT10B,4068,True,0.1575904108412727,1.7953698431802239,0.4513359,79,False,False,False,False,False,False,False,False
ENSG00000253535,ENSG00000253535,ADAM7-AS1,1542,True,0.06418815696557732,1.7935211044391866,0.43514204,79,False,False,False,False,False,False,False,False
ENSG00000072858,ENSG00000072858,SIDT1,4630,True,0.17459157949370388,1.7880411977364368,0.42567268,79,False,False,False,False,False,False,False,False
ENSG00000166947,ENSG00000166947,EPB42,3247,True,0.1318686348311034,1.7909783538690045,0.4253046,79,False,False,False,False,False,False,False,False
ENSG00000244479,ENSG00000244479,OR2A1-AS1,2035,True,0.0848230714193443,1.7896218126216745,0.4246365,79,False,False,False,False,False,False,False,False
ENSG00000185298,ENSG00000185298,CCDC137,5734,True,0.2140787399040726,1.7878927677170267,0.41676795,79,False,False,False,False,False,False,False,False
ENSG00000272994,ENSG00000272994,C2orf49-DT,3451,True,0.13417184499979892,1.788686481038409,0.41403654,79,False,False,False,False,False,False,False,False
ENSG00000048392,ENSG00000048392,RRM2B,3052,True,0.11922195897167603,1.7836108665845885,0.40020937,79,False,False,False,False,False,False,False,False
ENSG00000162227,ENSG00000162227,TAF6L,2918,True,0.11579508277585225,1.7835350423542844,0.39879858,79,False,False,False,False,False,False,False,False
ENSG00000108651,ENSG00000108651,UTP6,5375,True,0.20227011271129933,1.7857078109491353,0.3983694,79,False,False,False,False,False,False,False,False
ENSG00000196268,ENSG00000196268,ZNF493,6032,True,0.2307186980489696,1.781082187818012,0.3916736,79,False,False,False,False,False,False,False,False
ENSG00000162819,ENSG00000162819,BROX,6871,True,0.25624360834379784,1.779108980582103,0.3764482,79,False,False,False,False,False,False,False,False
ENSG00000206527,ENSG00000206527,HACD2,3521,True,0.1323485353500171,1.776089749622306,0.36322072,79,False,False,False,False,False,False,False,False
ENSG00000155111,ENSG00000155111,CDK19,3331,True,0.1301292877815196,1.7720949106107242,0.35252866,79,False,False,False,False,False,False,False,False
ENSG00000075790,ENSG00000075790,BCAP29,6313,True,0.23683387243220447,1.7728084862041398,0.34893847,79,False,False,False,False,False,False,False,False
ENSG00000155660,ENSG00000155660,PDIA4,6696,True,0.26176113917470456,1.8814929327278174,1.1106663,78,False,False,False,False,False,False,False,False
ENSG00000232442,ENSG00000232442,MHENCR,12296,True,0.44991680172320214,1.8379898818742613,0.9159462,78,False,False,False,False,False,False,False,False
ENSG00000155329,ENSG00000155329,ZCCHC10,13131,True,0.47692061792865786,1.837914004543273,0.90333205,78,False,False,False,False,False,False,False,False
ENSG00000271614,ENSG00000271614,ATP2B1-AS1,16316,True,0.5771792997065118,1.8468191209275446,0.8907715,78,False,False,False,False,False,False,False,False
ENSG00000143353,ENSG00000143353,LYPLAL1,9017,True,0.33789101141271927,1.8341420516878957,0.8506274,78,False,False,False,False,False,False,False,False
ENSG00000163534,ENSG00000163534,FCRL1,20023,True,0.6571878277909182,1.8616524412782864,0.84286016,78,False,False,False,False,False,False,False,False
ENSG00000196154,ENSG00000196154,S100A4,64084,True,1.7418192280242848,2.0678737552588657,0.8363931,78,False,False,False,False,False,False,False,False
ENSG00000151320,ENSG00000151320,AKAP6,495,True,0.02226384013476496,1.778070509826261,0.7852276,78,False,False,False,False,False,False,False,False
ENSG00000226752,ENSG00000226752,CUTALP,10925,True,0.40097111881154496,1.8213148388640321,0.7251136,78,False,False,False,False,False,False,False,False
ENSG00000168497,ENSG00000168497,CAVIN2,4188,True,0.1695719443913716,1.8462812231183734,0.6769218,78,False,False,False,False,False,False,False,False
ENSG00000155368,ENSG00000155368,DBI,40031,True,1.1734768362498504,1.8822245064694265,0.57044613,78,False,False,False,False,False,False,False,False
ENSG00000109321,ENSG00000109321,AREG,2041,True,0.09181407894021953,1.8227569973607636,0.5695273,78,False,False,False,False,False,False,False,False
ENSG00000182405,ENSG00000182405,PGBD4,1502,True,0.06199345420626406,1.8176674833728115,0.5564525,78,False,False,False,False,False,False,False,False
ENSG00000198598,ENSG00000198598,MMP17,1051,True,0.04775802578267763,1.8096700656235596,0.51804674,78,False,False,False,False,False,False,False,False
ENSG00000234705,ENSG00000234705,HMGA1P4,3422,True,0.14607962757310394,1.8061223895546705,0.5049777,78,False,False,False,False,False,False,False,False
ENSG00000068650,ENSG00000068650,ATP11A,1953,True,0.0776915065981756,1.8055064130494656,0.49714908,78,False,False,False,False,False,False,False,False
ENSG00000065883,ENSG00000065883,CDK13,7493,True,0.25820433455279584,1.7955038312672054,0.49203253,78,False,False,False,False,False,False,False,False
ENSG00000080608,ENSG00000080608,PUM3,7642,True,0.2785110689977204,1.8021797644160804,0.49052516,78,False,False,False,False,False,False,False,False
ENSG00000103522,ENSG00000103522,IL21R,1394,True,0.05982879038561617,1.8044383282878387,0.48905218,78,False,False,False,False,False,False,False,False
ENSG00000145390,ENSG00000145390,USP53,3216,True,0.12350979975111008,1.805594068059424,0.4845908,78,False,False,False,False,False,False,False,False
ENSG00000187824,ENSG00000187824,TMEM220,923,True,0.03946530828063924,1.8033268191350076,0.48357067,78,False,False,False,False,False,False,False,False
ENSG00000273148,ENSG00000273148,LCDR,1855,True,0.07588472182319818,1.8012388433037876,0.47109982,78,False,False,False,False,False,False,False,False
ENSG00000184220,ENSG00000184220,CMSS1,6099,True,0.2355645643140252,1.7964204316253265,0.46209934,78,False,False,False,False,False,False,False,False
ENSG00000166004,ENSG00000166004,CEP295,3775,True,0.1430194532814486,1.7935819648485631,0.4501025,78,False,False,False,False,False,False,False,False
ENSG00000184208,ENSG00000184208,C22orf46P,3079,True,0.12225621198671818,1.7977677324872239,0.44459867,78,False,False,False,False,False,False,False,False
ENSG00000160683,ENSG00000160683,CXCR5,6961,True,0.25647823219723676,1.80164425073529,0.44204772,78,False,False,False,False,False,False,False,False
ENSG00000104064,ENSG00000104064,GABPB1,4028,True,0.15237055930476132,1.7926375433606891,0.43923637,78,False,False,False,False,False,False,False,False
ENSG00000132510,ENSG00000132510,KDM6B,6278,True,0.23869258511951494,1.788889884497341,0.4323628,78,False,False,False,False,False,False,False,False
ENSG00000033867,ENSG00000033867,SLC4A7,6235,True,0.23332515598347214,1.7924265673437267,0.42768437,78,False,False,False,False,False,False,False,False
ENSG00000235194,ENSG00000235194,PPP1R3E,3770,True,0.14431195356772403,1.7878227002889502,0.4224509,78,False,False,False,False,False,False,False,False
ENSG00000047365,ENSG00000047365,ARAP2,7236,True,0.2590893965210442,1.7847342236082249,0.41503212,78,False,False,False,False,False,False,False,False
ENSG00000163510,ENSG00000163510,CWC22,5008,True,0.18910110367288374,1.7853621533726427,0.40734437,78,False,False,False,False,False,False,False,False
ENSG00000140386,ENSG00000140386,SCAPER,6028,True,0.22527521761962624,1.7858778358586442,0.4024702,78,False,False,False,False,False,False,False,False
ENSG00000046653,ENSG00000046653,GPM6B,3643,True,0.15205409538996456,1.78453848559277,0.4021339,78,False,False,False,False,False,False,False,False
ENSG00000100281,ENSG00000100281,HMGXB4,5928,True,0.2155577515995935,1.7832708003932867,0.40110755,78,False,False,False,False,False,False,False,False
ENSG00000128908,ENSG00000128908,INO80,5182,True,0.188785200622525,1.7845921040171895,0.400229,78,False,False,False,False,False,False,False,False
ENSG00000181026,ENSG00000181026,AEN,3624,True,0.1367403078076957,1.7838911620248696,0.39680937,78,False,False,False,False,False,False,False,False
ENSG00000185973,ENSG00000185973,TMLHE,2747,True,0.11148209214039682,1.783918301367791,0.39307892,78,False,False,False,False,False,False,False,False
ENSG00000075089,ENSG00000075089,ACTR6,6499,True,0.24398872163024327,1.7826664945976418,0.3903658,78,False,False,False,False,False,False,False,False
ENSG00000188295,ENSG00000188295,ZNF669,4894,True,0.18479935398456135,1.7830914040897896,0.3843369,78,False,False,False,False,False,False,False,False
ENSG00000126070,ENSG00000126070,AGO3,5241,True,0.1922221735870634,1.7781363149630707,0.37625197,78,False,False,False,False,False,False,False,False
ENSG00000179583,ENSG00000179583,CIITA,6294,True,0.22936240804520952,1.7815425070556172,0.37136528,78,False,False,False,False,False,False,False,False
ENSG00000156650,ENSG00000156650,KAT6B,6853,True,0.24433930189948735,1.7830332890258367,0.37135062,78,False,False,False,False,False,False,False,False
ENSG00000121879,ENSG00000121879,PIK3CA,4815,True,0.18154496909011947,1.7769418725568322,0.36930227,78,False,False,False,False,False,False,False,False
ENSG00000215908,ENSG00000215908,CROCCP2,3790,True,0.14220321776888786,1.7751361757693638,0.36874855,78,False,False,False,False,False,False,False,False
ENSG00000166927,ENSG00000166927,MS4A7,5206,True,0.20182146555120398,1.775852844919092,0.3677424,78,False,False,False,False,False,False,False,False
ENSG00000118263,ENSG00000118263,KLF7,3819,True,0.143096747835956,1.7735117437135235,0.3643195,78,False,False,False,False,False,False,False,False
ENSG00000236778,ENSG00000236778,INTS6-AS1,3009,True,0.12058724797094827,1.7757603169952931,0.363049,78,False,False,False,False,False,False,False,False
ENSG00000231663,ENSG00000231663,COA6-AS1,3556,True,0.1468153043177577,1.7776270204533433,0.36175266,78,False,False,False,False,False,False,False,False
ENSG00000166266,ENSG00000166266,CUL5,7081,True,0.2571304302303645,1.7740630351071267,0.3597725,78,False,False,False,False,False,False,False,False
ENSG00000205758,ENSG00000205758,CRYZL1,6559,True,0.24387890301924708,1.7744167437385643,0.35937512,78,False,False,False,False,False,False,False,False
ENSG00000175727,ENSG00000175727,MLXIP,5122,True,0.18849448725016896,1.7746387860832549,0.3591251,78,False,False,False,False,False,False,False,False
ENSG00000139636,ENSG00000139636,LMBR1L,4740,True,0.1762505134591804,1.7742528828650779,0.35771996,78,False,False,False,False,False,False,False,False
ENSG00000113595,ENSG00000113595,TRIM23,1732,True,0.0690961036847114,1.7692948845293264,0.35568202,78,False,False,False,False,False,False,False,False
ENSG00000135916,ENSG00000135916,ITM2C,11403,True,0.41833963317693323,1.9781558936156862,2.306582,77,False,False,False,False,False,False,False,False
ENSG00000086062,ENSG00000086062,B4GALT1,13305,True,0.49428919951416167,1.9015319406846205,1.5126116,77,False,False,False,False,False,False,False,False
ENSG00000156265,ENSG00000156265,MAP3K7CL,6551,True,0.25880086386655843,1.8531085608564362,0.975572,77,False,False,False,False,False,False,False,False
ENSG00000198157,ENSG00000198157,HMGN5,1185,True,0.054681803621409335,1.909553840351147,0.95476276,77,False,False,False,False,False,False,False,False
ENSG00000154146,ENSG00000154146,NRGN,4563,True,0.18841178706286268,1.8834067278894884,0.89172906,77,False,False,False,False,False,False,False,False
ENSG00000004468,ENSG00000004468,CD38,4522,True,0.1807800878575851,1.8670986438843167,0.79420054,77,False,False,False,False,False,False,False,False
ENSG00000164649,ENSG00000164649,CDCA7L,18238,True,0.6170271279322443,1.8428833543857785,0.7680865,77,False,False,False,False,False,False,False,False
ENSG00000095794,ENSG00000095794,CREM,5750,True,0.2222079511753859,1.8224523226074767,0.71361566,77,False,False,False,False,False,False,False,False
ENSG00000158481,ENSG00000158481,CD1C,6971,True,0.2527246798563386,1.8250718557407846,0.6868021,77,False,False,False,False,False,False,False,False
ENSG00000146757,ENSG00000146757,ZNF92,10407,True,0.35761725349024726,1.8213874379729327,0.6758117,77,False,False,False,False,False,False,False,False
ENSG00000112320,ENSG00000112320,SOBP,1201,True,0.05306231742855345,1.832602915023391,0.6128213,77,False,False,False,False,False,False,False,False
ENSG00000048471,ENSG00000048471,SNX29,12951,True,0.450818767540846,1.8176485576923633,0.60645455,77,False,False,False,False,False,False,False,False
ENSG00000143110,ENSG00000143110,C1orf162,24573,True,0.8033857300811829,1.8469405351929908,0.603451,77,False,False,False,False,False,False,False,False
ENSG00000268804,ENSG00000268804,LINC02132,1072,True,0.04842560202696264,1.8237896217828435,0.58300143,77,False,False,False,False,False,False,False,False
ENSG00000230489,ENSG00000230489,VAV3-AS1,1717,True,0.07522483631721599,1.8218488057951383,0.56725514,77,False,False,False,False,False,False,False,False
ENSG00000198046,ENSG00000198046,ZNF667,1146,True,0.05022814056717537,1.7798848000792005,0.5333475,77,False,False,False,False,False,False,False,False
ENSG00000131781,ENSG00000131781,FMO5,1381,True,0.05873098529356027,1.8140777058438085,0.5320394,77,False,False,False,False,False,False,False,False
ENSG00000236304,ENSG00000236304,ENSG00000236304,1503,True,0.06559373116617812,1.8183193556920019,0.5261256,77,False,False,False,False,False,False,False,False
ENSG00000137965,ENSG00000137965,IFI44,6546,True,0.25268801365465693,1.8035464586188987,0.52319336,77,False,False,False,False,False,False,False,True
ENSG00000246851,ENSG00000246851,ENSG00000246851,5560,True,0.22937700217713414,1.8083213019448647,0.5201569,77,False,False,False,False,False,False,False,False
ENSG00000164442,ENSG00000164442,CITED2,7647,True,0.2780885950186846,1.7998483470970212,0.5199039,77,False,False,False,False,False,False,False,False
ENSG00000077044,ENSG00000077044,DGKD,9768,True,0.3434583669066254,1.8041614264951413,0.50530607,77,False,False,False,False,False,False,False,False
ENSG00000247516,ENSG00000247516,MIR4458HG,2316,True,0.10195340640452785,1.809382574673856,0.50312614,77,False,False,False,False,False,False,False,False
ENSG00000124374,ENSG00000124374,PAIP2B,1742,True,0.07407361619086238,1.8078070372606918,0.49629882,77,False,False,False,False,False,False,False,False
ENSG00000109929,ENSG00000109929,SC5D,3572,True,0.14035577532044294,1.8047859676808466,0.49043426,77,False,False,False,False,False,False,False,False
ENSG00000173145,ENSG00000173145,NOC3L,7125,True,0.2616828627147841,1.7929250931802976,0.48599038,77,False,False,False,False,False,False,False,False
ENSG00000179523,ENSG00000179523,EIF3J-DT,2994,True,0.12319479045319254,1.8040391417099118,0.48474112,77,False,False,False,False,False,False,False,False
ENSG00000126870,ENSG00000126870,DYNC2I1,4427,True,0.16815719130392096,1.800703041488854,0.48017564,77,False,False,False,False,False,False,False,False
ENSG00000246263,ENSG00000246263,UBR5-DT,1966,True,0.07648250861577616,1.798704448495217,0.46412578,77,False,False,False,False,False,False,False,False
ENSG00000132819,ENSG00000132819,RBM38,8945,True,0.32391212109450584,1.8026550230134888,0.46396336,77,False,False,False,False,False,False,False,False
ENSG00000239569,ENSG00000239569,KMT2E-AS1,8081,True,0.3133710146942786,1.7892746173725362,0.46002394,77,False,False,False,False,False,False,False,False
ENSG00000145365,ENSG00000145365,TIFA,7835,True,0.27984972547057835,1.7903954429842577,0.4553928,77,False,False,False,False,False,False,False,False
ENSG00000234028,ENSG00000234028,EIF2AK3-DT,1244,True,0.05152874860083311,1.7961265878762651,0.4549939,77,False,False,False,False,False,False,False,False
ENSG00000152133,ENSG00000152133,GPATCH11,5564,True,0.20941821954497197,1.7931091046084966,0.45436326,77,False,False,False,False,False,False,False,False
ENSG00000271646,ENSG00000271646,IRF2-DT,1492,True,0.059446248269311,1.7949163272160582,0.45375544,77,False,False,False,False,False,False,False,False
ENSG00000197457,ENSG00000197457,STMN3,6497,True,0.24214478775197204,1.7982009286795249,0.4520448,77,False,False,False,False,False,False,False,False
ENSG00000254635,ENSG00000254635,WAC-AS1,5753,True,0.21100510885797338,1.788748992277621,0.44465235,77,False,False,False,False,False,False,False,False
ENSG00000163596,ENSG00000163596,ICA1L,4919,True,0.18490853962505768,1.7942944165651546,0.43978935,77,False,False,False,False,False,False,False,False
ENSG00000151657,ENSG00000151657,KIN,6071,True,0.2277282382837745,1.787529553954437,0.43920717,77,False,False,False,False,False,False,False,False
ENSG00000261064,ENSG00000261064,LINC02256,2542,True,0.10309008662042922,1.7917948893265903,0.43116674,77,False,False,False,False,False,False,False,False
ENSG00000125731,ENSG00000125731,SH2D3A,3373,True,0.12744494698856512,1.7851010119453832,0.4255561,77,False,False,False,False,False,False,False,False
ENSG00000155093,ENSG00000155093,PTPRN2,3274,True,0.13063241581631196,1.7899385990930683,0.42490426,77,False,False,False,False,False,False,False,False
ENSG00000170004,ENSG00000170004,CHD3,4492,True,0.17092708095704442,1.7879969921329684,0.42202038,77,False,False,False,False,False,False,False,False
ENSG00000142856,ENSG00000142856,ITGB3BP,7057,True,0.2633641015194381,1.7816921395964136,0.41514537,77,False,False,False,False,False,False,False,False
ENSG00000272447,ENSG00000272447,ENSG00000272447,1894,True,0.0789141138257434,1.7858038820679525,0.41376874,77,False,False,False,False,False,False,False,False
ENSG00000162241,ENSG00000162241,SLC25A45,7428,True,0.26556836655902,1.7848622360097766,0.41210198,77,False,False,False,False,False,False,False,False
ENSG00000122483,ENSG00000122483,CCDC18,4111,True,0.154440738054916,1.7840785129544927,0.4099754,77,False,False,False,False,False,False,False,False
ENSG00000011523,ENSG00000011523,CEP68,2760,True,0.10476892442949812,1.7835955358207691,0.4041839,77,False,False,False,False,False,False,False,False
ENSG00000122591,ENSG00000122591,HYCC1,4456,True,0.17317714479165514,1.782888051304257,0.40303594,77,False,False,False,False,False,False,False,False
ENSG00000196214,ENSG00000196214,ZNF766,4977,True,0.18670443439926154,1.7831056541668906,0.40293565,77,False,False,False,False,False,False,False,False
ENSG00000178567,ENSG00000178567,EPM2AIP1,7932,True,0.2828147518877277,1.7816165255874699,0.39145893,77,False,False,False,False,False,False,False,False
ENSG00000112309,ENSG00000112309,B3GAT2,5461,True,0.22022364731708907,1.7789713310981587,0.39075646,77,False,False,False,False,False,False,False,False
ENSG00000078596,ENSG00000078596,ITM2A,5363,True,0.20902743308261854,1.7779836171249597,0.3875542,77,False,False,False,False,False,False,False,False
ENSG00000273344,ENSG00000273344,PAXIP1-DT,5354,True,0.20339376424108507,1.7794042223896083,0.3858464,77,False,False,False,False,False,False,False,False
ENSG00000197579,ENSG00000197579,TOPORS,7449,True,0.27581738512266635,1.7797424208231056,0.38082755,77,False,False,False,False,False,False,False,False
ENSG00000135951,ENSG00000135951,TSGA10,2952,True,0.11641740757913449,1.7787081484167067,0.37573963,77,False,False,False,False,False,False,False,False
ENSG00000102226,ENSG00000102226,USP11,4877,True,0.17996096406115603,1.7768466491063577,0.37361896,77,False,False,False,False,False,False,False,False
ENSG00000171132,ENSG00000171132,PRKCE,3014,True,0.11677499099448209,1.7774209684849198,0.36947533,77,False,False,False,False,False,False,False,False
ENSG00000067533,ENSG00000067533,RRP15,6049,True,0.22600095978807114,1.7757457932664558,0.36727065,77,False,False,False,False,False,False,False,False
ENSG00000121749,ENSG00000121749,TBC1D15,5785,True,0.21555334787523614,1.7742882121352004,0.36673877,77,False,False,False,False,False,False,False,False
ENSG00000214717,ENSG00000214717,ZBED1,3810,True,0.14111177115019258,1.7741263213013345,0.36658615,77,False,False,False,False,False,False,False,False
ENSG00000183891,ENSG00000183891,TTC32,5604,True,0.22065240782624834,1.773814983059529,0.35634157,77,False,False,False,False,False,False,False,False
ENSG00000124508,ENSG00000124508,BTN2A2,4977,True,0.18595530589015777,1.7732094974994974,0.35515994,77,False,False,False,False,False,False,False,False
ENSG00000267040,ENSG00000267040,ATP8B1-AS1,6140,True,0.22629808098254206,1.770099235759203,0.3452375,77,False,False,False,False,False,False,False,False
ENSG00000104343,ENSG00000104343,UBE2W,6376,True,0.2431821998163214,1.7744841408913314,0.33690193,77,False,False,False,False,False,False,False,False
ENSG00000182162,ENSG00000182162,P2RY8,7683,True,0.2719380329773955,1.7735081761220364,0.32484546,77,False,False,False,False,False,False,False,False
ENSG00000198740,ENSG00000198740,ZNF652,7163,True,0.2598602634616515,1.7723830787030415,0.31141534,77,False,False,False,False,False,False,False,False
ENSG00000221821,ENSG00000221821,C6orf226,5719,True,0.22023450743776693,1.7627357980079035,0.30147153,77,False,False,False,False,False,False,False,False
ENSG00000197045,ENSG00000197045,GMFB,7296,True,0.26736091479763346,1.7619335869945063,0.2818079,77,False,False,False,False,False,False,False,False
ENSG00000074842,ENSG00000074842,MYDGF,11509,True,0.4224112760805017,1.9146455059243268,1.7036304,76,False,False,False,False,False,False,False,False
ENSG00000075624,ENSG00000075624,ACTB,112086,True,3.1598595140884167,2.3957839629583235,1.0726002,76,False,False,False,False,False,False,False,False
ENSG00000185885,ENSG00000185885,IFITM1,13203,True,0.48818697484413054,1.8720638253941049,1.0183183,76,False,False,False,False,False,False,False,True
ENSG00000055332,ENSG00000055332,EIF2AK2,15452,True,0.5297675603983226,1.8492133430637656,0.8845133,76,False,False,False,False,False,False,False,False
ENSG00000089048,ENSG00000089048,ESF1,12120,True,0.44350739452581833,1.8275437295266983,0.80720735,76,False,False,False,False,False,False,False,False
ENSG00000115415,ENSG00000115415,STAT1,10806,True,0.3894860537552921,1.821814936951847,0.77758986,76,False,False,False,False,False,False,False,True
ENSG00000135074,ENSG00000135074,ADAM19,10383,True,0.37985649151471557,1.8241729732970873,0.75680286,76,False,False,False,False,False,False,False,False
ENSG00000166428,ENSG00000166428,PLD4,8675,True,0.31690843401744967,1.8165142176514861,0.7259806,76,False,False,False,False,False,False,False,False
ENSG00000181788,ENSG00000181788,SIAH2,9855,True,0.37042829589090936,1.819166689048425,0.6867404,76,False,False,False,False,False,False,False,False
ENSG00000122644,ENSG00000122644,ARL4A,25667,True,0.8332865198282139,1.8632517970439009,0.67760646,76,False,False,False,False,False,False,False,False
ENSG00000154380,ENSG00000154380,ENAH,654,True,0.030265382951977223,1.8134085342154895,0.661517,76,False,False,False,False,False,False,False,False
ENSG00000260979,ENSG00000260979,USP7-AS1,1086,True,0.04800245720425164,1.846288951441566,0.6608573,76,False,False,False,False,False,False,False,False
ENSG00000135678,ENSG00000135678,CPM,1056,True,0.04754994615731361,1.8400493744736364,0.6417218,76,False,False,False,False,False,False,False,False
ENSG00000271938,ENSG00000271938,ENSG00000271938,876,True,0.04047316636237453,1.8232914737895596,0.58915406,76,False,False,False,False,False,False,False,False
ENSG00000087074,ENSG00000087074,PPP1R15A,42618,True,1.2205402392376825,1.9098931894662579,0.5406656,76,False,False,False,False,False,False,False,False
ENSG00000229989,ENSG00000229989,MIR181A1HG,1823,True,0.07338802745326894,1.8132340027394882,0.53150046,76,False,False,False,False,False,False,False,False
ENSG00000152558,ENSG00000152558,TMEM123,30964,True,0.9395345675923704,1.8574342677891662,0.524909,76,False,False,False,False,False,False,False,False
ENSG00000133134,ENSG00000133134,BEX2,8280,True,0.3117986931026153,1.7967885980994245,0.5089184,76,False,False,False,False,False,False,False,False
ENSG00000164169,ENSG00000164169,PRMT9,4501,True,0.1850907234614204,1.8018281958450688,0.5022562,76,False,False,False,False,False,False,False,False
ENSG00000198520,ENSG00000198520,ARMH1,4943,True,0.186302269279365,1.802508579773155,0.48588338,76,False,False,False,False,False,False,False,False
ENSG00000268362,ENSG00000268362,ENSG00000268362,1452,True,0.05944208698711718,1.8039012512769228,0.48163477,76,False,False,False,False,False,False,False,False
ENSG00000072736,ENSG00000072736,NFATC3,9063,True,0.3289704513871715,1.7966580036856987,0.4692802,76,False,False,False,False,False,False,False,False
ENSG00000091879,ENSG00000091879,ANGPT2,1981,True,0.07753957850779113,1.796701743738263,0.4657119,76,False,False,False,False,False,False,False,False
ENSG00000174500,ENSG00000174500,GCSAM,2667,True,0.10395519894544024,1.7941599144972782,0.4566238,76,False,False,False,False,False,False,False,False
ENSG00000198498,ENSG00000198498,TMA16,6672,True,0.24715272323903117,1.7950413173980702,0.45178705,76,False,False,False,False,False,False,False,False
ENSG00000138381,ENSG00000138381,ASNSD1,6151,True,0.23114023151430346,1.7968929458744538,0.44935787,76,False,False,False,False,False,False,False,False
ENSG00000236287,ENSG00000236287,ZBED5,8182,True,0.30636658430611124,1.7891927904549774,0.4472814,76,False,False,False,False,False,False,False,False
ENSG00000272677,ENSG00000272677,HNRNPD-DT,2724,True,0.11582303820228766,1.7963112195800413,0.4399075,76,False,False,False,False,False,False,False,False
ENSG00000166313,ENSG00000166313,APBB1,1230,True,0.04889916585020074,1.7952639275781748,0.43943322,76,False,False,False,False,False,False,False,False
ENSG00000151748,ENSG00000151748,SAV1,4701,True,0.17979236112450114,1.79338210387705,0.43530548,76,False,False,False,False,False,False,False,False
ENSG00000121766,ENSG00000121766,ZCCHC17,6486,True,0.23767582895715966,1.7893851838099204,0.43433824,76,False,False,False,False,False,False,False,False
ENSG00000146802,ENSG00000146802,TMEM168,2133,True,0.08320372439299621,1.7929700811273812,0.4340869,76,False,False,False,False,False,False,False,False
ENSG00000133104,ENSG00000133104,SPART,3076,True,0.12142886139784688,1.7911052445996647,0.43368998,76,False,False,False,False,False,False,False,False
ENSG00000160602,ENSG00000160602,NEK8,4782,True,0.17995690400740508,1.7912843148282311,0.42040646,76,False,False,False,False,False,False,False,False
ENSG00000198521,ENSG00000198521,ZNF43,3890,True,0.14186352869985527,1.7866724229564184,0.4105726,76,False,False,False,False,False,False,False,False
ENSG00000223547,ENSG00000223547,ZNF844,2922,True,0.11058598013800774,1.7880310026993547,0.4100365,76,False,False,False,False,False,False,False,False
ENSG00000173064,ENSG00000173064,HECTD4,3524,True,0.13374120345920815,1.7880441660170954,0.4083146,76,False,False,False,False,False,False,False,False
ENSG00000152457,ENSG00000152457,DCLRE1C,6079,True,0.2237005171978282,1.7908723370630546,0.4038365,76,False,False,False,False,False,False,False,False
ENSG00000107362,ENSG00000107362,ABHD17B,3671,True,0.13880814889997775,1.7835939251735466,0.4014025,76,False,False,False,False,False,False,False,False
ENSG00000228801,ENSG00000228801,PCMTD1-DT,2632,True,0.10400630746022203,1.7840885720834876,0.39725277,76,False,False,False,False,False,False,False,False
ENSG00000189042,ENSG00000189042,ZNF567,2766,True,0.11089680280751414,1.781072733035831,0.39048958,76,False,False,False,False,False,False,False,False
ENSG00000164951,ENSG00000164951,PDP1,2542,True,0.09792432111182156,1.7802274521352353,0.38294676,76,False,False,False,False,False,False,False,False
ENSG00000167842,ENSG00000167842,MIS12,3078,True,0.11675050307213065,1.780339953164588,0.37711668,76,False,False,False,False,False,False,False,False
ENSG00000114450,ENSG00000114450,GNB4,3268,True,0.1246429175790636,1.7793286367460512,0.37598187,76,False,False,False,False,False,False,False,False
ENSG00000175155,ENSG00000175155,YPEL2,4298,True,0.15855147835848032,1.7766164083680833,0.36881167,76,False,False,False,False,False,False,False,False
ENSG00000196275,ENSG00000196275,GTF2IRD2,3326,True,0.1268285307836822,1.7800432935857196,0.367418,76,False,False,False,False,False,False,False,False
ENSG00000015676,ENSG00000015676,NUDCD3,7293,True,0.27408002639713847,1.773657111582326,0.36432496,76,False,False,False,False,False,False,False,False
ENSG00000141425,ENSG00000141425,RPRD1A,5006,True,0.19151457115748594,1.7754272743594455,0.35241234,76,False,False,False,False,False,False,False,False
ENSG00000166949,ENSG00000166949,SMAD3,5375,True,0.20199324344138167,1.7720506296838265,0.3472674,76,False,False,False,False,False,False,False,False
ENSG00000178878,ENSG00000178878,APOLD1,3028,True,0.13220661334906175,1.7731628152007595,0.34499207,76,False,False,False,False,False,False,False,False
ENSG00000136273,ENSG00000136273,HUS1,5026,True,0.18957051700910926,1.7703240771693822,0.34177774,76,False,False,False,False,False,False,False,False
ENSG00000254682,ENSG00000254682,DHCR7-DT,4766,True,0.18105679059939603,1.7668635930374605,0.33055168,76,False,False,False,False,False,False,False,False
ENSG00000025800,ENSG00000025800,KPNA6,5351,True,0.19733604647410152,1.7598305456153656,0.2929604,76,False,False,False,False,False,False,False,False
ENSG00000169249,ENSG00000169249,ZRSR2,13023,True,0.46443241490638515,1.8136066979876366,0.6267094,75,False,False,False,False,False,False,False,False
ENSG00000122986,ENSG00000122986,HVCN1,33161,True,1.0088081727156286,1.8713671907727338,0.61675954,75,False,False,False,False,False,False,False,False
ENSG00000121570,ENSG00000121570,DPPA4,513,True,0.024322943587328612,1.7983916741588175,0.612559,75,False,False,False,False,False,False,False,False
ENSG00000157734,ENSG00000157734,SNX22,11866,True,0.41567177507606257,1.810560373447857,0.5962524,75,False,False,False,False,False,False,False,False
ENSG00000144674,ENSG00000144674,GOLGA4,12366,True,0.4158989345097642,1.8120757386746278,0.57737386,75,False,False,False,False,False,False,False,False
ENSG00000173917,ENSG00000173917,HOXB2,1313,True,0.05691903742488629,1.8228653372487853,0.5719241,75,False,False,False,False,False,False,False,False
ENSG00000185404,ENSG00000185404,SP140L,16232,True,0.5443119185122932,1.8110928540579527,0.53796023,75,False,False,False,False,False,False,False,False
ENSG00000048052,ENSG00000048052,HDAC9,8839,True,0.32603399049842036,1.8042513875417747,0.5239013,75,False,False,False,False,False,False,False,False
ENSG00000143545,ENSG00000143545,RAB13,893,True,0.03819636286186796,1.8125972750596844,0.5226974,75,False,False,False,False,False,False,False,False
ENSG00000135365,ENSG00000135365,PHF21A,4524,True,0.1730014599951876,1.811472718705719,0.5214675,75,False,False,False,False,False,False,False,False
ENSG00000139318,ENSG00000139318,DUSP6,3240,True,0.13090314764460811,1.8122588598987968,0.5191993,75,False,False,False,False,False,False,False,False
ENSG00000047634,ENSG00000047634,SCML1,1366,True,0.058749128594823036,1.8103662582553057,0.5151105,75,False,False,False,False,False,False,False,False
ENSG00000104205,ENSG00000104205,SGK3,1444,True,0.0594376174477983,1.778638564552987,0.4988512,75,False,False,False,False,False,False,False,False
ENSG00000063180,ENSG00000063180,CA11,2942,True,0.12006210012920283,1.8047545060231232,0.48638138,75,False,False,False,False,False,False,False,False
ENSG00000273141,ENSG00000273141,ENSG00000273141,793,True,0.034504824402601234,1.803140956816941,0.47700277,75,False,False,False,False,False,False,False,False
ENSG00000143851,ENSG00000143851,PTPN7,5195,True,0.19897030564201917,1.7958057218904273,0.47551367,75,False,False,False,False,False,False,False,False
ENSG00000247092,ENSG00000247092,SNHG10,2907,True,0.12375032279824075,1.8017498873809485,0.46455216,75,False,False,False,False,False,False,False,False
ENSG00000137502,ENSG00000137502,RAB30,10822,True,0.37819437931398014,1.7984884858786798,0.4612499,75,False,False,False,False,False,False,False,False
ENSG00000096060,ENSG00000096060,FKBP5,4798,True,0.17341601017219174,1.7927341579527478,0.45267496,75,False,False,False,False,False,False,False,False
ENSG00000123600,ENSG00000123600,METTL8,8608,True,0.32127605524222735,1.7925296855850164,0.45233747,75,False,False,False,False,False,False,False,False
ENSG00000140450,ENSG00000140450,ARRDC4,1022,True,0.04525083556224123,1.7953292827735716,0.45014775,75,False,False,False,False,False,False,False,False
ENSG00000186104,ENSG00000186104,CYP2R1,1746,True,0.06802094620233522,1.7950360930920395,0.44536433,75,False,False,False,False,False,False,False,False
ENSG00000257704,ENSG00000257704,INAFM1,2084,True,0.08832422958309899,1.7892886803990862,0.43212357,75,False,False,False,False,False,False,False,False
ENSG00000146409,ENSG00000146409,SLC18B1,2657,True,0.1109333517850002,1.7924380239689748,0.4297775,75,False,False,False,False,False,False,False,False
ENSG00000111860,ENSG00000111860,CEP85L,5450,True,0.19859640348371652,1.7898264520828422,0.425883,75,False,False,False,False,False,False,False,False
ENSG00000250565,ENSG00000250565,ATP6V1E2,1990,True,0.07875310643140176,1.7868689014861483,0.41754913,75,False,False,False,False,False,False,False,False
ENSG00000083535,ENSG00000083535,PIBF1,5051,True,0.18407223518897828,1.7798028193103805,0.4138081,75,False,False,False,False,False,False,False,False
ENSG00000198945,ENSG00000198945,L3MBTL3,5495,True,0.20819471388874627,1.7854138196180254,0.41315097,75,False,False,False,False,False,False,False,False
ENSG00000152894,ENSG00000152894,PTPRK,2748,True,0.11485286727860868,1.7872232161749755,0.40715683,75,False,False,False,False,False,False,False,False
ENSG00000177426,ENSG00000177426,TGIF1,6321,True,0.23701361722011224,1.7777363728324607,0.40685216,75,False,False,False,False,False,False,False,False
ENSG00000136108,ENSG00000136108,CKAP2,6168,True,0.22610792513977962,1.7756921444626022,0.393961,75,False,False,False,False,False,False,False,False
ENSG00000152193,ENSG00000152193,OBI1,3010,True,0.11797595220687486,1.784367897852443,0.3903214,75,False,False,False,False,False,False,False,False
ENSG00000108423,ENSG00000108423,TUBD1,1819,True,0.07235932139775085,1.7835236941530714,0.38738015,75,False,False,False,False,False,False,False,False
ENSG00000256060,ENSG00000256060,TRAPPC2B,5207,True,0.20895517660754753,1.7811368153421767,0.38690168,75,False,False,False,False,False,False,False,False
ENSG00000180488,ENSG00000180488,MIGA1,3337,True,0.12760619586709865,1.7787343209082536,0.37918818,75,False,False,False,False,False,False,False,False
ENSG00000186687,ENSG00000186687,LYRM7,5368,True,0.19804926895035643,1.7762430455947658,0.37810534,75,False,False,False,False,False,False,False,False
ENSG00000175931,ENSG00000175931,UBE2O,1970,True,0.07719467619769874,1.7825984064891058,0.37679276,75,False,False,False,False,False,False,False,False
ENSG00000100749,ENSG00000100749,VRK1,6574,True,0.24495834431128874,1.7743974470571506,0.37608793,75,False,False,False,False,False,False,False,False
ENSG00000186480,ENSG00000186480,INSIG1,6247,True,0.23380829462454444,1.7783868168103079,0.37014627,75,False,False,False,False,False,False,False,False
ENSG00000171150,ENSG00000171150,SOCS5,1900,True,0.07565071865000984,1.7754794622174848,0.36954606,75,False,False,False,False,False,False,False,False
ENSG00000162086,ENSG00000162086,ZNF75A,8665,True,0.30558343994154874,1.7883270147114632,0.36866367,75,False,False,False,False,False,False,False,False
ENSG00000272277,ENSG00000272277,ENSG00000272277,952,True,0.03917747976578,1.772071762162529,0.36609823,75,False,False,False,False,False,False,False,False
ENSG00000204252,ENSG00000204252,HLA-DOA,8092,True,0.2872012671118881,1.7826651226655832,0.364454,75,False,False,False,False,False,False,False,False
ENSG00000272831,ENSG00000272831,ENSG00000272831,5447,True,0.21130890211002581,1.7771667913020819,0.36325362,75,False,False,False,False,False,False,False,False
ENSG00000120162,ENSG00000120162,MOB3B,2985,True,0.11733694232970106,1.7746499095014223,0.3629123,75,False,False,False,False,False,False,False,False
ENSG00000186812,ENSG00000186812,ZNF397,2904,True,0.11318393206851067,1.7761776878226256,0.36257333,75,False,False,False,False,False,False,False,False
ENSG00000215039,ENSG00000215039,CD27-AS1,3194,True,0.1249348577603512,1.7775029220189844,0.36072156,75,False,False,False,False,False,False,False,False
ENSG00000166532,ENSG00000166532,RIMKLB,2557,True,0.1034281912974106,1.7764262396012342,0.35928747,75,False,False,False,False,False,False,False,False
ENSG00000266053,ENSG00000266053,NDUFV2-AS1,2342,True,0.09279220435238869,1.7706361106629778,0.3581597,75,False,False,False,False,False,False,False,False
ENSG00000213462,ENSG00000213462,ERV3-1,7648,True,0.27761808427816315,1.7736710616022755,0.3551447,75,False,False,False,False,False,False,False,False
ENSG00000101574,ENSG00000101574,METTL4,3446,True,0.12972439462939295,1.7732407244852213,0.3522159,75,False,False,False,False,False,False,False,False
ENSG00000120709,ENSG00000120709,FAM53C,5279,True,0.20119999047790607,1.771297734263063,0.3493974,75,False,False,False,False,False,False,False,False
ENSG00000092140,ENSG00000092140,G2E3,4416,True,0.16463779322491082,1.7685621708059356,0.33960217,75,False,False,False,False,False,False,False,False
ENSG00000163602,ENSG00000163602,RYBP,3356,True,0.12961334419423576,1.7713591930779422,0.33886033,75,False,False,False,False,False,False,False,False
ENSG00000135870,ENSG00000135870,RC3H1,5852,True,0.21992994575315158,1.7705636291461742,0.33679593,75,False,False,False,False,False,False,False,False
ENSG00000147421,ENSG00000147421,HMBOX1,6024,True,0.219658700043386,1.7690847840282025,0.33365202,75,False,False,False,False,False,False,False,False
ENSG00000111203,ENSG00000111203,ITFG2,6297,True,0.22292132086570257,1.769538113501743,0.3308479,75,False,False,False,False,False,False,False,False
ENSG00000163946,ENSG00000163946,TASOR,6725,True,0.23959953913522639,1.7696787311051494,0.3308256,75,False,False,False,False,False,False,False,False
ENSG00000182158,ENSG00000182158,CREB3L2,3521,True,0.1288628031816546,1.766899421374122,0.32800835,75,False,False,False,False,False,False,False,False
ENSG00000128585,ENSG00000128585,MKLN1,5655,True,0.2052540317451852,1.769032874346258,0.32778084,75,False,False,False,False,False,False,False,False
ENSG00000179456,ENSG00000179456,ZBTB18,3569,True,0.13990695399861622,1.7646546683218671,0.32029113,75,False,False,False,False,False,False,False,False
ENSG00000196233,ENSG00000196233,LCOR,6500,True,0.23819904060554656,1.7664143350066979,0.31031314,75,False,False,False,False,False,False,False,False
ENSG00000177721,ENSG00000177721,ANXA2R,7135,True,0.26495471789108055,1.759753682546581,0.30249345,75,False,False,False,False,False,False,False,False
ENSG00000240857,ENSG00000240857,RDH14,5921,True,0.21969014767213702,1.7631189891973642,0.29866686,75,False,False,False,False,False,False,False,False
ENSG00000108799,ENSG00000108799,EZH1,5010,True,0.18182420585527287,1.7563645651184887,0.28363305,75,False,False,False,False,False,False,False,False
ENSG00000155876,ENSG00000155876,RRAGA,5497,True,0.20315077162371645,1.7539764702346552,0.26979858,75,False,False,False,False,False,False,False,False
ENSG00000157514,ENSG00000157514,TSC22D3,101489,True,2.7309862500321787,2.3803133195172146,0.89673406,74,False,False,False,False,False,False,False,False
ENSG00000197903,ENSG00000197903,H2BC12,16806,True,0.5771288988698163,1.8456440438033106,0.8648593,74,False,False,False,False,False,False,False,False
ENSG00000120129,ENSG00000120129,DUSP1,89843,True,2.443505723351921,2.3349243856872253,0.81327266,74,False,False,False,False,False,False,False,False
ENSG00000059804,ENSG00000059804,SLC2A3,19218,True,0.64169347422962,1.8527358513278784,0.78710806,74,False,False,False,False,False,False,False,False
ENSG00000169442,ENSG00000169442,CD52,117540,True,3.4243783584181,2.173309578147245,0.76223105,74,False,False,False,False,False,False,False,False
ENSG00000205413,ENSG00000205413,SAMD9,16407,True,0.5501758288893916,1.833665511891879,0.7236929,74,False,False,False,False,False,False,False,False
ENSG00000114446,ENSG00000114446,IFT57,23557,True,0.7474072902035062,1.848919818273551,0.6538573,74,False,False,False,False,False,False,False,False
ENSG00000260273,ENSG00000260273,ENSG00000260273,1131,True,0.05010909748519535,1.8267664115285982,0.61455184,74,False,False,False,False,False,False,False,False
ENSG00000173193,ENSG00000173193,PARP14,22279,True,0.7050504987274588,1.834950009554692,0.59727216,74,False,False,False,False,False,False,False,False
ENSG00000263934,ENSG00000263934,SNORD3A,3930,True,0.1652158641384594,1.799193336170567,0.59552,74,False,False,False,False,False,False,False,False
ENSG00000171606,ENSG00000171606,ZNF274,9001,True,0.32272216134740356,1.8157512060004068,0.5954089,74,False,False,False,False,False,False,False,False
ENSG00000138814,ENSG00000138814,PPP3CA,21035,True,0.6952326769320039,1.8297828353446932,0.5737835,74,False,False,False,False,False,False,False,False
ENSG00000162614,ENSG00000162614,NEXN,1457,True,0.06142311851145585,1.8049767067398954,0.5428764,74,False,False,False,False,False,False,False,False
ENSG00000269821,ENSG00000269821,KCNQ1OT1,4919,True,0.1818450669193316,1.8105777987562384,0.54012877,74,False,False,False,False,False,False,False,False
ENSG00000171522,ENSG00000171522,PTGER4,5296,True,0.2014908639007906,1.8078991214094322,0.5277195,74,False,False,False,False,False,False,False,False
ENSG00000006638,ENSG00000006638,TBXA2R,781,True,0.03298097467639633,1.7876773971998958,0.5216777,74,False,False,False,False,False,False,False,False
ENSG00000144218,ENSG00000144218,AFF3,21214,True,0.6840392938766165,1.8213666276132492,0.49283123,74,False,False,False,False,False,False,False,False
ENSG00000198440,ENSG00000198440,ZNF583,1126,True,0.04550798337684097,1.8039793836880025,0.4812751,74,False,False,False,False,False,False,False,False
ENSG00000102738,ENSG00000102738,MRPS31,7953,True,0.29595713793693673,1.7927764932727464,0.4729532,74,False,False,False,False,False,False,False,False
ENSG00000069188,ENSG00000069188,SDK2,939,True,0.03812705901132634,1.7427470286657296,0.47006252,74,False,False,False,False,False,False,False,False
ENSG00000134909,ENSG00000134909,ARHGAP32,569,True,0.024131868878210002,1.722229015765182,0.4683463,74,False,False,False,False,False,False,False,False
ENSG00000198324,ENSG00000198324,PHETA1,437,True,0.019319228919953958,1.7377493002789743,0.4597012,74,False,False,False,False,False,False,False,False
ENSG00000213626,ENSG00000213626,LBH,26135,True,0.8013815609759177,1.8312701099594735,0.4577277,74,False,False,False,False,False,False,False,False
ENSG00000186017,ENSG00000186017,ZNF566,1868,True,0.0748443503518308,1.7954316829312489,0.44227993,74,False,False,False,False,False,False,False,False
ENSG00000147457,ENSG00000147457,CHMP7,8459,True,0.3035210005627389,1.7918590192522792,0.4363047,74,False,False,False,False,False,False,False,False
ENSG00000006634,ENSG00000006634,DBF4,8193,True,0.29231160976842835,1.7887355531655325,0.4360942,74,False,False,False,False,False,False,False,False
ENSG00000100815,ENSG00000100815,TRIP11,6859,True,0.24823055350043113,1.783825964488873,0.43025044,74,False,False,False,False,False,False,False,False
ENSG00000113971,ENSG00000113971,NPHP3,2379,True,0.09229916090236291,1.7882215404932886,0.42044523,74,False,False,False,False,False,False,False,False
ENSG00000137992,ENSG00000137992,DBT,2097,True,0.0826855680546872,1.7857629444394199,0.41241428,74,False,False,False,False,False,False,False,False
ENSG00000131378,ENSG00000131378,RFTN1,5462,True,0.2027856659900454,1.7853548074970897,0.410225,74,False,False,False,False,False,False,False,False
ENSG00000023608,ENSG00000023608,SNAPC1,2537,True,0.10250734183697886,1.781683206862067,0.40938395,74,False,False,False,False,False,False,False,False
ENSG00000082068,ENSG00000082068,WDR70,6875,True,0.25212811052977563,1.776633031147309,0.40680915,74,False,False,False,False,False,False,False,False
ENSG00000165312,ENSG00000165312,OTUD1,4179,True,0.16737344268534599,1.7843293922449581,0.40206102,74,False,False,False,False,False,False,False,False
ENSG00000167766,ENSG00000167766,ZNF83,5621,True,0.20233080761229302,1.7821363240538837,0.39941937,74,False,False,False,False,False,False,False,False
ENSG00000175787,ENSG00000175787,ZNF169,2147,True,0.08885775466834257,1.7821691382320386,0.39362723,74,False,False,False,False,False,False,False,False
ENSG00000147400,ENSG00000147400,CETN2,4891,True,0.1874751417867464,1.785802605272778,0.3925571,74,False,False,False,False,False,False,False,False
ENSG00000189369,ENSG00000189369,GSPT2,2768,True,0.10759343473272126,1.7833697813597191,0.39123783,74,False,False,False,False,False,False,False,False
ENSG00000130024,ENSG00000130024,PHF10,3523,True,0.13622879892184894,1.783105490197112,0.38950288,74,False,False,False,False,False,False,False,False
ENSG00000105643,ENSG00000105643,ARRDC2,7982,True,0.28768437062862656,1.784053992709447,0.3888625,74,False,False,False,False,False,False,False,False
ENSG00000253982,ENSG00000253982,CLN8-AS1,2927,True,0.11626635068748213,1.7814465244078022,0.38783056,74,False,False,False,False,False,False,False,False
ENSG00000172292,ENSG00000172292,CERS6,2136,True,0.08745653064605169,1.7798282461337076,0.38067147,74,False,False,False,False,False,False,False,False
ENSG00000170542,ENSG00000170542,SERPINB9,5485,True,0.21126817710979856,1.776188826324285,0.37870282,74,False,False,False,False,False,False,False,False
ENSG00000259577,ENSG00000259577,CERNA1,2079,True,0.08557810322357112,1.7817508627086014,0.37412527,74,False,False,False,False,False,False,False,False
ENSG00000168026,ENSG00000168026,TTC21A,2298,True,0.0884619346736051,1.7485645100910387,0.37335002,74,False,False,False,False,False,False,False,False
ENSG00000232788,ENSG00000232788,ITGA6-AS1,1330,True,0.05424638133256747,1.7774805591664034,0.37324223,74,False,False,False,False,False,False,False,False
ENSG00000166801,ENSG00000166801,FAM111A,6577,True,0.2338935506068889,1.7763534752516692,0.37131163,74,False,False,False,False,False,False,False,False
ENSG00000100697,ENSG00000100697,DICER1,6556,True,0.23699676396798336,1.7759742551821818,0.35774517,74,False,False,False,False,False,False,False,False
ENSG00000158636,ENSG00000158636,EMSY,2447,True,0.09533061350917703,1.7741004240097902,0.35636538,74,False,False,False,False,False,False,False,False
ENSG00000109323,ENSG00000109323,MANBA,5791,True,0.2120924376558075,1.773806846545409,0.3558664,74,False,False,False,False,False,False,False,False
ENSG00000108406,ENSG00000108406,DHX40,4208,True,0.16124967389988473,1.7737285983544957,0.35457754,74,False,False,False,False,False,False,False,False
ENSG00000148516,ENSG00000148516,ZEB1,5437,True,0.20019595767288642,1.7720276359381864,0.34592485,74,False,False,False,False,False,False,False,False
ENSG00000133111,ENSG00000133111,RFXAP,2417,True,0.0955330639485308,1.769567745053214,0.34355456,74,False,False,False,False,False,False,False,False
ENSG00000147854,ENSG00000147854,UHRF2,5625,True,0.20529723651094808,1.772101984396469,0.34259796,74,False,False,False,False,False,False,False,False
ENSG00000138593,ENSG00000138593,SECISBP2L,7894,True,0.27826449117100344,1.7806893642208983,0.3407567,74,False,False,False,False,False,False,False,False
ENSG00000260260,ENSG00000260260,SNHG19,5539,True,0.21195409616661642,1.7690325149412964,0.33979,74,False,False,False,False,False,False,False,False
ENSG00000165630,ENSG00000165630,PRPF18,6727,True,0.24970711882220087,1.7693381703507833,0.33855695,74,False,False,False,False,False,False,False,False
ENSG00000258890,ENSG00000258890,CEP95,5388,True,0.19617862807726347,1.7676289169725476,0.33484507,74,False,False,False,False,False,False,False,False
ENSG00000188419,ENSG00000188419,CHM,4288,True,0.16354887781398933,1.767847381716915,0.33186343,74,False,False,False,False,False,False,False,False
ENSG00000188641,ENSG00000188641,DPYD,2514,True,0.09708102239529869,1.7669919388782143,0.33083335,74,False,False,False,False,False,False,False,False
ENSG00000143322,ENSG00000143322,ABL2,2310,True,0.08695483488076003,1.767663374939846,0.3290791,74,False,False,False,False,False,False,False,False
ENSG00000145220,ENSG00000145220,LYAR,4677,True,0.17416845755237145,1.765265282003507,0.3278046,74,False,False,False,False,False,False,False,False
ENSG00000122435,ENSG00000122435,TRMT13,5875,True,0.22039291735758415,1.767009881441009,0.32568398,74,False,False,False,False,False,False,False,False
ENSG00000153814,ENSG00000153814,JAZF1,6168,True,0.23100652488888845,1.7662484621079377,0.32386497,74,False,False,False,False,False,False,False,False
ENSG00000204569,ENSG00000204569,PPP1R10,8655,True,0.3023872279103168,1.7734678009684424,0.32091573,74,False,False,False,False,False,False,False,False
ENSG00000186908,ENSG00000186908,ZDHHC17,3247,True,0.12223097136442616,1.7660486734331002,0.3203701,74,False,False,False,False,False,False,False,False
ENSG00000163738,ENSG00000163738,MTHFD2L,5595,True,0.21412213808272876,1.7624297596586411,0.31306142,74,False,False,False,False,False,False,False,False
ENSG00000150787,ENSG00000150787,PTS,4740,True,0.18274129276092765,1.7669191511414206,0.31270128,74,False,False,False,False,False,False,False,False
ENSG00000171310,ENSG00000171310,CHST11,3729,True,0.1416959675657903,1.7628795733943634,0.30987048,74,False,False,False,False,False,False,False,False
ENSG00000177425,ENSG00000177425,PAWR,5665,True,0.20690157008092605,1.7641529350044691,0.30795306,74,False,False,False,False,False,False,False,False
ENSG00000153044,ENSG00000153044,CENPH,4090,True,0.15467924770720828,1.7629395955823406,0.30681452,74,False,False,False,False,False,False,False,False
ENSG00000147364,ENSG00000147364,FBXO25,7570,True,0.2724669119986976,1.764407644638311,0.3046182,74,False,False,False,False,False,False,False,False
ENSG00000187189,ENSG00000187189,TSPYL4,2738,True,0.10490904561309145,1.7604372601851814,0.3012852,74,False,False,False,False,False,False,False,False
ENSG00000198087,ENSG00000198087,CD2AP,5774,True,0.2095401002858105,1.7609308239342403,0.30122203,74,False,False,False,False,False,False,False,False
ENSG00000171109,ENSG00000171109,MFN1,4518,True,0.1692858493395278,1.7591412509918194,0.29103187,74,False,False,False,False,False,False,False,False
ENSG00000196459,ENSG00000196459,TRAPPC2,6371,True,0.2334984347885312,1.7503150180071125,0.24298683,74,False,False,False,False,False,False,False,False
ENSG00000153234,ENSG00000153234,NR4A2,15149,True,0.5408341373604869,1.8760234131991127,0.95148516,73,False,False,False,False,False,False,False,False
ENSG00000132704,ENSG00000132704,FCRL2,14156,True,0.48363837787468983,1.828170947972032,0.7578586,73,False,False,False,False,False,False,False,False
ENSG00000145050,ENSG00000145050,MANF,6060,True,0.24025898122419587,1.8499193768764643,0.7329725,73,False,False,False,False,False,False,False,False
ENSG00000196781,ENSG00000196781,TLE1,12010,True,0.4112807237128958,1.82330819043111,0.73022777,73,False,False,False,False,False,False,False,False
ENSG00000128228,ENSG00000128228,SDF2L1,6605,True,0.2560718126811591,1.8454858828477725,0.69306254,73,False,False,False,False,False,False,False,False
ENSG00000101162,ENSG00000101162,TUBB1,2725,True,0.11509498725207869,1.846514425261104,0.68348765,73,False,False,False,False,False,False,False,False
ENSG00000271856,ENSG00000271856,LINC01215,14946,True,0.5333214334913514,1.8203056977814553,0.6580418,73,False,False,False,False,False,False,False,False
ENSG00000204001,ENSG00000204001,LCN8,1656,True,0.07396463450971967,1.8299583508314397,0.6089794,73,False,False,False,False,False,False,False,False
ENSG00000184005,ENSG00000184005,ST6GALNAC3,538,True,0.024580433901851516,1.7474590260563994,0.5987285,73,False,False,False,False,False,False,False,False
ENSG00000111644,ENSG00000111644,ACRBP,1729,True,0.07552608447544207,1.8256834268717783,0.59052503,73,False,False,False,False,False,False,False,False
ENSG00000189241,ENSG00000189241,TSPYL1,12357,True,0.4542677129902637,1.8083107404085517,0.57381386,73,False,False,False,False,False,False,False,False
ENSG00000147905,ENSG00000147905,ZCCHC7,26797,True,0.8469655026765871,1.8457408574046932,0.53695506,73,False,False,False,False,False,False,False,False
ENSG00000185650,ENSG00000185650,ZFP36L1,36712,True,1.0826068536879634,1.8681069949454316,0.5232455,73,False,False,False,False,False,False,False,False
ENSG00000140259,ENSG00000140259,MFAP1,2677,True,0.10676094633743335,1.8074948935673438,0.5207568,73,False,False,False,False,False,False,False,False
ENSG00000188042,ENSG00000188042,ARL4C,7849,True,0.2755593409918539,1.7900183119054172,0.5000982,73,False,False,False,False,False,False,False,False
ENSG00000164938,ENSG00000164938,TP53INP1,7112,True,0.2667396629406706,1.8007947720440969,0.49148497,73,False,False,False,False,False,False,False,False
ENSG00000145241,ENSG00000145241,CENPC,12681,True,0.43213830588032737,1.7960764181842968,0.4822122,73,False,False,False,False,False,False,False,False
ENSG00000074695,ENSG00000074695,LMAN1,7637,True,0.2855686642628015,1.8011822084823577,0.48112538,73,False,False,False,False,False,False,False,False
ENSG00000171806,ENSG00000171806,METTL18,2561,True,0.10236864943432177,1.8008141822940404,0.47303605,73,False,False,False,False,False,False,False,False
ENSG00000116044,ENSG00000116044,NFE2L2,8503,True,0.31470467419708864,1.794869217316612,0.47066674,73,False,False,False,False,False,False,False,False
ENSG00000247746,ENSG00000247746,USP51,625,True,0.026021253099391548,1.7745003261939993,0.46881053,73,False,False,False,False,False,False,False,False
ENSG00000215014,ENSG00000215014,SSU72-AS1,1142,True,0.04860106873540607,1.7992196943031729,0.46196166,73,False,False,False,False,False,False,False,False
ENSG00000105427,ENSG00000105427,CNFN,6781,True,0.25390926104108724,1.7830131647412573,0.44423592,73,False,False,False,False,False,False,False,False
ENSG00000139629,ENSG00000139629,GALNT6,1012,True,0.04163463157850873,1.7965818363103658,0.44248468,73,False,False,False,False,False,False,False,False
ENSG00000128881,ENSG00000128881,TTBK2,1917,True,0.07469331581538766,1.7960925814726532,0.4395343,73,False,False,False,False,False,False,False,False
ENSG00000183921,ENSG00000183921,SDR42E2,3473,True,0.15397504661545766,1.7867303218084536,0.4387694,73,False,False,False,False,False,False,False,False
ENSG00000163545,ENSG00000163545,NUAK2,5173,True,0.19199168630563979,1.7933433931948854,0.4349317,73,False,False,False,False,False,False,False,False
ENSG00000145287,ENSG00000145287,PLAC8,60205,True,1.6188723812529995,1.9355827619995525,0.43269327,73,False,False,False,False,False,False,False,False
ENSG00000196507,ENSG00000196507,TCEAL3,2894,True,0.11644065661217935,1.7919784640799425,0.4325787,73,False,False,False,False,False,False,False,False
ENSG00000168675,ENSG00000168675,LDLRAD4,3550,True,0.14699369664921044,1.7882735653729411,0.43111873,73,False,False,False,False,False,False,False,False
ENSG00000203668,ENSG00000203668,CHML,2933,True,0.11234865037821255,1.7938762772158632,0.4307466,73,False,False,False,False,False,False,False,False
ENSG00000006652,ENSG00000006652,IFRD1,16033,True,0.5340391185873427,1.804862217683568,0.43009925,73,False,False,False,False,False,False,False,False
ENSG00000078487,ENSG00000078487,ZCWPW1,3717,True,0.14465150711110397,1.787682306531366,0.4296311,73,False,False,False,False,False,False,False,False
ENSG00000166225,ENSG00000166225,FRS2,2142,True,0.08527004071452991,1.7867340838813008,0.42208877,73,False,False,False,False,False,False,False,False
ENSG00000122707,ENSG00000122707,RECK,1913,True,0.08052170600012735,1.78937103553587,0.42074668,73,False,False,False,False,False,False,False,False
ENSG00000256690,ENSG00000256690,STX5-DT,1869,True,0.083625282777079,1.7876803846717666,0.42018828,73,False,False,False,False,False,False,False,False
ENSG00000136824,ENSG00000136824,SMC2,3107,True,0.11673982639054042,1.7865706524523113,0.41887072,73,False,False,False,False,False,False,False,False
ENSG00000162373,ENSG00000162373,BEND5,4147,True,0.1596590504151125,1.788451253630942,0.40733588,73,False,False,False,False,False,False,False,False
ENSG00000163214,ENSG00000163214,DHX57,2883,True,0.10909444310456626,1.7854201081185292,0.40586165,73,False,False,False,False,False,False,False,False
ENSG00000153936,ENSG00000153936,HS2ST1,2296,True,0.08870303118453095,1.7861244328180512,0.40576142,73,False,False,False,False,False,False,False,False
ENSG00000124383,ENSG00000124383,MPHOSPH10,8920,True,0.3071209072671403,1.7812807345906132,0.40551376,73,False,False,False,False,False,False,False,False
ENSG00000247240,ENSG00000247240,UBL7-DT,2793,True,0.10687139586160105,1.7859387236822537,0.40462968,73,False,False,False,False,False,False,False,False
ENSG00000196267,ENSG00000196267,ZNF836,3665,True,0.15047147247497894,1.7839013060926563,0.4021545,73,False,False,False,False,False,False,False,False
ENSG00000169570,ENSG00000169570,DTWD2,1245,True,0.047678381389174705,1.75290747641028,0.40087834,73,False,False,False,False,False,False,False,False
ENSG00000111729,ENSG00000111729,CLEC4A,2572,True,0.10655985719713118,1.7855209568054062,0.40008432,73,False,False,False,False,False,False,False,False
ENSG00000196511,ENSG00000196511,TPK1,3110,True,0.12287849916039897,1.7819857976523634,0.39828077,73,False,False,False,False,False,False,False,False
ENSG00000186153,ENSG00000186153,WWOX,1829,True,0.07212379864617771,1.7775511772440262,0.39755926,73,False,False,False,False,False,False,False,False
ENSG00000251661,ENSG00000251661,ENSG00000251661,1545,True,0.06570735738955034,1.781478114489226,0.39672607,73,False,False,False,False,False,False,False,False
ENSG00000256092,ENSG00000256092,SBNO1-AS1,2789,True,0.11107382230917708,1.7786540074084216,0.39530894,73,False,False,False,False,False,False,False,False
ENSG00000137770,ENSG00000137770,CTDSPL2,5905,True,0.2169933747355347,1.7838949765233918,0.39358225,73,False,False,False,False,False,False,False,False
ENSG00000073803,ENSG00000073803,MAP3K13,6218,True,0.23646987696899824,1.7822177955520742,0.3932435,73,False,False,False,False,False,False,False,False
ENSG00000154451,ENSG00000154451,GBP5,2143,True,0.08097278701415965,1.78430036944875,0.3909118,73,False,False,False,False,False,False,False,False
ENSG00000155366,ENSG00000155366,RHOC,6461,True,0.23609396377243919,1.780794632914173,0.39073732,73,False,False,False,False,False,False,False,False
ENSG00000154144,ENSG00000154144,TBRG1,8361,True,0.3034908838103518,1.778026371255173,0.39053825,73,False,False,False,False,False,False,False,False
ENSG00000151304,ENSG00000151304,SRFBP1,5777,True,0.21689646210333732,1.781805373361677,0.3894213,73,False,False,False,False,False,False,False,False
ENSG00000171657,ENSG00000171657,GPR82,2968,True,0.11647240613021434,1.7840374217773112,0.3867574,73,False,False,False,False,False,False,False,False
ENSG00000148572,ENSG00000148572,NRBF2,4782,True,0.17741646759661164,1.7772470177497048,0.38311848,73,False,False,False,False,False,False,False,False
ENSG00000112486,ENSG00000112486,CCR6,4776,True,0.17643112035605896,1.7807105068937128,0.38204762,73,False,False,False,False,False,False,False,False
ENSG00000188321,ENSG00000188321,ZNF559,2408,True,0.09509508882705066,1.7814890051261387,0.37831795,73,False,False,False,False,False,False,False,False
ENSG00000100084,ENSG00000100084,HIRA,1453,True,0.058040395447094675,1.7813408807022528,0.3778925,73,False,False,False,False,False,False,False,False
ENSG00000167562,ENSG00000167562,ZNF701,1903,True,0.07609240854465484,1.7775026518469885,0.37768123,73,False,False,False,False,False,False,False,False
ENSG00000164252,ENSG00000164252,AGGF1,4928,True,0.18175231983357235,1.778160751575721,0.37665424,73,False,False,False,False,False,False,False,False
ENSG00000154265,ENSG00000154265,ABCA5,1821,True,0.07048743651233515,1.7781311114347043,0.37622967,73,False,False,False,False,False,False,False,False
ENSG00000100351,ENSG00000100351,GRAP2,3586,True,0.14012812858689908,1.776303359714806,0.37412408,73,False,False,False,False,False,False,False,False
ENSG00000146414,ENSG00000146414,SHPRH,7092,True,0.25822744639687495,1.7885271864766887,0.37156874,73,False,False,False,False,False,False,False,False
ENSG00000183624,ENSG00000183624,HMCES,3364,True,0.1282216341743389,1.7765689122134192,0.37048602,73,False,False,False,False,False,False,False,False
ENSG00000132153,ENSG00000132153,DHX30,4714,True,0.17580990677574995,1.7753716811833682,0.37027818,73,False,False,False,False,False,False,False,False
ENSG00000165113,ENSG00000165113,GKAP1,2107,True,0.0834393538357522,1.7769173030059575,0.36742342,73,False,False,False,False,False,False,False,False
ENSG00000005175,ENSG00000005175,RPAP3,7567,True,0.27800954163913594,1.7779351149341969,0.36553657,73,False,False,False,False,False,False,False,False
ENSG00000198718,ENSG00000198718,TOGARAM1,4018,True,0.14783038554949435,1.7743155398363137,0.36180386,73,False,False,False,False,False,False,False,False
ENSG00000139266,ENSG00000139266,MARCHF9,4517,True,0.1774958152343642,1.7779687118520646,0.3611871,73,False,False,False,False,False,False,False,False
ENSG00000178105,ENSG00000178105,DDX10,4875,True,0.17941211312593516,1.7742174487759472,0.3600733,73,False,False,False,False,False,False,False,False
ENSG00000110422,ENSG00000110422,HIPK3,4137,True,0.15141779864691457,1.7769223899795366,0.35623327,73,False,False,False,False,False,False,False,False
ENSG00000127337,ENSG00000127337,YEATS4,5592,True,0.20335583343858243,1.7713574986435405,0.35548693,73,False,False,False,False,False,False,False,False
ENSG00000085788,ENSG00000085788,DDHD2,3453,True,0.12727836883387814,1.7713728015199321,0.348654,73,False,False,False,False,False,False,False,False
ENSG00000261416,ENSG00000261416,CORO1A-AS1,1674,True,0.06766613441999625,1.7708025485107586,0.34850144,73,False,False,False,False,False,False,False,False
ENSG00000173041,ENSG00000173041,ZNF680,3027,True,0.11474651009471276,1.7708922378767058,0.3483592,73,False,False,False,False,False,False,False,False
ENSG00000150776,ENSG00000150776,NKAPD1,3530,True,0.13055759639998754,1.7712394956647934,0.3470771,73,False,False,False,False,False,False,False,False
ENSG00000072134,ENSG00000072134,EPN2,1863,True,0.07369834849714181,1.7698305086739934,0.34325126,73,False,False,False,False,False,False,False,False
ENSG00000106460,ENSG00000106460,TMEM106B,3992,True,0.15136743599887523,1.7694127622962406,0.3395214,73,False,False,False,False,False,False,False,False
ENSG00000138190,ENSG00000138190,EXOC6,6684,True,0.24472616562054214,1.7683221266913378,0.3356381,73,False,False,False,False,False,False,False,False
ENSG00000135945,ENSG00000135945,REV1,4406,True,0.16337786668257434,1.768604456090889,0.326201,73,False,False,False,False,False,False,False,False
ENSG00000054277,ENSG00000054277,OPN3,7272,True,0.27227614846890447,1.7688752811532877,0.32539392,73,False,False,False,False,False,False,False,False
ENSG00000152778,ENSG00000152778,IFIT5,4516,True,0.17428994999756095,1.7676331563386931,0.3227818,73,False,False,False,False,False,False,False,True
ENSG00000171100,ENSG00000171100,MTM1,2643,True,0.10383779175032516,1.7659687884900626,0.32150427,73,False,False,False,False,False,False,False,False
ENSG00000106261,ENSG00000106261,ZKSCAN1,6078,True,0.21679493707331432,1.7648438149257422,0.32065833,73,False,False,False,False,False,False,False,False
ENSG00000122042,ENSG00000122042,UBL3,5807,True,0.2095982011663825,1.7632268579758028,0.3184622,73,False,False,False,False,False,False,False,False
ENSG00000105793,ENSG00000105793,GTPBP10,2266,True,0.08819094760884064,1.7617489200113938,0.31702513,73,False,False,False,False,False,False,False,False
ENSG00000140577,ENSG00000140577,CRTC3,6381,True,0.2326796383544007,1.7672505213315126,0.3144428,73,False,False,False,False,False,False,False,False
ENSG00000167232,ENSG00000167232,ZNF91,5082,True,0.1825853327449383,1.7644517713146286,0.3123646,73,False,False,False,False,False,False,False,False
ENSG00000117151,ENSG00000117151,CTBS,6370,True,0.23035654199780994,1.7623507717959048,0.31156492,73,False,False,False,False,False,False,False,False
ENSG00000145649,ENSG00000145649,GZMA,4950,True,0.19322511633208467,1.763993467327313,0.30929896,73,False,False,False,False,False,False,False,False
ENSG00000148300,ENSG00000148300,REXO4,6922,True,0.25654316633180385,1.7672126016190197,0.30775335,73,False,False,False,False,False,False,False,False
ENSG00000141580,ENSG00000141580,WDR45B,6770,True,0.24648535707571906,1.7619929841154907,0.30769774,73,False,False,False,False,False,False,False,False
ENSG00000118620,ENSG00000118620,ZNF430,8600,True,0.3045678188408258,1.7730132663116351,0.30637,73,False,False,False,False,False,False,False,False
ENSG00000151893,ENSG00000151893,CACUL1,4265,True,0.16342308316603596,1.761448543485278,0.30624333,73,False,False,False,False,False,False,False,False
ENSG00000187555,ENSG00000187555,USP7,4762,True,0.176019640120144,1.7623916215110234,0.30464083,73,False,False,False,False,False,False,False,False
ENSG00000170581,ENSG00000170581,STAT2,5495,True,0.20187711401160494,1.763339361068079,0.30448276,73,False,False,False,False,False,False,False,False
ENSG00000229474,ENSG00000229474,PATL2,5478,True,0.20150099789098289,1.760581566516998,0.30248627,73,False,False,False,False,False,False,False,False
ENSG00000132478,ENSG00000132478,UNK,4027,True,0.1530484069244422,1.759580665986321,0.29459894,73,False,False,False,False,False,False,False,False
ENSG00000147654,ENSG00000147654,EBAG9,7189,True,0.2587115286436308,1.7571126912635144,0.287872,73,False,False,False,False,False,False,False,False
ENSG00000180879,ENSG00000180879,SSR4,48999,True,1.3399656544399536,2.048721221947173,1.4212452,72,False,False,False,False,False,False,False,False
ENSG00000107968,ENSG00000107968,MAP3K8,15801,True,0.55455246507149,1.8836424003454781,1.2470789,72,False,False,False,False,False,False,False,False
ENSG00000044574,ENSG00000044574,HSPA5,18069,True,0.6052269759386311,1.8942201068072286,1.1690006,72,False,False,False,False,False,False,False,False
ENSG00000255337,ENSG00000255337,TMEM123-DT,418,True,0.019989122724428522,1.849243484781496,0.94996023,72,False,False,False,False,False,False,False,False
ENSG00000227507,ENSG00000227507,LTB,101061,True,2.7871409304551418,2.3379275511228186,0.7594053,72,False,False,False,False,False,False,False,False
ENSG00000224610,ENSG00000224610,ENSG00000224610,344,True,0.015796124908515202,1.6934926681541789,0.7573058,72,False,False,False,False,False,False,False,False
ENSG00000128016,ENSG00000128016,ZFP36,45666,True,1.3108571781942167,1.9670471243611838,0.6837925,72,False,False,False,False,False,False,False,False
ENSG00000122224,ENSG00000122224,LY9,12509,True,0.4340833132047612,1.8200347325735273,0.66455346,72,False,False,False,False,False,False,False,False
ENSG00000235750,ENSG00000235750,KIAA0040,12289,True,0.4392403118210991,1.8137104355823142,0.6456652,72,False,False,False,False,False,False,False,False
ENSG00000185291,ENSG00000185291,IL3RA,698,True,0.030445266731258837,1.8236579692262362,0.6314771,72,False,False,False,False,False,False,False,False
ENSG00000123200,ENSG00000123200,ZC3H13,14586,True,0.48462886855689413,1.8163017439494373,0.58125806,72,False,False,False,False,False,False,False,False
ENSG00000185745,ENSG00000185745,IFIT1,1432,True,0.057949567027668895,1.7923230543750854,0.57727545,72,False,False,False,False,False,False,False,True
ENSG00000175857,ENSG00000175857,GAPT,21032,True,0.6929738459243839,1.8280660554872854,0.5684118,72,False,False,False,False,False,False,False,False
ENSG00000235527,ENSG00000235527,HIPK1-AS1,1412,True,0.060615935294392916,1.7887803833436182,0.55293864,72,False,False,False,False,False,False,False,False
ENSG00000134326,ENSG00000134326,CMPK2,1530,True,0.06393057879651717,1.8187895042574105,0.5473343,72,False,False,False,False,False,False,False,False
ENSG00000234572,ENSG00000234572,LINC01800,1404,True,0.062437929210742225,1.8124283774381527,0.5270097,72,False,False,False,False,False,False,False,False
ENSG00000188313,ENSG00000188313,PLSCR1,7862,True,0.295687961826019,1.798123402983842,0.5078829,72,False,False,False,False,False,False,False,False
ENSG00000134121,ENSG00000134121,CHL1,773,True,0.03349265070877987,1.8022708691082834,0.49621424,72,False,False,False,False,False,False,False,False
ENSG00000130340,ENSG00000130340,SNX9,7155,True,0.2531243170308028,1.7893360010551769,0.4852445,72,False,False,False,False,False,False,False,False
ENSG00000107890,ENSG00000107890,ANKRD26,2825,True,0.11018713084996579,1.798495926362405,0.48116645,72,False,False,False,False,False,False,False,False
ENSG00000176208,ENSG00000176208,ATAD5,2113,True,0.08140705568968441,1.7932658641705124,0.46610248,72,False,False,False,False,False,False,False,False
ENSG00000236859,ENSG00000236859,NIFK-AS1,2245,True,0.09073978668820461,1.7944027431599912,0.45777398,72,False,False,False,False,False,False,False,False
ENSG00000125351,ENSG00000125351,UPF3B,9957,True,0.35591480085290556,1.7938831459152547,0.45423472,72,False,False,False,False,False,False,False,False
ENSG00000139946,ENSG00000139946,PELI2,1064,True,0.04350994100720134,1.7954202783315965,0.44063115,72,False,False,False,False,False,False,False,False
ENSG00000184898,ENSG00000184898,RBM43,2851,True,0.11064094956178915,1.792061105452577,0.4370456,72,False,False,False,False,False,False,False,False
ENSG00000075407,ENSG00000075407,ZNF37A,4503,True,0.16728665404698084,1.7883097465626947,0.4273125,72,False,False,False,False,False,False,False,False
ENSG00000119820,ENSG00000119820,YIPF4,10029,True,0.3440079183793549,1.7857672413289871,0.42541862,72,False,False,False,False,False,False,False,False
ENSG00000108405,ENSG00000108405,P2RX1,2054,True,0.07949752700810096,1.756324634771687,0.42482412,72,False,False,False,False,False,False,False,False
ENSG00000198919,ENSG00000198919,DZIP3,4959,True,0.18973361266589236,1.7882621103383594,0.41758987,72,False,False,False,False,False,False,False,False
ENSG00000164114,ENSG00000164114,MAP9,3096,True,0.12000354398399636,1.7838453106221095,0.41574362,72,False,False,False,False,False,False,False,False
ENSG00000113916,ENSG00000113916,BCL6,1687,True,0.06659020660986516,1.7794046332467814,0.39483857,72,False,False,False,False,False,False,False,False
ENSG00000100027,ENSG00000100027,YPEL1,3247,True,0.12325330162054514,1.775391718581946,0.36923233,72,False,False,False,False,False,False,False,False
ENSG00000164406,ENSG00000164406,LEAP2,1874,True,0.07349001544942485,1.7770667115212362,0.3689431,72,False,False,False,False,False,False,False,False
ENSG00000104957,ENSG00000104957,YJU2B,4472,True,0.16642634985336363,1.7738607435799196,0.3673258,72,False,False,False,False,False,False,False,False
ENSG00000011114,ENSG00000011114,BTBD7,3635,True,0.13479289159971672,1.7754791003845134,0.36592397,72,False,False,False,False,False,False,False,False
ENSG00000090376,ENSG00000090376,IRAK3,1447,True,0.0570238476672904,1.775986354291777,0.36477122,72,False,False,False,False,False,False,False,False
ENSG00000104154,ENSG00000104154,SLC30A4,1455,True,0.060358657545819545,1.7638727369632095,0.3631714,72,False,False,False,False,False,False,False,False
ENSG00000160818,ENSG00000160818,GPATCH4,6025,True,0.21543907776124122,1.7728375584793417,0.3615752,72,False,False,False,False,False,False,False,False
ENSG00000078687,ENSG00000078687,TNRC6C,4481,True,0.17447843017836154,1.7757193840613616,0.36099184,72,False,False,False,False,False,False,False,False
ENSG00000197705,ENSG00000197705,KLHL14,2578,True,0.09551016194109313,1.7650953450733085,0.3576292,72,False,False,False,False,False,False,False,False
ENSG00000152904,ENSG00000152904,GGPS1,7296,True,0.2664805498332567,1.7785071208052614,0.3554176,72,False,False,False,False,False,False,False,False
ENSG00000122484,ENSG00000122484,RPAP2,4732,True,0.17072240702766386,1.7717025255099734,0.35513723,72,False,False,False,False,False,False,False,False
ENSG00000185278,ENSG00000185278,ZBTB37,2022,True,0.07532024251401104,1.7725705501879148,0.35130143,72,False,False,False,False,False,False,False,False
ENSG00000168096,ENSG00000168096,ANKS3,1959,True,0.07915710037306473,1.7737556011742726,0.34908184,72,False,False,False,False,False,False,False,False
ENSG00000071575,ENSG00000071575,TRIB2,3885,True,0.1448171190889736,1.7709142903252377,0.3456197,72,False,False,False,False,False,False,False,False
ENSG00000181804,ENSG00000181804,SLC9A9,2671,True,0.10530601463023687,1.7712311506903737,0.34306973,72,False,False,False,False,False,False,False,False
ENSG00000142192,ENSG00000142192,APP,5537,True,0.20535974578408975,1.771911231963442,0.34187672,72,False,False,False,False,False,False,False,False
ENSG00000205670,ENSG00000205670,SMIM11,7510,True,0.27609280709386796,1.7699174473037163,0.33962068,72,False,False,False,False,False,False,False,False
ENSG00000113658,ENSG00000113658,SMAD5,2901,True,0.11311627638686222,1.7690368088986006,0.33718815,72,False,False,False,False,False,False,False,False
ENSG00000133812,ENSG00000133812,SBF2,2906,True,0.11170458463180923,1.7395270381278187,0.3344375,72,False,False,False,False,False,False,False,False
ENSG00000038427,ENSG00000038427,VCAN,5502,True,0.2007633114459391,1.769709030362249,0.3336959,72,False,False,False,False,False,False,False,False
ENSG00000204070,ENSG00000204070,SYS1,3123,True,0.11770493065035229,1.7672435042520844,0.33348867,72,False,False,False,False,False,False,False,False
ENSG00000268218,ENSG00000268218,ENSG00000268218,2032,True,0.07992131937053067,1.7687238350199601,0.33012658,72,False,False,False,False,False,False,False,False
ENSG00000111859,ENSG00000111859,NEDD9,5479,True,0.20272223532335934,1.7658982094528535,0.32910988,72,False,False,False,False,False,False,False,False
ENSG00000108587,ENSG00000108587,GOSR1,6604,True,0.23656485568788996,1.7743239554863321,0.32871282,72,False,False,False,False,False,False,False,False
ENSG00000127804,ENSG00000127804,METTL16,4417,True,0.15763903331592954,1.7682778133130848,0.32703334,72,False,False,False,False,False,False,False,False
ENSG00000166046,ENSG00000166046,TCP11L2,4358,True,0.1606482623754468,1.765374945919504,0.32203814,72,False,False,False,False,False,False,False,False
ENSG00000271858,ENSG00000271858,ENSG00000271858,1904,True,0.0756898014713032,1.7656940196731739,0.31963396,72,False,False,False,False,False,False,False,False
ENSG00000114098,ENSG00000114098,ARMC8,5368,True,0.200195916630178,1.766362668340536,0.31892955,72,False,False,False,False,False,False,False,False
ENSG00000204438,ENSG00000204438,GPANK1,5884,True,0.21982725197453548,1.7639910139037942,0.318785,72,False,False,False,False,False,False,False,False
ENSG00000134352,ENSG00000134352,IL6ST,2841,True,0.10705962853391658,1.7655068551151638,0.317933,72,False,False,False,False,False,False,False,False
ENSG00000110066,ENSG00000110066,KMT5B,4728,True,0.1729954047778017,1.76271744276079,0.31682032,72,False,False,False,False,False,False,False,False
ENSG00000204130,ENSG00000204130,RUFY2,3643,True,0.1371938264376125,1.763689227663427,0.3167436,72,False,False,False,False,False,False,False,False
ENSG00000213625,ENSG00000213625,LEPROT,4563,True,0.1705808429886243,1.7616419662335112,0.3150207,72,False,False,False,False,False,False,False,False
ENSG00000198464,ENSG00000198464,ZNF480,6839,True,0.2471218191632672,1.7630470677901249,0.31258154,72,False,False,False,False,False,False,False,False
ENSG00000042429,ENSG00000042429,MED17,7533,True,0.2621060033302369,1.7581277761836696,0.31162935,72,False,False,False,False,False,False,False,False
ENSG00000163788,ENSG00000163788,SNRK,5007,True,0.183848897475451,1.7625381154675497,0.3113053,72,False,False,False,False,False,False,False,False
ENSG00000009413,ENSG00000009413,REV3L,6269,True,0.22325120892752984,1.7635315522135202,0.3110964,72,False,False,False,False,False,False,False,False
ENSG00000174579,ENSG00000174579,MSL2,4502,True,0.16410837632041306,1.7634400720133614,0.30820456,72,False,False,False,False,False,False,False,False
ENSG00000110880,ENSG00000110880,CORO1C,5112,True,0.18799358835414476,1.761456594052057,0.30508763,72,False,False,False,False,False,False,False,False
ENSG00000170949,ENSG00000170949,ZNF160,2994,True,0.11417334646516278,1.762865956549532,0.30468097,72,False,False,False,False,False,False,False,False
ENSG00000182473,ENSG00000182473,EXOC7,6155,True,0.2211707851385703,1.760300007751821,0.30391943,72,False,False,False,False,False,False,False,False
ENSG00000263753,ENSG00000263753,LINC00667,5191,True,0.19473792061904496,1.7622142122083142,0.30254525,72,False,False,False,False,False,False,False,False
ENSG00000204138,ENSG00000204138,PHACTR4,5553,True,0.19988424779512776,1.758864245881496,0.30077007,72,False,False,False,False,False,False,False,False
ENSG00000157036,ENSG00000157036,EXOG,6887,True,0.25536195171300374,1.763804598875874,0.30075198,72,False,False,False,False,False,False,False,False
ENSG00000168214,ENSG00000168214,RBPJ,8075,True,0.2913400234966054,1.7676298202515206,0.30037794,72,False,False,False,False,False,False,False,False
ENSG00000175115,ENSG00000175115,PACS1,7263,True,0.25533375043105383,1.764400228141911,0.29963675,72,False,False,False,False,False,False,False,False
ENSG00000165102,ENSG00000165102,HGSNAT,3861,True,0.14307274389786964,1.7596726919803771,0.29658908,72,False,False,False,False,False,False,False,False
ENSG00000121897,ENSG00000121897,LIAS,2959,True,0.11008738100801886,1.7609312308298029,0.29521042,72,False,False,False,False,False,False,False,False
ENSG00000005812,ENSG00000005812,FBXL3,4477,True,0.16705170640509917,1.7588396075311359,0.2894455,72,False,False,False,False,False,False,False,False
ENSG00000162739,ENSG00000162739,SLAMF6,4059,True,0.15246273161627807,1.757880659432262,0.28801265,72,False,False,False,False,False,False,False,False
ENSG00000160226,ENSG00000160226,CFAP410,5374,True,0.19594016976558049,1.7567458124970228,0.28780624,72,False,False,False,False,False,False,False,False
ENSG00000177042,ENSG00000177042,TMEM80,5029,True,0.18660591191832385,1.7574206863291293,0.28573215,72,False,False,False,False,False,False,False,False
ENSG00000121716,ENSG00000121716,PILRB,6129,True,0.22061498038829377,1.7629822958858368,0.2806555,72,False,False,False,False,False,False,False,False
ENSG00000110429,ENSG00000110429,FBXO3,6285,True,0.23121817845173726,1.7552658934117773,0.27591577,72,False,False,False,False,False,False,False,False
ENSG00000108854,ENSG00000108854,SMURF2,2065,True,0.08130006151859172,1.755016242397089,0.273834,72,False,False,False,False,False,False,False,False
ENSG00000273015,ENSG00000273015,LINC00938,5298,True,0.20047998735509534,1.7558921924170385,0.2693301,72,False,False,False,False,False,False,False,False
ENSG00000112282,ENSG00000112282,MED23,5482,True,0.19695584011237902,1.7588674400953783,0.26915523,72,False,False,False,False,False,False,False,False
ENSG00000085511,ENSG00000085511,MAP3K4,3094,True,0.1136504557714793,1.7527872230654402,0.26509464,72,False,False,False,False,False,False,False,False
ENSG00000155657,ENSG00000155657,TTN,7993,True,0.2791228944808189,1.8319621015070249,0.8412272,71,False,False,False,False,False,False,False,False
ENSG00000168209,ENSG00000168209,DDIT4,14577,True,0.5032707968917012,1.8332940038134011,0.75381684,71,False,False,False,False,False,False,False,False
ENSG00000106829,ENSG00000106829,TLE4,14906,True,0.5243246895248279,1.824109078525442,0.67058754,71,False,False,False,False,False,False,False,False
ENSG00000152804,ENSG00000152804,HHEX,18090,True,0.6108072241086107,1.8262412814288296,0.6588858,71,False,False,False,False,False,False,False,False
ENSG00000197329,ENSG00000197329,PELI1,10173,True,0.3536564871530323,1.8176455508090787,0.64407223,71,False,False,False,False,False,False,False,False
ENSG00000102096,ENSG00000102096,PIM2,15830,True,0.5358697987661868,1.8158301426589574,0.5984863,71,False,False,False,False,False,False,False,False
ENSG00000263958,ENSG00000263958,NETO1-DT,559,True,0.027357967056053357,1.7569446738450958,0.5155532,71,False,False,False,False,False,False,False,False
ENSG00000223881,ENSG00000223881,ENSG00000223881,475,True,0.021196673076763626,1.7780382612716665,0.4918477,71,False,False,False,False,False,False,False,False
ENSG00000007944,ENSG00000007944,MYLIP,12507,True,0.4260640296322476,1.802069555781808,0.49152187,71,False,False,False,False,False,False,False,False
ENSG00000160932,ENSG00000160932,LY6E,49762,True,1.384142630351642,1.9140633407903367,0.4849295,71,False,False,False,False,False,False,False,False
ENSG00000172183,ENSG00000172183,ISG20,63506,True,1.6972619912755678,1.9915375541136138,0.46448034,71,False,False,False,False,False,False,False,False
ENSG00000000938,ENSG00000000938,FGR,9765,True,0.3451228748952202,1.7939555471244846,0.4527707,71,False,False,False,False,False,False,False,False
ENSG00000129990,ENSG00000129990,SYT5,1603,True,0.0661556576840988,1.796092493426024,0.45141625,71,False,False,False,False,False,False,False,False
ENSG00000186666,ENSG00000186666,BCDIN3D,1111,True,0.04604308659041809,1.791071429418629,0.4383286,71,False,False,False,False,False,False,False,False
ENSG00000272764,ENSG00000272764,ENSG00000272764,762,True,0.03277213544967223,1.7914952011660417,0.436997,71,False,False,False,False,False,False,False,False
ENSG00000103647,ENSG00000103647,CORO2B,654,True,0.029634044944073935,1.7964052649570148,0.43330842,71,False,False,False,False,False,False,False,False
ENSG00000100162,ENSG00000100162,CENPM,3269,True,0.12721629648194493,1.7911113666871459,0.4331922,71,False,False,False,False,False,False,False,False
ENSG00000101040,ENSG00000101040,ZMYND8,8004,True,0.2879149550490646,1.7943443322388446,0.43226013,71,False,False,False,False,False,False,False,False
ENSG00000165632,ENSG00000165632,TAF3,9012,True,0.3227882057209471,1.7880563225951327,0.42571205,71,False,False,False,False,False,False,False,False
ENSG00000153283,ENSG00000153283,CD96,4386,True,0.16272815797711052,1.787228839273589,0.42371985,71,False,False,False,False,False,False,False,False
ENSG00000248275,ENSG00000248275,TRIM52-AS1,8537,True,0.3171003864331563,1.7820740608867411,0.41421863,71,False,False,False,False,False,False,False,False
ENSG00000072163,ENSG00000072163,LIMS2,2954,True,0.11033376064861607,1.7831659632785546,0.40828702,71,False,False,False,False,False,False,False,False
ENSG00000149970,ENSG00000149970,CNKSR2,1108,True,0.044156006955909016,1.7866487114714331,0.40535074,71,False,False,False,False,False,False,False,False
ENSG00000104218,ENSG00000104218,CSPP1,2703,True,0.10386682045792427,1.7820408028615646,0.40403825,71,False,False,False,False,False,False,False,False
ENSG00000174607,ENSG00000174607,UGT8,1739,True,0.0704998143465758,1.7856514112083604,0.39701694,71,False,False,False,False,False,False,False,False
ENSG00000237484,ENSG00000237484,LINC01684,1043,True,0.04426111375640222,1.7794880474506014,0.38874575,71,False,False,False,False,False,False,False,False
ENSG00000117425,ENSG00000117425,PTCH2,1754,True,0.0722789551369982,1.782769692903656,0.386417,71,False,False,False,False,False,False,False,False
ENSG00000056050,ENSG00000056050,HPF1,4306,True,0.16406497857288385,1.7772336522177488,0.38114154,71,False,False,False,False,False,False,False,False
ENSG00000172086,ENSG00000172086,KRCC1,8643,True,0.31788764337662834,1.7867816733668145,0.3802709,71,False,False,False,False,False,False,False,False
ENSG00000237441,ENSG00000237441,RGL2,3788,True,0.14811675346044506,1.778980909919209,0.37185267,71,False,False,False,False,False,False,False,False
ENSG00000214401,ENSG00000214401,KANSL1-AS1,4605,True,0.17534678241109836,1.775084419727345,0.3671295,71,False,False,False,False,False,False,False,False
ENSG00000107554,ENSG00000107554,DNMBP,1921,True,0.07868891036699795,1.7749620640355113,0.3603164,71,False,False,False,False,False,False,False,False
ENSG00000145388,ENSG00000145388,METTL14,3526,True,0.13567062157439522,1.7744067824522611,0.3535322,71,False,False,False,False,False,False,False,False
ENSG00000178996,ENSG00000178996,SNX18,2285,True,0.08517202212224574,1.7734542517488772,0.35177726,71,False,False,False,False,False,False,False,False
ENSG00000237440,ENSG00000237440,ZNF737,1208,True,0.047394725791035514,1.683514969752103,0.35167053,71,False,False,False,False,False,False,False,False
ENSG00000132680,ENSG00000132680,KHDC4,6117,True,0.2216449323622349,1.76440766716454,0.34609762,71,False,False,False,False,False,False,False,False
ENSG00000102524,ENSG00000102524,TNFSF13B,2684,True,0.1101984816287425,1.7733229012182499,0.3452173,71,False,False,False,False,False,False,False,False
ENSG00000077684,ENSG00000077684,JADE1,4858,True,0.1807771859939209,1.771054465909055,0.34396037,71,False,False,False,False,False,False,False,False
ENSG00000081665,ENSG00000081665,ZNF506,4922,True,0.18223361939777802,1.7698330998827785,0.34150806,71,False,False,False,False,False,False,False,False
ENSG00000225733,ENSG00000225733,FGD5-AS1,6857,True,0.2437075583369224,1.7687639632546066,0.336608,71,False,False,False,False,False,False,False,False
ENSG00000157426,ENSG00000157426,AASDH,3839,True,0.1468038157059073,1.7668476005030216,0.33382228,71,False,False,False,False,False,False,False,False
ENSG00000143748,ENSG00000143748,NVL,3507,True,0.13583398371482194,1.7670379888696686,0.33349738,71,False,False,False,False,False,False,False,False
ENSG00000163513,ENSG00000163513,TGFBR2,7793,True,0.2766220975766785,1.7732305079762591,0.33087415,71,False,False,False,False,False,False,False,False
ENSG00000172766,ENSG00000172766,NAA16,3284,True,0.12477413687011968,1.7672744758080399,0.3307574,71,False,False,False,False,False,False,False,False
ENSG00000166024,ENSG00000166024,R3HCC1L,2294,True,0.08952075870844363,1.7686551076693804,0.33015886,71,False,False,False,False,False,False,False,False
ENSG00000136874,ENSG00000136874,STX17,3764,True,0.1391097818806679,1.766392850783147,0.32923353,71,False,False,False,False,False,False,False,False
ENSG00000118260,ENSG00000118260,CREB1,8435,True,0.301483581752508,1.7704720490423318,0.32755813,71,False,False,False,False,False,False,False,False
ENSG00000125633,ENSG00000125633,CCDC93,3484,True,0.12941249074644154,1.7639468126682016,0.32702532,71,False,False,False,False,False,False,False,False
ENSG00000245556,ENSG00000245556,SCAMP1-AS1,2866,True,0.10776176911750426,1.7655647938998227,0.32584924,71,False,False,False,False,False,False,False,False
ENSG00000147526,ENSG00000147526,TACC1,8041,True,0.27965599266765184,1.7710427475093191,0.3244622,71,False,False,False,False,False,False,False,False
ENSG00000188917,ENSG00000188917,TRMT2B,2500,True,0.09467420423153197,1.7672915401737306,0.32224184,71,False,False,False,False,False,False,False,False
ENSG00000136451,ENSG00000136451,VEZF1,4064,True,0.15235594964717555,1.7652110953238405,0.31874764,71,False,False,False,False,False,False,False,False
ENSG00000147789,ENSG00000147789,ZNF7,3339,True,0.12514922431800216,1.7664930221034885,0.3171931,71,False,False,False,False,False,False,False,False
ENSG00000107201,ENSG00000107201,RIGI,3943,True,0.14856826284310867,1.7657726120464516,0.31665373,71,False,False,False,False,False,False,False,False
ENSG00000131089,ENSG00000131089,ARHGEF9,2408,True,0.09296893107205038,1.7652062991204729,0.31372413,71,False,False,False,False,False,False,False,False
ENSG00000181381,ENSG00000181381,DDX60L,3945,True,0.15190195586077196,1.7616997765270102,0.31087947,71,False,False,False,False,False,False,False,False
ENSG00000010072,ENSG00000010072,SPRTN,4306,True,0.1592209143387525,1.7633925213258648,0.31071264,71,False,False,False,False,False,False,False,False
ENSG00000253352,ENSG00000253352,TUG1,4479,True,0.1673029857568575,1.7637381500864806,0.30959067,71,False,False,False,False,False,False,False,False
ENSG00000090989,ENSG00000090989,EXOC1,5199,True,0.19224229413859745,1.7611544601984284,0.30764338,71,False,False,False,False,False,False,False,False
ENSG00000145919,ENSG00000145919,BOD1,3624,True,0.13622895309197572,1.7597103355151698,0.30724517,71,False,False,False,False,False,False,False,False
ENSG00000204348,ENSG00000204348,DXO,2917,True,0.11375595489643799,1.7608307587834664,0.30157453,71,False,False,False,False,False,False,False,False
ENSG00000250988,ENSG00000250988,SNHG21,4659,True,0.18804116041665875,1.7602732329514459,0.29562345,71,False,False,False,False,False,False,False,False
ENSG00000124406,ENSG00000124406,ATP8A1,4252,True,0.15902515367032646,1.758598224494572,0.2930741,71,False,False,False,False,False,False,False,False
ENSG00000256683,ENSG00000256683,ZNF350,7626,True,0.28089509916278543,1.7673571836860198,0.29067114,71,False,False,False,False,False,False,False,False
ENSG00000168172,ENSG00000168172,HOOK3,7271,True,0.25693480947180747,1.7583700545997978,0.2897418,71,False,False,False,False,False,False,False,False
ENSG00000173715,ENSG00000173715,TOP6BL,3553,True,0.13954689597656997,1.758859603234545,0.2887294,71,False,False,False,False,False,False,False,False
ENSG00000182903,ENSG00000182903,ZNF721,7340,True,0.2571761479686239,1.7616872406543491,0.2874702,71,False,False,False,False,False,False,False,False
ENSG00000186834,ENSG00000186834,HEXIM1,4727,True,0.17217264249156222,1.757944619253549,0.28496674,71,False,False,False,False,False,False,False,False
ENSG00000154640,ENSG00000154640,BTG3,5169,True,0.196954968484617,1.7556272288988313,0.28232738,71,False,False,False,False,False,False,False,False
ENSG00000027697,ENSG00000027697,IFNGR1,6962,True,0.2527517062921372,1.7575627151078344,0.2820265,71,False,False,False,False,False,False,False,False
ENSG00000138081,ENSG00000138081,FBXO11,5749,True,0.20824250579223855,1.7577732003076953,0.27774698,71,False,False,False,False,False,False,False,False
ENSG00000122884,ENSG00000122884,P4HA1,4141,True,0.15810255553957753,1.755914428754116,0.27394488,71,False,False,False,False,False,False,False,False
ENSG00000112367,ENSG00000112367,FIG4,4634,True,0.17281335734342743,1.7528002005358254,0.2696551,71,False,False,False,False,False,False,False,False
ENSG00000184277,ENSG00000184277,TM2D3,7285,True,0.2685785222861907,1.7567755675469514,0.26754594,71,False,False,False,False,False,False,False,False
ENSG00000119953,ENSG00000119953,SMNDC1,7071,True,0.253950683427753,1.7605907243242394,0.26685816,71,False,False,False,False,False,False,False,False
ENSG00000100523,ENSG00000100523,DDHD1,5164,True,0.1839357116638028,1.7502378854251341,0.25448838,71,False,False,False,False,False,False,False,False
ENSG00000205707,ENSG00000205707,ETFRF1,7000,True,0.2641539022984568,1.754445994686894,0.24705222,71,False,False,False,False,False,False,False,False
ENSG00000196428,ENSG00000196428,TSC22D2,3670,True,0.13696926655157815,1.7500406005045364,0.24174315,71,False,False,False,False,False,False,False,False
ENSG00000174373,ENSG00000174373,RALGAPA1,4016,True,0.14668933930486974,1.7450033838880081,0.2386369,71,False,False,False,False,False,False,False,False
ENSG00000121210,ENSG00000121210,TMEM131L,6083,True,0.21267465310976236,1.7564365074630572,0.2354636,71,False,False,False,False,False,False,False,False
ENSG00000105879,ENSG00000105879,CBLL1,4802,True,0.1769000732631207,1.7436093053380766,0.23125152,71,False,False,False,False,False,False,False,False
ENSG00000174720,ENSG00000174720,LARP7,16257,True,0.5529766198742844,1.8180780499808018,0.6498612,70,False,False,False,False,False,False,False,False
ENSG00000196549,ENSG00000196549,MME,797,True,0.03258060270356046,1.747910456449437,0.647468,70,False,False,False,False,False,False,False,False
ENSG00000206573,ENSG00000206573,THUMPD3-AS1,18603,True,0.6392627924736005,1.8226131672361725,0.5843182,70,False,False,False,False,False,False,False,False
ENSG00000270562,ENSG00000270562,FOXP1-DT,318,True,0.01387705186308878,1.6037269397784035,0.5755761,70,False,False,False,False,False,False,False,False
ENSG00000179218,ENSG00000179218,CALR,25493,True,0.774680744041962,1.849632830290348,0.56884944,70,False,False,False,False,False,False,False,False
ENSG00000125844,ENSG00000125844,RRBP1,4425,True,0.1634615882387912,1.806962655305466,0.53003466,70,False,False,False,False,False,False,False,False
ENSG00000128805,ENSG00000128805,ARHGAP22,545,True,0.023466088098958924,1.719923029229644,0.5282556,70,False,False,False,False,False,False,False,False
ENSG00000121895,ENSG00000121895,TMEM156,26747,True,0.845636667624635,1.8451549932714355,0.50803936,70,False,False,False,False,False,False,False,False
ENSG00000143669,ENSG00000143669,LYST,18444,True,0.6180299778979083,1.8132531421517089,0.5028505,70,False,False,False,False,False,False,False,False
ENSG00000124575,ENSG00000124575,H1-3,9783,True,0.33452474726097087,1.7963057011316652,0.4949803,70,False,False,False,False,False,False,False,False
ENSG00000144445,ENSG00000144445,KANSL1L,681,True,0.029418720517027944,1.7716997954994176,0.4829748,70,False,False,False,False,False,False,False,False
ENSG00000166704,ENSG00000166704,ZNF606,1311,True,0.05427421462654313,1.7701776844426234,0.47206786,70,False,False,False,False,False,False,False,False
ENSG00000237976,ENSG00000237976,RFX5-AS1,2066,True,0.08606047835452803,1.7940150247327085,0.45301744,70,False,False,False,False,False,False,False,False
ENSG00000262074,ENSG00000262074,SNORD3B-2,1524,True,0.06231352978004801,1.778040288100005,0.4112405,70,False,False,False,False,False,False,False,False
ENSG00000101236,ENSG00000101236,RNF24,881,True,0.03542646667832531,1.7004949014056827,0.41063976,70,False,False,False,False,False,False,False,False
ENSG00000049089,ENSG00000049089,COL9A2,1175,True,0.04766215952271207,1.7830133569657212,0.40884444,70,False,False,False,False,False,False,False,False
ENSG00000127990,ENSG00000127990,SGCE,1042,True,0.04567784740069755,1.7861568103201306,0.40570274,70,False,False,False,False,False,False,False,False
ENSG00000130653,ENSG00000130653,PNPLA7,899,True,0.037395861874533025,1.7506557040604298,0.3978759,70,False,False,False,False,False,False,False,False
ENSG00000111796,ENSG00000111796,KLRB1,6035,True,0.21560036741659233,1.79187657152253,0.3931025,70,False,False,False,False,False,False,False,False
ENSG00000231856,ENSG00000231856,ENSG00000231856,1804,True,0.07686811746899412,1.7824646047809432,0.39197975,70,False,False,False,False,False,False,False,False
ENSG00000236514,ENSG00000236514,ZNF248-AS1,782,True,0.03323048845696086,1.7807737561488457,0.38360208,70,False,False,False,False,False,False,False,False
ENSG00000140968,ENSG00000140968,IRF8,33462,True,0.9992675735834243,1.847680316469122,0.38271254,70,False,False,False,False,False,False,False,False
ENSG00000169131,ENSG00000169131,ZNF354A,2150,True,0.08402667524720521,1.774236369119629,0.37889755,70,False,False,False,False,False,False,False,False
ENSG00000164172,ENSG00000164172,MOCS2,4950,True,0.1903664616014921,1.776345401628332,0.37646902,70,False,False,False,False,False,False,False,False
ENSG00000112983,ENSG00000112983,BRD8,3609,True,0.142272609390914,1.7791773844843435,0.37496337,70,False,False,False,False,False,False,False,False
ENSG00000124225,ENSG00000124225,PMEPA1,1645,True,0.06618837084737951,1.775843368537069,0.37468833,70,False,False,False,False,False,False,False,False
ENSG00000174206,ENSG00000174206,KICS2,1755,True,0.0723573158956488,1.7769390214599345,0.37070745,70,False,False,False,False,False,False,False,False
ENSG00000255135,ENSG00000255135,EMSY-DT,1666,True,0.06925818502029381,1.778988806867043,0.36825556,70,False,False,False,False,False,False,False,False
ENSG00000197782,ENSG00000197782,ZNF780A,1989,True,0.08151849184335715,1.779168158724677,0.36672145,70,False,False,False,False,False,False,False,False
ENSG00000100099,ENSG00000100099,HPS4,8452,True,0.3105905935198826,1.7812174455668397,0.36182603,70,False,False,False,False,False,False,False,False
ENSG00000135541,ENSG00000135541,AHI1,3407,True,0.13344017244783885,1.774189019274413,0.36020115,70,False,False,False,False,False,False,False,False
ENSG00000117569,ENSG00000117569,PTBP2,1999,True,0.07909540248046709,1.7741509413623235,0.3593646,70,False,False,False,False,False,False,False,False
ENSG00000165905,ENSG00000165905,LARGE2,2116,True,0.08607331629060165,1.7761340047272307,0.35743657,70,False,False,False,False,False,False,False,False
ENSG00000159216,ENSG00000159216,RUNX1,3471,True,0.1338251481697785,1.7738872620336723,0.35682705,70,False,False,False,False,False,False,False,False
ENSG00000114302,ENSG00000114302,PRKAR2A,4107,True,0.15289263505331435,1.7739321616468116,0.3555987,70,False,False,False,False,False,False,False,False
ENSG00000068912,ENSG00000068912,ERLEC1,7678,True,0.28093128409020085,1.777377581464837,0.35399002,70,False,False,False,False,False,False,False,False
ENSG00000170852,ENSG00000170852,KBTBD2,2906,True,0.11301821131903474,1.7699714567032812,0.35197785,70,False,False,False,False,False,False,False,False
ENSG00000032742,ENSG00000032742,IFT88,2656,True,0.10091871037621387,1.7762709908163026,0.35176218,70,False,False,False,False,False,False,False,False
ENSG00000132952,ENSG00000132952,USPL1,4201,True,0.15843296139055085,1.7742503011106967,0.35026756,70,False,False,False,False,False,False,False,False
ENSG00000095002,ENSG00000095002,MSH2,2511,True,0.09533471074884424,1.768480255137262,0.34949166,70,False,False,False,False,False,False,False,False
ENSG00000196792,ENSG00000196792,STRN3,3453,True,0.13475100778682825,1.7711451301559278,0.34686485,70,False,False,False,False,False,False,False,False
ENSG00000104549,ENSG00000104549,SQLE,4694,True,0.17664868550187715,1.7699256029109707,0.3445583,70,False,False,False,False,False,False,False,False
ENSG00000034533,ENSG00000034533,ASTE1,2981,True,0.11361206346864706,1.771316988765441,0.3435755,70,False,False,False,False,False,False,False,False
ENSG00000119906,ENSG00000119906,SLF2,3806,True,0.14176219383781777,1.7672370794765861,0.343374,70,False,False,False,False,False,False,False,False
ENSG00000184384,ENSG00000184384,MAML2,4350,True,0.15890454176670282,1.7693803518612667,0.34118405,70,False,False,False,False,False,False,False,False
ENSG00000152465,ENSG00000152465,NMT2,3007,True,0.12094722683399405,1.768296510591192,0.34051934,70,False,False,False,False,False,False,False,False
ENSG00000169087,ENSG00000169087,HSPBAP1,2675,True,0.10384097130384888,1.7663736655782836,0.3385359,70,False,False,False,False,False,False,False,False
ENSG00000198000,ENSG00000198000,NOL8,6603,True,0.23472903979482176,1.7702996809961997,0.33759326,70,False,False,False,False,False,False,False,False
ENSG00000177082,ENSG00000177082,WDR73,3282,True,0.11707350806658547,1.7698835260368126,0.3372854,70,False,False,False,False,False,False,False,False
ENSG00000168916,ENSG00000168916,ZNF608,1959,True,0.0784970426471625,1.7644246940067667,0.3340017,70,False,False,False,False,False,False,False,False
ENSG00000101695,ENSG00000101695,RNF125,3996,True,0.14294667759343768,1.76981265270525,0.33355734,70,False,False,False,False,False,False,False,False
ENSG00000172530,ENSG00000172530,BANP,3125,True,0.1197561148562618,1.7684923856314398,0.32973433,70,False,False,False,False,False,False,False,False
ENSG00000116984,ENSG00000116984,MTR,3568,True,0.12900592477889553,1.7659486599889127,0.3292141,70,False,False,False,False,False,False,False,False
ENSG00000139372,ENSG00000139372,TDG,7419,True,0.2712534013149501,1.7666839808821606,0.3277167,70,False,False,False,False,False,False,False,False
ENSG00000244462,ENSG00000244462,RBM12,2472,True,0.09474879011919288,1.7673874282173996,0.3236246,70,False,False,False,False,False,False,False,False
ENSG00000065923,ENSG00000065923,SLC9A7,1822,True,0.06697424545181874,1.7385569501482565,0.32322633,70,False,False,False,False,False,False,False,False
ENSG00000198887,ENSG00000198887,SMC5,8914,True,0.31049166648423865,1.775986277408286,0.322356,70,False,False,False,False,False,False,False,False
ENSG00000135974,ENSG00000135974,C2orf49,4983,True,0.18978680963961567,1.762667973519716,0.32180485,70,False,False,False,False,False,False,False,False
ENSG00000198862,ENSG00000198862,LTN1,5157,True,0.18588183508474587,1.764522284451713,0.3212117,70,False,False,False,False,False,False,False,False
ENSG00000183354,ENSG00000183354,BRD10,7598,True,0.2730729606942164,1.770442664828982,0.32109994,70,False,False,False,False,False,False,False,False
ENSG00000169155,ENSG00000169155,ZBTB43,3176,True,0.11817913067669159,1.764666135777417,0.32014388,70,False,False,False,False,False,False,False,False
ENSG00000135108,ENSG00000135108,FBXO21,6564,True,0.2373719474306573,1.7662857637853804,0.31650558,70,False,False,False,False,False,False,False,False
ENSG00000105851,ENSG00000105851,PIK3CG,2517,True,0.0981943948424366,1.7649958492911653,0.3149432,70,False,False,False,False,False,False,False,False
ENSG00000257093,ENSG00000257093,DENND11,2211,True,0.08787250972061753,1.7663464557783468,0.3128263,70,False,False,False,False,False,False,False,False
ENSG00000233184,ENSG00000233184,DPH5-DT,3791,True,0.15049689931716534,1.7619434758794392,0.31225684,70,False,False,False,False,False,False,False,False
ENSG00000198783,ENSG00000198783,ZNF830,7950,True,0.28711581020062865,1.7746035036296213,0.31139827,70,False,False,False,False,False,False,False,False
ENSG00000135999,ENSG00000135999,EPC2,3910,True,0.14325296130354517,1.7611245243923541,0.30979213,70,False,False,False,False,False,False,False,False
ENSG00000134313,ENSG00000134313,KIDINS220,4165,True,0.15304779246516456,1.763563383663107,0.30757967,70,False,False,False,False,False,False,False,False
ENSG00000110077,ENSG00000110077,MS4A6A,4284,True,0.167907199460782,1.7633533873231584,0.30582944,70,False,False,False,False,False,False,False,False
ENSG00000162642,ENSG00000162642,C1orf52,5622,True,0.20826470462361862,1.762913321302721,0.305418,70,False,False,False,False,False,False,False,False
ENSG00000006459,ENSG00000006459,KDM7A,5514,True,0.20120058677652589,1.7623551618866815,0.30463567,70,False,False,False,False,False,False,False,False
ENSG00000107077,ENSG00000107077,KDM4C,6530,True,0.23729500249862598,1.7652099463473525,0.3036002,70,False,False,False,False,False,False,False,False
ENSG00000173611,ENSG00000173611,SCAI,2605,True,0.09688746408278598,1.7617056022877025,0.30336705,70,False,False,False,False,False,False,False,False
ENSG00000147872,ENSG00000147872,PLIN2,4986,True,0.18046126464614234,1.7589013451016,0.30225268,70,False,False,False,False,False,False,False,False
ENSG00000106617,ENSG00000106617,PRKAG2,6850,True,0.2448216956329824,1.7640434428689467,0.30076414,70,False,False,False,False,False,False,False,False
ENSG00000160194,ENSG00000160194,NDUFV3,5608,True,0.2056284983523952,1.7591748515009031,0.2996949,70,False,False,False,False,False,False,False,False
ENSG00000115267,ENSG00000115267,IFIH1,5168,True,0.18920412132129902,1.7646153515959329,0.29737014,70,False,False,False,False,False,False,False,True
ENSG00000197013,ENSG00000197013,ZNF429,3305,True,0.1301393660971661,1.7620884001727846,0.29729703,70,False,False,False,False,False,False,False,False
ENSG00000107745,ENSG00000107745,MICU1,4859,True,0.1866994324811613,1.7572179250611593,0.2949065,70,False,False,False,False,False,False,False,False
ENSG00000070366,ENSG00000070366,SMG6,3380,True,0.12170747348231897,1.7583389831884388,0.29250556,70,False,False,False,False,False,False,False,False
ENSG00000224470,ENSG00000224470,ATXN1L,3788,True,0.1450100079877006,1.7594744687980879,0.2920706,70,False,False,False,False,False,False,False,False
ENSG00000174840,ENSG00000174840,PDE12,3270,True,0.1175077174639804,1.7580808698313317,0.29133284,70,False,False,False,False,False,False,False,False
ENSG00000137574,ENSG00000137574,TGS1,6226,True,0.22480780629755276,1.7589359446471724,0.28895533,70,False,False,False,False,False,False,False,False
ENSG00000067248,ENSG00000067248,DHX29,6753,True,0.2451118104602288,1.7598584906596502,0.28864616,70,False,False,False,False,False,False,False,False
ENSG00000125375,ENSG00000125375,DMAC2L,6850,True,0.2471318579463806,1.756975283042255,0.2884209,70,False,False,False,False,False,False,False,False
ENSG00000168071,ENSG00000168071,CCDC88B,4627,True,0.16641992075532303,1.7602393476966485,0.28711835,70,False,False,False,False,False,False,False,False
ENSG00000072401,ENSG00000072401,UBE2D1,6842,True,0.25607320364346264,1.7577359886671096,0.28021112,70,False,False,False,False,False,False,False,False
ENSG00000102710,ENSG00000102710,SUPT20H,5273,True,0.19551655846876825,1.7536337468642123,0.27397698,70,False,False,False,False,False,False,False,False
ENSG00000152256,ENSG00000152256,PDK1,3263,True,0.12039406078024464,1.7568558340538387,0.27333593,70,False,False,False,False,False,False,False,False
ENSG00000162852,ENSG00000162852,CNST,6111,True,0.22048541138943217,1.7563232470003938,0.27037442,70,False,False,False,False,False,False,False,False
ENSG00000163257,ENSG00000163257,DCAF16,3763,True,0.14018226070867132,1.7541037928288397,0.2654363,70,False,False,False,False,False,False,False,False
ENSG00000147316,ENSG00000147316,MCPH1,5907,True,0.2044754372993185,1.7565947565576232,0.26158032,70,False,False,False,False,False,False,False,False
ENSG00000074356,ENSG00000074356,NCBP3,5242,True,0.19173948311600328,1.7507300573631093,0.26021937,70,False,False,False,False,False,False,False,False
ENSG00000144118,ENSG00000144118,RALB,6861,True,0.24820555458723137,1.75072084455367,0.2585701,70,False,False,False,False,False,False,False,False
ENSG00000156671,ENSG00000156671,SAMD8,5043,True,0.18194754296834595,1.7487612779528456,0.23538356,70,False,False,False,False,False,False,False,False
ENSG00000175279,ENSG00000175279,CENPS,988,True,0.03816931590083054,1.7333485960137345,0.20135918,70,False,False,False,False,False,False,False,False
ENSG00000197061,ENSG00000197061,H4C3,21867,True,0.7297116054796438,2.029231171792849,2.1757047,69,False,False,False,False,False,False,False,False
ENSG00000128245,ENSG00000128245,YWHAH,12787,True,0.4537981488957115,1.8291462610864797,0.8088835,69,False,False,False,False,False,False,False,False
ENSG00000169499,ENSG00000169499,PLEKHA2,16126,True,0.5577939591927,1.8250568279324886,0.6545258,69,False,False,False,False,False,False,False,False
ENSG00000163687,ENSG00000163687,DNASE1L3,1679,True,0.07339327524616242,1.834081785597496,0.60959756,69,False,False,False,False,False,False,False,False
ENSG00000198168,ENSG00000198168,SVIP,20261,True,0.6843834817721608,1.8288559400341078,0.5712152,69,False,False,False,False,False,False,False,False
ENSG00000163697,ENSG00000163697,APBB2,752,True,0.03200888892969395,1.7306997329724154,0.54664755,69,False,False,False,False,False,False,False,False
ENSG00000023287,ENSG00000023287,RB1CC1,10827,True,0.3774163741393851,1.799379428347958,0.5190482,69,False,False,False,False,False,False,False,False
ENSG00000220008,ENSG00000220008,LINGO3,499,True,0.02147131651194412,1.7189086920905245,0.50187886,69,False,False,False,False,False,False,False,False
ENSG00000119866,ENSG00000119866,BCL11A,23882,True,0.7869582820634053,1.8317332296200477,0.48216596,69,False,False,False,False,False,False,False,False
ENSG00000139618,ENSG00000139618,BRCA2,2210,True,0.08485583011767615,1.7979598754942279,0.46309856,69,False,False,False,False,False,False,False,False
ENSG00000142556,ENSG00000142556,ZNF614,854,True,0.03547097055194826,1.764874077597167,0.45482638,69,False,False,False,False,False,False,False,False
ENSG00000170873,ENSG00000170873,MTSS1,19299,True,0.6206101325402321,1.8083864732751598,0.45383132,69,False,False,False,False,False,False,False,False
ENSG00000114796,ENSG00000114796,KLHL24,10872,True,0.38168948521950924,1.7945172684809594,0.4532295,69,False,False,False,False,False,False,False,False
ENSG00000069966,ENSG00000069966,GNB5,7643,True,0.27596403733264674,1.7866897910720445,0.44259205,69,False,False,False,False,False,False,False,False
ENSG00000153774,ENSG00000153774,CFDP1,10145,True,0.367698571473297,1.7946305707706613,0.4415785,69,False,False,False,False,False,False,False,False
ENSG00000131871,ENSG00000131871,SELENOS,8453,True,0.314595347881669,1.7950561066672577,0.44119716,69,False,False,False,False,False,False,False,False
ENSG00000127914,ENSG00000127914,AKAP9,25122,True,0.7936059878989293,1.8320571803214079,0.44036278,69,False,False,False,False,False,False,False,False
ENSG00000161610,ENSG00000161610,HCRT,407,True,0.01913432465328975,1.7611920992957353,0.43191934,69,False,False,False,False,False,False,False,False
ENSG00000198780,ENSG00000198780,FAM169A,778,True,0.03172761208763986,1.7623827094137439,0.42168832,69,False,False,False,False,False,False,False,False
ENSG00000111678,ENSG00000111678,C12orf57,30293,True,0.9033082590790094,1.8415466968515788,0.41700664,69,False,False,False,False,False,False,False,False
ENSG00000260806,ENSG00000260806,PAPOLA-DT,912,True,0.03865203768023599,1.788828924881021,0.4129943,69,False,False,False,False,False,False,False,False
ENSG00000151773,ENSG00000151773,CCDC122,1443,True,0.057991147901159334,1.7230026696575245,0.41145197,69,False,False,False,False,False,False,False,False
ENSG00000104356,ENSG00000104356,POP1,681,True,0.02872491207044446,1.7824263517891739,0.4058288,69,False,False,False,False,False,False,False,False
ENSG00000166750,ENSG00000166750,SLFN5,2546,True,0.09559445382187035,1.7805202057195648,0.39967465,69,False,False,False,False,False,False,False,False
ENSG00000148019,ENSG00000148019,CEP78,3070,True,0.11371253386155528,1.7791638009845436,0.3982797,69,False,False,False,False,False,False,False,False
ENSG00000101849,ENSG00000101849,TBL1X,1999,True,0.07666748219873874,1.783014856760654,0.39631906,69,False,False,False,False,False,False,False,False
ENSG00000163406,ENSG00000163406,SLC15A2,1591,True,0.06540349501582456,1.7794541478241142,0.39190903,69,False,False,False,False,False,False,False,False
ENSG00000222020,ENSG00000222020,HDAC4-AS1,1553,True,0.06879399911526761,1.7850221780393623,0.39065972,69,False,False,False,False,False,False,False,False
ENSG00000145416,ENSG00000145416,MARCHF1,38353,True,1.0964450334219071,1.8522791140850392,0.3904411,69,False,False,False,False,False,False,False,False
ENSG00000184678,ENSG00000184678,H2BC21,2262,True,0.0921659654223156,1.778993744310867,0.3884944,69,False,False,False,False,False,False,False,False
ENSG00000177000,ENSG00000177000,MTHFR,2928,True,0.1149833210478593,1.778937017111286,0.38321698,69,False,False,False,False,False,False,False,False
ENSG00000171503,ENSG00000171503,ETFDH,2394,True,0.08798997821424245,1.778122253041191,0.38142154,69,False,False,False,False,False,False,False,False
ENSG00000162924,ENSG00000162924,REL,38124,True,1.085045434834959,1.857516385150226,0.37677875,69,False,False,False,False,False,False,False,False
ENSG00000182195,ENSG00000182195,LDOC1,1160,True,0.04921389238029888,1.77553851155838,0.3755936,69,False,False,False,False,False,False,False,False
ENSG00000118515,ENSG00000118515,SGK1,3021,True,0.1142822296322899,1.7783321022357568,0.3750707,69,False,False,False,False,False,False,False,False
ENSG00000071243,ENSG00000071243,ING3,10933,True,0.39252280091996555,1.7839572290344998,0.36752775,69,False,False,False,False,False,False,False,False
ENSG00000198561,ENSG00000198561,CTNND1,1305,True,0.05277006213284405,1.775251072932174,0.36635894,69,False,False,False,False,False,False,False,False
ENSG00000109689,ENSG00000109689,STIM2,10081,True,0.3546479843088179,1.7853427189100695,0.36622533,69,False,False,False,False,False,False,False,False
ENSG00000255240,ENSG00000255240,ENSG00000255240,782,True,0.03163948258003743,1.6765745321663788,0.3661381,69,False,False,False,False,False,False,False,False
ENSG00000198039,ENSG00000198039,ZNF273,2309,True,0.08857337583288963,1.7749894244435305,0.3602123,69,False,False,False,False,False,False,False,False
ENSG00000154153,ENSG00000154153,RETREG1,1368,True,0.05703147975379546,1.774732704265553,0.35799003,69,False,False,False,False,False,False,False,False
ENSG00000248309,ENSG00000248309,MEF2C-AS1,2052,True,0.08423962389100974,1.7747177560020537,0.35541692,69,False,False,False,False,False,False,False,False
ENSG00000128915,ENSG00000128915,ICE2,5328,True,0.19294524805566313,1.7725783301169442,0.354637,69,False,False,False,False,False,False,False,False
ENSG00000136861,ENSG00000136861,CDK5RAP2,4888,True,0.1760648906927215,1.7727417194898114,0.35068536,69,False,False,False,False,False,False,False,False
ENSG00000100124,ENSG00000100124,ANKRD54,2419,True,0.09263747916132191,1.77284696101506,0.34906378,69,False,False,False,False,False,False,False,False
ENSG00000140463,ENSG00000140463,BBS4,1283,True,0.05155008151347415,1.7428597567500146,0.3482886,69,False,False,False,False,False,False,False,False
ENSG00000262049,ENSG00000262049,ENSG00000262049,3178,True,0.12328925852206901,1.7709615580293891,0.3430632,69,False,False,False,False,False,False,False,False
ENSG00000135164,ENSG00000135164,DMTF1,7446,True,0.2640504175942406,1.7756128640481519,0.34028405,69,False,False,False,False,False,False,False,False
ENSG00000165943,ENSG00000165943,MOAP1,7591,True,0.2713934317474795,1.7765019954443113,0.33847746,69,False,False,False,False,False,False,False,False
ENSG00000253948,ENSG00000253948,VPS13B-DT,2638,True,0.10974280240801751,1.7700859621040188,0.3383391,69,False,False,False,False,False,False,False,False
ENSG00000159459,ENSG00000159459,UBR1,3741,True,0.14015061645892415,1.7668766751349358,0.3355057,69,False,False,False,False,False,False,False,False
ENSG00000104447,ENSG00000104447,TRPS1,1364,True,0.054035180930303545,1.7729531587988026,0.33539668,69,False,False,False,False,False,False,False,False
ENSG00000166398,ENSG00000166398,GARRE1,7580,True,0.29360257879242097,1.7734370105160564,0.33514088,69,False,False,False,False,False,False,False,False
ENSG00000077984,ENSG00000077984,CST7,4189,True,0.15567013548110087,1.7663553579707376,0.33411422,69,False,False,False,False,False,False,False,False
ENSG00000155926,ENSG00000155926,SLA,5228,True,0.18999483443354775,1.7664330839887632,0.3314083,69,False,False,False,False,False,False,False,False
ENSG00000168944,ENSG00000168944,CEP120,3007,True,0.11385001109377245,1.767067500603995,0.32911047,69,False,False,False,False,False,False,False,False
ENSG00000131127,ENSG00000131127,ZNF141,2400,True,0.09048315777027044,1.7361462032231216,0.32688403,69,False,False,False,False,False,False,False,False
ENSG00000104164,ENSG00000104164,BLOC1S6,9259,True,0.3279887746478008,1.780335848311033,0.32685024,69,False,False,False,False,False,False,False,False
ENSG00000123607,ENSG00000123607,TTC21B,2140,True,0.08162408874241266,1.742134201389071,0.32656437,69,False,False,False,False,False,False,False,False
ENSG00000160179,ENSG00000160179,ABCG1,2495,True,0.09422566309727957,1.762412559803681,0.32603163,69,False,False,False,False,False,False,False,False
ENSG00000143971,ENSG00000143971,ETAA1,1702,True,0.06635504131659754,1.759210962527369,0.32273412,69,False,False,False,False,False,False,False,False
ENSG00000054282,ENSG00000054282,SDCCAG8,8841,True,0.31783021657885624,1.7717859939208949,0.3213655,69,False,False,False,False,False,False,False,False
ENSG00000085274,ENSG00000085274,MYNN,3428,True,0.13542272559306856,1.762507303067074,0.32102147,69,False,False,False,False,False,False,False,False
ENSG00000100079,ENSG00000100079,LGALS2,3959,True,0.15649180677917515,1.7639387353995841,0.32056713,69,False,False,False,False,False,False,False,False
ENSG00000124356,ENSG00000124356,STAMBP,5220,True,0.19358153756809643,1.762861069667283,0.31980348,69,False,False,False,False,False,False,False,False
ENSG00000173264,ENSG00000173264,GPR137,3045,True,0.11493815050446204,1.7656059109468207,0.3191246,69,False,False,False,False,False,False,False,False
ENSG00000067208,ENSG00000067208,EVI5,3606,True,0.13474987656988102,1.7648414613911731,0.31818682,69,False,False,False,False,False,False,False,False
ENSG00000079277,ENSG00000079277,MKNK1,3323,True,0.12748242898564568,1.7675950837622099,0.3181199,69,False,False,False,False,False,False,False,False
ENSG00000167380,ENSG00000167380,ZNF226,4167,True,0.1598574165209049,1.7631062101832187,0.31506303,69,False,False,False,False,False,False,False,False
ENSG00000151694,ENSG00000151694,ADAM17,7431,True,0.27257170445721013,1.768584867755382,0.31418738,69,False,False,False,False,False,False,False,False
ENSG00000123689,ENSG00000123689,G0S2,3259,True,0.12688431990774654,1.7627094083392236,0.30769113,69,False,False,False,False,False,False,False,False
ENSG00000127993,ENSG00000127993,RBM48,5035,True,0.18526193109491587,1.7609221343819088,0.30707985,69,False,False,False,False,False,False,False,False
ENSG00000173818,ENSG00000173818,ENDOV,3724,True,0.14126203970859158,1.7634944486607849,0.3064122,69,False,False,False,False,False,False,False,False
ENSG00000236618,ENSG00000236618,PITPNA-AS1,3376,True,0.12727413840141,1.763275117230267,0.30540672,69,False,False,False,False,False,False,False,False
ENSG00000157306,ENSG00000157306,ZFHX2-AS1,3191,True,0.12355598539618882,1.760659718803229,0.30395812,69,False,False,False,False,False,False,False,False
ENSG00000168137,ENSG00000168137,SETD5,7533,True,0.27063662256459337,1.7687596130146481,0.30312544,69,False,False,False,False,False,False,False,False
ENSG00000147894,ENSG00000147894,C9orf72,5566,True,0.22001947085100435,1.7614431342499102,0.30302122,69,False,False,False,False,False,False,False,False
ENSG00000166311,ENSG00000166311,SMPD1,2356,True,0.0898851873499228,1.7601940527198456,0.302176,69,False,False,False,False,False,False,False,False
ENSG00000239453,ENSG00000239453,SIDT1-AS1,2934,True,0.11173015873376957,1.7589794501856135,0.30043945,69,False,False,False,False,False,False,False,False
ENSG00000100376,ENSG00000100376,FAM118A,4284,True,0.16049788307310436,1.759914529035818,0.29963493,69,False,False,False,False,False,False,False,False
ENSG00000213689,ENSG00000213689,TREX1,6147,True,0.22148962173864095,1.7609710962101621,0.29944214,69,False,False,False,False,False,False,False,False
ENSG00000147679,ENSG00000147679,UTP23,5136,True,0.18655279443508632,1.7602036593160022,0.2987007,69,False,False,False,False,False,False,False,False
ENSG00000143756,ENSG00000143756,FBXO28,2583,True,0.09673493477718505,1.7602948660083193,0.29861823,69,False,False,False,False,False,False,False,False
ENSG00000138074,ENSG00000138074,SLC5A6,2504,True,0.09993605373707491,1.756641345509838,0.29490793,69,False,False,False,False,False,False,False,False
ENSG00000137628,ENSG00000137628,DDX60,3392,True,0.13045476996897543,1.7565221745289328,0.29423678,69,False,False,False,False,False,False,False,False
ENSG00000271204,ENSG00000271204,ENSG00000271204,6016,True,0.21708251251057745,1.7596818112825354,0.29395607,69,False,False,False,False,False,False,False,False
ENSG00000255529,ENSG00000255529,POLR2M,5275,True,0.19631788113530305,1.759917986080428,0.29363883,69,False,False,False,False,False,False,False,False
ENSG00000156603,ENSG00000156603,MED19,5998,True,0.224116919167895,1.7637665702133896,0.2924408,69,False,False,False,False,False,False,False,False
ENSG00000196712,ENSG00000196712,NF1,2417,True,0.0931747723394226,1.7575449878074993,0.29143533,69,False,False,False,False,False,False,False,False
ENSG00000143190,ENSG00000143190,POU2F1,4946,True,0.17786604276703707,1.758588037063552,0.2912866,69,False,False,False,False,False,False,False,False
ENSG00000149532,ENSG00000149532,CPSF7,4021,True,0.1533265678340453,1.7612178771266687,0.29124105,69,False,False,False,False,False,False,False,False
ENSG00000273221,ENSG00000273221,ENSG00000273221,1429,True,0.061075942432209554,1.7630447257057853,0.2905066,69,False,False,False,False,False,False,False,False
ENSG00000108599,ENSG00000108599,AKAP10,4084,True,0.15228630449339722,1.7580242523405418,0.2886168,69,False,False,False,False,False,False,False,False
ENSG00000185753,ENSG00000185753,CXorf38,4677,True,0.16634671030001577,1.7578567689234361,0.28860924,69,False,False,False,False,False,False,False,False
ENSG00000048544,ENSG00000048544,MRPS10,7526,True,0.26839531565164265,1.757017657435891,0.28832886,69,False,False,False,False,False,False,False,False
ENSG00000112531,ENSG00000112531,QKI,4600,True,0.17474143974165776,1.759060953786588,0.28802887,69,False,False,False,False,False,False,False,False
ENSG00000133393,ENSG00000133393,CEP20,3912,True,0.14592566138194762,1.7566076803921253,0.28684044,69,False,False,False,False,False,False,False,False
ENSG00000167703,ENSG00000167703,SLC43A2,4609,True,0.16302402120921133,1.751828421950445,0.28555122,69,False,False,False,False,False,False,False,False
ENSG00000265739,ENSG00000265739,ENSG00000265739,1616,True,0.06517417007979541,1.758389871945374,0.2852744,69,False,False,False,False,False,False,False,False
ENSG00000116095,ENSG00000116095,PLEKHA3,5404,True,0.20069396598843517,1.7573698478825577,0.28107193,69,False,False,False,False,False,False,False,False
ENSG00000182866,ENSG00000182866,LCK,5858,True,0.2120918738160541,1.7620309291279463,0.279574,69,False,False,False,False,False,False,False,False
ENSG00000182141,ENSG00000182141,ZNF708,3945,True,0.13934132146463052,1.7546194910243997,0.27898064,69,False,False,False,False,False,False,False,False
ENSG00000086712,ENSG00000086712,TXLNG,5637,True,0.20379613037307323,1.7563865532676262,0.27795732,69,False,False,False,False,False,False,False,False
ENSG00000149231,ENSG00000149231,CCDC82,6501,True,0.2381685277253087,1.7541974919299432,0.2777242,69,False,False,False,False,False,False,False,False
ENSG00000160584,ENSG00000160584,SIK3,3995,True,0.14583573078147102,1.7570860787031903,0.27718487,69,False,False,False,False,False,False,False,False
ENSG00000090470,ENSG00000090470,PDCD7,5072,True,0.18315124571843375,1.7562519982976992,0.27629316,69,False,False,False,False,False,False,False,False
ENSG00000132155,ENSG00000132155,RAF1,4968,True,0.17747389139978284,1.7556194016297335,0.275902,69,False,False,False,False,False,False,False,False
ENSG00000100888,ENSG00000100888,CHD8,4635,True,0.16725361116968054,1.753196588415343,0.27135646,69,False,False,False,False,False,False,False,False
ENSG00000078142,ENSG00000078142,PIK3C3,3773,True,0.13656544254705263,1.7516862946250484,0.26327732,69,False,False,False,False,False,False,False,False
ENSG00000182810,ENSG00000182810,DDX28,2531,True,0.0956871528731114,1.7539991946176985,0.26251158,69,False,False,False,False,False,False,False,False
ENSG00000145022,ENSG00000145022,TCTA,4110,True,0.15081011393014465,1.748630615951442,0.25708672,69,False,False,False,False,False,False,False,False
ENSG00000116906,ENSG00000116906,GNPAT,5890,True,0.2163802448361161,1.7488408781638292,0.2551196,69,False,False,False,False,False,False,False,False
ENSG00000198815,ENSG00000198815,FOXJ3,3086,True,0.11733906347591884,1.7508012830692072,0.2539792,69,False,False,False,False,False,False,False,False
ENSG00000100814,ENSG00000100814,CCNB1IP1,7261,True,0.25284054448338134,1.7502935983419066,0.25324047,69,False,False,False,False,False,False,False,False
ENSG00000101882,ENSG00000101882,NKAP,7619,True,0.27240385765578023,1.7533702287531603,0.24925691,69,False,False,False,False,False,False,False,False
ENSG00000198265,ENSG00000198265,HELZ,7324,True,0.2597879819166888,1.7512062792963088,0.24645413,69,False,False,False,False,False,False,False,False
ENSG00000171984,ENSG00000171984,SHLD1,4434,True,0.18179581207446502,1.7498183873181856,0.24599156,69,False,False,False,False,False,False,False,False
ENSG00000165516,ENSG00000165516,KLHDC2,6915,True,0.2490265997717426,1.7471891816895444,0.23201972,69,False,False,False,False,False,False,False,False
ENSG00000196126,ENSG00000196126,HLA-DRB1,109471,True,2.9838948570431794,2.331144830254796,0.70619637,68,False,False,False,False,False,False,False,False
ENSG00000126264,ENSG00000126264,HCST,17153,True,0.5727668419931503,1.818589124135582,0.607551,68,False,False,False,False,False,False,False,False
ENSG00000121064,ENSG00000121064,SCPEP1,15770,True,0.5385726018622109,1.8145659027444674,0.57503414,68,False,False,False,False,False,False,False,False
ENSG00000151090,ENSG00000151090,THRB,434,True,0.019096253213142022,1.6621887401771807,0.5480167,68,False,False,False,False,False,False,False,False
ENSG00000138639,ENSG00000138639,ARHGAP24,19562,True,0.6194225332302407,1.8196951283462317,0.5460449,68,False,False,False,False,False,False,False,False
ENSG00000169554,ENSG00000169554,ZEB2,14389,True,0.4912235097186875,1.8055120641134457,0.5166334,68,False,False,False,False,False,False,False,False
ENSG00000086300,ENSG00000086300,SNX10,16324,True,0.5512685686276328,1.7992510252762215,0.47235098,68,False,False,False,False,False,False,False,False
ENSG00000113369,ENSG00000113369,ARRDC3,16975,True,0.5692549678893764,1.8070930846173128,0.4667505,68,False,False,False,False,False,False,False,False
ENSG00000147180,ENSG00000147180,ZNF711,1465,True,0.06319212095970296,1.7949259033157245,0.45256048,68,False,False,False,False,False,False,False,False
ENSG00000125968,ENSG00000125968,ID1,1318,True,0.056691527614368596,1.794951821212051,0.44790423,68,False,False,False,False,False,False,False,False
ENSG00000167555,ENSG00000167555,ZNF528,1281,True,0.050507803907056364,1.7016812798121628,0.44014624,68,False,False,False,False,False,False,False,False
ENSG00000104964,ENSG00000104964,TLE5,37273,True,1.0868370352368304,1.8634628504933333,0.43733805,68,False,False,False,False,False,False,False,False
ENSG00000273382,ENSG00000273382,TMEM167B-DT,849,True,0.03504307402743334,1.757512274731113,0.4244162,68,False,False,False,False,False,False,False,False
ENSG00000137441,ENSG00000137441,FGFBP2,2897,True,0.1103842406135691,1.7932034289536907,0.4217433,68,False,False,False,False,False,False,False,False
ENSG00000184979,ENSG00000184979,USP18,3306,True,0.12897327205992976,1.789277329005003,0.41488087,68,False,False,False,False,False,False,False,True
ENSG00000272145,ENSG00000272145,NFYC-AS1,737,True,0.031631516571425405,1.7883223618799364,0.41427717,68,False,False,False,False,False,False,False,False
ENSG00000197841,ENSG00000197841,ZNF181,1278,True,0.05132104477681001,1.751679319997117,0.39590722,68,False,False,False,False,False,False,False,False
ENSG00000205683,ENSG00000205683,DPF3,1617,True,0.06434319987432023,1.778975296683803,0.39392066,68,False,False,False,False,False,False,False,False
ENSG00000112195,ENSG00000112195,TREML2,454,True,0.0193081079896317,1.6864594652816733,0.39389506,68,False,False,False,False,False,False,False,False
ENSG00000271576,ENSG00000271576,PRKACB-DT,902,True,0.03982057929257261,1.7804786392413015,0.3908932,68,False,False,False,False,False,False,False,False
ENSG00000162623,ENSG00000162623,TYW3,4199,True,0.15607180561666173,1.7800604933531765,0.38865888,68,False,False,False,False,False,False,False,False
ENSG00000184465,ENSG00000184465,WDR27,1014,True,0.04065963790357904,1.7513466063191394,0.38861513,68,False,False,False,False,False,False,False,False
ENSG00000162408,ENSG00000162408,NOL9,2446,True,0.09042079177103518,1.7793293410192144,0.38535333,68,False,False,False,False,False,False,False,False
ENSG00000156232,ENSG00000156232,WHAMM,9553,True,0.33111300463566634,1.789539136180555,0.38495496,68,False,False,False,False,False,False,False,False
ENSG00000132849,ENSG00000132849,PATJ,2208,True,0.08516703539202562,1.77967434484136,0.3770241,68,False,False,False,False,False,False,False,False
ENSG00000132334,ENSG00000132334,PTPRE,3841,True,0.14254173659563105,1.7786318028908183,0.3735632,68,False,False,False,False,False,False,False,False
ENSG00000117000,ENSG00000117000,RLF,3666,True,0.1349438934978662,1.7788580344863754,0.37241766,68,False,False,False,False,False,False,False,False
ENSG00000234545,ENSG00000234545,FAM133B,26298,True,0.8180464687833965,1.8244405474713865,0.3719715,68,False,False,False,False,False,False,False,False
ENSG00000139112,ENSG00000139112,GABARAPL1,1828,True,0.07214525134881279,1.774020501155315,0.36911732,68,False,False,False,False,False,False,False,False
ENSG00000272663,ENSG00000272663,PPP1R21-DT,1101,True,0.05043083955771352,1.7738512758662877,0.36892843,68,False,False,False,False,False,False,False,False
ENSG00000110888,ENSG00000110888,CAPRIN2,1815,True,0.07001303120882624,1.7737529600108575,0.36666247,68,False,False,False,False,False,False,False,False
ENSG00000146830,ENSG00000146830,GIGYF1,3613,True,0.1452196894041892,1.7779893711253374,0.36665946,68,False,False,False,False,False,False,False,False
ENSG00000026025,ENSG00000026025,VIM,42767,True,1.2101344336665383,1.8826631072679214,0.36614186,68,False,False,False,False,False,False,False,False
ENSG00000156384,ENSG00000156384,SFR1,3060,True,0.1206992344221188,1.7745547313659364,0.3640199,68,False,False,False,False,False,False,False,False
ENSG00000196227,ENSG00000196227,FAM217B,2994,True,0.11305120703417654,1.77182947412169,0.3608968,68,False,False,False,False,False,False,False,False
ENSG00000134982,ENSG00000134982,APC,3981,True,0.14554956471440653,1.7724353414369434,0.3581146,68,False,False,False,False,False,False,False,False
ENSG00000169519,ENSG00000169519,METTL15,2357,True,0.09193083699328283,1.7721944110184706,0.35648805,68,False,False,False,False,False,False,False,False
ENSG00000131375,ENSG00000131375,CAPN7,4476,True,0.16311198818968134,1.7714443283601895,0.35295185,68,False,False,False,False,False,False,False,False
ENSG00000174796,ENSG00000174796,THAP6,2644,True,0.104427372222916,1.7712788968161768,0.34864724,68,False,False,False,False,False,False,False,False
ENSG00000181192,ENSG00000181192,DHTKD1,3626,True,0.13708593973391206,1.7711085127357011,0.34781957,68,False,False,False,False,False,False,False,False
ENSG00000186854,ENSG00000186854,TRABD2A,2041,True,0.0774280519697513,1.767750465549461,0.34133103,68,False,False,False,False,False,False,False,False
ENSG00000168395,ENSG00000168395,ING5,3451,True,0.13423904850118684,1.7702259359831773,0.34076637,68,False,False,False,False,False,False,False,False
ENSG00000166478,ENSG00000166478,ZNF143,3279,True,0.12516255006722599,1.766979446630115,0.34018067,68,False,False,False,False,False,False,False,False
ENSG00000180773,ENSG00000180773,SLC36A4,3605,True,0.13680996544401344,1.7693742384419229,0.3332181,68,False,False,False,False,False,False,False,False
ENSG00000129680,ENSG00000129680,MAP7D3,5172,True,0.19265059094849069,1.765149170768818,0.33227935,68,False,False,False,False,False,False,False,False
ENSG00000149308,ENSG00000149308,NPAT,5564,True,0.20122673981468403,1.7654233016840286,0.33225453,68,False,False,False,False,False,False,False,False
ENSG00000163166,ENSG00000163166,IWS1,5917,True,0.21211165899326445,1.7657559049871998,0.33126146,68,False,False,False,False,False,False,False,False
ENSG00000169641,ENSG00000169641,LUZP1,2367,True,0.09194357485226425,1.765274927503385,0.33079618,68,False,False,False,False,False,False,False,False
ENSG00000184307,ENSG00000184307,ZDHHC23,1362,True,0.053912099312163425,1.770869630413978,0.33041435,68,False,False,False,False,False,False,False,False
ENSG00000112234,ENSG00000112234,FBXL4,2136,True,0.08255509532781402,1.767624206845185,0.3297659,68,False,False,False,False,False,False,False,False
ENSG00000251131,ENSG00000251131,ENSG00000251131,2600,True,0.1087679083265265,1.7658379034571083,0.32772353,68,False,False,False,False,False,False,False,False
ENSG00000198146,ENSG00000198146,ZNF770,7428,True,0.26600971978737326,1.7739922420183776,0.32553875,68,False,False,False,False,False,False,False,False
ENSG00000259658,ENSG00000259658,UBE2Q2P13,1426,True,0.0576149609518306,1.7656906008014035,0.32408553,68,False,False,False,False,False,False,False,False
ENSG00000103540,ENSG00000103540,CCP110,2515,True,0.0952474120350444,1.7675231981351103,0.32388481,68,False,False,False,False,False,False,False,False
ENSG00000105617,ENSG00000105617,LENG1,8261,True,0.29777648718253436,1.7784962896829974,0.3237929,68,False,False,False,False,False,False,False,False
ENSG00000136826,ENSG00000136826,KLF4,3868,True,0.15486221943266096,1.7655585162799836,0.32158163,68,False,False,False,False,False,False,False,False
ENSG00000113240,ENSG00000113240,CLK4,8555,True,0.306647985469473,1.7784418158386819,0.3204637,68,False,False,False,False,False,False,False,False
ENSG00000266714,ENSG00000266714,MYO15B,1673,True,0.06508584004773944,1.7652608669995227,0.31998473,68,False,False,False,False,False,False,False,False
ENSG00000235706,ENSG00000235706,DICER1-AS1,1007,True,0.04038188027982029,1.7325100371044073,0.31706125,68,False,False,False,False,False,False,False,False
ENSG00000117597,ENSG00000117597,UTP25,2166,True,0.0814867655991472,1.7665655762240666,0.31700096,68,False,False,False,False,False,False,False,False
ENSG00000152213,ENSG00000152213,ARL11,2308,True,0.08890244109453681,1.733295050508979,0.31606752,68,False,False,False,False,False,False,False,False
ENSG00000140153,ENSG00000140153,WDR20,2336,True,0.09242720267247427,1.7609451637240787,0.31396297,68,False,False,False,False,False,False,False,False
ENSG00000232838,ENSG00000232838,PET117,3414,True,0.13484026561119938,1.7640032862280393,0.3137154,68,False,False,False,False,False,False,False,False
ENSG00000002822,ENSG00000002822,MAD1L1,8124,True,0.28787727096486776,1.7691638628056017,0.31368512,68,False,False,False,False,False,False,False,False
ENSG00000089060,ENSG00000089060,SLC8B1,1428,True,0.053442194564737595,1.7553720348395574,0.3122857,68,False,False,False,False,False,False,False,False
ENSG00000118600,ENSG00000118600,RXYLT1,2791,True,0.10582797113305915,1.7600356165362359,0.30898097,68,False,False,False,False,False,False,False,False
ENSG00000126790,ENSG00000126790,L3HYPDH,1784,True,0.07024920717866293,1.7630526744180814,0.3087513,68,False,False,False,False,False,False,False,False
ENSG00000170017,ENSG00000170017,ALCAM,2698,True,0.09957672921947004,1.7597794669370321,0.30797473,68,False,False,False,False,False,False,False,False
ENSG00000100647,ENSG00000100647,SUSD6,2810,True,0.10655852767962916,1.7634901545166408,0.30622756,68,False,False,False,False,False,False,False,False
ENSG00000256043,ENSG00000256043,CTSO,3162,True,0.12325300474694516,1.7604608150560213,0.30543855,68,False,False,False,False,False,False,False,False
ENSG00000246366,ENSG00000246366,LACTB2-AS1,2587,True,0.10734933985759865,1.7618917052057617,0.30413875,68,False,False,False,False,False,False,False,False
ENSG00000170473,ENSG00000170473,PYM1,8310,True,0.29746229627754617,1.765141674543407,0.3029837,68,False,False,False,False,False,False,False,False
ENSG00000157764,ENSG00000157764,BRAF,3472,True,0.12961561449198122,1.7589649463577173,0.30204865,68,False,False,False,False,False,False,False,False
ENSG00000109790,ENSG00000109790,KLHL5,4929,True,0.1780458964031528,1.7616399429128407,0.3003744,68,False,False,False,False,False,False,False,False
ENSG00000170634,ENSG00000170634,ACYP2,8112,True,0.2977878006935739,1.7663513822454666,0.30023196,68,False,False,False,False,False,False,False,False
ENSG00000127995,ENSG00000127995,CASD1,1814,True,0.06820202583981219,1.760977774262331,0.29750115,68,False,False,False,False,False,False,False,False
ENSG00000204842,ENSG00000204842,ATXN2,4430,True,0.16341358762285987,1.758936348685012,0.2973188,68,False,False,False,False,False,False,False,False
ENSG00000260708,ENSG00000260708,TBC1D22A-DT,3624,True,0.14360315665703427,1.7589856650906193,0.29619497,68,False,False,False,False,False,False,False,False
ENSG00000225973,ENSG00000225973,PIGBOS1,4128,True,0.15546528806190302,1.7572823668388133,0.2953191,68,False,False,False,False,False,False,False,False
ENSG00000178694,ENSG00000178694,NSUN3,3613,True,0.13636688703921784,1.7588021482274137,0.29450125,68,False,False,False,False,False,False,False,False
ENSG00000160199,ENSG00000160199,PKNOX1,2066,True,0.07927568084711094,1.7579224499614918,0.29379916,68,False,False,False,False,False,False,False,False
ENSG00000077254,ENSG00000077254,USP33,6568,True,0.23981245525107395,1.767685469130776,0.2915339,68,False,False,False,False,False,False,False,False
ENSG00000163755,ENSG00000163755,HPS3,4417,True,0.16735930279549815,1.7601766578949642,0.2915241,68,False,False,False,False,False,False,False,False
ENSG00000101577,ENSG00000101577,LPIN2,2327,True,0.08808871401049698,1.7574344350145168,0.29041967,68,False,False,False,False,False,False,False,False
ENSG00000101856,ENSG00000101856,PGRMC1,3373,True,0.13016079891383858,1.760114992142565,0.2900914,68,False,False,False,False,False,False,False,False
ENSG00000179909,ENSG00000179909,ZNF154,1253,True,0.050881558086709,1.7593268995548874,0.28872496,68,False,False,False,False,False,False,False,False
ENSG00000140995,ENSG00000140995,DEF8,7646,True,0.27530196555840325,1.7616905648662888,0.28639388,68,False,False,False,False,False,False,False,False
ENSG00000175054,ENSG00000175054,ATR,2929,True,0.10832926192537994,1.759108992143226,0.28549293,68,False,False,False,False,False,False,False,False
ENSG00000102241,ENSG00000102241,HTATSF1,6561,True,0.23435298897669152,1.7568736271424266,0.28451902,68,False,False,False,False,False,False,False,False
ENSG00000182606,ENSG00000182606,TRAK1,4305,True,0.15913718964800833,1.7574866116384775,0.28361535,68,False,False,False,False,False,False,False,False
ENSG00000260349,ENSG00000260349,ENSG00000260349,2260,True,0.08608271129398369,1.7592810249550423,0.2820054,68,False,False,False,False,False,False,False,False
ENSG00000119616,ENSG00000119616,FCF1,3698,True,0.14644101208467955,1.7555936477098741,0.28112945,68,False,False,False,False,False,False,False,False
ENSG00000178691,ENSG00000178691,SUZ12,8273,True,0.2884394485021312,1.7630644565038012,0.2787165,68,False,False,False,False,False,False,False,False
ENSG00000197008,ENSG00000197008,ZNF138,4073,True,0.15096775428386608,1.754640646179498,0.27824712,68,False,False,False,False,False,False,False,False
ENSG00000088179,ENSG00000088179,PTPN4,6280,True,0.2344133936753016,1.7566385930319002,0.27703783,68,False,False,False,False,False,False,False,False
ENSG00000121274,ENSG00000121274,TENT4B,2239,True,0.08740066325038592,1.7559637695229797,0.27700704,68,False,False,False,False,False,False,False,False
ENSG00000166170,ENSG00000166170,BAG5,5610,True,0.2026061825113554,1.7550984471188598,0.27642184,68,False,False,False,False,False,False,False,False
ENSG00000185591,ENSG00000185591,SP1,2548,True,0.09705361190349569,1.7571640815576115,0.275392,68,False,False,False,False,False,False,False,False
ENSG00000104643,ENSG00000104643,MTMR9,5001,True,0.18602512388275497,1.7577208641213553,0.27389276,68,False,False,False,False,False,False,False,False
ENSG00000066084,ENSG00000066084,DIP2B,3930,True,0.1455700990904499,1.7536859906247002,0.27293807,68,False,False,False,False,False,False,False,False
ENSG00000064995,ENSG00000064995,TAF11,8574,True,0.30396477918876497,1.774805844187962,0.27230075,68,False,False,False,False,False,False,False,False
ENSG00000247271,ENSG00000247271,ZBED5-AS1,4596,True,0.18057022326073235,1.7542156671751343,0.26886424,68,False,False,False,False,False,False,False,False
ENSG00000123268,ENSG00000123268,ATF1,5265,True,0.19548326818126727,1.7538691984340127,0.26657242,68,False,False,False,False,False,False,False,False
ENSG00000066933,ENSG00000066933,MYO9A,3180,True,0.11608396221463155,1.7534723400628074,0.26595235,68,False,False,False,False,False,False,False,False
ENSG00000113583,ENSG00000113583,C5orf15,3920,True,0.14674631136076874,1.7516334849042081,0.26492336,68,False,False,False,False,False,False,False,False
ENSG00000105699,ENSG00000105699,LSR,1870,True,0.07156376760738947,1.7526282353342297,0.26467326,68,False,False,False,False,False,False,False,False
ENSG00000173226,ENSG00000173226,IQCB1,5899,True,0.21530757148709612,1.7522116813510202,0.2630042,68,False,False,False,False,False,False,False,False
ENSG00000103423,ENSG00000103423,DNAJA3,3630,True,0.1356199089464113,1.75111609521104,0.26165792,68,False,False,False,False,False,False,False,False
ENSG00000072501,ENSG00000072501,SMC1A,8769,True,0.30557949364477355,1.7703092992964047,0.2602679,68,False,False,False,False,False,False,False,False
ENSG00000031003,ENSG00000031003,FAM13B,5925,True,0.20945727629462862,1.7545231293568633,0.25941852,68,False,False,False,False,False,False,False,False
ENSG00000159348,ENSG00000159348,CYB5R1,2826,True,0.10524465401447504,1.7517245652203244,0.25877684,68,False,False,False,False,False,False,False,False
ENSG00000130816,ENSG00000130816,DNMT1,6145,True,0.21928072660350242,1.753109728511091,0.2547207,68,False,False,False,False,False,False,False,False
ENSG00000178764,ENSG00000178764,ZHX2,3069,True,0.11634145625302668,1.7527820758525485,0.25467908,68,False,False,False,False,False,False,False,False
ENSG00000231074,ENSG00000231074,HCG18,4282,True,0.1602540183792557,1.7513389495997345,0.24905573,68,False,False,False,False,False,False,False,False
ENSG00000131018,ENSG00000131018,SYNE1,5759,True,0.20094128422785487,1.7525373305078231,0.24519001,68,False,False,False,False,False,False,False,False
ENSG00000114423,ENSG00000114423,CBLB,5413,True,0.1932572417718937,1.7470888164407847,0.2436696,68,False,False,False,False,False,False,False,False
ENSG00000162520,ENSG00000162520,SYNC,4272,True,0.16566506756665123,1.7479143403397557,0.24144824,68,False,False,False,False,False,False,False,False
ENSG00000151881,ENSG00000151881,TMEM267,2880,True,0.11187606633008929,1.7391371950029901,0.21023236,68,False,False,False,False,False,False,False,False
ENSG00000083312,ENSG00000083312,TNPO1,5020,True,0.17697038367654397,1.7392851624308105,0.2060191,68,False,False,False,False,False,False,False,False
ENSG00000177409,ENSG00000177409,SAMD9L,15647,True,0.5305194713609047,1.8301288841131693,0.6807216,67,False,False,False,False,False,False,False,False
ENSG00000146192,ENSG00000146192,FGD2,10065,True,0.3664913116457088,1.8118132698286353,0.6637926,67,False,False,False,False,False,False,False,False
ENSG00000111640,ENSG00000111640,GAPDH,58106,True,1.5545419478482416,1.984683708561345,0.6167529,67,False,False,False,False,False,False,False,False
ENSG00000232010,ENSG00000232010,DNMT3L-AS1,311,True,0.01477238222612657,1.6514895151717217,0.60776097,67,False,False,False,False,False,False,False,False
ENSG00000244509,ENSG00000244509,APOBEC3C,16060,True,0.5432983355286717,1.8076053678132373,0.5736265,67,False,False,False,False,False,False,False,False
ENSG00000158406,ENSG00000158406,H4C8,1264,True,0.055311581037535223,1.8173523549883344,0.5506628,67,False,False,False,False,False,False,False,False
ENSG00000159388,ENSG00000159388,BTG2,25430,True,0.7860449427158791,1.8453329789547892,0.52883923,67,False,False,False,False,False,False,False,False
ENSG00000161929,ENSG00000161929,SCIMP,11861,True,0.3948523164840831,1.7886072700154627,0.50703794,67,False,False,False,False,False,False,False,False
ENSG00000136758,ENSG00000136758,YME1L1,15937,True,0.5309601390727147,1.8099576870326268,0.49750903,67,False,False,False,False,False,False,False,False
ENSG00000169288,ENSG00000169288,MRPL1,9925,True,0.35178557993749177,1.794012842342564,0.44747093,67,False,False,False,False,False,False,False,False
ENSG00000144747,ENSG00000144747,TMF1,11094,True,0.3831362763606057,1.7960915768250771,0.4362721,67,False,False,False,False,False,False,False,False
ENSG00000035928,ENSG00000035928,RFC1,11533,True,0.39432229474475344,1.791046247215243,0.434571,67,False,False,False,False,False,False,False,False
ENSG00000197880,ENSG00000197880,MDS2,1821,True,0.07259171851935166,1.7871414455531784,0.42891264,67,False,False,False,False,False,False,False,False
ENSG00000260278,ENSG00000260278,BMP2K-DT,671,True,0.02887660674613213,1.6985044721559759,0.4226785,67,False,False,False,False,False,False,False,False
ENSG00000120662,ENSG00000120662,MTRF1,1651,True,0.0640079928224966,1.7897262958381122,0.41933343,67,False,False,False,False,False,False,False,False
ENSG00000143458,ENSG00000143458,GABPB2,2869,True,0.10695141373457201,1.7810605240630666,0.409981,67,False,False,False,False,False,False,False,False
ENSG00000121858,ENSG00000121858,TNFSF10,5461,True,0.20229670969913285,1.7809835253649218,0.40839434,67,False,False,False,False,False,False,False,False
ENSG00000103489,ENSG00000103489,XYLT1,1137,True,0.045616113676417915,1.7868254532104368,0.40161213,67,False,False,False,False,False,False,False,False
ENSG00000161911,ENSG00000161911,TREML1,971,True,0.04307145934467538,1.7537430103042495,0.39057288,67,False,False,False,False,False,False,False,False
ENSG00000139174,ENSG00000139174,PRICKLE1,911,True,0.03862744879170049,1.7808935514344475,0.38847065,67,False,False,False,False,False,False,False,False
ENSG00000175595,ENSG00000175595,ERCC4,1916,True,0.07539626725102565,1.778886478608313,0.38822255,67,False,False,False,False,False,False,False,False
ENSG00000159433,ENSG00000159433,STARD9,725,True,0.027970201882005056,1.7492489009450474,0.38667116,67,False,False,False,False,False,False,False,False
ENSG00000186260,ENSG00000186260,MRTFB,1632,True,0.0653384732384718,1.7797679464098595,0.37758675,67,False,False,False,False,False,False,False,False
ENSG00000144026,ENSG00000144026,ZNF514,1026,True,0.04304872147007343,1.7800122013289923,0.37655613,67,False,False,False,False,False,False,False,False
ENSG00000221946,ENSG00000221946,FXYD7,2120,True,0.08431527500003827,1.7713571253386637,0.36458758,67,False,False,False,False,False,False,False,False
ENSG00000150477,ENSG00000150477,KIAA1328,2955,True,0.11392739319272828,1.7794129911544951,0.36401227,67,False,False,False,False,False,False,False,False
ENSG00000102445,ENSG00000102445,RUBCNL,10025,True,0.3550929426568689,1.7870581205497829,0.360378,67,False,False,False,False,False,False,False,False
ENSG00000154822,ENSG00000154822,PLCL2,3116,True,0.1176908458114689,1.7769038052310209,0.35750788,67,False,False,False,False,False,False,False,False
ENSG00000185905,ENSG00000185905,C16orf54,6118,True,0.22953133273372012,1.7712328003359503,0.3525176,67,False,False,False,False,False,False,False,False
ENSG00000129535,ENSG00000129535,NRL,1099,True,0.045756350464443526,1.7739903743228822,0.3516347,67,False,False,False,False,False,False,False,False
ENSG00000233559,ENSG00000233559,LINC00513,2817,True,0.10431166536056807,1.7494137085571284,0.35050637,67,False,False,False,False,False,False,False,False
ENSG00000049239,ENSG00000049239,H6PD,1411,True,0.05412137010778304,1.7691848615395565,0.34799773,67,False,False,False,False,False,False,False,False
ENSG00000182359,ENSG00000182359,KBTBD3,3668,True,0.14367468226834804,1.7694804325492364,0.34785888,67,False,False,False,False,False,False,False,False
ENSG00000145391,ENSG00000145391,SETD7,2376,True,0.0947320740980015,1.7715338865967452,0.34764788,67,False,False,False,False,False,False,False,False
ENSG00000066294,ENSG00000066294,CD84,4773,True,0.17324750650483825,1.7694730139823802,0.3467107,67,False,False,False,False,False,False,False,False
ENSG00000102349,ENSG00000102349,KLF8,1807,True,0.0697963246726416,1.7664554705412672,0.34565458,67,False,False,False,False,False,False,False,False
ENSG00000064651,ENSG00000064651,SLC12A2,2154,True,0.08555028834656297,1.7693136662960145,0.33750898,67,False,False,False,False,False,False,False,False
ENSG00000185112,ENSG00000185112,FAM43A,2264,True,0.08513805060865497,1.7677971070445173,0.33716393,67,False,False,False,False,False,False,False,False
ENSG00000171408,ENSG00000171408,PDE7B,931,True,0.03767551623526863,1.7718259449046763,0.33400416,67,False,False,False,False,False,False,False,False
ENSG00000068784,ENSG00000068784,SRBD1,3162,True,0.11840651132887733,1.7697291288437262,0.33252645,67,False,False,False,False,False,False,False,False
ENSG00000247572,ENSG00000247572,CKMT2-AS1,1019,True,0.04083869255779317,1.7336421553159818,0.32541382,67,False,False,False,False,False,False,False,False
ENSG00000104442,ENSG00000104442,ARMC1,4628,True,0.16919053205428683,1.7654272591226283,0.3236904,67,False,False,False,False,False,False,False,False
ENSG00000011021,ENSG00000011021,CLCN6,1798,True,0.06789712869948748,1.76434865030436,0.31882355,67,False,False,False,False,False,False,False,False
ENSG00000219545,ENSG00000219545,UMAD1,3123,True,0.12359529455732683,1.7642224964678783,0.3182622,67,False,False,False,False,False,False,False,False
ENSG00000102786,ENSG00000102786,INTS6,3644,True,0.1390639700924708,1.764370239611835,0.3180471,67,False,False,False,False,False,False,False,False
ENSG00000129292,ENSG00000129292,PHF20L1,8133,True,0.29091098479191335,1.7695517883699146,0.31645435,67,False,False,False,False,False,False,False,False
ENSG00000183826,ENSG00000183826,BTBD9,1005,True,0.040960192612072926,1.7663440837235753,0.3164431,67,False,False,False,False,False,False,False,False
ENSG00000164180,ENSG00000164180,TMEM161B,3339,True,0.12714494993801329,1.7627327371115316,0.31427643,67,False,False,False,False,False,False,False,False
ENSG00000162664,ENSG00000162664,ZNF326,10356,True,0.35566711094845876,1.7745169825029854,0.30949733,67,False,False,False,False,False,False,False,False
ENSG00000114742,ENSG00000114742,WDR48,4029,True,0.14949275245728438,1.7631309309246816,0.30819494,67,False,False,False,False,False,False,False,False
ENSG00000147419,ENSG00000147419,CCDC25,9617,True,0.3422643738088463,1.7765442833154481,0.30800357,67,False,False,False,False,False,False,False,False
ENSG00000141646,ENSG00000141646,SMAD4,2409,True,0.09202533555610887,1.7636344905504073,0.30747095,67,False,False,False,False,False,False,False,False
ENSG00000228696,ENSG00000228696,ARL17B,1458,True,0.0564514204025067,1.760169476479974,0.30596614,67,False,False,False,False,False,False,False,False
ENSG00000171466,ENSG00000171466,ZNF562,1342,True,0.05251756965209684,1.7661304604390766,0.30360064,67,False,False,False,False,False,False,False,False
ENSG00000144468,ENSG00000144468,RHBDD1,3013,True,0.11202769446063887,1.7600274070670678,0.30255246,67,False,False,False,False,False,False,False,False
ENSG00000076321,ENSG00000076321,KLHL20,3022,True,0.11696339185991919,1.761880234167286,0.30183282,67,False,False,False,False,False,False,False,False
ENSG00000018280,ENSG00000018280,SLC11A1,2717,True,0.10211924681552174,1.7616972869245735,0.30085462,67,False,False,False,False,False,False,False,False
ENSG00000163659,ENSG00000163659,TIPARP,1980,True,0.07882014884882597,1.760408907809169,0.3005243,67,False,False,False,False,False,False,False,False
ENSG00000080345,ENSG00000080345,RIF1,6107,True,0.21733581771699936,1.7620641362749467,0.298592,67,False,False,False,False,False,False,False,False
ENSG00000105472,ENSG00000105472,CLEC11A,1474,True,0.060758892842695006,1.7574356250068255,0.2975311,67,False,False,False,False,False,False,False,False
ENSG00000157350,ENSG00000157350,ST3GAL2,1731,True,0.0676198722657071,1.7620205917881135,0.29645818,67,False,False,False,False,False,False,False,False
ENSG00000083635,ENSG00000083635,NUFIP1,1937,True,0.0726611854457946,1.7613114254741078,0.2955114,67,False,False,False,False,False,False,False,False
ENSG00000173209,ENSG00000173209,AHSA2P,4070,True,0.15042325751496743,1.7608623405455042,0.29405645,67,False,False,False,False,False,False,False,False
ENSG00000079974,ENSG00000079974,RABL2B,3438,True,0.12937964394478663,1.7622057739208434,0.29358056,67,False,False,False,False,False,False,False,False
ENSG00000176410,ENSG00000176410,DNAJC30,3693,True,0.139883649530655,1.760095045969277,0.29101744,67,False,False,False,False,False,False,False,False
ENSG00000165156,ENSG00000165156,ZHX1,3113,True,0.1155787612128407,1.7566138038211407,0.2902003,67,False,False,False,False,False,False,False,False
ENSG00000255517,ENSG00000255517,DPP3-DT,1821,True,0.07162869910470894,1.7591710979387096,0.28990576,67,False,False,False,False,False,False,False,False
ENSG00000119669,ENSG00000119669,IRF2BPL,2883,True,0.11680908131016418,1.7579176619274854,0.28970972,67,False,False,False,False,False,False,False,False
ENSG00000117322,ENSG00000117322,CR2,1954,True,0.07623343250942988,1.7585653505923042,0.28764707,67,False,False,False,False,False,False,False,False
ENSG00000134255,ENSG00000134255,CEPT1,9711,True,0.3403988659612279,1.7767145329339138,0.2864651,67,False,False,False,False,False,False,False,False
ENSG00000083520,ENSG00000083520,DIS3,4905,True,0.17717208599055875,1.757449969867195,0.28631696,67,False,False,False,False,False,False,False,False
ENSG00000163785,ENSG00000163785,RYK,2870,True,0.11010042002467597,1.7554117883962859,0.2860427,67,False,False,False,False,False,False,False,False
ENSG00000139793,ENSG00000139793,MBNL2,3850,True,0.13986887309869545,1.7567668019770968,0.28499043,67,False,False,False,False,False,False,False,False
ENSG00000182827,ENSG00000182827,ACBD3,8320,True,0.2924145464639118,1.7706451324894443,0.2846472,67,False,False,False,False,False,False,False,False
ENSG00000074603,ENSG00000074603,DPP8,5427,True,0.19770894371089812,1.7532569385242776,0.2839987,67,False,False,False,False,False,False,False,False
ENSG00000130935,ENSG00000130935,NOL11,5388,True,0.19579710799989292,1.757829808886784,0.28325322,67,False,False,False,False,False,False,False,False
ENSG00000149716,ENSG00000149716,LTO1,2305,True,0.0891318980065868,1.755074629006004,0.28323308,67,False,False,False,False,False,False,False,False
ENSG00000106344,ENSG00000106344,RBM28,3711,True,0.135293612143155,1.7559829047483582,0.28272307,67,False,False,False,False,False,False,False,False
ENSG00000125871,ENSG00000125871,MGME1,5355,True,0.1961344413286281,1.7565841266141755,0.28256124,67,False,False,False,False,False,False,False,False
ENSG00000156853,ENSG00000156853,ZNF689,1371,True,0.05401951056485923,1.7509297728885365,0.2823556,67,False,False,False,False,False,False,False,False
ENSG00000100578,ENSG00000100578,KIAA0586,3681,True,0.13862377129226297,1.755451326972401,0.2815446,67,False,False,False,False,False,False,False,False
ENSG00000100485,ENSG00000100485,SOS2,2882,True,0.10565002619318746,1.75714847219458,0.2798008,67,False,False,False,False,False,False,False,False
ENSG00000087338,ENSG00000087338,GMCL1,4675,True,0.17368045747510988,1.7569452586742742,0.27930996,67,False,False,False,False,False,False,False,False
ENSG00000166471,ENSG00000166471,TMEM41B,5204,True,0.19222690220938007,1.7566347148520776,0.2781722,67,False,False,False,False,False,False,False,False
ENSG00000126882,ENSG00000126882,FAM78A,2664,True,0.10157992760723332,1.7538886644932712,0.2779696,67,False,False,False,False,False,False,False,False
ENSG00000197629,ENSG00000197629,MPEG1,5666,True,0.20425788033965342,1.7548210720218878,0.27710447,67,False,False,False,False,False,False,False,False
ENSG00000156030,ENSG00000156030,MIDEAS,5948,True,0.22431288699596819,1.7562244776240872,0.27598187,67,False,False,False,False,False,False,False,False
ENSG00000129317,ENSG00000129317,PUS7L,7652,True,0.2786354443637016,1.7519762192914727,0.27565512,67,False,False,False,False,False,False,False,False
ENSG00000164219,ENSG00000164219,PGGT1B,3295,True,0.12769035892438424,1.755903821904009,0.27432877,67,False,False,False,False,False,False,False,False
ENSG00000100982,ENSG00000100982,PCIF1,3263,True,0.12335868665439437,1.7554395939379375,0.2740237,67,False,False,False,False,False,False,False,False
ENSG00000064933,ENSG00000064933,PMS1,3615,True,0.13604546469141332,1.7530684133884646,0.2736779,67,False,False,False,False,False,False,False,False
ENSG00000197857,ENSG00000197857,ZNF44,3498,True,0.1283001875708235,1.7555678625457676,0.2735296,67,False,False,False,False,False,False,False,False
ENSG00000100532,ENSG00000100532,CGRRF1,4834,True,0.1851880730004682,1.753577216970408,0.27289551,67,False,False,False,False,False,False,False,False
ENSG00000171067,ENSG00000171067,C11orf24,4218,True,0.1580519239993103,1.7542876954221933,0.27272648,67,False,False,False,False,False,False,False,False
ENSG00000163781,ENSG00000163781,TOPBP1,4363,True,0.16106817789579678,1.7510950885650467,0.27173495,67,False,False,False,False,False,False,False,False
ENSG00000169871,ENSG00000169871,TRIM56,3861,True,0.13910459422434496,1.7518847263636579,0.2712114,67,False,False,False,False,False,False,False,False
ENSG00000163376,ENSG00000163376,KBTBD8,2228,True,0.08744164659533599,1.7559840052804638,0.27071884,67,False,False,False,False,False,False,False,False
ENSG00000161642,ENSG00000161642,ZNF385A,1487,True,0.05738688526527159,1.7564556740039188,0.2703408,67,False,False,False,False,False,False,False,False
ENSG00000119004,ENSG00000119004,CYP20A1,6320,True,0.2235493383883882,1.7539424341042484,0.26998582,67,False,False,False,False,False,False,False,False
ENSG00000101966,ENSG00000101966,XIAP,5894,True,0.20977999506049747,1.7549438043216106,0.26935855,67,False,False,False,False,False,False,False,False
ENSG00000165410,ENSG00000165410,CFL2,3026,True,0.11733985382075272,1.7533288391124457,0.26887864,67,False,False,False,False,False,False,False,False
ENSG00000149262,ENSG00000149262,INTS4,2135,True,0.08071202710608288,1.7541286197140005,0.26678243,67,False,False,False,False,False,False,False,False
ENSG00000115459,ENSG00000115459,ELMOD3,3452,True,0.1308366358151895,1.756091242521039,0.26591995,67,False,False,False,False,False,False,False,False
ENSG00000168566,ENSG00000168566,SNRNP48,3372,True,0.12772468679174806,1.7531272778526583,0.2640372,67,False,False,False,False,False,False,False,False
ENSG00000267680,ENSG00000267680,ZNF224,4368,True,0.1594985395221921,1.750950194888173,0.26141396,67,False,False,False,False,False,False,False,False
ENSG00000229809,ENSG00000229809,ZNF688,5319,True,0.19558950586488233,1.7522863879323956,0.2590573,67,False,False,False,False,False,False,False,False
ENSG00000144566,ENSG00000144566,RAB5A,6824,True,0.24158252220304843,1.750887577207211,0.25539392,67,False,False,False,False,False,False,False,False
ENSG00000158122,ENSG00000158122,PRXL2C,4965,True,0.187998126632257,1.7486055992572689,0.25408578,67,False,False,False,False,False,False,False,False
ENSG00000113163,ENSG00000113163,CERT1,4642,True,0.1674178642131238,1.7507052905691958,0.25280103,67,False,False,False,False,False,False,False,False
ENSG00000165406,ENSG00000165406,MARCHF8,4317,True,0.15513865559853682,1.7464541491769199,0.24731252,67,False,False,False,False,False,False,False,False
ENSG00000005889,ENSG00000005889,ZFX,8462,True,0.3022445413851921,1.7722638436312443,0.24694945,67,False,False,False,False,False,False,False,False
ENSG00000124422,ENSG00000124422,USP22,5829,True,0.21063335580741624,1.74886088836003,0.24649876,67,False,False,False,False,False,False,False,False
ENSG00000100077,ENSG00000100077,GRK3,6154,True,0.22395062615205685,1.7478670456808025,0.24498454,67,False,False,False,False,False,False,False,False
ENSG00000151883,ENSG00000151883,PARP8,5801,True,0.2096322725248387,1.748681687328311,0.24468985,67,False,False,False,False,False,False,False,False
ENSG00000188739,ENSG00000188739,RBM34,6583,True,0.23675030557984836,1.7595350488136126,0.24434532,67,False,False,False,False,False,False,False,False
ENSG00000076984,ENSG00000076984,MAP2K7,5561,True,0.1970018052316849,1.7475428522839846,0.23643132,67,False,False,False,False,False,False,False,False
ENSG00000122299,ENSG00000122299,ZC3H7A,7627,True,0.2599250108453375,1.7573182530276592,0.2354934,67,False,False,False,False,False,False,False,False
ENSG00000139613,ENSG00000139613,SMARCC2,8551,True,0.29645293282259494,1.762160335815475,0.23463374,67,False,False,False,False,False,False,False,False
ENSG00000215717,ENSG00000215717,TMEM167B,6987,True,0.2510254516836077,1.7482845380724186,0.2334069,67,False,False,False,False,False,False,False,False
ENSG00000172667,ENSG00000172667,ZMAT3,3288,True,0.1254681263816504,1.7469575640057051,0.23256539,67,False,False,False,False,False,False,False,False
ENSG00000152240,ENSG00000152240,HAUS1,6910,True,0.24866760718380407,1.7420061278742194,0.22440939,67,False,False,False,False,False,False,False,False
ENSG00000134061,ENSG00000134061,CD180,6335,True,0.22477856200383464,1.7533175978777822,0.21977322,67,False,False,False,False,False,False,False,False
ENSG00000068745,ENSG00000068745,IP6K2,7944,True,0.2837787058344365,1.750225333059979,0.21262135,67,False,False,False,False,False,False,False,False
ENSG00000116001,ENSG00000116001,TIA1,7861,True,0.27982491088715405,1.7530360692960665,0.2021163,67,False,False,False,False,False,False,False,False
ENSG00000168010,ENSG00000168010,ATG16L2,5945,True,0.21348229169098457,1.737523383106577,0.19786374,67,False,False,False,False,False,False,False,False
ENSG00000111196,ENSG00000111196,MAGOHB,4336,True,0.1611251666585057,1.7353327057459544,0.19417556,67,False,False,False,False,False,False,False,False
ENSG00000154102,ENSG00000154102,C16orf74,14055,True,0.49570840450201614,1.8218488369181665,0.71112925,66,False,False,False,False,False,False,False,False
ENSG00000226746,ENSG00000226746,SMCR5,985,True,0.04261453728197276,1.8204227963724506,0.563947,66,False,False,False,False,False,False,False,False
ENSG00000260081,ENSG00000260081,MRFAP1P1,1164,True,0.050159743512571936,1.802173191915506,0.5008682,66,False,False,False,False,False,False,False,False
ENSG00000032219,ENSG00000032219,ARID4A,13095,True,0.44902417008517015,1.7965027560972382,0.48660514,66,False,False,False,False,False,False,False,False
ENSG00000158417,ENSG00000158417,EIF5B,22507,True,0.735179492273598,1.8259751374722244,0.47978616,66,False,False,False,False,False,False,False,False
ENSG00000174306,ENSG00000174306,ZHX3,752,True,0.029705000206009972,1.7092779039787127,0.4683724,66,False,False,False,False,False,False,False,False
ENSG00000265206,ENSG00000265206,MIR142HG,19651,True,0.6293676785765373,1.815771252788339,0.460999,66,False,False,False,False,False,False,False,False
ENSG00000111247,ENSG00000111247,RAD51AP1,1396,True,0.056531929663041325,1.7920929266272472,0.44863787,66,False,False,False,False,False,False,False,False
ENSG00000128641,ENSG00000128641,MYO1B,859,True,0.03636964187711244,1.7589790403538856,0.43296576,66,False,False,False,False,False,False,False,False
ENSG00000082996,ENSG00000082996,RNF13,10861,True,0.38500089345302746,1.7953730594067177,0.4291026,66,False,False,False,False,False,False,False,False
ENSG00000133059,ENSG00000133059,DSTYK,2382,True,0.09265537151897409,1.7899115836293866,0.42563808,66,False,False,False,False,False,False,False,False
ENSG00000167483,ENSG00000167483,NIBAN3,21945,True,0.7078791647984753,1.8209432329311002,0.42121848,66,False,False,False,False,False,False,False,False
ENSG00000173230,ENSG00000173230,GOLGB1,9386,True,0.3183188422946983,1.7875306333482166,0.4139851,66,False,False,False,False,False,False,False,False
ENSG00000265185,ENSG00000265185,SNORD3B-1,1085,True,0.04584958592910533,1.7828492309362993,0.41391167,66,False,False,False,False,False,False,False,False
ENSG00000258940,ENSG00000258940,MIA2-AS1,600,True,0.026855198505456014,1.7843357248313134,0.41191718,66,False,False,False,False,False,False,False,False
ENSG00000102189,ENSG00000102189,EEA1,6901,True,0.2463832814960404,1.7758920904529647,0.40849006,66,False,False,False,False,False,False,False,False
ENSG00000113140,ENSG00000113140,SPARC,1640,True,0.06754247484347711,1.7835691332615133,0.4064054,66,False,False,False,False,False,False,False,False
ENSG00000259448,ENSG00000259448,LINC02352,687,True,0.03028223335029108,1.7827047827588671,0.3941863,66,False,False,False,False,False,False,False,False
ENSG00000137193,ENSG00000137193,PIM1,4289,True,0.1507081309198456,1.7762462464864972,0.39354074,66,False,False,False,False,False,False,False,False
ENSG00000163633,ENSG00000163633,C4orf36,770,True,0.029738100303654313,1.7200286633011361,0.3884055,66,False,False,False,False,False,False,False,False
ENSG00000174405,ENSG00000174405,LIG4,1433,True,0.05954880845048762,1.7807778039022273,0.3782267,66,False,False,False,False,False,False,False,False
ENSG00000133392,ENSG00000133392,MYH11,1222,True,0.04668947453214811,1.772001464512134,0.3694894,66,False,False,False,False,False,False,False,False
ENSG00000159882,ENSG00000159882,ZNF230,863,True,0.03644690508028578,1.7767458064486006,0.36029023,66,False,False,False,False,False,False,False,False
ENSG00000219481,ENSG00000219481,NBPF1,2798,True,0.10485410779013175,1.7730616651967077,0.3584642,66,False,False,False,False,False,False,False,False
ENSG00000152422,ENSG00000152422,XRCC4,3109,True,0.11746681996478388,1.7735148719826628,0.35770285,66,False,False,False,False,False,False,False,False
ENSG00000197776,ENSG00000197776,KLHDC1,944,True,0.039542818960342334,1.7722051290338576,0.35617337,66,False,False,False,False,False,False,False,False
ENSG00000157895,ENSG00000157895,C12orf43,2893,True,0.11011990741989619,1.7707174540979926,0.35281664,66,False,False,False,False,False,False,False,False
ENSG00000272264,ENSG00000272264,ENSG00000272264,722,True,0.030166150031524473,1.7252172604303346,0.35144576,66,False,False,False,False,False,False,False,False
ENSG00000130589,ENSG00000130589,HELZ2,2999,True,0.11356619575172856,1.771736751895243,0.34973246,66,False,False,False,False,False,False,False,False
ENSG00000203326,ENSG00000203326,ZNF525,1362,True,0.05353513371896528,1.7735825308755124,0.34905654,66,False,False,False,False,False,False,False,False
ENSG00000186918,ENSG00000186918,ZNF395,2462,True,0.09947762898426092,1.771310548829355,0.34556007,66,False,False,False,False,False,False,False,False
ENSG00000198198,ENSG00000198198,SZT2,1811,True,0.06852641911472585,1.773804646439582,0.34547397,66,False,False,False,False,False,False,False,False
ENSG00000263072,ENSG00000263072,ZNF213-AS1,2382,True,0.09645539272548,1.7689675580227138,0.34072244,66,False,False,False,False,False,False,False,False
ENSG00000198453,ENSG00000198453,ZNF568,1703,True,0.06699914241103679,1.7713546631037906,0.33576426,66,False,False,False,False,False,False,False,False
ENSG00000272449,ENSG00000272449,ENSG00000272449,4106,True,0.15652667723375094,1.767572988332117,0.3338799,66,False,False,False,False,False,False,False,False
ENSG00000225880,ENSG00000225880,LINC00115,848,True,0.035028540293259997,1.7122921757798115,0.33119774,66,False,False,False,False,False,False,False,False
ENSG00000155744,ENSG00000155744,HYCC2,5908,True,0.21969668804686532,1.7638159948946752,0.3284221,66,False,False,False,False,False,False,False,False
ENSG00000120008,ENSG00000120008,WDR11,7778,True,0.27623443916490314,1.7727065082580926,0.32331875,66,False,False,False,False,False,False,False,False
ENSG00000107242,ENSG00000107242,PIP5K1B,3055,True,0.11557155476820605,1.769026561570665,0.32209703,66,False,False,False,False,False,False,False,False
ENSG00000136891,ENSG00000136891,TEX10,2269,True,0.08667157680420691,1.7630640058516034,0.32026067,66,False,False,False,False,False,False,False,False
ENSG00000151233,ENSG00000151233,GXYLT1,2961,True,0.11616540134731368,1.7655383189628913,0.3195011,66,False,False,False,False,False,False,False,False
ENSG00000139323,ENSG00000139323,POC1B,2700,True,0.10186213584557681,1.7640881735720662,0.3178719,66,False,False,False,False,False,False,False,False
ENSG00000186088,ENSG00000186088,GSAP,9022,True,0.32050559317633986,1.7723499435779722,0.3148885,66,False,False,False,False,False,False,False,False
ENSG00000151849,ENSG00000151849,CENPJ,1472,True,0.05742188301298516,1.7341650480531774,0.3142709,66,False,False,False,False,False,False,False,False
ENSG00000165661,ENSG00000165661,QSOX2,2477,True,0.09519263330573956,1.7637255520761306,0.31317133,66,False,False,False,False,False,False,False,False
ENSG00000179119,ENSG00000179119,SPTY2D1,4546,True,0.1708493735356831,1.7606986808393879,0.31031898,66,False,False,False,False,False,False,False,False
ENSG00000180257,ENSG00000180257,ZNF816,1072,True,0.04332345661551868,1.7642775521546796,0.30950788,66,False,False,False,False,False,False,False,False
ENSG00000056586,ENSG00000056586,RC3H2,5018,True,0.18276362756697556,1.763776842142834,0.30777237,66,False,False,False,False,False,False,False,False
ENSG00000138496,ENSG00000138496,PARP9,5656,True,0.20820168614922666,1.7616044226533654,0.30701762,66,False,False,False,False,False,False,False,True
ENSG00000204520,ENSG00000204520,MICA,1742,True,0.07183541801148298,1.759954565827624,0.30639237,66,False,False,False,False,False,False,False,False
ENSG00000177337,ENSG00000177337,DLGAP1-AS1,2098,True,0.08256302612334367,1.7628370026221851,0.30388102,66,False,False,False,False,False,False,False,False
ENSG00000115841,ENSG00000115841,RMDN2,1911,True,0.07594701533872432,1.758399130947953,0.30332002,66,False,False,False,False,False,False,False,False
ENSG00000120647,ENSG00000120647,CCDC77,1289,True,0.05101297808680823,1.7611984207077576,0.30215782,66,False,False,False,False,False,False,False,False
ENSG00000188559,ENSG00000188559,RALGAPA2,2135,True,0.08201852473980421,1.7595029335592975,0.29913914,66,False,False,False,False,False,False,False,False
ENSG00000167595,ENSG00000167595,PROSER3,1943,True,0.07308687798742092,1.7593675498208938,0.29748595,66,False,False,False,False,False,False,False,False
ENSG00000248092,ENSG00000248092,NNT-AS1,2372,True,0.09030135807417558,1.7623468806915112,0.29650015,66,False,False,False,False,False,False,False,False
ENSG00000113456,ENSG00000113456,RAD1,3778,True,0.14369492567509742,1.760608713146307,0.29561794,66,False,False,False,False,False,False,False,False
ENSG00000196465,ENSG00000196465,MYL6B,4651,True,0.17383956338666498,1.7594398428038625,0.2954837,66,False,False,False,False,False,False,False,False
ENSG00000181894,ENSG00000181894,ZNF329,775,True,0.030634116112438672,1.6693719010612946,0.29310772,66,False,False,False,False,False,False,False,False
ENSG00000162441,ENSG00000162441,LZIC,4277,True,0.15895086675887768,1.7613594663888748,0.29297805,66,False,False,False,False,False,False,False,False
ENSG00000165506,ENSG00000165506,DNAAF2,5072,True,0.18628047191834246,1.7567509495983424,0.2908227,66,False,False,False,False,False,False,False,False
ENSG00000162600,ENSG00000162600,OMA1,4856,True,0.1851294327285062,1.7566181533035723,0.28855583,66,False,False,False,False,False,False,False,False
ENSG00000196187,ENSG00000196187,TMEM63A,4232,True,0.15019747727694216,1.7587922386258847,0.2873829,66,False,False,False,False,False,False,False,False
ENSG00000186166,ENSG00000186166,CENATAC,3127,True,0.11476653843102404,1.7601774649348505,0.2872239,66,False,False,False,False,False,False,False,False
ENSG00000038219,ENSG00000038219,BOD1L1,13020,True,0.4349504824333982,1.7794862309141912,0.28710848,66,False,False,False,False,False,False,False,False
ENSG00000075711,ENSG00000075711,DLG1,6279,True,0.227249684492865,1.7571271264942574,0.28706455,66,False,False,False,False,False,False,False,False
ENSG00000154305,ENSG00000154305,MIA3,9304,True,0.3207982469110362,1.7691100211599669,0.28706,66,False,False,False,False,False,False,False,False
ENSG00000121552,ENSG00000121552,CSTA,4456,True,0.1710916462360705,1.754210103403886,0.28700358,66,False,False,False,False,False,False,False,False
ENSG00000137504,ENSG00000137504,CREBZF,4876,True,0.17924499025877816,1.7589227346125809,0.28573835,66,False,False,False,False,False,False,False,False
ENSG00000147454,ENSG00000147454,SLC25A37,6771,True,0.24606330642699908,1.7561157809050052,0.28559935,66,False,False,False,False,False,False,False,False
ENSG00000135837,ENSG00000135837,CEP350,10584,True,0.3559156754894385,1.769055678903615,0.28495386,66,False,False,False,False,False,False,False,False
ENSG00000120278,ENSG00000120278,PLEKHG1,4117,True,0.15076178648278085,1.7597472629319824,0.28438732,66,False,False,False,False,False,False,False,False
ENSG00000083828,ENSG00000083828,ZNF586,2415,True,0.09394325747304176,1.7561474851005043,0.28429332,66,False,False,False,False,False,False,False,False
ENSG00000151532,ENSG00000151532,VTI1A,4956,True,0.17640685017617896,1.757923438564263,0.28425607,66,False,False,False,False,False,False,False,False
ENSG00000107643,ENSG00000107643,MAPK8,2580,True,0.09688623690761741,1.75603776710026,0.28413332,66,False,False,False,False,False,False,False,False
ENSG00000166377,ENSG00000166377,ATP9B,3924,True,0.13910981571125708,1.7548744100486926,0.28372276,66,False,False,False,False,False,False,False,False
ENSG00000178988,ENSG00000178988,MRFAP1L1,3263,True,0.12094005833917923,1.7556724545027564,0.28161955,66,False,False,False,False,False,False,False,False
ENSG00000117174,ENSG00000117174,ZNHIT6,6055,True,0.2185782195404418,1.759517848777223,0.28087065,66,False,False,False,False,False,False,False,False
ENSG00000143970,ENSG00000143970,ASXL2,3198,True,0.11953783443391623,1.7542701546908361,0.2808247,66,False,False,False,False,False,False,False,False
ENSG00000008869,ENSG00000008869,HEATR5B,3699,True,0.13537735002328988,1.7554851423478688,0.279418,66,False,False,False,False,False,False,False,False
ENSG00000122678,ENSG00000122678,POLM,6763,True,0.2357683058742733,1.755859509884924,0.27767122,66,False,False,False,False,False,False,False,False
ENSG00000120837,ENSG00000120837,NFYB,3493,True,0.1356530521444387,1.755146405676509,0.27632964,66,False,False,False,False,False,False,False,False
ENSG00000115339,ENSG00000115339,GALNT3,1726,True,0.06683594799267857,1.7442298495586117,0.27321887,66,False,False,False,False,False,False,False,False
ENSG00000168872,ENSG00000168872,DDX19A,3320,True,0.12312975107441075,1.7533178181852263,0.27289522,66,False,False,False,False,False,False,False,False
ENSG00000196236,ENSG00000196236,XPNPEP3,2718,True,0.10175474998333182,1.7555137922181816,0.27275172,66,False,False,False,False,False,False,False,False
ENSG00000138035,ENSG00000138035,PNPT1,3948,True,0.14802926531004199,1.7550183447913155,0.27140906,66,False,False,False,False,False,False,False,False
ENSG00000163281,ENSG00000163281,GNPDA2,2994,True,0.11409708709632492,1.7543973468063159,0.2707821,66,False,False,False,False,False,False,False,False
ENSG00000187522,ENSG00000187522,HSPA14,3780,True,0.1379172335208335,1.7549296424090082,0.2696218,66,False,False,False,False,False,False,False,False
ENSG00000204514,ENSG00000204514,ZNF814,3743,True,0.14099520961853418,1.752459346479772,0.26957121,66,False,False,False,False,False,False,False,False
ENSG00000152223,ENSG00000152223,EPG5,1570,True,0.06292411650509339,1.7531608707219257,0.2687905,66,False,False,False,False,False,False,False,False
ENSG00000139433,ENSG00000139433,GLTP,7844,True,0.2822938280884062,1.7580281359100487,0.26769903,66,False,False,False,False,False,False,False,False
ENSG00000005339,ENSG00000005339,CREBBP,7167,True,0.24917004829905653,1.7605555158523585,0.2676199,66,False,False,False,False,False,False,False,False
ENSG00000134539,ENSG00000134539,KLRD1,2026,True,0.0783172408316697,1.75538471818459,0.26760125,66,False,False,False,False,False,False,False,False
ENSG00000134852,ENSG00000134852,CLOCK,2420,True,0.09112772257983211,1.7513542942731097,0.26066223,66,False,False,False,False,False,False,False,False
ENSG00000197170,ENSG00000197170,PSMD12,5822,True,0.2104399194912339,1.7493177907538169,0.25925773,66,False,False,False,False,False,False,False,False
ENSG00000163516,ENSG00000163516,ANKZF1,5934,True,0.2135305133447952,1.7529905959583354,0.25383312,66,False,False,False,False,False,False,False,False
ENSG00000186001,ENSG00000186001,LRCH3,3958,True,0.14606049549265387,1.7522908881734622,0.25268,66,False,False,False,False,False,False,False,False
ENSG00000148429,ENSG00000148429,USP6NL,6914,True,0.24797289054660918,1.7594829256009645,0.25098044,66,False,False,False,False,False,False,False,False
ENSG00000144827,ENSG00000144827,ABHD10,2711,True,0.10587800095357341,1.7493465811678448,0.24850799,66,False,False,False,False,False,False,False,False
ENSG00000143772,ENSG00000143772,ITPKB,2514,True,0.09542523450169776,1.751351587065891,0.24488437,66,False,False,False,False,False,False,False,False
ENSG00000006715,ENSG00000006715,VPS41,3457,True,0.12754837752483966,1.7481071825125378,0.24357551,66,False,False,False,False,False,False,False,False
ENSG00000127084,ENSG00000127084,FGD3,6615,True,0.22942263123490989,1.7511977782082924,0.24229537,66,False,False,False,False,False,False,False,False
ENSG00000162923,ENSG00000162923,WDR26,5308,True,0.1933277640018435,1.7473231963207432,0.24216229,66,False,False,False,False,False,False,False,False
ENSG00000138688,ENSG00000138688,BLTP1,6188,True,0.21809927388743258,1.7466560756237115,0.24064346,66,False,False,False,False,False,False,False,False
ENSG00000154813,ENSG00000154813,DPH3,5069,True,0.19290726134535313,1.7459454474296763,0.2381933,66,False,False,False,False,False,False,False,False
ENSG00000011405,ENSG00000011405,PIK3C2A,3468,True,0.12670435958771842,1.7473502614666279,0.23703325,66,False,False,False,False,False,False,False,False
ENSG00000181035,ENSG00000181035,SLC25A42,3970,True,0.14500633767508045,1.7455029556528388,0.2346017,66,False,False,False,False,False,False,False,False
ENSG00000135775,ENSG00000135775,COG2,3193,True,0.1165882682001964,1.7142673890239892,0.23395304,66,False,False,False,False,False,False,False,False
ENSG00000140983,ENSG00000140983,RHOT2,6401,True,0.23298132451320652,1.7465881349135304,0.23387103,66,False,False,False,False,False,False,False,False
ENSG00000072864,ENSG00000072864,NDE1,5798,True,0.20235727589873473,1.7457454961019032,0.23331858,66,False,False,False,False,False,False,False,False
ENSG00000197989,ENSG00000197989,SNHG12,4910,True,0.17804522467911915,1.747647246383809,0.23297341,66,False,False,False,False,False,False,False,False
ENSG00000171703,ENSG00000171703,TCEA2,4850,True,0.18448164177350845,1.7438429056648759,0.22953051,66,False,False,False,False,False,False,False,False
ENSG00000130787,ENSG00000130787,HIP1R,5085,True,0.18349064694571646,1.745423223950776,0.22864349,66,False,False,False,False,False,False,False,False
ENSG00000166133,ENSG00000166133,RPUSD2,2204,True,0.08584447803374941,1.746178821514159,0.22758193,66,False,False,False,False,False,False,False,False
ENSG00000221944,ENSG00000221944,TIGD1,1846,True,0.07311043232685296,1.7441914541517596,0.22592592,66,False,False,False,False,False,False,False,False
ENSG00000108468,ENSG00000108468,CBX1,7180,True,0.2594855543833297,1.7493912048773168,0.22492836,66,False,False,False,False,False,False,False,False
ENSG00000125827,ENSG00000125827,TMX4,8589,True,0.29707777929788165,1.7501975480733192,0.2242326,66,False,False,False,False,False,False,False,False
ENSG00000130119,ENSG00000130119,GNL3L,3355,True,0.12210879829489246,1.7429741135977503,0.22270904,66,False,False,False,False,False,False,False,False
ENSG00000077097,ENSG00000077097,TOP2B,7295,True,0.2562190862373811,1.7553332308478902,0.22069256,66,False,False,False,False,False,False,False,False
ENSG00000105341,ENSG00000105341,DMAC2,5017,True,0.18082225812875935,1.7400405107121073,0.21602997,66,False,False,False,False,False,False,False,False
ENSG00000174106,ENSG00000174106,LEMD3,3295,True,0.1218476057941309,1.7416228989860798,0.21394382,66,False,False,False,False,False,False,False,False
ENSG00000213015,ENSG00000213015,ZNF580,7280,True,0.25945583948309325,1.7413191597618403,0.20844647,66,False,False,False,False,False,False,False,False
ENSG00000127870,ENSG00000127870,RNF6,3946,True,0.14307478799103077,1.7388606814233178,0.20621124,66,False,False,False,False,False,False,False,False
ENSG00000072803,ENSG00000072803,FBXW11,6762,True,0.2508156626431013,1.745530551433609,0.19283462,66,False,False,False,False,False,False,False,False
ENSG00000166974,ENSG00000166974,MAPRE2,6039,True,0.216761065494779,1.7307573583073463,0.17146526,66,False,False,False,False,False,False,False,False
ENSG00000175600,ENSG00000175600,SUGCT,434,True,0.02029801242590965,1.779521809753229,0.85386676,65,False,False,False,False,False,False,False,False
ENSG00000270659,ENSG00000270659,ENSG00000270659,345,True,0.015705193085358678,1.6399800998248837,0.5421922,65,False,False,False,False,False,False,False,False
ENSG00000168734,ENSG00000168734,PKIG,20513,True,0.6767967024940412,1.8176707231240705,0.49172086,65,False,False,False,False,False,False,False,False
ENSG00000257764,ENSG00000257764,ENSG00000257764,6167,True,0.22862841507160578,1.7943473260253777,0.47975132,65,False,False,False,False,False,False,False,False
ENSG00000104267,ENSG00000104267,CA2,1180,True,0.05066587613072941,1.8010859902137855,0.4763275,65,False,False,False,False,False,False,False,False
ENSG00000185507,ENSG00000185507,IRF7,13221,True,0.4578756225286275,1.7962809613666222,0.47074822,65,False,False,False,False,False,False,False,True
ENSG00000169189,ENSG00000169189,NSMCE1,10987,True,0.3905251744833744,1.7929169960890625,0.4650546,65,False,False,False,False,False,False,False,False
ENSG00000267454,ENSG00000267454,ZNF582-DT,833,True,0.035375359598703096,1.7959140597865748,0.44922858,65,False,False,False,False,False,False,False,False
ENSG00000188227,ENSG00000188227,ZNF793,1199,True,0.047870896000641025,1.789606003613211,0.4330015,65,False,False,False,False,False,False,False,False
ENSG00000104472,ENSG00000104472,CHRAC1,10950,True,0.38395013594385285,1.7917222678565983,0.43173987,65,False,False,False,False,False,False,False,False
ENSG00000162591,ENSG00000162591,MEGF6,397,True,0.01628680667012889,1.6098295004278749,0.43034914,65,False,False,False,False,False,False,False,False
ENSG00000157500,ENSG00000157500,APPL1,18625,True,0.6164065166296459,1.8048363715660878,0.42711774,65,False,False,False,False,False,False,False,False
ENSG00000155970,ENSG00000155970,MICU3,766,True,0.03195154132290314,1.7862204839963942,0.4199001,65,False,False,False,False,False,False,False,False
ENSG00000270761,ENSG00000270761,CD2AP-DT,480,True,0.0209571633074748,1.7679835163049744,0.41841346,65,False,False,False,False,False,False,False,False
ENSG00000168421,ENSG00000168421,RHOH,29271,True,0.8943426405823114,1.8352488093264951,0.41237515,65,False,False,False,False,False,False,False,False
ENSG00000267383,ENSG00000267383,ENSG00000267383,705,True,0.02960182557109559,1.754231393967122,0.40713274,65,False,False,False,False,False,False,False,False
ENSG00000152404,ENSG00000152404,CWF19L2,19448,True,0.6468296098549116,1.8041696913800471,0.406423,65,False,False,False,False,False,False,False,False
ENSG00000005302,ENSG00000005302,MSL3,12501,True,0.4291959186115309,1.7902458151717733,0.40284324,65,False,False,False,False,False,False,False,False
ENSG00000229196,ENSG00000229196,LINC03008,697,True,0.029744270281959553,1.7553252252476674,0.39569113,65,False,False,False,False,False,False,False,False
ENSG00000135925,ENSG00000135925,WNT10A,1395,True,0.058593873752159256,1.7533466363059693,0.3912216,65,False,False,False,False,False,False,False,False
ENSG00000158477,ENSG00000158477,CD1A,511,True,0.022953433094290706,1.7530842307605128,0.38207376,65,False,False,False,False,False,False,False,False
ENSG00000196381,ENSG00000196381,ZNF781,758,True,0.03217197398451202,1.7791362816788263,0.37382615,65,False,False,False,False,False,False,False,False
ENSG00000148606,ENSG00000148606,POLR3A,1254,True,0.04901446704578076,1.7722002260335812,0.3703569,65,False,False,False,False,False,False,False,False
ENSG00000175782,ENSG00000175782,SLC35E3,3040,True,0.11446629332405557,1.7778480396922738,0.36911345,65,False,False,False,False,False,False,False,False
ENSG00000174749,ENSG00000174749,FAM241A,833,True,0.03516201764156127,1.7505944484202376,0.36381587,65,False,False,False,False,False,False,False,False
ENSG00000231154,ENSG00000231154,MORF4L2-AS1,492,True,0.02079299928765987,1.7309583450293595,0.36177742,65,False,False,False,False,False,False,False,False
ENSG00000213967,ENSG00000213967,ZNF726,963,True,0.03910787467548379,1.7378860207647906,0.3584823,65,False,False,False,False,False,False,False,False
ENSG00000146535,ENSG00000146535,GNA12,1854,True,0.07016553738638741,1.7783723056061147,0.35456988,65,False,False,False,False,False,False,False,False
ENSG00000176018,ENSG00000176018,LYSMD3,2064,True,0.08107848118682918,1.7693442343398438,0.3527928,65,False,False,False,False,False,False,False,False
ENSG00000089682,ENSG00000089682,RBM41,3563,True,0.13261355341027484,1.7694205671799752,0.3492577,65,False,False,False,False,False,False,False,False
ENSG00000141378,ENSG00000141378,PTRH2,1560,True,0.0595047070940407,1.768161120899373,0.34503415,65,False,False,False,False,False,False,False,False
ENSG00000157259,ENSG00000157259,GATAD1,3371,True,0.12817908355073498,1.7726462193288257,0.34463346,65,False,False,False,False,False,False,False,False
ENSG00000181544,ENSG00000181544,FANCB,1256,True,0.05317492368337045,1.7687485907670875,0.3420854,65,False,False,False,False,False,False,False,False
ENSG00000122729,ENSG00000122729,ACO1,983,True,0.038124317395166495,1.7683809339508256,0.3397604,65,False,False,False,False,False,False,False,False
ENSG00000158863,ENSG00000158863,FHIP2B,1188,True,0.04648713322499706,1.7129773732249958,0.3339452,65,False,False,False,False,False,False,False,False
ENSG00000121931,ENSG00000121931,LRIF1,4269,True,0.16277442475025805,1.767362424958308,0.33390555,65,False,False,False,False,False,False,False,False
ENSG00000131732,ENSG00000131732,ZCCHC9,3460,True,0.12811113727155993,1.7678984444146224,0.33346364,65,False,False,False,False,False,False,False,False
ENSG00000179057,ENSG00000179057,IGSF22,607,True,0.025077201726259303,1.7690530520665413,0.33186066,65,False,False,False,False,False,False,False,False
ENSG00000101928,ENSG00000101928,MOSPD1,1855,True,0.07210981224457881,1.7666518923791137,0.33003804,65,False,False,False,False,False,False,False,False
ENSG00000047579,ENSG00000047579,DTNBP1,8829,True,0.31928230766544474,1.777622872901656,0.3286555,65,False,False,False,False,False,False,False,False
ENSG00000148835,ENSG00000148835,TAF5,959,True,0.037514796190682986,1.763724196964924,0.3259451,65,False,False,False,False,False,False,False,False
ENSG00000089916,ENSG00000089916,GPATCH2L,5181,True,0.19074941487353875,1.7681819316244616,0.32295972,65,False,False,False,False,False,False,False,False
ENSG00000111554,ENSG00000111554,MDM1,2853,True,0.10882094583909317,1.7640292700481484,0.32212737,65,False,False,False,False,False,False,False,False
ENSG00000103274,ENSG00000103274,NUBP1,5509,True,0.2057144245962453,1.7659330133727418,0.321874,65,False,False,False,False,False,False,False,False
ENSG00000149564,ENSG00000149564,ESAM,717,True,0.03110811736305163,1.7364176611448734,0.3199801,65,False,False,False,False,False,False,False,False
ENSG00000075292,ENSG00000075292,ZNF638,11589,True,0.39361450182529134,1.7801418373041313,0.31960145,65,False,False,False,False,False,False,False,False
ENSG00000166439,ENSG00000166439,RNF169,2190,True,0.08539398791577885,1.7654334892067884,0.31613636,65,False,False,False,False,False,False,False,False
ENSG00000235621,ENSG00000235621,LINC00494,1880,True,0.0720831584109829,1.7605536968169744,0.30960765,65,False,False,False,False,False,False,False,False
ENSG00000213020,ENSG00000213020,ZNF611,1770,True,0.06855737477819444,1.7664227551254725,0.30672854,65,False,False,False,False,False,False,False,False
ENSG00000269176,ENSG00000269176,ENSG00000269176,626,True,0.025319228784217728,1.7632297702894077,0.3061809,65,False,False,False,False,False,False,False,False
ENSG00000196810,ENSG00000196810,CTBP1-DT,1790,True,0.06824414989194152,1.767263659799221,0.30472517,65,False,False,False,False,False,False,False,False
ENSG00000198355,ENSG00000198355,PIM3,8132,True,0.2849825704846663,1.7596978564438637,0.30424404,65,False,False,False,False,False,False,False,False
ENSG00000083750,ENSG00000083750,RRAGB,3140,True,0.11804676688021862,1.7573182004385375,0.30405805,65,False,False,False,False,False,False,False,False
ENSG00000105778,ENSG00000105778,AVL9,3448,True,0.1270162870453386,1.7619559814156092,0.30381992,65,False,False,False,False,False,False,False,False
ENSG00000010318,ENSG00000010318,PHF7,1895,True,0.07387256866086352,1.7598194367350322,0.30377212,65,False,False,False,False,False,False,False,False
ENSG00000178104,ENSG00000178104,PDE4DIP,2804,True,0.10532124526817971,1.7625283953234687,0.30185923,65,False,False,False,False,False,False,False,False
ENSG00000108091,ENSG00000108091,CCDC6,7640,True,0.2641011130145323,1.764423568237853,0.3006796,65,False,False,False,False,False,False,False,False
ENSG00000137822,ENSG00000137822,TUBGCP4,2052,True,0.0778037201051168,1.7615801542639102,0.3003467,65,False,False,False,False,False,False,False,False
ENSG00000155621,ENSG00000155621,C9orf85,2625,True,0.09873601678187222,1.7629801929529927,0.30011,65,False,False,False,False,False,False,False,False
ENSG00000157540,ENSG00000157540,DYRK1A,3803,True,0.14238425190326784,1.7629506289302197,0.2982331,65,False,False,False,False,False,False,False,False
ENSG00000256223,ENSG00000256223,ZNF10,1748,True,0.07149013723206933,1.7611340281056187,0.2981408,65,False,False,False,False,False,False,False,False
ENSG00000133056,ENSG00000133056,PIK3C2B,1711,True,0.06808780086433239,1.7614414036720005,0.29726437,65,False,False,False,False,False,False,False,False
ENSG00000100596,ENSG00000100596,SPTLC2,3985,True,0.14805356581411122,1.7602576662652667,0.2951593,65,False,False,False,False,False,False,False,False
ENSG00000158710,ENSG00000158710,TAGLN2,49182,True,1.3507069175970006,1.881156501492043,0.29153973,65,False,False,False,False,False,False,False,False
ENSG00000196646,ENSG00000196646,ZNF136,2649,True,0.10011314384708295,1.7603844024647382,0.2911693,65,False,False,False,False,False,False,False,False
ENSG00000162419,ENSG00000162419,GMEB1,3152,True,0.11586912788013339,1.7571994713343777,0.2910243,65,False,False,False,False,False,False,False,False
ENSG00000163125,ENSG00000163125,RPRD2,5234,True,0.19122994654737022,1.7599774612161516,0.2897756,65,False,False,False,False,False,False,False,False
ENSG00000178935,ENSG00000178935,ZNF552,1415,True,0.056973849201787295,1.7614382767203138,0.2885917,65,False,False,False,False,False,False,False,False
ENSG00000198814,ENSG00000198814,GK,1100,True,0.04476079925439052,1.7560355923372415,0.2876856,65,False,False,False,False,False,False,False,False
ENSG00000047662,ENSG00000047662,FAM184B,1784,True,0.06962886996108374,1.7605357366634846,0.2844043,65,False,False,False,False,False,False,False,False
ENSG00000101126,ENSG00000101126,ADNP,3642,True,0.1399721781479735,1.7568760795314569,0.28338125,65,False,False,False,False,False,False,False,False
ENSG00000165819,ENSG00000165819,METTL3,3625,True,0.13601601827250276,1.7609539865743586,0.28330103,65,False,False,False,False,False,False,False,False
ENSG00000272106,ENSG00000272106,ENSG00000272106,1519,True,0.0608709238238122,1.7553276836819152,0.28238338,65,False,False,False,False,False,False,False,False
ENSG00000101336,ENSG00000101336,HCK,6178,True,0.21723130677169022,1.7534047502178185,0.28210542,65,False,False,False,False,False,False,False,False
ENSG00000082074,ENSG00000082074,FYB1,7550,True,0.26263671359465895,1.7663200148406268,0.28120127,65,False,False,False,False,False,False,False,False
ENSG00000065802,ENSG00000065802,ASB1,2774,True,0.10546732141521392,1.75551682366865,0.28082284,65,False,False,False,False,False,False,False,False
ENSG00000134321,ENSG00000134321,RSAD2,1226,True,0.051600877881538394,1.756081712599032,0.28078294,65,False,False,False,False,False,False,False,True
ENSG00000244625,ENSG00000244625,MIATNB,2522,True,0.09775089031972467,1.7583376641217954,0.27901825,65,False,False,False,False,False,False,False,False
ENSG00000183401,ENSG00000183401,CCDC159,3442,True,0.12978310771539806,1.755843729485259,0.27794838,65,False,False,False,False,False,False,False,False
ENSG00000197603,ENSG00000197603,CPLANE1,1479,True,0.05576213326193042,1.7551798707060335,0.277225,65,False,False,False,False,False,False,False,False
ENSG00000149636,ENSG00000149636,DSN1,1580,True,0.06006023840579133,1.7561634893040456,0.27594376,65,False,False,False,False,False,False,False,False
ENSG00000142687,ENSG00000142687,KIAA0319L,2670,True,0.09959860798779135,1.754986669366328,0.2751705,65,False,False,False,False,False,False,False,False
ENSG00000158427,ENSG00000158427,TMSB15B,1958,True,0.0806951014427524,1.7554722275522827,0.27507868,65,False,False,False,False,False,False,False,False
ENSG00000168887,ENSG00000168887,C2orf68,3913,True,0.14902016403812735,1.7556363334230396,0.2746044,65,False,False,False,False,False,False,False,False
ENSG00000164118,ENSG00000164118,CEP44,2431,True,0.09209179533605898,1.7515525813456905,0.27428302,65,False,False,False,False,False,False,False,False
ENSG00000137478,ENSG00000137478,FCHSD2,8805,True,0.3039289318908984,1.7664447642587016,0.27401832,65,False,False,False,False,False,False,False,False
ENSG00000106771,ENSG00000106771,TMEM245,2728,True,0.10395196327362238,1.752603243610937,0.27380657,65,False,False,False,False,False,False,False,False
ENSG00000076650,ENSG00000076650,GPATCH1,1883,True,0.07272437194292189,1.7548506593769453,0.272783,65,False,False,False,False,False,False,False,False
ENSG00000012822,ENSG00000012822,CALCOCO1,4491,True,0.1636299111634388,1.7514422006069639,0.2700981,65,False,False,False,False,False,False,False,False
ENSG00000129347,ENSG00000129347,KRI1,3541,True,0.12913341056713817,1.7539580970664679,0.2699293,65,False,False,False,False,False,False,False,False
ENSG00000123066,ENSG00000123066,MED13L,5124,True,0.18584403870759617,1.7545923130231669,0.26644504,65,False,False,False,False,False,False,False,False
ENSG00000158092,ENSG00000158092,NCK1,6191,True,0.2284513880852922,1.7521008446545459,0.26414976,65,False,False,False,False,False,False,False,False
ENSG00000105127,ENSG00000105127,AKAP8,5167,True,0.1800083900381638,1.75314502958587,0.26406124,65,False,False,False,False,False,False,False,False
ENSG00000165169,ENSG00000165169,DYNLT3,6798,True,0.25030813042282385,1.753674592329041,0.2637262,65,False,False,False,False,False,False,False,False
ENSG00000182185,ENSG00000182185,RAD51B,1444,True,0.05648058692012164,1.7522430367172797,0.2637166,65,False,False,False,False,False,False,False,False
ENSG00000261098,ENSG00000261098,ENSG00000261098,1614,True,0.06194904660353453,1.7498921005997956,0.2633167,65,False,False,False,False,False,False,False,False
ENSG00000006625,ENSG00000006625,GGCT,4940,True,0.18119957866011685,1.7518390448008103,0.26228142,65,False,False,False,False,False,False,False,False
ENSG00000205268,ENSG00000205268,PDE7A,8967,True,0.3229328881554006,1.7735592747539395,0.2619526,65,False,False,False,False,False,False,False,False
ENSG00000020426,ENSG00000020426,MNAT1,6568,True,0.24086455199711948,1.7568485707334802,0.26109147,65,False,False,False,False,False,False,False,False
ENSG00000170234,ENSG00000170234,PWWP2A,4246,True,0.15456589032673548,1.7479872934982759,0.26108035,65,False,False,False,False,False,False,False,False
ENSG00000144228,ENSG00000144228,SPOPL,2991,True,0.11604962892871286,1.7526445696535782,0.2600927,65,False,False,False,False,False,False,False,False
ENSG00000112339,ENSG00000112339,HBS1L,5018,True,0.1795880382192883,1.750336390710415,0.2594704,65,False,False,False,False,False,False,False,False
ENSG00000132773,ENSG00000132773,TOE1,3135,True,0.11617223671629245,1.7524147576947107,0.259207,65,False,False,False,False,False,False,False,False
ENSG00000125629,ENSG00000125629,INSIG2,4329,True,0.1667461588386382,1.751627887661381,0.2590109,65,False,False,False,False,False,False,False,False
ENSG00000066427,ENSG00000066427,ATXN3,4384,True,0.1606518002965747,1.749656925667537,0.25817472,65,False,False,False,False,False,False,False,False
ENSG00000212694,ENSG00000212694,LINC01089,4881,True,0.18478600636524878,1.7521698161809467,0.25808996,65,False,False,False,False,False,False,False,False
ENSG00000138050,ENSG00000138050,THUMPD2,3758,True,0.14149840023560156,1.7500215311325327,0.25791767,65,False,False,False,False,False,False,False,False
ENSG00000198301,ENSG00000198301,SDAD1,8340,True,0.29351842806960715,1.7565185144902045,0.25762597,65,False,False,False,False,False,False,False,False
ENSG00000011260,ENSG00000011260,UTP18,6163,True,0.2223082387744446,1.750400125572619,0.25687227,65,False,False,False,False,False,False,False,False
ENSG00000102401,ENSG00000102401,ARMCX3,5900,True,0.21702529359588943,1.748992569525013,0.255932,65,False,False,False,False,False,False,False,False
ENSG00000076685,ENSG00000076685,NT5C2,3311,True,0.12177826906815047,1.7502204461666977,0.25548384,65,False,False,False,False,False,False,False,False
ENSG00000023041,ENSG00000023041,ZDHHC6,6188,True,0.22871147589597846,1.7501532671370248,0.25412887,65,False,False,False,False,False,False,False,False
ENSG00000269293,ENSG00000269293,ZSCAN16-AS1,7374,True,0.26804924261939855,1.7587621981335604,0.25336996,65,False,False,False,False,False,False,False,False
ENSG00000183474,ENSG00000183474,GTF2H2C,2926,True,0.10918637934927798,1.7497131259369325,0.2523158,65,False,False,False,False,False,False,False,False
ENSG00000155868,ENSG00000155868,MED7,3204,True,0.12630062542972006,1.7499941009397844,0.25225735,65,False,False,False,False,False,False,False,False
ENSG00000117528,ENSG00000117528,ABCD3,1785,True,0.06889028912643975,1.7535539421008202,0.25116464,65,False,False,False,False,False,False,False,False
ENSG00000099968,ENSG00000099968,BCL2L13,4968,True,0.18291727410296169,1.7475244634113907,0.24908902,65,False,False,False,False,False,False,False,False
ENSG00000215114,ENSG00000215114,UBXN2B,2079,True,0.07923884656483159,1.7471449355292612,0.24856493,65,False,False,False,False,False,False,False,False
ENSG00000213516,ENSG00000213516,RBMXL1,2958,True,0.10866727054373544,1.7460318788609186,0.24776597,65,False,False,False,False,False,False,False,False
ENSG00000102580,ENSG00000102580,DNAJC3,5867,True,0.20876916811635138,1.7471906826590589,0.24648868,65,False,False,False,False,False,False,False,False
ENSG00000197056,ENSG00000197056,ZMYM1,1829,True,0.071551024677729,1.7472540795442244,0.24528728,65,False,False,False,False,False,False,False,False
ENSG00000108389,ENSG00000108389,MTMR4,6017,True,0.21130174455322315,1.7465680499628116,0.24327107,65,False,False,False,False,False,False,False,False
ENSG00000197969,ENSG00000197969,VPS13A,5798,True,0.2093788030636719,1.7473352688358164,0.24322896,65,False,False,False,False,False,False,False,False
ENSG00000260083,ENSG00000260083,MIR762HG,1973,True,0.08041365591275146,1.749169311744442,0.24198566,65,False,False,False,False,False,False,False,False
ENSG00000115946,ENSG00000115946,PNO1,4005,True,0.14818477310585385,1.745932683456217,0.24198127,65,False,False,False,False,False,False,False,False
ENSG00000110395,ENSG00000110395,CBL,4087,True,0.14762481940455047,1.7467269684625257,0.24140769,65,False,False,False,False,False,False,False,False
ENSG00000189050,ENSG00000189050,RNFT1,3720,True,0.14279054113393566,1.746636513509458,0.24123502,65,False,False,False,False,False,False,False,False
ENSG00000137500,ENSG00000137500,CCDC90B,7444,True,0.26851245951752367,1.7523459116975866,0.24083886,65,False,False,False,False,False,False,False,False
ENSG00000164830,ENSG00000164830,OXR1,7056,True,0.24834325876771485,1.7485797239479064,0.23899658,65,False,False,False,False,False,False,False,False
ENSG00000156931,ENSG00000156931,VPS8,3251,True,0.12392625469275499,1.7450412212721351,0.23809467,65,False,False,False,False,False,False,False,False
ENSG00000176390,ENSG00000176390,CRLF3,6317,True,0.2234742511821124,1.7501827129118637,0.2380083,65,False,False,False,False,False,False,False,False
ENSG00000124222,ENSG00000124222,STX16,5794,True,0.21055839232759482,1.7482770774317347,0.23622261,65,False,False,False,False,False,False,False,False
ENSG00000110665,ENSG00000110665,C11orf21,2526,True,0.09664675927450612,1.7467980647141679,0.23604919,65,False,False,False,False,False,False,False,False
ENSG00000061987,ENSG00000061987,MON2,3302,True,0.11993897216985441,1.7458756109090956,0.23588066,65,False,False,False,False,False,False,False,False
ENSG00000198001,ENSG00000198001,IRAK4,6970,True,0.23839369714534406,1.7564762154433844,0.23498768,65,False,False,False,False,False,False,False,False
ENSG00000151239,ENSG00000151239,TWF1,3459,True,0.12875103112696598,1.743585548328967,0.23333435,65,False,False,False,False,False,False,False,False
ENSG00000166783,ENSG00000166783,MARF1,8094,True,0.28549855653891615,1.7657011406353398,0.23328556,65,False,False,False,False,False,False,False,False
ENSG00000183111,ENSG00000183111,ARHGEF37,775,True,0.03196973094988306,1.6968943934244776,0.22970591,65,False,False,False,False,False,False,False,False
ENSG00000173456,ENSG00000173456,RNF26,2559,True,0.09754174197700993,1.7428503190228781,0.22589849,65,False,False,False,False,False,False,False,False
ENSG00000134882,ENSG00000134882,UBAC2,7785,True,0.2815089578267095,1.7506627293290464,0.225273,65,False,False,False,False,False,False,False,False
ENSG00000107625,ENSG00000107625,DDX50,7572,True,0.2662290268513521,1.7576732200358913,0.22222658,65,False,False,False,False,False,False,False,False
ENSG00000179335,ENSG00000179335,CLK3,6351,True,0.23094070071807005,1.7437092634311975,0.222161,65,False,False,False,False,False,False,False,False
ENSG00000171135,ENSG00000171135,JAGN1,6617,True,0.23349039949999192,1.7446750927909795,0.22158103,65,False,False,False,False,False,False,False,False
ENSG00000125352,ENSG00000125352,RNF113A,7413,True,0.2663646664147493,1.7415857387651743,0.21822335,65,False,False,False,False,False,False,False,False
ENSG00000043143,ENSG00000043143,JADE2,4837,True,0.17423014172359008,1.739572674128435,0.21090794,65,False,False,False,False,False,False,False,False
ENSG00000177981,ENSG00000177981,ASB8,5283,True,0.18584717507717727,1.7389275950592677,0.21035834,65,False,False,False,False,False,False,False,False
ENSG00000119720,ENSG00000119720,NRDE2,4292,True,0.158804823957796,1.7395125445982396,0.21033983,65,False,False,False,False,False,False,False,False
ENSG00000197249,ENSG00000197249,SERPINA1,6648,True,0.24188620587563434,1.746145661617207,0.20939392,65,False,False,False,False,False,False,False,False
ENSG00000163961,ENSG00000163961,RNF168,5229,True,0.18531236432723786,1.7375453516031294,0.20601048,65,False,False,False,False,False,False,False,False
ENSG00000171204,ENSG00000171204,TMEM126B,7564,True,0.26811591195897716,1.738424486772396,0.19375527,65,False,False,False,False,False,False,False,False
ENSG00000197858,ENSG00000197858,GPAA1,7053,True,0.24789794539151486,1.7368333707816541,0.17894153,65,False,False,False,False,False,False,False,False
ENSG00000115523,ENSG00000115523,GNLY,23077,True,0.7064734391759444,1.8841944364515557,1.1249106,64,False,False,False,False,False,False,False,False
ENSG00000167748,ENSG00000167748,KLK1,2945,True,0.112318398550818,1.8357742367045093,0.6404189,64,False,False,False,False,False,False,False,False
ENSG00000176927,ENSG00000176927,EFCAB5,397,True,0.01690337726511402,1.6684844671165282,0.48262078,64,False,False,False,False,False,False,False,False
ENSG00000179299,ENSG00000179299,NSUN7,438,True,0.01802851058769372,1.582890883423843,0.4709296,64,False,False,False,False,False,False,False,False
ENSG00000196562,ENSG00000196562,SULF2,11046,True,0.392153816067226,1.7927474174901976,0.46487218,64,False,False,False,False,False,False,False,False
ENSG00000146247,ENSG00000146247,PHIP,17920,True,0.588133023852212,1.8060195490062567,0.4616972,64,False,False,False,False,False,False,False,False
ENSG00000198624,ENSG00000198624,CCDC69,12853,True,0.4312096409758058,1.7960587887875994,0.43701434,64,False,False,False,False,False,False,False,False
ENSG00000197044,ENSG00000197044,ZNF441,1703,True,0.06546805209306777,1.7836114495291133,0.39599505,64,False,False,False,False,False,False,False,False
ENSG00000267254,ENSG00000267254,ZNF790-AS1,1238,True,0.050247858233483315,1.780686473143206,0.39108598,64,False,False,False,False,False,False,False,False
ENSG00000154309,ENSG00000154309,DISP1,800,True,0.033580626586378455,1.7815353412730295,0.39081258,64,False,False,False,False,False,False,False,False
ENSG00000106603,ENSG00000106603,COA1,9830,True,0.3545065545710987,1.7932192563989569,0.38480434,64,False,False,False,False,False,False,False,False
ENSG00000152359,ENSG00000152359,POC5,1590,True,0.06344163176110848,1.7817871033621335,0.3820015,64,False,False,False,False,False,False,False,False
ENSG00000102755,ENSG00000102755,FLT1,449,True,0.01862411981927308,1.626285667195985,0.37599522,64,False,False,False,False,False,False,False,False
ENSG00000091136,ENSG00000091136,LAMB1,567,True,0.02475698414913833,1.7442337358551159,0.37546214,64,False,False,False,False,False,False,False,False
ENSG00000251580,ENSG00000251580,LINC02482,1240,True,0.04962796593822427,1.7750899679491907,0.37504736,64,False,False,False,False,False,False,False,False
ENSG00000140876,ENSG00000140876,NUDT7,978,True,0.04182551687412297,1.779294402551226,0.37346333,64,False,False,False,False,False,False,False,False
ENSG00000205784,ENSG00000205784,ARRDC5,878,True,0.03411230650111417,1.6890932064786837,0.37227634,64,False,False,False,False,False,False,False,False
ENSG00000138592,ENSG00000138592,USP8,11847,True,0.40653656086487255,1.7862638727430606,0.36978418,64,False,False,False,False,False,False,False,False
ENSG00000171843,ENSG00000171843,MLLT3,1772,True,0.06745685830899507,1.7765756833743702,0.36895832,64,False,False,False,False,False,False,False,False
ENSG00000273188,ENSG00000273188,ENSG00000273188,1206,True,0.051435331694684484,1.7747665488529747,0.36456951,64,False,False,False,False,False,False,False,False
ENSG00000272906,ENSG00000272906,ENSG00000272906,522,True,0.022901937515735684,1.7135474336924787,0.36285877,64,False,False,False,False,False,False,False,False
ENSG00000165071,ENSG00000165071,TMEM71,1789,True,0.07080165008151434,1.7727758941235365,0.35623077,64,False,False,False,False,False,False,False,False
ENSG00000225822,ENSG00000225822,UBXN7-AS1,848,True,0.033938039867558084,1.6937874343418897,0.35422957,64,False,False,False,False,False,False,False,False
ENSG00000163536,ENSG00000163536,SERPINI1,2369,True,0.09539340294081317,1.7735621114045208,0.3468754,64,False,False,False,False,False,False,False,False
ENSG00000270419,ENSG00000270419,CAHM,653,True,0.028347903223573053,1.771298929807846,0.342605,64,False,False,False,False,False,False,False,False
ENSG00000112144,ENSG00000112144,CILK1,2032,True,0.07938118285309619,1.7676921568258743,0.34148017,64,False,False,False,False,False,False,False,False
ENSG00000101343,ENSG00000101343,CRNKL1,3766,True,0.139781581110064,1.7688066231419013,0.34012422,64,False,False,False,False,False,False,False,False
ENSG00000178338,ENSG00000178338,ZNF354B,1433,True,0.05602274383705108,1.7416701530203773,0.33944768,64,False,False,False,False,False,False,False,False
ENSG00000166762,ENSG00000166762,CATSPER2,1125,True,0.04432567483208793,1.7390670056333422,0.33771774,64,False,False,False,False,False,False,False,False
ENSG00000155016,ENSG00000155016,CYP2U1,1514,True,0.0579079000398764,1.7653691919084893,0.33764333,64,False,False,False,False,False,False,False,False
ENSG00000164306,ENSG00000164306,PRIMPOL,1543,True,0.059916526547226893,1.7682777969279437,0.33503017,64,False,False,False,False,False,False,False,False
ENSG00000186814,ENSG00000186814,ZSCAN30,1395,True,0.05374781374940116,1.7669030327511124,0.331103,64,False,False,False,False,False,False,False,False
ENSG00000164880,ENSG00000164880,INTS1,1626,True,0.06275594247058014,1.7716177567530862,0.3298429,64,False,False,False,False,False,False,False,False
ENSG00000172465,ENSG00000172465,TCEAL1,2641,True,0.10564638167683214,1.770085791985727,0.32720947,64,False,False,False,False,False,False,False,False
ENSG00000012124,ENSG00000012124,CD22,33771,True,0.9981529314191397,1.8376899910706828,0.3244795,64,False,False,False,False,False,False,False,False
ENSG00000140030,ENSG00000140030,GPR65,10699,True,0.3893811130767128,1.7849186723619084,0.32443026,64,False,False,False,False,False,False,False,False
ENSG00000010818,ENSG00000010818,HIVEP2,1637,True,0.06100351619182256,1.7675657404679406,0.32192406,64,False,False,False,False,False,False,False,False
ENSG00000259494,ENSG00000259494,MRPL46,3128,True,0.12047516429815196,1.7654566444233017,0.32060224,64,False,False,False,False,False,False,False,False
ENSG00000065882,ENSG00000065882,TBC1D1,7235,True,0.2539075974115218,1.7688712048263227,0.31788757,64,False,False,False,False,False,False,False,False
ENSG00000181027,ENSG00000181027,FKRP,907,True,0.037226198653603444,1.7644673659884775,0.31788337,64,False,False,False,False,False,False,False,False
ENSG00000161551,ENSG00000161551,ZNF577,757,True,0.030403705270898893,1.7015557853405208,0.31418392,64,False,False,False,False,False,False,False,False
ENSG00000229852,ENSG00000229852,KHDC1-AS1,865,True,0.03532511201008799,1.73217837563053,0.31392816,64,False,False,False,False,False,False,False,False
ENSG00000182372,ENSG00000182372,CLN8,5779,True,0.21111670065838817,1.7602726536602646,0.31308308,64,False,False,False,False,False,False,False,False
ENSG00000123908,ENSG00000123908,AGO2,1373,True,0.053285318553389915,1.7621832852221149,0.31078795,64,False,False,False,False,False,False,False,False
ENSG00000163611,ENSG00000163611,SPICE1,1444,True,0.0581935856101753,1.7643422947581535,0.30894455,64,False,False,False,False,False,False,False,False
ENSG00000232412,ENSG00000232412,STAG2-AS1,1041,True,0.04546719162777368,1.7614793729219007,0.30788368,64,False,False,False,False,False,False,False,False
ENSG00000123810,ENSG00000123810,B9D2,2527,True,0.09999584799496372,1.7599280287726566,0.30731076,64,False,False,False,False,False,False,False,False
ENSG00000141252,ENSG00000141252,VPS53,4359,True,0.1564708491501135,1.7626908123670164,0.30610555,64,False,False,False,False,False,False,False,False
ENSG00000225889,ENSG00000225889,ENSG00000225889,3203,True,0.1161498182764595,1.7592034745988874,0.30524573,64,False,False,False,False,False,False,False,False
ENSG00000159086,ENSG00000159086,PAXBP1,3308,True,0.12098072093471259,1.759219621275605,0.30438548,64,False,False,False,False,False,False,False,False
ENSG00000075336,ENSG00000075336,TIMM21,1311,True,0.05066390492036852,1.7617894697761967,0.30269977,64,False,False,False,False,False,False,False,False
ENSG00000069974,ENSG00000069974,RAB27A,3564,True,0.13372229496811855,1.7585201000290844,0.2984038,64,False,False,False,False,False,False,False,False
ENSG00000173276,ENSG00000173276,ZBTB21,3484,True,0.13240473422795673,1.7590950008412614,0.29826215,64,False,False,False,False,False,False,False,False
ENSG00000136152,ENSG00000136152,COG3,3333,True,0.12665001638518228,1.7586027524502115,0.29686546,64,False,False,False,False,False,False,False,False
ENSG00000126775,ENSG00000126775,ATG14,3921,True,0.14609860660033594,1.7593808194156226,0.29663548,64,False,False,False,False,False,False,False,False
ENSG00000066455,ENSG00000066455,GOLGA5,2873,True,0.10676145504264946,1.7587264295284732,0.2958016,64,False,False,False,False,False,False,False,False
ENSG00000228126,ENSG00000228126,FALEC,623,True,0.02746772446259588,1.7625029989712688,0.2937421,64,False,False,False,False,False,False,False,False
ENSG00000152944,ENSG00000152944,MED21,3250,True,0.12796467904307007,1.7583004532357998,0.29258633,64,False,False,False,False,False,False,False,False
ENSG00000197372,ENSG00000197372,ZNF675,3391,True,0.12446598200869087,1.758166335358009,0.29207966,64,False,False,False,False,False,False,False,False
ENSG00000138641,ENSG00000138641,HERC3,3011,True,0.11330814093523323,1.7585488696292375,0.28928685,64,False,False,False,False,False,False,False,False
ENSG00000153317,ENSG00000153317,ASAP1,3751,True,0.142125589530792,1.7580160639948283,0.28757206,64,False,False,False,False,False,False,False,False
ENSG00000204599,ENSG00000204599,TRIM39,2330,True,0.09122360313452904,1.7264770518942425,0.28655183,64,False,False,False,False,False,False,False,False
ENSG00000132275,ENSG00000132275,RRP8,3332,True,0.1239726861102764,1.757384406409962,0.28611332,64,False,False,False,False,False,False,False,False
ENSG00000131778,ENSG00000131778,CHD1L,3851,True,0.14314289186572834,1.7583351372480158,0.28605315,64,False,False,False,False,False,False,False,False
ENSG00000135821,ENSG00000135821,GLUL,5426,True,0.19804162109213577,1.7587343267917332,0.28528392,64,False,False,False,False,False,False,False,False
ENSG00000070718,ENSG00000070718,AP3M2,2829,True,0.11239980974057061,1.7568239913535282,0.28349537,64,False,False,False,False,False,False,False,False
ENSG00000261455,ENSG00000261455,LINC01003,2319,True,0.09227334964850407,1.7586640269259923,0.28329945,64,False,False,False,False,False,False,False,False
ENSG00000119778,ENSG00000119778,ATAD2B,3928,True,0.1452897450278784,1.7557527226543335,0.28195503,64,False,False,False,False,False,False,False,False
ENSG00000149218,ENSG00000149218,ENDOD1,1995,True,0.07643737511247749,1.7587736813655033,0.2802436,64,False,False,False,False,False,False,False,False
ENSG00000241258,ENSG00000241258,CRCP,5729,True,0.2001325745210611,1.7553763972579484,0.27971864,64,False,False,False,False,False,False,False,False
ENSG00000168792,ENSG00000168792,ABHD15,1753,True,0.06642141494265644,1.7575359768416747,0.2790012,64,False,False,False,False,False,False,False,False
ENSG00000214900,ENSG00000214900,LINC01588,2969,True,0.11327521156666241,1.7532788509396509,0.27879357,64,False,False,False,False,False,False,False,False
ENSG00000068878,ENSG00000068878,PSME4,6965,True,0.24880507088972736,1.760110171222931,0.27826312,64,False,False,False,False,False,False,False,False
ENSG00000133740,ENSG00000133740,E2F5,4236,True,0.16364808484215185,1.755566212941102,0.27779007,64,False,False,False,False,False,False,False,False
ENSG00000198466,ENSG00000198466,ZNF587,1528,True,0.06016386738557201,1.7531188552944663,0.27653062,64,False,False,False,False,False,False,False,False
ENSG00000249437,ENSG00000249437,NAIP,2757,True,0.10166698450404735,1.753668840964207,0.2755581,64,False,False,False,False,False,False,False,False
ENSG00000170242,ENSG00000170242,USP47,6594,True,0.2352557318132913,1.7561354756554444,0.27539703,64,False,False,False,False,False,False,False,False
ENSG00000168556,ENSG00000168556,ING2,3301,True,0.12210863093799963,1.7518573058119855,0.27413648,64,False,False,False,False,False,False,False,False
ENSG00000138756,ENSG00000138756,BMP2K,5121,True,0.19085233057157358,1.755737747663715,0.27382508,64,False,False,False,False,False,False,False,False
ENSG00000127328,ENSG00000127328,RAB3IP,2436,True,0.09221507872374012,1.7533387438854902,0.27349633,64,False,False,False,False,False,False,False,False
ENSG00000088451,ENSG00000088451,TGDS,1423,True,0.05569022550517857,1.7521361597737515,0.27040473,64,False,False,False,False,False,False,False,False
ENSG00000139722,ENSG00000139722,VPS37B,8878,True,0.3149947012972815,1.7733087893699129,0.26895082,64,False,False,False,False,False,False,False,False
ENSG00000107951,ENSG00000107951,MTPAP,2894,True,0.11032598941293781,1.75289463002,0.26840785,64,False,False,False,False,False,False,False,False
ENSG00000108590,ENSG00000108590,MED31,3500,True,0.13543461297473955,1.7518323065618562,0.26799008,64,False,False,False,False,False,False,False,False
ENSG00000103249,ENSG00000103249,CLCN7,3205,True,0.11855450828424469,1.7533555045375626,0.2665005,64,False,False,False,False,False,False,False,False
ENSG00000257315,ENSG00000257315,ZBED6,3859,True,0.13599930371260732,1.7532924233112175,0.26573098,64,False,False,False,False,False,False,False,False
ENSG00000070759,ENSG00000070759,TESK2,2046,True,0.07651836376538607,1.754880705354732,0.2639648,64,False,False,False,False,False,False,False,False
ENSG00000197912,ENSG00000197912,SPG7,6394,True,0.2271596530697457,1.7571669739206386,0.26395938,64,False,False,False,False,False,False,False,False
ENSG00000133835,ENSG00000133835,HSD17B4,3686,True,0.13420414637954073,1.7526737423538628,0.26334643,64,False,False,False,False,False,False,False,False
ENSG00000120029,ENSG00000120029,ARMH3,3585,True,0.13964390437072705,1.7529459417516917,0.26246262,64,False,False,False,False,False,False,False,False
ENSG00000249709,ENSG00000249709,ZNF564,1149,True,0.04295123398246711,1.7535936133130783,0.26244104,64,False,False,False,False,False,False,False,False
ENSG00000176476,ENSG00000176476,SGF29,3926,True,0.1503239700373514,1.752227198482139,0.26117098,64,False,False,False,False,False,False,False,False
ENSG00000139154,ENSG00000139154,AEBP2,2461,True,0.09497452239773967,1.7524085381988195,0.26008022,64,False,False,False,False,False,False,False,False
ENSG00000141026,ENSG00000141026,MED9,2006,True,0.07433097042006157,1.7535539070035353,0.25917482,64,False,False,False,False,False,False,False,False
ENSG00000137145,ENSG00000137145,DENND4C,2436,True,0.0925872037570532,1.7505603123919293,0.25794077,64,False,False,False,False,False,False,False,False
ENSG00000256525,ENSG00000256525,POLG2,2252,True,0.08470869519516501,1.7518287712217975,0.25678435,64,False,False,False,False,False,False,False,False
ENSG00000143442,ENSG00000143442,POGZ,5118,True,0.18781596888955027,1.7511356738851276,0.2555937,64,False,False,False,False,False,False,False,False
ENSG00000165959,ENSG00000165959,CLMN,2153,True,0.07778252109765715,1.749200678700823,0.25531602,64,False,False,False,False,False,False,False,False
ENSG00000160551,ENSG00000160551,TAOK1,5452,True,0.1974705221915271,1.749355993338648,0.2551734,64,False,False,False,False,False,False,False,False
ENSG00000122741,ENSG00000122741,DCAF10,2913,True,0.1083639447516289,1.7507936777245552,0.25502524,64,False,False,False,False,False,False,False,False
ENSG00000077458,ENSG00000077458,FAM76B,5433,True,0.19673822255335552,1.754363613649378,0.25496024,64,False,False,False,False,False,False,False,False
ENSG00000230155,ENSG00000230155,CEP250-AS1,3051,True,0.11751876526927806,1.7496668076934265,0.25477487,64,False,False,False,False,False,False,False,False
ENSG00000131558,ENSG00000131558,EXOC4,5257,True,0.1929894643498931,1.7524872877949216,0.25408876,64,False,False,False,False,False,False,False,False
ENSG00000137509,ENSG00000137509,PRCP,6770,True,0.24414718043513056,1.7557711111586551,0.25395828,64,False,False,False,False,False,False,False,False
ENSG00000257923,ENSG00000257923,CUX1,5231,True,0.18410602168051557,1.7535469232857444,0.253921,64,False,False,False,False,False,False,False,False
ENSG00000169609,ENSG00000169609,C15orf40,7746,True,0.2836977367532835,1.753432880552795,0.252564,64,False,False,False,False,False,False,False,False
ENSG00000148634,ENSG00000148634,HERC4,6585,True,0.2346758383069434,1.7538779761473406,0.2503686,64,False,False,False,False,False,False,False,False
ENSG00000169084,ENSG00000169084,DHRSX,3495,True,0.130153677040348,1.7479797669362258,0.24652115,64,False,False,False,False,False,False,False,False
ENSG00000143390,ENSG00000143390,RFX5,5010,True,0.18400188355673255,1.7502920271496647,0.24597543,64,False,False,False,False,False,False,False,False
ENSG00000204439,ENSG00000204439,C6orf47,2239,True,0.08336795420229291,1.7476021403265305,0.24526532,64,False,False,False,False,False,False,False,False
ENSG00000174282,ENSG00000174282,ZBTB4,1737,True,0.06622048215281844,1.7484844440845684,0.24522918,64,False,False,False,False,False,False,False,False
ENSG00000102081,ENSG00000102081,FMR1,2615,True,0.1012885814312639,1.7497296398992352,0.2443829,64,False,False,False,False,False,False,False,False
ENSG00000181852,ENSG00000181852,RNF41,3774,True,0.13971067954082714,1.7482838325271182,0.24365166,64,False,False,False,False,False,False,False,False
ENSG00000009780,ENSG00000009780,FAM76A,3901,True,0.14994366425755368,1.7487638780526558,0.24340415,64,False,False,False,False,False,False,False,False
ENSG00000001631,ENSG00000001631,KRIT1,5340,True,0.19659174062639193,1.7494682618356132,0.24187994,64,False,False,False,False,False,False,False,False
ENSG00000105662,ENSG00000105662,CRTC1,1390,True,0.05364736730673207,1.718460789948837,0.24143434,64,False,False,False,False,False,False,False,False
ENSG00000100307,ENSG00000100307,CBX7,4457,True,0.15940876696356165,1.7495965038784682,0.24116656,64,False,False,False,False,False,False,False,False
ENSG00000162231,ENSG00000162231,NXF1,4929,True,0.1788255693015003,1.7483611049088486,0.24055393,64,False,False,False,False,False,False,False,False
ENSG00000171055,ENSG00000171055,FEZ2,3906,True,0.14674291565974953,1.7488834782452194,0.24021621,64,False,False,False,False,False,False,False,False
ENSG00000109220,ENSG00000109220,CHIC2,4646,True,0.17639291844516233,1.7455752825532498,0.2393583,64,False,False,False,False,False,False,False,False
ENSG00000132467,ENSG00000132467,UTP3,4645,True,0.16489600213367497,1.7459350644497702,0.2378975,64,False,False,False,False,False,False,False,False
ENSG00000179889,ENSG00000179889,PDXDC1,5463,True,0.19264970238668744,1.746040250026959,0.23647629,64,False,False,False,False,False,False,False,False
ENSG00000104365,ENSG00000104365,IKBKB,4612,True,0.16497785519186642,1.7449795039002576,0.23591864,64,False,False,False,False,False,False,False,False
ENSG00000100280,ENSG00000100280,AP1B1,5801,True,0.20674852409144065,1.751692356752816,0.23363909,64,False,False,False,False,False,False,False,False
ENSG00000062650,ENSG00000062650,WAPL,8437,True,0.29000904918851184,1.7604351556637163,0.23363031,64,False,False,False,False,False,False,False,False
ENSG00000011275,ENSG00000011275,RNF216,6322,True,0.22437498944555356,1.7488179618675772,0.23305012,64,False,False,False,False,False,False,False,False
ENSG00000079785,ENSG00000079785,DDX1,7195,True,0.2677411844649241,1.751501028893902,0.23290965,64,False,False,False,False,False,False,False,False
ENSG00000182247,ENSG00000182247,UBE2E2,9111,True,0.3360372031313855,1.7678064005999459,0.23237452,64,False,False,False,False,False,False,False,False
ENSG00000138767,ENSG00000138767,CNOT6L,8043,True,0.2886353495765612,1.7546230286493247,0.23209715,64,False,False,False,False,False,False,False,False
ENSG00000109606,ENSG00000109606,DHX15,5327,True,0.19147568770204712,1.7450285330859219,0.23140164,64,False,False,False,False,False,False,False,False
ENSG00000135686,ENSG00000135686,KLHL36,5315,True,0.1904073619052293,1.7471131060271659,0.2309357,64,False,False,False,False,False,False,False,False
ENSG00000167193,ENSG00000167193,CRK,2519,True,0.09217496952810315,1.7444097455246903,0.23015787,64,False,False,False,False,False,False,False,False
ENSG00000113810,ENSG00000113810,SMC4,6931,True,0.2446777375750497,1.7425921421008779,0.2276797,64,False,False,False,False,False,False,False,False
ENSG00000162869,ENSG00000162869,PPP1R21,3834,True,0.1425994846866481,1.742299146271697,0.22509933,64,False,False,False,False,False,False,False,False
ENSG00000047188,ENSG00000047188,YTHDC2,5477,True,0.19309728503747445,1.749256452217319,0.22473346,64,False,False,False,False,False,False,False,False
ENSG00000137845,ENSG00000137845,ADAM10,4934,True,0.17668473915609753,1.7433045070381523,0.2229125,64,False,False,False,False,False,False,False,False
ENSG00000114933,ENSG00000114933,INO80D,6472,True,0.22716999899584656,1.7502781644917498,0.22147356,64,False,False,False,False,False,False,False,False
ENSG00000107341,ENSG00000107341,UBE2R2,5766,True,0.20611643272201646,1.74409198629875,0.22068763,64,False,False,False,False,False,False,False,False
ENSG00000146909,ENSG00000146909,NOM1,4610,True,0.16531669060064472,1.7417527847653076,0.2175643,64,False,False,False,False,False,False,False,False
ENSG00000071054,ENSG00000071054,MAP4K4,6735,True,0.24200483642704443,1.7531932478481727,0.21576872,64,False,False,False,False,False,False,False,False
ENSG00000132286,ENSG00000132286,TIMM10B,3711,True,0.13962698282129984,1.7402683474373484,0.21451747,64,False,False,False,False,False,False,False,False
ENSG00000154511,ENSG00000154511,DIPK1A,2235,True,0.08363648356822163,1.7364826790895007,0.2122732,64,False,False,False,False,False,False,False,False
ENSG00000089818,ENSG00000089818,NECAP1,4994,True,0.18081705806935544,1.7420722840987404,0.2115126,64,False,False,False,False,False,False,False,False
ENSG00000166685,ENSG00000166685,COG1,1972,True,0.07327691243417553,1.7356790863164635,0.21049075,64,False,False,False,False,False,False,False,False
ENSG00000075539,ENSG00000075539,FRYL,7683,True,0.2739896125913794,1.7565669202314815,0.210151,64,False,False,False,False,False,False,False,False
ENSG00000180182,ENSG00000180182,MED14,2300,True,0.08372986357781252,1.7379304111018465,0.2081386,64,False,False,False,False,False,False,False,False
ENSG00000088833,ENSG00000088833,NSFL1C,7642,True,0.26769132728717016,1.7420918846716276,0.20684111,64,False,False,False,False,False,False,False,False
ENSG00000132522,ENSG00000132522,GPS2,6236,True,0.23347961891182864,1.7378073980748487,0.20379823,64,False,False,False,False,False,False,False,False
ENSG00000105136,ENSG00000105136,ZNF419,762,True,0.03079448701048138,1.7383518094696653,0.20276351,64,False,False,False,False,False,False,False,False
ENSG00000010270,ENSG00000010270,STARD3NL,4786,True,0.1801237261841506,1.7377615027698063,0.2001436,64,False,False,False,False,False,False,False,False
ENSG00000140396,ENSG00000140396,NCOA2,3945,True,0.1434561005292058,1.7353176282007332,0.19900027,64,False,False,False,False,False,False,False,False
ENSG00000112146,ENSG00000112146,FBXO9,7347,True,0.2591407634104899,1.7479085796218472,0.19889468,64,False,False,False,False,False,False,False,False
ENSG00000164896,ENSG00000164896,FASTK,6804,True,0.24425819648265137,1.7379137755615626,0.19685058,64,False,False,False,False,False,False,False,False
ENSG00000122692,ENSG00000122692,SMU1,6772,True,0.2403223832861592,1.7397929879254983,0.19518957,64,False,False,False,False,False,False,False,False
ENSG00000164134,ENSG00000164134,NAA15,7901,True,0.2766031575817856,1.7525772847302539,0.19440556,64,False,False,False,False,False,False,False,False
ENSG00000179526,ENSG00000179526,SHARPIN,6571,True,0.23361523977657353,1.7304826634109418,0.16104785,64,False,False,False,False,False,False,False,False
ENSG00000259001,ENSG00000259001,ENSG00000259001,992,True,0.045076331287172214,1.8305233526820361,0.61246294,63,False,False,False,False,False,False,False,False
ENSG00000173486,ENSG00000173486,FKBP2,10335,True,0.37451580354310426,1.8041905114261716,0.5481417,63,False,False,False,False,False,False,False,False
ENSG00000110092,ENSG00000110092,CCND1,1081,True,0.04181471251113114,1.7652094438689774,0.5365373,63,False,False,False,False,False,False,False,False
ENSG00000122862,ENSG00000122862,SRGN,26177,True,0.8305845805544478,1.8498213174035463,0.5302832,63,False,False,False,False,False,False,False,False
ENSG00000171634,ENSG00000171634,BPTF,18190,True,0.5925214795274253,1.8130551723541066,0.52410185,63,False,False,False,False,False,False,False,False
ENSG00000163563,ENSG00000163563,MNDA,11056,True,0.40346491910476073,1.799570398357398,0.4900738,63,False,False,False,False,False,False,False,False
ENSG00000035720,ENSG00000035720,STAP1,11683,True,0.4237077159580986,1.7950067067475857,0.4458401,63,False,False,False,False,False,False,False,False
ENSG00000197497,ENSG00000197497,ZNF665,814,True,0.03486704470636924,1.7819267267753838,0.43250862,63,False,False,False,False,False,False,False,False
ENSG00000030419,ENSG00000030419,IKZF2,740,True,0.03131074644029587,1.7890512240321628,0.42860594,63,False,False,False,False,False,False,False,False
ENSG00000175895,ENSG00000175895,PLEKHF2,16554,True,0.5622958902533118,1.801126650833221,0.42522433,63,False,False,False,False,False,False,False,False
ENSG00000163644,ENSG00000163644,PPM1K,26836,True,0.8374390075392298,1.8313991225777861,0.41995937,63,False,False,False,False,False,False,False,False
ENSG00000110042,ENSG00000110042,DTX4,866,True,0.03417209843735948,1.7067626595687633,0.41421425,63,False,False,False,False,False,False,False,False
ENSG00000124767,ENSG00000124767,GLO1,14942,True,0.505947982106253,1.7935405017283763,0.40526146,63,False,False,False,False,False,False,False,False
ENSG00000235560,ENSG00000235560,ZNF747-DT,1241,True,0.052287116611750645,1.7791470462501429,0.39422578,63,False,False,False,False,False,False,False,False
ENSG00000152818,ENSG00000152818,UTRN,17056,True,0.5567739738038996,1.800335656687521,0.39186558,63,False,False,False,False,False,False,False,False
ENSG00000176293,ENSG00000176293,ZNF135,523,True,0.02259586991385637,1.783672929614365,0.39183864,63,False,False,False,False,False,False,False,False
ENSG00000135241,ENSG00000135241,PNPLA8,11550,True,0.40201126354408934,1.7878087915309395,0.37720555,63,False,False,False,False,False,False,False,False
ENSG00000168036,ENSG00000168036,CTNNB1,9110,True,0.346566426747669,1.7835129220169437,0.37642413,63,False,False,False,False,False,False,False,False
ENSG00000272523,ENSG00000272523,LINC01023,997,True,0.04231938833018446,1.774696249021529,0.37190366,63,False,False,False,False,False,False,False,False
ENSG00000204620,ENSG00000204620,ENSG00000204620,627,True,0.027147047862267692,1.7557765470452393,0.3699409,63,False,False,False,False,False,False,False,False
ENSG00000008441,ENSG00000008441,NFIX,687,True,0.02993200918870693,1.7534562672122769,0.36889905,63,False,False,False,False,False,False,False,False
ENSG00000113742,ENSG00000113742,CPEB4,4368,True,0.16107720544107884,1.7728588520546402,0.3678875,63,False,False,False,False,False,False,False,False
ENSG00000227388,ENSG00000227388,ENSG00000227388,414,True,0.018380929814664968,1.7480651452818676,0.36521,63,False,False,False,False,False,False,False,False
ENSG00000168803,ENSG00000168803,MAPDA,1891,True,0.07466260473463072,1.7695011218249581,0.36468333,63,False,False,False,False,False,False,False,False
ENSG00000070081,ENSG00000070081,NUCB2,3577,True,0.13424973820381012,1.7708010630837387,0.36295933,63,False,False,False,False,False,False,False,False
ENSG00000169429,ENSG00000169429,CXCL8,3906,True,0.14374773972462485,1.770497225553446,0.35724506,63,False,False,False,False,False,False,False,False
ENSG00000152689,ENSG00000152689,RASGRP3,12038,True,0.42001872444078997,1.784500474772173,0.3547103,63,False,False,False,False,False,False,False,False
ENSG00000185869,ENSG00000185869,ZNF829,1030,True,0.04203180410189017,1.7721516919993308,0.34604245,63,False,False,False,False,False,False,False,False
ENSG00000166326,ENSG00000166326,TRIM44,10661,True,0.3719095053767738,1.7827847463279531,0.3439314,63,False,False,False,False,False,False,False,False
ENSG00000176401,ENSG00000176401,EID2B,1701,True,0.06761264132263996,1.7697352199174903,0.341942,63,False,False,False,False,False,False,False,False
ENSG00000224165,ENSG00000224165,DNAJC27-AS1,558,True,0.024772575785379617,1.7403710840234508,0.34191817,63,False,False,False,False,False,False,False,False
ENSG00000113522,ENSG00000113522,RAD50,8257,True,0.2864385278215616,1.766076235429488,0.3402042,63,False,False,False,False,False,False,False,False
ENSG00000254802,ENSG00000254802,ENSG00000254802,2075,True,0.08385856966828913,1.7719706310097678,0.33858606,63,False,False,False,False,False,False,False,False
ENSG00000262202,ENSG00000262202,ENSG00000262202,1378,True,0.057004121789652994,1.7630617765469216,0.3372073,63,False,False,False,False,False,False,False,False
ENSG00000143498,ENSG00000143498,TAF1A,1126,True,0.047833795590762083,1.767433736693709,0.33593076,63,False,False,False,False,False,False,False,False
ENSG00000171105,ENSG00000171105,INSR,942,True,0.04101766482943659,1.7713769161006987,0.3307493,63,False,False,False,False,False,False,False,False
ENSG00000168256,ENSG00000168256,NKIRAS2,2447,True,0.09154826983013634,1.7653670520436469,0.33054063,63,False,False,False,False,False,False,False,False
ENSG00000145332,ENSG00000145332,KLHL8,2145,True,0.08360569834676235,1.7658808795259324,0.32793418,63,False,False,False,False,False,False,False,False
ENSG00000145723,ENSG00000145723,GIN1,1173,True,0.048187752565763346,1.7429479336398417,0.32512537,63,False,False,False,False,False,False,False,False
ENSG00000181007,ENSG00000181007,ZFP82,1349,True,0.05330989203087199,1.766233737107562,0.3247996,63,False,False,False,False,False,False,False,False
ENSG00000140931,ENSG00000140931,CMTM3,2449,True,0.0901178260608697,1.7655299872981614,0.32393357,63,False,False,False,False,False,False,False,False
ENSG00000164300,ENSG00000164300,SERINC5,1452,True,0.05375369708707203,1.7621901509922595,0.31797025,63,False,False,False,False,False,False,False,False
ENSG00000105750,ENSG00000105750,ZNF85,1645,True,0.06028361278350958,1.7334730309945778,0.3153374,63,False,False,False,False,False,False,False,False
ENSG00000213380,ENSG00000213380,COG8,1429,True,0.05313372598491936,1.7667892346916219,0.30958334,63,False,False,False,False,False,False,False,False
ENSG00000172243,ENSG00000172243,CLEC7A,2877,True,0.10492408890635173,1.764660831329068,0.3082261,63,False,False,False,False,False,False,False,False
ENSG00000174227,ENSG00000174227,PIGG,2532,True,0.09583987873480547,1.7639119033496018,0.30638057,63,False,False,False,False,False,False,False,False
ENSG00000203666,ENSG00000203666,EFCAB2,2018,True,0.07905718439564767,1.7585508764295368,0.30628452,63,False,False,False,False,False,False,False,False
ENSG00000146215,ENSG00000146215,CRIP3,601,True,0.025698597585471092,1.6801352699449572,0.30537054,63,False,False,False,False,False,False,False,False
ENSG00000228784,ENSG00000228784,LINC00954,1530,True,0.060124821415984235,1.763637215039518,0.30490628,63,False,False,False,False,False,False,False,False
ENSG00000105865,ENSG00000105865,DUS4L,1679,True,0.06468243995693203,1.7627545074633035,0.30310842,63,False,False,False,False,False,False,False,False
ENSG00000166262,ENSG00000166262,FAM227B,1205,True,0.048055305259839816,1.7634660228781855,0.30103633,63,False,False,False,False,False,False,False,False
ENSG00000251369,ENSG00000251369,ZNF550,1209,True,0.047467333181994836,1.7613175735682078,0.2977807,63,False,False,False,False,False,False,False,False
ENSG00000158987,ENSG00000158987,RAPGEF6,2960,True,0.11279796663604351,1.7612245228109358,0.2975326,63,False,False,False,False,False,False,False,False
ENSG00000138658,ENSG00000138658,ZGRF1,799,True,0.030793314791843752,1.6951035651229125,0.29721284,63,False,False,False,False,False,False,False,False
ENSG00000089876,ENSG00000089876,DHX32,971,True,0.038114163116969135,1.729056008129467,0.29674906,63,False,False,False,False,False,False,False,False
ENSG00000138193,ENSG00000138193,PLCE1,2345,True,0.09074284672590625,1.761332157191516,0.2962007,63,False,False,False,False,False,False,False,False
ENSG00000130749,ENSG00000130749,ZC3H4,2531,True,0.10275370738293409,1.7584365137190157,0.29405355,63,False,False,False,False,False,False,False,False
ENSG00000061936,ENSG00000061936,SFSWAP,9438,True,0.325335552525127,1.7718600997223297,0.2939806,63,False,False,False,False,False,False,False,False
ENSG00000117360,ENSG00000117360,PRPF3,3492,True,0.13037840945964893,1.758424342049296,0.29387715,63,False,False,False,False,False,False,False,False
ENSG00000147121,ENSG00000147121,KRBOX4,2217,True,0.08792261623890785,1.7582010663720509,0.29383853,63,False,False,False,False,False,False,False,False
ENSG00000148690,ENSG00000148690,FRA10AC1,5620,True,0.20961640447646704,1.7587932028860875,0.2934625,63,False,False,False,False,False,False,False,False
ENSG00000100321,ENSG00000100321,SYNGR1,1628,True,0.066080847431945,1.7579306659238403,0.2928986,63,False,False,False,False,False,False,False,False
ENSG00000106993,ENSG00000106993,CDC37L1,2444,True,0.09357708329138491,1.7604042293589202,0.2926168,63,False,False,False,False,False,False,False,False
ENSG00000166912,ENSG00000166912,MTMR10,1776,True,0.06892888022085043,1.7599577121804044,0.29150885,63,False,False,False,False,False,False,False,False
ENSG00000095066,ENSG00000095066,HOOK2,3068,True,0.11553008682968692,1.7594696759452333,0.29086575,63,False,False,False,False,False,False,False,False
ENSG00000120334,ENSG00000120334,CENPL,1228,True,0.04766783459605604,1.7175630088199692,0.2895461,63,False,False,False,False,False,False,False,False
ENSG00000089775,ENSG00000089775,ZBTB25,3917,True,0.1463645248058741,1.758958000438543,0.28949687,63,False,False,False,False,False,False,False,False
ENSG00000113194,ENSG00000113194,FAF2,3154,True,0.11713236587239427,1.7578824327983236,0.2894341,63,False,False,False,False,False,False,False,False
ENSG00000096717,ENSG00000096717,SIRT1,2500,True,0.09129740265505354,1.7593430524871279,0.28934458,63,False,False,False,False,False,False,False,False
ENSG00000145743,ENSG00000145743,FBXL17,1835,True,0.07263824843637502,1.7573591562407578,0.288932,63,False,False,False,False,False,False,False,False
ENSG00000184988,ENSG00000184988,TMEM106A,2336,True,0.09007564400757667,1.758425655067248,0.28811768,63,False,False,False,False,False,False,False,False
ENSG00000136169,ENSG00000136169,SETDB2,4082,True,0.1507695324588899,1.7553088432375787,0.2856437,63,False,False,False,False,False,False,False,False
ENSG00000188171,ENSG00000188171,ZNF626,2628,True,0.10314333655827226,1.754715635216909,0.28440452,63,False,False,False,False,False,False,False,False
ENSG00000131188,ENSG00000131188,PRR7,6562,True,0.24073146813836963,1.7586072311913667,0.283375,63,False,False,False,False,False,False,False,False
ENSG00000102606,ENSG00000102606,ARHGEF7,2681,True,0.09901700975895963,1.761112231613911,0.28304535,63,False,False,False,False,False,False,False,False
ENSG00000085063,ENSG00000085063,CD59,3624,True,0.136487719170771,1.74983963088358,0.28262955,63,False,False,False,False,False,False,False,False
ENSG00000260018,ENSG00000260018,MBTPS1-DT,872,True,0.035975154961665215,1.7570491511417463,0.28075475,63,False,False,False,False,False,False,False,False
ENSG00000204681,ENSG00000204681,GABBR1,2588,True,0.10194755077208204,1.7586139496561708,0.2806958,63,False,False,False,False,False,False,False,False
ENSG00000160208,ENSG00000160208,RRP1B,4347,True,0.1547144674848684,1.7583011829730468,0.28048214,63,False,False,False,False,False,False,False,False
ENSG00000175073,ENSG00000175073,VCPIP1,3703,True,0.1361012917044209,1.7559765007245765,0.27989694,63,False,False,False,False,False,False,False,False
ENSG00000198205,ENSG00000198205,ZXDA,1093,True,0.044573671085833794,1.7538871991384228,0.27669573,63,False,False,False,False,False,False,False,False
ENSG00000168685,ENSG00000168685,IL7R,6405,True,0.2151911250553321,1.7690991850849658,0.27567595,63,False,False,False,False,False,False,False,False
ENSG00000019995,ENSG00000019995,ZRANB1,2670,True,0.09848442485073615,1.752813421783702,0.27359867,63,False,False,False,False,False,False,False,False
ENSG00000014824,ENSG00000014824,SLC30A9,3225,True,0.1179050406033073,1.7554805282341202,0.2734625,63,False,False,False,False,False,False,False,False
ENSG00000114126,ENSG00000114126,TFDP2,5070,True,0.18411378407645868,1.7532339477842287,0.27324268,63,False,False,False,False,False,False,False,False
ENSG00000170802,ENSG00000170802,FOXN2,4069,True,0.14936716644582385,1.7538449047844538,0.27320534,63,False,False,False,False,False,False,False,False
ENSG00000110318,ENSG00000110318,CEP126,1372,True,0.05577186375142058,1.7536277930257287,0.27192795,63,False,False,False,False,False,False,False,False
ENSG00000138413,ENSG00000138413,IDH1,1728,True,0.06838030863061084,1.7529797832516805,0.27119023,63,False,False,False,False,False,False,False,False
ENSG00000185946,ENSG00000185946,RNPC3,6304,True,0.22551800592392582,1.766631207807141,0.27118525,63,False,False,False,False,False,False,False,False
ENSG00000062725,ENSG00000062725,APPBP2,2944,True,0.10946180897637693,1.7534752605966153,0.26617125,63,False,False,False,False,False,False,False,False
ENSG00000168234,ENSG00000168234,TTC39C,6280,True,0.22435930792687223,1.752841868842016,0.26418072,63,False,False,False,False,False,False,False,False
ENSG00000148339,ENSG00000148339,SLC25A25,1093,True,0.041861873420774506,1.6976154918646267,0.2638008,63,False,False,False,False,False,False,False,False
ENSG00000189190,ENSG00000189190,ZNF600,2176,True,0.08369238869090062,1.720884762815602,0.26321578,63,False,False,False,False,False,False,False,False
ENSG00000139505,ENSG00000139505,MTMR6,3412,True,0.12730350812158708,1.7519366235110632,0.26314822,63,False,False,False,False,False,False,False,False
ENSG00000042088,ENSG00000042088,TDP1,2253,True,0.0845276965216098,1.7516706795667956,0.26307815,63,False,False,False,False,False,False,False,False
ENSG00000153015,ENSG00000153015,CWC27,6742,True,0.2428752613760505,1.756614607997176,0.26194203,63,False,False,False,False,False,False,False,False
ENSG00000172322,ENSG00000172322,CLEC12A,1388,True,0.058606715958477114,1.7538532742591892,0.26116106,63,False,False,False,False,False,False,False,False
ENSG00000162601,ENSG00000162601,MYSM1,5360,True,0.1910885326640865,1.7516225469645421,0.2610468,63,False,False,False,False,False,False,False,False
ENSG00000147853,ENSG00000147853,AK3,3837,True,0.14103220008446524,1.7514507355978588,0.26098922,63,False,False,False,False,False,False,False,False
ENSG00000136770,ENSG00000136770,DNAJC1,5046,True,0.1847254292944142,1.7475648101063699,0.26083463,63,False,False,False,False,False,False,False,False
ENSG00000100359,ENSG00000100359,SGSM3,7151,True,0.2591122148450341,1.7600496926259195,0.2605505,63,False,False,False,False,False,False,False,False
ENSG00000140006,ENSG00000140006,WDR89,1843,True,0.07347264399956674,1.752811480671229,0.26047173,63,False,False,False,False,False,False,False,False
ENSG00000069943,ENSG00000069943,PIGB,2273,True,0.087944307807953,1.7525875749731035,0.25997344,63,False,False,False,False,False,False,False,False
ENSG00000129315,ENSG00000129315,CCNT1,4211,True,0.160363550971564,1.7522064697461375,0.25891024,63,False,False,False,False,False,False,False,False
ENSG00000107614,ENSG00000107614,TRDMT1,1233,True,0.04771913993809498,1.7487327075160999,0.258566,63,False,False,False,False,False,False,False,False
ENSG00000183530,ENSG00000183530,PRR14L,3645,True,0.1319185826289078,1.7506798259090026,0.2565924,63,False,False,False,False,False,False,False,False
ENSG00000100416,ENSG00000100416,TRMU,2440,True,0.09273732845971665,1.755070402204858,0.25642845,63,False,False,False,False,False,False,False,False
ENSG00000113649,ENSG00000113649,TCERG1,7802,True,0.2690823442965218,1.7591454517830185,0.25640067,63,False,False,False,False,False,False,False,False
ENSG00000173928,ENSG00000173928,SWSAP1,3054,True,0.12241861354013293,1.7517955268245258,0.25633627,63,False,False,False,False,False,False,False,False
ENSG00000143771,ENSG00000143771,CNIH4,4438,True,0.17633430749035067,1.7505331429222495,0.25577354,63,False,False,False,False,False,False,False,False
ENSG00000134602,ENSG00000134602,STK26,4697,True,0.1735570315879701,1.7508774635569218,0.25514036,63,False,False,False,False,False,False,False,False
ENSG00000172262,ENSG00000172262,ZNF131,9204,True,0.3216959774759122,1.770182345900934,0.254597,63,False,False,False,False,False,False,False,False
ENSG00000107742,ENSG00000107742,SPOCK2,6527,True,0.2297316705457995,1.7547788624469893,0.25412384,63,False,False,False,False,False,False,False,False
ENSG00000234444,ENSG00000234444,ZNF736,2176,True,0.08447458075655138,1.7487792432849956,0.2535986,63,False,False,False,False,False,False,False,False
ENSG00000196456,ENSG00000196456,ZNF775,6294,True,0.2296732490847332,1.7505328246683916,0.25300166,63,False,False,False,False,False,False,False,False
ENSG00000138439,ENSG00000138439,FAM117B,3439,True,0.12685166673827508,1.7494824344863675,0.2518557,63,False,False,False,False,False,False,False,False
ENSG00000120942,ENSG00000120942,UBIAD1,2751,True,0.10249463963114581,1.7491859776393222,0.2514178,63,False,False,False,False,False,False,False,False
ENSG00000155729,ENSG00000155729,KCTD18,2364,True,0.09176434715605591,1.752651422315414,0.25119627,63,False,False,False,False,False,False,False,False
ENSG00000099992,ENSG00000099992,TBC1D10A,3182,True,0.11713661113953426,1.751102200199997,0.2511561,63,False,False,False,False,False,False,False,False
ENSG00000172116,ENSG00000172116,CD8B,2258,True,0.08212625257002958,1.7481464122046995,0.2510792,63,False,False,False,False,False,False,False,False
ENSG00000156802,ENSG00000156802,ATAD2,3192,True,0.12167691302778617,1.7483017382940387,0.25055102,63,False,False,False,False,False,False,False,False
ENSG00000239382,ENSG00000239382,ALKBH6,2642,True,0.10174003099691555,1.7521850709503901,0.24977338,63,False,False,False,False,False,False,False,False
ENSG00000090905,ENSG00000090905,TNRC6A,7336,True,0.2660593847233991,1.768611075132152,0.2491986,63,False,False,False,False,False,False,False,False
ENSG00000196821,ENSG00000196821,ILRUN,4142,True,0.14488184937810708,1.7509148812056756,0.24872303,63,False,False,False,False,False,False,False,False
ENSG00000156170,ENSG00000156170,NDUFAF6,3728,True,0.14076345036755455,1.7471383103993607,0.24839649,63,False,False,False,False,False,False,False,False
ENSG00000178163,ENSG00000178163,ZNF518B,2558,True,0.0962584295613576,1.7476019075957274,0.24731497,63,False,False,False,False,False,False,False,False
ENSG00000011638,ENSG00000011638,LDAF1,2459,True,0.09095153123967802,1.7521127612320884,0.24695645,63,False,False,False,False,False,False,False,False
ENSG00000171262,ENSG00000171262,FAM98B,4115,True,0.14998913570601802,1.7504284675691222,0.24650307,63,False,False,False,False,False,False,False,False
ENSG00000115947,ENSG00000115947,ORC4,4855,True,0.18229355004800887,1.7504620579679824,0.24596961,63,False,False,False,False,False,False,False,False
ENSG00000011258,ENSG00000011258,MBTD1,2707,True,0.10324909255215585,1.7499037991924107,0.24595542,63,False,False,False,False,False,False,False,False
ENSG00000139631,ENSG00000139631,CSAD,2658,True,0.1000856529694195,1.7474891507424808,0.24540152,63,False,False,False,False,False,False,False,False
ENSG00000238083,ENSG00000238083,LRRC37A2,1575,True,0.05901646947958026,1.7518734879898774,0.24478374,63,False,False,False,False,False,False,False,False
ENSG00000138750,ENSG00000138750,NUP54,4076,True,0.14776468077223168,1.7482970608524382,0.24451625,63,False,False,False,False,False,False,False,False
ENSG00000138802,ENSG00000138802,SEC24B,1861,True,0.07070408258727823,1.7494094455180402,0.2439431,63,False,False,False,False,False,False,False,False
ENSG00000145996,ENSG00000145996,CDKAL1,2852,True,0.10669205560041929,1.7494247840400667,0.24384314,63,False,False,False,False,False,False,False,False
ENSG00000198589,ENSG00000198589,LRBA,5189,True,0.18341818975305973,1.7472105793416794,0.24204896,63,False,False,False,False,False,False,False,False
ENSG00000163811,ENSG00000163811,WDR43,9408,True,0.3303285900063034,1.7621850254305185,0.24120617,63,False,False,False,False,False,False,False,False
ENSG00000111215,ENSG00000111215,PRR4,6176,True,0.22128429686201298,1.7503203745288667,0.24041957,63,False,False,False,False,False,False,False,False
ENSG00000197323,ENSG00000197323,TRIM33,7023,True,0.25676281717049865,1.7597854578303873,0.24040674,63,False,False,False,False,False,False,False,False
ENSG00000048028,ENSG00000048028,USP28,4691,True,0.16909826313677784,1.7476155181163044,0.23923248,63,False,False,False,False,False,False,False,False
ENSG00000273472,ENSG00000273472,ENSG00000273472,3032,True,0.11570819143842437,1.7470101491123367,0.23808166,63,False,False,False,False,False,False,False,False
ENSG00000125868,ENSG00000125868,DSTN,7811,True,0.28010541992426086,1.7542655466283925,0.23747602,63,False,False,False,False,False,False,False,False
ENSG00000182307,ENSG00000182307,C8orf33,8059,True,0.2994337171914774,1.7594879603106293,0.23724979,63,False,False,False,False,False,False,False,False
ENSG00000111670,ENSG00000111670,GNPTAB,5975,True,0.212411524254576,1.7517585550351884,0.23234265,63,False,False,False,False,False,False,False,False
ENSG00000106415,ENSG00000106415,GLCCI1,2682,True,0.1010233801369934,1.7423175390630232,0.2311169,63,False,False,False,False,False,False,False,False
ENSG00000230590,ENSG00000230590,FTX,2508,True,0.08890131749722324,1.7471166735755417,0.22989264,63,False,False,False,False,False,False,False,False
ENSG00000107771,ENSG00000107771,CCSER2,5586,True,0.19829001815730177,1.7437660722536499,0.22967376,63,False,False,False,False,False,False,False,False
ENSG00000260621,ENSG00000260621,ENSG00000260621,4439,True,0.1690382147518949,1.7492182629490123,0.2296571,63,False,False,False,False,False,False,False,False
ENSG00000167543,ENSG00000167543,TP53I13,4117,True,0.1547067943066184,1.744066896599117,0.2288423,63,False,False,False,False,False,False,False,False
ENSG00000179833,ENSG00000179833,SERTAD2,5339,True,0.20113295817174873,1.744433492320826,0.22746578,63,False,False,False,False,False,False,False,False
ENSG00000173273,ENSG00000173273,TNKS,2679,True,0.09752483979773464,1.747233846774044,0.22691241,63,False,False,False,False,False,False,False,False
ENSG00000108840,ENSG00000108840,HDAC5,4679,True,0.17030342322895753,1.7461301975279953,0.22680815,63,False,False,False,False,False,False,False,False
ENSG00000168591,ENSG00000168591,TMUB2,6725,True,0.24128835902912826,1.7483707678553737,0.222737,63,False,False,False,False,False,False,False,False
ENSG00000109083,ENSG00000109083,IFT20,8285,True,0.2964845843770419,1.7520092013622746,0.22200598,63,False,False,False,False,False,False,False,False
ENSG00000183513,ENSG00000183513,COA5,4867,True,0.17864771771497026,1.7421881822334613,0.22176115,63,False,False,False,False,False,False,False,False
ENSG00000213563,ENSG00000213563,C8orf82,3846,True,0.14575368117749493,1.7412107343125713,0.22119568,63,False,False,False,False,False,False,False,False
ENSG00000028528,ENSG00000028528,SNX1,5500,True,0.19573183366331934,1.7441696392853023,0.22117382,63,False,False,False,False,False,False,False,False
ENSG00000268205,ENSG00000268205,ENSG00000268205,2233,True,0.08292254112961878,1.7384715656460563,0.22094223,63,False,False,False,False,False,False,False,False
ENSG00000116266,ENSG00000116266,STXBP3,6860,True,0.24723370107786719,1.7519924193447247,0.22061563,63,False,False,False,False,False,False,False,False
ENSG00000136504,ENSG00000136504,KAT7,4101,True,0.15124571801454806,1.7415089404367756,0.22026818,63,False,False,False,False,False,False,False,False
ENSG00000134109,ENSG00000134109,EDEM1,4233,True,0.15347042645107306,1.741630567398233,0.21916789,63,False,False,False,False,False,False,False,False
ENSG00000004897,ENSG00000004897,CDC27,4291,True,0.15086942071838721,1.7409442969458626,0.21890005,63,False,False,False,False,False,False,False,False
ENSG00000153790,ENSG00000153790,SPMIP4,1430,True,0.055211916136482485,1.7434777348413064,0.21880148,63,False,False,False,False,False,False,False,False
ENSG00000241370,ENSG00000241370,RPP21,3416,True,0.13629210360984867,1.742730329214813,0.21810086,63,False,False,False,False,False,False,False,False
ENSG00000124784,ENSG00000124784,RIOK1,3117,True,0.11349309191555307,1.7405330869694764,0.21763194,63,False,False,False,False,False,False,False,False
ENSG00000185947,ENSG00000185947,ZNF267,4502,True,0.16387339367764112,1.7401724594809982,0.21651973,63,False,False,False,False,False,False,False,False
ENSG00000107949,ENSG00000107949,BCCIP,6782,True,0.23882793809790123,1.7388839183642888,0.21644573,63,False,False,False,False,False,False,False,False
ENSG00000114120,ENSG00000114120,SLC25A36,7982,True,0.28127003822136354,1.753715971126618,0.21550274,63,False,False,False,False,False,False,False,False
ENSG00000198231,ENSG00000198231,DDX42,5272,True,0.18667910256578182,1.7421382630891968,0.21176305,63,False,False,False,False,False,False,False,False
ENSG00000100852,ENSG00000100852,ARHGAP5,7969,True,0.2785777941945829,1.7609600505612752,0.21070834,63,False,False,False,False,False,False,False,False
ENSG00000160305,ENSG00000160305,DIP2A,3469,True,0.12746446666103903,1.7388719716134426,0.20753178,63,False,False,False,False,False,False,False,False
ENSG00000012983,ENSG00000012983,MAP4K5,4293,True,0.1573813220233089,1.7388352099577105,0.20651652,63,False,False,False,False,False,False,False,False
ENSG00000118246,ENSG00000118246,FASTKD2,3020,True,0.11319152087953119,1.7391882197480135,0.20630617,63,False,False,False,False,False,False,False,False
ENSG00000178307,ENSG00000178307,TMEM11,4315,True,0.15896856370156748,1.7391467918548726,0.20460756,63,False,False,False,False,False,False,False,False
ENSG00000133030,ENSG00000133030,MPRIP,3432,True,0.1289284707750213,1.7372346557151397,0.20367071,63,False,False,False,False,False,False,False,False
ENSG00000099204,ENSG00000099204,ABLIM1,7381,True,0.25631148413950094,1.7482920148453998,0.20235391,63,False,False,False,False,False,False,False,False
ENSG00000160326,ENSG00000160326,SLC2A6,5166,True,0.18221374129409912,1.7367740294463616,0.19361073,63,False,False,False,False,False,False,False,False
ENSG00000128708,ENSG00000128708,HAT1,6929,True,0.2536960581387887,1.7384295341978964,0.19301414,63,False,False,False,False,False,False,False,False
ENSG00000132323,ENSG00000132323,ILKAP,5699,True,0.20094704964088897,1.735916751267117,0.18945694,63,False,False,False,False,False,False,False,False
ENSG00000204576,ENSG00000204576,PRR3,1876,True,0.06915241346980555,1.734526369553891,0.1858721,63,False,False,False,False,False,False,False,False
ENSG00000134086,ENSG00000134086,VHL,6242,True,0.21432195562960754,1.7416585612999578,0.18062995,63,False,False,False,False,False,False,False,False
ENSG00000138617,ENSG00000138617,PARP16,1587,True,0.05940974317118472,1.7278416212665488,0.17985584,63,False,False,False,False,False,False,False,False
ENSG00000158711,ENSG00000158711,ELK4,6381,True,0.22277486429550789,1.7427321748021336,0.17931403,63,False,False,False,False,False,False,False,False
ENSG00000100445,ENSG00000100445,SDR39U1,7430,True,0.2658186801686583,1.7411720249839329,0.17889577,63,False,False,False,False,False,False,False,False
ENSG00000063854,ENSG00000063854,HAGH,5923,True,0.21484674518211558,1.7324937623775378,0.17372702,63,False,False,False,False,False,False,False,False
ENSG00000105374,ENSG00000105374,NKG7,20889,True,0.6631372601763482,1.8280489073316701,0.6162555,62,False,False,False,False,False,False,False,False
ENSG00000114850,ENSG00000114850,SSR3,11542,True,0.4038155104716894,1.8081360211113464,0.5314196,62,False,False,False,False,False,False,False,False
ENSG00000133106,ENSG00000133106,EPSTI1,17378,True,0.5726202666591755,1.8154750027695505,0.45862943,62,False,False,False,False,False,False,False,False
ENSG00000183066,ENSG00000183066,WBP2NL,838,True,0.03467440036439018,1.785385027777002,0.43068057,62,False,False,False,False,False,False,False,False
ENSG00000176236,ENSG00000176236,RPP38-DT,598,True,0.024783965641063475,1.6505243260086546,0.42637107,62,False,False,False,False,False,False,False,False
ENSG00000198346,ENSG00000198346,ZNF813,671,True,0.02702866547017879,1.6485087615799439,0.4136381,62,False,False,False,False,False,False,False,False
ENSG00000112576,ENSG00000112576,CCND3,25212,True,0.7762813311638598,1.8223387742457733,0.4037512,62,False,False,False,False,False,False,False,False
ENSG00000169994,ENSG00000169994,MYO7B,1222,True,0.049360347241973024,1.7834848635468759,0.3985852,62,False,False,False,False,False,False,False,False
ENSG00000122033,ENSG00000122033,MTIF3,11245,True,0.3957021190842038,1.7875361959926694,0.3834468,62,False,False,False,False,False,False,False,False
ENSG00000267106,ENSG00000267106,ZNF561-AS1,734,True,0.029483783399236307,1.718638107063642,0.37721875,62,False,False,False,False,False,False,False,False
ENSG00000142599,ENSG00000142599,RERE,10932,True,0.38743335205915647,1.786845539191143,0.37650773,62,False,False,False,False,False,False,False,False
ENSG00000235169,ENSG00000235169,SMIM1,842,True,0.03430587632341944,1.7773825857625847,0.37244847,62,False,False,False,False,False,False,False,False
ENSG00000183508,ENSG00000183508,TENT5C,10543,True,0.37669430089212264,1.7821440217255144,0.3685401,62,False,False,False,False,False,False,False,False
ENSG00000161791,ENSG00000161791,FMNL3,1050,True,0.042428827096908914,1.7483489431744097,0.36108246,62,False,False,False,False,False,False,False,False
ENSG00000203778,ENSG00000203778,FAM229B,788,True,0.032667613192083764,1.724131740578359,0.35990533,62,False,False,False,False,False,False,False,False
ENSG00000141013,ENSG00000141013,GAS8,463,True,0.019625460813413556,1.6646162689976831,0.35903165,62,False,False,False,False,False,False,False,False
ENSG00000214756,ENSG00000214756,CSKMT,10688,True,0.38489982861035726,1.7956668379860963,0.3508694,62,False,False,False,False,False,False,False,False
ENSG00000136932,ENSG00000136932,TRMO,1804,True,0.06795212372091358,1.7734495125491596,0.3505326,62,False,False,False,False,False,False,False,False
ENSG00000259943,ENSG00000259943,ZMPSTE24-DT,1006,True,0.04142547115208198,1.7707463019532723,0.34875274,62,False,False,False,False,False,False,False,False
ENSG00000160013,ENSG00000160013,PTGIR,604,True,0.02462152686447768,1.7093340147063025,0.34840545,62,False,False,False,False,False,False,False,False
ENSG00000152443,ENSG00000152443,ZNF776,1334,True,0.054496699587098324,1.771835378412893,0.34543148,62,False,False,False,False,False,False,False,False
ENSG00000124120,ENSG00000124120,TTPAL,2077,True,0.08094958932780887,1.7690780980888923,0.34282959,62,False,False,False,False,False,False,False,False
ENSG00000140416,ENSG00000140416,TPM1,1514,True,0.06227368374527913,1.7686406218735626,0.34077236,62,False,False,False,False,False,False,False,False
ENSG00000115165,ENSG00000115165,CYTIP,23148,True,0.7358084080435117,1.8134106002534596,0.33954838,62,False,False,False,False,False,False,False,False
ENSG00000123178,ENSG00000123178,SPRYD7,2527,True,0.09961990632691843,1.7678767271346858,0.3347388,62,False,False,False,False,False,False,False,False
ENSG00000183137,ENSG00000183137,CEP57L1,1157,True,0.0450944050141176,1.7616698300461153,0.33322763,62,False,False,False,False,False,False,False,False
ENSG00000267058,ENSG00000267058,ENSG00000267058,746,True,0.031006519603777816,1.7674363812819862,0.32681012,62,False,False,False,False,False,False,False,False
ENSG00000121957,ENSG00000121957,GPSM2,917,True,0.03619207534999317,1.7667951262059292,0.32452393,62,False,False,False,False,False,False,False,False
ENSG00000226200,ENSG00000226200,SGMS1-AS1,968,True,0.03544421617273533,1.646888585763493,0.32328197,62,False,False,False,False,False,False,False,False
ENSG00000151148,ENSG00000151148,UBE3B,2052,True,0.07868529515341333,1.7690294264529667,0.31887442,62,False,False,False,False,False,False,False,False
ENSG00000196724,ENSG00000196724,ZNF418,585,True,0.023807804307223325,1.7324160371237554,0.31838843,62,False,False,False,False,False,False,False,False
ENSG00000272288,ENSG00000272288,ILRUN-AS1,1877,True,0.07448142874350815,1.7637235928893127,0.31671602,62,False,False,False,False,False,False,False,False
ENSG00000198825,ENSG00000198825,INPP5F,1913,True,0.07364100353437185,1.7598056089401233,0.31489933,62,False,False,False,False,False,False,False,False
ENSG00000172171,ENSG00000172171,TEFM,2137,True,0.08300664976787135,1.7620062579921076,0.3140762,62,False,False,False,False,False,False,False,False
ENSG00000160961,ENSG00000160961,ZNF333,1306,True,0.052492800519446846,1.7627181460794434,0.31081516,62,False,False,False,False,False,False,False,False
ENSG00000108559,ENSG00000108559,NUP88,10082,True,0.35015732283170864,1.7836054378546031,0.31006306,62,False,False,False,False,False,False,False,False
ENSG00000197019,ENSG00000197019,SERTAD1,5663,True,0.20599616003669485,1.7563934664330993,0.3095271,62,False,False,False,False,False,False,False,False
ENSG00000157796,ENSG00000157796,WDR19,929,True,0.03707024958236963,1.7639233069746139,0.30431902,62,False,False,False,False,False,False,False,False
ENSG00000138443,ENSG00000138443,ABI2,2061,True,0.07933302543245456,1.7617399758004297,0.30230176,62,False,False,False,False,False,False,False,False
ENSG00000128923,ENSG00000128923,MINDY2,3928,True,0.14446136504640206,1.7599511955520664,0.30179343,62,False,False,False,False,False,False,False,False
ENSG00000163428,ENSG00000163428,LRRC58,5992,True,0.21077283770543745,1.7644319303762237,0.30036363,62,False,False,False,False,False,False,False,False
ENSG00000128563,ENSG00000128563,PRKRIP1,4090,True,0.1498453748827457,1.7594628438440039,0.29993665,62,False,False,False,False,False,False,False,False
ENSG00000117280,ENSG00000117280,RAB29,8398,True,0.3004560808895438,1.7675820650632146,0.29901218,62,False,False,False,False,False,False,False,False
ENSG00000232490,ENSG00000232490,OSBPL10-AS1,6261,True,0.22613077854106134,1.7643706478946173,0.2942281,62,False,False,False,False,False,False,False,False
ENSG00000078177,ENSG00000078177,N4BP2,2951,True,0.10721330118968318,1.7581869052177737,0.29358995,62,False,False,False,False,False,False,False,False
ENSG00000136936,ENSG00000136936,XPA,9049,True,0.3249385356263885,1.774496542022275,0.28901166,62,False,False,False,False,False,False,False,False
ENSG00000135698,ENSG00000135698,MPHOSPH6,3873,True,0.1507316929881795,1.7576997841852806,0.2884162,62,False,False,False,False,False,False,False,False
ENSG00000197771,ENSG00000197771,MCMBP,3859,True,0.14248946210025656,1.7589003707971749,0.28697875,62,False,False,False,False,False,False,False,False
ENSG00000254469,ENSG00000254469,XNDC1N,1011,True,0.039906994692882336,1.6982807158681263,0.28636903,62,False,False,False,False,False,False,False,False
ENSG00000197961,ENSG00000197961,ZNF121,3370,True,0.12729911883480738,1.7585227731800508,0.2857282,62,False,False,False,False,False,False,False,False
ENSG00000156273,ENSG00000156273,BACH1,9673,True,0.32574725032393004,1.771379507979951,0.28465688,62,False,False,False,False,False,False,False,False
ENSG00000138380,ENSG00000138380,CARF,2354,True,0.08996503473279577,1.7557041870270873,0.28461254,62,False,False,False,False,False,False,False,False
ENSG00000185829,ENSG00000185829,ARL17A,2687,True,0.1003337571395782,1.7540604746814814,0.2821144,62,False,False,False,False,False,False,False,False
ENSG00000143702,ENSG00000143702,CEP170,4436,True,0.1611967683037759,1.7562872057052352,0.27953655,62,False,False,False,False,False,False,False,False
ENSG00000146676,ENSG00000146676,PURB,2387,True,0.09163761673245632,1.7551966781742883,0.279452,62,False,False,False,False,False,False,False,False
ENSG00000163681,ENSG00000163681,SLMAP,4276,True,0.1556366684144792,1.7570144025548295,0.27939084,62,False,False,False,False,False,False,False,False
ENSG00000131067,ENSG00000131067,GGT7,912,True,0.036018036581450114,1.7313735690044652,0.27885413,62,False,False,False,False,False,False,False,False
ENSG00000149577,ENSG00000149577,SIDT2,4266,True,0.15178843468027645,1.7544138255833508,0.27666005,62,False,False,False,False,False,False,False,False
ENSG00000273253,ENSG00000273253,TRABD-AS1,1043,True,0.043789126941828134,1.756471998725663,0.27590612,62,False,False,False,False,False,False,False,False
ENSG00000164080,ENSG00000164080,RAD54L2,2324,True,0.08926024377474323,1.7559129124275292,0.2755105,62,False,False,False,False,False,False,False,False
ENSG00000213904,ENSG00000213904,LIPE-AS1,2441,True,0.10021582674741575,1.7586320689850559,0.2748063,62,False,False,False,False,False,False,False,False
ENSG00000039319,ENSG00000039319,ZFYVE16,2428,True,0.09072211284684446,1.7555350418814522,0.27408624,62,False,False,False,False,False,False,False,False
ENSG00000134152,ENSG00000134152,KATNBL1,8266,True,0.292396104934444,1.7583705387571291,0.27290767,62,False,False,False,False,False,False,False,False
ENSG00000176915,ENSG00000176915,ANKLE2,6425,True,0.22553157794171863,1.7521569256115257,0.27230495,62,False,False,False,False,False,False,False,False
ENSG00000187601,ENSG00000187601,MAGEH1,2396,True,0.08848836343222391,1.7513800299148499,0.27123326,62,False,False,False,False,False,False,False,False
ENSG00000144040,ENSG00000144040,SFXN5,1019,True,0.03944915404412958,1.7517144702560692,0.27121687,62,False,False,False,False,False,False,False,False
ENSG00000163874,ENSG00000163874,ZC3H12A,3024,True,0.1133371336680761,1.7252635507411453,0.27007672,62,False,False,False,False,False,False,False,False
ENSG00000116652,ENSG00000116652,DLEU2L,1011,True,0.042381764467292374,1.752775247446496,0.26999947,62,False,False,False,False,False,False,False,False
ENSG00000130940,ENSG00000130940,CASZ1,799,True,0.03242266740432336,1.7540705765151032,0.2690859,62,False,False,False,False,False,False,False,False
ENSG00000248508,ENSG00000248508,SRP14-DT,1766,True,0.07227401238490742,1.7550336534222948,0.26901907,62,False,False,False,False,False,False,False,False
ENSG00000185344,ENSG00000185344,ATP6V0A2,2437,True,0.089471332900545,1.7255426727581331,0.268566,62,False,False,False,False,False,False,False,False
ENSG00000101224,ENSG00000101224,CDC25B,4746,True,0.1663728718845921,1.7519551454074254,0.26830468,62,False,False,False,False,False,False,False,False
ENSG00000136159,ENSG00000136159,NUDT15,1604,True,0.06292039267108493,1.7486263503645534,0.26785356,62,False,False,False,False,False,False,False,False
ENSG00000140262,ENSG00000140262,TCF12,3553,True,0.13083292733527754,1.7527568675977028,0.26548484,62,False,False,False,False,False,False,False,False
ENSG00000188785,ENSG00000188785,ZNF548,1484,True,0.05969235789847561,1.7517142995488242,0.26513585,62,False,False,False,False,False,False,False,False
ENSG00000127720,ENSG00000127720,METTL25,1469,True,0.05672511137442355,1.7485000966719753,0.26460665,62,False,False,False,False,False,False,False,False
ENSG00000122965,ENSG00000122965,RBM19,3358,True,0.12683826468012727,1.7526675693699367,0.26420403,62,False,False,False,False,False,False,False,False
ENSG00000182150,ENSG00000182150,ERCC6L2,2795,True,0.10191771465324896,1.7502747025750596,0.26374328,62,False,False,False,False,False,False,False,False
ENSG00000213762,ENSG00000213762,ZNF134,1639,True,0.06422155142586052,1.74703542578226,0.26342583,62,False,False,False,False,False,False,False,False
ENSG00000259529,ENSG00000259529,ENSG00000259529,1864,True,0.0700170690067068,1.7539089608656029,0.263036,62,False,False,False,False,False,False,False,False
ENSG00000181555,ENSG00000181555,SETD2,9941,True,0.33218829131256494,1.7718541221711777,0.26207936,62,False,False,False,False,False,False,False,False
ENSG00000198131,ENSG00000198131,ZNF544,2963,True,0.1145174601959313,1.753556685540974,0.26152125,62,False,False,False,False,False,False,False,False
ENSG00000100599,ENSG00000100599,RIN3,6405,True,0.22756764108717437,1.7553429819480428,0.26130408,62,False,False,False,False,False,False,False,False
ENSG00000135900,ENSG00000135900,MRPL44,7763,True,0.2728499192213509,1.7444327470387544,0.2608238,62,False,False,False,False,False,False,False,False
ENSG00000085721,ENSG00000085721,RRN3,3202,True,0.11498991939436073,1.7579032681739901,0.26049107,62,False,False,False,False,False,False,False,False
ENSG00000036549,ENSG00000036549,ZZZ3,3840,True,0.14258809550005688,1.7468202584905184,0.26000687,62,False,False,False,False,False,False,False,False
ENSG00000122068,ENSG00000122068,FYTTD1,8136,True,0.2834932841769335,1.7516334250630317,0.25932905,62,False,False,False,False,False,False,False,False
ENSG00000014123,ENSG00000014123,UFL1,6597,True,0.2326309723709511,1.7468235936635954,0.25907788,62,False,False,False,False,False,False,False,False
ENSG00000196177,ENSG00000196177,ACADSB,1532,True,0.059906020922158375,1.752267249072929,0.25867632,62,False,False,False,False,False,False,False,False
ENSG00000162959,ENSG00000162959,MEMO1,3351,True,0.12943282866482672,1.7510685156795056,0.25858256,62,False,False,False,False,False,False,False,False
ENSG00000144635,ENSG00000144635,DYNC1LI1,5786,True,0.20599212875577635,1.7509942056011267,0.25797284,62,False,False,False,False,False,False,False,False
ENSG00000261766,ENSG00000261766,ENSG00000261766,937,True,0.03628802669326717,1.7492027263751828,0.257423,62,False,False,False,False,False,False,False,False
ENSG00000111145,ENSG00000111145,ELK3,2663,True,0.09931925783505378,1.7463539669473385,0.25679427,62,False,False,False,False,False,False,False,False
ENSG00000139496,ENSG00000139496,NUP58,3420,True,0.12645420227291934,1.7510190370424998,0.2563407,62,False,False,False,False,False,False,False,False
ENSG00000100266,ENSG00000100266,PACSIN2,2925,True,0.11014620853704621,1.7492403040431768,0.25607824,62,False,False,False,False,False,False,False,False
ENSG00000144655,ENSG00000144655,CSRNP1,5955,True,0.21847221297199332,1.7583064280084686,0.2552102,62,False,False,False,False,False,False,False,False
ENSG00000213096,ENSG00000213096,ZNF254,2853,True,0.1088740253262196,1.7505909537000655,0.2535103,62,False,False,False,False,False,False,False,False
ENSG00000161267,ENSG00000161267,BDH1,2969,True,0.12405298627111398,1.7523151902758263,0.25279808,62,False,False,False,False,False,False,False,False
ENSG00000162971,ENSG00000162971,TYW5,2734,True,0.10336370569209617,1.7510698794585202,0.25250244,62,False,False,False,False,False,False,False,False
ENSG00000167323,ENSG00000167323,STIM1,3709,True,0.1408411606733845,1.7508196909047065,0.25147152,62,False,False,False,False,False,False,False,False
ENSG00000131931,ENSG00000131931,THAP1,3620,True,0.13393712945565503,1.7483274501192418,0.2508507,62,False,False,False,False,False,False,False,False
ENSG00000171475,ENSG00000171475,WIPF2,3768,True,0.1387224944100053,1.7489098202905886,0.2496496,62,False,False,False,False,False,False,False,False
ENSG00000188428,ENSG00000188428,BLOC1S5,3105,True,0.11567319617291516,1.7485709333289596,0.24936551,62,False,False,False,False,False,False,False,False
ENSG00000213889,ENSG00000213889,PPM1N,2052,True,0.08170435906351378,1.748542018704638,0.2493453,62,False,False,False,False,False,False,False,False
ENSG00000169371,ENSG00000169371,SNUPN,2195,True,0.08310687533096378,1.747775214665691,0.2492764,62,False,False,False,False,False,False,False,False
ENSG00000145675,ENSG00000145675,PIK3R1,7923,True,0.27063153898844566,1.7554530236054433,0.2490911,62,False,False,False,False,False,False,False,False
ENSG00000080815,ENSG00000080815,PSEN1,3578,True,0.13021262231607275,1.7484302676610097,0.24875952,62,False,False,False,False,False,False,False,False
ENSG00000267321,ENSG00000267321,SNHG30,4973,True,0.18737884256575532,1.7493834500830678,0.24848035,62,False,False,False,False,False,False,False,False
ENSG00000100934,ENSG00000100934,SEC23A,4142,True,0.15482611917152964,1.7510485572362493,0.2482641,62,False,False,False,False,False,False,False,False
ENSG00000145725,ENSG00000145725,PPIP5K2,5907,True,0.2070019304195049,1.7566895040338126,0.24795535,62,False,False,False,False,False,False,False,False
ENSG00000095485,ENSG00000095485,CWF19L1,2460,True,0.08920754682908877,1.7482060233178487,0.24753383,62,False,False,False,False,False,False,False,False
ENSG00000035115,ENSG00000035115,SH3YL1,6210,True,0.22227747282002672,1.7514744926072796,0.24679275,62,False,False,False,False,False,False,False,False
ENSG00000197302,ENSG00000197302,KRBOX5,4165,True,0.15572144651482123,1.7511182441661648,0.24656199,62,False,False,False,False,False,False,False,False
ENSG00000137413,ENSG00000137413,TAF8,3684,True,0.13534388106043133,1.7499041738920018,0.24631025,62,False,False,False,False,False,False,False,False
ENSG00000167182,ENSG00000167182,SP2,2037,True,0.07936783616149373,1.750216485550932,0.24606271,62,False,False,False,False,False,False,False,False
ENSG00000118518,ENSG00000118518,RNF146,2860,True,0.11049738154843068,1.745267769697361,0.2456606,62,False,False,False,False,False,False,False,False
ENSG00000008294,ENSG00000008294,SPAG9,5231,True,0.18399688532927572,1.7500598359084478,0.2452515,62,False,False,False,False,False,False,False,False
ENSG00000196865,ENSG00000196865,NHLRC2,1853,True,0.0699096289576288,1.7433187050410803,0.24509516,62,False,False,False,False,False,False,False,False
ENSG00000163798,ENSG00000163798,SLC4A1AP,3196,True,0.11699575226830766,1.74970737602818,0.24409772,62,False,False,False,False,False,False,False,False
ENSG00000105849,ENSG00000105849,POLR1F,7383,True,0.26894796698497464,1.7612517425113987,0.24350736,62,False,False,False,False,False,False,False,False
ENSG00000180398,ENSG00000180398,MCFD2,4998,True,0.18268414111889889,1.7489721338651272,0.24271327,62,False,False,False,False,False,False,False,False
ENSG00000221978,ENSG00000221978,CCNL2,7101,True,0.25085184287918355,1.750994705851105,0.24187753,62,False,False,False,False,False,False,False,False
ENSG00000119787,ENSG00000119787,ATL2,2316,True,0.08617365028328515,1.7474492675260107,0.24078886,62,False,False,False,False,False,False,False,False
ENSG00000102390,ENSG00000102390,PBDC1,5704,True,0.20869556795689134,1.7427056992082794,0.24036607,62,False,False,False,False,False,False,False,False
ENSG00000136144,ENSG00000136144,RCBTB1,1201,True,0.04693759813421054,1.7476861016202692,0.23964144,62,False,False,False,False,False,False,False,False
ENSG00000184574,ENSG00000184574,LPAR5,2027,True,0.0787333319775077,1.7461878634441919,0.23890963,62,False,False,False,False,False,False,False,False
ENSG00000107829,ENSG00000107829,FBXW4,2973,True,0.11091067519799663,1.7483525520512335,0.23834808,62,False,False,False,False,False,False,False,False
ENSG00000144909,ENSG00000144909,OSBPL11,4098,True,0.1508444246109801,1.7462607981048421,0.23757909,62,False,False,False,False,False,False,False,False
ENSG00000185127,ENSG00000185127,C6orf120,1625,True,0.060196846544990995,1.7406768261161758,0.23673272,62,False,False,False,False,False,False,False,False
ENSG00000168564,ENSG00000168564,CDKN2AIP,4264,True,0.15659976433482628,1.7451119394549806,0.23659317,62,False,False,False,False,False,False,False,False
ENSG00000079134,ENSG00000079134,THOC1,4217,True,0.15101832586384273,1.74460765133273,0.23554486,62,False,False,False,False,False,False,False,False
ENSG00000137040,ENSG00000137040,RANBP6,2543,True,0.09460159470287878,1.7471838652848184,0.23495732,62,False,False,False,False,False,False,False,False
ENSG00000139291,ENSG00000139291,TMEM19,8621,True,0.3107521342964186,1.7624891035577028,0.23488678,62,False,False,False,False,False,False,False,False
ENSG00000147202,ENSG00000147202,DIAPH2,4332,True,0.15624708386442823,1.7462410510820254,0.23330972,62,False,False,False,False,False,False,False,False
ENSG00000142188,ENSG00000142188,TMEM50B,5547,True,0.20005737468933707,1.745523543548427,0.23294668,62,False,False,False,False,False,False,False,False
ENSG00000176102,ENSG00000176102,CSTF3,6524,True,0.24792892187924334,1.7473649854782123,0.23228398,62,False,False,False,False,False,False,False,False
ENSG00000187118,ENSG00000187118,CMC1,5255,True,0.19729944474926936,1.7463099005966896,0.23092657,62,False,False,False,False,False,False,False,False
ENSG00000121350,ENSG00000121350,PYROXD1,3300,True,0.117775849490779,1.7473907365406764,0.23065367,62,False,False,False,False,False,False,False,False
ENSG00000109445,ENSG00000109445,ZNF330,3998,True,0.14738553449219258,1.7454765787627993,0.23060739,62,False,False,False,False,False,False,False,False
ENSG00000146872,ENSG00000146872,TLK2,3943,True,0.1416585565684206,1.7433976628854237,0.22935446,62,False,False,False,False,False,False,False,False
ENSG00000163904,ENSG00000163904,SENP2,3662,True,0.13370815402244138,1.7437714617548077,0.22900079,62,False,False,False,False,False,False,False,False
ENSG00000112031,ENSG00000112031,MTRF1L,4229,True,0.1528824316755755,1.7428186552950977,0.22863695,62,False,False,False,False,False,False,False,False
ENSG00000115827,ENSG00000115827,DCAF17,1721,True,0.06513335141314541,1.7428906739429983,0.22615857,62,False,False,False,False,False,False,False,False
ENSG00000123728,ENSG00000123728,RAP2C,6633,True,0.242471927367993,1.7454349249358991,0.22575727,62,False,False,False,False,False,False,False,False
ENSG00000116698,ENSG00000116698,SMG7,3533,True,0.128661066719376,1.7422132680818243,0.22547114,62,False,False,False,False,False,False,False,False
ENSG00000111707,ENSG00000111707,SUDS3,6468,True,0.23100902777790147,1.7433893411706571,0.2251149,62,False,False,False,False,False,False,False,False
ENSG00000196323,ENSG00000196323,ZBTB44,7542,True,0.2728455476876864,1.7555705942190214,0.22435088,62,False,False,False,False,False,False,False,False
ENSG00000143891,ENSG00000143891,GALM,1944,True,0.07458057125678254,1.7427595746657827,0.22315499,62,False,False,False,False,False,False,False,False
ENSG00000171161,ENSG00000171161,ZNF672,2827,True,0.105619716416186,1.7431461927008962,0.22209547,62,False,False,False,False,False,False,False,False
ENSG00000272716,ENSG00000272716,SLC30A6-DT,622,True,0.02648142776860799,1.6845380314466523,0.22181684,62,False,False,False,False,False,False,False,False
ENSG00000196705,ENSG00000196705,ZNF431,5023,True,0.18046264787972902,1.7468181091570585,0.22059281,62,False,False,False,False,False,False,False,False
ENSG00000161920,ENSG00000161920,MED11,4492,True,0.16491708912439515,1.7429627150239726,0.21908934,62,False,False,False,False,False,False,False,False
ENSG00000166747,ENSG00000166747,AP1G1,3263,True,0.11896597001581477,1.7411500604436094,0.21905099,62,False,False,False,False,False,False,False,False
ENSG00000101191,ENSG00000101191,DIDO1,5287,True,0.18863152714286777,1.7443036984674227,0.21783009,62,False,False,False,False,False,False,False,False
ENSG00000242861,ENSG00000242861,ENSG00000242861,1403,True,0.055138011656626566,1.7426249420646756,0.21777785,62,False,False,False,False,False,False,False,False
ENSG00000175505,ENSG00000175505,CLCF1,1002,True,0.03974128470810379,1.7428555863670399,0.2174895,62,False,False,False,False,False,False,False,False
ENSG00000171298,ENSG00000171298,GAA,1475,True,0.056111364062576025,1.7424999407093273,0.21496423,62,False,False,False,False,False,False,False,False
ENSG00000264575,ENSG00000264575,LINC00526,762,True,0.03067421423415203,1.7144803914181603,0.21415709,62,False,False,False,False,False,False,False,False
ENSG00000140943,ENSG00000140943,MBTPS1,5086,True,0.17965446419057074,1.7417612369360627,0.21346809,62,False,False,False,False,False,False,False,False
ENSG00000146232,ENSG00000146232,NFKBIE,3612,True,0.1293592295653678,1.7359932657500898,0.21312104,62,False,False,False,False,False,False,False,False
ENSG00000204516,ENSG00000204516,MICB,1627,True,0.06270655390122454,1.736481140802372,0.21268502,62,False,False,False,False,False,False,False,False
ENSG00000198863,ENSG00000198863,RUNDC1,2511,True,0.09367688699686627,1.7392498057159822,0.21263424,62,False,False,False,False,False,False,False,False
ENSG00000157741,ENSG00000157741,UBN2,2334,True,0.08709249110367397,1.7397430339823223,0.21246016,62,False,False,False,False,False,False,False,False
ENSG00000186577,ENSG00000186577,SMIM29,8084,True,0.292539571442344,1.7499896911021227,0.21159182,62,False,False,False,False,False,False,False,False
ENSG00000108510,ENSG00000108510,MED13,4532,True,0.1623864829152224,1.7407573551123745,0.2110079,62,False,False,False,False,False,False,False,False
ENSG00000155438,ENSG00000155438,NIFK,8886,True,0.3108988371609969,1.7612653317445321,0.21093495,62,False,False,False,False,False,False,False,False
ENSG00000115548,ENSG00000115548,KDM3A,2124,True,0.07624325528410067,1.7378613776052012,0.21025684,62,False,False,False,False,False,False,False,False
ENSG00000130005,ENSG00000130005,GAMT,2799,True,0.10704408046618426,1.7387745795502794,0.21006735,62,False,False,False,False,False,False,False,False
ENSG00000144535,ENSG00000144535,DIS3L2,3309,True,0.12179103258962405,1.7409026733401844,0.20919374,62,False,False,False,False,False,False,False,False
ENSG00000120798,ENSG00000120798,NR2C1,2678,True,0.09564088997362616,1.7389640936952568,0.20823953,62,False,False,False,False,False,False,False,False
ENSG00000171867,ENSG00000171867,PRNP,5854,True,0.21382227103002843,1.741588087762478,0.20784898,62,False,False,False,False,False,False,False,False
ENSG00000171316,ENSG00000171316,CHD7,9299,True,0.3172554649124349,1.7626599566220555,0.20694026,62,False,False,False,False,False,False,False,False
ENSG00000170832,ENSG00000170832,USP32,3023,True,0.1119875785606052,1.7422341080627795,0.20693636,62,False,False,False,False,False,False,False,False
ENSG00000110075,ENSG00000110075,PPP6R3,4083,True,0.14925984612246637,1.7399569834621438,0.20613264,62,False,False,False,False,False,False,False,False
ENSG00000152242,ENSG00000152242,ARK2N,1959,True,0.0746293536435166,1.7373611428120548,0.20533638,62,False,False,False,False,False,False,False,False
ENSG00000117620,ENSG00000117620,SLC35A3,2825,True,0.1048689300907081,1.7372438807166914,0.20436923,62,False,False,False,False,False,False,False,False
ENSG00000188906,ENSG00000188906,LRRK2,5353,True,0.19334483878769948,1.7375945677438585,0.20306367,62,False,False,False,False,False,False,False,False
ENSG00000196470,ENSG00000196470,SIAH1,3332,True,0.13091908135729868,1.7389507592849127,0.20275123,62,False,False,False,False,False,False,False,False
ENSG00000133731,ENSG00000133731,IMPA1,3233,True,0.12250804756876876,1.737729600527598,0.20007256,62,False,False,False,False,False,False,False,False
ENSG00000177479,ENSG00000177479,ARIH2,8832,True,0.30758827713999054,1.7573855673078034,0.1997103,62,False,False,False,False,False,False,False,False
ENSG00000092931,ENSG00000092931,MFSD11,3265,True,0.12003335307625479,1.7366964201690143,0.19962932,62,False,False,False,False,False,False,False,False
ENSG00000132356,ENSG00000132356,PRKAA1,7498,True,0.2639349175649194,1.7473680937280414,0.19953889,62,False,False,False,False,False,False,False,False
ENSG00000077157,ENSG00000077157,PPP1R12B,1246,True,0.04680169936186877,1.7357741851345474,0.19947386,62,False,False,False,False,False,False,False,False
ENSG00000112303,ENSG00000112303,VNN2,3455,True,0.13100790624998332,1.737153117288345,0.19916616,62,False,False,False,False,False,False,False,False
ENSG00000158552,ENSG00000158552,ZFAND2B,6830,True,0.24744662225190392,1.7365627259476504,0.1985792,62,False,False,False,False,False,False,False,False
ENSG00000096968,ENSG00000096968,JAK2,2931,True,0.10719149135651569,1.7370913620235933,0.1975203,62,False,False,False,False,False,False,False,False
ENSG00000140750,ENSG00000140750,ARHGAP17,6938,True,0.24531116422701682,1.7463804080002328,0.19722034,62,False,False,False,False,False,False,False,False
ENSG00000101290,ENSG00000101290,CDS2,6172,True,0.2178057398125387,1.7364569766304527,0.19538751,62,False,False,False,False,False,False,False,False
ENSG00000183255,ENSG00000183255,PTTG1IP,3237,True,0.11837497336860703,1.7360368968697488,0.1944445,62,False,False,False,False,False,False,False,False
ENSG00000182552,ENSG00000182552,RWDD4,4337,True,0.15964392057148458,1.7348368395316447,0.19437386,62,False,False,False,False,False,False,False,False
ENSG00000109814,ENSG00000109814,UGDH,1940,True,0.07568420432592399,1.7357799308132087,0.19004828,62,False,False,False,False,False,False,False,False
ENSG00000103018,ENSG00000103018,CYB5B,7023,True,0.2468743792093254,1.741686765206113,0.18938792,62,False,False,False,False,False,False,False,False
ENSG00000100325,ENSG00000100325,ASCC2,6837,True,0.24357948815130426,1.7406148836108868,0.18501924,62,False,False,False,False,False,False,False,False
ENSG00000164329,ENSG00000164329,TENT2,7011,True,0.2469877698611357,1.7373282066370308,0.17897883,62,False,False,False,False,False,False,False,False
ENSG00000172845,ENSG00000172845,SP3,6342,True,0.22167633481215834,1.7370371470175265,0.16543886,62,False,False,False,False,False,False,False,False
ENSG00000153786,ENSG00000153786,ZDHHC7,1926,True,0.07135388315011847,1.730107242886575,0.16201338,62,False,False,False,False,False,False,False,False
ENSG00000055130,ENSG00000055130,CUL1,3930,True,0.14023909572207097,1.7288005034527827,0.15661743,62,False,False,False,False,False,False,False,False
ENSG00000100473,ENSG00000100473,COCH,3535,True,0.12791387498529827,1.8116619985871432,0.546873,61,False,False,False,False,False,False,False,False
ENSG00000267519,ENSG00000267519,MIR23AHG,5181,True,0.20742486234479773,1.7864303237503625,0.52840257,61,False,False,False,False,False,False,False,False
ENSG00000242474,ENSG00000242474,LINC03015,348,True,0.015825887254460894,1.7748325009480213,0.44405764,61,False,False,False,False,False,False,False,False
ENSG00000243646,ENSG00000243646,IL10RB,5301,True,0.19238861169830804,1.7856637077980766,0.42304987,61,False,False,False,False,False,False,False,False
ENSG00000215183,ENSG00000215183,MSMP,440,True,0.018490967197401637,1.6685002539199716,0.40432018,61,False,False,False,False,False,False,False,False
ENSG00000108375,ENSG00000108375,RNF43,930,True,0.03589129203002092,1.677286193814683,0.40274364,61,False,False,False,False,False,False,False,False
ENSG00000239941,ENSG00000239941,LINC02917,336,True,0.014402467604281545,1.6557823550904807,0.39125717,61,False,False,False,False,False,False,False,False
ENSG00000139687,ENSG00000139687,RB1,15806,True,0.5305284240334538,1.7966461085174175,0.3799611,61,False,False,False,False,False,False,False,False
ENSG00000251867,ENSG00000251867,ENSG00000251867,711,True,0.03187837893830278,1.7779932030446468,0.37530082,61,False,False,False,False,False,False,False,False
ENSG00000165490,ENSG00000165490,DDIAS,321,True,0.013254863174634686,1.585652222656828,0.37102035,61,False,False,False,False,False,False,False,False
ENSG00000230844,ENSG00000230844,ZNF674-AS1,575,True,0.02468937922136707,1.7170086711887427,0.36008525,61,False,False,False,False,False,False,False,False
ENSG00000130518,ENSG00000130518,IQCN,870,True,0.03278528823049621,1.6731677506076899,0.35644734,61,False,False,False,False,False,False,False,False
ENSG00000078589,ENSG00000078589,P2RY10,17798,True,0.5842060181096175,1.7932049467347846,0.35589552,61,False,False,False,False,False,False,False,False
ENSG00000175105,ENSG00000175105,ZNF654,1624,True,0.06392399709759762,1.771191370897482,0.35377494,61,False,False,False,False,False,False,False,False
ENSG00000260233,ENSG00000260233,ZNRD2-DT,608,True,0.0260226675824928,1.7537786776100868,0.35152254,61,False,False,False,False,False,False,False,False
ENSG00000096872,ENSG00000096872,IFT74,2096,True,0.07963120132652274,1.7682426469323167,0.33991465,61,False,False,False,False,False,False,False,False
ENSG00000169047,ENSG00000169047,IRS1,425,True,0.017401962935136597,1.617738857374057,0.33347595,61,False,False,False,False,False,False,False,False
ENSG00000101493,ENSG00000101493,ZNF516,1039,True,0.042682933990497815,1.7682504793397746,0.32801762,61,False,False,False,False,False,False,False,False
ENSG00000230513,ENSG00000230513,THAP7-AS1,1411,True,0.05697505763933885,1.7643863794328476,0.32516617,61,False,False,False,False,False,False,False,False
ENSG00000158411,ENSG00000158411,MITD1,12102,True,0.43180052888169357,1.7828703965407313,0.3244373,61,False,False,False,False,False,False,False,False
ENSG00000083454,ENSG00000083454,P2RX5,29140,True,0.8746316639246661,1.8196872670125401,0.32176802,61,False,False,False,False,False,False,False,False
ENSG00000257303,ENSG00000257303,CNPY2-AS1,1539,True,0.0619164772684252,1.7619589416014592,0.32078224,61,False,False,False,False,False,False,False,False
ENSG00000131944,ENSG00000131944,FAAP24,763,True,0.03082921734257305,1.7613723646375161,0.318953,61,False,False,False,False,False,False,False,False
ENSG00000126217,ENSG00000126217,MCF2L,270,True,0.011819914335648251,1.4831150527894204,0.31802636,61,False,False,False,False,False,False,False,False
ENSG00000197362,ENSG00000197362,ZNF786,1011,True,0.03973524460772083,1.7693090950333976,0.31693396,61,False,False,False,False,False,False,False,False
ENSG00000196843,ENSG00000196843,ARID5A,6403,True,0.22849805943221277,1.7617900391276522,0.31358683,61,False,False,False,False,False,False,False,False
ENSG00000179476,ENSG00000179476,C14orf28,1449,True,0.05830795837537976,1.763798407003234,0.3118576,61,False,False,False,False,False,False,False,False
ENSG00000072954,ENSG00000072954,TMEM38A,554,True,0.023117098925287995,1.6850974387344506,0.31142458,61,False,False,False,False,False,False,False,False
ENSG00000120802,ENSG00000120802,TMPO,11307,True,0.3864599963400018,1.782013441579911,0.3083371,61,False,False,False,False,False,False,False,False
ENSG00000117228,ENSG00000117228,GBP1,2342,True,0.08950598520596288,1.761981585746014,0.30776167,61,False,False,False,False,False,False,False,True
ENSG00000085871,ENSG00000085871,MGST2,1190,True,0.04921978879376014,1.7614266574691868,0.30699638,61,False,False,False,False,False,False,False,False
ENSG00000196967,ENSG00000196967,ZNF585A,1078,True,0.04301366305856853,1.7657389894144708,0.30667442,61,False,False,False,False,False,False,False,False
ENSG00000196951,ENSG00000196951,SCOC-AS1,779,True,0.0344122162486183,1.7661919684554894,0.30440876,61,False,False,False,False,False,False,False,False
ENSG00000260625,ENSG00000260625,RUSF1-DT,491,True,0.02145502061915486,1.7131760243021832,0.30222252,61,False,False,False,False,False,False,False,False
ENSG00000231439,ENSG00000231439,WASIR2,977,True,0.039548958028189356,1.7023501023242027,0.29999274,61,False,False,False,False,False,False,False,False
ENSG00000168255,ENSG00000168255,POLR2J3,14960,True,0.49081967180024894,1.7837733289803912,0.29813662,61,False,False,False,False,False,False,False,False
ENSG00000242028,ENSG00000242028,HYPK,1473,True,0.05970776996594156,1.7622440165943936,0.29489133,61,False,False,False,False,False,False,False,False
ENSG00000140598,ENSG00000140598,EFL1,1264,True,0.04848318107017428,1.7294866358431678,0.29463893,61,False,False,False,False,False,False,False,False
ENSG00000178974,ENSG00000178974,FBXO34,2880,True,0.10622096580432504,1.7578432899202066,0.2940173,61,False,False,False,False,False,False,False,False
ENSG00000245571,ENSG00000245571,FAM111A-DT,932,True,0.0371720416705773,1.7300295530793803,0.2934239,61,False,False,False,False,False,False,False,False
ENSG00000168495,ENSG00000168495,POLR3D,3137,True,0.12006310559388149,1.7585620937850486,0.2926196,61,False,False,False,False,False,False,False,False
ENSG00000165813,ENSG00000165813,CCDC186,10640,True,0.3686558112241974,1.773892331702652,0.29050884,61,False,False,False,False,False,False,False,False
ENSG00000197863,ENSG00000197863,ZNF790,1483,True,0.05797257147242598,1.7557337041737981,0.28986794,61,False,False,False,False,False,False,False,False
ENSG00000153140,ENSG00000153140,CETN3,2545,True,0.1013622341316132,1.754853073493352,0.2887913,61,False,False,False,False,False,False,False,False
ENSG00000254887,ENSG00000254887,LNROP,2809,True,0.11128344348962159,1.7583001695747453,0.28733706,61,False,False,False,False,False,False,False,False
ENSG00000152454,ENSG00000152454,ZNF256,1055,True,0.04241904120079467,1.7299315966401727,0.28693315,61,False,False,False,False,False,False,False,False
ENSG00000029725,ENSG00000029725,RABEP1,13695,True,0.4614119712444706,1.783752749104206,0.28670728,61,False,False,False,False,False,False,False,False
ENSG00000086102,ENSG00000086102,NFX1,5376,True,0.19073831636610084,1.7571312028762305,0.28653225,61,False,False,False,False,False,False,False,False
ENSG00000073417,ENSG00000073417,PDE8A,1174,True,0.044151118960071345,1.7592256847109369,0.2850102,61,False,False,False,False,False,False,False,False
ENSG00000100592,ENSG00000100592,DAAM1,7435,True,0.25884557230681965,1.7557788098384892,0.2836248,61,False,False,False,False,False,False,False,False
ENSG00000241295,ENSG00000241295,ZBTB20-AS2,580,True,0.02459525642174215,1.7551371056974736,0.2814456,61,False,False,False,False,False,False,False,False
ENSG00000189144,ENSG00000189144,ZNF573,1013,True,0.04052438015743904,1.7579109827947783,0.28059754,61,False,False,False,False,False,False,False,False
ENSG00000262967,ENSG00000262967,ENSG00000262967,2035,True,0.08486610115602405,1.7536153043460252,0.28029218,61,False,False,False,False,False,False,False,False
ENSG00000141446,ENSG00000141446,ESCO1,8665,True,0.29765654074389275,1.7623886121365757,0.27907276,61,False,False,False,False,False,False,False,False
ENSG00000198964,ENSG00000198964,SGMS1,2480,True,0.09275851747554625,1.755399481308781,0.27828977,61,False,False,False,False,False,False,False,False
ENSG00000001167,ENSG00000001167,NFYA,1270,True,0.04845597391039733,1.7591707028317536,0.276228,61,False,False,False,False,False,False,False,False
ENSG00000162688,ENSG00000162688,AGL,3492,True,0.12998414655327645,1.7537279898614486,0.2741366,61,False,False,False,False,False,False,False,False
ENSG00000164144,ENSG00000164144,ARFIP1,3354,True,0.12640777013012539,1.7548727301149964,0.27379313,61,False,False,False,False,False,False,False,False
ENSG00000198909,ENSG00000198909,MAP3K3,1847,True,0.06782384137117707,1.7577050600342075,0.27364028,61,False,False,False,False,False,False,False,False
ENSG00000198937,ENSG00000198937,CCDC167,7217,True,0.26101527204584246,1.757979841173436,0.27157876,61,False,False,False,False,False,False,False,False
ENSG00000124731,ENSG00000124731,TREM1,1159,True,0.04446813636342296,1.753009700537389,0.2714771,61,False,False,False,False,False,False,False,False
ENSG00000128581,ENSG00000128581,IFT22,1547,True,0.05876005991060675,1.7266465523844758,0.27085125,61,False,False,False,False,False,False,False,False
ENSG00000135297,ENSG00000135297,MTO1,2927,True,0.1114131921396016,1.7522310037871016,0.269619,61,False,False,False,False,False,False,False,False
ENSG00000102409,ENSG00000102409,BEX4,9278,True,0.342903612476613,1.7759054527619798,0.26911658,61,False,False,False,False,False,False,False,False
ENSG00000130818,ENSG00000130818,ZNF426,1166,True,0.044024658048842674,1.698977931067919,0.268936,61,False,False,False,False,False,False,False,False
ENSG00000006194,ENSG00000006194,ZNF263,3045,True,0.11391724214414388,1.755936872471319,0.26863417,61,False,False,False,False,False,False,False,False
ENSG00000144554,ENSG00000144554,FANCD2,2269,True,0.08722987520619509,1.7531012682523086,0.2681872,61,False,False,False,False,False,False,False,False
ENSG00000091592,ENSG00000091592,NLRP1,5591,True,0.19739486236710901,1.754074050226145,0.26793495,61,False,False,False,False,False,False,False,False
ENSG00000226688,ENSG00000226688,ENTPD1-AS1,2410,True,0.0947358956980085,1.7535551174694648,0.26617458,61,False,False,False,False,False,False,False,False
ENSG00000109771,ENSG00000109771,LRP2BP,1546,True,0.062267817597932075,1.7538136165159506,0.26584736,61,False,False,False,False,False,False,False,False
ENSG00000105808,ENSG00000105808,RASA4,1774,True,0.06692988158162684,1.751302174268693,0.26570427,61,False,False,False,False,False,False,False,False
ENSG00000137393,ENSG00000137393,RNF144B,2224,True,0.08805916483067457,1.7533639386366515,0.26528502,61,False,False,False,False,False,False,False,False
ENSG00000106346,ENSG00000106346,USP42,1701,True,0.06460573769943091,1.7508565450973856,0.2646731,61,False,False,False,False,False,False,False,False
ENSG00000181744,ENSG00000181744,DIPK2A,2642,True,0.09497734415215914,1.7205552023789907,0.26311877,61,False,False,False,False,False,False,False,False
ENSG00000159579,ENSG00000159579,RSPRY1,2399,True,0.09033327400075951,1.7453586541999733,0.26252055,61,False,False,False,False,False,False,False,False
ENSG00000059145,ENSG00000059145,UNKL,2423,True,0.08922582106029726,1.749847614806665,0.26146495,61,False,False,False,False,False,False,False,False
ENSG00000198482,ENSG00000198482,ZNF808,1303,True,0.05145430156126434,1.7451997972389721,0.26127815,61,False,False,False,False,False,False,False,False
ENSG00000253251,ENSG00000253251,SHLD3,1794,True,0.07053420709467999,1.7487652208059672,0.26095006,61,False,False,False,False,False,False,False,False
ENSG00000123219,ENSG00000123219,CENPK,2261,True,0.08666542372952876,1.7492949699534335,0.26086748,61,False,False,False,False,False,False,False,False
ENSG00000155304,ENSG00000155304,HSPA13,2056,True,0.07751455752416453,1.74948134571634,0.26069736,61,False,False,False,False,False,False,False,False
ENSG00000205323,ENSG00000205323,SARNP,3384,True,0.12873571691688254,1.7479823285226042,0.2601374,61,False,False,False,False,False,False,False,False
ENSG00000213185,ENSG00000213185,FAM24B,1948,True,0.07860156498465261,1.7520077954340565,0.2586618,61,False,False,False,False,False,False,False,False
ENSG00000179094,ENSG00000179094,PER1,4333,True,0.1594080761640089,1.7500791908865074,0.25521135,61,False,False,False,False,False,False,False,False
ENSG00000172613,ENSG00000172613,RAD9A,4860,True,0.17883312923073927,1.7513183444296814,0.2549564,61,False,False,False,False,False,False,False,False
ENSG00000174197,ENSG00000174197,MGA,2960,True,0.11067307570768738,1.7505888011141977,0.25484133,61,False,False,False,False,False,False,False,False
ENSG00000272667,ENSG00000272667,ENSG00000272667,1206,True,0.04837802219671439,1.7516251216506618,0.25474414,61,False,False,False,False,False,False,False,False
ENSG00000133460,ENSG00000133460,SLC2A11,3543,True,0.1310640158128608,1.7503648399431035,0.25459972,61,False,False,False,False,False,False,False,False
ENSG00000150527,ENSG00000150527,MIA2,1978,True,0.07493715735778754,1.7505007346633574,0.25351,61,False,False,False,False,False,False,False,False
ENSG00000185963,ENSG00000185963,BICD2,3268,True,0.12303300574322153,1.75033832496745,0.25289226,61,False,False,False,False,False,False,False,False
ENSG00000167110,ENSG00000167110,GOLGA2,3871,True,0.14250288773809786,1.7483437176658336,0.25236878,61,False,False,False,False,False,False,False,False
ENSG00000066651,ENSG00000066651,TRMT11,2118,True,0.07958450501607166,1.7474862553680734,0.25229132,61,False,False,False,False,False,False,False,False
ENSG00000176953,ENSG00000176953,NFATC2IP,7466,True,0.26269090513504817,1.7509152189498378,0.250499,61,False,False,False,False,False,False,False,False
ENSG00000183718,ENSG00000183718,TRIM52,3137,True,0.1162018906155891,1.7494090144458487,0.24997342,61,False,False,False,False,False,False,False,False
ENSG00000107371,ENSG00000107371,EXOSC3,2322,True,0.0902075309481453,1.7483244243105815,0.24846779,61,False,False,False,False,False,False,False,False
ENSG00000070269,ENSG00000070269,TMEM260,1985,True,0.07474091775279455,1.750433174086818,0.2480667,61,False,False,False,False,False,False,False,False
ENSG00000169925,ENSG00000169925,BRD3,3642,True,0.13677998654349857,1.7495004956973121,0.2471805,61,False,False,False,False,False,False,False,False
ENSG00000273437,ENSG00000273437,ENSG00000273437,754,True,0.031710762799947806,1.7530825770049439,0.24618024,61,False,False,False,False,False,False,False,False
ENSG00000104219,ENSG00000104219,ZDHHC2,3036,True,0.12329253480093362,1.7468361815771813,0.2461584,61,False,False,False,False,False,False,False,False
ENSG00000116120,ENSG00000116120,FARSB,2947,True,0.11057214309150339,1.7489465538926465,0.24565151,61,False,False,False,False,False,False,False,False
ENSG00000116977,ENSG00000116977,LGALS8,3640,True,0.1339961429208469,1.748064212236863,0.24548618,61,False,False,False,False,False,False,False,False
ENSG00000134899,ENSG00000134899,ERCC5,2797,True,0.10409245108778883,1.748072749151325,0.24544813,61,False,False,False,False,False,False,False,False
ENSG00000087087,ENSG00000087087,SRRT,5183,True,0.1868883764066488,1.7482960556580212,0.24528225,61,False,False,False,False,False,False,False,False
ENSG00000165699,ENSG00000165699,TSC1,1610,True,0.05979524466036368,1.7172572158021682,0.24494083,61,False,False,False,False,False,False,False,False
ENSG00000187866,ENSG00000187866,PABIR1,2114,True,0.08133147391878778,1.7467256560277258,0.24485424,61,False,False,False,False,False,False,False,False
ENSG00000157184,ENSG00000157184,CPT2,1040,True,0.03907038685148684,1.7429730490841402,0.24451488,61,False,False,False,False,False,False,False,False
ENSG00000215193,ENSG00000215193,PEX26,2191,True,0.07954435586553334,1.7195637507235058,0.2437465,61,False,False,False,False,False,False,False,False
ENSG00000197312,ENSG00000197312,DDI2,2419,True,0.09045100247658336,1.745028610818518,0.24314708,61,False,False,False,False,False,False,False,False
ENSG00000122390,ENSG00000122390,NAA60,878,True,0.03503526289905133,1.6945714273832415,0.24300107,61,False,False,False,False,False,False,False,False
ENSG00000143951,ENSG00000143951,WDPCP,1539,True,0.05764319333674231,1.7502342766212033,0.24239352,61,False,False,False,False,False,False,False,False
ENSG00000185129,ENSG00000185129,PURA,2910,True,0.10781181098267108,1.7461150589678112,0.23880278,61,False,False,False,False,False,False,False,False
ENSG00000188647,ENSG00000188647,PTAR1,7996,True,0.2943340406777659,1.76122186794815,0.23876993,61,False,False,False,False,False,False,False,False
ENSG00000100450,ENSG00000100450,GZMH,3952,True,0.15095878141476804,1.7482792243322527,0.23772076,61,False,False,False,False,False,False,False,False
ENSG00000135720,ENSG00000135720,DYNC1LI2,3710,True,0.1338233744311759,1.7463691669672945,0.23767151,61,False,False,False,False,False,False,False,False
ENSG00000153130,ENSG00000153130,SCOC,5095,True,0.1876476476958456,1.7459683155335481,0.2374015,61,False,False,False,False,False,False,False,False
ENSG00000139428,ENSG00000139428,MMAB,2910,True,0.1101904399721902,1.7452073404867705,0.23738272,61,False,False,False,False,False,False,False,False
ENSG00000118217,ENSG00000118217,ATF6,5704,True,0.20128643048539144,1.7421761646873515,0.23616701,61,False,False,False,False,False,False,False,False
ENSG00000142784,ENSG00000142784,WDTC1,2219,True,0.08403633472498559,1.7472334658158546,0.23573515,61,False,False,False,False,False,False,False,False
ENSG00000153815,ENSG00000153815,CMIP,5178,True,0.19390610632426747,1.7479363463122426,0.23562212,61,False,False,False,False,False,False,False,False
ENSG00000105866,ENSG00000105866,SP4,2526,True,0.09429737817846907,1.7459305998546966,0.23475155,61,False,False,False,False,False,False,False,False
ENSG00000186352,ENSG00000186352,ANKRD37,2061,True,0.07896391387353115,1.745913986074096,0.23450123,61,False,False,False,False,False,False,False,False
ENSG00000165355,ENSG00000165355,FBXO33,4354,True,0.16446175746889516,1.7446977355557545,0.2321909,61,False,False,False,False,False,False,False,False
ENSG00000132670,ENSG00000132670,PTPRA,10367,True,0.35470592892157016,1.7666755396305995,0.23047657,61,False,False,False,False,False,False,False,False
ENSG00000008405,ENSG00000008405,CRY1,650,True,0.02625236770623096,1.7469494798669656,0.23041138,61,False,False,False,False,False,False,False,False
ENSG00000170871,ENSG00000170871,KIAA0232,2070,True,0.07712842803838313,1.7466483131827166,0.23011196,61,False,False,False,False,False,False,False,False
ENSG00000169682,ENSG00000169682,SPNS1,3597,True,0.13099325581134724,1.743927354003558,0.22926392,61,False,False,False,False,False,False,False,False
ENSG00000119729,ENSG00000119729,RHOQ,4743,True,0.1709153264029848,1.744333884509553,0.22864527,61,False,False,False,False,False,False,False,False
ENSG00000167635,ENSG00000167635,ZNF146,4323,True,0.15674775728236348,1.7429648329201564,0.2285449,61,False,False,False,False,False,False,False,False
ENSG00000103202,ENSG00000103202,NME4,6773,True,0.2440551924958634,1.747154445379981,0.2284953,61,False,False,False,False,False,False,False,False
ENSG00000204237,ENSG00000204237,OXLD1,7743,True,0.27366378486288584,1.7446061638319212,0.22840056,61,False,False,False,False,False,False,False,False
ENSG00000126883,ENSG00000126883,NUP214,5084,True,0.18174268557194748,1.7439487322409564,0.22718185,61,False,False,False,False,False,False,False,False
ENSG00000163006,ENSG00000163006,CCDC138,1382,True,0.054759594897036815,1.7417967219563322,0.22634204,61,False,False,False,False,False,False,False,False
ENSG00000181090,ENSG00000181090,EHMT1,6739,True,0.2345484038641026,1.7514446920506563,0.22612828,61,False,False,False,False,False,False,False,False
ENSG00000067596,ENSG00000067596,DHX8,4003,True,0.14708393196744599,1.7439431640241259,0.22560291,61,False,False,False,False,False,False,False,False
ENSG00000111647,ENSG00000111647,BLTP3B,2583,True,0.09574618499880003,1.7447325936850804,0.22549565,61,False,False,False,False,False,False,False,False
ENSG00000145736,ENSG00000145736,GTF2H2,3800,True,0.13857619312347244,1.7419318959960635,0.22510397,61,False,False,False,False,False,False,False,False
ENSG00000164136,ENSG00000164136,IL15,2066,True,0.08102737410562362,1.7417956217042132,0.22508825,61,False,False,False,False,False,False,False,False
ENSG00000028137,ENSG00000028137,TNFRSF1B,6121,True,0.2121315814319405,1.745384808138717,0.22458057,61,False,False,False,False,False,False,False,False
ENSG00000028839,ENSG00000028839,TBPL1,6603,True,0.24873943379137994,1.7484467935176544,0.224472,61,False,False,False,False,False,False,False,False
ENSG00000178904,ENSG00000178904,DPY19L3,866,True,0.03285160373219638,1.7349916314090315,0.22398372,61,False,False,False,False,False,False,False,False
ENSG00000102901,ENSG00000102901,CENPT,2875,True,0.10696065421982494,1.7426849739011734,0.2234662,61,False,False,False,False,False,False,False,False
ENSG00000173762,ENSG00000173762,CD7,5033,True,0.1691330067587558,1.7455482286184898,0.22171018,61,False,False,False,False,False,False,False,False
ENSG00000146833,ENSG00000146833,TRIM4,4050,True,0.14807026231259196,1.7430795633628022,0.2216743,61,False,False,False,False,False,False,False,False
ENSG00000152348,ENSG00000152348,ATG10,3384,True,0.12288682433480619,1.743576721722259,0.22096163,61,False,False,False,False,False,False,False,False
ENSG00000133641,ENSG00000133641,RLIG1,2151,True,0.08162811473246595,1.739538770589536,0.22061248,61,False,False,False,False,False,False,False,False
ENSG00000169964,ENSG00000169964,TMEM42,3889,True,0.14672158889210138,1.7438061009624577,0.21990605,61,False,False,False,False,False,False,False,False
ENSG00000260493,ENSG00000260493,E2F5-DT,453,True,0.01983914097314694,1.6756085914961254,0.21975483,61,False,False,False,False,False,False,False,False
ENSG00000115839,ENSG00000115839,RAB3GAP1,8469,True,0.3038950870994348,1.7596769244838895,0.2191116,61,False,False,False,False,False,False,False,False
ENSG00000137814,ENSG00000137814,HAUS2,2983,True,0.10987411824977206,1.742896403772775,0.21741143,61,False,False,False,False,False,False,False,False
ENSG00000198040,ENSG00000198040,ZNF84,1037,True,0.04290544718789835,1.7418348664824934,0.2169716,61,False,False,False,False,False,False,False,False
ENSG00000130803,ENSG00000130803,ZNF317,1813,True,0.06925145478016419,1.744586078133267,0.21630995,61,False,False,False,False,False,False,False,False
ENSG00000132635,ENSG00000132635,PCED1A,1841,True,0.07004913933297206,1.7386132562785377,0.21453713,61,False,False,False,False,False,False,False,False
ENSG00000101911,ENSG00000101911,PRPS2,4759,True,0.17555455244653856,1.7406966983573893,0.2132284,61,False,False,False,False,False,False,False,False
ENSG00000159256,ENSG00000159256,MORC3,9982,True,0.3486966276809349,1.7645216938732124,0.21234824,61,False,False,False,False,False,False,False,False
ENSG00000145016,ENSG00000145016,RUBCN,5067,True,0.1818617506151023,1.7404470991932413,0.20978172,61,False,False,False,False,False,False,False,False
ENSG00000103496,ENSG00000103496,STX4,4862,True,0.17845385473126704,1.7412553228361012,0.20883062,61,False,False,False,False,False,False,False,False
ENSG00000141551,ENSG00000141551,CSNK1D,9441,True,0.32555112663327795,1.768134811093586,0.20819093,61,False,False,False,False,False,False,False,False
ENSG00000145191,ENSG00000145191,EIF2B5,5620,True,0.20580695481892855,1.7390173015074133,0.2077963,61,False,False,False,False,False,False,False,False
ENSG00000035403,ENSG00000035403,VCL,4278,True,0.1565116072253185,1.7378338286004562,0.2074273,61,False,False,False,False,False,False,False,False
ENSG00000198373,ENSG00000198373,WWP2,2811,True,0.10446378700601207,1.737268227711905,0.20741746,61,False,False,False,False,False,False,False,False
ENSG00000167721,ENSG00000167721,TSR1,2935,True,0.10546096535361972,1.7367284236206784,0.20523243,61,False,False,False,False,False,False,False,False
ENSG00000083168,ENSG00000083168,KAT6A,8923,True,0.30543751023110155,1.7547001921706482,0.20254397,61,False,False,False,False,False,False,False,False
ENSG00000181350,ENSG00000181350,LRRC75A,3009,True,0.10751499192184291,1.7364179818025252,0.20085555,61,False,False,False,False,False,False,False,False
ENSG00000168802,ENSG00000168802,CHTF8,4964,True,0.18052244552238797,1.73665315214744,0.20072459,61,False,False,False,False,False,False,False,False
ENSG00000111850,ENSG00000111850,SMIM8,2650,True,0.10791407805769661,1.7376554924881276,0.20041549,61,False,False,False,False,False,False,False,False
ENSG00000185033,ENSG00000185033,SEMA4B,5469,True,0.19110865453613676,1.7384039036255359,0.20017675,61,False,False,False,False,False,False,False,False
ENSG00000204922,ENSG00000204922,UQCC3,6848,True,0.25111735311324385,1.7389295222144143,0.19964544,61,False,False,False,False,False,False,False,False
ENSG00000156711,ENSG00000156711,MAPK13,2089,True,0.07996747881879873,1.7370553451859818,0.1961834,61,False,False,False,False,False,False,False,False
ENSG00000104047,ENSG00000104047,DTWD1,2785,True,0.10417542428433023,1.7335341717163784,0.19262393,61,False,False,False,False,False,False,False,False
ENSG00000071564,ENSG00000071564,TCF3,5981,True,0.21637564349095922,1.73524717654987,0.1890145,61,False,False,False,False,False,False,False,False
ENSG00000156304,ENSG00000156304,SCAF4,7868,True,0.2763447799791839,1.7430859003927701,0.18853669,61,False,False,False,False,False,False,False,False
ENSG00000165714,ENSG00000165714,BORCS5,4045,True,0.15145797118316068,1.7334925771125413,0.18147592,61,False,False,False,False,False,False,False,False
ENSG00000089351,ENSG00000089351,GRAMD1A,4691,True,0.16838777962837922,1.7338956065159898,0.1795247,61,False,False,False,False,False,False,False,False
ENSG00000066379,ENSG00000066379,POLR1H,7214,True,0.25994850244010237,1.731629474293243,0.17512548,61,False,False,False,False,False,False,False,False
ENSG00000055917,ENSG00000055917,PUM2,6324,True,0.22138309354753083,1.7491224208737004,0.17366996,61,False,False,False,False,False,False,False,False
ENSG00000137497,ENSG00000137497,NUMA1,4064,True,0.1447462198754206,1.7326148048561032,0.17250645,61,False,False,False,False,False,False,False,False
ENSG00000092020,ENSG00000092020,PPP2R3C,8025,True,0.2827000823764817,1.743088230739926,0.17234425,61,False,False,False,False,False,False,False,False
ENSG00000185728,ENSG00000185728,YTHDF3,3214,True,0.11677023104334525,1.7271473595916647,0.1714561,61,False,False,False,False,False,False,False,False
ENSG00000160058,ENSG00000160058,BSDC1,7322,True,0.2530669019752545,1.7372132812549184,0.17055683,61,False,False,False,False,False,False,False,False
ENSG00000189079,ENSG00000189079,ARID2,4024,True,0.14521254270463924,1.7300319695222017,0.16807994,61,False,False,False,False,False,False,False,False
ENSG00000116213,ENSG00000116213,WRAP73,2223,True,0.08349204455368522,1.7287555835961976,0.16296518,61,False,False,False,False,False,False,False,False
ENSG00000095574,ENSG00000095574,IKZF5,3009,True,0.11176753052782322,1.7298162549713871,0.1624349,61,False,False,False,False,False,False,False,False
ENSG00000114626,ENSG00000114626,ABTB1,7520,True,0.2628755477029373,1.734028480942831,0.16172639,61,False,False,False,False,False,False,False,False
ENSG00000155508,ENSG00000155508,CNOT8,6538,True,0.233928479606449,1.7287752330338302,0.15991439,61,False,False,False,False,False,False,False,False
ENSG00000173889,ENSG00000173889,PHC3,8732,True,0.30403656410666924,1.7586579975754537,0.14056209,61,False,False,False,False,False,False,False,False
ENSG00000156738,ENSG00000156738,MS4A1,88368,True,2.251954182359241,2.0325890775985127,0.46538216,60,False,False,False,False,False,False,False,False
ENSG00000188994,ENSG00000188994,ZNF292,14313,True,0.4858928151197288,1.7968443933298546,0.43259645,60,False,False,False,False,False,False,False,False
ENSG00000091490,ENSG00000091490,SEL1L3,17454,True,0.5709788800307662,1.798717887618691,0.42898026,60,False,False,False,False,False,False,False,False
ENSG00000066654,ENSG00000066654,THUMPD1,12865,True,0.4515078650634983,1.7914933263834947,0.42654797,60,False,False,False,False,False,False,False,False
ENSG00000078018,ENSG00000078018,MAP2,572,True,0.024775970742601613,1.7822154896831512,0.40542048,60,False,False,False,False,False,False,False,False
ENSG00000133739,ENSG00000133739,LRRCC1,816,True,0.03259718302590046,1.7528749624038413,0.4027642,60,False,False,False,False,False,False,False,False
ENSG00000129810,ENSG00000129810,SGO1,1801,True,0.07262097740534695,1.77971337617943,0.3971516,60,False,False,False,False,False,False,False,False
ENSG00000100644,ENSG00000100644,HIF1A,17179,True,0.5562063809503299,1.7982006710268914,0.39702308,60,False,False,False,False,False,False,False,False
ENSG00000177112,ENSG00000177112,IRAG1-AS1,1307,True,0.05496069497005213,1.7734722280540793,0.38051704,60,False,False,False,False,False,False,False,False
ENSG00000260589,ENSG00000260589,STAM-DT,557,True,0.02444942204699955,1.77453239297677,0.37782767,60,False,False,False,False,False,False,False,False
ENSG00000106624,ENSG00000106624,AEBP1,1492,True,0.05705007650828688,1.7761479535379971,0.3676651,60,False,False,False,False,False,False,False,False
ENSG00000145908,ENSG00000145908,ZNF300,376,True,0.01588770947802121,1.6447512288814854,0.36373028,60,False,False,False,False,False,False,False,False
ENSG00000256229,ENSG00000256229,ZNF486,813,True,0.03177191479469011,1.6534881801389738,0.36282718,60,False,False,False,False,False,False,False,False
ENSG00000160991,ENSG00000160991,ORAI2,22785,True,0.7043374155757066,1.810204613077539,0.35326508,60,False,False,False,False,False,False,False,False
ENSG00000154721,ENSG00000154721,JAM2,333,True,0.015340779143493967,1.6298980070446825,0.34935832,60,False,False,False,False,False,False,False,False
ENSG00000262420,ENSG00000262420,TXNDC11-AS1,430,True,0.017540167111953584,1.6875651517862913,0.34474838,60,False,False,False,False,False,False,False,False
ENSG00000122643,ENSG00000122643,NT5C3A,23288,True,0.7507175089596996,1.8145922383542556,0.34386927,60,False,False,False,False,False,False,False,False
ENSG00000273270,ENSG00000273270,LINC03072,874,True,0.033766761876870915,1.7626094595021078,0.3351801,60,False,False,False,False,False,False,False,False
ENSG00000177272,ENSG00000177272,KCNA3,2310,True,0.07933151306234244,1.7326817216450374,0.33429176,60,False,False,False,False,False,False,False,False
ENSG00000154767,ENSG00000154767,XPC,10036,True,0.3555806058268721,1.7805335913991271,0.32802325,60,False,False,False,False,False,False,False,False
ENSG00000232229,ENSG00000232229,LINC00865,264,True,0.011827545032306996,1.5156175497875273,0.3280041,60,False,False,False,False,False,False,False,False
ENSG00000105856,ENSG00000105856,HBP1,9891,True,0.3505202489413715,1.779198554553143,0.32702848,60,False,False,False,False,False,False,False,False
ENSG00000111877,ENSG00000111877,MCM9,1898,True,0.06943824921228857,1.7684563814060197,0.326154,60,False,False,False,False,False,False,False,False
ENSG00000162607,ENSG00000162607,USP1,9579,True,0.33131857054508584,1.7733553638277022,0.32557675,60,False,False,False,False,False,False,False,False
ENSG00000118495,ENSG00000118495,PLAGL1,1281,True,0.05125039354564386,1.763599662441488,0.32429478,60,False,False,False,False,False,False,False,False
ENSG00000111144,ENSG00000111144,LTA4H,21106,True,0.6746619587962386,1.8014363328495329,0.32124847,60,False,False,False,False,False,False,False,False
ENSG00000186815,ENSG00000186815,TPCN1,1338,True,0.0520390732981487,1.7634584139060288,0.31961215,60,False,False,False,False,False,False,False,False
ENSG00000272688,ENSG00000272688,ENSG00000272688,1065,True,0.04216520447281259,1.7301334386676026,0.3188581,60,False,False,False,False,False,False,False,False
ENSG00000241666,ENSG00000241666,ENSG00000241666,357,True,0.015686786030385088,1.6697921551040529,0.31807074,60,False,False,False,False,False,False,False,False
ENSG00000176896,ENSG00000176896,TCEANC,1309,True,0.05138955151137043,1.735890808920871,0.31742167,60,False,False,False,False,False,False,False,False
ENSG00000260682,ENSG00000260682,RN7SKP176,4613,True,0.16442941001625225,1.7611624378567472,0.31594345,60,False,False,False,False,False,False,False,False
ENSG00000204623,ENSG00000204623,POLR1HASP,1217,True,0.048760692941579135,1.7624794731971136,0.3158916,60,False,False,False,False,False,False,False,False
ENSG00000229043,ENSG00000229043,ZFAND2A-DT,1014,True,0.04141824390057371,1.7636560243429225,0.31537893,60,False,False,False,False,False,False,False,False
ENSG00000138376,ENSG00000138376,BARD1,2176,True,0.08598781298754615,1.764440229527124,0.31512788,60,False,False,False,False,False,False,False,False
ENSG00000272829,ENSG00000272829,ENSG00000272829,550,True,0.023693695143531427,1.7408392281389113,0.31501937,60,False,False,False,False,False,False,False,False
ENSG00000099953,ENSG00000099953,MMP11,599,True,0.02433543251166479,1.696262036639233,0.31426406,60,False,False,False,False,False,False,False,False
ENSG00000182919,ENSG00000182919,C11orf54,2489,True,0.09605547571335876,1.7616557269847624,0.3129256,60,False,False,False,False,False,False,False,False
ENSG00000163565,ENSG00000163565,IFI16,47362,True,1.312065727462961,1.8632492403696177,0.31251732,60,False,False,False,False,False,False,False,True
ENSG00000225975,ENSG00000225975,ZNF567-DT,796,True,0.033952309612365686,1.7623393381642283,0.31061468,60,False,False,False,False,False,False,False,False
ENSG00000132185,ENSG00000132185,FCRLA,25425,True,0.794423934594261,1.8122353036881238,0.3098481,60,False,False,False,False,False,False,False,False
ENSG00000197885,ENSG00000197885,NKIRAS1,626,True,0.026530778878954744,1.756716210802403,0.30830407,60,False,False,False,False,False,False,False,False
ENSG00000004534,ENSG00000004534,RBM6,15895,True,0.5350283169548056,1.784819430773011,0.30768076,60,False,False,False,False,False,False,False,False
ENSG00000234284,ENSG00000234284,ZNF879,619,True,0.024771437579535958,1.6610971478505854,0.30664834,60,False,False,False,False,False,False,False,False
ENSG00000255423,ENSG00000255423,EBLN2,1188,True,0.04641862633367251,1.763237865276526,0.3046345,60,False,False,False,False,False,False,False,False
ENSG00000198771,ENSG00000198771,RCSD1,35258,True,1.0002598305819221,1.8345564657814593,0.30388942,60,False,False,False,False,False,False,False,False
ENSG00000113318,ENSG00000113318,MSH3,4181,True,0.15110621594020557,1.756669793045925,0.30172634,60,False,False,False,False,False,False,False,False
ENSG00000152926,ENSG00000152926,ZNF117,1111,True,0.0429546587776841,1.7336596265230342,0.29859573,60,False,False,False,False,False,False,False,False
ENSG00000169118,ENSG00000169118,CSNK1G1,1866,True,0.07134082836778087,1.7557237941662642,0.29857838,60,False,False,False,False,False,False,False,False
ENSG00000153561,ENSG00000153561,RMND5A,2847,True,0.10702082093056413,1.7570775128504186,0.29676497,60,False,False,False,False,False,False,False,False
ENSG00000099326,ENSG00000099326,MZF1,2160,True,0.08116597652683616,1.7598540106050167,0.2966778,60,False,False,False,False,False,False,False,False
ENSG00000198556,ENSG00000198556,ZNF789,1715,True,0.06932139051528433,1.7625841746307584,0.29507288,60,False,False,False,False,False,False,False,False
ENSG00000166012,ENSG00000166012,TAF1D,33727,True,0.9802871226137332,1.828581147469629,0.29297388,60,False,False,False,False,False,False,False,False
ENSG00000166900,ENSG00000166900,STX3,1295,True,0.0529306710735069,1.7313854172018972,0.29272825,60,False,False,False,False,False,False,False,False
ENSG00000111224,ENSG00000111224,PARP11,2297,True,0.08791509550255808,1.7562726287943429,0.28598845,60,False,False,False,False,False,False,False,False
ENSG00000101405,ENSG00000101405,OXT,608,True,0.025186560589852268,1.7532937080428042,0.2848356,60,False,False,False,False,False,False,False,False
ENSG00000163935,ENSG00000163935,SFMBT1,2696,True,0.09862026845801956,1.7577138400496226,0.2845,60,False,False,False,False,False,False,False,False
ENSG00000182670,ENSG00000182670,TTC3,24125,True,0.7505561081605095,1.8073698323848026,0.28447008,60,False,False,False,False,False,False,False,False
ENSG00000259877,ENSG00000259877,ZNF778-DT,343,True,0.014160788033933553,1.5993467122331757,0.28393945,60,False,False,False,False,False,False,False,False
ENSG00000155100,ENSG00000155100,OTUD6B,2106,True,0.08176430484650633,1.7579396833547392,0.28229386,60,False,False,False,False,False,False,False,False
ENSG00000198420,ENSG00000198420,TCAF1,1519,True,0.05881125182111144,1.7540637718335652,0.28138134,60,False,False,False,False,False,False,False,False
ENSG00000139350,ENSG00000139350,NEDD1,2076,True,0.07918352699065004,1.7576296745910691,0.2813421,60,False,False,False,False,False,False,False,False
ENSG00000115504,ENSG00000115504,EHBP1,1827,True,0.06980262545695137,1.7538928288614402,0.2805213,60,False,False,False,False,False,False,False,False
ENSG00000196693,ENSG00000196693,ZNF33B,2462,True,0.09150640981555828,1.75295108796685,0.28010473,60,False,False,False,False,False,False,False,False
ENSG00000145868,ENSG00000145868,FBXO38,1998,True,0.07342124302398464,1.7564103477740454,0.2797492,60,False,False,False,False,False,False,False,False
ENSG00000221916,ENSG00000221916,C19orf73,591,True,0.025763177214202838,1.7284325760751018,0.27911448,60,False,False,False,False,False,False,False,False
ENSG00000153094,ENSG00000153094,BCL2L11,3980,True,0.13939272700392663,1.7557095760681698,0.2790935,60,False,False,False,False,False,False,False,False
ENSG00000134597,ENSG00000134597,RBMX2,5875,True,0.2112704588702213,1.7535995769290367,0.27893186,60,False,False,False,False,False,False,False,False
ENSG00000001561,ENSG00000001561,ENPP4,1574,True,0.057639385247184566,1.7560945199787392,0.278686,60,False,False,False,False,False,False,False,False
ENSG00000258325,ENSG00000258325,ITFG2-AS1,893,True,0.035407558274524714,1.7241285441943484,0.2779847,60,False,False,False,False,False,False,False,False
ENSG00000144802,ENSG00000144802,NFKBIZ,8989,True,0.31532757220193247,1.769378087558311,0.27766836,60,False,False,False,False,False,False,False,False
ENSG00000151422,ENSG00000151422,FER,1907,True,0.07403438942235593,1.7542662661414425,0.27484137,60,False,False,False,False,False,False,False,False
ENSG00000182923,ENSG00000182923,CEP63,5294,True,0.18940594446616824,1.7534368919244014,0.27449262,60,False,False,False,False,False,False,False,False
ENSG00000165675,ENSG00000165675,ENOX2,2381,True,0.0902266477908297,1.7535429359913832,0.2733667,60,False,False,False,False,False,False,False,False
ENSG00000149084,ENSG00000149084,HSD17B12,4542,True,0.16396964514511236,1.7542846672578234,0.26890546,60,False,False,False,False,False,False,False,False
ENSG00000272426,ENSG00000272426,ENSG00000272426,731,True,0.03612145207551546,1.7307876797644548,0.26863664,60,False,False,False,False,False,False,False,False
ENSG00000227354,ENSG00000227354,RBM26-AS1,683,True,0.0268901442115034,1.7539303191802593,0.26735398,60,False,False,False,False,False,False,False,False
ENSG00000180979,ENSG00000180979,LRRC57,1419,True,0.05280057694057821,1.7502660858198185,0.26652664,60,False,False,False,False,False,False,False,False
ENSG00000104880,ENSG00000104880,ARHGEF18,3152,True,0.12178435710811013,1.7539021517419109,0.26522535,60,False,False,False,False,False,False,False,False
ENSG00000272894,ENSG00000272894,MIOS-DT,897,True,0.03654446024633084,1.729520328010139,0.2642153,60,False,False,False,False,False,False,False,False
ENSG00000175104,ENSG00000175104,TRAF6,1870,True,0.07111259597803075,1.7507933750561835,0.26335722,60,False,False,False,False,False,False,False,False
ENSG00000169660,ENSG00000169660,HEXD,3863,True,0.14261120044903752,1.748366158260563,0.26032257,60,False,False,False,False,False,False,False,False
ENSG00000102897,ENSG00000102897,LYRM1,6057,True,0.2211513875587943,1.7493961824024131,0.25920886,60,False,False,False,False,False,False,False,False
ENSG00000154059,ENSG00000154059,IMPACT,2160,True,0.08203463317656837,1.7468445306767124,0.25771183,60,False,False,False,False,False,False,False,False
ENSG00000133985,ENSG00000133985,TTC9,1738,True,0.06689351007602586,1.7527506251311407,0.2573564,60,False,False,False,False,False,False,False,False
ENSG00000197050,ENSG00000197050,ZNF420,1310,True,0.052346828440859056,1.7518813276702003,0.25713792,60,False,False,False,False,False,False,False,False
ENSG00000175536,ENSG00000175536,LIPT2,834,True,0.03398838078709049,1.7536903816635065,0.25700977,60,False,False,False,False,False,False,False,False
ENSG00000172831,ENSG00000172831,CES2,2080,True,0.07849501520212845,1.7494539421375999,0.25487813,60,False,False,False,False,False,False,False,False
ENSG00000105339,ENSG00000105339,DENND3,3586,True,0.1332356629354758,1.7480695402593194,0.25455946,60,False,False,False,False,False,False,False,False
ENSG00000021574,ENSG00000021574,SPAST,2277,True,0.0837478003374118,1.7469250382318875,0.253745,60,False,False,False,False,False,False,False,False
ENSG00000250903,ENSG00000250903,GMDS-DT,2052,True,0.07679191291059895,1.7513115284912133,0.2536626,60,False,False,False,False,False,False,False,False
ENSG00000136153,ENSG00000136153,LMO7,1028,True,0.04025095249106459,1.7436119267302954,0.25252792,60,False,False,False,False,False,False,False,False
ENSG00000229124,ENSG00000229124,VIM-AS1,3286,True,0.12254141834601405,1.754053577363078,0.25222954,60,False,False,False,False,False,False,False,False
ENSG00000174839,ENSG00000174839,DENND6A,2023,True,0.07527778632618375,1.7522720048326426,0.25176767,60,False,False,False,False,False,False,False,False
ENSG00000131791,ENSG00000131791,PRKAB2,1431,True,0.05606542984872518,1.7507698281085218,0.2517115,60,False,False,False,False,False,False,False,False
ENSG00000163848,ENSG00000163848,ZNF148,9616,True,0.3319691444440397,1.764160692925578,0.24987568,60,False,False,False,False,False,False,False,False
ENSG00000141905,ENSG00000141905,NFIC,2717,True,0.10114523655049766,1.748337072998678,0.24983875,60,False,False,False,False,False,False,False,False
ENSG00000110435,ENSG00000110435,PDHX,2196,True,0.08257890100466846,1.7471882648135597,0.24902031,60,False,False,False,False,False,False,False,False
ENSG00000272092,ENSG00000272092,ENSG00000272092,890,True,0.036738757089760855,1.744086610215838,0.24698,60,False,False,False,False,False,False,False,False
ENSG00000163960,ENSG00000163960,UBXN7,4383,True,0.15811417081264295,1.7488070905135702,0.24618635,60,False,False,False,False,False,False,False,False
ENSG00000261359,ENSG00000261359,PYCARD-AS1,2118,True,0.08160850304487689,1.7477317699565447,0.24594873,60,False,False,False,False,False,False,False,False
ENSG00000145375,ENSG00000145375,AFG2A,1501,True,0.05762600625246986,1.7494073311220781,0.2452152,60,False,False,False,False,False,False,False,False
ENSG00000064703,ENSG00000064703,DDX20,2238,True,0.08511145765725812,1.7475333650839637,0.2450826,60,False,False,False,False,False,False,False,False
ENSG00000083642,ENSG00000083642,PDS5B,6882,True,0.2512920994873776,1.7550142566716291,0.24495558,60,False,False,False,False,False,False,False,False
ENSG00000030066,ENSG00000030066,NUP160,6206,True,0.2212487995840543,1.7490582630497302,0.24483168,60,False,False,False,False,False,False,False,False
ENSG00000241058,ENSG00000241058,NSUN6,3706,True,0.14693623033270142,1.7478167168519845,0.24387413,60,False,False,False,False,False,False,False,False
ENSG00000136381,ENSG00000136381,IREB2,6883,True,0.24239317157589832,1.7543739691655669,0.24293771,60,False,False,False,False,False,False,False,False
ENSG00000136141,ENSG00000136141,LRCH1,2895,True,0.10840510039037862,1.7450750231236967,0.24247047,60,False,False,False,False,False,False,False,False
ENSG00000176095,ENSG00000176095,IP6K1,3094,True,0.1112409578536417,1.748363139127706,0.24188711,60,False,False,False,False,False,False,False,False
ENSG00000217128,ENSG00000217128,FNIP1,2740,True,0.10479801443129264,1.7477836255432389,0.2412891,60,False,False,False,False,False,False,False,False
ENSG00000226479,ENSG00000226479,TMEM185B,1815,True,0.06974292833810712,1.7484917506188369,0.2409314,60,False,False,False,False,False,False,False,False
ENSG00000148943,ENSG00000148943,LIN7C,1684,True,0.06531616087231941,1.7455766575545573,0.2392303,60,False,False,False,False,False,False,False,False
ENSG00000085365,ENSG00000085365,SCAMP1,3495,True,0.12820581795879188,1.746889323020267,0.23874092,60,False,False,False,False,False,False,False,False
ENSG00000100926,ENSG00000100926,TM9SF1,1211,True,0.04467701504149612,1.6907176038348817,0.23866041,60,False,False,False,False,False,False,False,False
ENSG00000161835,ENSG00000161835,TAMALIN,2065,True,0.08297861924478961,1.7464476879204716,0.23750901,60,False,False,False,False,False,False,False,False
ENSG00000187790,ENSG00000187790,FANCM,1368,True,0.050502433288406874,1.710448641902577,0.23718286,60,False,False,False,False,False,False,False,False
ENSG00000177548,ENSG00000177548,RABEP2,6843,True,0.2408428115886056,1.7511546931350546,0.23698485,60,False,False,False,False,False,False,False,False
ENSG00000176624,ENSG00000176624,MEX3C,2304,True,0.08777133995214016,1.744752589399154,0.23642556,60,False,False,False,False,False,False,False,False
ENSG00000130939,ENSG00000130939,UBE4B,3107,True,0.11659320144269399,1.7470858969320384,0.23518585,60,False,False,False,False,False,False,False,False
ENSG00000148153,ENSG00000148153,INIP,2832,True,0.10937629056451793,1.747177476281434,0.2349011,60,False,False,False,False,False,False,False,False
ENSG00000178177,ENSG00000178177,LCORL,3628,True,0.13124274340489844,1.7430196266801132,0.23388559,60,False,False,False,False,False,False,False,False
ENSG00000205339,ENSG00000205339,IPO7,3527,True,0.13014444552615687,1.7471106115794612,0.23334049,60,False,False,False,False,False,False,False,False
ENSG00000162300,ENSG00000162300,ZFPL1,4256,True,0.16066799947767987,1.7446031361252317,0.23279665,60,False,False,False,False,False,False,False,False
ENSG00000221838,ENSG00000221838,AP4M1,1508,True,0.05920417159331795,1.7331175963107652,0.23270625,60,False,False,False,False,False,False,False,False
ENSG00000100722,ENSG00000100722,ZC3H14,2733,True,0.10177669349925082,1.743218852335874,0.2314469,60,False,False,False,False,False,False,False,False
ENSG00000214413,ENSG00000214413,BBIP1,3670,True,0.13588837310708246,1.744721516425802,0.23001277,60,False,False,False,False,False,False,False,False
ENSG00000083099,ENSG00000083099,LYRM2,9979,True,0.35328884845469993,1.765316986789133,0.23000711,60,False,False,False,False,False,False,False,False
ENSG00000265666,ENSG00000265666,RARA-AS1,536,True,0.023132605802948344,1.725700395089749,0.22893795,60,False,False,False,False,False,False,False,False
ENSG00000165288,ENSG00000165288,BRWD3,2349,True,0.0865416002539036,1.744072703937411,0.22868025,60,False,False,False,False,False,False,False,False
ENSG00000197429,ENSG00000197429,IPP,1497,True,0.05730251491925516,1.744366674206628,0.228478,60,False,False,False,False,False,False,False,False
ENSG00000145715,ENSG00000145715,RASA1,1951,True,0.07481969260559637,1.744653098381582,0.22826983,60,False,False,False,False,False,False,False,False
ENSG00000111300,ENSG00000111300,NAA25,3747,True,0.13994746241924433,1.745416469253904,0.22819526,60,False,False,False,False,False,False,False,False
ENSG00000188342,ENSG00000188342,GTF2F2,4362,True,0.15502130766760852,1.7430113059601944,0.22799745,60,False,False,False,False,False,False,False,False
ENSG00000165983,ENSG00000165983,PTER,2050,True,0.07741470860766418,1.7422610369452187,0.22789797,60,False,False,False,False,False,False,False,False
ENSG00000125686,ENSG00000125686,MED1,2840,True,0.10462972478372094,1.745281546386896,0.22753716,60,False,False,False,False,False,False,False,False
ENSG00000139508,ENSG00000139508,SLC46A3,2872,True,0.10790835983698387,1.7433942664663749,0.22678617,60,False,False,False,False,False,False,False,False
ENSG00000136731,ENSG00000136731,UGGT1,2395,True,0.08684475535577783,1.746411930465606,0.22645526,60,False,False,False,False,False,False,False,False
ENSG00000147592,ENSG00000147592,LACTB2,1754,True,0.066876628858875,1.7407753469285794,0.22606593,60,False,False,False,False,False,False,False,False
ENSG00000178397,ENSG00000178397,FAM220A,906,True,0.03692150393618125,1.746069705382542,0.22414775,60,False,False,False,False,False,False,False,False
ENSG00000127419,ENSG00000127419,TMEM175,3271,True,0.12073867802557317,1.7422655857224656,0.2236731,60,False,False,False,False,False,False,False,False
ENSG00000088035,ENSG00000088035,ALG6,2097,True,0.08083424960581526,1.7450304523407894,0.22327021,60,False,False,False,False,False,False,False,False
ENSG00000257815,ENSG00000257815,PRANCR,7909,True,0.30009170223662474,1.7529309101236905,0.22311193,60,False,False,False,False,False,False,False,False
ENSG00000102753,ENSG00000102753,KPNA3,4925,True,0.17389684752984996,1.74237429723841,0.22289343,60,False,False,False,False,False,False,False,False
ENSG00000143507,ENSG00000143507,DUSP10,1819,True,0.07159966899656707,1.7376593342196538,0.2228715,60,False,False,False,False,False,False,False,False
ENSG00000167904,ENSG00000167904,TMEM68,2185,True,0.08480502659778309,1.742213181006611,0.22243007,60,False,False,False,False,False,False,False,False
ENSG00000123552,ENSG00000123552,USP45,1877,True,0.07131447119504229,1.7416846668271146,0.22194998,60,False,False,False,False,False,False,False,False
ENSG00000121644,ENSG00000121644,DESI2,3172,True,0.11794588843935112,1.7437957475712715,0.221682,60,False,False,False,False,False,False,False,False
ENSG00000104689,ENSG00000104689,TNFRSF10A,2198,True,0.07942601831625584,1.7459373352328633,0.2215488,60,False,False,False,False,False,False,False,False
ENSG00000156521,ENSG00000156521,TYSND1,2865,True,0.10565624116018699,1.7442886202402865,0.22136451,60,False,False,False,False,False,False,False,False
ENSG00000171492,ENSG00000171492,LRRC8D,1955,True,0.07495808681545917,1.7450189767146904,0.22111528,60,False,False,False,False,False,False,False,False
ENSG00000119231,ENSG00000119231,SENP5,4852,True,0.17891408130231082,1.7411991546283903,0.22060366,60,False,False,False,False,False,False,False,False
ENSG00000134686,ENSG00000134686,PHC2,831,True,0.033270338656641994,1.7466668405283627,0.22052062,60,False,False,False,False,False,False,False,False
ENSG00000164074,ENSG00000164074,ABHD18,2043,True,0.07663836903170652,1.7418583760144941,0.22044969,60,False,False,False,False,False,False,False,False
ENSG00000109171,ENSG00000109171,SLAIN2,5057,True,0.1743429260832832,1.7411326789194228,0.22032873,60,False,False,False,False,False,False,False,False
ENSG00000119596,ENSG00000119596,YLPM1,3490,True,0.1277575897271199,1.7416413109762168,0.22021365,60,False,False,False,False,False,False,False,False
ENSG00000065357,ENSG00000065357,DGKA,5124,True,0.17776308458066872,1.7421770759235395,0.22016367,60,False,False,False,False,False,False,False,False
ENSG00000136738,ENSG00000136738,STAM,1580,True,0.062311354074304985,1.7427829498152951,0.21980722,60,False,False,False,False,False,False,False,False
ENSG00000089094,ENSG00000089094,KDM2B,4878,True,0.17959186677283087,1.7413754579512786,0.21897146,60,False,False,False,False,False,False,False,False
ENSG00000149483,ENSG00000149483,TMEM138,4668,True,0.16707755003361438,1.743660730546626,0.21820219,60,False,False,False,False,False,False,False,False
ENSG00000117602,ENSG00000117602,RCAN3,6749,True,0.2398624970501645,1.750737504207274,0.21815811,60,False,False,False,False,False,False,False,False
ENSG00000146083,ENSG00000146083,RNF44,5267,True,0.19513072263339346,1.7422348416551896,0.21797085,60,False,False,False,False,False,False,False,False
ENSG00000117394,ENSG00000117394,SLC2A1,5651,True,0.20591463287905387,1.742173043498925,0.21721293,60,False,False,False,False,False,False,False,False
ENSG00000186407,ENSG00000186407,CD300E,1148,True,0.04437525541309761,1.7234899425682428,0.21678153,60,False,False,False,False,False,False,False,False
ENSG00000141699,ENSG00000141699,RETREG3,3153,True,0.11174326555543175,1.7410438446713448,0.21667238,60,False,False,False,False,False,False,False,False
ENSG00000131196,ENSG00000131196,NFATC1,4941,True,0.17842115165382466,1.742677789450964,0.21634279,60,False,False,False,False,False,False,False,False
ENSG00000108094,ENSG00000108094,CUL2,3139,True,0.11576436134849365,1.740585545267682,0.21602549,60,False,False,False,False,False,False,False,False
ENSG00000120733,ENSG00000120733,KDM3B,2828,True,0.10500493250079662,1.7433833512368353,0.21591777,60,False,False,False,False,False,False,False,False
ENSG00000183475,ENSG00000183475,ASB7,1123,True,0.04301611613473493,1.7414045863832153,0.21526346,60,False,False,False,False,False,False,False,False
ENSG00000097007,ENSG00000097007,ABL1,964,True,0.03791276999960205,1.7412420057929656,0.21469373,60,False,False,False,False,False,False,False,False
ENSG00000237877,ENSG00000237877,LINC01473,1607,True,0.06267126836270434,1.738796764689968,0.21444476,60,False,False,False,False,False,False,False,False
ENSG00000223891,ENSG00000223891,OSER1-DT,1823,True,0.07042068758568266,1.7443944447893862,0.21416864,60,False,False,False,False,False,False,False,False
ENSG00000143379,ENSG00000143379,SETDB1,2993,True,0.11107028828296252,1.7389648810254619,0.2133059,60,False,False,False,False,False,False,False,False
ENSG00000164151,ENSG00000164151,ICE1,4657,True,0.1659604669885901,1.741482702153341,0.21306138,60,False,False,False,False,False,False,False,False
ENSG00000117899,ENSG00000117899,MESD,7985,True,0.2817790324211206,1.7501273730046556,0.21302642,60,False,False,False,False,False,False,False,False
ENSG00000130338,ENSG00000130338,TULP4,3428,True,0.1291155891287677,1.7405615701722632,0.21179503,60,False,False,False,False,False,False,False,False
ENSG00000089195,ENSG00000089195,TRMT6,3343,True,0.12410453692600393,1.7393042674195838,0.2113033,60,False,False,False,False,False,False,False,False
ENSG00000166619,ENSG00000166619,BLCAP,10563,True,0.3729347331353113,1.77122489190608,0.21125801,60,False,False,False,False,False,False,False,False
ENSG00000134905,ENSG00000134905,CARS2,3849,True,0.13900904201375988,1.7398461224943453,0.20968187,60,False,False,False,False,False,False,False,False
ENSG00000126749,ENSG00000126749,EMG1,5775,True,0.2109063646378983,1.7403984052454093,0.20909463,60,False,False,False,False,False,False,False,False
ENSG00000048828,ENSG00000048828,FAM120A,6563,True,0.2394259252776214,1.7384490821168967,0.20863466,60,False,False,False,False,False,False,False,False
ENSG00000159202,ENSG00000159202,UBE2Z,3891,True,0.1428156335158705,1.7403579004948377,0.20788111,60,False,False,False,False,False,False,False,False
ENSG00000105053,ENSG00000105053,VRK3,7043,True,0.2496301071377826,1.744257756157355,0.20750341,60,False,False,False,False,False,False,False,False
ENSG00000185324,ENSG00000185324,CDK10,3408,True,0.12517668108127422,1.7401527240692642,0.20711084,60,False,False,False,False,False,False,False,False
ENSG00000129691,ENSG00000129691,ASH2L,3145,True,0.11568218461343281,1.7416075971835132,0.20700374,60,False,False,False,False,False,False,False,False
ENSG00000105829,ENSG00000105829,BET1,3534,True,0.13380180814981155,1.7396187726534924,0.20532307,60,False,False,False,False,False,False,False,False
ENSG00000197982,ENSG00000197982,C1orf122,6324,True,0.2249499913525333,1.737215409110461,0.20519386,60,False,False,False,False,False,False,False,False
ENSG00000078043,ENSG00000078043,PIAS2,2428,True,0.09151439754786737,1.739735347475827,0.20384362,60,False,False,False,False,False,False,False,False
ENSG00000103978,ENSG00000103978,TMEM87A,7728,True,0.26604619249307604,1.7469872690282422,0.20347606,60,False,False,False,False,False,False,False,False
ENSG00000109572,ENSG00000109572,CLCN3,2795,True,0.1032048429703153,1.73815206389147,0.20334809,60,False,False,False,False,False,False,False,False
ENSG00000178188,ENSG00000178188,SH2B1,2981,True,0.10783568721329607,1.7390213789177111,0.20252874,60,False,False,False,False,False,False,False,False
ENSG00000178381,ENSG00000178381,ZFAND2A,6767,True,0.24108481618772667,1.7395326598007985,0.20245239,60,False,False,False,False,False,False,False,False
ENSG00000204120,ENSG00000204120,GIGYF2,4200,True,0.1504953841900793,1.7367039521391137,0.20036049,60,False,False,False,False,False,False,False,False
ENSG00000170653,ENSG00000170653,ATF7,3382,True,0.12781941915852058,1.736188658252306,0.19768038,60,False,False,False,False,False,False,False,False
ENSG00000119321,ENSG00000119321,FKBP15,2376,True,0.08825790483374517,1.7374974034228239,0.19761969,60,False,False,False,False,False,False,False,False
ENSG00000144401,ENSG00000144401,METTL21A,7708,True,0.2796374163959551,1.7473591281687817,0.19676298,60,False,False,False,False,False,False,False,False
ENSG00000134748,ENSG00000134748,PRPF38A,7355,True,0.26341276815707276,1.7412067371680544,0.1962922,60,False,False,False,False,False,False,False,False
ENSG00000160072,ENSG00000160072,ATAD3B,1202,True,0.04607306227656995,1.732276440409337,0.19574721,60,False,False,False,False,False,False,False,False
ENSG00000128159,ENSG00000128159,TUBGCP6,2198,True,0.0822757673628473,1.7358543504820032,0.19478518,60,False,False,False,False,False,False,False,False
ENSG00000104903,ENSG00000104903,LYL1,9934,True,0.34504038435847284,1.7644014693287557,0.19461708,60,False,False,False,False,False,False,False,False
ENSG00000127980,ENSG00000127980,PEX1,2677,True,0.09780285146738521,1.7363205355377231,0.19241147,60,False,False,False,False,False,False,False,False
ENSG00000196182,ENSG00000196182,STK40,2107,True,0.0777438442604767,1.7383195743895512,0.19229668,60,False,False,False,False,False,False,False,False
ENSG00000136935,ENSG00000136935,GOLGA1,1414,True,0.05415108599385093,1.7278764834108131,0.19182073,60,False,False,False,False,False,False,False,False
ENSG00000104825,ENSG00000104825,NFKBIB,4383,True,0.15705382557172462,1.7351563220504316,0.19092187,60,False,False,False,False,False,False,False,False
ENSG00000076770,ENSG00000076770,MBNL3,2753,True,0.10070792005175434,1.7357668737997265,0.19051395,60,False,False,False,False,False,False,False,False
ENSG00000135862,ENSG00000135862,LAMC1,1048,True,0.040070993513931126,1.6467347896820035,0.19044541,60,False,False,False,False,False,False,False,False
ENSG00000181904,ENSG00000181904,C5orf24,8100,True,0.2865329905881999,1.7497991853200596,0.18992947,60,False,False,False,False,False,False,False,False
ENSG00000148688,ENSG00000148688,RPP30,4725,True,0.17369736437507385,1.7352713518413416,0.18892802,60,False,False,False,False,False,False,False,False
ENSG00000170855,ENSG00000170855,TRIAP1,7458,True,0.27109859807130915,1.7398815655024338,0.18805046,60,False,False,False,False,False,False,False,False
ENSG00000102125,ENSG00000102125,TAFAZZIN,5626,True,0.20139030516836592,1.7334016751590675,0.18457644,60,False,False,False,False,False,False,False,False
ENSG00000122783,ENSG00000122783,CYREN,3128,True,0.11486449628819115,1.7356948805136085,0.183782,60,False,False,False,False,False,False,False,False
ENSG00000198912,ENSG00000198912,C1orf174,3056,True,0.11416527831285607,1.7368756704176873,0.18289453,60,False,False,False,False,False,False,False,False
ENSG00000111596,ENSG00000111596,CNOT2,8857,True,0.3080854677549687,1.7520445180578383,0.18165065,60,False,False,False,False,False,False,False,False
ENSG00000134371,ENSG00000134371,CDC73,6291,True,0.22106931725999024,1.7370632452997135,0.17931518,60,False,False,False,False,False,False,False,False
ENSG00000118922,ENSG00000118922,KLF12,4842,True,0.1719577025803777,1.7364256715465933,0.17929639,60,False,False,False,False,False,False,False,False
ENSG00000143889,ENSG00000143889,HNRNPLL,643,True,0.025573514124404072,1.722318324223052,0.17862706,60,False,False,False,False,False,False,False,False
ENSG00000172059,ENSG00000172059,KLF11,2737,True,0.10084607674659259,1.730419550165699,0.17593302,60,False,False,False,False,False,False,False,False
ENSG00000123444,ENSG00000123444,KBTBD4,2063,True,0.0790876363562605,1.7306038397740282,0.175067,60,False,False,False,False,False,False,False,False
ENSG00000131023,ENSG00000131023,LATS1,2654,True,0.09742148444166081,1.730853566288629,0.17216264,60,False,False,False,False,False,False,False,False
ENSG00000120458,ENSG00000120458,MSANTD2,535,True,0.02174597812525838,1.7351215302659704,0.1714351,60,False,False,False,False,False,False,False,False
ENSG00000112365,ENSG00000112365,ZBTB24,8748,True,0.30822279170862193,1.7546691111627895,0.16837426,60,False,False,False,False,False,False,False,False
ENSG00000100060,ENSG00000100060,MFNG,8310,True,0.2871648389060686,1.7468765483799038,0.16820689,60,False,False,False,False,False,False,False,False
ENSG00000154642,ENSG00000154642,C21orf91,2462,True,0.09030319311710903,1.7277656341665628,0.16510618,60,False,False,False,False,False,False,False,False
ENSG00000166037,ENSG00000166037,CEP57,9227,True,0.3171631793240287,1.7486256172994288,0.15826057,60,False,False,False,False,False,False,False,False
ENSG00000260032,ENSG00000260032,NORAD,8641,True,0.299511594097087,1.7494697227844223,0.15545961,60,False,False,False,False,False,False,False,False
ENSG00000033030,ENSG00000033030,ZCCHC8,3642,True,0.13033327924275412,1.7247516201897646,0.15218176,60,False,False,False,False,False,False,False,False
ENSG00000173120,ENSG00000173120,KDM2A,7771,True,0.26656792776951815,1.7501663879881582,0.1516697,60,False,False,False,False,False,False,False,False
ENSG00000134250,ENSG00000134250,NOTCH2,5807,True,0.20816317737029102,1.7357324862023453,0.1463189,60,False,False,False,False,False,False,False,False
ENSG00000123684,ENSG00000123684,LPGAT1,6459,True,0.22300112598763047,1.734751513540906,0.13882507,60,False,False,False,False,False,False,False,False
ENSG00000139193,ENSG00000139193,CD27,9268,True,0.3214201887361685,1.8705089915589412,1.0071955,59,False,False,False,False,False,False,False,False
ENSG00000160224,ENSG00000160224,AIRE,544,True,0.02448432496986069,1.7845132574253868,0.6500862,59,False,False,False,False,False,False,False,False
ENSG00000036448,ENSG00000036448,MYOM2,759,True,0.030427790966409615,1.7906169552222209,0.4186823,59,False,False,False,False,False,False,False,False
ENSG00000267275,ENSG00000267275,KLF2-DT,1212,True,0.05057289855611704,1.7757495919040884,0.38792092,59,False,False,False,False,False,False,False,False
ENSG00000261889,ENSG00000261889,ENSG00000261889,345,True,0.015192284621302038,1.6624447273750698,0.37865037,59,False,False,False,False,False,False,False,False
ENSG00000171649,ENSG00000171649,ZIK1,564,True,0.02329267573459941,1.6427068074436542,0.3735081,59,False,False,False,False,False,False,False,False
ENSG00000187187,ENSG00000187187,ZNF546,361,True,0.015299123391465148,1.599652546827142,0.36315078,59,False,False,False,False,False,False,False,False
ENSG00000255046,ENSG00000255046,ENSG00000255046,539,True,0.022618327121552404,1.6382841319186623,0.3624614,59,False,False,False,False,False,False,False,False
ENSG00000165209,ENSG00000165209,STRBP,19737,True,0.6513569460060626,1.8006433191695321,0.35491762,59,False,False,False,False,False,False,False,False
ENSG00000175643,ENSG00000175643,RMI2,1180,True,0.04898324259608098,1.772873320327205,0.35394973,59,False,False,False,False,False,False,False,False
ENSG00000168298,ENSG00000168298,H1-4,13416,True,0.4198570914188608,1.7909581416449292,0.35159394,59,False,False,False,False,False,False,False,False
ENSG00000178977,ENSG00000178977,LINC00324,2162,True,0.0831771560640625,1.7642718742150334,0.34132457,59,False,False,False,False,False,False,False,False
ENSG00000130413,ENSG00000130413,STK33,985,True,0.04055264955024838,1.764273493381537,0.3412303,59,False,False,False,False,False,False,False,False
ENSG00000188659,ENSG00000188659,SAXO2,362,True,0.015033722692648122,1.5735044460292977,0.3385628,59,False,False,False,False,False,False,False,False
ENSG00000139351,ENSG00000139351,SYCP3,454,True,0.0183138855695592,1.654695484856468,0.3307853,59,False,False,False,False,False,False,False,False
ENSG00000272463,ENSG00000272463,ENSG00000272463,515,True,0.021676129141732007,1.679329797357372,0.32117835,59,False,False,False,False,False,False,False,False
ENSG00000163221,ENSG00000163221,S100A12,6125,True,0.24007782540683323,1.7614915043916695,0.32075357,59,False,False,False,False,False,False,False,False
ENSG00000115970,ENSG00000115970,THADA,2258,True,0.08430789404153656,1.7658021125664312,0.3207016,59,False,False,False,False,False,False,False,False
ENSG00000180543,ENSG00000180543,TSPYL5,753,True,0.030849419647041295,1.7377427806166446,0.31774375,59,False,False,False,False,False,False,False,False
ENSG00000147536,ENSG00000147536,GINS4,778,True,0.030111576931570218,1.6732773902367428,0.3166795,59,False,False,False,False,False,False,False,False
ENSG00000158373,ENSG00000158373,H2BC5,1704,True,0.06727535695150978,1.7596583486874104,0.3132502,59,False,False,False,False,False,False,False,False
ENSG00000185811,ENSG00000185811,IKZF1,22760,True,0.7167636444855764,1.807631521222377,0.31043163,59,False,False,False,False,False,False,False,False
ENSG00000000457,ENSG00000000457,SCYL3,1573,True,0.060228756488523105,1.762392976319334,0.30948237,59,False,False,False,False,False,False,False,False
ENSG00000116922,ENSG00000116922,AIRIM,1414,True,0.05432544714855705,1.763490539101204,0.30719897,59,False,False,False,False,False,False,False,False
ENSG00000117090,ENSG00000117090,SLAMF1,1735,True,0.06598727621501498,1.7562417193093571,0.30199066,59,False,False,False,False,False,False,False,False
ENSG00000221883,ENSG00000221883,ARIH2OS,2370,True,0.09157516077089341,1.7610438797421701,0.30116135,59,False,False,False,False,False,False,False,False
ENSG00000165240,ENSG00000165240,ATP7A,850,True,0.03409522544351591,1.755208576744817,0.2974056,59,False,False,False,False,False,False,False,False
ENSG00000128000,ENSG00000128000,ZNF780B,1810,True,0.07212062532637382,1.762859395874959,0.29740256,59,False,False,False,False,False,False,False,False
ENSG00000164989,ENSG00000164989,CCDC171,769,True,0.029785134893914413,1.6872936790926552,0.29611704,59,False,False,False,False,False,False,False,False
ENSG00000261609,ENSG00000261609,GAN,1329,True,0.05258195585270309,1.7610637859665372,0.29565096,59,False,False,False,False,False,False,False,False
ENSG00000170989,ENSG00000170989,S1PR1,3075,True,0.1154482852448921,1.7606283543683907,0.29454696,59,False,False,False,False,False,False,False,False
ENSG00000260231,ENSG00000260231,KDM7A-DT,760,True,0.030969869789205982,1.758578628092405,0.2926676,59,False,False,False,False,False,False,False,False
ENSG00000212939,ENSG00000212939,ENSG00000212939,1159,True,0.04278100880302735,1.641916632102238,0.28946197,59,False,False,False,False,False,False,False,False
ENSG00000120526,ENSG00000120526,NUDCD1,2240,True,0.08870580089382911,1.7567947092197271,0.28821307,59,False,False,False,False,False,False,False,False
ENSG00000183647,ENSG00000183647,ZNF530,440,True,0.017938576663001603,1.6053819584349975,0.28582805,59,False,False,False,False,False,False,False,False
ENSG00000109184,ENSG00000109184,DCUN1D4,1513,True,0.05934093514141756,1.757068058091349,0.28484163,59,False,False,False,False,False,False,False,False
ENSG00000152439,ENSG00000152439,ZNF773,726,True,0.02815978833525994,1.5952669225960603,0.28400952,59,False,False,False,False,False,False,False,False
ENSG00000196110,ENSG00000196110,ZNF699,1418,True,0.055318486101278076,1.758878596628282,0.28361684,59,False,False,False,False,False,False,False,False
ENSG00000177989,ENSG00000177989,CIMAP1B,4997,True,0.18953328451268617,1.7570210695262949,0.28351074,59,False,False,False,False,False,False,False,False
ENSG00000243811,ENSG00000243811,APOBEC3D,2050,True,0.08302361797170615,1.75502393238136,0.27676114,59,False,False,False,False,False,False,False,False
ENSG00000244701,ENSG00000244701,ENSG00000244701,714,True,0.029269490823113434,1.752502871939451,0.27552795,59,False,False,False,False,False,False,False,False
ENSG00000140265,ENSG00000140265,ZSCAN29,992,True,0.040062917687356765,1.7501397486610408,0.27427503,59,False,False,False,False,False,False,False,False
ENSG00000260077,ENSG00000260077,ENSG00000260077,1409,True,0.05579842058802438,1.7524784102594184,0.27102378,59,False,False,False,False,False,False,False,False
ENSG00000148481,ENSG00000148481,MINDY3,1474,True,0.056237320772178315,1.752132867382771,0.2704724,59,False,False,False,False,False,False,False,False
ENSG00000165322,ENSG00000165322,ARHGAP12,2916,True,0.1064467311974802,1.7499694307005933,0.26929006,59,False,False,False,False,False,False,False,False
ENSG00000197892,ENSG00000197892,KIF13B,1600,True,0.05844868409573984,1.7559001925792537,0.2686006,59,False,False,False,False,False,False,False,False
ENSG00000234745,ENSG00000234745,HLA-B,113472,True,3.21265295906078,2.124241990701669,0.268154,59,False,False,False,False,False,False,False,False
ENSG00000167257,ENSG00000167257,RNF214,3160,True,0.11688558860600398,1.752080933404545,0.26784712,59,False,False,False,False,False,False,False,False
ENSG00000179562,ENSG00000179562,GCC1,1130,True,0.0434870860553787,1.7512049561780765,0.26766342,59,False,False,False,False,False,False,False,False
ENSG00000137267,ENSG00000137267,TUBB2A,1813,True,0.07226991569503244,1.7569443396619002,0.26700363,59,False,False,False,False,False,False,False,False
ENSG00000254093,ENSG00000254093,PINX1,1924,True,0.07291274710206477,1.7515886001045367,0.2636285,59,False,False,False,False,False,False,False,False
ENSG00000272758,ENSG00000272758,WDR5B-DT,1163,True,0.04352098822504366,1.6656825934146013,0.26350796,59,False,False,False,False,False,False,False,False
ENSG00000142166,ENSG00000142166,IFNAR1,12229,True,0.4034136198776693,1.773426553371584,0.26263255,59,False,False,False,False,False,False,False,False
ENSG00000148925,ENSG00000148925,BTBD10,1740,True,0.06605568046760629,1.7495400823876266,0.2618654,59,False,False,False,False,False,False,False,False
ENSG00000160318,ENSG00000160318,CLDND2,725,True,0.03218546812516514,1.7288401216445521,0.2614547,59,False,False,False,False,False,False,False,False
ENSG00000113441,ENSG00000113441,LNPEP,11271,True,0.39306975456849896,1.7752541655883085,0.2610799,59,False,False,False,False,False,False,False,False
ENSG00000164241,ENSG00000164241,C5orf63,2287,True,0.0884120189814997,1.7523227562571522,0.26034775,59,False,False,False,False,False,False,False,False
ENSG00000228223,ENSG00000228223,HCG11,1525,True,0.05831134243738955,1.7468518416780179,0.2593085,59,False,False,False,False,False,False,False,False
ENSG00000166477,ENSG00000166477,LEO1,2099,True,0.07778763042859103,1.7480980648254003,0.25798702,59,False,False,False,False,False,False,False,False
ENSG00000151353,ENSG00000151353,TMEM18,5460,True,0.19703777626413624,1.7475182994024876,0.25727826,59,False,False,False,False,False,False,False,False
ENSG00000134744,ENSG00000134744,TUT4,19664,True,0.61820974474185,1.7889726315055283,0.25682628,59,False,False,False,False,False,False,False,False
ENSG00000249592,ENSG00000249592,PCGF3-AS1,1005,True,0.037177999531700305,1.7230862707153614,0.25640383,59,False,False,False,False,False,False,False,False
ENSG00000104907,ENSG00000104907,TRMT1,8529,True,0.30634751706851987,1.7583540543242604,0.25623327,59,False,False,False,False,False,False,False,False
ENSG00000186409,ENSG00000186409,CCDC30,975,True,0.038654278171889433,1.7261670741626702,0.25504312,59,False,False,False,False,False,False,False,False
ENSG00000147133,ENSG00000147133,TAF1,3072,True,0.11496613935435213,1.7499392508532567,0.25441048,59,False,False,False,False,False,False,False,False
ENSG00000251136,ENSG00000251136,PARAIL,1396,True,0.054807986786146005,1.7518872651639144,0.25241145,59,False,False,False,False,False,False,False,False
ENSG00000198799,ENSG00000198799,LRIG2,1473,True,0.056813031877247226,1.728695473156897,0.25200793,59,False,False,False,False,False,False,False,False
ENSG00000174125,ENSG00000174125,TLR1,2254,True,0.08549562366181826,1.7495469129231251,0.24957499,59,False,False,False,False,False,False,False,False
ENSG00000111364,ENSG00000111364,DDX55,2902,True,0.10688643869152945,1.7491780759323232,0.24951045,59,False,False,False,False,False,False,False,False
ENSG00000105486,ENSG00000105486,LIG1,2669,True,0.09853640124538554,1.7477596236726887,0.24907607,59,False,False,False,False,False,False,False,False
ENSG00000213918,ENSG00000213918,DNASE1,1738,True,0.06464517905522192,1.7463222270626324,0.2489572,59,False,False,False,False,False,False,False,False
ENSG00000074657,ENSG00000074657,ZNF532,1703,True,0.06606328900027389,1.7486807855822866,0.24853268,59,False,False,False,False,False,False,False,False
ENSG00000073331,ENSG00000073331,ALPK1,1487,True,0.05781700304253712,1.7477144358996457,0.24796961,59,False,False,False,False,False,False,False,False
ENSG00000117475,ENSG00000117475,BLZF1,1750,True,0.06748442388891639,1.7486753842134712,0.24785806,59,False,False,False,False,False,False,False,False
ENSG00000143319,ENSG00000143319,ISG20L2,4700,True,0.1711442135972302,1.7497943782543468,0.24784794,59,False,False,False,False,False,False,False,False
ENSG00000156172,ENSG00000156172,CFAP418,590,True,0.02428286280703116,1.7288461189547206,0.24728766,59,False,False,False,False,False,False,False,False
ENSG00000197530,ENSG00000197530,MIB2,3920,True,0.1464867176788718,1.7506105760465764,0.2464572,59,False,False,False,False,False,False,False,False
ENSG00000231721,ENSG00000231721,LINC-PINT,12560,True,0.43154632316225644,1.777690882951701,0.24581513,59,False,False,False,False,False,False,False,False
ENSG00000138434,ENSG00000138434,ITPRID2,1715,True,0.06580190635351223,1.7512089051691981,0.24575733,59,False,False,False,False,False,False,False,False
ENSG00000164535,ENSG00000164535,DAGLB,1316,True,0.050584765432456935,1.746640702425993,0.24552572,59,False,False,False,False,False,False,False,False
ENSG00000134444,ENSG00000134444,RELCH,2011,True,0.07503711497778374,1.7509500708692771,0.24467589,59,False,False,False,False,False,False,False,False
ENSG00000139651,ENSG00000139651,ZNF740,1035,True,0.04097595904147954,1.7183442987386093,0.2433793,59,False,False,False,False,False,False,False,False
ENSG00000154001,ENSG00000154001,PPP2R5E,8608,True,0.30612469869521086,1.7566408573265633,0.2426175,59,False,False,False,False,False,False,False,False
ENSG00000111752,ENSG00000111752,PHC1,1391,True,0.05314603663297136,1.7458089280274465,0.2409923,59,False,False,False,False,False,False,False,False
ENSG00000143793,ENSG00000143793,C1orf35,5129,True,0.18821746243534834,1.7470878167078348,0.24052179,59,False,False,False,False,False,False,False,False
ENSG00000104133,ENSG00000104133,SPG11,7513,True,0.26594403644434794,1.75413808081328,0.23988321,59,False,False,False,False,False,False,False,False
ENSG00000272325,ENSG00000272325,NUDT3,9109,True,0.31771311152383386,1.7639508805935724,0.23972364,59,False,False,False,False,False,False,False,False
ENSG00000122008,ENSG00000122008,POLK,8629,True,0.30082179756482375,1.7560018488632934,0.23831888,59,False,False,False,False,False,False,False,False
ENSG00000270605,ENSG00000270605,ENSG00000270605,1306,True,0.05135464269443904,1.7492272420537882,0.23782386,59,False,False,False,False,False,False,False,False
ENSG00000102543,ENSG00000102543,CDADC1,1620,True,0.062041324134545224,1.750158187559773,0.23770839,59,False,False,False,False,False,False,False,False
ENSG00000109270,ENSG00000109270,LAMTOR3,3433,True,0.1274358775919793,1.7430872672062454,0.23731011,59,False,False,False,False,False,False,False,False
ENSG00000070047,ENSG00000070047,PHRF1,1751,True,0.06613716635737474,1.7502920119760923,0.23706326,59,False,False,False,False,False,False,False,False
ENSG00000248489,ENSG00000248489,CHD1-DT,499,True,0.02165376628230238,1.7325199556575661,0.23653893,59,False,False,False,False,False,False,False,False
ENSG00000125089,ENSG00000125089,SH3TC1,2269,True,0.08614017867538919,1.746131129362174,0.23641083,59,False,False,False,False,False,False,False,False
ENSG00000174456,ENSG00000174456,C12orf76,3446,True,0.12742293973818494,1.7419622460947777,0.23599318,59,False,False,False,False,False,False,False,False
ENSG00000141458,ENSG00000141458,NPC1,990,True,0.036217066126617264,1.7452606457144824,0.23510595,59,False,False,False,False,False,False,False,False
ENSG00000094975,ENSG00000094975,SUCO,3639,True,0.1344354454261121,1.7462308279406005,0.23450352,59,False,False,False,False,False,False,False,False
ENSG00000197070,ENSG00000197070,ARRDC1,5276,True,0.19530316533334205,1.7492692169349275,0.23385547,59,False,False,False,False,False,False,False,False
ENSG00000102547,ENSG00000102547,CAB39L,651,True,0.025201685236237795,1.6556684174003922,0.23358616,59,False,False,False,False,False,False,False,False
ENSG00000205765,ENSG00000205765,RIMOC1,1881,True,0.07234858722193294,1.7432486959033069,0.23125078,59,False,False,False,False,False,False,False,False
ENSG00000086848,ENSG00000086848,ALG9,512,True,0.020692651422561496,1.69745382585934,0.23010479,59,False,False,False,False,False,False,False,False
ENSG00000170846,ENSG00000170846,MRFAP1L2,1609,True,0.06264350616581621,1.7465002874702498,0.2297524,59,False,False,False,False,False,False,False,False
ENSG00000144357,ENSG00000144357,UBR3,2498,True,0.0926372148443562,1.7475844492799473,0.22930261,59,False,False,False,False,False,False,False,False
ENSG00000165115,ENSG00000165115,KIF27,914,True,0.03496073766781896,1.7166406180329368,0.22807725,59,False,False,False,False,False,False,False,False
ENSG00000170085,ENSG00000170085,SIMC1,2280,True,0.08342510020003889,1.744690446229778,0.22788003,59,False,False,False,False,False,False,False,False
ENSG00000107560,ENSG00000107560,RAB11FIP2,3400,True,0.12514567025071222,1.7429880171272365,0.22745168,59,False,False,False,False,False,False,False,False
ENSG00000021776,ENSG00000021776,AQR,3452,True,0.12453483350897764,1.7446908002725972,0.22609572,59,False,False,False,False,False,False,False,False
ENSG00000132300,ENSG00000132300,PTCD3,4887,True,0.17605443509223276,1.7460839111973498,0.22569634,59,False,False,False,False,False,False,False,False
ENSG00000176783,ENSG00000176783,RUFY1,5111,True,0.1882803437977082,1.7428693656427725,0.22545163,59,False,False,False,False,False,False,False,False
ENSG00000265287,ENSG00000265287,ENSG00000265287,1649,True,0.06383981952649706,1.7453050455386319,0.22518118,59,False,False,False,False,False,False,False,False
ENSG00000040341,ENSG00000040341,STAU2,3593,True,0.13731657003156048,1.7428526451519053,0.22452827,59,False,False,False,False,False,False,False,False
ENSG00000092847,ENSG00000092847,AGO1,2042,True,0.07681096861371553,1.7477597908579374,0.22401184,59,False,False,False,False,False,False,False,False
ENSG00000127452,ENSG00000127452,FBXL12,2586,True,0.09789519230486245,1.743315780874883,0.22381723,59,False,False,False,False,False,False,False,False
ENSG00000142039,ENSG00000142039,CCDC97,3533,True,0.1279830549154478,1.7447484058005378,0.22374132,59,False,False,False,False,False,False,False,False
ENSG00000203747,ENSG00000203747,FCGR3A,2901,True,0.1080459051226855,1.7445157925244303,0.2224979,59,False,False,False,False,False,False,False,False
ENSG00000165392,ENSG00000165392,WRN,2574,True,0.09508631092241555,1.743139658333932,0.22219363,59,False,False,False,False,False,False,False,False
ENSG00000087206,ENSG00000087206,UIMC1,6083,True,0.21556690928989006,1.7457810232139594,0.22179602,59,False,False,False,False,False,False,False,False
ENSG00000107185,ENSG00000107185,RGP1,2469,True,0.09345744943903124,1.7407009646205376,0.21989949,59,False,False,False,False,False,False,False,False
ENSG00000146834,ENSG00000146834,MEPCE,3325,True,0.127544107639108,1.7432163727413013,0.21964803,59,False,False,False,False,False,False,False,False
ENSG00000010322,ENSG00000010322,NISCH,3071,True,0.11295425230817627,1.7442237964230507,0.2195501,59,False,False,False,False,False,False,False,False
ENSG00000188921,ENSG00000188921,HACD4,6068,True,0.2272406876674139,1.743755204722431,0.21944676,59,False,False,False,False,False,False,False,False
ENSG00000174652,ENSG00000174652,ZNF266,2182,True,0.08079229293715014,1.740240687064363,0.21935707,59,False,False,False,False,False,False,False,False
ENSG00000188021,ENSG00000188021,UBQLN2,5098,True,0.18557652876092023,1.7422323786455303,0.2188444,59,False,False,False,False,False,False,False,False
ENSG00000115138,ENSG00000115138,POMC,3106,True,0.11646907634860999,1.7426842832493101,0.2186516,59,False,False,False,False,False,False,False,False
ENSG00000172794,ENSG00000172794,RAB37,3677,True,0.1337518698583566,1.7407195719838973,0.21863124,59,False,False,False,False,False,False,False,False
ENSG00000020922,ENSG00000020922,MRE11,2842,True,0.10768232854498677,1.7437272628662333,0.2170317,59,False,False,False,False,False,False,False,False
ENSG00000111331,ENSG00000111331,OAS3,1973,True,0.07729496289471263,1.734714358576769,0.21700543,59,False,False,False,False,False,False,False,True
ENSG00000047932,ENSG00000047932,GOPC,4183,True,0.15483178279674917,1.7407013033016348,0.21684286,59,False,False,False,False,False,False,False,False
ENSG00000049541,ENSG00000049541,RFC2,3172,True,0.11593205315476704,1.7384760159336714,0.21606833,59,False,False,False,False,False,False,False,False
ENSG00000213463,ENSG00000213463,SYNJ2BP,3400,True,0.12461007552044343,1.7414292361444323,0.21434799,59,False,False,False,False,False,False,False,False
ENSG00000267216,ENSG00000267216,ZNF8-ERVK3-1,5038,True,0.1857147371170926,1.7430789890778156,0.21428698,59,False,False,False,False,False,False,False,False
ENSG00000251022,ENSG00000251022,THAP9-AS1,3905,True,0.14399377995088358,1.7392043821049257,0.21426934,59,False,False,False,False,False,False,False,False
ENSG00000109680,ENSG00000109680,TBC1D19,1133,True,0.04640529959354824,1.740257189444454,0.21414247,59,False,False,False,False,False,False,False,False
ENSG00000018699,ENSG00000018699,TTC27,1687,True,0.06330934335006598,1.7437301705266883,0.2135367,59,False,False,False,False,False,False,False,False
ENSG00000122674,ENSG00000122674,CCZ1,6851,True,0.2431354769488374,1.7434482552173016,0.21227269,59,False,False,False,False,False,False,False,False
ENSG00000103197,ENSG00000103197,TSC2,2578,True,0.09563918931879747,1.7394078561244053,0.21218118,59,False,False,False,False,False,False,False,False
ENSG00000164332,ENSG00000164332,UBLCP1,5426,True,0.19281360726244479,1.7391286914587014,0.21213754,59,False,False,False,False,False,False,False,False
ENSG00000151287,ENSG00000151287,TEX30,1672,True,0.06705164139839932,1.7386333792593136,0.21172422,59,False,False,False,False,False,False,False,False
ENSG00000185722,ENSG00000185722,ANKFY1,2048,True,0.07519425468308452,1.7436628652228832,0.21168427,59,False,False,False,False,False,False,False,False
ENSG00000127989,ENSG00000127989,MTERF1,1552,True,0.05876162990544975,1.7392105826665174,0.21081805,59,False,False,False,False,False,False,False,False
ENSG00000095209,ENSG00000095209,TMEM38B,4811,True,0.1824774817877004,1.7402139980867526,0.2106595,59,False,False,False,False,False,False,False,False
ENSG00000165733,ENSG00000165733,BMS1,5537,True,0.1978880111995389,1.7377871212367724,0.21005198,59,False,False,False,False,False,False,False,False
ENSG00000144580,ENSG00000144580,CNOT9,4131,True,0.16210690797104993,1.7402215457584782,0.20949785,59,False,False,False,False,False,False,False,False
ENSG00000184863,ENSG00000184863,RBM33,9800,True,0.3376017053384147,1.7622023125810147,0.20925677,59,False,False,False,False,False,False,False,False
ENSG00000039523,ENSG00000039523,RIPOR1,2687,True,0.10135379273394009,1.7419093628056685,0.20893605,59,False,False,False,False,False,False,False,False
ENSG00000124164,ENSG00000124164,VAPB,2876,True,0.10276641288059062,1.7094214434189958,0.20875672,59,False,False,False,False,False,False,False,False
ENSG00000148296,ENSG00000148296,SURF6,3057,True,0.11865554164603426,1.7406242251766921,0.20853111,59,False,False,False,False,False,False,False,False
ENSG00000112297,ENSG00000112297,CRYBG1,4932,True,0.17714257742202166,1.739682928543389,0.20640832,59,False,False,False,False,False,False,False,False
ENSG00000173020,ENSG00000173020,GRK2,5997,True,0.21194059610800522,1.7385122680286527,0.20634153,59,False,False,False,False,False,False,False,False
ENSG00000006756,ENSG00000006756,ARSD,830,True,0.03314642073650211,1.7348560817093104,0.20615193,59,False,False,False,False,False,False,False,False
ENSG00000114354,ENSG00000114354,TFG,4825,True,0.17371128518421114,1.7374476046164404,0.20529158,59,False,False,False,False,False,False,False,False
ENSG00000183808,ENSG00000183808,RBM12B,1820,True,0.07000431650462798,1.739403885920923,0.20487776,59,False,False,False,False,False,False,False,False
ENSG00000169359,ENSG00000169359,SLC33A1,2154,True,0.0809757521555559,1.7373932709953257,0.2048308,59,False,False,False,False,False,False,False,False
ENSG00000162444,ENSG00000162444,RBP7,946,True,0.037154978475486385,1.7386782248332133,0.20392239,59,False,False,False,False,False,False,False,False
ENSG00000133961,ENSG00000133961,NUMB,9230,True,0.3242785076476747,1.7642889489068887,0.20264472,59,False,False,False,False,False,False,False,False
ENSG00000182087,ENSG00000182087,TMEM259,5658,True,0.20382856557685375,1.7403590474092092,0.202385,59,False,False,False,False,False,False,False,False
ENSG00000065243,ENSG00000065243,PKN2,8703,True,0.30380084893522913,1.7592123991028572,0.20106015,59,False,False,False,False,False,False,False,False
ENSG00000134452,ENSG00000134452,FBH1,3803,True,0.13731266915283644,1.7397224379461065,0.2008189,59,False,False,False,False,False,False,False,False
ENSG00000180304,ENSG00000180304,OAZ2,8477,True,0.3000173382371844,1.7526698767487536,0.2002141,59,False,False,False,False,False,False,False,False
ENSG00000005448,ENSG00000005448,WDR54,5375,True,0.19728947306096353,1.7371934728002023,0.19837444,59,False,False,False,False,False,False,False,False
ENSG00000111641,ENSG00000111641,NOP2,1843,True,0.06871758440074582,1.7364121716815633,0.19818021,59,False,False,False,False,False,False,False,False
ENSG00000175470,ENSG00000175470,PPP2R2D,1884,True,0.07181642766711609,1.7384274263513626,0.1975506,59,False,False,False,False,False,False,False,False
ENSG00000124214,ENSG00000124214,STAU1,9116,True,0.316336545298386,1.7561582257942943,0.19753093,59,False,False,False,False,False,False,False,False
ENSG00000258727,ENSG00000258727,AP1G2-AS1,649,True,0.02555479733177526,1.7055287513819677,0.19712554,59,False,False,False,False,False,False,False,False
ENSG00000143624,ENSG00000143624,INTS3,1669,True,0.061912458906054235,1.7359976231092598,0.19586182,59,False,False,False,False,False,False,False,False
ENSG00000100105,ENSG00000100105,PATZ1,1655,True,0.06387460038066788,1.73689716813915,0.19487691,59,False,False,False,False,False,False,False,False
ENSG00000172175,ENSG00000172175,MALT1,8372,True,0.29344729322429225,1.7546863956877155,0.19474603,59,False,False,False,False,False,False,False,False
ENSG00000161904,ENSG00000161904,LEMD2,2726,True,0.10186331985081373,1.736943953174864,0.19457361,59,False,False,False,False,False,False,False,False
ENSG00000149212,ENSG00000149212,SESN3,5353,True,0.1894764793220032,1.7354614559099268,0.1931618,59,False,False,False,False,False,False,False,False
ENSG00000247950,ENSG00000247950,SEC24B-AS1,483,True,0.019612782687909277,1.7151737627766683,0.19301313,59,False,False,False,False,False,False,False,False
ENSG00000028310,ENSG00000028310,BRD9,6699,True,0.2365152136740077,1.7473744492011463,0.19258595,59,False,False,False,False,False,False,False,False
ENSG00000092330,ENSG00000092330,TINF2,9022,True,0.3167215182182285,1.7557286063222741,0.19065405,59,False,False,False,False,False,False,False,False
ENSG00000131263,ENSG00000131263,RLIM,2633,True,0.09743838623524857,1.7357354583284843,0.19011055,59,False,False,False,False,False,False,False,False
ENSG00000149792,ENSG00000149792,MRPL49,3328,True,0.12006936652358405,1.734799250489536,0.1891221,59,False,False,False,False,False,False,False,False
ENSG00000095370,ENSG00000095370,SH2D3C,2677,True,0.0985103149660126,1.735627405360557,0.18718821,59,False,False,False,False,False,False,False,False
ENSG00000120800,ENSG00000120800,UTP20,1618,True,0.060541673752856684,1.7018304608343866,0.18708059,59,False,False,False,False,False,False,False,False
ENSG00000179295,ENSG00000179295,PTPN11,3898,True,0.13839288151296467,1.7316323854430615,0.18688394,59,False,False,False,False,False,False,False,False
ENSG00000066422,ENSG00000066422,ZBTB11,3483,True,0.12610116615847058,1.7345462429426517,0.18649481,59,False,False,False,False,False,False,False,False
ENSG00000079387,ENSG00000079387,SENP1,1673,True,0.06141983543873053,1.7342794183580947,0.18617663,59,False,False,False,False,False,False,False,False
ENSG00000138795,ENSG00000138795,LEF1,2350,True,0.08309652684240433,1.733318894570901,0.18437201,59,False,False,False,False,False,False,False,False
ENSG00000053770,ENSG00000053770,AP5M1,4643,True,0.16932942848616728,1.7325361712517606,0.18236381,59,False,False,False,False,False,False,False,False
ENSG00000156471,ENSG00000156471,PTDSS1,5588,True,0.1941891235670985,1.7339798018692782,0.18186596,59,False,False,False,False,False,False,False,False
ENSG00000154945,ENSG00000154945,ANKRD40,2002,True,0.0821041059280757,1.7324016089287204,0.18180062,59,False,False,False,False,False,False,False,False
ENSG00000122557,ENSG00000122557,HERPUD2,7114,True,0.2500997676778084,1.741110282687625,0.1815606,59,False,False,False,False,False,False,False,False
ENSG00000118900,ENSG00000118900,UBN1,5126,True,0.1793200316660105,1.7335828675945733,0.1795473,59,False,False,False,False,False,False,False,False
ENSG00000112200,ENSG00000112200,ZNF451,8121,True,0.28842410821517867,1.7489679073128555,0.17836595,59,False,False,False,False,False,False,False,False
ENSG00000130305,ENSG00000130305,NSUN5,7421,True,0.2630123640259376,1.7489052855473446,0.17789467,59,False,False,False,False,False,False,False,False
ENSG00000164164,ENSG00000164164,OTUD4,3607,True,0.1351578025115681,1.7337553095148015,0.17711473,59,False,False,False,False,False,False,False,False
ENSG00000162777,ENSG00000162777,DENND2D,3523,True,0.12798130223526746,1.734954347067915,0.1762849,59,False,False,False,False,False,False,False,False
ENSG00000105176,ENSG00000105176,URI1,5378,True,0.1946029287200031,1.7379552929524993,0.17584258,59,False,False,False,False,False,False,False,False
ENSG00000115942,ENSG00000115942,ORC2,2186,True,0.08185738130500492,1.7330586053603874,0.17567092,59,False,False,False,False,False,False,False,False
ENSG00000147471,ENSG00000147471,PLPBP,4455,True,0.1640675180127807,1.731404312726818,0.17323105,59,False,False,False,False,False,False,False,False
ENSG00000146729,ENSG00000146729,NIPSNAP2,6653,True,0.23213823440409342,1.7295331146817163,0.17265075,59,False,False,False,False,False,False,False,False
ENSG00000146463,ENSG00000146463,ZMYM4,3227,True,0.11561914881804697,1.729512545469185,0.17234892,59,False,False,False,False,False,False,False,False
ENSG00000100614,ENSG00000100614,PPM1A,5483,True,0.20064245017833063,1.7323474310058264,0.17229846,59,False,False,False,False,False,False,False,False
ENSG00000109854,ENSG00000109854,HTATIP2,6560,True,0.23832671183334633,1.7324912827602341,0.17145437,59,False,False,False,False,False,False,False,False
ENSG00000196449,ENSG00000196449,YRDC,2749,True,0.10369551619795615,1.7302391336027716,0.16874842,59,False,False,False,False,False,False,False,False
ENSG00000189306,ENSG00000189306,RRP7A,7756,True,0.26916006618752697,1.7358107729108772,0.1683405,59,False,False,False,False,False,False,False,False
ENSG00000175220,ENSG00000175220,ARHGAP1,3259,True,0.11244089733314379,1.727041834502053,0.16750427,59,False,False,False,False,False,False,False,False
ENSG00000125772,ENSG00000125772,GPCPD1,8189,True,0.28627603726768974,1.74451565168101,0.16627592,59,False,False,False,False,False,False,False,False
ENSG00000185220,ENSG00000185220,PGBD2,1380,True,0.053639522224032614,1.690729382082724,0.16427638,59,False,False,False,False,False,False,False,False
ENSG00000060491,ENSG00000060491,OGFR,5829,True,0.20114991551482822,1.735552231788762,0.16277844,59,False,False,False,False,False,False,False,False
ENSG00000180423,ENSG00000180423,HARBI1,792,True,0.03135846602429644,1.6668318765244445,0.16226391,59,False,False,False,False,False,False,False,False
ENSG00000134440,ENSG00000134440,NARS1,7606,True,0.2679275970989915,1.7444200751610188,0.15878534,59,False,False,False,False,False,False,False,False
ENSG00000065457,ENSG00000065457,ADAT1,1848,True,0.06671698728196185,1.7280891274436359,0.15781142,59,False,False,False,False,False,False,False,False
ENSG00000108064,ENSG00000108064,TFAM,9589,True,0.33371493137408303,1.7560814573202876,0.15748441,59,False,False,False,False,False,False,False,False
ENSG00000181222,ENSG00000181222,POLR2A,6992,True,0.2432256539870445,1.736277154648203,0.14499976,59,False,False,False,False,False,False,False,False
ENSG00000175215,ENSG00000175215,CTDSP2,5006,True,0.17769935348771013,1.7248925463201032,0.14285001,59,False,False,False,False,False,False,False,False
ENSG00000198832,ENSG00000198832,SELENOM,7392,True,0.2686233058558778,1.7395330059794745,0.119108066,59,False,False,False,False,False,False,False,False
ENSG00000188976,ENSG00000188976,NOC2L,7798,True,0.2711714473852578,1.7364850155082119,0.11106445,59,False,False,False,False,False,False,False,False
ENSG00000109881,ENSG00000109881,CCDC34,1322,True,0.051663454524513444,1.7915465336370702,0.45396948,58,False,False,False,False,False,False,False,False
ENSG00000174891,ENSG00000174891,RSRC1,12549,True,0.45006533898576057,1.7956585006291574,0.4425731,58,False,False,False,False,False,False,False,False
ENSG00000145734,ENSG00000145734,BDP1,17219,True,0.5615134192677305,1.8014234572867729,0.4407595,58,False,False,False,False,False,False,False,False
ENSG00000138433,ENSG00000138433,CIR1,19920,True,0.6440185145151804,1.8096666522187734,0.41377226,58,False,False,False,False,False,False,False,False
ENSG00000149527,ENSG00000149527,PLCH2,571,True,0.02401042497874214,1.640628545710234,0.3983748,58,False,False,False,False,False,False,False,False
ENSG00000196352,ENSG00000196352,CD55,24256,True,0.7682995926948507,1.8182474868171417,0.35886502,58,False,False,False,False,False,False,False,False
ENSG00000237499,ENSG00000237499,WAKMAR2,1597,True,0.0618015267886991,1.769617537870397,0.35716876,58,False,False,False,False,False,False,False,False
ENSG00000139278,ENSG00000139278,GLIPR1,18005,True,0.6000670015348001,1.7919458344473285,0.34516394,58,False,False,False,False,False,False,False,False
ENSG00000164548,ENSG00000164548,TRA2A,27994,True,0.8663764791505266,1.8197162189259737,0.34254235,58,False,False,False,False,False,False,False,False
ENSG00000164953,ENSG00000164953,TMEM67,1235,True,0.05055132042600886,1.7113191630824254,0.34207085,58,False,False,False,False,False,False,False,False
ENSG00000105889,ENSG00000105889,STEAP1B,1032,True,0.04107505559169284,1.7683264406083554,0.3394749,58,False,False,False,False,False,False,False,False
ENSG00000181450,ENSG00000181450,ZNF678,1617,True,0.06152336579428204,1.7112108150403993,0.33884758,58,False,False,False,False,False,False,False,False
ENSG00000186063,ENSG00000186063,AIDA,18716,True,0.5985859706900701,1.7984062670816954,0.33874336,58,False,False,False,False,False,False,False,False
ENSG00000103995,ENSG00000103995,CEP152,1542,True,0.06001298842864788,1.7680395295648736,0.33582443,58,False,False,False,False,False,False,False,False
ENSG00000115109,ENSG00000115109,EPB41L5,812,True,0.03254101100922563,1.7028872208228492,0.32971692,58,False,False,False,False,False,False,False,False
ENSG00000246528,ENSG00000246528,SLCO5A1-AS1,527,True,0.022869724003984727,1.71886475156947,0.3230987,58,False,False,False,False,False,False,False,False
ENSG00000084070,ENSG00000084070,SMAP2,29354,True,0.8794903327929305,1.8221511353038713,0.32278585,58,False,False,False,False,False,False,False,False
ENSG00000166275,ENSG00000166275,BORCS7,10132,True,0.35902606319076713,1.7777790840809673,0.3189829,58,False,False,False,False,False,False,False,False
ENSG00000005469,ENSG00000005469,CROT,791,True,0.03173367327816525,1.7338800539519477,0.31304127,58,False,False,False,False,False,False,False,False
ENSG00000118690,ENSG00000118690,ARMC2,543,True,0.02164167780194352,1.7650641183683347,0.30990052,58,False,False,False,False,False,False,False,False
ENSG00000174326,ENSG00000174326,SLC16A11,756,True,0.030328668043766247,1.7016529641410363,0.30944663,58,False,False,False,False,False,False,False,False
ENSG00000204165,ENSG00000204165,CXorf65,1042,True,0.04040892130280011,1.7314709770997987,0.307743,58,False,False,False,False,False,False,False,False
ENSG00000197566,ENSG00000197566,ZNF624,570,True,0.022523761192978567,1.6848171748694478,0.30755177,58,False,False,False,False,False,False,False,False
ENSG00000268030,ENSG00000268030,ENSG00000268030,892,True,0.036817099749859014,1.7624999166675552,0.30508626,58,False,False,False,False,False,False,False,False
ENSG00000259891,ENSG00000259891,ENSG00000259891,603,True,0.023369741505342222,1.5881711372405325,0.3048105,58,False,False,False,False,False,False,False,False
ENSG00000139160,ENSG00000139160,ETFBKMT,510,True,0.02142181233571126,1.692386812305138,0.30466408,58,False,False,False,False,False,False,False,False
ENSG00000158887,ENSG00000158887,MPZ,320,True,0.013824615355859894,1.6009720399876157,0.30408162,58,False,False,False,False,False,False,False,False
ENSG00000234636,ENSG00000234636,MED14OS,1419,True,0.05879475789473951,1.7664297732887908,0.3040103,58,False,False,False,False,False,False,False,False
ENSG00000198042,ENSG00000198042,MAK16,2232,True,0.08543669359851411,1.7620721345396324,0.30131936,58,False,False,False,False,False,False,False,False
ENSG00000172007,ENSG00000172007,RAB33B,1919,True,0.07450979529966896,1.7600176796728293,0.29869717,58,False,False,False,False,False,False,False,False
ENSG00000151611,ENSG00000151611,MMAA,750,True,0.02991497711912812,1.7081884237572291,0.2965946,58,False,False,False,False,False,False,False,False
ENSG00000145632,ENSG00000145632,PLK2,830,True,0.034723409483292784,1.7254692819453397,0.2948045,58,False,False,False,False,False,False,False,False
ENSG00000237188,ENSG00000237188,ENSG00000237188,1097,True,0.04293605743873819,1.7055595251651068,0.2867966,58,False,False,False,False,False,False,False,False
ENSG00000137075,ENSG00000137075,RNF38,3037,True,0.1144167305090766,1.7598720253101638,0.28677914,58,False,False,False,False,False,False,False,False
ENSG00000037637,ENSG00000037637,FBXO42,2422,True,0.0886120626438638,1.7563642059883362,0.28592834,58,False,False,False,False,False,False,False,False
ENSG00000250159,ENSG00000250159,PKD2L2-DT,885,True,0.034086683885471675,1.7107527757557426,0.28551736,58,False,False,False,False,False,False,False,False
ENSG00000175575,ENSG00000175575,PAAF1,1932,True,0.07201414900407614,1.7577723038762414,0.2836029,58,False,False,False,False,False,False,False,False
ENSG00000130150,ENSG00000130150,MOSPD2,1410,True,0.05641205190975949,1.7590902057188862,0.28320822,58,False,False,False,False,False,False,False,False
ENSG00000168672,ENSG00000168672,LRATD2,561,True,0.022855740879969055,1.6296283075531428,0.28020605,58,False,False,False,False,False,False,False,False
ENSG00000076242,ENSG00000076242,MLH1,2346,True,0.08743104371174973,1.7553242867995054,0.27943772,58,False,False,False,False,False,False,False,False
ENSG00000185115,ENSG00000185115,NSMCE3,9214,True,0.3347973311909106,1.7731064783582087,0.27881813,58,False,False,False,False,False,False,False,False
ENSG00000226899,ENSG00000226899,ENSG00000226899,1338,True,0.05771613664194157,1.756156342317611,0.27813107,58,False,False,False,False,False,False,False,False
ENSG00000104863,ENSG00000104863,LIN7B,1235,True,0.051420398145624484,1.7578802511780802,0.27356437,58,False,False,False,False,False,False,False,False
ENSG00000102910,ENSG00000102910,LONP2,10871,True,0.37530786955196666,1.7757813953353228,0.27228728,58,False,False,False,False,False,False,False,False
ENSG00000163249,ENSG00000163249,CCNYL1,999,True,0.03915059618325033,1.714520446398019,0.27221987,58,False,False,False,False,False,False,False,False
ENSG00000174721,ENSG00000174721,FGFBP3,816,True,0.03303613811655132,1.7227040158084248,0.2715754,58,False,False,False,False,False,False,False,False
ENSG00000167799,ENSG00000167799,NUDT8,1404,True,0.05511007262910859,1.7532477888575977,0.27028224,58,False,False,False,False,False,False,False,False
ENSG00000156500,ENSG00000156500,PABIR3,1314,True,0.051301949997048714,1.7446715593829638,0.26912478,58,False,False,False,False,False,False,False,False
ENSG00000100422,ENSG00000100422,CERK,1327,True,0.0479776700174043,1.7498638701447717,0.26765627,58,False,False,False,False,False,False,False,False
ENSG00000231312,ENSG00000231312,MAP4K3-DT,1115,True,0.04417355077550996,1.753777835350587,0.26738337,58,False,False,False,False,False,False,False,False
ENSG00000011454,ENSG00000011454,RABGAP1,3621,True,0.13616401627924135,1.7500739352422456,0.26588258,58,False,False,False,False,False,False,False,False
ENSG00000198890,ENSG00000198890,PRMT6,814,True,0.032850811067865714,1.7554355379097089,0.26557204,58,False,False,False,False,False,False,False,False
ENSG00000109466,ENSG00000109466,KLHL2,1159,True,0.04628043690093787,1.7557772299863692,0.26546302,58,False,False,False,False,False,False,False,False
ENSG00000170954,ENSG00000170954,ZNF415,329,True,0.013610095234970062,1.4625238495035469,0.26529458,58,False,False,False,False,False,False,False,False
ENSG00000131115,ENSG00000131115,ZNF227,1552,True,0.059554121457934366,1.7494852481733816,0.26494637,58,False,False,False,False,False,False,False,False
ENSG00000077150,ENSG00000077150,NFKB2,9149,True,0.31830752009507546,1.767533544555303,0.2645086,58,False,False,False,False,False,False,False,False
ENSG00000091436,ENSG00000091436,MAP3K20,1708,True,0.06539355391140955,1.75187332182145,0.26436868,58,False,False,False,False,False,False,False,False
ENSG00000157800,ENSG00000157800,SLC37A3,989,True,0.03949121920642576,1.7223372999488937,0.2638448,58,False,False,False,False,False,False,False,False
ENSG00000186132,ENSG00000186132,C2orf76,2471,True,0.10033404214261306,1.7532433023538407,0.26244783,58,False,False,False,False,False,False,False,False
ENSG00000116198,ENSG00000116198,CEP104,3032,True,0.11055245995097565,1.7545442465695578,0.26241866,58,False,False,False,False,False,False,False,False
ENSG00000071794,ENSG00000071794,HLTF,2202,True,0.08405721037112567,1.7505034727914675,0.2621518,58,False,False,False,False,False,False,False,False
ENSG00000133027,ENSG00000133027,PEMT,1582,True,0.059180548481192946,1.7497325036726763,0.26142874,58,False,False,False,False,False,False,False,False
ENSG00000100068,ENSG00000100068,LRP5L,624,True,0.024489468074549936,1.6224528726322645,0.26099,58,False,False,False,False,False,False,False,False
ENSG00000103642,ENSG00000103642,LACTB,3665,True,0.13476935714849675,1.7522901463195324,0.26063955,58,False,False,False,False,False,False,False,False
ENSG00000155827,ENSG00000155827,RNF20,3767,True,0.13446591730098292,1.749097311396529,0.25986895,58,False,False,False,False,False,False,False,False
ENSG00000180329,ENSG00000180329,CCDC43,2356,True,0.08812009550694223,1.7472248196393207,0.25934252,58,False,False,False,False,False,False,False,False
ENSG00000112078,ENSG00000112078,KCTD20,3977,True,0.14429334726228646,1.7496201113674468,0.25474003,58,False,False,False,False,False,False,False,False
ENSG00000113088,ENSG00000113088,GZMK,2079,True,0.08020315487163217,1.7545854407620296,0.25471696,58,False,False,False,False,False,False,False,False
ENSG00000260916,ENSG00000260916,CCPG1,4485,True,0.1625700584131155,1.7503953693819396,0.25358194,58,False,False,False,False,False,False,False,False
ENSG00000113638,ENSG00000113638,TTC33,1255,True,0.05020742246638865,1.7490581092742514,0.2529342,58,False,False,False,False,False,False,False,False
ENSG00000169826,ENSG00000169826,CSGALNACT2,4417,True,0.15653848746142882,1.7492734777443746,0.25287348,58,False,False,False,False,False,False,False,False
ENSG00000266964,ENSG00000266964,FXYD1,5401,True,0.19851747066206296,1.751129298079041,0.25150105,58,False,False,False,False,False,False,False,False
ENSG00000167302,ENSG00000167302,TEPSIN,2190,True,0.0818838207115728,1.7476370246489685,0.25041547,58,False,False,False,False,False,False,False,False
ENSG00000083844,ENSG00000083844,ZNF264,2266,True,0.08418464431448434,1.751820239536151,0.2504126,58,False,False,False,False,False,False,False,False
ENSG00000083812,ENSG00000083812,ZNF324,1217,True,0.04742436090493673,1.6582022712354885,0.24981079,58,False,False,False,False,False,False,False,False
ENSG00000134986,ENSG00000134986,NREP,851,True,0.03456242795648727,1.7008923418518365,0.24894273,58,False,False,False,False,False,False,False,False
ENSG00000213066,ENSG00000213066,CEP43,1792,True,0.06744617031727737,1.750500592594981,0.24836528,58,False,False,False,False,False,False,False,False
ENSG00000226471,ENSG00000226471,ENSG00000226471,1556,True,0.05780921220881357,1.7452525439760536,0.24818388,58,False,False,False,False,False,False,False,False
ENSG00000197937,ENSG00000197937,ZNF347,595,True,0.022879771633436463,1.7201499903027042,0.24807902,58,False,False,False,False,False,False,False,False
ENSG00000162616,ENSG00000162616,DNAJB4,1224,True,0.04904193979973664,1.7493719729098378,0.24709299,58,False,False,False,False,False,False,False,False
ENSG00000153029,ENSG00000153029,MR1,2688,True,0.09959634413286786,1.7455593852226294,0.24702023,58,False,False,False,False,False,False,False,False
ENSG00000120370,ENSG00000120370,GORAB,1097,True,0.041792514320743025,1.747302263434765,0.24539678,58,False,False,False,False,False,False,False,False
ENSG00000116830,ENSG00000116830,TTF2,2439,True,0.09263552974899372,1.7494643634819866,0.24434413,58,False,False,False,False,False,False,False,False
ENSG00000049618,ENSG00000049618,ARID1B,6818,True,0.24492408743639943,1.758352236813797,0.24385436,58,False,False,False,False,False,False,False,False
ENSG00000166130,ENSG00000166130,IKBIP,2552,True,0.09387403660424645,1.7469169034139385,0.2433792,58,False,False,False,False,False,False,False,False
ENSG00000013583,ENSG00000013583,HEBP1,2065,True,0.08038097134029085,1.746813735959784,0.24252184,58,False,False,False,False,False,False,False,False
ENSG00000088356,ENSG00000088356,PDRG1,5181,True,0.19036397533396252,1.7478228939730456,0.24242647,58,False,False,False,False,False,False,False,False
ENSG00000134077,ENSG00000134077,THUMPD3,3084,True,0.11218962907274169,1.742395375378352,0.24032527,58,False,False,False,False,False,False,False,False
ENSG00000122958,ENSG00000122958,VPS26A,5401,True,0.19291686704384595,1.7455306464569107,0.23850527,58,False,False,False,False,False,False,False,False
ENSG00000163939,ENSG00000163939,PBRM1,8376,True,0.2970056248697013,1.761563264328347,0.23744567,58,False,False,False,False,False,False,False,False
ENSG00000121390,ENSG00000121390,PSPC1,7713,True,0.27013408270883116,1.750707139956383,0.23740354,58,False,False,False,False,False,False,False,False
ENSG00000162928,ENSG00000162928,PEX13,2027,True,0.0792327353893198,1.7444784871879333,0.23677748,58,False,False,False,False,False,False,False,False
ENSG00000117222,ENSG00000117222,RBBP5,2436,True,0.09357720543126541,1.74260614040263,0.23476452,58,False,False,False,False,False,False,False,False
ENSG00000074696,ENSG00000074696,HACD3,2464,True,0.092682591807991,1.7412594245850215,0.23410514,58,False,False,False,False,False,False,False,False
ENSG00000159461,ENSG00000159461,AMFR,6242,True,0.23223009169488587,1.7472123284226626,0.23367846,58,False,False,False,False,False,False,False,False
ENSG00000172301,ENSG00000172301,COPRS,2793,True,0.1061575255199163,1.7464599825331026,0.23334111,58,False,False,False,False,False,False,False,False
ENSG00000187994,ENSG00000187994,RINL,4687,True,0.1710385882322326,1.7425666714947974,0.23246674,58,False,False,False,False,False,False,False,False
ENSG00000139826,ENSG00000139826,ABHD13,4532,True,0.1713679968855473,1.7461095258654167,0.23225503,58,False,False,False,False,False,False,False,False
ENSG00000137857,ENSG00000137857,DUOX1,978,True,0.03732332873910919,1.7141739105016207,0.23190495,58,False,False,False,False,False,False,False,False
ENSG00000240038,ENSG00000240038,AMY2B,539,True,0.022759669610183667,1.7180482517400526,0.2316756,58,False,False,False,False,False,False,False,False
ENSG00000163349,ENSG00000163349,HIPK1,2464,True,0.09386984232024681,1.7473469800719668,0.23163709,58,False,False,False,False,False,False,False,False
ENSG00000127948,ENSG00000127948,POR,2315,True,0.08542795378480798,1.7472670594666688,0.23139499,58,False,False,False,False,False,False,False,False
ENSG00000203497,ENSG00000203497,PDCD4-AS1,1916,True,0.07555155912371316,1.7466083218244217,0.23139043,58,False,False,False,False,False,False,False,False
ENSG00000065526,ENSG00000065526,SPEN,7619,True,0.26048097580309154,1.7605243942282878,0.23119569,58,False,False,False,False,False,False,False,False
ENSG00000133256,ENSG00000133256,PDE6B,1888,True,0.07147007336459224,1.7153574580250828,0.2307176,58,False,False,False,False,False,False,False,False
ENSG00000185917,ENSG00000185917,SETD4,1656,True,0.06345026584256619,1.7134570326366818,0.22954094,58,False,False,False,False,False,False,False,False
ENSG00000058063,ENSG00000058063,ATP11B,4269,True,0.15301647786183334,1.7445489560710867,0.2287828,58,False,False,False,False,False,False,False,False
ENSG00000142583,ENSG00000142583,SLC2A5,644,True,0.02565958806444495,1.6898709655088808,0.22873308,58,False,False,False,False,False,False,False,False
ENSG00000088888,ENSG00000088888,MAVS,1013,True,0.03750692534832921,1.7419583861291925,0.22827165,58,False,False,False,False,False,False,False,False
ENSG00000119772,ENSG00000119772,DNMT3A,1892,True,0.0706116474855705,1.743519491833323,0.22785372,58,False,False,False,False,False,False,False,False
ENSG00000159873,ENSG00000159873,CCDC117,1788,True,0.06831785541352914,1.7415034284001722,0.2274,58,False,False,False,False,False,False,False,False
ENSG00000106392,ENSG00000106392,C1GALT1,10159,True,0.3507630898360356,1.7671426929489322,0.22689341,58,False,False,False,False,False,False,False,False
ENSG00000186020,ENSG00000186020,ZNF529,2198,True,0.08601737574230851,1.746590589708679,0.22683193,58,False,False,False,False,False,False,False,False
ENSG00000154727,ENSG00000154727,GABPA,2628,True,0.09454145829637373,1.7403555855067785,0.22665723,58,False,False,False,False,False,False,False,False
ENSG00000263004,ENSG00000263004,AKAP1-DT,708,True,0.02766768905318587,1.68366297296104,0.22637023,58,False,False,False,False,False,False,False,False
ENSG00000068308,ENSG00000068308,OTUD5,4287,True,0.15865057967999,1.7459041040009218,0.22550537,58,False,False,False,False,False,False,False,False
ENSG00000159842,ENSG00000159842,ABR,1346,True,0.05059319204964601,1.7394179669105228,0.22542328,58,False,False,False,False,False,False,False,False
ENSG00000165752,ENSG00000165752,STK32C,1821,True,0.07390708932409361,1.7474484059048039,0.22527155,58,False,False,False,False,False,False,False,False
ENSG00000083097,ENSG00000083097,DOP1A,1517,True,0.056190211055446145,1.7131179244967123,0.22464085,58,False,False,False,False,False,False,False,False
ENSG00000158669,ENSG00000158669,GPAT4,2651,True,0.09790614898008086,1.746638352428497,0.22382398,58,False,False,False,False,False,False,False,False
ENSG00000112249,ENSG00000112249,ASCC3,6469,True,0.22513965075584447,1.747304218160683,0.22301196,58,False,False,False,False,False,False,False,False
ENSG00000177352,ENSG00000177352,CCDC71,1134,True,0.04278794687629489,1.715230819317435,0.22295912,58,False,False,False,False,False,False,False,False
ENSG00000001461,ENSG00000001461,NIPAL3,3087,True,0.11214357202646684,1.7400000820833386,0.22133198,58,False,False,False,False,False,False,False,False
ENSG00000196387,ENSG00000196387,ZNF140,1033,True,0.04002623297239941,1.7402837128582769,0.22066738,58,False,False,False,False,False,False,False,False
ENSG00000118689,ENSG00000118689,FOXO3,3036,True,0.11215802390549005,1.7410242333745274,0.22037642,58,False,False,False,False,False,False,False,False
ENSG00000164597,ENSG00000164597,COG5,2495,True,0.09113016039783729,1.7427372687167426,0.22026072,58,False,False,False,False,False,False,False,False
ENSG00000160352,ENSG00000160352,ZNF714,1363,True,0.05090240707303084,1.7113150925499345,0.21979374,58,False,False,False,False,False,False,False,False
ENSG00000189362,ENSG00000189362,NEMP2,787,True,0.031596018415485864,1.725411789530773,0.2197413,58,False,False,False,False,False,False,False,False
ENSG00000104497,ENSG00000104497,SNX16,986,True,0.03830717509645444,1.7103798796751486,0.21914598,58,False,False,False,False,False,False,False,False
