gene_index,gene_id,feature_name,n_cells,highly_variable,means,dispersions,dispersions_norm,highly_variable_nbatches,highly_variable_intersection,is_mitochondrial,is_ribosomal,is_hemoglobin,is_stress,is_cell_cycle,is_immunoglobulin,is_strong_isg
ENSG00000132465,ENSG00000132465,JCHAIN,37156,True,1.8610791336081443,5.1821860349237205,6.1391344,88,True,False,False,False,False,False,False,False
ENSG00000234184,ENSG00000234184,LINC01781,20182,True,0.9490685921900504,2.496466869664218,5.3471932,88,True,False,False,False,False,False,False,False
ENSG00000166598,ENSG00000166598,HSP90B1,26975,True,0.9083956591790957,2.510381860341329,4.7832217,88,True,False,False,False,False,False,False,False
ENSG00000066923,ENSG00000066923,STAG3,9133,True,0.42367984105805934,2.2094110110714196,4.715865,88,True,False,False,False,False,False,False,False
ENSG00000254709,ENSG00000254709,IGLL5,46905,True,2.46491118542638,5.516710811118427,3.9823604,88,True,False,False,False,False,False,False,False
ENSG00000116741,ENSG00000116741,RGS2,28723,True,1.0804582312289297,2.3995152985924473,3.7221832,88,True,False,False,False,False,False,False,False
ENSG00000100097,ENSG00000100097,LGALS1,28689,True,0.9928212634234164,2.2377902317351146,3.2507548,88,True,False,False,False,False,False,False,False
ENSG00000167641,ENSG00000167641,PPP1R14A,14110,True,0.5620222201982155,2.073117986302143,3.2239907,88,True,False,False,False,False,False,False,False
ENSG00000273338,ENSG00000273338,ENSG00000273338,18957,True,0.7541121300547434,2.1233484138515304,3.0150394,88,True,False,False,False,False,False,False,False
ENSG00000257275,ENSG00000257275,ENSG00000257275,7955,True,0.36558162203527617,2.079338384556451,2.9501143,88,True,False,False,False,False,False,False,False
ENSG00000137959,ENSG00000137959,IFI44L,23230,True,0.8663334463171167,2.1681351966451676,2.6845028,88,True,False,False,False,False,False,False,True
ENSG00000100721,ENSG00000100721,TCL1A,49319,True,1.7108547812343295,2.4479316032084792,2.6635966,88,True,False,False,False,False,False,False,False
ENSG00000077238,ENSG00000077238,IL4R,25135,True,0.9150064697345119,2.1340120831892864,2.5853088,88,True,False,False,False,False,False,False,False
ENSG00000184897,ENSG00000184897,H1-10,15060,True,0.5767275266862544,2.0050615871282162,2.5676444,88,True,False,False,False,False,False,False,False
ENSG00000060138,ENSG00000060138,YBX3,23656,True,0.8621090259406511,2.071326536080378,2.34674,88,True,False,False,False,False,False,False,False
ENSG00000099860,ENSG00000099860,GADD45B,23442,True,0.7874329081125849,2.0467285821423222,2.1879988,88,True,False,False,False,False,False,False,False
ENSG00000205542,ENSG00000205542,TMSB4X,120299,True,4.688077146827528,2.9513209245824426,1.9964864,88,True,False,False,False,False,False,False,False
ENSG00000170606,ENSG00000170606,HSPA4,15245,True,0.5621822182705093,1.9453292793243753,1.9732945,88,True,False,False,False,False,False,False,False
ENSG00000141682,ENSG00000141682,PMAIP1,29776,True,0.9891785601827057,2.033693641447073,1.89928,88,True,False,False,False,False,False,False,False
ENSG00000213231,ENSG00000213231,TCL1B,2157,True,0.11342319294723206,2.127437958688732,1.8869051,88,True,False,False,False,False,False,False,False
ENSG00000184226,ENSG00000184226,PCDH9,8847,True,0.3661945318871062,1.9597538447142668,1.8500036,88,True,False,False,False,False,False,False,False
ENSG00000034510,ENSG00000034510,TMSB10,119845,True,4.018891556102855,2.5293697482732096,1.8226192,88,True,False,False,False,False,False,False,False
ENSG00000126353,ENSG00000126353,CCR7,17256,True,0.6182333816731123,1.9474716024669234,1.8197322,88,True,False,False,False,False,False,False,False
ENSG00000112149,ENSG00000112149,CD83,25368,True,0.8366387142762289,1.99100518698396,1.7791762,88,True,False,False,False,False,False,False,False
ENSG00000147535,ENSG00000147535,PLPP5,34311,True,1.1142291365445098,2.030856734619759,1.6845111,88,True,False,False,False,False,False,False,False
ENSG00000128218,ENSG00000128218,VPREB3,48932,True,1.4759358358886063,2.0971976019486136,1.5773771,88,True,False,False,False,False,False,False,False
ENSG00000051108,ENSG00000051108,HERPUD1,40354,True,1.22226451714739,2.0492464964977883,1.5427706,88,True,False,False,False,False,False,False,False
ENSG00000112182,ENSG00000112182,BACH2,11964,True,0.45297221115019026,1.8990694701592488,1.5147,88,True,False,False,False,False,False,False,False
ENSG00000104921,ENSG00000104921,FCER2,31455,True,1.016657764205559,1.9879363702352977,1.4291171,88,True,False,False,False,False,False,False,False
ENSG00000080546,ENSG00000080546,SESN1,5775,True,0.23639740874151596,1.948266628872711,1.3862902,88,True,False,False,False,False,False,False,False
ENSG00000100906,ENSG00000100906,NFKBIA,55894,True,1.6002423226596207,2.1178200896648263,1.3303957,88,True,False,False,False,False,False,False,False
ENSG00000205056,ENSG00000205056,LINC02397,17964,True,0.6452684932754931,1.901852996941352,1.3157719,88,True,False,False,False,False,False,False,False
ENSG00000010278,ENSG00000010278,CD9,4596,True,0.2069814263602351,1.9739484934784015,1.3033181,88,True,False,False,False,False,False,False,False
ENSG00000166710,ENSG00000166710,B2M,120309,True,4.731900302359488,2.709891245197328,1.272379,88,True,False,False,False,False,False,False,False
ENSG00000163958,ENSG00000163958,ZDHHC19,2279,True,0.10653012323621347,1.9601851618324482,1.1728604,88,True,False,False,False,False,False,False,False
ENSG00000189057,ENSG00000189057,FAM111B,4053,True,0.17257463490460065,1.9562867426269472,1.1711354,88,True,False,False,False,False,False,False,False
ENSG00000174469,ENSG00000174469,CNTNAP2,4553,True,0.1986830344099431,1.9548873377029294,1.1377934,88,True,False,False,False,False,False,False,False
ENSG00000267858,ENSG00000267858,MZF1-AS1,5117,True,0.22008880910600534,1.9044124172381311,1.1340095,88,True,False,False,False,False,False,False,False
ENSG00000204852,ENSG00000204852,TCTN1,4192,True,0.18559265812431552,1.9435999612297359,1.0836223,88,True,False,False,False,False,False,False,False
ENSG00000174944,ENSG00000174944,P2RY14,4469,True,0.19341523482671696,1.9145445600056674,1.0297534,88,True,False,False,False,False,False,False,False
ENSG00000251562,ENSG00000251562,MALAT1,120319,True,6.5751226007731765,4.051269035598906,1.0,88,True,False,False,False,False,False,False,False
ENSG00000109906,ENSG00000109906,ZBTB16,3914,True,0.16082291364602783,1.9029855788667276,0.9781268,88,True,False,False,False,False,False,False,False
ENSG00000250850,ENSG00000250850,ENSG00000250850,6162,True,0.25861976283470134,1.8876392626902065,0.9577453,88,True,False,False,False,False,False,False,False
ENSG00000197520,ENSG00000197520,FAM177B,4073,True,0.18080454732806725,1.908959592026539,0.94402593,88,True,False,False,False,False,False,False,False
ENSG00000026559,ENSG00000026559,KCNG1,1873,True,0.0861720945722449,1.9060707318783388,0.9434888,88,True,False,False,False,False,False,False,False
ENSG00000091972,ENSG00000091972,CD200,5780,True,0.24763951536297524,1.8903656763084042,0.93846756,88,True,False,False,False,False,False,False,False
ENSG00000169413,ENSG00000169413,RNASE6,15648,True,0.5579416376513623,1.8523150262336683,0.8736663,88,True,False,False,False,False,False,False,False
ENSG00000204287,ENSG00000204287,HLA-DRA,119572,True,3.970262600186427,2.281249912837689,0.85188735,88,True,False,False,False,False,False,False,False
ENSG00000141293,ENSG00000141293,SKAP1,7412,True,0.2827156220901213,1.8555209490901368,0.80901355,88,True,False,False,False,False,False,False,False
ENSG00000136603,ENSG00000136603,SKIL,7097,True,0.27593422606961676,1.844567056882792,0.76606566,88,True,False,False,False,False,False,False,False
ENSG00000107679,ENSG00000107679,PLEKHA1,5516,True,0.21753413639801034,1.8525012852689406,0.6869565,88,True,False,False,False,False,False,False,False
ENSG00000151687,ENSG00000151687,ANKAR,4516,True,0.1775531054992184,1.8331107291247648,0.6084158,88,True,False,False,False,False,False,False,False
ENSG00000155085,ENSG00000155085,AK9,5074,True,0.2037531801817006,1.8161674475937597,0.54571533,88,True,False,False,False,False,False,False,False
ENSG00000170476,ENSG00000170476,MZB1,17209,True,0.7324353729000207,2.9198682868769463,9.340939,87,False,False,False,False,False,False,False,False
ENSG00000106211,ENSG00000106211,HSPB1,13886,True,0.6364043036408273,2.7891563233344216,8.800607,87,False,False,False,False,False,False,False,False
ENSG00000117318,ENSG00000117318,ID3,7693,True,0.34371347673257624,2.303416367789475,4.59709,87,False,False,False,False,False,False,False,False
ENSG00000143443,ENSG00000143443,C1orf56,16443,True,0.6509732077643128,2.0402646110136122,2.7138708,87,False,False,False,False,False,False,False,False
ENSG00000090104,ENSG00000090104,RGS1,11217,True,0.4579704301908205,2.0941180627006193,2.6886864,87,False,False,False,False,False,False,False,False
ENSG00000237541,ENSG00000237541,HLA-DQA2,25403,True,0.9131340945897004,2.126538487631451,2.660692,87,False,False,False,False,False,False,False,False
ENSG00000100219,ENSG00000100219,XBP1,9259,True,0.3628053082795723,2.0192703696577485,2.6155965,87,False,False,False,False,False,False,False,False
ENSG00000110848,ENSG00000110848,CD69,63056,True,1.982723461869263,2.5800993716042844,2.2838728,87,False,False,False,False,False,False,False,False
ENSG00000224137,ENSG00000224137,LINC01857,13977,True,0.5170757865872718,1.9556444761420295,2.1323645,87,False,False,False,False,False,False,False,False
ENSG00000163736,ENSG00000163736,PPBP,12225,True,0.4792432909071262,1.9601874780555157,2.0352185,87,False,False,False,False,False,False,False,False
ENSG00000112137,ENSG00000112137,PHACTR1,19763,True,0.7123579544436919,1.9809698141679675,1.9042357,87,False,False,False,False,False,False,False,False
ENSG00000180573,ENSG00000180573,H2AC6,10589,True,0.4185438763416243,1.9288110423699996,1.7774252,87,False,False,False,False,False,False,False,False
ENSG00000187837,ENSG00000187837,H1-2,17608,True,0.6040700931260882,1.942210232420077,1.7434002,87,False,False,False,False,False,False,False,False
ENSG00000226777,ENSG00000226777,FAM30A,23142,True,0.8196845421782889,1.992454771638705,1.7275727,87,False,False,False,False,False,False,False,False
ENSG00000196937,ENSG00000196937,FAM3C,16736,True,0.5923124629795589,1.9328142740698728,1.7235974,87,False,False,False,False,False,False,False,False
ENSG00000163737,ENSG00000163737,PF4,8955,True,0.36131851468562365,1.9692249904187948,1.692401,87,False,False,False,False,False,False,False,False
ENSG00000197747,ENSG00000197747,S100A10,30541,True,0.9913910311288401,2.0223443226265605,1.6903881,87,False,False,False,False,False,False,False,False
ENSG00000125347,ENSG00000125347,IRF1,31586,True,0.9841978922566613,2.041321678697595,1.6300656,87,False,False,False,False,False,False,False,False
ENSG00000198502,ENSG00000198502,HLA-DRB5,54447,True,1.6159580884908953,2.200226532673106,1.6244245,87,False,False,False,False,False,False,False,False
ENSG00000172264,ENSG00000172264,MACROD2,9239,True,0.3692565628732387,1.9340006547985638,1.590875,87,False,False,False,False,False,False,False,False
ENSG00000143878,ENSG00000143878,RHOB,12322,True,0.45781835777543906,1.9015283745480334,1.579537,87,False,False,False,False,False,False,False,False
ENSG00000140398,ENSG00000140398,NEIL1,7096,True,0.2815423528442559,1.9397216623968128,1.4677236,87,False,False,False,False,False,False,False,False
ENSG00000023445,ENSG00000023445,BIRC3,50789,True,1.4574545302797333,2.083618030543187,1.3822258,87,False,False,False,False,False,False,False,False
ENSG00000132530,ENSG00000132530,XAF1,16459,True,0.5823594443316853,1.917828111567068,1.3345667,87,False,False,False,False,False,False,False,True
ENSG00000152518,ENSG00000152518,ZFP36L2,53486,True,1.502962930139393,2.0746930842112707,1.2852417,87,False,False,False,False,False,False,False,False
ENSG00000099958,ENSG00000099958,DERL3,5268,True,0.21707135447938822,1.9845673240117925,1.280268,87,False,False,False,False,False,False,False,False
ENSG00000110852,ENSG00000110852,CLEC2B,24471,True,0.8374869395497739,1.9016929036499535,1.0472836,87,False,False,False,False,False,False,False,False
ENSG00000187514,ENSG00000187514,PTMA,119685,True,3.8807604629289467,2.2830555862738318,1.0437336,87,False,False,False,False,False,False,False,False
ENSG00000259536,ENSG00000259536,ENSG00000259536,1986,True,0.09085648318474764,1.917818461619858,0.9977028,87,False,False,False,False,False,False,False,False
ENSG00000082293,ENSG00000082293,COL19A1,6661,True,0.2644851254297896,1.851182575754166,0.8451626,87,False,False,False,False,False,False,False,False
ENSG00000164056,ENSG00000164056,SPRY1,1279,True,0.06103897141208488,1.8822594556264902,0.83951837,87,False,False,False,False,False,False,False,False
ENSG00000188404,ENSG00000188404,SELL,50834,True,1.4418235020080736,1.9749148973194388,0.816476,87,False,False,False,False,False,False,False,False
ENSG00000272501,ENSG00000272501,ENSG00000272501,7393,True,0.28429874386782655,1.8424628593441126,0.7495746,87,False,False,False,False,False,False,False,False
ENSG00000110841,ENSG00000110841,PPFIBP1,1426,True,0.06321176659102319,1.8612083812947224,0.7459893,87,False,False,False,False,False,False,False,False
ENSG00000187210,ENSG00000187210,GCNT1,2424,True,0.10563817030230722,1.8568847783769669,0.7213775,87,False,False,False,False,False,False,False,False
ENSG00000166770,ENSG00000166770,ZNF667-AS1,3332,True,0.1457189713333387,1.8546470104690023,0.70319617,87,False,False,False,False,False,False,False,False
ENSG00000169762,ENSG00000169762,TAPT1,4432,True,0.17983944397033647,1.850676366693769,0.69831324,87,False,False,False,False,False,False,False,False
ENSG00000005471,ENSG00000005471,ABCB4,5602,True,0.23296559627548066,1.8495951805060413,0.67508525,87,False,False,False,False,False,False,False,False
ENSG00000071051,ENSG00000071051,NCK2,5251,True,0.2052579373463626,1.830032298781527,0.6034656,87,False,False,False,False,False,False,False,False
ENSG00000173890,ENSG00000173890,GPR160,5044,True,0.20088138669228695,1.8282244057392463,0.59692204,87,False,False,False,False,False,False,False,False
ENSG00000133302,ENSG00000133302,SLF1,5471,True,0.21788693223226063,1.8259814626157471,0.5734981,87,False,False,False,False,False,False,False,False
ENSG00000170222,ENSG00000170222,ADPRM,6150,True,0.23899184599252124,1.825042076468142,0.5656766,87,False,False,False,False,False,False,False,False
ENSG00000167258,ENSG00000167258,CDK12,10778,True,0.4040069555562896,2.1970589132681555,4.0722694,86,False,False,False,False,False,False,False,False
ENSG00000142197,ENSG00000142197,DOP1B,5778,True,0.24561730381324723,2.3999196098494697,3.901641,86,False,False,False,False,False,False,False,False
ENSG00000187608,ENSG00000187608,ISG15,26186,True,0.9347250270522579,2.3208379344271792,3.6064095,86,False,False,False,False,False,False,False,True
ENSG00000143297,ENSG00000143297,FCRL5,14170,True,0.5397305044746731,2.0135347341222993,2.6016507,86,False,False,False,False,False,False,False,False
ENSG00000048462,ENSG00000048462,TNFRSF17,2907,True,0.15391211577254388,2.180369359571251,2.2098227,86,False,False,False,False,False,False,False,False
ENSG00000113387,ENSG00000113387,SUB1,57757,True,1.6151187468864696,2.234335937776893,1.6432449,86,False,False,False,False,False,False,False,False
ENSG00000124766,ENSG00000124766,SOX4,5310,True,0.2293761154085626,2.01269542131316,1.5375849,86,False,False,False,False,False,False,False,False
ENSG00000121966,ENSG00000121966,CXCR4,102274,True,2.870998527959894,2.5354836428621876,1.4848586,86,False,False,False,False,False,False,False,False
ENSG00000110987,ENSG00000110987,BCL7A,20451,True,0.7331997021201601,1.9406248011939242,1.4828278,86,False,False,False,False,False,False,False,False
ENSG00000019582,ENSG00000019582,CD74,120145,True,4.365484200908575,2.4183406313709988,1.2664642,86,False,False,False,False,False,False,False,False
ENSG00000142227,ENSG00000142227,EMP3,60108,True,1.682091844458524,2.1587077320266657,1.2087975,86,False,False,False,False,False,False,False,False
ENSG00000242265,ENSG00000242265,PEG10,2532,True,0.1115879566561999,1.9452407997905714,1.1264522,86,False,False,False,False,False,False,False,False
ENSG00000213928,ENSG00000213928,IRF9,12535,True,0.446256391916453,1.8704577697298026,1.1187851,86,False,False,False,False,False,False,False,False
ENSG00000160856,ENSG00000160856,FCRL3,8621,True,0.32977895603616575,1.8744632822476384,1.1185555,86,False,False,False,False,False,False,False,False
ENSG00000164543,ENSG00000164543,STK17A,32379,True,0.9991066669054617,1.919954162152473,0.9916027,86,False,False,False,False,False,False,False,False
ENSG00000266088,ENSG00000266088,ENSG00000266088,2566,True,0.11608564771427185,1.8906938822760417,0.8745104,86,False,False,False,False,False,False,False,False
ENSG00000081189,ENSG00000081189,MEF2C,69727,True,1.8713020990862694,2.1065591952886726,0.86659116,86,False,False,False,False,False,False,False,False
ENSG00000042980,ENSG00000042980,ADAM28,31872,True,0.9868623048524245,1.9089699997471685,0.8452787,86,False,False,False,False,False,False,False,False
ENSG00000165175,ENSG00000165175,MID1IP1,5610,True,0.21651819936786432,1.8319827361992198,0.6632817,86,False,False,False,False,False,False,False,False
ENSG00000169902,ENSG00000169902,TPST1,1406,True,0.06113641431814157,1.8167737140524052,0.65989524,86,False,False,False,False,False,False,False,False
ENSG00000185418,ENSG00000185418,TARS3,7288,True,0.27383145131984415,1.8273051104141655,0.6585572,86,False,False,False,False,False,False,False,False
ENSG00000214140,ENSG00000214140,PRCD,2779,True,0.1194891880432257,1.8349176996657084,0.6269115,86,False,False,False,False,False,False,False,False
ENSG00000155189,ENSG00000155189,AGPAT5,6207,True,0.23629410739696707,1.8193507502181732,0.57266563,86,False,False,False,False,False,False,False,False
ENSG00000151882,ENSG00000151882,CCL28,4009,True,0.15997336575629248,1.8219293274194648,0.5529001,86,False,False,False,False,False,False,False,False
ENSG00000150907,ENSG00000150907,FOXO1,4335,True,0.16983268668657006,1.8196731082621769,0.55046475,86,False,False,False,False,False,False,False,False
ENSG00000187231,ENSG00000187231,SESTD1,6472,True,0.2483734547465519,1.8084998255902567,0.5483292,86,False,False,False,False,False,False,False,False
ENSG00000162654,ENSG00000162654,GBP4,4773,True,0.18685078671763788,1.8094652287840989,0.5209213,86,False,False,False,False,False,False,False,False
ENSG00000145246,ENSG00000145246,ATP10D,4263,True,0.17346134869343913,1.8084658540271084,0.49946135,86,False,False,False,False,False,False,False,False
ENSG00000158050,ENSG00000158050,DUSP2,12303,True,0.4900280868507464,2.1655141484992946,3.7631984,85,False,False,False,False,False,False,False,False
ENSG00000213145,ENSG00000213145,CRIP1,25369,True,0.9598375453944037,2.3334969600803266,3.1602936,85,False,False,False,False,False,False,False,False
ENSG00000111880,ENSG00000111880,RNGTT,9896,True,0.3816861157815837,1.906455391602349,1.4548889,85,False,False,False,False,False,False,False,False
ENSG00000137101,ENSG00000137101,CD72,15778,True,0.5725306310964116,1.8890040605525693,1.3404418,85,False,False,False,False,False,False,False,False
ENSG00000120885,ENSG00000120885,CLU,3221,True,0.1470751616104535,1.9311626337665677,1.2156552,85,False,False,False,False,False,False,False,False
ENSG00000150347,ENSG00000150347,ARID5B,32652,True,1.0138997035247312,1.952373537628766,1.1655173,85,False,False,False,False,False,False,False,False
ENSG00000084234,ENSG00000084234,APLP2,19811,True,0.6923089347129369,1.892323589500615,1.1099542,85,False,False,False,False,False,False,False,False
ENSG00000106537,ENSG00000106537,TSPAN13,20495,True,0.7230311304820956,1.894933886596904,1.1019676,85,False,False,False,False,False,False,False,False
ENSG00000128040,ENSG00000128040,SPINK2,1225,True,0.058632818003763826,1.9442726605647627,1.081242,85,False,False,False,False,False,False,False,False
ENSG00000156313,ENSG00000156313,RPGR,4432,True,0.1810822502243579,1.890064606127862,0.95287424,85,False,False,False,False,False,False,False,False
ENSG00000127528,ENSG00000127528,KLF2,46859,True,1.3540742043106802,1.9704501281835185,0.9109516,85,False,False,False,False,False,False,False,False
ENSG00000198707,ENSG00000198707,CEP290,6340,True,0.24519043856310221,1.8581090537045313,0.850988,85,False,False,False,False,False,False,False,False
ENSG00000117519,ENSG00000117519,CNN3,1324,True,0.061079702185277814,1.868118306397709,0.7690916,85,False,False,False,False,False,False,False,False
ENSG00000164221,ENSG00000164221,CCDC112,5156,True,0.204041795774503,1.8354116091497523,0.6209309,85,False,False,False,False,False,False,False,False
ENSG00000160223,ENSG00000160223,ICOSLG,7190,True,0.2708974929001718,1.8268689195331733,0.6141599,85,False,False,False,False,False,False,False,False
ENSG00000112232,ENSG00000112232,KHDRBS2,2839,True,0.1131820461464415,1.8158539927126205,0.5320728,85,False,False,False,False,False,False,False,False
ENSG00000230438,ENSG00000230438,SERPINB9P1,2363,True,0.09753193013958684,1.8140947264673208,0.5262066,85,False,False,False,False,False,False,False,False
ENSG00000152484,ENSG00000152484,USP12,5382,True,0.20635158806500228,1.8066405548034548,0.52075046,85,False,False,False,False,False,False,False,False
ENSG00000179088,ENSG00000179088,C12orf42,4435,True,0.17695433389145418,1.8046455400038803,0.48920855,85,False,False,False,False,False,False,False,False
ENSG00000197555,ENSG00000197555,SIPA1L1,5931,True,0.22009670728030867,1.7942372605159675,0.46493715,85,False,False,False,False,False,False,False,False
ENSG00000121413,ENSG00000121413,ZSCAN18,4916,True,0.1869848473835574,1.7992518963979505,0.46370625,85,False,False,False,False,False,False,False,False
ENSG00000138078,ENSG00000138078,PREPL,5657,True,0.20794114403694122,1.775491864839558,0.36612546,85,False,False,False,False,False,False,False,False
ENSG00000126709,ENSG00000126709,IFI6,18417,True,0.6667751128678897,2.059658182675788,2.2939856,84,False,False,False,False,False,False,False,True
ENSG00000169508,ENSG00000169508,GPR183,28569,True,0.9517572295085103,2.014544492438859,1.7807926,84,False,False,False,False,False,False,False,False
ENSG00000171476,ENSG00000171476,HOPX,7852,True,0.3182506597944195,1.9725873562453364,1.7633406,84,False,False,False,False,False,False,False,False
ENSG00000130844,ENSG00000130844,ZNF331,12988,True,0.4849202537372745,1.9421036389839477,1.7048472,84,False,False,False,False,False,False,False,False
ENSG00000133316,ENSG00000133316,WDR74,18800,True,0.6766297754429397,1.958941292982171,1.7023675,84,False,False,False,False,False,False,False,False
ENSG00000184009,ENSG00000184009,ACTG1,53622,True,1.5073546505979498,2.1857631390807106,1.6232152,84,False,False,False,False,False,False,False,False
ENSG00000135048,ENSG00000135048,CEMIP2,9594,True,0.350698201050676,1.8869612407320913,1.1855658,84,False,False,False,False,False,False,False,False
ENSG00000163617,ENSG00000163617,CCDC191,6606,True,0.25718275514366185,1.8978686376096354,1.0741045,84,False,False,False,False,False,False,False,False
ENSG00000185043,ENSG00000185043,CIB1,32981,True,1.0099114395106137,1.9406080164121058,1.0513363,84,False,False,False,False,False,False,False,False
ENSG00000272211,ENSG00000272211,ENSG00000272211,24891,True,0.8516192827533735,1.9027917671074952,1.0452145,84,False,False,False,False,False,False,False,False
ENSG00000132475,ENSG00000132475,H3-3B,109563,True,2.9698033380892004,2.426957605533921,1.0379478,84,False,False,False,False,False,False,False,False
ENSG00000163683,ENSG00000163683,SMIM14,29216,True,0.9381751404033497,1.906466021129596,0.9434673,84,False,False,False,False,False,False,False,False
ENSG00000245904,ENSG00000245904,BTG1-DT,9752,True,0.389385658639902,1.8404909123515139,0.9162097,84,False,False,False,False,False,False,False,False
ENSG00000096696,ENSG00000096696,DSP,2110,True,0.09191332958562262,1.8709243457672,0.88169956,84,False,False,False,False,False,False,False,False
ENSG00000188820,ENSG00000188820,CALHM6,34797,True,1.0628143295474677,1.9161900389252842,0.8739575,84,False,False,False,False,False,False,False,False
ENSG00000196782,ENSG00000196782,MAML3,1547,True,0.06890804201719974,1.860697238366547,0.7232879,84,False,False,False,False,False,False,False,False
ENSG00000131724,ENSG00000131724,IL13RA1,3875,True,0.15491742105271683,1.8510015209457256,0.7003137,84,False,False,False,False,False,False,False,False
ENSG00000247982,ENSG00000247982,LINC00926,45642,True,1.2827275564595286,1.9221988429502224,0.67817336,84,False,False,False,False,False,False,False,False
ENSG00000079819,ENSG00000079819,EPB41L2,5578,True,0.22031078134195947,1.8390121628075364,0.6497899,84,False,False,False,False,False,False,False,False
ENSG00000171467,ENSG00000171467,ZNF318,5831,True,0.22444106199767003,1.8297749245723862,0.63024366,84,False,False,False,False,False,False,False,False
ENSG00000153253,ENSG00000153253,SCN3A,2299,True,0.09688164877705698,1.8343574179062356,0.6298598,84,False,False,False,False,False,False,False,False
ENSG00000185950,ENSG00000185950,IRS2,4297,True,0.17451804478934665,1.8209880977626833,0.57325107,84,False,False,False,False,False,False,False,False
ENSG00000112773,ENSG00000112773,TENT5A,4483,True,0.17209835012664948,1.8210010467811748,0.5663121,84,False,False,False,False,False,False,False,False
ENSG00000133142,ENSG00000133142,TCEAL4,6375,True,0.24487712547195153,1.8138874202950184,0.5527644,84,False,False,False,False,False,False,False,False
ENSG00000185338,ENSG00000185338,SOCS1,4854,True,0.1949343736744459,1.8175126245666104,0.54792476,84,False,False,False,False,False,False,False,False
ENSG00000107902,ENSG00000107902,LHPP,6414,True,0.24166891677104346,1.8135715681377562,0.5315034,84,False,False,False,False,False,False,False,False
ENSG00000134215,ENSG00000134215,VAV3,6649,True,0.2514897595998677,1.8076485529367956,0.52579266,84,False,False,False,False,False,False,False,False
ENSG00000119138,ENSG00000119138,KLF9,7047,True,0.26483032737740747,1.8123425219244615,0.5232386,84,False,False,False,False,False,False,False,False
ENSG00000238142,ENSG00000238142,ENSG00000238142,4383,True,0.18688106602723112,1.8026895219719683,0.5174326,84,False,False,False,False,False,False,False,False
ENSG00000255760,ENSG00000255760,LINC02422,6370,True,0.25040193036296726,1.8117526656653489,0.50993896,84,False,False,False,False,False,False,False,False
ENSG00000137642,ENSG00000137642,SORL1,5465,True,0.2090278520109125,1.8098050166555886,0.50933063,84,False,False,False,False,False,False,False,False
ENSG00000177683,ENSG00000177683,THAP5,4919,True,0.1932822108489616,1.8063704613544909,0.49757144,84,False,False,False,False,False,False,False,False
ENSG00000171291,ENSG00000171291,ZNF439,4832,True,0.18164458838077005,1.8071243005412756,0.4955047,84,False,False,False,False,False,False,False,False
ENSG00000182183,ENSG00000182183,SHISAL2A,5833,True,0.2237643192210534,1.805622148766983,0.4924312,84,False,False,False,False,False,False,False,False
ENSG00000117009,ENSG00000117009,KMO,5258,True,0.20570816178074136,1.7989403744010617,0.46716985,84,False,False,False,False,False,False,False,False
ENSG00000151135,ENSG00000151135,TMEM263,4319,True,0.1624349962570608,1.7970826350814568,0.46409988,84,False,False,False,False,False,False,False,False
ENSG00000169239,ENSG00000169239,CA5B,4922,True,0.19339009947557234,1.7941723774452456,0.45398977,84,False,False,False,False,False,False,False,False
ENSG00000082146,ENSG00000082146,STRADB,5945,True,0.23026255991981548,1.7939072581763789,0.44492808,84,False,False,False,False,False,False,False,False
ENSG00000150093,ENSG00000150093,ITGB1,14494,True,0.5654329421083016,2.097411689184304,3.2902846,83,False,False,False,False,False,False,False,False
ENSG00000114315,ENSG00000114315,HES1,4735,True,0.2299851740806935,2.1269435705623967,2.6702442,83,False,False,False,False,False,False,False,False
ENSG00000150681,ENSG00000150681,RGS18,3829,True,0.18013028289702623,2.0181057541241127,1.7838795,83,False,False,False,False,False,False,False,False
ENSG00000109787,ENSG00000109787,KLF3,16792,True,0.5747588214508679,1.876808542833871,1.1814307,83,False,False,False,False,False,False,False,False
ENSG00000175130,ENSG00000175130,MARCKSL1,19971,True,0.6831413182471606,1.8984475315720972,1.1359615,83,False,False,False,False,False,False,False,False
ENSG00000067082,ENSG00000067082,KLF6,54194,True,1.5326637603397961,2.0332551738908,1.0291554,83,False,False,False,False,False,False,False,False
ENSG00000128536,ENSG00000128536,CDHR3,932,True,0.04288307775459296,1.8319716880925236,1.0242698,83,False,False,False,False,False,False,False,False
ENSG00000064886,ENSG00000064886,CHI3L2,5816,True,0.23558653818104833,1.8651754197602635,0.8399579,83,False,False,False,False,False,False,False,False
ENSG00000141753,ENSG00000141753,IGFBP4,2013,True,0.08768180325025837,1.8730912870973933,0.7949712,83,False,False,False,False,False,False,False,False
ENSG00000167552,ENSG00000167552,TUBA1A,38154,True,1.1315155466882725,1.9269242356067913,0.79162174,83,False,False,False,False,False,False,False,False
ENSG00000103528,ENSG00000103528,SYT17,1781,True,0.07975396006898744,1.8655058728553338,0.7593326,83,False,False,False,False,False,False,False,False
ENSG00000114861,ENSG00000114861,FOXP1,46255,True,1.326508490695347,1.9300187504171675,0.70596766,83,False,False,False,False,False,False,False,False
ENSG00000079691,ENSG00000079691,CARMIL1,2405,True,0.09626120954173399,1.8384625642101897,0.6398823,83,False,False,False,False,False,False,False,False
ENSG00000145012,ENSG00000145012,LPP,7830,True,0.2907416258542615,1.816218650861306,0.63875884,83,False,False,False,False,False,False,False,False
ENSG00000163328,ENSG00000163328,GPR155,2367,True,0.09764436063807241,1.8362842131098895,0.6374522,83,False,False,False,False,False,False,False,False
ENSG00000164610,ENSG00000164610,RP9,7539,True,0.28816821288726746,1.830424708491792,0.63626873,83,False,False,False,False,False,False,False,False
ENSG00000073464,ENSG00000073464,CLCN4,1349,True,0.058656824507908406,1.835287813996078,0.62069005,83,False,False,False,False,False,False,False,False
ENSG00000002587,ENSG00000002587,HS3ST1,1952,True,0.0812610844709172,1.8328125553139605,0.61776274,83,False,False,False,False,False,False,False,False
ENSG00000120688,ENSG00000120688,WBP4,3820,True,0.15166888307820667,1.830013343139732,0.61610395,83,False,False,False,False,False,False,False,False
ENSG00000125245,ENSG00000125245,GPR18,7015,True,0.2765711943942196,1.816438566051564,0.6156701,83,False,False,False,False,False,False,False,False
ENSG00000197928,ENSG00000197928,ZNF677,3348,True,0.139267910493007,1.8217817983473275,0.56606835,83,False,False,False,False,False,False,False,False
ENSG00000261824,ENSG00000261824,LINC00662,4153,True,0.16427475291812768,1.8198784966395538,0.5630244,83,False,False,False,False,False,False,False,False
ENSG00000166432,ENSG00000166432,ZMAT1,4962,True,0.1981007764255435,1.8182604042915478,0.5569134,83,False,False,False,False,False,False,False,False
ENSG00000003249,ENSG00000003249,DBNDD1,1376,True,0.058187763191249735,1.784162034669375,0.53898424,83,False,False,False,False,False,False,False,False
ENSG00000183960,ENSG00000183960,KCNH8,1581,True,0.06565619072533622,1.8159098567455565,0.53742564,83,False,False,False,False,False,False,False,False
ENSG00000225331,ENSG00000225331,LINC01678,3868,True,0.15193118934950456,1.815504336381421,0.53523964,83,False,False,False,False,False,False,False,False
ENSG00000184305,ENSG00000184305,CCSER1,5021,True,0.19498017308551996,1.807460920223454,0.53512233,83,False,False,False,False,False,False,False,False
ENSG00000227486,ENSG00000227486,ENSG00000227486,7265,True,0.27965107828822416,1.802875124619522,0.5191948,83,False,False,False,False,False,False,False,False
ENSG00000182568,ENSG00000182568,SATB1,5481,True,0.21145854714220108,1.808326216343123,0.5107332,83,False,False,False,False,False,False,False,False
ENSG00000180917,ENSG00000180917,CMTR2,4268,True,0.16556632432976048,1.8063852916957666,0.51053804,83,False,False,False,False,False,False,False,False
ENSG00000119950,ENSG00000119950,MXI1,4814,True,0.18904599694964974,1.807367987863402,0.5095817,83,False,False,False,False,False,False,False,False
ENSG00000197381,ENSG00000197381,ADARB1,4707,True,0.18617505547510815,1.8063897685097017,0.4918311,83,False,False,False,False,False,False,False,False
ENSG00000237765,ENSG00000237765,FAM200B,7719,True,0.29473429169340726,1.7988534914640446,0.49043277,83,False,False,False,False,False,False,False,False
ENSG00000118596,ENSG00000118596,SLC16A7,2964,True,0.11528847827823506,1.8020233665599454,0.48737,83,False,False,False,False,False,False,False,False
ENSG00000087266,ENSG00000087266,SH3BP2,4883,True,0.19132056133409028,1.8064670163922811,0.48683208,83,False,False,False,False,False,False,False,False
ENSG00000115993,ENSG00000115993,TRAK2,3492,True,0.13744671446411663,1.8022105870291085,0.48400235,83,False,False,False,False,False,False,False,False
ENSG00000152464,ENSG00000152464,RPP38,4867,True,0.18903521805884146,1.8036691885303915,0.47380617,83,False,False,False,False,False,False,False,False
ENSG00000253645,ENSG00000253645,ENSG00000253645,1375,True,0.058386882215206895,1.799837124993944,0.4596856,83,False,False,False,False,False,False,False,False
ENSG00000153250,ENSG00000153250,RBMS1,5863,True,0.22402335408276927,1.7978523986511272,0.4537066,83,False,False,False,False,False,False,False,False
ENSG00000166947,ENSG00000166947,EPB42,3340,True,0.1359748853570092,1.7837742071556306,0.39148307,83,False,False,False,False,False,False,False,False
ENSG00000134285,ENSG00000134285,FKBP11,6190,True,0.2581174169485776,2.0122464906937765,1.6710109,82,False,False,False,False,False,False,False,False
ENSG00000198625,ENSG00000198625,MDM4,29497,True,0.9577892322691443,1.9880558703925197,1.5996095,82,False,False,False,False,False,False,False,False
ENSG00000169045,ENSG00000169045,HNRNPH1,32468,True,1.0460097411937646,1.9878555712172925,1.4404426,82,False,False,False,False,False,False,False,False
ENSG00000126653,ENSG00000126653,NSRP1,13684,True,0.48868143045279927,1.866394556199605,1.216954,82,False,False,False,False,False,False,False,False
ENSG00000154146,ENSG00000154146,NRGN,4504,True,0.18707854202690546,1.8908681197269175,0.9372134,82,False,False,False,False,False,False,False,False
ENSG00000198865,ENSG00000198865,CCDC152,1721,True,0.07423366826983903,1.8915393364496664,0.8731529,82,False,False,False,False,False,False,False,False
ENSG00000164691,ENSG00000164691,TAGAP,19900,True,0.6582591630591693,1.8596342311156038,0.8361966,82,False,False,False,False,False,False,False,False
ENSG00000196154,ENSG00000196154,S100A4,64154,True,1.7435890150072966,2.0613807183910313,0.79127014,82,False,False,False,False,False,False,False,False
ENSG00000154380,ENSG00000154380,ENAH,651,True,0.030852063843657004,1.8337374373810946,0.7497625,82,False,False,False,False,False,False,False,False
ENSG00000133424,ENSG00000133424,LARGE1,1373,True,0.06058967041194887,1.8559959521873375,0.711737,82,False,False,False,False,False,False,False,False
ENSG00000226179,ENSG00000226179,LINC00685,2402,True,0.09794874889329161,1.8452818584041324,0.6757974,82,False,False,False,False,False,False,False,False
ENSG00000188825,ENSG00000188825,LINC00910,3313,True,0.1330267698761645,1.8384103414270676,0.6590017,82,False,False,False,False,False,False,False,False
ENSG00000186265,ENSG00000186265,BTLA,9243,True,0.34632407668924203,1.8152557445872788,0.6230876,82,False,False,False,False,False,False,False,False
ENSG00000176593,ENSG00000176593,ZNF606-AS1,4181,True,0.15887620014674883,1.8296196593120917,0.6138372,82,False,False,False,False,False,False,False,False
ENSG00000008513,ENSG00000008513,ST3GAL1,7588,True,0.27919244520241865,1.8147933252077453,0.5841894,82,False,False,False,False,False,False,False,False
ENSG00000263327,ENSG00000263327,TAPT1-AS1,1442,True,0.05951454376515646,1.8216744126943538,0.5623113,82,False,False,False,False,False,False,False,False
ENSG00000143633,ENSG00000143633,C1orf131,7225,True,0.2764080523184239,1.8167774361382492,0.5482022,82,False,False,False,False,False,False,False,False
ENSG00000179743,ENSG00000179743,SPEN-AS1,5301,True,0.20579965986122406,1.8075424782982639,0.5140972,82,False,False,False,False,False,False,False,False
ENSG00000123636,ENSG00000123636,BAZ2B,6785,True,0.2472872918150933,1.7997646866636983,0.49678007,82,False,False,False,False,False,False,False,False
ENSG00000143851,ENSG00000143851,PTPN7,5256,True,0.20071363848460175,1.7965272063170497,0.47364163,82,False,False,False,False,False,False,False,False
ENSG00000189319,ENSG00000189319,FAM53B,4026,True,0.15357508192584163,1.7957611553282027,0.44605657,82,False,False,False,False,False,False,False,False
ENSG00000130921,ENSG00000130921,MTRFR,5618,True,0.2089961085350632,1.7916451659642723,0.43145058,82,False,False,False,False,False,False,False,False
ENSG00000196268,ENSG00000196268,ZNF493,6090,True,0.23387131397182326,1.7856729738706003,0.4153035,82,False,False,False,False,False,False,False,False
ENSG00000142065,ENSG00000142065,ZFP14,4907,True,0.1852403671568802,1.7815157892642368,0.39481506,82,False,False,False,False,False,False,False,False
ENSG00000165949,ENSG00000165949,IFI27,4502,True,0.30054457576922106,2.608325922547697,6.5131063,81,False,False,False,False,False,False,False,True
ENSG00000166794,ENSG00000166794,PPIB,30931,True,0.9692694343019361,2.206412063168201,2.851942,81,False,False,False,False,False,False,False,False
ENSG00000136244,ENSG00000136244,IL6,3473,True,0.18442241811586138,2.143740031744901,2.533559,81,False,False,False,False,False,False,False,False
ENSG00000136997,ENSG00000136997,MYC,15732,True,0.5500599303271412,1.9146928184300156,1.6205994,81,False,False,False,False,False,False,False,False
ENSG00000245532,ENSG00000245532,NEAT1,42063,True,1.245507325339368,2.0506106382799825,1.4389213,81,False,False,False,False,False,False,False,False
ENSG00000119917,ENSG00000119917,IFIT3,3519,True,0.1509712353728057,1.9968133573491416,1.3565459,81,False,False,False,False,False,False,False,True
ENSG00000167740,ENSG00000167740,CYB5D2,2758,True,0.12221261991981507,1.9866669105976777,1.2557077,81,False,False,False,False,False,False,False,False
ENSG00000267100,ENSG00000267100,ILF3-DT,16159,True,0.5782359310043652,1.887150695409593,1.1253958,81,False,False,False,False,False,False,False,False
ENSG00000157601,ENSG00000157601,MX1,13790,True,0.4861876154648227,1.8655663413514725,1.0618296,81,False,False,False,False,False,False,False,True
ENSG00000100100,ENSG00000100100,PIK3IP1,19307,True,0.6371467257568504,1.8752456245472204,0.9889638,81,False,False,False,False,False,False,False,False
ENSG00000158023,ENSG00000158023,CFAP251,1100,True,0.05344477049305187,1.8957768058775237,0.8972886,81,False,False,False,False,False,False,False,False
ENSG00000137818,ENSG00000137818,RPLP1,120240,True,4.578777166980158,2.4073921404469636,0.8970378,81,False,False,False,False,False,False,False,False
ENSG00000179029,ENSG00000179029,TMEM107,7626,True,0.3053370734883413,1.84084910721509,0.88730454,81,False,False,False,False,False,False,False,False
ENSG00000156110,ENSG00000156110,ADK,19652,True,0.6629625303233984,1.8572668187014671,0.882106,81,False,False,False,False,False,False,False,False
ENSG00000145349,ENSG00000145349,CAMK2D,10928,True,0.4056140584405467,1.8345937267640977,0.8454109,81,False,False,False,False,False,False,False,False
ENSG00000167186,ENSG00000167186,COQ7,9959,True,0.37205311969522337,1.8365767708852696,0.83420634,81,False,False,False,False,False,False,False,False
ENSG00000164649,ENSG00000164649,CDCA7L,18211,True,0.6150816365573751,1.842988574617219,0.7850075,81,False,False,False,False,False,False,False,False
ENSG00000184588,ENSG00000184588,PDE4B,22853,True,0.7503554046211136,1.8592366609577682,0.7779532,81,False,False,False,False,False,False,False,False
ENSG00000070814,ENSG00000070814,TCOF1,18880,True,0.608575008197552,1.850353032302513,0.7774551,81,False,False,False,False,False,False,False,False
ENSG00000228495,ENSG00000228495,LINC01013,2093,True,0.0924893705482273,1.8531580198662156,0.7166926,81,False,False,False,False,False,False,False,False
ENSG00000079950,ENSG00000079950,STX7,29993,True,0.9201317403981938,1.8796511756937406,0.7073083,81,False,False,False,False,False,False,False,False
ENSG00000125482,ENSG00000125482,TTF1,7917,True,0.2989498568236327,1.8319993545853073,0.69367766,81,False,False,False,False,False,False,False,False
ENSG00000138182,ENSG00000138182,KIF20B,8701,True,0.3206622532080453,1.8230673923196732,0.67028904,81,False,False,False,False,False,False,False,False
ENSG00000272256,ENSG00000272256,ENSG00000272256,7493,True,0.27586997927023327,1.8195347213964566,0.6651586,81,False,False,False,False,False,False,False,False
ENSG00000168497,ENSG00000168497,CAVIN2,4215,True,0.17001754819850903,1.83743790064066,0.64888114,81,False,False,False,False,False,False,False,False
ENSG00000173875,ENSG00000173875,ZNF791,9566,True,0.35001259034479415,1.810344314538822,0.605309,81,False,False,False,False,False,False,False,False
ENSG00000270164,ENSG00000270164,LINC01480,4930,True,0.2104100481726738,1.82568532014065,0.5994615,81,False,False,False,False,False,False,False,False
ENSG00000103550,ENSG00000103550,KNOP1,4481,True,0.17868887951413726,1.8146567740280377,0.52769566,81,False,False,False,False,False,False,False,False
ENSG00000131781,ENSG00000131781,FMO5,1383,True,0.058689864964146674,1.8091491426405284,0.5072755,81,False,False,False,False,False,False,False,False
ENSG00000145687,ENSG00000145687,SSBP2,7844,True,0.2936526287700296,1.8043823348907553,0.49432975,81,False,False,False,False,False,False,False,False
ENSG00000166707,ENSG00000166707,ZCCHC18,1564,True,0.06726381128409425,1.8053092750691704,0.49041465,81,False,False,False,False,False,False,False,False
ENSG00000196247,ENSG00000196247,ZNF107,5966,True,0.21418250613008175,1.8024570753065299,0.48692924,81,False,False,False,False,False,False,False,False
ENSG00000121766,ENSG00000121766,ZCCHC17,6549,True,0.24236345995316164,1.7980312964487843,0.48209357,81,False,False,False,False,False,False,False,False
ENSG00000198520,ENSG00000198520,ARMH1,4956,True,0.1873606605159437,1.8008986168948575,0.47587472,81,False,False,False,False,False,False,False,False
ENSG00000221968,ENSG00000221968,FADS3,3838,True,0.15218533144990917,1.8001249476700345,0.47514263,81,False,False,False,False,False,False,False,False
ENSG00000234028,ENSG00000234028,EIF2AK3-DT,1255,True,0.05237713263993646,1.7992360680380088,0.46614355,81,False,False,False,False,False,False,False,False
ENSG00000118507,ENSG00000118507,AKAP7,3500,True,0.14339566933029022,1.7991317868485779,0.4652684,81,False,False,False,False,False,False,False,False
ENSG00000170088,ENSG00000170088,TMEM192,5515,True,0.2060465036102643,1.7985367681221442,0.4647856,81,False,False,False,False,False,False,False,False
ENSG00000178852,ENSG00000178852,EFCAB13,2815,True,0.10686330956364437,1.7984484355439767,0.4616839,81,False,False,False,False,False,False,False,False
ENSG00000197457,ENSG00000197457,STMN3,6506,True,0.24024410666217577,1.7954379293098464,0.4576358,81,False,False,False,False,False,False,False,False
ENSG00000167613,ENSG00000167613,LAIR1,5849,True,0.22358359900669278,1.7964460074003177,0.4556284,81,False,False,False,False,False,False,False,False
ENSG00000185298,ENSG00000185298,CCDC137,5800,True,0.21792346172699284,1.7930504535081269,0.45542914,81,False,False,False,False,False,False,False,False
ENSG00000173926,ENSG00000173926,MARCHF3,4329,True,0.16927724580941336,1.7937164965486092,0.44335413,81,False,False,False,False,False,False,False,False
ENSG00000172493,ENSG00000172493,AFF1,4907,True,0.18164209012250818,1.7880471661883297,0.42881262,81,False,False,False,False,False,False,False,False
ENSG00000170542,ENSG00000170542,SERPINB9,5489,True,0.21216113717295898,1.7836798704579828,0.40840086,81,False,False,False,False,False,False,False,False
ENSG00000164331,ENSG00000164331,ANKRA2,5539,True,0.20893455352693377,1.7686963014473802,0.33428633,81,False,False,False,False,False,False,False,False
ENSG00000166562,ENSG00000166562,SEC11C,13587,True,0.4977652865555955,2.0272429713682314,2.8693829,80,False,False,False,False,False,False,False,False
ENSG00000107968,ENSG00000107968,MAP3K8,15738,True,0.5519738943852063,1.8778357023877008,1.1963463,80,False,False,False,False,False,False,False,False
ENSG00000100519,ENSG00000100519,PSMC6,17026,True,0.5991205513034279,1.8658146056752907,1.1441597,80,False,False,False,False,False,False,False,False
ENSG00000075624,ENSG00000075624,ACTB,112068,True,3.1602098627668345,2.3931032637029257,1.0892079,80,False,False,False,False,False,False,False,False
ENSG00000226752,ENSG00000226752,CUTALP,10869,True,0.39949682045216195,1.8297456899303888,0.79834473,80,False,False,False,False,False,False,False,False
ENSG00000167604,ENSG00000167604,NFKBID,16593,True,0.5507842353578917,1.843748275834912,0.7904804,80,False,False,False,False,False,False,False,False
ENSG00000105926,ENSG00000105926,PALS2,4186,True,0.16583518429080948,1.8456986280960015,0.67943317,80,False,False,False,False,False,False,False,False
ENSG00000085563,ENSG00000085563,ABCB1,1326,True,0.05793421189112093,1.841988612561739,0.6492476,80,False,False,False,False,False,False,False,False
ENSG00000135968,ENSG00000135968,GCC2,25340,True,0.807136385597175,1.8542248001387682,0.6481386,80,False,False,False,False,False,False,False,False
ENSG00000109458,ENSG00000109458,GAB1,1658,True,0.07003243643232195,1.8346100952043605,0.6291525,80,False,False,False,False,False,False,False,False
ENSG00000171606,ENSG00000171606,ZNF274,9013,True,0.32252010108909573,1.8131728814201724,0.6113492,80,False,False,False,False,False,False,False,False
ENSG00000138646,ENSG00000138646,HERC5,4175,True,0.16635376666461876,1.8219689624540292,0.59943765,80,False,False,False,False,False,False,False,True
ENSG00000176542,ENSG00000176542,USF3,7974,True,0.2915557873153045,1.8117396848486302,0.5910376,80,False,False,False,False,False,False,False,False
ENSG00000008083,ENSG00000008083,JARID2,8445,True,0.3148632447425818,1.812958144992409,0.58405155,80,False,False,False,False,False,False,False,False
ENSG00000154655,ENSG00000154655,L3MBTL4,1353,True,0.05847765031300469,1.8214368705690662,0.5749095,80,False,False,False,False,False,False,False,False
ENSG00000273247,ENSG00000273247,RAB33B-AS1,6733,True,0.24933441065946377,1.801785598289804,0.5171554,80,False,False,False,False,False,False,False,False
ENSG00000152127,ENSG00000152127,MGAT5,3615,True,0.14016765852157256,1.8105239380194802,0.51190823,80,False,False,False,False,False,False,False,False
ENSG00000229989,ENSG00000229989,MIR181A1HG,1809,True,0.07268210871339326,1.809317431120337,0.5113764,80,False,False,False,False,False,False,False,False
ENSG00000158321,ENSG00000158321,AUTS2,2025,True,0.08315517179952471,1.8100041998080911,0.50790095,80,False,False,False,False,False,False,False,False
ENSG00000068650,ENSG00000068650,ATP11A,1972,True,0.0776510250979565,1.8075089671945408,0.5053226,80,False,False,False,False,False,False,False,False
ENSG00000143641,ENSG00000143641,GALNT2,4649,True,0.17814454039724606,1.805731121711329,0.5000235,80,False,False,False,False,False,False,False,False
ENSG00000119684,ENSG00000119684,MLH3,3967,True,0.15318587207497494,1.807505824602891,0.4993468,80,False,False,False,False,False,False,False,False
ENSG00000257698,ENSG00000257698,GIHCG,4048,True,0.16126084887274392,1.8054217496172378,0.497025,80,False,False,False,False,False,False,False,False
ENSG00000264247,ENSG00000264247,ZNF407-AS1,4067,True,0.15540458556640052,1.805047307080728,0.49264,80,False,False,False,False,False,False,False,False
ENSG00000133104,ENSG00000133104,SPART,3025,True,0.12001509232301989,1.8040685737456814,0.4903769,80,False,False,False,False,False,False,False,False
ENSG00000273148,ENSG00000273148,LCDR,1884,True,0.07777474088987026,1.8067091921778649,0.48597196,80,False,False,False,False,False,False,False,False
ENSG00000257242,ENSG00000257242,LINC01619,6008,True,0.2380127573810352,1.8014981643071686,0.47645804,80,False,False,False,False,False,False,False,False
ENSG00000179523,ENSG00000179523,EIF3J-DT,2979,True,0.12244995302004477,1.8006523946186697,0.47523904,80,False,False,False,False,False,False,False,False
ENSG00000151657,ENSG00000151657,KIN,6077,True,0.22929396872855634,1.797203151347678,0.46792555,80,False,False,False,False,False,False,False,False
ENSG00000015153,ENSG00000015153,YAF2,7104,True,0.26629351902567017,1.7963978784105004,0.45547393,80,False,False,False,False,False,False,False,False
ENSG00000075089,ENSG00000075089,ACTR6,6577,True,0.249089243566654,1.7905365153608104,0.4505279,80,False,False,False,False,False,False,False,False
ENSG00000140563,ENSG00000140563,MCTP2,4154,True,0.1614043963887288,1.7961467727134577,0.44962472,80,False,False,False,False,False,False,False,False
ENSG00000119900,ENSG00000119900,OGFRL1,4657,True,0.18028843712974887,1.7949007276668245,0.4392922,80,False,False,False,False,False,False,False,False
ENSG00000272994,ENSG00000272994,C2orf49-DT,3439,True,0.1356636255022775,1.7960065482716403,0.43901318,80,False,False,False,False,False,False,False,False
ENSG00000196151,ENSG00000196151,WDSUB1,2780,True,0.1123844795199881,1.7915184590781161,0.4347664,80,False,False,False,False,False,False,False,False
ENSG00000089335,ENSG00000089335,ZNF302,6398,True,0.23936805077148468,1.7842163831073075,0.42417789,80,False,False,False,False,False,False,False,False
ENSG00000181896,ENSG00000181896,ZNF101,5851,True,0.21053888806754306,1.789540358259042,0.42362055,80,False,False,False,False,False,False,False,False
ENSG00000086619,ENSG00000086619,ERO1B,6780,True,0.24597986803137972,1.785177843027087,0.416624,80,False,False,False,False,False,False,False,False
ENSG00000122591,ENSG00000122591,HYCC1,4450,True,0.17149097524946239,1.7831178820375606,0.40930685,80,False,False,False,False,False,False,False,False
ENSG00000173960,ENSG00000173960,UBXN2A,5809,True,0.21174211931411716,1.7843492006296238,0.40065157,80,False,False,False,False,False,False,False,False
ENSG00000131013,ENSG00000131013,PPIL4,6124,True,0.22547774792920364,1.7801465670321421,0.4006173,80,False,False,False,False,False,False,False,False
ENSG00000204977,ENSG00000204977,TRIM13,6021,True,0.22789107268090117,1.7828424382838903,0.39089996,80,False,False,False,False,False,False,False,False
ENSG00000231663,ENSG00000231663,COA6-AS1,3529,True,0.1466060511487467,1.7819686064578228,0.38705453,80,False,False,False,False,False,False,False,False
ENSG00000235194,ENSG00000235194,PPP1R3E,3770,True,0.14274224750940834,1.779073454204761,0.38595104,80,False,False,False,False,False,False,False,False
ENSG00000162702,ENSG00000162702,ZNF281,5454,True,0.2025582716401838,1.7759154113439657,0.36537755,80,False,False,False,False,False,False,False,False
ENSG00000067533,ENSG00000067533,RRP15,6020,True,0.22377834728515866,1.7743684104249733,0.36423606,80,False,False,False,False,False,False,False,False
ENSG00000133639,ENSG00000133639,BTG1,110671,True,3.0875257303935566,2.507084994143396,1.3669549,79,False,False,False,False,False,False,False,False
ENSG00000054654,ENSG00000054654,SYNE2,10020,True,0.35122008807282656,1.833970023911381,0.8565699,79,False,False,False,False,False,False,False,False
ENSG00000163534,ENSG00000163534,FCRL1,19982,True,0.6565136910206509,1.8621015795210474,0.83572817,79,False,False,False,False,False,False,False,False
ENSG00000069493,ENSG00000069493,CLEC2D,19084,True,0.646283211729907,1.848943632325289,0.8060994,79,False,False,False,False,False,False,False,False
ENSG00000145050,ENSG00000145050,MANF,6065,True,0.24084240577866403,1.8601903677432063,0.75142366,79,False,False,False,False,False,False,False,False
ENSG00000204001,ENSG00000204001,LCN8,1672,True,0.07483222282252554,1.852340000434017,0.70972425,79,False,False,False,False,False,False,False,False
ENSG00000268804,ENSG00000268804,LINC02132,1054,True,0.04852457366897143,1.851487113636506,0.68963933,79,False,False,False,False,False,False,False,False
ENSG00000268027,ENSG00000268027,ENSG00000268027,8900,True,0.34292749880951623,1.822453905512168,0.67604476,79,False,False,False,False,False,False,False,False
ENSG00000164182,ENSG00000164182,NDUFAF2,6015,True,0.23644276360047944,1.8235226292392577,0.6056728,79,False,False,False,False,False,False,False,False
ENSG00000102804,ENSG00000102804,TSC22D1,3270,True,0.13696398232339788,1.8250357454264667,0.5844218,79,False,False,False,False,False,False,False,False
ENSG00000174799,ENSG00000174799,CEP135,7172,True,0.26308998138891104,1.8140741135212908,0.58111197,79,False,False,False,False,False,False,False,False
ENSG00000139318,ENSG00000139318,DUSP6,3225,True,0.13031066442211556,1.8222892989403996,0.5645502,79,False,False,False,False,False,False,False,False
ENSG00000182405,ENSG00000182405,PGBD4,1488,True,0.0614685139010984,1.8165025772057246,0.55063957,79,False,False,False,False,False,False,False,False
ENSG00000167261,ENSG00000167261,DPEP2,7303,True,0.27008145921569693,1.8048733592083166,0.5486363,79,False,False,False,False,False,False,False,False
ENSG00000087074,ENSG00000087074,PPP1R15A,42588,True,1.2188793123461206,1.9104533829509776,0.5412914,79,False,False,False,False,False,False,False,False
ENSG00000246851,ENSG00000246851,ENSG00000246851,5552,True,0.22951201158982915,1.8093141620537827,0.5319821,79,False,False,False,False,False,False,False,False
ENSG00000126870,ENSG00000126870,DYNC2I1,4466,True,0.16948162739515804,1.8082435613253665,0.5150964,79,False,False,False,False,False,False,False,False
ENSG00000271869,ENSG00000271869,DCTN6-DT,6186,True,0.2568823771942395,1.8032169203491066,0.4994634,79,False,False,False,False,False,False,False,False
ENSG00000164938,ENSG00000164938,TP53INP1,7059,True,0.2646174105803475,1.8003834382876305,0.4903213,79,False,False,False,False,False,False,False,False
ENSG00000184068,ENSG00000184068,SREBF2-AS1,2954,True,0.12255414783306717,1.8012382114283718,0.48866132,79,False,False,False,False,False,False,False,False
ENSG00000255150,ENSG00000255150,EID3,1891,True,0.07901911619647922,1.8060446222829705,0.4869297,79,False,False,False,False,False,False,False,False
ENSG00000205189,ENSG00000205189,ZBTB10,6580,True,0.25666436305356344,1.804735496456695,0.47993553,79,False,False,False,False,False,False,False,False
ENSG00000243156,ENSG00000243156,MICAL3,6327,True,0.23197468237727834,1.7967343659627937,0.47554362,79,False,False,False,False,False,False,False,False
ENSG00000253535,ENSG00000253535,ADAM7-AS1,1518,True,0.06357388872183604,1.7996507360498653,0.46577764,79,False,False,False,False,False,False,False,False
ENSG00000152133,ENSG00000152133,GPATCH11,5563,True,0.2090774256856421,1.7920167868074648,0.45509735,79,False,False,False,False,False,False,False,False
ENSG00000151743,ENSG00000151743,AMN1,4055,True,0.16262454292393347,1.7924330803125719,0.45241866,79,False,False,False,False,False,False,False,False
ENSG00000272677,ENSG00000272677,HNRNPD-DT,2733,True,0.1169606973818741,1.7970996648183408,0.44989836,79,False,False,False,False,False,False,False,False
ENSG00000115652,ENSG00000115652,UXS1,4859,True,0.18701645292709831,1.7940980643214792,0.44867593,79,False,False,False,False,False,False,False,False
ENSG00000174428,ENSG00000174428,GTF2IRD2B,4413,True,0.16682476223224924,1.794801756577021,0.43710455,79,False,False,False,False,False,False,False,False
ENSG00000173451,ENSG00000173451,THAP2,3817,True,0.1518707437913229,1.7897526414394953,0.43701744,79,False,False,False,False,False,False,False,False
ENSG00000166313,ENSG00000166313,APBB1,1249,True,0.049047972986233736,1.7925975277217405,0.43591323,79,False,False,False,False,False,False,False,False
ENSG00000173064,ENSG00000173064,HECTD4,3549,True,0.13490195837098204,1.7934658002732242,0.4341263,79,False,False,False,False,False,False,False,False
ENSG00000140386,ENSG00000140386,SCAPER,5968,True,0.22449516453284435,1.7902866015558963,0.42838308,79,False,False,False,False,False,False,False,False
ENSG00000138764,ENSG00000138764,CCNG2,6895,True,0.2578549170974532,1.7879033240330644,0.42448205,79,False,False,False,False,False,False,False,False
ENSG00000198521,ENSG00000198521,ZNF43,3973,True,0.14466077370490163,1.7897095735630644,0.42146716,79,False,False,False,False,False,False,False,False
ENSG00000181026,ENSG00000181026,AEN,3621,True,0.13683437386169878,1.7878301909839147,0.4104613,79,False,False,False,False,False,False,False,False
ENSG00000135164,ENSG00000135164,DMTF1,7376,True,0.26427133306941275,1.78228843035158,0.40571395,79,False,False,False,False,False,False,False,False
ENSG00000221923,ENSG00000221923,ZNF880,5496,True,0.21684728560855165,1.785298692810982,0.39977986,79,False,False,False,False,False,False,False,False
ENSG00000196511,ENSG00000196511,TPK1,3107,True,0.1230741441985529,1.7814581437422041,0.3965318,79,False,False,False,False,False,False,False,False
ENSG00000104154,ENSG00000104154,SLC30A4,1441,True,0.06044910623763975,1.7746521692768553,0.39540562,79,False,False,False,False,False,False,False,False
ENSG00000183624,ENSG00000183624,HMCES,3317,True,0.12756645392382682,1.7809612881821772,0.38878945,79,False,False,False,False,False,False,False,False
ENSG00000162819,ENSG00000162819,BROX,6780,True,0.25352620971240064,1.779815523740602,0.3832201,79,False,False,False,False,False,False,False,False
ENSG00000266053,ENSG00000266053,NDUFV2-AS1,2394,True,0.09476938698214427,1.7735967129711396,0.36822492,79,False,False,False,False,False,False,False,False
ENSG00000117151,ENSG00000117151,CTBS,6385,True,0.2311456459963583,1.7731444393254856,0.36439633,79,False,False,False,False,False,False,False,False
ENSG00000121879,ENSG00000121879,PIK3CA,4849,True,0.18199791301454094,1.7736798632847721,0.35690007,79,False,False,False,False,False,False,False,False
ENSG00000185885,ENSG00000185885,IFITM1,13176,True,0.4879680699552639,1.8781602481238742,1.0453826,78,False,False,False,False,False,False,False,True
ENSG00000271614,ENSG00000271614,ATP2B1-AS1,16256,True,0.576957107008153,1.8459341360768369,0.89363813,78,False,False,False,False,False,False,False,False
ENSG00000132842,ENSG00000132842,AP3B1,12389,True,0.43628433546841044,1.8344632066971869,0.8406147,78,False,False,False,False,False,False,False,False
ENSG00000089048,ENSG00000089048,ESF1,12068,True,0.44233818998120816,1.8271945236720748,0.8060687,78,False,False,False,False,False,False,False,False
ENSG00000004468,ENSG00000004468,CD38,4493,True,0.179463818323339,1.8662559958999447,0.77872247,78,False,False,False,False,False,False,False,False
ENSG00000137831,ENSG00000137831,UACA,1141,True,0.04923694673588324,1.8049999405777557,0.752848,78,False,False,False,False,False,False,False,False
ENSG00000145088,ENSG00000145088,EAF2,30731,True,0.9753302506120164,1.878590200957379,0.7459394,78,False,False,False,False,False,False,False,False
ENSG00000270022,ENSG00000270022,ENSG00000270022,3059,True,0.1355038138957659,1.8546630016221812,0.70534664,78,False,False,False,False,False,False,False,False
ENSG00000135116,ENSG00000135116,HRK,3273,True,0.12979836897215688,1.8481120708424401,0.70149267,78,False,False,False,False,False,False,False,False
ENSG00000112320,ENSG00000112320,SOBP,1213,True,0.05308779516158001,1.8351579064082502,0.62136173,78,False,False,False,False,False,False,False,False
ENSG00000186056,ENSG00000186056,MATN1-AS1,1644,True,0.06898226351548137,1.798381627000021,0.5908937,78,False,False,False,False,False,False,False,False
ENSG00000143110,ENSG00000143110,C1orf162,24570,True,0.8026987793711657,1.8455687281998223,0.5717924,78,False,False,False,False,False,False,False,False
ENSG00000247516,ENSG00000247516,MIR4458HG,2289,True,0.1005298151243038,1.8142741356231247,0.5328192,78,False,False,False,False,False,False,False,False
ENSG00000138468,ENSG00000138468,SENP7,6266,True,0.2352540942286405,1.8058357355067154,0.5134661,78,False,False,False,False,False,False,False,False
ENSG00000145390,ENSG00000145390,USP53,3271,True,0.12620671381772908,1.8106061684234058,0.5077926,78,False,False,False,False,False,False,False,False
ENSG00000196950,ENSG00000196950,SLC39A10,7819,True,0.28917735092365604,1.8014431018103416,0.48926884,78,False,False,False,False,False,False,False,False
ENSG00000184220,ENSG00000184220,CMSS1,6132,True,0.23753828538762536,1.8018360182634852,0.48847133,78,False,False,False,False,False,False,False,False
ENSG00000047644,ENSG00000047644,WWC3,3073,True,0.12081589061267399,1.8045521867287013,0.48232788,78,False,False,False,False,False,False,False,False
ENSG00000105738,ENSG00000105738,SIPA1L3,4032,True,0.16117388883643882,1.801664825890193,0.4808366,78,False,False,False,False,False,False,False,False
ENSG00000261064,ENSG00000261064,LINC02256,2567,True,0.10482697505218425,1.7982130031818244,0.45568892,78,False,False,False,False,False,False,False,False
ENSG00000166435,ENSG00000166435,XRRA1,5328,True,0.20287217631885437,1.796711014836247,0.4555443,78,False,False,False,False,False,False,False,False
ENSG00000091879,ENSG00000091879,ANGPT2,2056,True,0.08046905162362218,1.792615744476867,0.45398027,78,False,False,False,False,False,False,False,False
ENSG00000113595,ENSG00000113595,TRIM23,1701,True,0.06797713343740325,1.7986149600000052,0.45038942,78,False,False,False,False,False,False,False,False
ENSG00000135318,ENSG00000135318,NT5E,4206,True,0.1664266131577232,1.7941732120479428,0.44608462,78,False,False,False,False,False,False,False,False
ENSG00000244479,ENSG00000244479,OR2A1-AS1,2041,True,0.08475731293784762,1.795639717031945,0.4459645,78,False,False,False,False,False,False,False,False
ENSG00000188177,ENSG00000188177,ZC3H6,4370,True,0.16815950993061282,1.793580485525338,0.444815,78,False,False,False,False,False,False,False,False
ENSG00000186153,ENSG00000186153,WWOX,1837,True,0.07282839774689283,1.7895438802921755,0.43974158,78,False,False,False,False,False,False,False,False
ENSG00000246067,ENSG00000246067,RAB30-DT,5248,True,0.2005877725536484,1.7883990668033307,0.4324499,78,False,False,False,False,False,False,False,False
ENSG00000155093,ENSG00000155093,PTPRN2,3309,True,0.1309020475720425,1.7906011089396865,0.4296663,78,False,False,False,False,False,False,False,False
ENSG00000150995,ENSG00000150995,ITPR1,7225,True,0.2686356822414091,1.7959766407423177,0.42887667,78,False,False,False,False,False,False,False,False
ENSG00000160683,ENSG00000160683,CXCR5,6918,True,0.2547488191417464,1.7997500518642406,0.42572683,78,False,False,False,False,False,False,False,False
ENSG00000011523,ENSG00000011523,CEP68,2811,True,0.10664508061385915,1.7874336262583996,0.42128927,78,False,False,False,False,False,False,False,False
ENSG00000165632,ENSG00000165632,TAF3,9146,True,0.3268923704728752,1.7881406697997784,0.41621307,78,False,False,False,False,False,False,False,False
ENSG00000198945,ENSG00000198945,L3MBTL3,5450,True,0.20504239445953457,1.782397331836382,0.41050106,78,False,False,False,False,False,False,False,False
ENSG00000114450,ENSG00000114450,GNB4,3275,True,0.12614553989207306,1.7864180788108064,0.40946764,78,False,False,False,False,False,False,False,False
ENSG00000108960,ENSG00000108960,MMD,6040,True,0.23784199003027853,1.784273609527627,0.40885776,78,False,False,False,False,False,False,False,False
ENSG00000137770,ENSG00000137770,CTDSPL2,5877,True,0.21409601772823256,1.7849018567827237,0.40595877,78,False,False,False,False,False,False,False,False
ENSG00000197579,ENSG00000197579,TOPORS,7375,True,0.2736371063894889,1.7853376717536458,0.40395877,78,False,False,False,False,False,False,False,False
ENSG00000232859,ENSG00000232859,LYRM9,4123,True,0.16083918493360877,1.7856782603834824,0.4030992,78,False,False,False,False,False,False,False,False
ENSG00000273344,ENSG00000273344,PAXIP1-DT,5317,True,0.20118057647623022,1.7780329147101626,0.38479716,78,False,False,False,False,False,False,False,False
ENSG00000196911,ENSG00000196911,KPNA5,5108,True,0.1957769036451108,1.7822531214157424,0.3830162,78,False,False,False,False,False,False,False,False
ENSG00000128908,ENSG00000128908,INO80,5260,True,0.19040512529979073,1.7773972680960568,0.38165656,78,False,False,False,False,False,False,False,False
ENSG00000272831,ENSG00000272831,ENSG00000272831,5485,True,0.21296624688161112,1.7746654626462677,0.35485637,78,False,False,False,False,False,False,False,False
ENSG00000177721,ENSG00000177721,ANXA2R,7178,True,0.26735808441768716,1.7699168507837677,0.3442288,78,False,False,False,False,False,False,False,False
ENSG00000263753,ENSG00000263753,LINC00667,5163,True,0.19361731994632408,1.7670804203950445,0.318856,78,False,False,False,False,False,False,False,False
ENSG00000163788,ENSG00000163788,SNRK,4958,True,0.18240077275435568,1.7608310450243048,0.30612117,78,False,False,False,False,False,False,False,False
ENSG00000074842,ENSG00000074842,MYDGF,11450,True,0.42006915534691314,1.9134002021728664,1.6685964,77,False,False,False,False,False,False,False,False
ENSG00000086062,ENSG00000086062,B4GALT1,13275,True,0.49095288717747415,1.8955164249657168,1.438454,77,False,False,False,False,False,False,False,False
ENSG00000155660,ENSG00000155660,PDIA4,6756,True,0.2643434334048428,1.8790935443957582,1.0681198,77,False,False,False,False,False,False,False,False
ENSG00000232442,ENSG00000232442,MHENCR,12422,True,0.45493433941989564,1.8396844601764535,0.9402439,77,False,False,False,False,False,False,False,False
ENSG00000198157,ENSG00000198157,HMGN5,1232,True,0.057076455864571815,1.8935791124402401,0.89480543,77,False,False,False,False,False,False,False,False
ENSG00000155329,ENSG00000155329,ZCCHC10,13167,True,0.47805549263878605,1.8369814250153431,0.89332914,77,False,False,False,False,False,False,False,False
ENSG00000156265,ENSG00000156265,MAP3K7CL,6520,True,0.25723298917641485,1.8468127403631243,0.8883973,77,False,False,False,False,False,False,False,False
ENSG00000253738,ENSG00000253738,OTUD6B-AS1,14244,True,0.5109968148109787,1.8345949442394611,0.8544131,77,False,False,False,False,False,False,False,False
ENSG00000059804,ENSG00000059804,SLC2A3,19121,True,0.6395820878939807,1.8511470886254848,0.77045894,77,False,False,False,False,False,False,False,False
ENSG00000135074,ENSG00000135074,ADAM19,10415,True,0.3818313339483273,1.8258769451550074,0.75520694,77,False,False,False,False,False,False,False,False
ENSG00000135315,ENSG00000135315,CEP162,2519,True,0.10376877649319921,1.8401283363642877,0.6471615,77,False,False,False,False,False,False,False,False
ENSG00000144674,ENSG00000144674,GOLGA4,12228,True,0.4117553069166507,1.808561910795497,0.59352154,77,False,False,False,False,False,False,False,False
ENSG00000048052,ENSG00000048052,HDAC9,8895,True,0.32946037831989505,1.8088138606623303,0.5822568,77,False,False,False,False,False,False,False,False
ENSG00000198046,ENSG00000198046,ZNF667,1174,True,0.05185138087042756,1.7566014102886285,0.5466678,77,False,False,False,False,False,False,False,False
ENSG00000109321,ENSG00000109321,AREG,2049,True,0.09148486315163286,1.8182783679857322,0.5462131,77,False,False,False,False,False,False,False,False
ENSG00000198598,ENSG00000198598,MMP17,1078,True,0.04929474605292627,1.8150176476192619,0.5396195,77,False,False,False,False,False,False,False,False
ENSG00000188042,ENSG00000188042,ARL4C,7788,True,0.2747155904456621,1.7961636645637675,0.53636384,77,False,False,False,False,False,False,False,False
ENSG00000173917,ENSG00000173917,HOXB2,1300,True,0.05687517947234801,1.8170651036196441,0.5331633,77,False,False,False,False,False,False,False,False
ENSG00000165029,ENSG00000165029,ABCA1,1791,True,0.07131292140970621,1.8119898582932499,0.52279466,77,False,False,False,False,False,False,False,False
ENSG00000108405,ENSG00000108405,P2RX1,2034,True,0.07954104050696974,1.7506504649277372,0.50942546,77,False,False,False,False,False,False,False,False
ENSG00000247092,ENSG00000247092,SNHG10,2876,True,0.12315326451553944,1.8086257186655623,0.5025365,77,False,False,False,False,False,False,False,False
ENSG00000133134,ENSG00000133134,BEX2,8322,True,0.31124122877682164,1.796838987377214,0.49893057,77,False,False,False,False,False,False,False,False
ENSG00000047634,ENSG00000047634,SCML1,1367,True,0.0578197766473759,1.805032061254959,0.4976109,77,False,False,False,False,False,False,False,False
ENSG00000124374,ENSG00000124374,PAIP2B,1715,True,0.07253665702057442,1.8072769909282398,0.49645275,77,False,False,False,False,False,False,False,False
ENSG00000033627,ENSG00000033627,ATP6V0A1,4206,True,0.16165327267483362,1.7998236221548893,0.49448934,77,False,False,False,False,False,False,False,False
ENSG00000109929,ENSG00000109929,SC5D,3534,True,0.13848845710002955,1.8008100744465378,0.48263878,77,False,False,False,False,False,False,False,False
ENSG00000272764,ENSG00000272764,ENSG00000272764,784,True,0.03435956585774114,1.8015897123321631,0.4755804,77,False,False,False,False,False,False,False,False
ENSG00000173145,ENSG00000173145,NOC3L,7239,True,0.26608159026069605,1.7906201821505512,0.46402392,77,False,False,False,False,False,False,False,False
ENSG00000160953,ENSG00000160953,PWWP3A,4438,True,0.1787596202975491,1.7971571301622886,0.4622476,77,False,False,False,False,False,False,False,False
ENSG00000155903,ENSG00000155903,RASA2,8769,True,0.3162959460192812,1.797298515951841,0.45796877,77,False,False,False,False,False,False,False,False
ENSG00000246263,ENSG00000246263,UBR5-DT,1964,True,0.07731286859142128,1.7976779556994216,0.4514644,77,False,False,False,False,False,False,False,False
ENSG00000184208,ENSG00000184208,C22orf46P,2987,True,0.11824241745116265,1.797049387367187,0.45060474,77,False,False,False,False,False,False,False,False
ENSG00000172071,ENSG00000172071,EIF2AK3,3734,True,0.14718415288205705,1.795392471671159,0.44918737,77,False,False,False,False,False,False,False,False
ENSG00000163596,ENSG00000163596,ICA1L,4906,True,0.18370891666022865,1.7955563311409641,0.4490467,77,False,False,False,False,False,False,False,False
ENSG00000144161,ENSG00000144161,ZC3H8,5858,True,0.22006858840542518,1.7869075371677348,0.4466743,77,False,False,False,False,False,False,False,False
ENSG00000103522,ENSG00000103522,IL21R,1434,True,0.06100625205596592,1.7963900150456877,0.44631872,77,False,False,False,False,False,False,False,False
ENSG00000080608,ENSG00000080608,PUM3,7627,True,0.27711397227507767,1.791455568234113,0.44485885,77,False,False,False,False,False,False,False,False
ENSG00000122707,ENSG00000122707,RECK,1934,True,0.08151303766653303,1.7950725033032613,0.44265833,77,False,False,False,False,False,False,False,False
ENSG00000254635,ENSG00000254635,WAC-AS1,5771,True,0.2110555273172932,1.7876857066787786,0.43634394,77,False,False,False,False,False,False,False,False
ENSG00000111729,ENSG00000111729,CLEC4A,2634,True,0.10889105641229735,1.7938309510881771,0.43597612,77,False,False,False,False,False,False,False,False
ENSG00000132819,ENSG00000132819,RBM38,8992,True,0.32419234190326496,1.7981544312640956,0.43501845,77,False,False,False,False,False,False,False,False
ENSG00000033867,ENSG00000033867,SLC4A7,6237,True,0.2329182518036312,1.791889003017194,0.43319407,77,False,False,False,False,False,False,False,False
ENSG00000072858,ENSG00000072858,SIDT1,4681,True,0.17711252335075042,1.7887252308954458,0.43226767,77,False,False,False,False,False,False,False,False
ENSG00000152894,ENSG00000152894,PTPRK,2718,True,0.11412975571222345,1.7922808947815632,0.42986476,77,False,False,False,False,False,False,False,False
ENSG00000075407,ENSG00000075407,ZNF37A,4486,True,0.1664930327268883,1.7881140776237034,0.42401513,77,False,False,False,False,False,False,False,False
ENSG00000138381,ENSG00000138381,ASNSD1,6259,True,0.2348853042859428,1.790747812810171,0.4192389,77,False,False,False,False,False,False,False,False
ENSG00000167562,ENSG00000167562,ZNF701,1890,True,0.07562892671148283,1.7850783603445064,0.4129702,77,False,False,False,False,False,False,False,False
ENSG00000160602,ENSG00000160602,NEK8,4806,True,0.1810730209866911,1.7891434453755297,0.41083172,77,False,False,False,False,False,False,False,False
ENSG00000253982,ENSG00000253982,CLN8-AS1,2899,True,0.1163287997605312,1.7861265927350265,0.41076618,77,False,False,False,False,False,False,False,False
ENSG00000163510,ENSG00000163510,CWC22,5025,True,0.19078842568080293,1.7841185894557599,0.40242806,77,False,False,False,False,False,False,False,False
ENSG00000163312,ENSG00000163312,HELQ,3228,True,0.125854943431488,1.7831253034909573,0.3970763,77,False,False,False,False,False,False,False,False
ENSG00000214401,ENSG00000214401,KANSL1-AS1,4701,True,0.17930355222274488,1.7806554417982392,0.39620447,77,False,False,False,False,False,False,False,False
ENSG00000142856,ENSG00000142856,ITGB3BP,7060,True,0.2624528048081423,1.7757318743544468,0.39087507,77,False,False,False,False,False,False,False,False
ENSG00000100483,ENSG00000100483,VCPKMT,6134,True,0.23221306810461864,1.7799635476197053,0.3887611,77,False,False,False,False,False,False,False,False
ENSG00000175787,ENSG00000175787,ZNF169,2133,True,0.08920064833327103,1.7815304668998018,0.38798514,77,False,False,False,False,False,False,False,False
ENSG00000175155,ENSG00000175155,YPEL2,4322,True,0.15985772834939044,1.781069251031058,0.38785583,77,False,False,False,False,False,False,False,False
ENSG00000206527,ENSG00000206527,HACD2,3510,True,0.13226025893037158,1.7823468213028362,0.3866411,77,False,False,False,False,False,False,False,False
ENSG00000224505,ENSG00000224505,HEXIM2-AS1,3563,True,0.1443889204094873,1.7799058635322949,0.37919948,77,False,False,False,False,False,False,False,False
ENSG00000203880,ENSG00000203880,PCMTD2,5301,True,0.19861479006759505,1.778442829795101,0.37860096,77,False,False,False,False,False,False,False,False
ENSG00000196275,ENSG00000196275,GTF2IRD2,3305,True,0.12679701114667136,1.7810137727293702,0.37767094,77,False,False,False,False,False,False,False,False
ENSG00000236778,ENSG00000236778,INTS6-AS1,2995,True,0.12030261866782327,1.7793940281631804,0.37734056,77,False,False,False,False,False,False,False,False
ENSG00000196214,ENSG00000196214,ZNF766,5002,True,0.18525697647047193,1.7761509457380968,0.37623388,77,False,False,False,False,False,False,False,False
ENSG00000104957,ENSG00000104957,YJU2B,4474,True,0.1658114937881364,1.775976604902363,0.37483904,77,False,False,False,False,False,False,False,False
ENSG00000213462,ENSG00000213462,ERV3-1,7635,True,0.27904333846743484,1.7788149427909352,0.37003604,77,False,False,False,False,False,False,False,False
ENSG00000167232,ENSG00000167232,ZNF91,5101,True,0.18506721920493538,1.7760717365832077,0.36894652,77,False,False,False,False,False,False,False,False
ENSG00000196233,ENSG00000196233,LCOR,6452,True,0.23693048294466523,1.7757324544480364,0.36554885,77,False,False,False,False,False,False,False,False
ENSG00000100749,ENSG00000100749,VRK1,6563,True,0.24267706827727367,1.7749349449609801,0.3634762,77,False,False,False,False,False,False,False,False
ENSG00000077684,ENSG00000077684,JADE1,4846,True,0.18048999536624966,1.7753108959840995,0.3619678,77,False,False,False,False,False,False,False,False
ENSG00000215039,ENSG00000215039,CD27-AS1,3218,True,0.12566310743017442,1.7756807585483814,0.35796586,77,False,False,False,False,False,False,False,False
ENSG00000121749,ENSG00000121749,TBC1D15,5792,True,0.21522080825268902,1.7713072207927005,0.35165054,77,False,False,False,False,False,False,False,False
ENSG00000166949,ENSG00000166949,SMAD3,5407,True,0.20366522346396662,1.7712506101955463,0.34915465,77,False,False,False,False,False,False,False,False
ENSG00000136273,ENSG00000136273,HUS1,5006,True,0.18825417954272528,1.77213202919556,0.34586877,77,False,False,False,False,False,False,False,False
ENSG00000183891,ENSG00000183891,TTC32,5588,True,0.21887994242643538,1.7719472947840655,0.34542572,77,False,False,False,False,False,False,False,False
ENSG00000078596,ENSG00000078596,ITM2A,5370,True,0.20921000383255872,1.7698445684773096,0.33856854,77,False,False,False,False,False,False,False,False
ENSG00000163738,ENSG00000163738,MTHFD2L,5590,True,0.21323763666837123,1.7621188767287246,0.3101231,77,False,False,False,False,False,False,False,False
ENSG00000025800,ENSG00000025800,KPNA6,5421,True,0.19946937609083337,1.759216586751014,0.2999901,77,False,False,False,False,False,False,False,False
ENSG00000135916,ENSG00000135916,ITM2C,11459,True,0.4191378906464584,1.975622358139706,2.2393007,76,False,False,False,False,False,False,False,False
ENSG00000197622,ENSG00000197622,CDC42SE1,23379,True,0.789081078495244,1.9080372342014469,1.1790457,76,False,False,False,False,False,False,False,False
ENSG00000179820,ENSG00000179820,MYADM,8816,True,0.3318799254698535,1.8462969673245964,0.87525594,76,False,False,False,False,False,False,False,False
ENSG00000101162,ENSG00000101162,TUBB1,2752,True,0.11570357432581937,1.8595657263365561,0.7440222,76,False,False,False,False,False,False,False,False
ENSG00000152804,ENSG00000152804,HHEX,18064,True,0.609824122616299,1.8309556484485063,0.7277198,76,False,False,False,False,False,False,False,False
ENSG00000171681,ENSG00000171681,ATF7IP,18081,True,0.5795146295153893,1.839714585919137,0.7104791,76,False,False,False,False,False,False,False,False
ENSG00000122644,ENSG00000122644,ARL4A,25617,True,0.83301987707743,1.8671534069829099,0.7046434,76,False,False,False,False,False,False,False,False
ENSG00000260979,ENSG00000260979,USP7-AS1,1105,True,0.04923796664516545,1.8556315616705878,0.6974115,76,False,False,False,False,False,False,False,False
ENSG00000158481,ENSG00000158481,CD1C,7000,True,0.254475524712562,1.8262471142300953,0.6630046,76,False,False,False,False,False,False,False,False
ENSG00000122986,ENSG00000122986,HVCN1,33115,True,1.0091875211517984,1.8731099534458098,0.62952167,76,False,False,False,False,False,False,False,False
ENSG00000114446,ENSG00000114446,IFT57,23457,True,0.7444494472075651,1.8475574095372735,0.6187489,76,False,False,False,False,False,False,False,False
ENSG00000146757,ENSG00000146757,ZNF92,10574,True,0.3590050893374971,1.818500986233459,0.61421156,76,False,False,False,False,False,False,False,False
ENSG00000184205,ENSG00000184205,TSPYL2,8505,True,0.3108699607755062,1.812735932896964,0.6023348,76,False,False,False,False,False,False,False,False
ENSG00000143669,ENSG00000143669,LYST,18379,True,0.6189986945026057,1.8194206472056549,0.5840836,76,False,False,False,False,False,False,False,False
ENSG00000198168,ENSG00000198168,SVIP,20293,True,0.6860269802135038,1.8313990878761948,0.57336414,76,False,False,False,False,False,False,False,False
ENSG00000234572,ENSG00000234572,LINC01800,1418,True,0.06333332112079527,1.821090445805327,0.5651296,76,False,False,False,False,False,False,False,False
ENSG00000144218,ENSG00000144218,AFF3,21199,True,0.6843538777389598,1.826195544517374,0.53844935,76,False,False,False,False,False,False,False,False
ENSG00000137965,ENSG00000137965,IFI44,6607,True,0.2534585485633631,1.8015849286000594,0.52388334,76,False,False,False,False,False,False,False,True
ENSG00000187824,ENSG00000187824,TMEM220,950,True,0.041388213473985136,1.811557928509169,0.5176505,76,False,False,False,False,False,False,False,False
ENSG00000198440,ENSG00000198440,ZNF583,1115,True,0.04487847875575424,1.812046199572837,0.51306224,76,False,False,False,False,False,False,False,False
ENSG00000074695,ENSG00000074695,LMAN1,7586,True,0.2846283877513282,1.8025924559914477,0.49583235,76,False,False,False,False,False,False,False,False
ENSG00000138670,ENSG00000138670,RASGEF1B,6330,True,0.24928899339763005,1.8011811064540992,0.49397448,76,False,False,False,False,False,False,False,False
ENSG00000123600,ENSG00000123600,METTL8,8589,True,0.32249101947131714,1.7991003291402579,0.49351263,76,False,False,False,False,False,False,False,False
ENSG00000102738,ENSG00000102738,MRPS31,7924,True,0.29442277102520215,1.7958987170434997,0.4719076,76,False,False,False,False,False,False,False,False
ENSG00000006634,ENSG00000006634,DBF4,8145,True,0.29079516838981045,1.7891745255601783,0.4607508,76,False,False,False,False,False,False,False,False
ENSG00000166004,ENSG00000166004,CEP295,3819,True,0.14546673477287556,1.7943648189393426,0.45722002,76,False,False,False,False,False,False,False,False
ENSG00000180530,ENSG00000180530,NRIP1,4431,True,0.1685264886474182,1.7901202323596492,0.4507648,76,False,False,False,False,False,False,False,False
ENSG00000166225,ENSG00000166225,FRS2,2189,True,0.08681453745090366,1.790858501006145,0.44409102,76,False,False,False,False,False,False,False,False
ENSG00000196507,ENSG00000196507,TCEAL3,2900,True,0.1174635763246688,1.7922589725554494,0.4427227,76,False,False,False,False,False,False,False,False
ENSG00000122483,ENSG00000122483,CCDC18,4132,True,0.1543007288980156,1.790604609126173,0.4335426,76,False,False,False,False,False,False,False,False
ENSG00000198919,ENSG00000198919,DZIP3,4969,True,0.19022256319466466,1.7892871212402128,0.4288861,76,False,False,False,False,False,False,False,False
ENSG00000154781,ENSG00000154781,CCDC174,7505,True,0.27921970369754456,1.7954088283828156,0.42713594,76,False,False,False,False,False,False,False,False
ENSG00000185973,ENSG00000185973,TMLHE,2782,True,0.11334086185989017,1.7891035865423872,0.4233641,76,False,False,False,False,False,False,False,False
ENSG00000112486,ENSG00000112486,CCR6,4698,True,0.17498659306540637,1.786845390384075,0.419568,76,False,False,False,False,False,False,False,False
ENSG00000177426,ENSG00000177426,TGIF1,6333,True,0.23784991296467997,1.781192497602962,0.41948164,76,False,False,False,False,False,False,False,False
ENSG00000005175,ENSG00000005175,RPAP3,7596,True,0.28041177997600436,1.7855330573025034,0.41898897,76,False,False,False,False,False,False,False,False
ENSG00000198498,ENSG00000198498,TMA16,6647,True,0.24564287640055973,1.7888279256086512,0.41799057,76,False,False,False,False,False,False,False,False
ENSG00000197705,ENSG00000197705,KLHL14,2533,True,0.09422595928402902,1.782541375336911,0.41193572,76,False,False,False,False,False,False,False,False
ENSG00000272447,ENSG00000272447,ENSG00000272447,1909,True,0.07971048612741814,1.7845688724201894,0.4088076,76,False,False,False,False,False,False,False,False
ENSG00000198039,ENSG00000198039,ZNF273,2318,True,0.08999648831036235,1.7843387437292362,0.4078167,76,False,False,False,False,False,False,False,False
ENSG00000046653,ENSG00000046653,GPM6B,3647,True,0.15291756858457317,1.7861553442556557,0.40134904,76,False,False,False,False,False,False,False,False
ENSG00000170004,ENSG00000170004,CHD3,4481,True,0.16930923199921147,1.7834060326054055,0.40010047,76,False,False,False,False,False,False,False,False
ENSG00000167766,ENSG00000167766,ZNF83,5576,True,0.19950823038824295,1.7800823979902844,0.38971883,76,False,False,False,False,False,False,False,False
ENSG00000152193,ENSG00000152193,OBI1,2998,True,0.11743269503082034,1.784599388824734,0.38908607,76,False,False,False,False,False,False,False,False
ENSG00000152457,ENSG00000152457,DCLRE1C,6212,True,0.22766656109395075,1.786987263637068,0.38414812,76,False,False,False,False,False,False,False,False
ENSG00000131378,ENSG00000131378,RFTN1,5504,True,0.20405895975273378,1.7807579299967868,0.3830076,76,False,False,False,False,False,False,False,False
ENSG00000168026,ENSG00000168026,TTC21A,2275,True,0.08900858259241265,1.7792737180521767,0.38210732,76,False,False,False,False,False,False,False,False
ENSG00000184384,ENSG00000184384,MAML2,4357,True,0.1600492591637968,1.7782309373230545,0.3790114,76,False,False,False,False,False,False,False,False
ENSG00000151304,ENSG00000151304,SRFBP1,5806,True,0.21809542342025284,1.7782335916298322,0.37528622,76,False,False,False,False,False,False,False,False
ENSG00000135951,ENSG00000135951,TSGA10,2967,True,0.1175379044344998,1.777513274878964,0.37285173,76,False,False,False,False,False,False,False,False
ENSG00000166927,ENSG00000166927,MS4A7,5245,True,0.20227016140619228,1.7744974464322096,0.3705759,76,False,False,False,False,False,False,False,False
ENSG00000100084,ENSG00000100084,HIRA,1450,True,0.057433011527452664,1.7787701544841668,0.37020376,76,False,False,False,False,False,False,False,False
ENSG00000179456,ENSG00000179456,ZBTB18,3576,True,0.14174500106346097,1.777012454658527,0.3652268,76,False,False,False,False,False,False,False,False
ENSG00000162373,ENSG00000162373,BEND5,4177,True,0.16016351765481182,1.7750129354611248,0.34937978,76,False,False,False,False,False,False,False,False
ENSG00000155111,ENSG00000155111,CDK19,3344,True,0.13073534670878667,1.7709642413477895,0.347944,76,False,False,False,False,False,False,False,False
ENSG00000109323,ENSG00000109323,MANBA,5786,True,0.21143898410014172,1.7698636250201003,0.34208402,76,False,False,False,False,False,False,False,False
ENSG00000165102,ENSG00000165102,HGSNAT,3818,True,0.1431569444084823,1.7705250154229033,0.341868,76,False,False,False,False,False,False,False,False
ENSG00000148300,ENSG00000148300,REXO4,6885,True,0.2555484455487814,1.7713519935831152,0.33719558,76,False,False,False,False,False,False,False,False
ENSG00000229474,ENSG00000229474,PATL2,5359,True,0.19863549719429255,1.7678906340062162,0.3318846,76,False,False,False,False,False,False,False,False
ENSG00000158636,ENSG00000158636,EMSY,2467,True,0.09634993374684303,1.7677278762882151,0.32946038,76,False,False,False,False,False,False,False,False
ENSG00000175455,ENSG00000175455,CCDC14,5708,True,0.21278733974393213,1.7649107379014324,0.31904033,76,False,False,False,False,False,False,False,False
ENSG00000160226,ENSG00000160226,CFAP410,5332,True,0.19454727477978845,1.7586345749044958,0.2921588,76,False,False,False,False,False,False,False,False
ENSG00000198740,ENSG00000198740,ZNF652,7060,True,0.25697294207351346,1.7678325801676318,0.289002,76,False,False,False,False,False,False,False,False
ENSG00000197061,ENSG00000197061,H4C3,21908,True,0.7346147283935959,2.0550800264634526,2.290109,75,False,False,False,False,False,False,False,False
ENSG00000044574,ENSG00000044574,HSPA5,18044,True,0.6042485860261237,1.891836113819356,1.1499748,75,False,False,False,False,False,False,False,False
ENSG00000153234,ENSG00000153234,NR4A2,15133,True,0.5410459128506865,1.8781197635109514,0.98371696,75,False,False,False,False,False,False,False,False
ENSG00000143353,ENSG00000143353,LYPLAL1,9048,True,0.3399494907670448,1.8377102701550851,0.8907051,75,False,False,False,False,False,False,False,False
ENSG00000120129,ENSG00000120129,DUSP1,89815,True,2.4438175674440927,2.337350530822603,0.84603155,75,False,False,False,False,False,False,False,False
ENSG00000055332,ENSG00000055332,EIF2AK2,15507,True,0.5317601389982607,1.8463332637501237,0.84390026,75,False,False,False,False,False,False,False,False
ENSG00000132704,ENSG00000132704,FCRL2,14266,True,0.48481707539564983,1.8288495925574892,0.75030994,75,False,False,False,False,False,False,False,False
ENSG00000115415,ENSG00000115415,STAT1,10750,True,0.3864763553580204,1.815762798454435,0.7405821,75,False,False,False,False,False,False,False,True
ENSG00000167522,ENSG00000167522,ANKRD11,16897,True,0.5581835784363524,1.8291942051799166,0.73667175,75,False,False,False,False,False,False,False,False
ENSG00000095794,ENSG00000095794,CREM,5745,True,0.22419881236117034,1.8298081212190105,0.7350703,75,False,False,False,False,False,False,False,False
ENSG00000196781,ENSG00000196781,TLE1,12076,True,0.41375331682746663,1.8202507005420556,0.70675236,75,False,False,False,False,False,False,False,False
ENSG00000184005,ENSG00000184005,ST6GALNAC3,530,True,0.024526774567745106,1.7404733802711347,0.69919705,75,False,False,False,False,False,False,False,False
ENSG00000169499,ENSG00000169499,PLEKHA2,16200,True,0.5590779780965043,1.8270936210278625,0.67946035,75,False,False,False,False,False,False,False,False
ENSG00000127920,ENSG00000127920,GNG11,6608,True,0.25839641335380015,1.8259452602911717,0.62142384,75,False,False,False,False,False,False,False,False
ENSG00000135678,ENSG00000135678,CPM,1058,True,0.04650118876030207,1.8368772893970418,0.61545026,75,False,False,False,False,False,False,False,False
ENSG00000147905,ENSG00000147905,ZCCHC7,26771,True,0.8484639676168789,1.8492431797198463,0.5876253,75,False,False,False,False,False,False,False,False
ENSG00000185291,ENSG00000185291,IL3RA,697,True,0.03011108425563784,1.7782666190365881,0.5857811,75,False,False,False,False,False,False,False,False
ENSG00000104205,ENSG00000104205,SGK3,1422,True,0.059320495807517394,1.8178239174001158,0.552182,75,False,False,False,False,False,False,False,False
ENSG00000176208,ENSG00000176208,ATAD5,2125,True,0.0824061790206686,1.8132818594639033,0.5515503,75,False,False,False,False,False,False,False,False
ENSG00000188313,ENSG00000188313,PLSCR1,7930,True,0.297144253191791,1.8030522796904718,0.548374,75,False,False,False,False,False,False,False,False
ENSG00000006638,ENSG00000006638,TBXA2R,780,True,0.033270397654333254,1.7807258024738593,0.5219004,75,False,False,False,False,False,False,False,False
ENSG00000134121,ENSG00000134121,CHL1,772,True,0.03306377339659686,1.8037642565129488,0.5008223,75,False,False,False,False,False,False,False,False
ENSG00000063180,ENSG00000063180,CA11,2973,True,0.12073474141249284,1.8047804783436376,0.48886564,75,False,False,False,False,False,False,False,False
ENSG00000077044,ENSG00000077044,DGKD,9838,True,0.34586374876210596,1.8017095893467434,0.4860199,75,False,False,False,False,False,False,False,False
ENSG00000234705,ENSG00000234705,HMGA1P4,3399,True,0.1435692871145447,1.7988409076975542,0.47635475,75,False,False,False,False,False,False,False,False
ENSG00000145365,ENSG00000145365,TIFA,7778,True,0.2772245681884852,1.7913385432979216,0.4707297,75,False,False,False,False,False,False,False,False
ENSG00000165275,ENSG00000165275,TRMT10B,4101,True,0.15957184726641896,1.7978653509299476,0.45917478,75,False,False,False,False,False,False,False,False
ENSG00000183921,ENSG00000183921,SDR42E2,3450,True,0.1540917357942944,1.7932007455938923,0.45572144,75,False,False,False,False,False,False,False,False
ENSG00000236287,ENSG00000236287,ZBED5,8239,True,0.30639133736586543,1.791297445608716,0.445475,75,False,False,False,False,False,False,False,False
ENSG00000129990,ENSG00000129990,SYT5,1599,True,0.06656497954064863,1.7951237189589981,0.4441063,75,False,False,False,False,False,False,False,False
ENSG00000186104,ENSG00000186104,CYP2R1,1757,True,0.06815655425805192,1.7927801787871902,0.4418318,75,False,False,False,False,False,False,False,False
ENSG00000132510,ENSG00000132510,KDM6B,6228,True,0.23742090260022272,1.7911295594034606,0.44073102,75,False,False,False,False,False,False,False,False
ENSG00000147457,ENSG00000147457,CHMP7,8409,True,0.3023442025033893,1.7901334516341059,0.43789363,75,False,False,False,False,False,False,False,False
ENSG00000163545,ENSG00000163545,NUAK2,5177,True,0.19213736620708063,1.791713002595548,0.43609327,75,False,False,False,False,False,False,False,False
ENSG00000125731,ENSG00000125731,SH2D3A,3376,True,0.12737513908510364,1.7860814946733,0.43211997,75,False,False,False,False,False,False,False,False
ENSG00000168675,ENSG00000168675,LDLRAD4,3554,True,0.14573679259703987,1.7902382523373737,0.42792368,75,False,False,False,False,False,False,False,False
ENSG00000105427,ENSG00000105427,CNFN,6718,True,0.2538218875816543,1.786575530834847,0.4270827,75,False,False,False,False,False,False,False,False
ENSG00000184465,ENSG00000184465,WDR27,1054,True,0.04223919272563849,1.7603284568918256,0.42420664,75,False,False,False,False,False,False,False,False
ENSG00000162241,ENSG00000162241,SLC25A45,7490,True,0.2667278041958227,1.7853595806980609,0.42345214,75,False,False,False,False,False,False,False,False
ENSG00000136108,ENSG00000136108,CKAP2,6167,True,0.2272520488362957,1.7798442923360382,0.4141037,75,False,False,False,False,False,False,False,False
ENSG00000151748,ENSG00000151748,SAV1,4720,True,0.17846138068487302,1.7859812316897103,0.4076449,75,False,False,False,False,False,False,False,False
ENSG00000196267,ENSG00000196267,ZNF836,3681,True,0.15077014043720538,1.783950572755451,0.40511236,75,False,False,False,False,False,False,False,False
ENSG00000164951,ENSG00000164951,PDP1,2586,True,0.10034583385504132,1.785748256702437,0.40479162,75,False,False,False,False,False,False,False,False
ENSG00000166532,ENSG00000166532,RIMKLB,2583,True,0.10472339869248494,1.7846010362002938,0.40245965,75,False,False,False,False,False,False,False,False
ENSG00000107554,ENSG00000107554,DNMBP,1934,True,0.0794534263424833,1.7834361205113383,0.39692402,75,False,False,False,False,False,False,False,False
ENSG00000122484,ENSG00000122484,RPAP2,4778,True,0.1738762444765545,1.7789553471019395,0.39129642,75,False,False,False,False,False,False,False,False
ENSG00000256060,ENSG00000256060,TRAPPC2B,5177,True,0.2066897084003588,1.7794383363118527,0.38637817,75,False,False,False,False,False,False,False,False
ENSG00000223547,ENSG00000223547,ZNF844,2992,True,0.11348161883277247,1.782195971163383,0.38619065,75,False,False,False,False,False,False,False,False
ENSG00000048392,ENSG00000048392,RRM2B,3048,True,0.11934935237195882,1.7805468139727396,0.3854508,75,False,False,False,False,False,False,False,False
ENSG00000152465,ENSG00000152465,NMT2,3010,True,0.12135352363667153,1.7777966460179302,0.3841779,75,False,False,False,False,False,False,False,False
ENSG00000167842,ENSG00000167842,MIS12,3078,True,0.11733485851561352,1.7504203093134356,0.38401583,75,False,False,False,False,False,False,False,False
ENSG00000126070,ENSG00000126070,AGO3,5244,True,0.1919168434931609,1.7794131165245963,0.38312337,75,False,False,False,False,False,False,False,False
ENSG00000186687,ENSG00000186687,LYRM7,5319,True,0.19564819629376115,1.7744983045840999,0.37891826,75,False,False,False,False,False,False,False,False
ENSG00000197782,ENSG00000197782,ZNF780A,1960,True,0.07947378121111567,1.7792303203033357,0.37539425,75,False,False,False,False,False,False,False,False
ENSG00000130024,ENSG00000130024,PHF10,3521,True,0.1356722052114112,1.7788519457000638,0.37518027,75,False,False,False,False,False,False,False,False
ENSG00000198146,ENSG00000198146,ZNF770,7364,True,0.265661353035406,1.7793773932464456,0.37313804,75,False,False,False,False,False,False,False,False
ENSG00000166801,ENSG00000166801,FAM111A,6561,True,0.23255225460888862,1.7773062923253478,0.37300095,75,False,False,False,False,False,False,False,False
ENSG00000108651,ENSG00000108651,UTP6,5464,True,0.20341234285437837,1.7770549675036917,0.37193862,75,False,False,False,False,False,False,False,False
ENSG00000118263,ENSG00000118263,KLF7,3736,True,0.13957281849227998,1.7741327890391394,0.36989626,75,False,False,False,False,False,False,False,False
ENSG00000186480,ENSG00000186480,INSIG1,6314,True,0.23580756010573098,1.7771017648715441,0.36847028,75,False,False,False,False,False,False,False,False
ENSG00000138593,ENSG00000138593,SECISBP2L,7832,True,0.27808926976074794,1.7831795048170447,0.36209193,75,False,False,False,False,False,False,False,False
ENSG00000159216,ENSG00000159216,RUNX1,3459,True,0.13424819868330606,1.7739831557039045,0.357808,75,False,False,False,False,False,False,False,False
ENSG00000122435,ENSG00000122435,TRMT13,5953,True,0.22308906855474697,1.772729172901679,0.35716504,75,False,False,False,False,False,False,False,False
ENSG00000188295,ENSG00000188295,ZNF669,4906,True,0.18447495277901219,1.7741235819415826,0.35278714,75,False,False,False,False,False,False,False,False
ENSG00000143748,ENSG00000143748,NVL,3531,True,0.13667732572738214,1.7706912917064737,0.35041523,75,False,False,False,False,False,False,False,False
ENSG00000100697,ENSG00000100697,DICER1,6575,True,0.23765895189351116,1.7752631749915457,0.34644374,75,False,False,False,False,False,False,False,False
ENSG00000166266,ENSG00000166266,CUL5,7190,True,0.2589145586676017,1.7705951145831933,0.34018877,75,False,False,False,False,False,False,False,False
ENSG00000198000,ENSG00000198000,NOL8,6513,True,0.23099850855443016,1.7703933095047795,0.3400164,75,False,False,False,False,False,False,False,False
ENSG00000188321,ENSG00000188321,ZNF559,2430,True,0.09575075746089703,1.7696570332655603,0.33673593,75,False,False,False,False,False,False,False,False
ENSG00000198887,ENSG00000198887,SMC5,8958,True,0.3122880273433166,1.776782696479386,0.33529776,75,False,False,False,False,False,False,False,False
ENSG00000111203,ENSG00000111203,ITFG2,6302,True,0.22153294171142798,1.7689651844883512,0.3290538,75,False,False,False,False,False,False,False,False
ENSG00000177425,ENSG00000177425,PAWR,5566,True,0.20441230492285287,1.7663968579651788,0.32638067,75,False,False,False,False,False,False,False,False
ENSG00000173041,ENSG00000173041,ZNF680,3002,True,0.11351242906199267,1.7635641522622907,0.31923103,75,False,False,False,False,False,False,False,False
ENSG00000150787,ENSG00000150787,PTS,4796,True,0.18357289946656563,1.7654321235926589,0.31121162,75,False,False,False,False,False,False,False,False
ENSG00000157306,ENSG00000157306,ZFHX2-AS1,3153,True,0.12310336386659072,1.761874613247165,0.31005937,75,False,False,False,False,False,False,False,False
ENSG00000170949,ENSG00000170949,ZNF160,3012,True,0.11493295785649606,1.7614234492436103,0.3052156,75,False,False,False,False,False,False,False,False
ENSG00000006459,ENSG00000006459,KDM7A,5526,True,0.20240898390242626,1.7591292691074236,0.29445174,75,False,False,False,False,False,False,False,False
ENSG00000240857,ENSG00000240857,RDH14,5857,True,0.21647329252265302,1.757144486241417,0.27762693,75,False,False,False,False,False,False,False,False
ENSG00000128245,ENSG00000128245,YWHAH,12793,True,0.4545496416018946,1.8386266556480548,0.93794036,74,False,False,False,False,False,False,False,False
ENSG00000130066,ENSG00000130066,SAT1,61403,True,1.6563455816395545,2.0233501515206687,0.7676222,74,False,False,False,False,False,False,False,False
ENSG00000169442,ENSG00000169442,CD52,117557,True,3.425350235904707,2.173377605620667,0.7574642,74,False,False,False,False,False,False,False,False
ENSG00000106829,ENSG00000106829,TLE4,14987,True,0.5273298389527761,1.826717538165803,0.70127165,74,False,False,False,False,False,False,False,False
ENSG00000169507,ENSG00000169507,SLC38A11,1816,True,0.0783046844467293,1.8456416533162447,0.69163954,74,False,False,False,False,False,False,False,False
ENSG00000271856,ENSG00000271856,LINC01215,15072,True,0.538349757203152,1.8209700745069093,0.6454349,74,False,False,False,False,False,False,False,False
ENSG00000260273,ENSG00000260273,ENSG00000260273,1110,True,0.049380968194905145,1.8323189289148125,0.63549405,74,False,False,False,False,False,False,False,False
ENSG00000128016,ENSG00000128016,ZFP36,45676,True,1.3093136043484648,1.9627988378089987,0.62742907,74,False,False,False,False,False,False,False,False
ENSG00000271938,ENSG00000271938,ENSG00000271938,873,True,0.040324006640844845,1.8261126570653092,0.59194595,74,False,False,False,False,False,False,False,False
ENSG00000155368,ENSG00000155368,DBI,40193,True,1.1765868292493151,1.8851096921381592,0.5865035,74,False,False,False,False,False,False,False,False
ENSG00000230489,ENSG00000230489,VAV3-AS1,1754,True,0.07713218947509445,1.8139352686173533,0.53708297,74,False,False,False,False,False,False,False,False
ENSG00000164442,ENSG00000164442,CITED2,7632,True,0.27817036241508647,1.8021064754692753,0.512986,74,False,False,False,False,False,False,False,False
ENSG00000107890,ENSG00000107890,ANKRD26,2831,True,0.11104396973132914,1.803626269610653,0.5035946,74,False,False,False,False,False,False,False,False
ENSG00000269821,ENSG00000269821,KCNQ1OT1,4921,True,0.18281263069368994,1.8029239410636229,0.4932299,74,False,False,False,False,False,False,False,False
ENSG00000069188,ENSG00000069188,SDK2,952,True,0.03838539027535876,1.7468846954995094,0.4737981,74,False,False,False,False,False,False,False,False
ENSG00000096060,ENSG00000096060,FKBP5,4765,True,0.17210093751675984,1.79074533948231,0.46508345,74,False,False,False,False,False,False,False,False
ENSG00000171806,ENSG00000171806,METTL18,2560,True,0.10208107744315784,1.7968409941244465,0.46245182,74,False,False,False,False,False,False,False,False
ENSG00000236859,ENSG00000236859,NIFK-AS1,2256,True,0.09183069197057638,1.7944351500699773,0.45361203,74,False,False,False,False,False,False,False,False
ENSG00000100815,ENSG00000100815,TRIP11,6795,True,0.24706327442851866,1.7845686004352606,0.45088544,74,False,False,False,False,False,False,False,False
ENSG00000140450,ENSG00000140450,ARRDC4,1006,True,0.044065728947100306,1.7939090890218266,0.44653288,74,False,False,False,False,False,False,False,False
ENSG00000272606,ENSG00000272606,PPP4R3B-DT,3079,True,0.12653460196377964,1.7924864437218238,0.43900478,74,False,False,False,False,False,False,False,False
ENSG00000137502,ENSG00000137502,RAB30,10813,True,0.37812386321344127,1.7963144559755846,0.43463388,74,False,False,False,False,False,False,False,False
ENSG00000146409,ENSG00000146409,SLC18B1,2710,True,0.11299038976305491,1.7922349127787136,0.4262248,74,False,False,False,False,False,False,False,False
ENSG00000257704,ENSG00000257704,INAFM1,2076,True,0.08789887863408291,1.788469049726745,0.42114514,74,False,False,False,False,False,False,False,False
ENSG00000186260,ENSG00000186260,MRTFB,1595,True,0.0636786255619328,1.7882585301972211,0.40627304,74,False,False,False,False,False,False,False,False
ENSG00000113971,ENSG00000113971,NPHP3,2385,True,0.09299443647750243,1.783582905080965,0.3978732,74,False,False,False,False,False,False,False,False
ENSG00000034533,ENSG00000034533,ASTE1,2968,True,0.1149251717602477,1.7844438911622662,0.3973274,74,False,False,False,False,False,False,False,False
ENSG00000155366,ENSG00000155366,RHOC,6420,True,0.23537970440232356,1.7791886098257927,0.38077453,74,False,False,False,False,False,False,False,False
ENSG00000163214,ENSG00000163214,DHX57,2912,True,0.11034343403908407,1.7794584549167707,0.37868112,74,False,False,False,False,False,False,False,False
ENSG00000171132,ENSG00000171132,PRKCE,2992,True,0.11664865181047723,1.7776032253588618,0.3760311,74,False,False,False,False,False,False,False,False
ENSG00000112309,ENSG00000112309,B3GAT2,5448,True,0.21907244093102002,1.7774014792766364,0.3740659,74,False,False,False,False,False,False,False,False
ENSG00000100027,ENSG00000100027,YPEL1,3224,True,0.12321932609986334,1.774007150794695,0.3714433,74,False,False,False,False,False,False,False,False
ENSG00000104064,ENSG00000104064,GABPB1,4094,True,0.15242118813861835,1.7766978358050523,0.37083557,74,False,False,False,False,False,False,False,False
ENSG00000102226,ENSG00000102226,USP11,4845,True,0.17831724694899706,1.776052971263087,0.36959553,74,False,False,False,False,False,False,False,False
ENSG00000112983,ENSG00000112983,BRD8,3594,True,0.14187223658454096,1.777470913765716,0.3687624,74,False,False,False,False,False,False,False,False
ENSG00000124508,ENSG00000124508,BTN2A2,4991,True,0.18595619128612453,1.7750067300948673,0.3637537,74,False,False,False,False,False,False,False,False
ENSG00000179583,ENSG00000179583,CIITA,6216,True,0.22698658571449207,1.7820398723691684,0.36289895,74,False,False,False,False,False,False,False,False
ENSG00000186812,ENSG00000186812,ZNF397,2866,True,0.11235638728334402,1.774197265300308,0.35544446,74,False,False,False,False,False,False,False,False
ENSG00000139636,ENSG00000139636,LMBR1L,4779,True,0.17712394445701068,1.773791309208761,0.354467,74,False,False,False,False,False,False,False,False
ENSG00000163322,ENSG00000163322,ABRAXAS1,4940,True,0.1843008735111569,1.772132638661133,0.35034096,74,False,False,False,False,False,False,False,False
ENSG00000085788,ENSG00000085788,DDHD2,3461,True,0.1288748136662656,1.770627991286853,0.34782344,74,False,False,False,False,False,False,False,False
ENSG00000165943,ENSG00000165943,MOAP1,7573,True,0.2730059727722247,1.7770942703641937,0.34644756,74,False,False,False,False,False,False,False,False
ENSG00000104549,ENSG00000104549,SQLE,4626,True,0.17325810482467194,1.76883646606859,0.34539306,74,False,False,False,False,False,False,False,False
ENSG00000204070,ENSG00000204070,SYS1,3190,True,0.12122295903985957,1.7700685844278659,0.34290382,74,False,False,False,False,False,False,False,False
ENSG00000214717,ENSG00000214717,ZBED1,3875,True,0.14182682890834178,1.7699125609243913,0.34214377,74,False,False,False,False,False,False,False,False
ENSG00000182162,ENSG00000182162,P2RY8,7650,True,0.27020261351871555,1.772772954003731,0.34010348,74,False,False,False,False,False,False,False,False
ENSG00000267040,ENSG00000267040,ATP8B1-AS1,6079,True,0.2227238745955054,1.765426021003136,0.32385463,74,False,False,False,False,False,False,False,False
ENSG00000147421,ENSG00000147421,HMBOX1,6054,True,0.2194493838974745,1.766136024914729,0.32364008,74,False,False,False,False,False,False,False,False
ENSG00000121897,ENSG00000121897,LIAS,2963,True,0.1118460355645197,1.7685416213956626,0.31967282,74,False,False,False,False,False,False,False,False
ENSG00000172766,ENSG00000172766,NAA16,3273,True,0.12409067725610884,1.7637749717755795,0.31937236,74,False,False,False,False,False,False,False,False
ENSG00000163513,ENSG00000163513,TGFBR2,7810,True,0.27906341248200184,1.7748584191666075,0.31828892,74,False,False,False,False,False,False,False,False
ENSG00000171310,ENSG00000171310,CHST11,3764,True,0.1438600207073668,1.7641909166464496,0.31115296,74,False,False,False,False,False,False,False,False
ENSG00000136874,ENSG00000136874,STX17,3755,True,0.1390329291176782,1.7606522032116134,0.30895114,74,False,False,False,False,False,False,False,False
ENSG00000135870,ENSG00000135870,RC3H1,5779,True,0.2152589837969803,1.7655767137626783,0.30762726,74,False,False,False,False,False,False,False,False
ENSG00000132478,ENSG00000132478,UNK,3935,True,0.14977756968130504,1.761028730753943,0.29953313,74,False,False,False,False,False,False,False,False
ENSG00000154102,ENSG00000154102,C16orf74,14063,True,0.49746756265357095,1.825395293684859,0.76387984,73,False,False,False,False,False,False,False,False
ENSG00000224610,ENSG00000224610,ENSG00000224610,346,True,0.015825782903023583,1.6566668621736014,0.76248425,73,False,False,False,False,False,False,False,False
ENSG00000169249,ENSG00000169249,ZRSR2,13049,True,0.4680057890804344,1.8205968115138105,0.70890415,73,False,False,False,False,False,False,False,False
ENSG00000166428,ENSG00000166428,PLD4,8722,True,0.31898946092413094,1.8175950478711995,0.70304763,73,False,False,False,False,False,False,False,False
ENSG00000121570,ENSG00000121570,DPPA4,514,True,0.023538149137230915,1.7587263165260945,0.53935415,73,False,False,False,False,False,False,False,False
ENSG00000173193,ENSG00000173193,PARP14,22270,True,0.703090013276449,1.8268089663480964,0.5359349,73,False,False,False,False,False,False,False,False
ENSG00000171522,ENSG00000171522,PTGER4,5296,True,0.20114843597747728,1.8091712224930347,0.5335334,73,False,False,False,False,False,False,False,False
ENSG00000140259,ENSG00000140259,MFAP1,2689,True,0.10636880051038605,1.80694605263391,0.52476066,73,False,False,False,False,False,False,False,False
ENSG00000263934,ENSG00000263934,SNORD3A,3928,True,0.16383265730004654,1.7830661315389043,0.50345093,73,False,False,False,False,False,False,False,False
ENSG00000185650,ENSG00000185650,ZFP36L1,36774,True,1.0835280289607019,1.8647810576330743,0.50039256,73,False,False,False,False,False,False,False,False
ENSG00000152558,ENSG00000152558,TMEM123,30859,True,0.9344830908057464,1.8523729194382206,0.49162164,73,False,False,False,False,False,False,False,False
ENSG00000160932,ENSG00000160932,LY6E,49720,True,1.3804601957780587,1.907761628648477,0.4766691,73,False,False,False,False,False,False,False,False
ENSG00000135365,ENSG00000135365,PHF21A,4603,True,0.17449482754166648,1.802487247737294,0.47529727,73,False,False,False,False,False,False,False,False
ENSG00000268362,ENSG00000268362,ENSG00000268362,1442,True,0.060073012559241246,1.8007372132259896,0.46168506,73,False,False,False,False,False,False,False,False
ENSG00000145287,ENSG00000145287,PLAC8,60217,True,1.6201545619090998,1.9381098569187067,0.45922083,73,False,False,False,False,False,False,False,False
ENSG00000174500,ENSG00000174500,GCSAM,2689,True,0.10445568393387471,1.7930085302565486,0.45133942,73,False,False,False,False,False,False,False,False
ENSG00000271646,ENSG00000271646,IRF2-DT,1496,True,0.05964092869422113,1.7664635417651775,0.44972274,73,False,False,False,False,False,False,False,False
ENSG00000153283,ENSG00000153283,CD96,4405,True,0.16293875211913103,1.7932348389914212,0.44338217,73,False,False,False,False,False,False,False,False
ENSG00000100162,ENSG00000100162,CENPM,3242,True,0.12621805397562924,1.7915869994561662,0.4350683,73,False,False,False,False,False,False,False,False
ENSG00000239569,ENSG00000239569,KMT2E-AS1,8156,True,0.31585020390685303,1.7875945328697165,0.4257809,73,False,False,False,False,False,False,False,False
ENSG00000147400,ENSG00000147400,CETN2,4936,True,0.18972620456821251,1.7895393784896962,0.41652855,73,False,False,False,False,False,False,False,False
ENSG00000116044,ENSG00000116044,NFE2L2,8479,True,0.3132243886664049,1.789245116469752,0.41593477,73,False,False,False,False,False,False,False,False
ENSG00000078487,ENSG00000078487,ZCWPW1,3662,True,0.14175031176024486,1.7846378026401348,0.4103337,73,False,False,False,False,False,False,False,False
ENSG00000146802,ENSG00000146802,TMEM168,2156,True,0.08421839020432763,1.7869809102541616,0.40711206,73,False,False,False,False,False,False,False,False
ENSG00000203668,ENSG00000203668,CHML,2920,True,0.1111285076974568,1.7834423917307698,0.40463945,73,False,False,False,False,False,False,False,False
ENSG00000083535,ENSG00000083535,PIBF1,5071,True,0.18394635099868628,1.7829874224250404,0.40125427,73,False,False,False,False,False,False,False,False
ENSG00000047365,ENSG00000047365,ARAP2,7304,True,0.26111548382364824,1.7835003145981538,0.39653832,73,False,False,False,False,False,False,False,False
ENSG00000146414,ENSG00000146414,SHPRH,7100,True,0.2557648692996679,1.7820352621929203,0.39467755,73,False,False,False,False,False,False,False,False
ENSG00000118515,ENSG00000118515,SGK1,3090,True,0.11685155081480797,1.7801411764942878,0.38795266,73,False,False,False,False,False,False,False,False
ENSG00000180488,ENSG00000180488,MIGA1,3371,True,0.12940688457882207,1.7805261028792543,0.38633367,73,False,False,False,False,False,False,False,False
ENSG00000177000,ENSG00000177000,MTHFR,2871,True,0.11309194494952694,1.7795541735296843,0.3853982,73,False,False,False,False,False,False,False,False
ENSG00000120162,ENSG00000120162,MOB3B,3016,True,0.11733179476898759,1.776983079604448,0.38062292,73,False,False,False,False,False,False,False,False
ENSG00000108406,ENSG00000108406,DHX40,4129,True,0.1594451543629221,1.7790163743607208,0.3796814,73,False,False,False,False,False,False,False,False
ENSG00000156650,ENSG00000156650,KAT6B,6872,True,0.24524091600280837,1.7835241661379457,0.37918594,73,False,False,False,False,False,False,False,False
ENSG00000165113,ENSG00000165113,GKAP1,2124,True,0.08405958736816255,1.7817078493160168,0.37876302,73,False,False,False,False,False,False,False,False
ENSG00000178567,ENSG00000178567,EPM2AIP1,7971,True,0.2839218773161675,1.7814022468311668,0.37641522,73,False,False,False,False,False,False,False,False
ENSG00000247240,ENSG00000247240,UBL7-DT,2779,True,0.10672474881194295,1.7789823743190178,0.3752981,73,False,False,False,False,False,False,False,False
ENSG00000136861,ENSG00000136861,CDK5RAP2,4930,True,0.17768527967974734,1.77717373841057,0.3698975,73,False,False,False,False,False,False,False,False
ENSG00000145388,ENSG00000145388,METTL14,3477,True,0.13434502795449219,1.7767060905817131,0.36852294,73,False,False,False,False,False,False,False,False
ENSG00000107362,ENSG00000107362,ABHD17B,3632,True,0.13674386084741766,1.7758050154339984,0.36707407,73,False,False,False,False,False,False,False,False
ENSG00000056050,ENSG00000056050,HPF1,4251,True,0.164834021634796,1.7728517961340138,0.36534333,73,False,False,False,False,False,False,False,False
ENSG00000162227,ENSG00000162227,TAF6L,2924,True,0.11478366455427014,1.7749153825056612,0.36493614,73,False,False,False,False,False,False,False,False
ENSG00000205758,ENSG00000205758,CRYZL1,6548,True,0.24433383004159445,1.771482492800217,0.36163542,73,False,False,False,False,False,False,False,False
ENSG00000140995,ENSG00000140995,DEF8,7601,True,0.2756337859068965,1.7732407851762153,0.35605386,73,False,False,False,False,False,False,False,False
ENSG00000152944,ENSG00000152944,MED21,3237,True,0.12841328895026793,1.7702318204486645,0.35318688,73,False,False,False,False,False,False,False,False
ENSG00000147789,ENSG00000147789,ZNF7,3392,True,0.12791901838469436,1.7720780042647986,0.3518093,73,False,False,False,False,False,False,False,False
ENSG00000132153,ENSG00000132153,DHX30,4731,True,0.1760297890359925,1.7694277626008754,0.34903443,73,False,False,False,False,False,False,False,False
ENSG00000152904,ENSG00000152904,GGPS1,7344,True,0.2672269611397055,1.778133128551078,0.34841207,73,False,False,False,False,False,False,False,False
ENSG00000178104,ENSG00000178104,PDE4DIP,2766,True,0.10462679000861395,1.7716057606699642,0.34689063,73,False,False,False,False,False,False,False,False
ENSG00000106261,ENSG00000106261,ZKSCAN1,6099,True,0.21900720494482986,1.7686166709654172,0.34612936,73,False,False,False,False,False,False,False,False
ENSG00000175727,ENSG00000175727,MLXIP,5072,True,0.1866411476572609,1.7724511259283082,0.345763,73,False,False,False,False,False,False,False,False
ENSG00000177082,ENSG00000177082,WDR73,3278,True,0.11687250135690457,1.771964708062053,0.3407826,73,False,False,False,False,False,False,False,False
ENSG00000181804,ENSG00000181804,SLC9A9,2652,True,0.10516399900243699,1.7721804905637704,0.3407017,73,False,False,False,False,False,False,False,False
ENSG00000204438,ENSG00000204438,GPANK1,5836,True,0.21962994582917528,1.7681938502355623,0.338123,73,False,False,False,False,False,False,False,False
ENSG00000198862,ENSG00000198862,LTN1,5111,True,0.18521884887680667,1.769091584245629,0.33728656,73,False,False,False,False,False,False,False,False
ENSG00000251131,ENSG00000251131,ENSG00000251131,2587,True,0.10836733125817713,1.7697937947004976,0.336685,73,False,False,False,False,False,False,False,False
ENSG00000215908,ENSG00000215908,CROCCP2,3770,True,0.14161463125597207,1.768424746353535,0.33615634,73,False,False,False,False,False,False,False,False
ENSG00000101695,ENSG00000101695,RNF125,3990,True,0.1423477798976754,1.769574388223905,0.33417353,73,False,False,False,False,False,False,False,False
ENSG00000075790,ENSG00000075790,BCAP29,6260,True,0.23299393605795818,1.7681147566900903,0.33377418,73,False,False,False,False,False,False,False,False
ENSG00000042429,ENSG00000042429,MED17,7558,True,0.2627501436474589,1.7615545224107352,0.32678375,73,False,False,False,False,False,False,False,False
ENSG00000128585,ENSG00000128585,MKLN1,5597,True,0.20361823614389668,1.7695739676045406,0.32486007,73,False,False,False,False,False,False,False,False
ENSG00000100376,ENSG00000100376,FAM118A,4292,True,0.16093060663156658,1.7658601787329686,0.32332867,73,False,False,False,False,False,False,False,False
ENSG00000032742,ENSG00000032742,IFT88,2707,True,0.10348690534303753,1.7678973412862782,0.32154614,73,False,False,False,False,False,False,False,False
ENSG00000105793,ENSG00000105793,GTPBP10,2315,True,0.089261899105261,1.7635971025580304,0.32062382,73,False,False,False,False,False,False,False,False
ENSG00000136451,ENSG00000136451,VEZF1,4110,True,0.15396879346382367,1.7647071883657384,0.3199558,73,False,False,False,False,False,False,False,False
ENSG00000067248,ENSG00000067248,DHX29,6756,True,0.2449465940154603,1.7653038916485035,0.31840214,73,False,False,False,False,False,False,False,False
ENSG00000147679,ENSG00000147679,UTP23,5150,True,0.1886191246998387,1.764342332117761,0.31711897,73,False,False,False,False,False,False,False,False
ENSG00000198087,ENSG00000198087,CD2AP,5685,True,0.20741082846487116,1.7666515601447015,0.3146548,73,False,False,False,False,False,False,False,False
ENSG00000071575,ENSG00000071575,TRIB2,3821,True,0.14260181719889545,1.762849161182485,0.3125974,73,False,False,False,False,False,False,False,False
ENSG00000166471,ENSG00000166471,TMEM41B,5209,True,0.1955158652902651,1.7651070600954226,0.31216833,73,False,False,False,False,False,False,False,False
ENSG00000183354,ENSG00000183354,BRD10,7605,True,0.273397645869949,1.7682902652794794,0.30971077,73,False,False,False,False,False,False,False,False
ENSG00000126775,ENSG00000126775,ATG14,3892,True,0.1463423254706027,1.7635121722501892,0.3086233,73,False,False,False,False,False,False,False,False
ENSG00000168214,ENSG00000168214,RBPJ,8083,True,0.29288308423032977,1.7679335053626184,0.3017484,73,False,False,False,False,False,False,False,False
ENSG00000171100,ENSG00000171100,MTM1,2595,True,0.10193719547674897,1.759857317746893,0.29460847,73,False,False,False,False,False,False,False,False
ENSG00000121716,ENSG00000121716,PILRB,6034,True,0.2169439495600608,1.7620108721831118,0.29186267,73,False,False,False,False,False,False,False,False
ENSG00000137574,ENSG00000137574,TGS1,6250,True,0.22433517271376105,1.7588952689896842,0.2825687,73,False,False,False,False,False,False,False,False
ENSG00000160199,ENSG00000160199,PKNOX1,2077,True,0.07877582628105315,1.7521632688444704,0.27937287,73,False,False,False,False,False,False,False,False
ENSG00000180879,ENSG00000180879,SSR4,48915,True,1.3382246387166326,2.0443677071751676,1.4221182,72,False,False,False,False,False,False,False,False
ENSG00000157514,ENSG00000157514,TSC22D3,101462,True,2.730934764794203,2.388252291333029,0.9260161,72,False,False,False,False,False,False,False,False
ENSG00000197903,ENSG00000197903,H2BC12,16713,True,0.5751592984700193,1.841808351140959,0.83267504,72,False,False,False,False,False,False,False,False
ENSG00000183486,ENSG00000183486,MX2,8196,True,0.3077547411845317,1.8188035729550611,0.7301479,72,False,False,False,False,False,False,False,True
ENSG00000181788,ENSG00000181788,SIAH2,9789,True,0.36782066203294295,1.8189090596579343,0.6892777,72,False,False,False,False,False,False,False,False
ENSG00000138639,ENSG00000138639,ARHGAP24,19459,True,0.6191966809759424,1.827615933473268,0.63603294,72,False,False,False,False,False,False,False,False
ENSG00000163687,ENSG00000163687,DNASE1L3,1698,True,0.07528206696664026,1.8384203298177368,0.6277302,72,False,False,False,False,False,False,False,False
ENSG00000138814,ENSG00000138814,PPP3CA,21055,True,0.6968234889084196,1.8320885055468394,0.6186837,72,False,False,False,False,False,False,False,False
ENSG00000196549,ENSG00000196549,MME,824,True,0.03329216954152963,1.7742957386565117,0.60968715,72,False,False,False,False,False,False,False,False
ENSG00000189241,ENSG00000189241,TSPYL1,12344,True,0.4536828282648195,1.8076120209759148,0.5976572,72,False,False,False,False,False,False,False,False
ENSG00000048471,ENSG00000048471,SNX29,12900,True,0.4502345188559806,1.815068509236373,0.5946598,72,False,False,False,False,False,False,False,False
ENSG00000175857,ENSG00000175857,GAPT,20975,True,0.6925804009761737,1.8287184532676128,0.57281727,72,False,False,False,False,False,False,False,False
ENSG00000134909,ENSG00000134909,ARHGAP32,559,True,0.023652698060600264,1.6865522783612077,0.52471364,72,False,False,False,False,False,False,False,False
ENSG00000134326,ENSG00000134326,CMPK2,1540,True,0.06434562506476917,1.8135305397025654,0.517082,72,False,False,False,False,False,False,False,False
ENSG00000263958,ENSG00000263958,NETO1-DT,557,True,0.027575459378814563,1.7861255090092945,0.509829,72,False,False,False,False,False,False,False,False
ENSG00000139618,ENSG00000139618,BRCA2,2180,True,0.08381288070218597,1.807403612255606,0.49455374,72,False,False,False,False,False,False,False,False
ENSG00000123200,ENSG00000123200,ZC3H13,14574,True,0.4832171393054978,1.7995037977749306,0.4747367,72,False,False,False,False,False,False,False,False
ENSG00000145241,ENSG00000145241,CENPC,12703,True,0.43255144387118066,1.7965656057805723,0.45952725,72,False,False,False,False,False,False,False,False
ENSG00000176293,ENSG00000176293,ZNF135,535,True,0.023256026955157657,1.7735358576579285,0.45915344,72,False,False,False,False,False,False,False,False
ENSG00000197880,ENSG00000197880,MDS2,1842,True,0.07323606276502147,1.788721506982254,0.439501,72,False,False,False,False,False,False,False,False
ENSG00000273141,ENSG00000273141,ENSG00000273141,800,True,0.034828621647482454,1.791502265579985,0.43400747,72,False,False,False,False,False,False,False,False
ENSG00000260806,ENSG00000260806,PAPOLA-DT,906,True,0.03827686921852139,1.7874556701241724,0.42972517,72,False,False,False,False,False,False,False,False
ENSG00000271576,ENSG00000271576,PRKACB-DT,872,True,0.03855135357947682,1.7872954322492318,0.42845497,72,False,False,False,False,False,False,False,False
ENSG00000272277,ENSG00000272277,ENSG00000272277,957,True,0.04028917045505708,1.7853972548872454,0.4176201,72,False,False,False,False,False,False,False,False
ENSG00000250565,ENSG00000250565,ATP6V1E2,2007,True,0.07870694728975813,1.7866715758314597,0.41667166,72,False,False,False,False,False,False,False,False
ENSG00000237484,ENSG00000237484,LINC01684,1064,True,0.045909301593484234,1.7871801734826511,0.41567698,72,False,False,False,False,False,False,False,False
ENSG00000165312,ENSG00000165312,OTUD1,4201,True,0.16851939407843514,1.783437500797753,0.39855853,72,False,False,False,False,False,False,False,False
ENSG00000073803,ENSG00000073803,MAP3K13,6164,True,0.23432769026609357,1.7810308851857564,0.39263704,72,False,False,False,False,False,False,False,False
ENSG00000215014,ENSG00000215014,SSU72-AS1,1132,True,0.047695121799389485,1.7705363628490713,0.39003006,72,False,False,False,False,False,False,False,False
ENSG00000231856,ENSG00000231856,ENSG00000231856,1813,True,0.07734137657157214,1.7806054621252647,0.3854034,72,False,False,False,False,False,False,False,False
ENSG00000166750,ENSG00000166750,SLFN5,2552,True,0.09640428173923504,1.7740568897175495,0.38199523,72,False,False,False,False,False,False,False,False
ENSG00000132849,ENSG00000132849,PATJ,2169,True,0.08388489941088705,1.778297187984925,0.3773916,72,False,False,False,False,False,False,False,False
ENSG00000127337,ENSG00000127337,YEATS4,5566,True,0.20360247399115403,1.776462638309078,0.37347272,72,False,False,False,False,False,False,False,False
ENSG00000259577,ENSG00000259577,CERNA1,2136,True,0.08755427740927965,1.7789969674495767,0.36976856,72,False,False,False,False,False,False,False,False
ENSG00000100351,ENSG00000100351,GRAP2,3653,True,0.14286885840983118,1.7749788697801685,0.36867592,72,False,False,False,False,False,False,False,False
ENSG00000132334,ENSG00000132334,PTPRE,3855,True,0.14330720603576375,1.7752188325657408,0.3682201,72,False,False,False,False,False,False,False,False
ENSG00000271858,ENSG00000271858,ENSG00000271858,1930,True,0.07759523363500759,1.776292257071528,0.36735967,72,False,False,False,False,False,False,False,False
ENSG00000105472,ENSG00000105472,CLEC11A,1487,True,0.06233877428463938,1.7726046015580488,0.3669609,72,False,False,False,False,False,False,False,False
ENSG00000128915,ENSG00000128915,ICE2,5270,True,0.19174977833682555,1.7755811656944558,0.3613629,72,False,False,False,False,False,False,False,False
ENSG00000178996,ENSG00000178996,SNX18,2248,True,0.08326947571711735,1.774821605486379,0.36133778,72,False,False,False,False,False,False,False,False
ENSG00000090376,ENSG00000090376,IRAK3,1426,True,0.056555433463356584,1.775303549544831,0.36019006,72,False,False,False,False,False,False,False,False
ENSG00000038427,ENSG00000038427,VCAN,5518,True,0.20216379425737402,1.7742158510652595,0.36017695,72,False,False,False,False,False,False,False,False
ENSG00000204252,ENSG00000204252,HLA-DOA,8173,True,0.2915581768510115,1.7795055401886182,0.35697302,72,False,False,False,False,False,False,False,False
ENSG00000015676,ENSG00000015676,NUDCD3,7370,True,0.2774979481316684,1.775766913354165,0.3537829,72,False,False,False,False,False,False,False,False
ENSG00000205670,ENSG00000205670,SMIM11,7480,True,0.2754884687914237,1.7728774117498085,0.35217366,72,False,False,False,False,False,False,False,False
ENSG00000167703,ENSG00000167703,SLC43A2,4615,True,0.1640726441547949,1.7715186450589875,0.35181433,72,False,False,False,False,False,False,False,False
ENSG00000198718,ENSG00000198718,TOGARAM1,4009,True,0.14760336680477834,1.771484850803897,0.35036373,72,False,False,False,False,False,False,False,False
ENSG00000146830,ENSG00000146830,GIGYF1,3638,True,0.14575238552892028,1.772476282303909,0.34924257,72,False,False,False,False,False,False,False,False
ENSG00000102786,ENSG00000102786,INTS6,3626,True,0.13981254224851905,1.7730371889959236,0.34549472,72,False,False,False,False,False,False,False,False
ENSG00000135974,ENSG00000135974,C2orf49,4962,True,0.18857877866046613,1.7681260479283685,0.34001637,72,False,False,False,False,False,False,False,False
ENSG00000178878,ENSG00000178878,APOLD1,3001,True,0.13015302270081877,1.768654283483575,0.33640444,72,False,False,False,False,False,False,False,False
ENSG00000168395,ENSG00000168395,ING5,3415,True,0.13259380345226632,1.768277086542698,0.33415177,72,False,False,False,False,False,False,False,False
ENSG00000163536,ENSG00000163536,SERPINI1,2400,True,0.09605345045458741,1.771870479999025,0.33367497,72,False,False,False,False,False,False,False,False
ENSG00000188419,ENSG00000188419,CHM,4239,True,0.1612158213104304,1.7683551808886357,0.33266643,72,False,False,False,False,False,False,False,False
ENSG00000174206,ENSG00000174206,KICS2,1747,True,0.07167491108490892,1.768057925481059,0.33060962,72,False,False,False,False,False,False,False,False
ENSG00000186918,ENSG00000186918,ZNF395,2517,True,0.10067808465409929,1.768545149397677,0.33028728,72,False,False,False,False,False,False,False,False
ENSG00000010072,ENSG00000010072,SPRTN,4279,True,0.15829340500931852,1.7662972286301304,0.32715777,72,False,False,False,False,False,False,False,False
ENSG00000219545,ENSG00000219545,UMAD1,3134,True,0.12292987177731467,1.766432044148307,0.32375702,72,False,False,False,False,False,False,False,False
ENSG00000147854,ENSG00000147854,UHRF2,5591,True,0.20399032065466188,1.7676986511667416,0.32366508,72,False,False,False,False,False,False,False,False
ENSG00000237441,ENSG00000237441,RGL2,3832,True,0.14819998329569706,1.7681061407238174,0.3225836,72,False,False,False,False,False,False,False,False
ENSG00000135541,ENSG00000135541,AHI1,3411,True,0.1336579097565704,1.7662077820692745,0.32146186,72,False,False,False,False,False,False,False,False
ENSG00000105851,ENSG00000105851,PIK3CG,2542,True,0.09875259308156004,1.7662896928027572,0.319621,72,False,False,False,False,False,False,False,False
ENSG00000151893,ENSG00000151893,CACUL1,4275,True,0.16369652552849207,1.764452412546197,0.31838298,72,False,False,False,False,False,False,False,False
ENSG00000135108,ENSG00000135108,FBXO21,6628,True,0.2393521312350785,1.7653286054563686,0.31825057,72,False,False,False,False,False,False,False,False
ENSG00000114098,ENSG00000114098,ARMC8,5421,True,0.20363696510304827,1.7641169255570348,0.31574953,72,False,False,False,False,False,False,False,False
ENSG00000163602,ENSG00000163602,RYBP,3295,True,0.12674885057333626,1.7652220053738368,0.3152033,72,False,False,False,False,False,False,False,False
ENSG00000152778,ENSG00000152778,IFIT5,4460,True,0.17265611139849765,1.765421976736728,0.31370306,72,False,False,False,False,False,False,False,True
ENSG00000009413,ENSG00000009413,REV3L,6212,True,0.2221317950388223,1.7628689922637804,0.31034872,72,False,False,False,False,False,False,False,False
ENSG00000147894,ENSG00000147894,C9orf72,5558,True,0.21853988631579674,1.7648235307888536,0.3083638,72,False,False,False,False,False,False,False,False
ENSG00000186834,ENSG00000186834,HEXIM1,4649,True,0.170331484738219,1.7643208615834631,0.30518925,72,False,False,False,False,False,False,False,False
ENSG00000228801,ENSG00000228801,PCMTD1-DT,2605,True,0.1014886345084395,1.7512693541902336,0.30109897,72,False,False,False,False,False,False,False,False
ENSG00000164219,ENSG00000164219,PGGT1B,3295,True,0.1287427156742629,1.7621685600752612,0.29764688,72,False,False,False,False,False,False,False,False
ENSG00000079277,ENSG00000079277,MKNK1,3257,True,0.12412369307719961,1.7622380247709808,0.29748088,72,False,False,False,False,False,False,False,False
ENSG00000110880,ENSG00000110880,CORO1C,5102,True,0.18734081308931902,1.7589020415968215,0.2962381,72,False,False,False,False,False,False,False,False
ENSG00000166170,ENSG00000166170,BAG5,5604,True,0.20186078161036125,1.7600569981351704,0.2933921,72,False,False,False,False,False,False,False,False
ENSG00000112339,ENSG00000112339,HBS1L,4991,True,0.18146079309424504,1.7580599347250938,0.29148802,72,False,False,False,False,False,False,False,False
ENSG00000253352,ENSG00000253352,TUG1,4471,True,0.1678513619284342,1.759095336168199,0.29000768,72,False,False,False,False,False,False,False,False
ENSG00000064933,ENSG00000064933,PMS1,3653,True,0.1385277359904132,1.7558613559145122,0.28773162,72,False,False,False,False,False,False,False,False
ENSG00000111859,ENSG00000111859,NEDD9,5458,True,0.20129864898214492,1.75893866104908,0.2869657,72,False,False,False,False,False,False,False,False
ENSG00000086712,ENSG00000086712,TXLNG,5579,True,0.20223519952282196,1.7566843482217118,0.2867051,72,False,False,False,False,False,False,False,False
ENSG00000122884,ENSG00000122884,P4HA1,4152,True,0.15844647870510226,1.7557164578857891,0.28584608,72,False,False,False,False,False,False,False,False
ENSG00000163125,ENSG00000163125,RPRD2,5171,True,0.18933618863311114,1.7591441490783035,0.28422263,72,False,False,False,False,False,False,False,False
ENSG00000020426,ENSG00000020426,MNAT1,6495,True,0.23712581988364861,1.7573012130726366,0.28166756,72,False,False,False,False,False,False,False,False
ENSG00000157036,ENSG00000157036,EXOG,6814,True,0.2517197328756644,1.7587885901908829,0.28026506,72,False,False,False,False,False,False,False,False
ENSG00000085511,ENSG00000085511,MAP3K4,3121,True,0.11446716288482527,1.7544112759252741,0.27162912,72,False,False,False,False,False,False,False,False
ENSG00000184277,ENSG00000184277,TM2D3,7247,True,0.2658615606078599,1.7561401762320126,0.26999506,72,False,False,False,False,False,False,False,False
ENSG00000119922,ENSG00000119922,IFIT2,2512,True,0.10192984582522642,1.8964219979737933,0.8752057,71,False,False,False,False,False,False,False,True
ENSG00000151320,ENSG00000151320,AKAP6,500,True,0.022119902397705057,1.7595922637135297,0.77538717,71,False,False,False,False,False,False,False,False
ENSG00000205413,ENSG00000205413,SAMD9,16266,True,0.5487814122233226,1.836429971343989,0.7422185,71,False,False,False,False,False,False,False,False
ENSG00000255112,ENSG00000255112,CHMP1B,24361,True,0.7907435393261902,1.8634002241230398,0.7336344,71,False,False,False,False,False,False,False,False
ENSG00000128228,ENSG00000128228,SDF2L1,6617,True,0.2557707609722881,1.843004817465283,0.72025263,71,False,False,False,False,False,False,False,False
ENSG00000174720,ENSG00000174720,LARP7,16197,True,0.5527600479190581,1.8206719268086204,0.6863207,71,False,False,False,False,False,False,False,False
ENSG00000122224,ENSG00000122224,LY9,12546,True,0.4340362380935069,1.8145910421894342,0.65283835,71,False,False,False,False,False,False,False,False
ENSG00000121064,ENSG00000121064,SCPEP1,15792,True,0.5407691621067555,1.8153727269247133,0.60200036,71,False,False,False,False,False,False,False,False
ENSG00000235527,ENSG00000235527,HIPK1-AS1,1396,True,0.06003438510791654,1.8162617541221637,0.56190205,71,False,False,False,False,False,False,False,False
ENSG00000179218,ENSG00000179218,CALR,25459,True,0.774795151617439,1.8536636387359309,0.55989385,71,False,False,False,False,False,False,False,False
ENSG00000136758,ENSG00000136758,YME1L1,15976,True,0.5335743143571086,1.8150263356857914,0.55126315,71,False,False,False,False,False,False,False,False
ENSG00000267454,ENSG00000267454,ZNF582-DT,844,True,0.03573863866909953,1.8083193537880702,0.49714363,71,False,False,False,False,False,False,False,False
ENSG00000035928,ENSG00000035928,RFC1,11592,True,0.3971246847225167,1.7977976243963256,0.48217204,71,False,False,False,False,False,False,False,False
ENSG00000006652,ENSG00000006652,IFRD1,16069,True,0.5350561778213807,1.8091560414676018,0.46590632,71,False,False,False,False,False,False,False,False
ENSG00000153774,ENSG00000153774,CFDP1,10121,True,0.36495439168341975,1.7948844353119677,0.45322424,71,False,False,False,False,False,False,False,False
ENSG00000166704,ENSG00000166704,ZNF606,1296,True,0.053639659357603994,1.7644186621773323,0.44730565,71,False,False,False,False,False,False,False,False
ENSG00000139629,ENSG00000139629,GALNT6,1005,True,0.04081523669985796,1.7974644031388756,0.4443134,71,False,False,False,False,False,False,False,False
ENSG00000127914,ENSG00000127914,AKAP9,24799,True,0.7865351824338489,1.8287050056381218,0.43816766,71,False,False,False,False,False,False,False,False
ENSG00000143458,ENSG00000143458,GABPB2,2824,True,0.10581631558498666,1.7864522304970043,0.43652248,71,False,False,False,False,False,False,False,False
ENSG00000137992,ENSG00000137992,DBT,2062,True,0.0820389915450682,1.78936595987309,0.4308564,71,False,False,False,False,False,False,False,False
ENSG00000270419,ENSG00000270419,CAHM,680,True,0.03024191701544492,1.7911893619415062,0.4198282,71,False,False,False,False,False,False,False,False
ENSG00000111796,ENSG00000111796,KLRB1,6015,True,0.21376487120421972,1.7923725299400664,0.41480544,71,False,False,False,False,False,False,False,False
ENSG00000111860,ENSG00000111860,CEP85L,5419,True,0.19799147181409824,1.7867607344692893,0.41352612,71,False,False,False,False,False,False,False,False
ENSG00000101236,ENSG00000101236,RNF24,866,True,0.03458590386470009,1.7286093081247587,0.40887818,71,False,False,False,False,False,False,False,False
ENSG00000169131,ENSG00000169131,ZNF354A,2252,True,0.08775020700670057,1.780317683398225,0.40883574,71,False,False,False,False,False,False,False,False
ENSG00000267383,ENSG00000267383,ENSG00000267383,718,True,0.030472906254282617,1.7844977792073629,0.40294275,71,False,False,False,False,False,False,False,False
ENSG00000146535,ENSG00000146535,GNA12,1884,True,0.0710739316871128,1.7875780927106364,0.39580864,71,False,False,False,False,False,False,False,False
ENSG00000139174,ENSG00000139174,PRICKLE1,923,True,0.0389690586568452,1.7822544883760094,0.39374432,71,False,False,False,False,False,False,False,False
ENSG00000256690,ENSG00000256690,STX5-DT,1823,True,0.08137881469826913,1.7807337718527843,0.39256373,71,False,False,False,False,False,False,False,False
ENSG00000100281,ENSG00000100281,HMGXB4,5965,True,0.2158390974083386,1.7786049086873057,0.3876794,71,False,False,False,False,False,False,False,False
ENSG00000148572,ENSG00000148572,NRBF2,4859,True,0.1800735630663813,1.7791710177545155,0.3876738,71,False,False,False,False,False,False,False,False
ENSG00000178105,ENSG00000178105,DDX10,4883,True,0.17803684234773628,1.7774998522896164,0.38429698,71,False,False,False,False,False,False,False,False
ENSG00000163406,ENSG00000163406,SLC15A2,1557,True,0.06422062758295301,1.7770322217623382,0.38368285,71,False,False,False,False,False,False,False,False
ENSG00000189042,ENSG00000189042,ZNF567,2740,True,0.11025120572672083,1.78000845840077,0.38328585,71,False,False,False,False,False,False,False,False
ENSG00000139266,ENSG00000139266,MARCHF9,4459,True,0.17740378304714408,1.7806819451479365,0.38193944,71,False,False,False,False,False,False,False,False
ENSG00000162086,ENSG00000162086,ZNF75A,8725,True,0.3081526657136258,1.7922140111336036,0.3797376,71,False,False,False,False,False,False,False,False
ENSG00000164252,ENSG00000164252,AGGF1,4971,True,0.18204358919984268,1.7794659310757714,0.37941137,71,False,False,False,False,False,False,False,False
ENSG00000181192,ENSG00000181192,DHTKD1,3591,True,0.135473847035708,1.7786958733971154,0.37881878,71,False,False,False,False,False,False,False,False
ENSG00000101493,ENSG00000101493,ZNF516,1039,True,0.043279446574762376,1.7800995507830975,0.37680832,71,False,False,False,False,False,False,False,False
ENSG00000156232,ENSG00000156232,WHAMM,9584,True,0.33225754049544104,1.7862434045831521,0.37401214,71,False,False,False,False,False,False,False,False
ENSG00000117000,ENSG00000117000,RLF,3723,True,0.13723209375397422,1.7778489492858542,0.36800632,71,False,False,False,False,False,False,False,False
ENSG00000102524,ENSG00000102524,TNFSF13B,2683,True,0.11009267429352175,1.7785877028321964,0.3630941,71,False,False,False,False,False,False,False,False
ENSG00000149970,ENSG00000149970,CNKSR2,1109,True,0.04433098543915047,1.7758497395659225,0.36092135,71,False,False,False,False,False,False,False,False
ENSG00000133812,ENSG00000133812,SBF2,2896,True,0.11068865109159062,1.744658568071967,0.359726,71,False,False,False,False,False,False,False,False
ENSG00000131089,ENSG00000131089,ARHGEF9,2410,True,0.09371312350299837,1.7736636179652143,0.35853556,71,False,False,False,False,False,False,False,False
ENSG00000138190,ENSG00000138190,EXOC6,6698,True,0.24494563183194426,1.7730496627118983,0.35493407,71,False,False,False,False,False,False,False,False
ENSG00000108423,ENSG00000108423,TUBD1,1814,True,0.0716955117824125,1.7756870000192426,0.35392907,71,False,False,False,False,False,False,False,False
ENSG00000081665,ENSG00000081665,ZNF506,4984,True,0.18465677328417074,1.771395682257812,0.35296622,71,False,False,False,False,False,False,False,False
ENSG00000225733,ENSG00000225733,FGD5-AS1,6860,True,0.24365021303322124,1.7717140531944437,0.35258958,71,False,False,False,False,False,False,False,False
ENSG00000188641,ENSG00000188641,DPYD,2507,True,0.0967092042866326,1.7727549413828525,0.3520504,71,False,False,False,False,False,False,False,False
ENSG00000156384,ENSG00000156384,SFR1,3003,True,0.11895892342668112,1.771430081561839,0.35120362,71,False,False,False,False,False,False,False,False
ENSG00000225973,ENSG00000225973,PIGBOS1,4190,True,0.15870535582387502,1.7689426586828965,0.34966695,71,False,False,False,False,False,False,False,False
ENSG00000165905,ENSG00000165905,LARGE2,2134,True,0.08694274370866012,1.7741708591084675,0.347379,71,False,False,False,False,False,False,False,False
ENSG00000145220,ENSG00000145220,LYAR,4711,True,0.17597815527950716,1.7703913247832297,0.34374803,71,False,False,False,False,False,False,False,False
ENSG00000078687,ENSG00000078687,TNRC6C,4380,True,0.1700823038175105,1.7715896793693653,0.3420549,71,False,False,False,False,False,False,False,False
ENSG00000153814,ENSG00000153814,JAZF1,6145,True,0.23107001822294135,1.7716115874805196,0.34151182,71,False,False,False,False,False,False,False,False
ENSG00000077984,ENSG00000077984,CST7,4207,True,0.15463163472860433,1.7709117957896836,0.34053597,71,False,False,False,False,False,False,False,False
ENSG00000256043,ENSG00000256043,CTSO,3198,True,0.1258504003913571,1.7679106934860207,0.33887258,71,False,False,False,False,False,False,False,False
ENSG00000104343,ENSG00000104343,UBE2W,6306,True,0.2396891819811897,1.7727502528208838,0.3354041,71,False,False,False,False,False,False,False,False
ENSG00000166046,ENSG00000166046,TCP11L2,4384,True,0.1618763047271209,1.765682184376997,0.33122593,71,False,False,False,False,False,False,False,False
ENSG00000148516,ENSG00000148516,ZEB1,5444,True,0.2004095096998335,1.7686570161730466,0.3303568,71,False,False,False,False,False,False,False,False
ENSG00000221821,ENSG00000221821,C6orf226,5755,True,0.22170432716508942,1.7687591158015175,0.3297606,71,False,False,False,False,False,False,False,False
ENSG00000170852,ENSG00000170852,KBTBD2,2899,True,0.11239947695723003,1.7650177564704814,0.3285554,71,False,False,False,False,False,False,False,False
ENSG00000106460,ENSG00000106460,TMEM106B,3976,True,0.15112157849875266,1.767161924088024,0.32508153,71,False,False,False,False,False,False,False,False
ENSG00000258890,ENSG00000258890,CEP95,5397,True,0.19637931976124756,1.7641384287581545,0.32279128,71,False,False,False,False,False,False,False,False
ENSG00000135945,ENSG00000135945,REV1,4376,True,0.16165951213345103,1.7647214438439482,0.3183658,71,False,False,False,False,False,False,False,False
ENSG00000101574,ENSG00000101574,METTL4,3427,True,0.12884188244230343,1.7614679126729471,0.31200704,71,False,False,False,False,False,False,False,False
ENSG00000130935,ENSG00000130935,NOL11,5389,True,0.19635365448842565,1.764051436972303,0.31166822,71,False,False,False,False,False,False,False,False
ENSG00000106617,ENSG00000106617,PRKAG2,6787,True,0.24295392091296242,1.7639146443890064,0.30713472,71,False,False,False,False,False,False,False,False
ENSG00000269293,ENSG00000269293,ZSCAN16-AS1,7412,True,0.26920674332568395,1.762374218663494,0.30677214,71,False,False,False,False,False,False,False,False
ENSG00000105617,ENSG00000105617,LENG1,8383,True,0.3002905430853389,1.7743153753268954,0.30461478,71,False,False,False,False,False,False,False,False
ENSG00000137504,ENSG00000137504,CREBZF,4840,True,0.17966889325550303,1.7636310604948167,0.3031641,71,False,False,False,False,False,False,False,False
ENSG00000101966,ENSG00000101966,XIAP,5844,True,0.2085300616777479,1.761432304861306,0.29992628,71,False,False,False,False,False,False,False,False
ENSG00000155876,ENSG00000155876,RRAGA,5472,True,0.20329709272083865,1.7621686141835766,0.2990334,71,False,False,False,False,False,False,False,False
ENSG00000116095,ENSG00000116095,PLEKHA3,5465,True,0.20320620414436655,1.7610273295867607,0.29833028,71,False,False,False,False,False,False,False,False
ENSG00000125375,ENSG00000125375,DMAC2L,6936,True,0.250820037554317,1.7596562425602167,0.2973431,71,False,False,False,False,False,False,False,False
ENSG00000085274,ENSG00000085274,MYNN,3459,True,0.1355111215145777,1.758142345182204,0.29643136,71,False,False,False,False,False,False,False,False
ENSG00000260260,ENSG00000260260,SNHG19,5558,True,0.21034181715378047,1.758400683065217,0.29515117,71,False,False,False,False,False,False,False,False
ENSG00000048544,ENSG00000048544,MRPS10,7517,True,0.2664253306488977,1.7592848989125043,0.29174048,71,False,False,False,False,False,False,False,False
ENSG00000162739,ENSG00000162739,SLAMF6,4044,True,0.15064601199979444,1.7572335784308968,0.28799266,71,False,False,False,False,False,False,False,False
ENSG00000177042,ENSG00000177042,TMEM80,4987,True,0.1845067484046402,1.7582427192983798,0.28777918,71,False,False,False,False,False,False,False,False
ENSG00000100814,ENSG00000100814,CCNB1IP1,7205,True,0.2522540141247069,1.758017948522484,0.28735158,71,False,False,False,False,False,False,False,False
ENSG00000205707,ENSG00000205707,ETFRF1,7003,True,0.26595072594674546,1.757750792260049,0.28481734,71,False,False,False,False,False,False,False,False
ENSG00000168071,ENSG00000168071,CCDC88B,4553,True,0.1650528549267814,1.7570119315167312,0.2832815,71,False,False,False,False,False,False,False,False
ENSG00000174579,ENSG00000174579,MSL2,4524,True,0.16503116906323012,1.7576935961082847,0.27951834,71,False,False,False,False,False,False,False,False
ENSG00000147526,ENSG00000147526,TACC1,8108,True,0.2797871570870345,1.7619221629227395,0.27435574,71,False,False,False,False,False,False,False,False
ENSG00000131018,ENSG00000131018,SYNE1,5709,True,0.1996175310758027,1.757830989588536,0.27431914,71,False,False,False,False,False,False,False,False
ENSG00000119953,ENSG00000119953,SMNDC1,7044,True,0.25444472644947197,1.761701730799615,0.2742844,71,False,False,False,False,False,False,False,False
ENSG00000121210,ENSG00000121210,TMEM131L,6111,True,0.2136804781336594,1.7623695375210817,0.26997554,71,False,False,False,False,False,False,False,False
ENSG00000119616,ENSG00000119616,FCF1,3702,True,0.14530937049447848,1.7522325108160737,0.268112,71,False,False,False,False,False,False,False,False
ENSG00000247271,ENSG00000247271,ZBED5-AS1,4614,True,0.1804665982452742,1.7529685164173734,0.2625785,71,False,False,False,False,False,False,False,False
ENSG00000168172,ENSG00000168172,HOOK3,7299,True,0.2569403318728683,1.7554161160902475,0.25801066,71,False,False,False,False,False,False,False,False
ENSG00000131558,ENSG00000131558,EXOC4,5305,True,0.19358746294333742,1.748998614939795,0.246366,71,False,False,False,False,False,False,False,False
ENSG00000104365,ENSG00000104365,IKBKB,4610,True,0.16573819357907216,1.7447100264267825,0.24161825,71,False,False,False,False,False,False,False,False
ENSG00000196126,ENSG00000196126,HLA-DRB1,109442,True,2.9845993889222417,2.3301557897955627,0.74599403,70,False,False,False,False,False,False,False,False
ENSG00000162614,ENSG00000162614,NEXN,1461,True,0.062400324363057647,1.825986805317134,0.6221468,70,False,False,False,False,False,False,False,False
ENSG00000007944,ENSG00000007944,MYLIP,12513,True,0.4276440593328861,1.810318072321497,0.57765067,70,False,False,False,False,False,False,False,False
ENSG00000128805,ENSG00000128805,ARHGAP22,537,True,0.02311407146798252,1.7078769313693043,0.52003217,70,False,False,False,False,False,False,False,False
ENSG00000220008,ENSG00000220008,LINGO3,489,True,0.02119660768223497,1.8082432449619157,0.5159609,70,False,False,False,False,False,False,False,False
ENSG00000144747,ENSG00000144747,TMF1,11121,True,0.3858874351827694,1.7996440684058839,0.47842127,70,False,False,False,False,False,False,False,False
ENSG00000065883,ENSG00000065883,CDK13,7552,True,0.2599927302785882,1.7934174165926313,0.46940053,70,False,False,False,False,False,False,False,False
ENSG00000205683,ENSG00000205683,DPF3,1604,True,0.06466021739247728,1.762365602496123,0.44365335,70,False,False,False,False,False,False,False,False
ENSG00000104472,ENSG00000104472,CHRAC1,10965,True,0.38521254737948457,1.7927842647968737,0.4394255,70,False,False,False,False,False,False,False,False
ENSG00000133059,ENSG00000133059,DSTYK,2371,True,0.09335275856443266,1.7915123267048387,0.43683982,70,False,False,False,False,False,False,False,False
ENSG00000000938,ENSG00000000938,FGR,9812,True,0.34591346488777663,1.792754901320611,0.4317053,70,False,False,False,False,False,False,False,False
ENSG00000184898,ENSG00000184898,RBM43,2814,True,0.10951426117393495,1.7872026278420057,0.4231036,70,False,False,False,False,False,False,False,False
ENSG00000162924,ENSG00000162924,REL,38279,True,1.0901766983743324,1.8637259327055444,0.4161656,70,False,False,False,False,False,False,False,False
ENSG00000103647,ENSG00000103647,CORO2B,660,True,0.030089594660677895,1.7886117572984193,0.41320843,70,False,False,False,False,False,False,False,False
ENSG00000139946,ENSG00000139946,PELI2,1058,True,0.04260879907740275,1.7853125009308948,0.41293567,70,False,False,False,False,False,False,False,False
ENSG00000186063,ENSG00000186063,AIDA,18619,True,0.5972787698743747,1.8047532287275418,0.41287422,70,False,False,False,False,False,False,False,False
ENSG00000143971,ENSG00000143971,ETAA1,1715,True,0.06664636500086436,1.7842068131791022,0.39822376,70,False,False,False,False,False,False,False,False
ENSG00000111678,ENSG00000111678,C12orf57,30212,True,0.9019020639823662,1.8398007820814661,0.39766654,70,False,False,False,False,False,False,False,False
ENSG00000105643,ENSG00000105643,ARRDC2,7993,True,0.2882556179617603,1.7874260633329775,0.3858898,70,False,False,False,False,False,False,False,False
ENSG00000121957,ENSG00000121957,GPSM2,904,True,0.035203549593267075,1.7496826487262773,0.3846,70,False,False,False,False,False,False,False,False
ENSG00000196381,ENSG00000196381,ZNF781,763,True,0.03300426038114695,1.7801787442175425,0.38275322,70,False,False,False,False,False,False,False,False
ENSG00000121858,ENSG00000121858,TNFSF10,5434,True,0.20270048777286576,1.7802067226481733,0.3811146,70,False,False,False,False,False,False,False,False
ENSG00000117425,ENSG00000117425,PTCH2,1792,True,0.07398204795701124,1.7803193030143332,0.38069642,70,False,False,False,False,False,False,False,False
ENSG00000272663,ENSG00000272663,PPP1R21-DT,1109,True,0.05161204476186507,1.7784946873978376,0.37990487,70,False,False,False,False,False,False,False,False
ENSG00000164406,ENSG00000164406,LEAP2,1903,True,0.07457347427781177,1.7772239320351213,0.36431742,70,False,False,False,False,False,False,False,False
ENSG00000254802,ENSG00000254802,ENSG00000254802,2080,True,0.0846180391496078,1.7773563118330324,0.36347526,70,False,False,False,False,False,False,False,False
ENSG00000169519,ENSG00000169519,METTL15,2411,True,0.09460554922205792,1.7725660025999235,0.36210033,70,False,False,False,False,False,False,False,False
ENSG00000222020,ENSG00000222020,HDAC4-AS1,1542,True,0.06748726887988428,1.7763266745499342,0.35851026,70,False,False,False,False,False,False,False,False
ENSG00000171657,ENSG00000171657,GPR82,2903,True,0.11330027824080222,1.7761444252568495,0.35596022,70,False,False,False,False,False,False,False,False
ENSG00000254682,ENSG00000254682,DHCR7-DT,4767,True,0.18160733626970144,1.7699365246071899,0.3451932,70,False,False,False,False,False,False,False,False
ENSG00000113240,ENSG00000113240,CLK4,8613,True,0.30883152787355866,1.785585613507655,0.34394005,70,False,False,False,False,False,False,False,False
ENSG00000010318,ENSG00000010318,PHF7,1895,True,0.07509351466660366,1.7694022396544329,0.3434508,70,False,False,False,False,False,False,False,False
ENSG00000171150,ENSG00000171150,SOCS5,1904,True,0.0756562906249428,1.7698379971346652,0.34193265,70,False,False,False,False,False,False,False,False
ENSG00000268218,ENSG00000268218,ENSG00000268218,2045,True,0.08141784744045918,1.7699281281653407,0.34107774,70,False,False,False,False,False,False,False,False
ENSG00000113916,ENSG00000113916,BCL6,1738,True,0.06877309327999725,1.7609712282615932,0.33861202,70,False,False,False,False,False,False,False,False
ENSG00000122042,ENSG00000122042,UBL3,5788,True,0.21024299176654113,1.769037146087429,0.3360251,70,False,False,False,False,False,False,False,False
ENSG00000186017,ENSG00000186017,ZNF566,1876,True,0.07356984936762608,1.7683062957553752,0.33403462,70,False,False,False,False,False,False,False,False
ENSG00000196792,ENSG00000196792,STRN3,3465,True,0.13495835849403098,1.7676490341837547,0.3338249,70,False,False,False,False,False,False,False,False
ENSG00000248309,ENSG00000248309,MEF2C-AS1,2065,True,0.08436189314397342,1.769342646605808,0.33350047,70,False,False,False,False,False,False,False,False
ENSG00000246366,ENSG00000246366,LACTB2-AS1,2628,True,0.10922344480095299,1.767763172528869,0.33340067,70,False,False,False,False,False,False,False,False
ENSG00000002822,ENSG00000002822,MAD1L1,8211,True,0.29247974624205636,1.7708026306161537,0.332996,70,False,False,False,False,False,False,False,False
ENSG00000104442,ENSG00000104442,ARMC1,4613,True,0.16790543799057914,1.766203672014097,0.32856202,70,False,False,False,False,False,False,False,False
ENSG00000127804,ENSG00000127804,METTL16,4495,True,0.1612179854990687,1.7662921409897372,0.32808706,70,False,False,False,False,False,False,False,False
ENSG00000171492,ENSG00000171492,LRRC8D,1941,True,0.07552641791337046,1.764530080598539,0.32475054,70,False,False,False,False,False,False,False,False
ENSG00000143322,ENSG00000143322,ABL2,2344,True,0.08874319341208402,1.7655830013828626,0.32329544,70,False,False,False,False,False,False,False,False
ENSG00000236618,ENSG00000236618,PITPNA-AS1,3349,True,0.126395017843642,1.7657256572284916,0.3213526,70,False,False,False,False,False,False,False,False
ENSG00000014824,ENSG00000014824,SLC30A9,3238,True,0.11986189236328505,1.7671846353584792,0.3202668,70,False,False,False,False,False,False,False,False
ENSG00000139372,ENSG00000139372,TDG,7522,True,0.2745357984721903,1.7665590133627285,0.31994918,70,False,False,False,False,False,False,False,False
ENSG00000253948,ENSG00000253948,VPS13B-DT,2640,True,0.10810504521986224,1.7654984298138823,0.31982854,70,False,False,False,False,False,False,False,False
ENSG00000108587,ENSG00000108587,GOSR1,6646,True,0.23934769827538274,1.7730315464899284,0.31682637,70,False,False,False,False,False,False,False,False
ENSG00000119669,ENSG00000119669,IRF2BPL,2875,True,0.11671818400631889,1.76393731178443,0.31544274,70,False,False,False,False,False,False,False,False
ENSG00000105778,ENSG00000105778,AVL9,3497,True,0.1286752909121805,1.7629085239668023,0.31302807,70,False,False,False,False,False,False,False,False
ENSG00000114302,ENSG00000114302,PRKAR2A,4156,True,0.15262268554020528,1.7623436010879816,0.30910048,70,False,False,False,False,False,False,False,False
ENSG00000204130,ENSG00000204130,RUFY2,3635,True,0.13568145063878195,1.7612354836061075,0.30869478,70,False,False,False,False,False,False,False,False
ENSG00000141252,ENSG00000141252,VPS53,4346,True,0.15678017098513797,1.7628267781006648,0.30850676,70,False,False,False,False,False,False,False,False
ENSG00000273253,ENSG00000273253,TRABD-AS1,1042,True,0.04364106546011558,1.762590340755086,0.3061933,70,False,False,False,False,False,False,False,False
ENSG00000147364,ENSG00000147364,FBXO25,7551,True,0.2713621078330095,1.7647539842482454,0.3058967,70,False,False,False,False,False,False,False,False
ENSG00000130816,ENSG00000130816,DNMT1,6138,True,0.21994733303644162,1.7609100939381093,0.30429167,70,False,False,False,False,False,False,False,False
ENSG00000120278,ENSG00000120278,PLEKHG1,4136,True,0.1514975547478568,1.7635512566488492,0.300911,70,False,False,False,False,False,False,False,False
ENSG00000079974,ENSG00000079974,RABL2B,3396,True,0.12820363668251636,1.7620740121762763,0.30000415,70,False,False,False,False,False,False,False,False
ENSG00000204569,ENSG00000204569,PPP1R10,8581,True,0.2989409611600457,1.7701169965448462,0.29998854,70,False,False,False,False,False,False,False,False
ENSG00000204348,ENSG00000204348,DXO,2882,True,0.11334194213700338,1.7595832260949047,0.29615864,70,False,False,False,False,False,False,False,False
ENSG00000074603,ENSG00000074603,DPP8,5487,True,0.19989354470578766,1.757289463865628,0.29569015,70,False,False,False,False,False,False,False,False
ENSG00000162642,ENSG00000162642,C1orf52,5642,True,0.20764565508812521,1.7596421353426768,0.29292086,70,False,False,False,False,False,False,False,False
ENSG00000027697,ENSG00000027697,IFNGR1,6987,True,0.2548983075914006,1.7593601507655776,0.2918321,70,False,False,False,False,False,False,False,False
ENSG00000179909,ENSG00000179909,ZNF154,1282,True,0.051875157892474565,1.7327185336485493,0.29159862,70,False,False,False,False,False,False,False,False
ENSG00000182141,ENSG00000182141,ZNF708,4022,True,0.14219729711673895,1.7560178839231,0.28836894,70,False,False,False,False,False,False,False,False
ENSG00000125871,ENSG00000125871,MGME1,5309,True,0.1941656847415424,1.7573500712069965,0.28612116,70,False,False,False,False,False,False,False,False
ENSG00000136152,ENSG00000136152,COG3,3272,True,0.12462864717397357,1.756541558644217,0.28237635,70,False,False,False,False,False,False,False,False
ENSG00000250988,ENSG00000250988,SNHG21,4639,True,0.18540079326934347,1.7555413111588811,0.28181347,70,False,False,False,False,False,False,False,False
ENSG00000100532,ENSG00000100532,CGRRF1,4834,True,0.18375146471736503,1.7558821538071954,0.27950704,70,False,False,False,False,False,False,False,False
ENSG00000163946,ENSG00000163946,TASOR,6813,True,0.24132982771035438,1.7595484620059125,0.2732853,70,False,False,False,False,False,False,False,False
ENSG00000182903,ENSG00000182903,ZNF721,7326,True,0.25596898687500513,1.7594312840356265,0.26552784,70,False,False,False,False,False,False,False,False
ENSG00000125629,ENSG00000125629,INSIG2,4244,True,0.16421005402924543,1.752467402026135,0.26441997,70,False,False,False,False,False,False,False,False
ENSG00000123268,ENSG00000123268,ATF1,5267,True,0.1948284971551595,1.7508623806009316,0.26116836,70,False,False,False,False,False,False,False,False
ENSG00000156671,ENSG00000156671,SAMD8,5044,True,0.1826679600018647,1.7513846224066882,0.25948703,70,False,False,False,False,False,False,False,False
ENSG00000196459,ENSG00000196459,TRAPPC2,6432,True,0.2353184620780567,1.7511485247708298,0.24632645,70,False,False,False,False,False,False,False,False
ENSG00000176102,ENSG00000176102,CSTF3,6571,True,0.2502524666358103,1.7473263660952014,0.24510717,70,False,False,False,False,False,False,False,False
ENSG00000151881,ENSG00000151881,TMEM267,2828,True,0.11133739642273524,1.7466569849375035,0.24089321,70,False,False,False,False,False,False,False,False
ENSG00000132522,ENSG00000132522,GPS2,6205,True,0.23414451678010692,1.7446008267983404,0.22968102,70,False,False,False,False,False,False,False,False
ENSG00000227507,ENSG00000227507,LTB,101166,True,2.7891557238822577,2.337092266215196,0.7249668,69,False,False,False,False,False,False,False,False
ENSG00000168209,ENSG00000168209,DDIT4,14491,True,0.500296036595705,1.8289582766072554,0.7032775,69,False,False,False,False,False,False,False,False
ENSG00000159388,ENSG00000159388,BTG2,25363,True,0.7880696465636263,1.8529716057761243,0.5950826,69,False,False,False,False,False,False,False,False
ENSG00000197329,ENSG00000197329,PELI1,10148,True,0.35264381386746707,1.8101063839053062,0.58600456,69,False,False,False,False,False,False,False,False
ENSG00000151090,ENSG00000151090,THRB,446,True,0.020134205685792734,1.7070550549813155,0.58486396,69,False,False,False,False,False,False,False,False
ENSG00000235750,ENSG00000235750,KIAA0040,12214,True,0.43615189883574756,1.8088491520941943,0.57053614,69,False,False,False,False,False,False,False,False
ENSG00000185404,ENSG00000185404,SP140L,16266,True,0.5462275598748482,1.8126800677683734,0.5587301,69,False,False,False,False,False,False,False,False
ENSG00000121895,ENSG00000121895,TMEM156,26762,True,0.8456317984738625,1.8478566837555972,0.53727,69,False,False,False,False,False,False,False,False
ENSG00000102096,ENSG00000102096,PIM2,15793,True,0.5315022686440213,1.8085198270265914,0.5364271,69,False,False,False,False,False,False,False,False
ENSG00000124575,ENSG00000124575,H1-3,9738,True,0.3324294988560542,1.7995548468765685,0.5141825,69,False,False,False,False,False,False,False,False
ENSG00000236304,ENSG00000236304,ENSG00000236304,1486,True,0.0640974189296894,1.8082853769710114,0.50620145,69,False,False,False,False,False,False,False,False
ENSG00000032219,ENSG00000032219,ARID4A,13132,True,0.4482729434034058,1.7960952216993646,0.49611178,69,False,False,False,False,False,False,False,False
ENSG00000143545,ENSG00000143545,RAB13,880,True,0.03769499186962442,1.7744746251181396,0.4926152,69,False,False,False,False,False,False,False,False
ENSG00000157734,ENSG00000157734,SNX22,11861,True,0.413971204369631,1.799352523955885,0.49105987,69,False,False,False,False,False,False,False,False
ENSG00000213626,ENSG00000213626,LBH,26182,True,0.8040626842385984,1.8340731448952952,0.48678604,69,False,False,False,False,False,False,False,False
ENSG00000130340,ENSG00000130340,SNX9,7132,True,0.25137385568933907,1.7910502316706869,0.47682846,69,False,False,False,False,False,False,False,False
ENSG00000069966,ENSG00000069966,GNB5,7672,True,0.27733503781141366,1.7905073741444122,0.47077674,69,False,False,False,False,False,False,False,False
ENSG00000258940,ENSG00000258940,MIA2-AS1,609,True,0.027277666095982252,1.7973190423895118,0.4651224,69,False,False,False,False,False,False,False,False
ENSG00000184979,ENSG00000184979,USP18,3273,True,0.12753633864507563,1.8007874216493895,0.4592114,69,False,False,False,False,False,False,False,True
ENSG00000147180,ENSG00000147180,ZNF711,1494,True,0.06340963267368388,1.7909705094296497,0.4518618,69,False,False,False,False,False,False,False,False
ENSG00000172183,ENSG00000172183,ISG20,63665,True,1.6989216896198334,1.9858897994685136,0.4483409,69,False,False,False,False,False,False,False,False
ENSG00000197497,ENSG00000197497,ZNF665,826,True,0.035883005564294614,1.7855846218959215,0.4465227,69,False,False,False,False,False,False,False,False
ENSG00000169288,ENSG00000169288,MRPL1,9845,True,0.34897510370031,1.7927490632988246,0.43546632,69,False,False,False,False,False,False,False,False
ENSG00000104964,ENSG00000104964,TLE5,37338,True,1.0876717215473357,1.863947197086817,0.42345133,69,False,False,False,False,False,False,False,False
ENSG00000175105,ENSG00000175105,ZNF654,1599,True,0.062405981146474394,1.781686235268319,0.401469,69,False,False,False,False,False,False,False,False
ENSG00000131871,ENSG00000131871,SELENOS,8506,True,0.3135497295244875,1.7859963694568448,0.39873803,69,False,False,False,False,False,False,False,False
ENSG00000140968,ENSG00000140968,IRF8,33402,True,0.9972648372322612,1.8463007572406789,0.39171726,69,False,False,False,False,False,False,False,False
ENSG00000164114,ENSG00000164114,MAP9,3097,True,0.11959097165928569,1.7780880130222376,0.39056742,69,False,False,False,False,False,False,False,False
ENSG00000101040,ENSG00000101040,ZMYND8,8011,True,0.28735793371528523,1.7884816089634379,0.38968003,69,False,False,False,False,False,False,False,False
ENSG00000248275,ENSG00000248275,TRIM52-AS1,8593,True,0.31765697594532405,1.780809178653326,0.38918662,69,False,False,False,False,False,False,False,False
ENSG00000148019,ENSG00000148019,CEP78,3098,True,0.11432486126454579,1.7787022374295278,0.3852024,69,False,False,False,False,False,False,False,False
ENSG00000152422,ENSG00000152422,XRCC4,3077,True,0.11733000269442607,1.7779038610136502,0.38450956,69,False,False,False,False,False,False,False,False
ENSG00000198561,ENSG00000198561,CTNND1,1259,True,0.051365000898879146,1.776309191967345,0.37333754,69,False,False,False,False,False,False,False,False
ENSG00000154265,ENSG00000154265,ABCA5,1759,True,0.06829735215238114,1.776859867991041,0.37057307,69,False,False,False,False,False,False,False,False
ENSG00000153936,ENSG00000153936,HS2ST1,2288,True,0.08836730598216504,1.775753680407403,0.36576205,69,False,False,False,False,False,False,False,False
ENSG00000138376,ENSG00000138376,BARD1,2130,True,0.0852493855246938,1.7742709895428428,0.36438432,69,False,False,False,False,False,False,False,False
ENSG00000171843,ENSG00000171843,MLLT3,1820,True,0.06874957642627572,1.7752882388303746,0.36360878,69,False,False,False,False,False,False,False,False
ENSG00000089916,ENSG00000089916,GPATCH2L,5106,True,0.1876745695801472,1.7745951216255136,0.36056328,69,False,False,False,False,False,False,False,False
ENSG00000171408,ENSG00000171408,PDE7B,890,True,0.03610703227943372,1.7749893578855855,0.35804582,69,False,False,False,False,False,False,False,False
ENSG00000174796,ENSG00000174796,THAP6,2632,True,0.10387252473639469,1.7740921396387748,0.35595644,69,False,False,False,False,False,False,False,False
ENSG00000119906,ENSG00000119906,SLF2,3792,True,0.14091366749139708,1.7700518087928743,0.3550575,69,False,False,False,False,False,False,False,False
ENSG00000140153,ENSG00000140153,WDR20,2311,True,0.09134510212633966,1.7721808574982383,0.3548857,69,False,False,False,False,False,False,False,False
ENSG00000261416,ENSG00000261416,CORO1A-AS1,1625,True,0.06583652264489359,1.7712300523144153,0.35270527,69,False,False,False,False,False,False,False,False
ENSG00000189369,ENSG00000189369,GSPT2,2746,True,0.10583494781131235,1.7726803322048115,0.35222828,69,False,False,False,False,False,False,False,False
ENSG00000267058,ENSG00000267058,ENSG00000267058,752,True,0.03168252358849874,1.7709914769702308,0.35055152,69,False,False,False,False,False,False,False,False
ENSG00000166262,ENSG00000166262,FAM227B,1218,True,0.04891157494530034,1.7702865574131565,0.3476422,69,False,False,False,False,False,False,False,False
ENSG00000111554,ENSG00000111554,MDM1,2854,True,0.10848072870631831,1.7693681381057602,0.34738344,69,False,False,False,False,False,False,False,False
ENSG00000072134,ENSG00000072134,EPN2,1872,True,0.07459300301489352,1.770079743028846,0.34604546,69,False,False,False,False,False,False,False,False
ENSG00000133056,ENSG00000133056,PIK3C2B,1731,True,0.06861698418174113,1.7706408114887144,0.34094343,69,False,False,False,False,False,False,False,False
ENSG00000100099,ENSG00000100099,HPS4,8582,True,0.314677940903243,1.7784990166975208,0.33998007,69,False,False,False,False,False,False,False,False
ENSG00000186854,ENSG00000186854,TRABD2A,2016,True,0.07660737616390918,1.765699047725368,0.33991927,69,False,False,False,False,False,False,False,False
ENSG00000182372,ENSG00000182372,CLN8,5746,True,0.21107748046473312,1.765690058503884,0.3395659,69,False,False,False,False,False,False,False,False
ENSG00000160179,ENSG00000160179,ABCG1,2504,True,0.09429174053787692,1.762390044647563,0.3374886,69,False,False,False,False,False,False,False,False
ENSG00000065923,ENSG00000065923,SLC9A7,1802,True,0.06718138104950684,1.7408312537059216,0.33730578,69,False,False,False,False,False,False,False,False
ENSG00000155926,ENSG00000155926,SLA,5190,True,0.18891927341224451,1.7673594783731756,0.33465055,69,False,False,False,False,False,False,False,False
ENSG00000113658,ENSG00000113658,SMAD5,2911,True,0.11159961756195493,1.7685118337998544,0.33414593,69,False,False,False,False,False,False,False,False
ENSG00000151773,ENSG00000151773,CCDC122,1431,True,0.056942190253607444,1.7560217394918682,0.33345956,69,False,False,False,False,False,False,False,False
ENSG00000134982,ENSG00000134982,APC,4000,True,0.1455042324864055,1.7653041203549587,0.33209094,69,False,False,False,False,False,False,False,False
ENSG00000115267,ENSG00000115267,IFIH1,5139,True,0.18902677215450667,1.7664359385920056,0.33067504,69,False,False,False,False,False,False,False,True
ENSG00000110422,ENSG00000110422,HIPK3,4136,True,0.15082723395112144,1.7685911262098784,0.32972088,69,False,False,False,False,False,False,False,False
ENSG00000188917,ENSG00000188917,TRMT2B,2472,True,0.09428511232997697,1.7682959567557435,0.3290558,69,False,False,False,False,False,False,False,False
ENSG00000138641,ENSG00000138641,HERC3,2986,True,0.11253042306275032,1.7668521230393663,0.32768077,69,False,False,False,False,False,False,False,False
ENSG00000067208,ENSG00000067208,EVI5,3558,True,0.1332340160447635,1.7664154609812912,0.32744282,69,False,False,False,False,False,False,False,False
ENSG00000168944,ENSG00000168944,CEP120,2976,True,0.11247527419890074,1.7650739329235596,0.3262202,69,False,False,False,False,False,False,False,False
ENSG00000092140,ENSG00000092140,G2E3,4398,True,0.16385913593720217,1.764471732048043,0.32603064,69,False,False,False,False,False,False,False,False
ENSG00000123689,ENSG00000123689,G0S2,3255,True,0.12707228719886227,1.7658916528755026,0.32599112,69,False,False,False,False,False,False,False,False
ENSG00000165661,ENSG00000165661,QSOX2,2455,True,0.09516127003580378,1.7674300629618758,0.32461122,69,False,False,False,False,False,False,False,False
ENSG00000176896,ENSG00000176896,TCEANC,1334,True,0.052507144286887304,1.767334825333846,0.31821024,69,False,False,False,False,False,False,False,False
ENSG00000134313,ENSG00000134313,KIDINS220,4120,True,0.15274963977840864,1.7662333775225612,0.3172559,69,False,False,False,False,False,False,False,False
ENSG00000148690,ENSG00000148690,FRA10AC1,5585,True,0.20939635777255836,1.761408008147545,0.31403577,69,False,False,False,False,False,False,False,False
ENSG00000169087,ENSG00000169087,HSPBAP1,2692,True,0.10512777638410084,1.7600131928632676,0.31288585,69,False,False,False,False,False,False,False,False
ENSG00000145919,ENSG00000145919,BOD1,3601,True,0.13666527488317,1.7621853193444905,0.31288165,69,False,False,False,False,False,False,False,False
ENSG00000198464,ENSG00000198464,ZNF480,6951,True,0.25024124713455814,1.7629915319637848,0.31284893,69,False,False,False,False,False,False,False,False
ENSG00000157426,ENSG00000157426,AASDH,3857,True,0.1480427201644548,1.7615787571475432,0.31265864,69,False,False,False,False,False,False,False,False
ENSG00000256683,ENSG00000256683,ZNF350,7662,True,0.28161175120870796,1.7714559466478164,0.3087782,69,False,False,False,False,False,False,False,False
ENSG00000272145,ENSG00000272145,NFYC-AS1,760,True,0.03254405930190618,1.7621612990508055,0.30864492,69,False,False,False,False,False,False,False,False
ENSG00000090989,ENSG00000090989,EXOC1,5209,True,0.191909823205642,1.7608557555162938,0.3075412,69,False,False,False,False,False,False,False,False
ENSG00000165630,ENSG00000165630,PRPF18,6680,True,0.24714400779457987,1.7593117120756767,0.30557916,69,False,False,False,False,False,False,False,False
ENSG00000168566,ENSG00000168566,SNRNP48,3347,True,0.12703730606525016,1.7637162075541581,0.3054739,69,False,False,False,False,False,False,False,False
ENSG00000107077,ENSG00000107077,KDM4C,6593,True,0.23890452601721418,1.7647005249918684,0.30335966,69,False,False,False,False,False,False,False,False
ENSG00000119004,ENSG00000119004,CYP20A1,6328,True,0.22601813598376283,1.7614123220400535,0.30010802,69,False,False,False,False,False,False,False,False
ENSG00000117360,ENSG00000117360,PRPF3,3564,True,0.13276131649800052,1.759895111060569,0.29982772,69,False,False,False,False,False,False,False,False
ENSG00000213625,ENSG00000213625,LEPROT,4618,True,0.1724439958479576,1.7553682279936424,0.2961941,69,False,False,False,False,False,False,False,False
ENSG00000160194,ENSG00000160194,NDUFV3,5673,True,0.20821913586207794,1.7573664855270688,0.29532963,69,False,False,False,False,False,False,False,False
ENSG00000143756,ENSG00000143756,FBXO28,2628,True,0.098192410347198,1.7581983591759176,0.29400292,69,False,False,False,False,False,False,False,False
ENSG00000185753,ENSG00000185753,CXorf38,4753,True,0.16839862221377577,1.7568193377570596,0.28944334,69,False,False,False,False,False,False,False,False
ENSG00000127993,ENSG00000127993,RBM48,5019,True,0.18435976928509756,1.7567591474226179,0.28844333,69,False,False,False,False,False,False,False,False
ENSG00000100888,ENSG00000100888,CHD8,4637,True,0.1672958784209787,1.7547647407580675,0.28587076,69,False,False,False,False,False,False,False,False
ENSG00000076321,ENSG00000076321,KLHL20,3038,True,0.11721319302689306,1.7577466226036498,0.28540623,69,False,False,False,False,False,False,False,False
ENSG00000077254,ENSG00000077254,USP33,6555,True,0.237690933446596,1.7672761936170738,0.28408775,69,False,False,False,False,False,False,False,False
ENSG00000186088,ENSG00000186088,GSAP,9056,True,0.3197112861425848,1.7703539373339334,0.28371152,69,False,False,False,False,False,False,False,False
ENSG00000135821,ENSG00000135821,GLUL,5423,True,0.1968968492936698,1.7582424262393077,0.28287077,69,False,False,False,False,False,False,False,False
ENSG00000008869,ENSG00000008869,HEATR5B,3762,True,0.13751760779342773,1.7555892803152024,0.28238964,69,False,False,False,False,False,False,False,False
ENSG00000068878,ENSG00000068878,PSME4,6977,True,0.24927510983455442,1.7602484546414452,0.28180033,69,False,False,False,False,False,False,False,False
ENSG00000177989,ENSG00000177989,CIMAP1B,5059,True,0.19189793879999806,1.757512713858754,0.28135282,69,False,False,False,False,False,False,False,False
ENSG00000182827,ENSG00000182827,ACBD3,8370,True,0.2941519206145747,1.7673164343727346,0.28083757,69,False,False,False,False,False,False,False,False
ENSG00000145022,ENSG00000145022,TCTA,4106,True,0.1516292030739984,1.7534610730942253,0.28079316,69,False,False,False,False,False,False,False,False
ENSG00000086102,ENSG00000086102,NFX1,5369,True,0.19048090374174806,1.7570972851747555,0.28068236,69,False,False,False,False,False,False,False,False
ENSG00000088179,ENSG00000088179,PTPN4,6266,True,0.2326522197135419,1.7593234904823192,0.28057325,69,False,False,False,False,False,False,False,False
ENSG00000112531,ENSG00000112531,QKI,4606,True,0.17516017137745143,1.755959673333958,0.28041995,69,False,False,False,False,False,False,False,False
ENSG00000158987,ENSG00000158987,RAPGEF6,2947,True,0.11254478871797712,1.757748102018747,0.2796862,69,False,False,False,False,False,False,False,False
ENSG00000140577,ENSG00000140577,CRTC3,6265,True,0.2275714453722593,1.7586706303930895,0.27692345,69,False,False,False,False,False,False,False,False
ENSG00000168137,ENSG00000168137,SETD5,7480,True,0.2698441290822005,1.7662521218333884,0.275633,69,False,False,False,False,False,False,False,False
ENSG00000117174,ENSG00000117174,ZNHIT6,6052,True,0.21661505353789764,1.7565803001254126,0.27538788,69,False,False,False,False,False,False,False,False
ENSG00000156030,ENSG00000156030,MIDEAS,5928,True,0.2238068435858474,1.75255649794247,0.27305186,69,False,False,False,False,False,False,False,False
ENSG00000273015,ENSG00000273015,LINC00938,5198,True,0.1969230670628602,1.7561081326287853,0.2727453,69,False,False,False,False,False,False,False,False
ENSG00000230590,ENSG00000230590,FTX,2551,True,0.09122223913209333,1.757224880191994,0.27114242,69,False,False,False,False,False,False,False,False
ENSG00000154640,ENSG00000154640,BTG3,5156,True,0.19553943475130275,1.7514908971586154,0.26779526,69,False,False,False,False,False,False,False,False
ENSG00000197989,ENSG00000197989,SNHG12,4966,True,0.1803988204270572,1.7550042555017102,0.26354846,69,False,False,False,False,False,False,False,False
ENSG00000182810,ENSG00000182810,DDX28,2530,True,0.0942861390373324,1.7525296648093625,0.26297265,69,False,False,False,False,False,False,False,False
ENSG00000072401,ENSG00000072401,UBE2D1,6886,True,0.2574627498248759,1.7541920576605186,0.26220137,69,False,False,False,False,False,False,False,False
ENSG00000023041,ENSG00000023041,ZDHHC6,6206,True,0.22860400969490452,1.7509393374472473,0.2602669,69,False,False,False,False,False,False,False,False
ENSG00000141646,ENSG00000141646,SMAD4,2454,True,0.09228248330425483,1.7520637494479578,0.26003385,69,False,False,False,False,False,False,False,False
ENSG00000124222,ENSG00000124222,STX16,5825,True,0.2115841635990166,1.7529110482403183,0.2583842,69,False,False,False,False,False,False,False,False
ENSG00000116906,ENSG00000116906,GNPAT,5943,True,0.2187582500843706,1.7481306024421597,0.2531598,69,False,False,False,False,False,False,False,False
ENSG00000111215,ENSG00000111215,PRR4,6238,True,0.22407969622629384,1.7521639472837562,0.25283614,69,False,False,False,False,False,False,False,False
ENSG00000100852,ENSG00000100852,ARHGAP5,7930,True,0.27565477906053704,1.763711344687268,0.24961382,69,False,False,False,False,False,False,False,False
ENSG00000160551,ENSG00000160551,TAOK1,5467,True,0.19714853085758782,1.748680330584021,0.24956316,69,False,False,False,False,False,False,False,False
ENSG00000119231,ENSG00000119231,SENP5,4854,True,0.17925887441927169,1.7471506698466757,0.24648184,69,False,False,False,False,False,False,False,False
ENSG00000171161,ENSG00000171161,ZNF672,2845,True,0.10523806711511763,1.7460848352408809,0.2404693,69,False,False,False,False,False,False,False,False
ENSG00000105879,ENSG00000105879,CBLL1,4761,True,0.17622184640531538,1.7455736272417228,0.23914756,69,False,False,False,False,False,False,False,False
ENSG00000171984,ENSG00000171984,SHLD1,4457,True,0.18043325237947724,1.7466997002354054,0.22801787,69,False,False,False,False,False,False,False,False
ENSG00000165516,ENSG00000165516,KLHDC2,6808,True,0.24535871159859782,1.7462424177359333,0.21773069,69,False,False,False,False,False,False,False,False
ENSG00000126264,ENSG00000126264,HCST,17242,True,0.5753115686246645,1.8185176617892884,0.6011753,68,False,False,False,False,False,False,False,False
ENSG00000270562,ENSG00000270562,FOXP1-DT,313,True,0.013613195724358613,1.590339226140194,0.57901394,68,False,False,False,False,False,False,False,False
ENSG00000226746,ENSG00000226746,SMCR5,945,True,0.04172672356979847,1.8189788407689333,0.552353,68,False,False,False,False,False,False,False,False
ENSG00000113369,ENSG00000113369,ARRDC3,17033,True,0.5709355822956576,1.8115110946525612,0.53020644,68,False,False,False,False,False,False,False,False
ENSG00000111644,ENSG00000111644,ACRBP,1739,True,0.0746851125074919,1.8090977170726552,0.5226633,68,False,False,False,False,False,False,False,False
ENSG00000171634,ENSG00000171634,BPTF,18350,True,0.5963604179651333,1.8126794965748458,0.5139782,68,False,False,False,False,False,False,False,False
ENSG00000125351,ENSG00000125351,UPF3B,10039,True,0.3582685486946703,1.7989757687660144,0.48710614,68,False,False,False,False,False,False,False,False
ENSG00000125844,ENSG00000125844,RRBP1,4385,True,0.16227678825322314,1.796551823728411,0.48506704,68,False,False,False,False,False,False,False,False
ENSG00000164169,ENSG00000164169,PRMT9,4497,True,0.18534815213182984,1.797708888281406,0.46097264,68,False,False,False,False,False,False,False,False
ENSG00000119866,ENSG00000119866,BCL11A,23971,True,0.7883826900415998,1.8289656555809841,0.4600129,68,False,False,False,False,False,False,False,False
ENSG00000104267,ENSG00000104267,CA2,1162,True,0.050018577964712915,1.7982662258714859,0.45652968,68,False,False,False,False,False,False,False,False
ENSG00000172086,ENSG00000172086,KRCC1,8663,True,0.3192937746767922,1.7919469643874195,0.4544018,68,False,False,False,False,False,False,False,False
ENSG00000262074,ENSG00000262074,SNORD3B-2,1529,True,0.06236177339351609,1.7605113653305673,0.44856364,68,False,False,False,False,False,False,False,False
ENSG00000146247,ENSG00000146247,PHIP,17922,True,0.5872347301796998,1.8025444558497237,0.43667468,68,False,False,False,False,False,False,False,False
ENSG00000072736,ENSG00000072736,NFATC3,8984,True,0.3247937560547353,1.792704859650575,0.4240915,68,False,False,False,False,False,False,False,False
ENSG00000262202,ENSG00000262202,ENSG00000262202,1390,True,0.05863115697158756,1.782993475812071,0.41730276,68,False,False,False,False,False,False,False,False
ENSG00000186666,ENSG00000186666,BCDIN3D,1123,True,0.046452469978379034,1.7849404211501265,0.41468176,68,False,False,False,False,False,False,False,False
ENSG00000159433,ENSG00000159433,STARD9,760,True,0.029476318742397957,1.755043506516025,0.41311255,68,False,False,False,False,False,False,False,False
ENSG00000173230,ENSG00000173230,GOLGB1,9429,True,0.3188893569425746,1.785207140986588,0.41131097,68,False,False,False,False,False,False,False,False
ENSG00000198198,ENSG00000198198,SZT2,1794,True,0.06833005772244134,1.7839293625001929,0.39683452,68,False,False,False,False,False,False,False,False
ENSG00000123178,ENSG00000123178,SPRYD7,2522,True,0.10066156132796347,1.783012107416062,0.39672014,68,False,False,False,False,False,False,False,False
ENSG00000023608,ENSG00000023608,SNAPC1,2577,True,0.10458710630256403,1.779321453398984,0.39568478,68,False,False,False,False,False,False,False,False
ENSG00000251369,ENSG00000251369,ZNF550,1220,True,0.04863326013840554,1.783002195056026,0.3919427,68,False,False,False,False,False,False,False,False
ENSG00000162623,ENSG00000162623,TYW3,4222,True,0.15583357703373335,1.7779383190728644,0.38564023,68,False,False,False,False,False,False,False,False
ENSG00000140416,ENSG00000140416,TPM1,1543,True,0.0640818465541343,1.7801230730383322,0.3847453,68,False,False,False,False,False,False,False,False
ENSG00000160818,ENSG00000160818,GPATCH4,6027,True,0.21627762089528568,1.7741203417250013,0.37405115,68,False,False,False,False,False,False,False,False
ENSG00000175782,ENSG00000175782,SLC35E3,3033,True,0.11411592129692395,1.777523851033461,0.36999384,68,False,False,False,False,False,False,False,False
ENSG00000132952,ENSG00000132952,USPL1,4220,True,0.1587800796967474,1.777176331286415,0.36816663,68,False,False,False,False,False,False,False,False
ENSG00000150477,ENSG00000150477,KIAA1328,2920,True,0.11202666242724758,1.7792338295354702,0.36774814,68,False,False,False,False,False,False,False,False
ENSG00000184678,ENSG00000184678,H2BC21,2299,True,0.09285034315549084,1.775558702449387,0.36770105,68,False,False,False,False,False,False,False,False
ENSG00000110888,ENSG00000110888,CAPRIN2,1818,True,0.0690554403637224,1.743159566671811,0.36344832,68,False,False,False,False,False,False,False,False
ENSG00000145391,ENSG00000145391,SETD7,2336,True,0.09353285445601743,1.7760007295615958,0.36210975,68,False,False,False,False,False,False,False,False
ENSG00000117569,ENSG00000117569,PTBP2,2022,True,0.08131177462353788,1.7756894541033814,0.3611479,68,False,False,False,False,False,False,False,False
ENSG00000182195,ENSG00000182195,LDOC1,1140,True,0.04823565872336926,1.7708545962234452,0.35962018,68,False,False,False,False,False,False,False,False
ENSG00000026025,ENSG00000026025,VIM,42756,True,1.2080739022763831,1.8795200729507442,0.3548415,68,False,False,False,False,False,False,False,False
ENSG00000166398,ENSG00000166398,GARRE1,7531,True,0.29076267675584133,1.7761778957087828,0.35308406,68,False,False,False,False,False,False,False,False
ENSG00000132680,ENSG00000132680,KHDC4,6147,True,0.22104017218692232,1.7653452802895373,0.3524675,68,False,False,False,False,False,False,False,False
ENSG00000233559,ENSG00000233559,LINC00513,2835,True,0.10479551265402488,1.777870855715834,0.3513933,68,False,False,False,False,False,False,False,False
ENSG00000133111,ENSG00000133111,RFXAP,2389,True,0.09422527199624268,1.7724379743129837,0.3507044,68,False,False,False,False,False,False,False,False
ENSG00000161791,ENSG00000161791,FMNL3,1040,True,0.042652687074092095,1.7736055391783478,0.3490043,68,False,False,False,False,False,False,False,False
ENSG00000139112,ENSG00000139112,GABARAPL1,1856,True,0.07284600640480299,1.7665491845722057,0.34009084,68,False,False,False,False,False,False,False,False
ENSG00000136826,ENSG00000136826,KLF4,3843,True,0.15374498813668508,1.7696687067653734,0.34001642,68,False,False,False,False,False,False,False,False
ENSG00000169429,ENSG00000169429,CXCL8,3839,True,0.1420820925192816,1.7649790662153428,0.33899432,68,False,False,False,False,False,False,False,False
ENSG00000185869,ENSG00000185869,ZNF829,989,True,0.04014652436018458,1.768656044337432,0.3337393,68,False,False,False,False,False,False,False,False
ENSG00000168916,ENSG00000168916,ZNF608,1945,True,0.07803873182859004,1.762418820283389,0.33223906,68,False,False,False,False,False,False,False,False
ENSG00000219481,ENSG00000219481,NBPF1,2826,True,0.10540248130355906,1.7677132888997058,0.33218697,68,False,False,False,False,False,False,False,False
ENSG00000154822,ENSG00000154822,PLCL2,3095,True,0.1158568347142562,1.7707590121319399,0.33133176,68,False,False,False,False,False,False,False,False
ENSG00000157895,ENSG00000157895,C12orf43,2899,True,0.10986453224832671,1.7647397809229597,0.3285561,68,False,False,False,False,False,False,False,False
ENSG00000136891,ENSG00000136891,TEX10,2289,True,0.08755929565475044,1.7643310203653544,0.3279486,68,False,False,False,False,False,False,False,False
ENSG00000104447,ENSG00000104447,TRPS1,1372,True,0.05415749878727739,1.7666423295475482,0.32781428,68,False,False,False,False,False,False,False,False
ENSG00000134321,ENSG00000134321,RSAD2,1219,True,0.051590804115307094,1.734883037315838,0.3276785,68,False,False,False,False,False,False,False,True
ENSG00000137628,ENSG00000137628,DDX60,3400,True,0.13128530408887015,1.7633530087383138,0.3269484,68,False,False,False,False,False,False,False,False
ENSG00000170634,ENSG00000170634,ACYP2,8091,True,0.2978983149821526,1.7675648566843973,0.3243875,68,False,False,False,False,False,False,False,False
ENSG00000172465,ENSG00000172465,TCEAL1,2663,True,0.10579907515215839,1.7672288886430516,0.3218333,68,False,False,False,False,False,False,False,False
ENSG00000142192,ENSG00000142192,APP,5536,True,0.20355086951338047,1.767355108371062,0.32148358,68,False,False,False,False,False,False,False,False
ENSG00000159459,ENSG00000159459,UBR1,3720,True,0.13892588142133253,1.763706254596523,0.32081795,68,False,False,False,False,False,False,False,False
ENSG00000167380,ENSG00000167380,ZNF226,4133,True,0.15832499597110095,1.7638117520327767,0.32042727,68,False,False,False,False,False,False,False,False
ENSG00000186908,ENSG00000186908,ZDHHC17,3236,True,0.12206787469638476,1.7641592918260685,0.31906554,68,False,False,False,False,False,False,False,False
ENSG00000255240,ENSG00000255240,ENSG00000255240,789,True,0.03181708612541651,1.6636900564625876,0.31903085,68,False,False,False,False,False,False,False,False
ENSG00000179476,ENSG00000179476,C14orf28,1499,True,0.06049394072014951,1.764797726465406,0.31827325,68,False,False,False,False,False,False,False,False
ENSG00000173611,ENSG00000173611,SCAI,2607,True,0.09752719365733381,1.7639895633502964,0.31774428,68,False,False,False,False,False,False,False,False
ENSG00000262049,ENSG00000262049,ENSG00000262049,3155,True,0.12327692993716438,1.7643506583058324,0.31734842,68,False,False,False,False,False,False,False,False
ENSG00000083750,ENSG00000083750,RRAGB,3186,True,0.12037136371431742,1.7608778857506402,0.3171451,68,False,False,False,False,False,False,False,False
ENSG00000163659,ENSG00000163659,TIPARP,1871,True,0.07374072836356112,1.7648036353431713,0.3163197,68,False,False,False,False,False,False,False,False
ENSG00000113456,ENSG00000113456,RAD1,3797,True,0.1444765177088504,1.764703241245094,0.31521264,68,False,False,False,False,False,False,False,False
ENSG00000111224,ENSG00000111224,PARP11,2271,True,0.08608143159895304,1.7327182524034113,0.31482992,68,False,False,False,False,False,False,False,False
ENSG00000197372,ENSG00000197372,ZNF675,3370,True,0.1235273705952522,1.7641003795990329,0.31416875,68,False,False,False,False,False,False,False,False
ENSG00000141425,ENSG00000141425,RPRD1A,5037,True,0.19179237056738502,1.7655792428957553,0.31163925,68,False,False,False,False,False,False,False,False
ENSG00000196227,ENSG00000196227,FAM217B,2957,True,0.11158394450898941,1.760741282947579,0.31107655,68,False,False,False,False,False,False,False,False
ENSG00000175931,ENSG00000175931,UBE2O,1979,True,0.07660008849140208,1.7645159731117472,0.30977502,68,False,False,False,False,False,False,False,False
ENSG00000125868,ENSG00000125868,DSTN,7890,True,0.2844750362174194,1.766175033708018,0.3075789,68,False,False,False,False,False,False,False,False
ENSG00000066294,ENSG00000066294,CD84,4752,True,0.17221918822090332,1.7607390149254747,0.30744725,68,False,False,False,False,False,False,False,False
ENSG00000162664,ENSG00000162664,ZNF326,10368,True,0.3547656453280138,1.7752313815659557,0.30587447,68,False,False,False,False,False,False,False,False
ENSG00000107643,ENSG00000107643,MAPK8,2537,True,0.09522778046577746,1.7607253073578555,0.30549958,68,False,False,False,False,False,False,False,False
ENSG00000138496,ENSG00000138496,PARP9,5673,True,0.2075806837873343,1.7634225945492743,0.30476803,68,False,False,False,False,False,False,False,True
ENSG00000232838,ENSG00000232838,PET117,3425,True,0.1360793599351042,1.7619623585188877,0.3042322,68,False,False,False,False,False,False,False,False
ENSG00000182158,ENSG00000182158,CREB3L2,3513,True,0.12871924132186685,1.7593249358680134,0.30364594,68,False,False,False,False,False,False,False,False
ENSG00000233184,ENSG00000233184,DPH5-DT,3882,True,0.1521297175936483,1.7608341297521461,0.30336925,68,False,False,False,False,False,False,False,False
ENSG00000198783,ENSG00000198783,ZNF830,7888,True,0.2838556760726196,1.7754221744898226,0.30134666,68,False,False,False,False,False,False,False,False
ENSG00000168096,ENSG00000168096,ANKS3,1959,True,0.07745719436515318,1.7619659694486318,0.30126137,68,False,False,False,False,False,False,False,False
ENSG00000155729,ENSG00000155729,KCTD18,2381,True,0.09236572173719916,1.761758876838224,0.3011505,68,False,False,False,False,False,False,False,False
ENSG00000120709,ENSG00000120709,FAM53C,5276,True,0.19921557370346338,1.7632307204922995,0.30061585,68,False,False,False,False,False,False,False,False
ENSG00000117322,ENSG00000117322,CR2,1919,True,0.0752499949791315,1.761303594155749,0.2955867,68,False,False,False,False,False,False,False,False
ENSG00000185591,ENSG00000185591,SP1,2554,True,0.09853869033712039,1.7613682053581277,0.29513007,68,False,False,False,False,False,False,False,False
ENSG00000110066,ENSG00000110066,KMT5B,4743,True,0.172589630592059,1.7571474690309463,0.29161456,68,False,False,False,False,False,False,False,False
ENSG00000187189,ENSG00000187189,TSPYL4,2679,True,0.10225529943484521,1.7569611407671504,0.29066515,68,False,False,False,False,False,False,False,False
ENSG00000138050,ENSG00000138050,THUMPD2,3736,True,0.14106327071628574,1.7572825485657746,0.2902753,68,False,False,False,False,False,False,False,False
ENSG00000015171,ENSG00000015171,ZMYND11,3088,True,0.11714385687299238,1.7568285192304345,0.2896164,68,False,False,False,False,False,False,False,False
ENSG00000182473,ENSG00000182473,EXOC7,6184,True,0.22141265378707675,1.7566225373514812,0.28908136,68,False,False,False,False,False,False,False,False
ENSG00000173715,ENSG00000173715,TOP6BL,3536,True,0.1388715905605787,1.757468042968594,0.28828275,68,False,False,False,False,False,False,False,False
ENSG00000198324,ENSG00000198324,PHETA1,440,True,0.018907103384585528,1.7189606599918341,0.28806046,68,False,False,False,False,False,False,False,False
ENSG00000170581,ENSG00000170581,STAT2,5496,True,0.20181456960746924,1.7599263329136285,0.28725332,68,False,False,False,False,False,False,False,False
ENSG00000149231,ENSG00000149231,CCDC82,6443,True,0.23820309642632945,1.7541821530464896,0.28307518,68,False,False,False,False,False,False,False,False
ENSG00000153044,ENSG00000153044,CENPH,4077,True,0.1539875691892852,1.7564299068246099,0.28303683,68,False,False,False,False,False,False,False,False
ENSG00000116652,ENSG00000116652,DLEU2L,984,True,0.04114900502778491,1.754951024701767,0.28271207,68,False,False,False,False,False,False,False,False
ENSG00000151532,ENSG00000151532,VTI1A,5022,True,0.17834494482987637,1.7567402596609367,0.28252584,68,False,False,False,False,False,False,False,False
ENSG00000143442,ENSG00000143442,POGZ,5147,True,0.18933926125457268,1.756357171773805,0.28176138,68,False,False,False,False,False,False,False,False
ENSG00000224470,ENSG00000224470,ATXN1L,3801,True,0.14402258100825097,1.756085076601037,0.2809341,68,False,False,False,False,False,False,False,False
ENSG00000196712,ENSG00000196712,NF1,2377,True,0.09162640981731301,1.7557870727464395,0.2803847,68,False,False,False,False,False,False,False,False
ENSG00000115947,ENSG00000115947,ORC4,4875,True,0.18513242689043102,1.7582900184734072,0.28016797,68,False,False,False,False,False,False,False,False
ENSG00000132155,ENSG00000132155,RAF1,4955,True,0.17708960397097792,1.7553769054478514,0.28000894,68,False,False,False,False,False,False,False,False
ENSG00000066084,ENSG00000066084,DIP2B,3970,True,0.1477375307012183,1.7554214202439409,0.27951884,68,False,False,False,False,False,False,False,False
ENSG00000182606,ENSG00000182606,TRAK1,4275,True,0.1590853927222994,1.7550585803556862,0.2773464,68,False,False,False,False,False,False,False,False
ENSG00000239453,ENSG00000239453,SIDT1-AS1,2972,True,0.11242951331219708,1.752418848951013,0.27733836,68,False,False,False,False,False,False,False,False
ENSG00000104643,ENSG00000104643,MTMR9,4960,True,0.18377530879559958,1.756612365933619,0.2764772,68,False,False,False,False,False,False,False,False
ENSG00000163257,ENSG00000163257,DCAF16,3795,True,0.14246880395269265,1.7557757496901352,0.27520826,68,False,False,False,False,False,False,False,False
ENSG00000156603,ENSG00000156603,MED19,5934,True,0.2202628642420958,1.7598610385667472,0.27510598,68,False,False,False,False,False,False,False,False
ENSG00000175115,ENSG00000175115,PACS1,7360,True,0.2572130655634438,1.7599267056726091,0.27229336,68,False,False,False,False,False,False,False,False
ENSG00000080345,ENSG00000080345,RIF1,6167,True,0.21936383978898277,1.7596761782492343,0.27046075,68,False,False,False,False,False,False,False,False
ENSG00000147454,ENSG00000147454,SLC25A37,6806,True,0.24607836161407767,1.7515524220882768,0.269938,68,False,False,False,False,False,False,False,False
ENSG00000197912,ENSG00000197912,SPG7,6413,True,0.22846802772197597,1.7573489973347423,0.26830885,68,False,False,False,False,False,False,False,False
ENSG00000163376,ENSG00000163376,KBTBD8,2201,True,0.08700360019426268,1.7550473817731236,0.2673543,68,False,False,False,False,False,False,False,False
ENSG00000109790,ENSG00000109790,KLHL5,5022,True,0.1793792155039823,1.752076521447171,0.2665204,68,False,False,False,False,False,False,False,False
ENSG00000174373,ENSG00000174373,RALGAPA1,4068,True,0.15018945412570137,1.751216527837858,0.26612812,68,False,False,False,False,False,False,False,False
ENSG00000108799,ENSG00000108799,EZH1,5025,True,0.18143453181772176,1.7527552381789833,0.26493576,68,False,False,False,False,False,False,False,False
ENSG00000152256,ENSG00000152256,PDK1,3241,True,0.11995197263053825,1.753293737841525,0.2601108,68,False,False,False,False,False,False,False,False
ENSG00000167323,ENSG00000167323,STIM1,3796,True,0.1454384957858115,1.7534553562160489,0.25767797,68,False,False,False,False,False,False,False,False
ENSG00000137509,ENSG00000137509,PRCP,6838,True,0.24608565825453468,1.754807977591999,0.25734523,68,False,False,False,False,False,False,False,False
ENSG00000028839,ENSG00000028839,TBPL1,6569,True,0.24906459300357817,1.751946699469206,0.25659332,68,False,False,False,False,False,False,False,False
ENSG00000113163,ENSG00000113163,CERT1,4613,True,0.16745379558170495,1.7511611206044349,0.2549646,68,False,False,False,False,False,False,False,False
ENSG00000187994,ENSG00000187994,RINL,4628,True,0.16876021824433576,1.7468388642413009,0.2539113,68,False,False,False,False,False,False,False,False
ENSG00000178163,ENSG00000178163,ZNF518B,2628,True,0.09846983844368329,1.7488146094578445,0.2535117,68,False,False,False,False,False,False,False,False
ENSG00000185947,ENSG00000185947,ZNF267,4497,True,0.16507638866975383,1.7495935785303929,0.25186148,68,False,False,False,False,False,False,False,False
ENSG00000108091,ENSG00000108091,CCDC6,7675,True,0.2643891277804446,1.7577876442165392,0.24909407,68,False,False,False,False,False,False,False,False
ENSG00000100523,ENSG00000100523,DDHD1,5138,True,0.18342029673458216,1.7478968692534393,0.24723795,68,False,False,False,False,False,False,False,False
ENSG00000114933,ENSG00000114933,INO80D,6360,True,0.2234697578393445,1.753073695539817,0.24310288,68,False,False,False,False,False,False,False,False
ENSG00000110429,ENSG00000110429,FBXO3,6265,True,0.22971573393119996,1.7504772839266374,0.2419281,68,False,False,False,False,False,False,False,False
ENSG00000136381,ENSG00000136381,IREB2,6925,True,0.24299928015370942,1.753664064930849,0.24125756,68,False,False,False,False,False,False,False,False
ENSG00000185033,ENSG00000185033,SEMA4B,5450,True,0.19018612905885954,1.745336388397083,0.23695484,68,False,False,False,False,False,False,False,False
ENSG00000162852,ENSG00000162852,CNST,6129,True,0.22049142884857204,1.7512231321490894,0.23685528,68,False,False,False,False,False,False,False,False
ENSG00000197045,ENSG00000197045,GMFB,7225,True,0.2658524520081134,1.7572115783836837,0.23507448,68,False,False,False,False,False,False,False,False
ENSG00000156170,ENSG00000156170,NDUFAF6,3752,True,0.14145930210032998,1.7427606930833761,0.22720906,68,False,False,False,False,False,False,False,False
ENSG00000047188,ENSG00000047188,YTHDC2,5530,True,0.1943907636574078,1.7472292767005586,0.21871655,68,False,False,False,False,False,False,False,False
ENSG00000072803,ENSG00000072803,FBXW11,6622,True,0.24611850168718225,1.7481922923964108,0.21019128,68,False,False,False,False,False,False,False,False
ENSG00000175600,ENSG00000175600,SUGCT,429,True,0.019583501705266026,1.7173612698728113,0.8237012,67,False,False,False,False,False,False,False,False
ENSG00000255337,ENSG00000255337,TMEM123-DT,417,True,0.019762037889214674,1.8168022166380473,0.7970505,67,False,False,False,False,False,False,False,False
ENSG00000223881,ENSG00000223881,ENSG00000223881,471,True,0.021230946701532524,1.7709063455737635,0.56472653,67,False,False,False,False,False,False,False,False
ENSG00000232010,ENSG00000232010,DNMT3L-AS1,319,True,0.01507148557511837,1.6457934594900188,0.53086233,67,False,False,False,False,False,False,False,False
ENSG00000163697,ENSG00000163697,APBB2,764,True,0.03230997524462513,1.6711304189091936,0.51398087,67,False,False,False,False,False,False,False,False
ENSG00000133106,ENSG00000133106,EPSTI1,17353,True,0.5721757548870835,1.8188953032726873,0.50774366,67,False,False,False,False,False,False,False,False
ENSG00000086300,ENSG00000086300,SNX10,16299,True,0.5508776302714901,1.8028960151218685,0.5009046,67,False,False,False,False,False,False,False,False
ENSG00000125968,ENSG00000125968,ID1,1340,True,0.05720077572265647,1.8014523252717096,0.49294594,67,False,False,False,False,False,False,False,False
ENSG00000162591,ENSG00000162591,MEGF6,400,True,0.01663693617721696,1.6771355495349256,0.47252977,67,False,False,False,False,False,False,False,False
ENSG00000231154,ENSG00000231154,MORF4L2-AS1,523,True,0.022043608438884924,1.7722599775560113,0.44651303,67,False,False,False,False,False,False,False,False
ENSG00000114796,ENSG00000114796,KLHL24,10897,True,0.38224403890187975,1.7918045133426566,0.43763813,67,False,False,False,False,False,False,False,False
ENSG00000133392,ENSG00000133392,MYH11,1208,True,0.047501502435705584,1.7848132455156174,0.41904047,67,False,False,False,False,False,False,False,False
ENSG00000198780,ENSG00000198780,FAM169A,769,True,0.03154173856165325,1.7617111508364287,0.41087052,67,False,False,False,False,False,False,False,False
ENSG00000267254,ENSG00000267254,ZNF790-AS1,1218,True,0.0498803712092688,1.782942077408383,0.40450722,67,False,False,False,False,False,False,False,False
ENSG00000145416,ENSG00000145416,MARCHF1,38309,True,1.0958815559488067,1.8559063954153858,0.40425816,67,False,False,False,False,False,False,False,False
ENSG00000154309,ENSG00000154309,DISP1,796,True,0.03346232196225256,1.784402926313814,0.39938754,67,False,False,False,False,False,False,False,False
ENSG00000154144,ENSG00000154144,TBRG1,8511,True,0.30725049691827605,1.7743733937511137,0.39400887,67,False,False,False,False,False,False,False,False
ENSG00000183066,ENSG00000183066,WBP2NL,835,True,0.03430534205577668,1.7773743676521208,0.39237884,67,False,False,False,False,False,False,False,False
ENSG00000272264,ENSG00000272264,ENSG00000272264,727,True,0.030414800897657676,1.7654803450497278,0.38989744,67,False,False,False,False,False,False,False,False
ENSG00000265185,ENSG00000265185,SNORD3B-1,1085,True,0.04599071680359949,1.7797551325137364,0.38871002,67,False,False,False,False,False,False,False,False
ENSG00000265206,ENSG00000265206,MIR142HG,19618,True,0.6267721270992743,1.8079504732595337,0.38783434,67,False,False,False,False,False,False,False,False
ENSG00000183508,ENSG00000183508,TENT5C,10478,True,0.3762783356786521,1.7820596631509664,0.38300744,67,False,False,False,False,False,False,False,False
ENSG00000256092,ENSG00000256092,SBNO1-AS1,2829,True,0.11289012278444552,1.7746345594409505,0.37549472,67,False,False,False,False,False,False,False,False
ENSG00000140876,ENSG00000140876,NUDT7,946,True,0.04021388413113038,1.780078549921364,0.37525263,67,False,False,False,False,False,False,False,False
ENSG00000148835,ENSG00000148835,TAF5,922,True,0.036487494126551695,1.7798701877174183,0.37462556,67,False,False,False,False,False,False,False,False
ENSG00000104218,ENSG00000104218,CSPP1,2731,True,0.10451498757224646,1.7735476634230836,0.37244183,67,False,False,False,False,False,False,False,False
ENSG00000113742,ENSG00000113742,CPEB4,4363,True,0.16134094493099835,1.7734870942463337,0.37209365,67,False,False,False,False,False,False,False,False
ENSG00000169570,ENSG00000169570,DTWD2,1240,True,0.04753972223073256,1.7459631384938197,0.37055635,67,False,False,False,False,False,False,False,False
ENSG00000120008,ENSG00000120008,WDR11,7758,True,0.27461963674031153,1.7777537932267224,0.36841857,67,False,False,False,False,False,False,False,False
ENSG00000154153,ENSG00000154153,RETREG1,1363,True,0.05554952095315027,1.7748994711444843,0.36666608,67,False,False,False,False,False,False,False,False
ENSG00000174607,ENSG00000174607,UGT8,1753,True,0.07044833784694028,1.7789415727258244,0.36575603,67,False,False,False,False,False,False,False,False
ENSG00000124225,ENSG00000124225,PMEPA1,1691,True,0.06805514351719352,1.7435407390507196,0.3651744,67,False,False,False,False,False,False,False,False
ENSG00000263072,ENSG00000263072,ZNF213-AS1,2360,True,0.09595631991545538,1.7738546768927557,0.3649553,67,False,False,False,False,False,False,False,False
ENSG00000124383,ENSG00000124383,MPHOSPH10,8919,True,0.30627512136965895,1.7745907940906973,0.35566282,67,False,False,False,False,False,False,False,False
ENSG00000105865,ENSG00000105865,DUS4L,1688,True,0.06563250406451168,1.773485765483481,0.35434818,67,False,False,False,False,False,False,False,False
ENSG00000259943,ENSG00000259943,ZMPSTE24-DT,1002,True,0.04079581768162119,1.7706015017426189,0.35176882,67,False,False,False,False,False,False,False,False
ENSG00000064651,ENSG00000064651,SLC12A2,2089,True,0.08414719214295546,1.7730989272856696,0.35165215,67,False,False,False,False,False,False,False,False
ENSG00000085871,ENSG00000085871,MGST2,1161,True,0.04875184760571328,1.7737886647157064,0.35131922,67,False,False,False,False,False,False,False,False
ENSG00000198453,ENSG00000198453,ZNF568,1703,True,0.06582735563807902,1.7697526992177395,0.3430427,67,False,False,False,False,False,False,False,False
ENSG00000182359,ENSG00000182359,KBTBD3,3676,True,0.1451761405437246,1.7698872923202236,0.34114438,67,False,False,False,False,False,False,False,False
ENSG00000011021,ENSG00000011021,CLCN6,1823,True,0.06895366776420565,1.7694825668716618,0.3379379,67,False,False,False,False,False,False,False,False
ENSG00000160961,ENSG00000160961,ZNF333,1344,True,0.05299693513434849,1.7386122361808773,0.3377583,67,False,False,False,False,False,False,False,False
ENSG00000230513,ENSG00000230513,THAP7-AS1,1356,True,0.05466190476433781,1.7692327118061748,0.3372834,67,False,False,False,False,False,False,False,False
ENSG00000056586,ENSG00000056586,RC3H2,4955,True,0.18261715152028488,1.7684562580598373,0.33684126,67,False,False,False,False,False,False,False,False
ENSG00000112234,ENSG00000112234,FBXL4,2126,True,0.0832316102186337,1.7662210562246243,0.32921222,67,False,False,False,False,False,False,False,False
ENSG00000163166,ENSG00000163166,IWS1,5998,True,0.21370191942945607,1.7664847501899585,0.32852384,67,False,False,False,False,False,False,False,False
ENSG00000149308,ENSG00000149308,NPAT,5473,True,0.19689728516385252,1.767691327563898,0.3267429,67,False,False,False,False,False,False,False,False
ENSG00000172530,ENSG00000172530,BANP,3138,True,0.11962543767891064,1.7688826393197814,0.32625812,67,False,False,False,False,False,False,False,False
ENSG00000232788,ENSG00000232788,ITGA6-AS1,1342,True,0.054103054717071664,1.7651449206455458,0.32527116,67,False,False,False,False,False,False,False,False
ENSG00000169641,ENSG00000169641,LUZP1,2327,True,0.08976069314567568,1.7633054935769934,0.32417178,67,False,False,False,False,False,False,False,False
ENSG00000109689,ENSG00000109689,STIM2,10146,True,0.35546288548436966,1.7805953341892566,0.3236288,67,False,False,False,False,False,False,False,False
ENSG00000131375,ENSG00000131375,CAPN7,4511,True,0.16336916926288356,1.7632169358457517,0.3202293,67,False,False,False,False,False,False,False,False
ENSG00000180773,ENSG00000180773,SLC36A4,3584,True,0.13552227708720788,1.7655944305327076,0.319523,67,False,False,False,False,False,False,False,False
ENSG00000125633,ENSG00000125633,CCDC93,3484,True,0.12908842075146332,1.7631238393950914,0.3194082,67,False,False,False,False,False,False,False,False
ENSG00000187555,ENSG00000187555,USP7,4825,True,0.17783860618287167,1.7657071394859505,0.31933933,67,False,False,False,False,False,False,False,False
ENSG00000082068,ENSG00000082068,WDR70,6872,True,0.251028681462371,1.7634081312728151,0.31901476,67,False,False,False,False,False,False,False,False
ENSG00000049239,ENSG00000049239,H6PD,1446,True,0.0558578246778231,1.7630220707226643,0.31889606,67,False,False,False,False,False,False,False,False
ENSG00000213904,ENSG00000213904,LIPE-AS1,2448,True,0.10129317426151782,1.7678301529193978,0.31835935,67,False,False,False,False,False,False,False,False
ENSG00000145649,ENSG00000145649,GZMA,4961,True,0.19492531500740126,1.766649235259692,0.31712246,67,False,False,False,False,False,False,False,False
ENSG00000272092,ENSG00000272092,ENSG00000272092,894,True,0.03675394887736871,1.7326992249513864,0.31637523,67,False,False,False,False,False,False,False,False
ENSG00000166478,ENSG00000166478,ZNF143,3315,True,0.1254156203974599,1.762909263759411,0.3159433,67,False,False,False,False,False,False,False,False
ENSG00000204842,ENSG00000204842,ATXN2,4436,True,0.16307103985817933,1.7634617067749403,0.31412402,67,False,False,False,False,False,False,False,False
ENSG00000114742,ENSG00000114742,WDR48,4064,True,0.15035861749349874,1.7642295709978895,0.3131445,67,False,False,False,False,False,False,False,False
ENSG00000107242,ENSG00000107242,PIP5K1B,2979,True,0.11146760621223618,1.7648443599806085,0.31023067,67,False,False,False,False,False,False,False,False
ENSG00000129317,ENSG00000129317,PUS7L,7648,True,0.2795658402885718,1.7564653734382063,0.31019923,67,False,False,False,False,False,False,False,False
ENSG00000089060,ENSG00000089060,SLC8B1,1415,True,0.05312384412564087,1.7555424464642173,0.3071726,67,False,False,False,False,False,False,False,False
ENSG00000173818,ENSG00000173818,ENDOV,3769,True,0.14359225441506127,1.7636161151262568,0.30699983,67,False,False,False,False,False,False,False,False
ENSG00000170242,ENSG00000170242,USP47,6659,True,0.23727389991023173,1.7622224515997493,0.30685368,67,False,False,False,False,False,False,False,False
ENSG00000134539,ENSG00000134539,KLRD1,2011,True,0.07806727974395283,1.7622179291613627,0.3064853,67,False,False,False,False,False,False,False,False
ENSG00000184988,ENSG00000184988,TMEM106A,2333,True,0.0897589485255463,1.75932531697726,0.30574816,67,False,False,False,False,False,False,False,False
ENSG00000138074,ENSG00000138074,SLC5A6,2508,True,0.1001630766166063,1.7625404572278294,0.30414945,67,False,False,False,False,False,False,False,False
ENSG00000011405,ENSG00000011405,PIK3C2A,3493,True,0.12888031533918987,1.7598663038402236,0.30067116,67,False,False,False,False,False,False,False,False
ENSG00000143970,ENSG00000143970,ASXL2,3265,True,0.12207653184967855,1.759943237070464,0.30029914,67,False,False,False,False,False,False,False,False
ENSG00000144468,ENSG00000144468,RHBDD1,2996,True,0.11096263304151933,1.759640796205239,0.30011377,67,False,False,False,False,False,False,False,False
ENSG00000173209,ENSG00000173209,AHSA2P,4041,True,0.14991376933733294,1.7626913118510783,0.298223,67,False,False,False,False,False,False,False,False
ENSG00000120526,ENSG00000120526,NUDCD1,2241,True,0.08763687245543929,1.7595178328721142,0.29736376,67,False,False,False,False,False,False,False,False
ENSG00000102580,ENSG00000102580,DNAJC3,5870,True,0.21010976627654168,1.757468517920312,0.2963091,67,False,False,False,False,False,False,False,False
ENSG00000119778,ENSG00000119778,ATAD2B,3939,True,0.14670765274215983,1.758586134425439,0.29525837,67,False,False,False,False,False,False,False,False
ENSG00000124356,ENSG00000124356,STAMBP,5206,True,0.19256897156035802,1.7574457602951086,0.2951428,67,False,False,False,False,False,False,False,False
ENSG00000163785,ENSG00000163785,RYK,2881,True,0.11069806202076529,1.7576991236951847,0.29443553,67,False,False,False,False,False,False,False,False
ENSG00000161642,ENSG00000161642,ZNF385A,1494,True,0.0574835429650323,1.7626370590220477,0.29437968,67,False,False,False,False,False,False,False,False
ENSG00000054277,ENSG00000054277,OPN3,7346,True,0.2734827431535363,1.763212780480982,0.29376674,67,False,False,False,False,False,False,False,False
ENSG00000165406,ENSG00000165406,MARCHF8,4317,True,0.15581145967832932,1.757340836051403,0.29306453,67,False,False,False,False,False,False,False,False
ENSG00000198131,ENSG00000198131,ZNF544,3028,True,0.11756004231077043,1.7583598564584393,0.293062,67,False,False,False,False,False,False,False,False
ENSG00000162441,ENSG00000162441,LZIC,4321,True,0.16060286165056084,1.7602323556383548,0.2920642,67,False,False,False,False,False,False,False,False
ENSG00000204520,ENSG00000204520,MICA,1715,True,0.07029871578230452,1.7573488168129272,0.291493,67,False,False,False,False,False,False,False,False
ENSG00000108854,ENSG00000108854,SMURF2,2043,True,0.08075391903806982,1.7567986469866113,0.29075477,67,False,False,False,False,False,False,False,False
ENSG00000103274,ENSG00000103274,NUBP1,5567,True,0.20739346431679795,1.7590160818927971,0.28951713,67,False,False,False,False,False,False,False,False
ENSG00000169155,ENSG00000169155,ZBTB43,3220,True,0.1186669198461377,1.7560441095282882,0.28531066,67,False,False,False,False,False,False,False,False
ENSG00000175505,ENSG00000175505,CLCF1,1008,True,0.04034381214035054,1.7566203115374348,0.28218126,67,False,False,False,False,False,False,False,False
ENSG00000157764,ENSG00000157764,BRAF,3502,True,0.13023809387319984,1.754090486749738,0.2810905,67,False,False,False,False,False,False,False,False
ENSG00000175054,ENSG00000175054,ATR,2991,True,0.11126662098610911,1.758131767217442,0.28069586,67,False,False,False,False,False,False,False,False
ENSG00000123810,ENSG00000123810,B9D2,2543,True,0.09973599291679865,1.7545007542490298,0.28058833,67,False,False,False,False,False,False,False,False
ENSG00000066933,ENSG00000066933,MYO9A,3118,True,0.11395131514173575,1.7563418662530785,0.28011823,67,False,False,False,False,False,False,False,False
ENSG00000231074,ENSG00000231074,HCG18,4339,True,0.1634183384391652,1.7578555252565942,0.27813688,67,False,False,False,False,False,False,False,False
ENSG00000181381,ENSG00000181381,DDX60L,3972,True,0.15232725165627242,1.7534502496117532,0.277717,67,False,False,False,False,False,False,False,False
ENSG00000126790,ENSG00000126790,L3HYPDH,1778,True,0.07036626023636557,1.7569362575452596,0.27678844,67,False,False,False,False,False,False,False,False
ENSG00000198466,ENSG00000198466,ZNF587,1547,True,0.060533554847160546,1.7530685483718322,0.27628306,67,False,False,False,False,False,False,False,False
ENSG00000188739,ENSG00000188739,RBM34,6539,True,0.23562606155392735,1.763623196012928,0.27577165,67,False,False,False,False,False,False,False,False
ENSG00000047662,ENSG00000047662,FAM184B,1775,True,0.06832344011158258,1.75736911234899,0.27541643,67,False,False,False,False,False,False,False,False
ENSG00000108599,ENSG00000108599,AKAP10,4057,True,0.15066783482898113,1.7555515173437881,0.2748952,67,False,False,False,False,False,False,False,False
ENSG00000077458,ENSG00000077458,FAM76B,5572,True,0.204159093047077,1.7597827961228076,0.27429134,67,False,False,False,False,False,False,False,False
ENSG00000205323,ENSG00000205323,SARNP,3352,True,0.1287180789725166,1.751425145480293,0.27140296,67,False,False,False,False,False,False,False,False
ENSG00000139793,ENSG00000139793,MBNL2,3830,True,0.13974807410781406,1.7512497840079824,0.26987857,67,False,False,False,False,False,False,False,False
ENSG00000115459,ENSG00000115459,ELMOD3,3497,True,0.13194508620911172,1.7559302058620216,0.2694293,67,False,False,False,False,False,False,False,False
ENSG00000196646,ENSG00000196646,ZNF136,2634,True,0.09891344708654327,1.7540857320565069,0.2680387,67,False,False,False,False,False,False,False,False
ENSG00000165169,ENSG00000165169,DYNLT3,6780,True,0.24956091793732763,1.7545969005098068,0.26698163,67,False,False,False,False,False,False,False,False
ENSG00000215114,ENSG00000215114,UBXN2B,2089,True,0.0803965685027227,1.7527840599609592,0.26666564,67,False,False,False,False,False,False,False,False
ENSG00000196323,ENSG00000196323,ZBTB44,7551,True,0.2750265400328837,1.762089294770768,0.2650242,67,False,False,False,False,False,False,False,False
ENSG00000143772,ENSG00000143772,ITPKB,2555,True,0.09661805812518622,1.752675813456843,0.26399413,67,False,False,False,False,False,False,False,False
ENSG00000062650,ENSG00000062650,WAPL,8483,True,0.29174726914130633,1.7637539991749385,0.26349643,67,False,False,False,False,False,False,False,False
ENSG00000164535,ENSG00000164535,DAGLB,1320,True,0.051539252272943044,1.7481059041665041,0.26339322,67,False,False,False,False,False,False,False,False
ENSG00000163516,ENSG00000163516,ANKZF1,5921,True,0.21303237710444775,1.7543930066004052,0.26337823,67,False,False,False,False,False,False,False,False
ENSG00000187522,ENSG00000187522,HSPA14,3798,True,0.1379507686510594,1.752146622543503,0.2626088,67,False,False,False,False,False,False,False,False
ENSG00000001631,ENSG00000001631,KRIT1,5415,True,0.19892684625459214,1.7542168168431276,0.26250556,67,False,False,False,False,False,False,False,False
ENSG00000198815,ENSG00000198815,FOXJ3,3101,True,0.1182405730255803,1.750858419350135,0.26244658,67,False,False,False,False,False,False,False,False
ENSG00000159348,ENSG00000159348,CYB5R1,2843,True,0.10653207014788454,1.7529707050675818,0.2609759,67,False,False,False,False,False,False,False,False
ENSG00000102984,ENSG00000102984,ZNF821,5548,True,0.20307602760260107,1.7527966801491237,0.26074663,67,False,False,False,False,False,False,False,False
ENSG00000130749,ENSG00000130749,ZC3H4,2501,True,0.10123842658211188,1.7498576095606853,0.26004255,67,False,False,False,False,False,False,False,False
ENSG00000214413,ENSG00000214413,BBIP1,3670,True,0.13737585803212451,1.7513871172751698,0.25988105,67,False,False,False,False,False,False,False,False
ENSG00000127084,ENSG00000127084,FGD3,6596,True,0.22938757277760136,1.754880022474223,0.25970086,67,False,False,False,False,False,False,False,False
ENSG00000173226,ENSG00000173226,IQCB1,5940,True,0.21807804542942605,1.7507991163311125,0.25648892,67,False,False,False,False,False,False,False,False
ENSG00000196428,ENSG00000196428,TSC22D2,3671,True,0.13842705033507616,1.751507164687846,0.2560843,67,False,False,False,False,False,False,False,False
ENSG00000143319,ENSG00000143319,ISG20L2,4681,True,0.1703670608655108,1.7514309487939999,0.25356784,67,False,False,False,False,False,False,False,False
ENSG00000107745,ENSG00000107745,MICU1,4791,True,0.18251908834591027,1.7483926674753147,0.2509584,67,False,False,False,False,False,False,False,False
ENSG00000154813,ENSG00000154813,DPH3,5052,True,0.1911346099208577,1.7470488041398198,0.24810183,67,False,False,False,False,False,False,False,False
ENSG00000064703,ENSG00000064703,DDX20,2257,True,0.0856256559212269,1.7489684680606623,0.24732198,67,False,False,False,False,False,False,False,False
ENSG00000198001,ENSG00000198001,IRAK4,6951,True,0.23768218311933148,1.7582877746540553,0.24540721,67,False,False,False,False,False,False,False,False
ENSG00000135999,ENSG00000135999,EPC2,3979,True,0.1448041177420923,1.7455744136278264,0.2447319,67,False,False,False,False,False,False,False,False
ENSG00000261098,ENSG00000261098,ENSG00000261098,1635,True,0.06305380560635981,1.7468453600946268,0.24362205,67,False,False,False,False,False,False,False,False
ENSG00000151883,ENSG00000151883,PARP8,5778,True,0.20842757271135684,1.7480480421507756,0.2373792,67,False,False,False,False,False,False,False,False
ENSG00000090470,ENSG00000090470,PDCD7,5038,True,0.18180906534182606,1.7454815234603898,0.23510964,67,False,False,False,False,False,False,False,False
ENSG00000186001,ENSG00000186001,LRCH3,4025,True,0.14680538510024724,1.7486828510589185,0.23495771,67,False,False,False,False,False,False,False,False
ENSG00000112282,ENSG00000112282,MED23,5528,True,0.19713327424408925,1.7499855498174326,0.23442666,67,False,False,False,False,False,False,False,False
ENSG00000103496,ENSG00000103496,STX4,4903,True,0.18063597582131372,1.7463912211863566,0.23345236,67,False,False,False,False,False,False,False,False
ENSG00000164830,ENSG00000164830,OXR1,7044,True,0.24763076284297422,1.749134131956813,0.22563428,67,False,False,False,False,False,False,False,False
ENSG00000196705,ENSG00000196705,ZNF431,4998,True,0.18005892282815192,1.7464140802643038,0.22238812,67,False,False,False,False,False,False,False,False
ENSG00000133731,ENSG00000133731,IMPA1,3236,True,0.12344223132888218,1.7424817580882144,0.21743917,67,False,False,False,False,False,False,False,False
ENSG00000144401,ENSG00000144401,METTL21A,7852,True,0.286519992480375,1.7499003074627653,0.21091694,67,False,False,False,False,False,False,False,False
ENSG00000129933,ENSG00000129933,MAU2,2079,True,0.07665089664436152,1.7391728010823189,0.20443934,67,False,False,False,False,False,False,False,False
ENSG00000171703,ENSG00000171703,TCEA2,4866,True,0.18467616124179384,1.7372171792853786,0.20323776,67,False,False,False,False,False,False,False,False
ENSG00000168010,ENSG00000168010,ATG16L2,6046,True,0.2168727444327531,1.7361208103222792,0.18905596,67,False,False,False,False,False,False,False,False
ENSG00000155657,ENSG00000155657,TTN,8003,True,0.27892568194952116,1.8204463064653524,0.7755012,66,False,False,False,False,False,False,False,False
ENSG00000146192,ENSG00000146192,FGD2,10132,True,0.36983278442454726,1.811235120062669,0.634651,66,False,False,False,False,False,False,False,False
ENSG00000177409,ENSG00000177409,SAMD9L,15782,True,0.5343697502504342,1.825835657520762,0.63182503,66,False,False,False,False,False,False,False,False
ENSG00000158406,ENSG00000158406,H4C8,1216,True,0.05322888080292962,1.816279139821017,0.5628949,66,False,False,False,False,False,False,False,False
ENSG00000270659,ENSG00000270659,ENSG00000270659,334,True,0.01507047594871967,1.6365416188725233,0.48597828,66,False,False,False,False,False,False,False,False
ENSG00000198624,ENSG00000198624,CCDC69,12735,True,0.4301202539013676,1.8003706527568488,0.46379882,66,False,False,False,False,False,False,False,False
ENSG00000163644,ENSG00000163644,PPM1K,26717,True,0.8330505093159988,1.834593366752712,0.44504333,66,False,False,False,False,False,False,False,False
ENSG00000259448,ENSG00000259448,LINC02352,694,True,0.030676759742400358,1.7729282758518778,0.4135458,66,False,False,False,False,False,False,False,False
ENSG00000112576,ENSG00000112576,CCND3,25046,True,0.7737044157220226,1.824435981999666,0.4094955,66,False,False,False,False,False,False,False,False
ENSG00000251661,ENSG00000251661,ENSG00000251661,1564,True,0.06607746922764529,1.7863535616035364,0.40930012,66,False,False,False,False,False,False,False,False
ENSG00000142599,ENSG00000142599,RERE,10897,True,0.3844606227845578,1.789093024888768,0.4000321,66,False,False,False,False,False,False,False,False
ENSG00000237976,ENSG00000237976,RFX5-AS1,2053,True,0.0858462117981788,1.7830111967102331,0.398389,66,False,False,False,False,False,False,False,False
ENSG00000230844,ENSG00000230844,ZNF674-AS1,572,True,0.024118050980052933,1.667262420723309,0.39697737,66,False,False,False,False,False,False,False,False
ENSG00000106603,ENSG00000106603,COA1,9839,True,0.35656613386755187,1.7911591018105888,0.39531085,66,False,False,False,False,False,False,False,False
ENSG00000104356,ENSG00000104356,POP1,698,True,0.029666459557599355,1.781401947998331,0.39070198,66,False,False,False,False,False,False,False,False
ENSG00000140030,ENSG00000140030,GPR65,10701,True,0.39087065314030767,1.790712562442313,0.38620684,66,False,False,False,False,False,False,False,False
ENSG00000221946,ENSG00000221946,FXYD7,2141,True,0.08443838326450942,1.7777727310665044,0.38580966,66,False,False,False,False,False,False,False,False
ENSG00000095002,ENSG00000095002,MSH2,2531,True,0.09668303322999762,1.7768246790102913,0.38157564,66,False,False,False,False,False,False,False,False
ENSG00000164953,ENSG00000164953,TMEM67,1233,True,0.05047634660311975,1.7792450086604843,0.38046065,66,False,False,False,False,False,False,False,False
ENSG00000070081,ENSG00000070081,NUCB2,3600,True,0.13576248397447796,1.7757796983046263,0.378138,66,False,False,False,False,False,False,False,False
ENSG00000128881,ENSG00000128881,TTBK2,1957,True,0.07521896980765565,1.7803187697792482,0.37740418,66,False,False,False,False,False,False,False,False
ENSG00000144026,ENSG00000144026,ZNF514,1059,True,0.04413777031756047,1.777770793645616,0.3748408,66,False,False,False,False,False,False,False,False
ENSG00000157259,ENSG00000157259,GATAD1,3345,True,0.1267648179354626,1.7764985087819325,0.37005508,66,False,False,False,False,False,False,False,False
ENSG00000136824,ENSG00000136824,SMC2,3120,True,0.11664741789759744,1.7729862064193895,0.3685048,66,False,False,False,False,False,False,False,False
ENSG00000049089,ENSG00000049089,COL9A2,1180,True,0.04804998496392938,1.7735631785248451,0.36637595,66,False,False,False,False,False,False,False,False
ENSG00000065882,ENSG00000065882,TBC1D1,7135,True,0.25120456283630405,1.7744611861843398,0.36425138,66,False,False,False,False,False,False,False,False
ENSG00000119820,ENSG00000119820,YIPF4,9981,True,0.34220216853501567,1.780625794027925,0.35990888,66,False,False,False,False,False,False,False,False
ENSG00000163428,ENSG00000163428,LRRC58,5937,True,0.20909731158740527,1.7751327768227854,0.35868597,66,False,False,False,False,False,False,False,False
ENSG00000159086,ENSG00000159086,PAXBP1,3217,True,0.11891331339583198,1.7722492176856515,0.35563195,66,False,False,False,False,False,False,False,False
ENSG00000104164,ENSG00000104164,BLOC1S6,9222,True,0.3264176152098501,1.779787744203434,0.35312492,66,False,False,False,False,False,False,False,False
ENSG00000140931,ENSG00000140931,CMTM3,2504,True,0.09289873802749966,1.7711328761201017,0.3496393,66,False,False,False,False,False,False,False,False
ENSG00000100124,ENSG00000100124,ANKRD54,2415,True,0.09270461807368485,1.7714053238476632,0.34767765,66,False,False,False,False,False,False,False,False
ENSG00000176018,ENSG00000176018,LYSMD3,2073,True,0.08099749830833537,1.7683902881724995,0.3458914,66,False,False,False,False,False,False,False,False
ENSG00000248092,ENSG00000248092,NNT-AS1,2439,True,0.09332057536163006,1.770516817044603,0.34275493,66,False,False,False,False,False,False,False,False
ENSG00000250159,ENSG00000250159,PKD2L2-DT,885,True,0.03467259099624199,1.7208884443393198,0.342441,66,False,False,False,False,False,False,False,False
ENSG00000130589,ENSG00000130589,HELZ2,2983,True,0.11261563182621298,1.7693967234486463,0.33996472,66,False,False,False,False,False,False,False,False
ENSG00000075292,ENSG00000075292,ZNF638,11527,True,0.39167476040364946,1.7826172049438747,0.33941525,66,False,False,False,False,False,False,False,False
ENSG00000140598,ENSG00000140598,EFL1,1271,True,0.04873256700074908,1.740877615610772,0.33724108,66,False,False,False,False,False,False,False,False
ENSG00000184307,ENSG00000184307,ZDHHC23,1385,True,0.05543491013482113,1.7701996172481698,0.33714673,66,False,False,False,False,False,False,False,False
ENSG00000133985,ENSG00000133985,TTC9,1773,True,0.06899966583876976,1.7702319865803728,0.33543372,66,False,False,False,False,False,False,False,False
ENSG00000164172,ENSG00000164172,MOCS2,4892,True,0.1869818830104154,1.7659619663946635,0.331794,66,False,False,False,False,False,False,False,False
ENSG00000228126,ENSG00000228126,FALEC,627,True,0.027641182422540243,1.7698439345906523,0.3306113,66,False,False,False,False,False,False,False,False
ENSG00000255517,ENSG00000255517,DPP3-DT,1830,True,0.07252893310968377,1.7646546737957853,0.31596577,66,False,False,False,False,False,False,False,False
ENSG00000118260,ENSG00000118260,CREB1,8474,True,0.3029402237032365,1.7689694186567826,0.31589308,66,False,False,False,False,False,False,False,False
ENSG00000077150,ENSG00000077150,NFKB2,9142,True,0.3182969636864815,1.7726499648145313,0.3123525,66,False,False,False,False,False,False,False,False
ENSG00000178694,ENSG00000178694,NSUN3,3640,True,0.13809743465944355,1.7627016304504197,0.3099111,66,False,False,False,False,False,False,False,False
ENSG00000260708,ENSG00000260708,TBC1D22A-DT,3674,True,0.1453263837684572,1.7622463752786337,0.30880028,66,False,False,False,False,False,False,False,False
ENSG00000117597,ENSG00000117597,UTP25,2129,True,0.08018317321915186,1.7626542942490269,0.30448604,66,False,False,False,False,False,False,False,False
ENSG00000156853,ENSG00000156853,ZNF689,1375,True,0.05404055040875047,1.7572076671462953,0.30226994,66,False,False,False,False,False,False,False,False
ENSG00000254887,ENSG00000254887,LNROP,2785,True,0.11109114435663309,1.7623116106968957,0.3019911,66,False,False,False,False,False,False,False,False
ENSG00000261455,ENSG00000261455,LINC01003,2286,True,0.09176623070074737,1.7620272045704963,0.29925406,66,False,False,False,False,False,False,False,False
ENSG00000170989,ENSG00000170989,S1PR1,3098,True,0.11714941097411397,1.7607402631332867,0.29663816,66,False,False,False,False,False,False,False,False
ENSG00000137478,ENSG00000137478,FCHSD2,8761,True,0.30331267490002933,1.769551221188906,0.29620445,66,False,False,False,False,False,False,False,False
ENSG00000221883,ENSG00000221883,ARIH2OS,2388,True,0.09292239212416752,1.7597445440757087,0.29600754,66,False,False,False,False,False,False,False,False
ENSG00000152454,ENSG00000152454,ZNF256,1057,True,0.042441285506143935,1.7327020066687069,0.29495746,66,False,False,False,False,False,False,False,False
ENSG00000176410,ENSG00000176410,DNAJC30,3712,True,0.14042097455994196,1.7603222860800072,0.29491735,66,False,False,False,False,False,False,False,False
ENSG00000168792,ENSG00000168792,ABHD15,1746,True,0.06602387951424135,1.7615400648908819,0.2948848,66,False,False,False,False,False,False,False,False
ENSG00000149532,ENSG00000149532,CPSF7,4018,True,0.15275454177202238,1.7609508578748212,0.2946087,66,False,False,False,False,False,False,False,False
ENSG00000188559,ENSG00000188559,RALGAPA2,2149,True,0.08315411237838194,1.7581468791998651,0.29398128,66,False,False,False,False,False,False,False,False
ENSG00000174282,ENSG00000174282,ZBTB4,1730,True,0.06585938444577744,1.7585268843075397,0.29350972,66,False,False,False,False,False,False,False,False
ENSG00000151148,ENSG00000151148,UBE3B,2068,True,0.07977929701657178,1.7605152291638826,0.2934324,66,False,False,False,False,False,False,False,False
ENSG00000196187,ENSG00000196187,TMEM63A,4261,True,0.14977185967526538,1.759365871046097,0.29335698,66,False,False,False,False,False,False,False,False
ENSG00000185963,ENSG00000185963,BICD2,3220,True,0.12148573848358529,1.7596884724686106,0.29129085,66,False,False,False,False,False,False,False,False
ENSG00000115841,ENSG00000115841,RMDN2,1899,True,0.07536324936425488,1.7559613468918465,0.2897128,66,False,False,False,False,False,False,False,False
ENSG00000064995,ENSG00000064995,TAF11,8552,True,0.30344998188883776,1.771925729356087,0.28925294,66,False,False,False,False,False,False,False,False
ENSG00000271204,ENSG00000271204,ENSG00000271204,6127,True,0.22054408879758025,1.7572705417449455,0.28786042,66,False,False,False,False,False,False,False,False
ENSG00000071794,ENSG00000071794,HLTF,2193,True,0.08423792220651935,1.7569730026377472,0.28636223,66,False,False,False,False,False,False,False,False
ENSG00000159882,ENSG00000159882,ZNF230,885,True,0.037130486549324354,1.7282800556632842,0.28538606,66,False,False,False,False,False,False,False,False
ENSG00000196236,ENSG00000196236,XPNPEP3,2709,True,0.10129255404825298,1.7579762341681715,0.2843391,66,False,False,False,False,False,False,False,False
ENSG00000122678,ENSG00000122678,POLM,6688,True,0.23334064063623672,1.7560993598096153,0.28386265,66,False,False,False,False,False,False,False,False
ENSG00000125637,ENSG00000125637,PSD4,3319,True,0.12434098658992142,1.7583963947400314,0.28299868,66,False,False,False,False,False,False,False,False
ENSG00000153317,ENSG00000153317,ASAP1,3797,True,0.14375540577002383,1.7556349442326984,0.28165504,66,False,False,False,False,False,False,False,False
ENSG00000163781,ENSG00000163781,TOPBP1,4407,True,0.16225100183586597,1.7513072909114917,0.279873,66,False,False,False,False,False,False,False,False
ENSG00000005812,ENSG00000005812,FBXL3,4485,True,0.16700343529737063,1.7560984590358169,0.2797696,66,False,False,False,False,False,False,False,False
ENSG00000164944,ENSG00000164944,VIRMA,4107,True,0.1474791562351482,1.7531655529947705,0.27967173,66,False,False,False,False,False,False,False,False
ENSG00000141580,ENSG00000141580,WDR45B,6726,True,0.24379757263372115,1.756609017895128,0.27818322,66,False,False,False,False,False,False,False,False
ENSG00000137145,ENSG00000137145,DENND4C,2424,True,0.09203756414486404,1.756979330979729,0.27762818,66,False,False,False,False,False,False,False,False
ENSG00000115946,ENSG00000115946,PNO1,3968,True,0.1473279229110927,1.7544870732562905,0.2759015,66,False,False,False,False,False,False,False,False
ENSG00000014123,ENSG00000014123,UFL1,6596,True,0.2334771944970924,1.7509670858657236,0.27562925,66,False,False,False,False,False,False,False,False
ENSG00000070366,ENSG00000070366,SMG6,3409,True,0.12220840142817878,1.7549334608599372,0.27496374,66,False,False,False,False,False,False,False,False
ENSG00000205268,ENSG00000205268,PDE7A,8905,True,0.3202097353171233,1.7743928767262318,0.2748939,66,False,False,False,False,False,False,False,False
ENSG00000244625,ENSG00000244625,MIATNB,2464,True,0.09531371434574255,1.7558717338579022,0.27452162,66,False,False,False,False,False,False,False,False
ENSG00000256223,ENSG00000256223,ZNF10,1712,True,0.07010186026645965,1.7567131949002777,0.27450106,66,False,False,False,False,False,False,False,False
ENSG00000176095,ENSG00000176095,IP6K1,3128,True,0.11263683737661681,1.755064287263702,0.27323824,66,False,False,False,False,False,False,False,False
ENSG00000197969,ENSG00000197969,VPS13A,5739,True,0.20892110007790787,1.7516950168985226,0.2728072,66,False,False,False,False,False,False,False,False
ENSG00000234444,ENSG00000234444,ZNF736,2138,True,0.08282122024113013,1.7528687327757746,0.2723115,66,False,False,False,False,False,False,False,False
ENSG00000162601,ENSG00000162601,MYSM1,5392,True,0.19258042124807975,1.7538692546823642,0.27217972,66,False,False,False,False,False,False,False,False
ENSG00000173264,ENSG00000173264,GPR137,3041,True,0.11444542223609556,1.7528503794456698,0.2701906,66,False,False,False,False,False,False,False,False
ENSG00000139433,ENSG00000139433,GLTP,7873,True,0.2836422713463647,1.762410225123277,0.26968792,66,False,False,False,False,False,False,False,False
ENSG00000141026,ENSG00000141026,MED9,1920,True,0.07173077830622285,1.75556023432394,0.26837966,66,False,False,False,False,False,False,False,False
ENSG00000077097,ENSG00000077097,TOP2B,7313,True,0.25679499847640785,1.759811187778003,0.26746368,66,False,False,False,False,False,False,False,False
ENSG00000127720,ENSG00000127720,METTL25,1440,True,0.055476585743600176,1.748047620247968,0.26585782,66,False,False,False,False,False,False,False,False
ENSG00000168872,ENSG00000168872,DDX19A,3364,True,0.12392640465222456,1.7506353722511265,0.26374802,66,False,False,False,False,False,False,False,False
ENSG00000087087,ENSG00000087087,SRRT,5181,True,0.1874580767410876,1.7519066884353316,0.25933164,66,False,False,False,False,False,False,False,False
ENSG00000165506,ENSG00000165506,DNAAF2,5080,True,0.18624134708972706,1.748542361589245,0.2585501,66,False,False,False,False,False,False,False,False
ENSG00000264575,ENSG00000264575,LINC00526,754,True,0.030128550965794546,1.722468689214503,0.25800365,66,False,False,False,False,False,False,False,False
ENSG00000151422,ENSG00000151422,FER,1857,True,0.07231088558073824,1.752630518378674,0.25739273,66,False,False,False,False,False,False,False,False
ENSG00000213096,ENSG00000213096,ZNF254,2836,True,0.1087546113258639,1.7496241363544314,0.25612146,66,False,False,False,False,False,False,False,False
ENSG00000158092,ENSG00000158092,NCK1,6164,True,0.22649234238885604,1.7488203244568963,0.25597683,66,False,False,False,False,False,False,False,False
ENSG00000124406,ENSG00000124406,ATP8A1,4322,True,0.16183667410970767,1.7499384973557306,0.25576913,66,False,False,False,False,False,False,False,False
ENSG00000110665,ENSG00000110665,C11orf21,2471,True,0.09609861238670181,1.7499643707841883,0.25553367,66,False,False,False,False,False,False,False,False
ENSG00000118217,ENSG00000118217,ATF6,5667,True,0.20002927669745113,1.7458271305786868,0.25400928,66,False,False,False,False,False,False,False,False
ENSG00000169871,ENSG00000169871,TRIM56,3865,True,0.13899856940043342,1.7472698693158533,0.25237933,66,False,False,False,False,False,False,False,False
ENSG00000167543,ENSG00000167543,TP53I13,4194,True,0.15810069625744502,1.751406277890637,0.25230536,66,False,False,False,False,False,False,False,False
ENSG00000140943,ENSG00000140943,MBTPS1,5025,True,0.1786281042155398,1.7508590602276655,0.2518856,66,False,False,False,False,False,False,False,False
ENSG00000172613,ENSG00000172613,RAD9A,4855,True,0.17783221064978275,1.7496207541027182,0.25099072,66,False,False,False,False,False,False,False,False
ENSG00000158122,ENSG00000158122,PRXL2C,5033,True,0.18918030829399443,1.74758220134972,0.24893457,66,False,False,False,False,False,False,False,False
ENSG00000137845,ENSG00000137845,ADAM10,4961,True,0.17664291201696797,1.7476173347426447,0.24831703,66,False,False,False,False,False,False,False,False
ENSG00000102710,ENSG00000102710,SUPT20H,5334,True,0.19769267273621383,1.7467059267958034,0.24828394,66,False,False,False,False,False,False,False,False
ENSG00000079134,ENSG00000079134,THOC1,4244,True,0.15274546358381028,1.746086180430292,0.24801397,66,False,False,False,False,False,False,False,False
ENSG00000171135,ENSG00000171135,JAGN1,6682,True,0.23764934501398563,1.7508284107863523,0.24604256,66,False,False,False,False,False,False,False,False
ENSG00000005339,ENSG00000005339,CREBBP,7129,True,0.24674157685497325,1.752738551981028,0.24451269,66,False,False,False,False,False,False,False,False
ENSG00000100280,ENSG00000100280,AP1B1,5787,True,0.20517250095158943,1.7500063424537375,0.24295872,66,False,False,False,False,False,False,False,False
ENSG00000078142,ENSG00000078142,PIK3C3,3700,True,0.13377058114684603,1.7481214219503836,0.24265237,66,False,False,False,False,False,False,False,False
ENSG00000178764,ENSG00000178764,ZHX2,3153,True,0.11960302962314856,1.7502241211705318,0.24221684,66,False,False,False,False,False,False,False,False
ENSG00000135775,ENSG00000135775,COG2,3215,True,0.1179834962092,1.7460120534560353,0.24000423,66,False,False,False,False,False,False,False,False
ENSG00000221978,ENSG00000221978,CCNL2,7104,True,0.25043955302812565,1.7518512997385804,0.23960595,66,False,False,False,False,False,False,False,False
ENSG00000267321,ENSG00000267321,SNHG30,4949,True,0.18642179846212317,1.745997713209165,0.23861244,66,False,False,False,False,False,False,False,False
ENSG00000109220,ENSG00000109220,CHIC2,4640,True,0.17603621587651788,1.7427282372396027,0.23436858,66,False,False,False,False,False,False,False,False
ENSG00000030066,ENSG00000030066,NUP160,6257,True,0.22235207697997839,1.746138147863501,0.23421957,66,False,False,False,False,False,False,False,False
ENSG00000100077,ENSG00000100077,GRK3,6255,True,0.22722984580596364,1.7467490744342238,0.23370706,66,False,False,False,False,False,False,False,False
ENSG00000076984,ENSG00000076984,MAP2K7,5580,True,0.1981560886328868,1.745004856354945,0.23302694,66,False,False,False,False,False,False,False,False
ENSG00000170473,ENSG00000170473,PYM1,8314,True,0.2957411046966572,1.7559876363679443,0.23205157,66,False,False,False,False,False,False,False,False
ENSG00000177383,ENSG00000177383,MAGEF1,4411,True,0.16422224162242152,1.7477307028670994,0.2277449,66,False,False,False,False,False,False,False,False
ENSG00000145723,ENSG00000145723,GIN1,1155,True,0.047295554666066546,1.7399469344122416,0.22006036,66,False,False,False,False,False,False,False,False
ENSG00000172175,ENSG00000172175,MALT1,8378,True,0.2953701060026697,1.7591970916784219,0.21618626,66,False,False,False,False,False,False,False,False
ENSG00000107949,ENSG00000107949,BCCIP,6762,True,0.23906539867069743,1.7380570083832416,0.21189502,66,False,False,False,False,False,False,False,False
ENSG00000043143,ENSG00000043143,JADE2,4903,True,0.17677498760437124,1.739878121519792,0.21144633,66,False,False,False,False,False,False,False,False
ENSG00000182247,ENSG00000182247,UBE2E2,9025,True,0.3331645240583796,1.766437336654934,0.203134,66,False,False,False,False,False,False,False,False
ENSG00000197858,ENSG00000197858,GPAA1,7069,True,0.24856563388291833,1.7366891990898474,0.19017966,66,False,False,False,False,False,False,False,False
ENSG00000244509,ENSG00000244509,APOBEC3C,16059,True,0.5422903719903013,1.8017694100491204,0.5107054,65,False,False,False,False,False,False,False,False
ENSG00000185507,ENSG00000185507,IRF7,13225,True,0.4563843268738811,1.7964409878333525,0.50632507,65,False,False,False,False,False,False,False,True
ENSG00000170873,ENSG00000170873,MTSS1,19370,True,0.6225269726470709,1.812667435104816,0.48757544,65,False,False,False,False,False,False,False,False
ENSG00000144445,ENSG00000144445,KANSL1L,706,True,0.029993440733861385,1.7457356235236938,0.46270245,65,False,False,False,False,False,False,False,False
ENSG00000176927,ENSG00000176927,EFCAB5,397,True,0.0172078325475932,1.6909110329948647,0.45542908,65,False,False,False,False,False,False,False,False
ENSG00000242474,ENSG00000242474,LINC03015,356,True,0.01623406987466801,1.7805194207714208,0.45472807,65,False,False,False,False,False,False,False,False
ENSG00000035720,ENSG00000035720,STAP1,11733,True,0.42581462450170077,1.7946050674969518,0.45269275,65,False,False,False,False,False,False,False,False
ENSG00000082996,ENSG00000082996,RNF13,10859,True,0.3852380976117273,1.7961774610387204,0.4526159,65,False,False,False,False,False,False,False,False
ENSG00000158417,ENSG00000158417,EIF5B,22665,True,0.737008198709357,1.8230906410949415,0.44374737,65,False,False,False,False,False,False,False,False
ENSG00000157500,ENSG00000157500,APPL1,18645,True,0.6164694730388954,1.806110249270106,0.4358969,65,False,False,False,False,False,False,False,False
ENSG00000168734,ENSG00000168734,PKIG,20587,True,0.6761403188498636,1.8121399222256789,0.43240094,65,False,False,False,False,False,False,False,False
ENSG00000167555,ENSG00000167555,ZNF528,1326,True,0.05243661936162613,1.7269110659736666,0.4241668,65,False,False,False,False,False,False,False,False
ENSG00000071243,ENSG00000071243,ING3,10989,True,0.39678627095395014,1.7873584201513901,0.4069432,65,False,False,False,False,False,False,False,False
ENSG00000168421,ENSG00000168421,RHOH,29215,True,0.8941098040932874,1.8349689185232223,0.40543294,65,False,False,False,False,False,False,False,False
ENSG00000112195,ENSG00000112195,TREML2,441,True,0.0183622387203866,1.671377206123809,0.40471262,65,False,False,False,False,False,False,False,False
ENSG00000130518,ENSG00000130518,IQCN,891,True,0.0333542643962986,1.710361988792576,0.39390007,65,False,False,False,False,False,False,False,False
ENSG00000010818,ENSG00000010818,HIVEP2,1642,True,0.06150377657915422,1.7816677168331465,0.38754046,65,False,False,False,False,False,False,False,False
ENSG00000135925,ENSG00000135925,WNT10A,1401,True,0.05827512806426807,1.7499552063073842,0.38503456,65,False,False,False,False,False,False,False,False
ENSG00000181894,ENSG00000181894,ZNF329,759,True,0.030974818306343122,1.731942933768601,0.38146332,65,False,False,False,False,False,False,False,False
ENSG00000168036,ENSG00000168036,CTNNB1,9082,True,0.34449518615638064,1.7821343939401204,0.3796161,65,False,False,False,False,False,False,False,False
ENSG00000165209,ENSG00000165209,STRBP,19671,True,0.6498179337708666,1.7996043150827774,0.3669255,65,False,False,False,False,False,False,False,False
ENSG00000272523,ENSG00000272523,LINC01023,1020,True,0.04319523931127095,1.7729847960348109,0.3592308,65,False,False,False,False,False,False,False,False
ENSG00000008441,ENSG00000008441,NFIX,667,True,0.028552618122326723,1.771745977005537,0.35368204,65,False,False,False,False,False,False,False,False
ENSG00000154451,ENSG00000154451,GBP5,2113,True,0.0795977724807372,1.7731309272073057,0.35109514,65,False,False,False,False,False,False,False,False
ENSG00000203666,ENSG00000203666,EFCAB2,1998,True,0.07845615341091128,1.7697590271352872,0.35074803,65,False,False,False,False,False,False,False,False
ENSG00000171105,ENSG00000171105,INSR,917,True,0.04059510139438874,1.77881969181581,0.35027674,65,False,False,False,False,False,False,False,False
ENSG00000198771,ENSG00000198771,RCSD1,35227,True,1.001204608711724,1.8399217993996422,0.3497467,65,False,False,False,False,False,False,False,False
ENSG00000266714,ENSG00000266714,MYO15B,1676,True,0.06626046265614115,1.770707757871457,0.3414063,65,False,False,False,False,False,False,False,False
ENSG00000255135,ENSG00000255135,EMSY-DT,1702,True,0.06971756344504934,1.7694326688059225,0.34054688,65,False,False,False,False,False,False,False,False
ENSG00000203326,ENSG00000203326,ZNF525,1352,True,0.05248080244047562,1.7708116982973592,0.3402863,65,False,False,False,False,False,False,False,False
ENSG00000236514,ENSG00000236514,ZNF248-AS1,775,True,0.032286791959761224,1.767172203900406,0.3399227,65,False,False,False,False,False,False,False,False
ENSG00000106415,ENSG00000106415,GLCCI1,2668,True,0.10286020033902778,1.7729977331525715,0.33842692,65,False,False,False,False,False,False,False,False
ENSG00000172292,ENSG00000172292,CERS6,2115,True,0.0855544964178831,1.7687578384880225,0.33652505,65,False,False,False,False,False,False,False,False
ENSG00000100578,ENSG00000100578,KIAA0586,3732,True,0.14202586917005822,1.767895118759425,0.3354645,65,False,False,False,False,False,False,False,False
ENSG00000171466,ENSG00000171466,ZNF562,1371,True,0.05455408125352262,1.7720809527083714,0.3346066,65,False,False,False,False,False,False,False,False
ENSG00000100461,ENSG00000100461,RBM23,17893,True,0.5924807248470771,1.7931688824164944,0.33028382,65,False,False,False,False,False,False,False,False
ENSG00000130653,ENSG00000130653,PNPLA7,900,True,0.03703092638909846,1.766307152662099,0.32944307,65,False,False,False,False,False,False,False,False
ENSG00000140463,ENSG00000140463,BBS4,1306,True,0.05269484787049332,1.7650497855391871,0.32907024,65,False,False,False,False,False,False,False,False
ENSG00000272288,ENSG00000272288,ILRUN-AS1,1851,True,0.0749999277951747,1.7673035686363072,0.32831976,65,False,False,False,False,False,False,False,False
ENSG00000131127,ENSG00000131127,ZNF141,2397,True,0.08996215915032901,1.7372144203571507,0.32817242,65,False,False,False,False,False,False,False,False
ENSG00000116984,ENSG00000116984,MTR,3588,True,0.12997238120407847,1.7653380929513025,0.32754588,65,False,False,False,False,False,False,False,False
ENSG00000172171,ENSG00000172171,TEFM,2163,True,0.08451810930692694,1.7637921797109584,0.3257479,65,False,False,False,False,False,False,False,False
ENSG00000196843,ENSG00000196843,ARID5A,6438,True,0.22972719310412518,1.7595422739122937,0.32380432,65,False,False,False,False,False,False,False,False
ENSG00000101849,ENSG00000101849,TBL1X,1990,True,0.07638686436873056,1.767679066042678,0.32377622,65,False,False,False,False,False,False,False,False
ENSG00000231439,ENSG00000231439,WASIR2,972,True,0.0396544486227777,1.7370873080667408,0.3205649,65,False,False,False,False,False,False,False,False
ENSG00000120647,ENSG00000120647,CCDC77,1244,True,0.04941631598496144,1.7647839699039165,0.31717503,65,False,False,False,False,False,False,False,False
ENSG00000111144,ENSG00000111144,LTA4H,21120,True,0.6760130324871558,1.803042218268445,0.31620455,65,False,False,False,False,False,False,False,False
ENSG00000134352,ENSG00000134352,IL6ST,2839,True,0.10723415287280118,1.764344658772656,0.3155577,65,False,False,False,False,False,False,False,False
ENSG00000185278,ENSG00000185278,ZBTB37,2020,True,0.07508027663882298,1.7620287640091592,0.3148224,65,False,False,False,False,False,False,False,False
ENSG00000157350,ENSG00000157350,ST3GAL2,1764,True,0.06911309325714121,1.765568373980834,0.31303027,65,False,False,False,False,False,False,False,False
ENSG00000175595,ENSG00000175595,ERCC4,1936,True,0.07613675512426829,1.7592652006216176,0.31286973,65,False,False,False,False,False,False,False,False
ENSG00000245556,ENSG00000245556,SCAMP1-AS1,2924,True,0.11049031095650531,1.7633925799321697,0.31094608,65,False,False,False,False,False,False,False,False
ENSG00000155016,ENSG00000155016,CYP2U1,1522,True,0.057363565602961075,1.7606445903187704,0.30998814,65,False,False,False,False,False,False,False,False
ENSG00000149716,ENSG00000149716,LTO1,2336,True,0.09016063431007222,1.7622617376992837,0.30920273,65,False,False,False,False,False,False,False,False
ENSG00000203950,ENSG00000203950,RTL8A,1468,True,0.05969220447959597,1.7651550865402486,0.30868116,65,False,False,False,False,False,False,False,False
ENSG00000100079,ENSG00000100079,LGALS2,3975,True,0.15604450344681256,1.7623743567352192,0.3064129,65,False,False,False,False,False,False,False,False
ENSG00000185917,ENSG00000185917,SETD4,1716,True,0.06645526782616894,1.7610105366947761,0.30604053,65,False,False,False,False,False,False,False,False
ENSG00000107201,ENSG00000107201,RIGI,3923,True,0.14708050967060815,1.7644382585045693,0.30545983,65,False,False,False,False,False,False,False,False
ENSG00000068912,ENSG00000068912,ERLEC1,7696,True,0.2812633787081904,1.7707572721079594,0.30457407,65,False,False,False,False,False,False,False,False
ENSG00000182919,ENSG00000182919,C11orf54,2412,True,0.09348169287383593,1.75844372201622,0.30217153,65,False,False,False,False,False,False,False,False
ENSG00000121274,ENSG00000121274,TENT4B,2241,True,0.08732553379157736,1.7623771266059947,0.30203006,65,False,False,False,False,False,False,False,False
ENSG00000154059,ENSG00000154059,IMPACT,2144,True,0.08195062540689808,1.7582745467180034,0.3015536,65,False,False,False,False,False,False,False,False
ENSG00000069974,ENSG00000069974,RAB27A,3548,True,0.1334237338895382,1.7577926242027075,0.30083957,65,False,False,False,False,False,False,False,False
ENSG00000150776,ENSG00000150776,NKAPD1,3584,True,0.13050485365169628,1.7595769609898022,0.30033767,65,False,False,False,False,False,False,False,False
ENSG00000198814,ENSG00000198814,GK,1094,True,0.04373658705250922,1.7324999809361783,0.29971826,65,False,False,False,False,False,False,False,False
ENSG00000198964,ENSG00000198964,SGMS1,2507,True,0.09378496965478508,1.759707533270437,0.29865527,65,False,False,False,False,False,False,False,False
ENSG00000182307,ENSG00000182307,C8orf33,8072,True,0.2998785717997283,1.7647652519260597,0.2960375,65,False,False,False,False,False,False,False,False
ENSG00000167799,ENSG00000167799,NUDT8,1372,True,0.053916615576106254,1.7592281969965988,0.29364383,65,False,False,False,False,False,False,False,False
ENSG00000186166,ENSG00000186166,CENATAC,3077,True,0.1139719636622071,1.7622074029796997,0.29340458,65,False,False,False,False,False,False,False,False
ENSG00000157184,ENSG00000157184,CPT2,983,True,0.03686386033372821,1.7551017086190805,0.29304817,65,False,False,False,False,False,False,False,False
ENSG00000204138,ENSG00000204138,PHACTR4,5473,True,0.195568485008305,1.7570886007659063,0.29273486,65,False,False,False,False,False,False,False,False
ENSG00000110077,ENSG00000110077,MS4A6A,4280,True,0.1676562523148712,1.761193327841302,0.2923023,65,False,False,False,False,False,False,False,False
ENSG00000083812,ENSG00000083812,ZNF324,1190,True,0.046506635096530524,1.7283066039553427,0.2914819,65,False,False,False,False,False,False,False,False
ENSG00000070761,ENSG00000070761,CFAP20,3474,True,0.13508064148671298,1.756252387364581,0.29072487,65,False,False,False,False,False,False,False,False
ENSG00000104219,ENSG00000104219,ZDHHC2,2988,True,0.12187176489684268,1.7551169632997359,0.2878404,65,False,False,False,False,False,False,False,False
ENSG00000087338,ENSG00000087338,GMCL1,4706,True,0.17458766571572867,1.7577764796918556,0.2852211,65,False,False,False,False,False,False,False,False
ENSG00000149084,ENSG00000149084,HSD17B12,4576,True,0.16529823393535606,1.7589184928604533,0.28479716,65,False,False,False,False,False,False,False,False
ENSG00000164306,ENSG00000164306,PRIMPOL,1532,True,0.059394681520463684,1.7569211813707033,0.28459698,65,False,False,False,False,False,False,False,False
ENSG00000106993,ENSG00000106993,CDC37L1,2454,True,0.09454342663105299,1.7584409590374448,0.28450963,65,False,False,False,False,False,False,False,False
ENSG00000168887,ENSG00000168887,C2orf68,3890,True,0.1477833682748591,1.756333971970232,0.28286618,65,False,False,False,False,False,False,False,False
ENSG00000260349,ENSG00000260349,ENSG00000260349,2269,True,0.08576326352581741,1.7565780340887287,0.2825877,65,False,False,False,False,False,False,False,False
ENSG00000138434,ENSG00000138434,ITPRID2,1706,True,0.06541871041873787,1.7580744091928506,0.28144324,65,False,False,False,False,False,False,False,False
ENSG00000096717,ENSG00000096717,SIRT1,2519,True,0.09219306576469677,1.7577758236680447,0.2809631,65,False,False,False,False,False,False,False,False
ENSG00000100485,ENSG00000100485,SOS2,2819,True,0.10382082937896843,1.7563353616756097,0.27865976,65,False,False,False,False,False,False,False,False
ENSG00000144827,ENSG00000144827,ABHD10,2728,True,0.10756112599887006,1.7568146413983436,0.27847534,65,False,False,False,False,False,False,False,False
ENSG00000225889,ENSG00000225889,ENSG00000225889,3243,True,0.11759730891738944,1.7523406937361072,0.27662587,65,False,False,False,False,False,False,False,False
ENSG00000147316,ENSG00000147316,MCPH1,5877,True,0.2053450868762101,1.7602763163153023,0.27640787,65,False,False,False,False,False,False,False,False
ENSG00000213689,ENSG00000213689,TREX1,6181,True,0.2205729061588114,1.7565772894871223,0.27561554,65,False,False,False,False,False,False,False,False
ENSG00000137822,ENSG00000137822,TUBGCP4,2028,True,0.07730842441908795,1.7536056880231705,0.27517864,65,False,False,False,False,False,False,False,False
ENSG00000155744,ENSG00000155744,HYCC2,5902,True,0.2189601321863669,1.758104165919689,0.2737281,65,False,False,False,False,False,False,False,False
ENSG00000265739,ENSG00000265739,ENSG00000265739,1615,True,0.06582596606376188,1.754680302509698,0.27334604,65,False,False,False,False,False,False,False,False
ENSG00000160208,ENSG00000160208,RRP1B,4440,True,0.15722716379353976,1.7559021653233715,0.27324086,65,False,False,False,False,False,False,False,False
ENSG00000159579,ENSG00000159579,RSPRY1,2435,True,0.09191480947874711,1.7523545277302999,0.27278805,65,False,False,False,False,False,False,False,False
ENSG00000166311,ENSG00000166311,SMPD1,2330,True,0.08948240847964768,1.7525410937141408,0.27251574,65,False,False,False,False,False,False,False,False
ENSG00000169660,ENSG00000169660,HEXD,3902,True,0.14404360526288496,1.7527238035521444,0.2724464,65,False,False,False,False,False,False,False,False
ENSG00000100359,ENSG00000100359,SGSM3,7169,True,0.25927875966580466,1.7621984683726901,0.27127638,65,False,False,False,False,False,False,False,False
ENSG00000138035,ENSG00000138035,PNPT1,3940,True,0.14623063306233533,1.7556044873263774,0.27114382,65,False,False,False,False,False,False,False,False
ENSG00000196456,ENSG00000196456,ZNF775,6331,True,0.23058583880558894,1.7535890087530985,0.27034894,65,False,False,False,False,False,False,False,False
ENSG00000151239,ENSG00000151239,TWF1,3501,True,0.13114395197337367,1.752716985944584,0.27002233,65,False,False,False,False,False,False,False,False
ENSG00000183401,ENSG00000183401,CCDC159,3439,True,0.1278088872340025,1.7506525438650236,0.26946282,65,False,False,False,False,False,False,False,False
ENSG00000226688,ENSG00000226688,ENTPD1-AS1,2454,True,0.0963380775353324,1.7537497020651294,0.2687098,65,False,False,False,False,False,False,False,False
ENSG00000036549,ENSG00000036549,ZZZ3,3822,True,0.14141897783754026,1.7484111531253073,0.2683783,65,False,False,False,False,False,False,False,False
ENSG00000105699,ENSG00000105699,LSR,1884,True,0.071971810279448,1.753605592072721,0.26763415,65,False,False,False,False,False,False,False,False
ENSG00000163364,ENSG00000163364,LINC01116,2915,True,0.12282171466742325,1.7519833038755388,0.26634336,65,False,False,False,False,False,False,False,False
ENSG00000154305,ENSG00000154305,MIA3,9277,True,0.31927532550063914,1.7633634999154588,0.26535723,65,False,False,False,False,False,False,False,False
ENSG00000169609,ENSG00000169609,C15orf40,7714,True,0.28371901904349495,1.7556203915520863,0.26465163,65,False,False,False,False,False,False,False,False
ENSG00000165322,ENSG00000165322,ARHGAP12,2941,True,0.10729491449182338,1.7497377967692385,0.26326337,65,False,False,False,False,False,False,False,False
ENSG00000170017,ENSG00000170017,ALCAM,2713,True,0.10032924609470123,1.7464911617985548,0.26315486,65,False,False,False,False,False,False,False,False
ENSG00000136141,ENSG00000136141,LRCH1,2941,True,0.11102582636855553,1.749022515450921,0.26053533,65,False,False,False,False,False,False,False,False
ENSG00000163755,ENSG00000163755,HPS3,4484,True,0.168571704934099,1.7521664686600615,0.26016366,65,False,False,False,False,False,False,False,False
ENSG00000101856,ENSG00000101856,PGRMC1,3370,True,0.12948843111546593,1.7514885331521102,0.2586239,65,False,False,False,False,False,False,False,False
ENSG00000121552,ENSG00000121552,CSTA,4469,True,0.1717617038026409,1.7489953258871744,0.25834513,65,False,False,False,False,False,False,False,False
ENSG00000132275,ENSG00000132275,RRP8,3315,True,0.12253880552848541,1.7523133973982752,0.2583091,65,False,False,False,False,False,False,False,False
ENSG00000169084,ENSG00000169084,DHRSX,3507,True,0.1314465126468105,1.7488063611745461,0.258232,65,False,False,False,False,False,False,False,False
ENSG00000164144,ENSG00000164144,ARFIP1,3343,True,0.12570468035213456,1.7513608999466774,0.25769743,65,False,False,False,False,False,False,False,False
ENSG00000204439,ENSG00000204439,C6orf47,2169,True,0.08136196564426822,1.7516277998963856,0.25547385,65,False,False,False,False,False,False,False,False
ENSG00000105849,ENSG00000105849,POLR1F,7403,True,0.26954313731832313,1.7604621531957407,0.25480983,65,False,False,False,False,False,False,False,False
ENSG00000105662,ENSG00000105662,CRTC1,1368,True,0.05276104962057814,1.7201185133786965,0.2538291,65,False,False,False,False,False,False,False,False
ENSG00000108840,ENSG00000108840,HDAC5,4715,True,0.17304646437460258,1.7507965177776794,0.2522404,65,False,False,False,False,False,False,False,False
ENSG00000176476,ENSG00000176476,SGF29,3895,True,0.14752057443182498,1.748699467883991,0.2517834,65,False,False,False,False,False,False,False,False
ENSG00000166783,ENSG00000166783,MARF1,7987,True,0.2833558921730018,1.7683035612540556,0.24933618,65,False,False,False,False,False,False,False,False
ENSG00000117620,ENSG00000117620,SLC35A3,2778,True,0.10445155536928702,1.7469841232895993,0.24888355,65,False,False,False,False,False,False,False,False
ENSG00000165355,ENSG00000165355,FBXO33,4376,True,0.1667470028187579,1.7501746747626319,0.2488721,65,False,False,False,False,False,False,False,False
ENSG00000188647,ENSG00000188647,PTAR1,7977,True,0.2935561670167337,1.7601884836584174,0.24861792,65,False,False,False,False,False,False,False,False
ENSG00000143771,ENSG00000143771,CNIH4,4411,True,0.17370557028935288,1.746403274621697,0.24836048,65,False,False,False,False,False,False,False,False
ENSG00000114120,ENSG00000114120,SLC25A36,7886,True,0.27858707459114584,1.7537613532413716,0.24760497,65,False,False,False,False,False,False,False,False
ENSG00000179335,ENSG00000179335,CLK3,6345,True,0.23160417691498694,1.749477516201968,0.2471903,65,False,False,False,False,False,False,False,False
ENSG00000143390,ENSG00000143390,RFX5,5050,True,0.18497500848401618,1.7500893357343605,0.24556702,65,False,False,False,False,False,False,False,False
ENSG00000156711,ENSG00000156711,MAPK13,2114,True,0.0806391979572106,1.7480506803203346,0.24519509,65,False,False,False,False,False,False,False,False
ENSG00000011638,ENSG00000011638,LDAF1,2457,True,0.09091681076897219,1.750697412292296,0.24430044,65,False,False,False,False,False,False,False,False
ENSG00000144118,ENSG00000144118,RALB,6883,True,0.24811529822335682,1.74757821522255,0.24389815,65,False,False,False,False,False,False,False,False
ENSG00000082074,ENSG00000082074,FYB1,7573,True,0.26252631350125055,1.7599198268054261,0.24359562,65,False,False,False,False,False,False,False,False
ENSG00000125827,ENSG00000125827,TMX4,8612,True,0.29848521969798,1.7544509712652854,0.24200383,65,False,False,False,False,False,False,False,False
ENSG00000068745,ENSG00000068745,IP6K2,7889,True,0.2842655733553135,1.755245710357729,0.24186009,65,False,False,False,False,False,False,False,False
ENSG00000065357,ENSG00000065357,DGKA,5057,True,0.17731598525884126,1.7460060988007025,0.24123132,65,False,False,False,False,False,False,False,False
ENSG00000112367,ENSG00000112367,FIG4,4612,True,0.17155454415845905,1.7457600990231719,0.23921704,65,False,False,False,False,False,False,False,False
ENSG00000145414,ENSG00000145414,NAF1,2526,True,0.09903868261130334,1.7465564003836904,0.23869133,65,False,False,False,False,False,False,False,False
ENSG00000118518,ENSG00000118518,RNF146,2854,True,0.11007311727776874,1.7448056934690974,0.2381332,65,False,False,False,False,False,False,False,False
ENSG00000117602,ENSG00000117602,RCAN3,6760,True,0.24018358748229576,1.7552693141781774,0.23728156,65,False,False,False,False,False,False,False,False
ENSG00000170448,ENSG00000170448,NFXL1,1487,True,0.05627174439583024,1.7425111513371334,0.23702812,65,False,False,False,False,False,False,False,False
ENSG00000112146,ENSG00000112146,FBXO9,7326,True,0.2597809564687637,1.7516195251503925,0.23670344,65,False,False,False,False,False,False,False,False
ENSG00000113583,ENSG00000113583,C5orf15,3937,True,0.1460805535133465,1.7446311019964824,0.23623396,65,False,False,False,False,False,False,False,False
ENSG00000103423,ENSG00000103423,DNAJA3,3667,True,0.13611897262450115,1.7453453283325038,0.23599276,65,False,False,False,False,False,False,False,False
ENSG00000119688,ENSG00000119688,ABCD4,4256,True,0.1549573983731122,1.7468343516525608,0.23363547,65,False,False,False,False,False,False,False,False
ENSG00000183530,ENSG00000183530,PRR14L,3617,True,0.13130220741235557,1.7434647267502776,0.23262313,65,False,False,False,False,False,False,False,False
ENSG00000153815,ENSG00000153815,CMIP,5139,True,0.1931099293598434,1.7474506717321956,0.23235488,65,False,False,False,False,False,False,False,False
ENSG00000163743,ENSG00000163743,RCHY1,3500,True,0.13175764225445544,1.7426931706772466,0.23119807,65,False,False,False,False,False,False,False,False
ENSG00000180182,ENSG00000180182,MED14,2273,True,0.08401223241034467,1.7447264663988309,0.2309993,65,False,False,False,False,False,False,False,False
ENSG00000162520,ENSG00000162520,SYNC,4302,True,0.16498537066086782,1.745629008381311,0.23078041,65,False,False,False,False,False,False,False,False
ENSG00000107951,ENSG00000107951,MTPAP,2921,True,0.11062026031296526,1.7431945439430643,0.23004013,65,False,False,False,False,False,False,False,False
ENSG00000110395,ENSG00000110395,CBL,4049,True,0.14651963130695606,1.7444274311111279,0.2295349,65,False,False,False,False,False,False,False,False
ENSG00000241370,ENSG00000241370,RPP21,3430,True,0.13676783037695409,1.7446021017743076,0.22382566,65,False,False,False,False,False,False,False,False
ENSG00000112031,ENSG00000112031,MTRF1L,4263,True,0.15459894160092774,1.7410273066363238,0.2222051,65,False,False,False,False,False,False,False,False
ENSG00000103018,ENSG00000103018,CYB5B,6911,True,0.24259171010678623,1.7471476092752618,0.2188174,65,False,False,False,False,False,False,False,False
ENSG00000095209,ENSG00000095209,TMEM38B,4841,True,0.18330803228173573,1.741271328798399,0.21827695,65,False,False,False,False,False,False,False,False
ENSG00000178307,ENSG00000178307,TMEM11,4317,True,0.1606165273165072,1.7413648229766339,0.21633679,65,False,False,False,False,False,False,False,False
ENSG00000214087,ENSG00000214087,ARL16,6948,True,0.2512101534145886,1.7407142714776809,0.21201386,65,False,False,False,False,False,False,False,False
ENSG00000147050,ENSG00000147050,KDM6A,3337,True,0.12206982671830803,1.7400347852130529,0.2110157,65,False,False,False,False,False,False,False,False
ENSG00000171928,ENSG00000171928,TVP23B,1937,True,0.07682061740934026,1.73701627635365,0.20096073,65,False,False,False,False,False,False,False,False
ENSG00000125352,ENSG00000125352,RNF113A,7406,True,0.2656066208431489,1.7413715975974065,0.20079005,65,False,False,False,False,False,False,False,False
ENSG00000132323,ENSG00000132323,ILKAP,5738,True,0.20306522755530176,1.73698556664673,0.19380182,65,False,False,False,False,False,False,False,False
ENSG00000121481,ENSG00000121481,RNF2,2710,True,0.10402121504276356,1.734453712094201,0.1851313,65,False,False,False,False,False,False,False,False
ENSG00000111640,ENSG00000111640,GAPDH,58261,True,1.5588056121085077,1.9874817511492688,0.5801918,64,False,False,False,False,False,False,False,False
ENSG00000243646,ENSG00000243646,IL10RB,5282,True,0.19265793851127402,1.7879045838959655,0.5533452,64,False,False,False,False,False,False,False,False
ENSG00000167414,ENSG00000167414,GNG8,445,True,0.020939795060864706,1.750413241025632,0.54232574,64,False,False,False,False,False,False,False,False
ENSG00000110092,ENSG00000110092,CCND1,1102,True,0.042406026995451596,1.731216615200364,0.4807887,64,False,False,False,False,False,False,False,False
ENSG00000260278,ENSG00000260278,BMP2K-DT,645,True,0.028196614359346797,1.675975109930018,0.46135727,64,False,False,False,False,False,False,False,False
ENSG00000145734,ENSG00000145734,BDP1,17214,True,0.5605372011686952,1.8024627626892025,0.45515966,64,False,False,False,False,False,False,False,False
ENSG00000109881,ENSG00000109881,CCDC34,1313,True,0.05098338503352859,1.790383178275568,0.4522674,64,False,False,False,False,False,False,False,False
ENSG00000169994,ENSG00000169994,MYO7B,1231,True,0.04904256650993684,1.7954160345806123,0.45146796,64,False,False,False,False,False,False,False,False
ENSG00000023287,ENSG00000023287,RB1CC1,10774,True,0.3748789190728596,1.7915627299081764,0.4453601,64,False,False,False,False,False,False,False,False
ENSG00000215183,ENSG00000215183,MSMP,442,True,0.018781235856449825,1.681437269405215,0.44008982,64,False,False,False,False,False,False,False,False
ENSG00000170954,ENSG00000170954,ZNF415,341,True,0.014725155287205893,1.576259965127334,0.4195735,64,False,False,False,False,False,False,False,False
ENSG00000138433,ENSG00000138433,CIR1,19932,True,0.6438311569791452,1.8105313313989646,0.41380075,64,False,False,False,False,False,False,False,False
ENSG00000205784,ENSG00000205784,ARRDC5,871,True,0.033761877500174876,1.6974328679862765,0.40884322,64,False,False,False,False,False,False,False,False
ENSG00000129810,ENSG00000129810,SGO1,1758,True,0.07127771207316586,1.7845397438068717,0.40675294,64,False,False,False,False,False,False,False,False
ENSG00000158887,ENSG00000158887,MPZ,320,True,0.0138201056256122,1.6308305004063337,0.40358973,64,False,False,False,False,False,False,False,False
ENSG00000247746,ENSG00000247746,USP51,618,True,0.024820085785808375,1.7259264706095954,0.38267452,64,False,False,False,False,False,False,False,False
ENSG00000113140,ENSG00000113140,SPARC,1649,True,0.06865831271325579,1.7769629400566522,0.38106778,64,False,False,False,False,False,False,False,False
ENSG00000103489,ENSG00000103489,XYLT1,1136,True,0.045176512379617395,1.7821061016584105,0.38084668,64,False,False,False,False,False,False,False,False
ENSG00000128641,ENSG00000128641,MYO1B,857,True,0.03596811010416257,1.748308996518412,0.37921503,64,False,False,False,False,False,False,False,False
ENSG00000124120,ENSG00000124120,TTPAL,2100,True,0.08238886452713338,1.7775467632282618,0.37416062,64,False,False,False,False,False,False,False,False
ENSG00000161911,ENSG00000161911,TREML1,942,True,0.04165060894805209,1.720809054197815,0.37335005,64,False,False,False,False,False,False,False,False
ENSG00000167483,ENSG00000167483,NIBAN3,21991,True,0.7086350053753389,1.8145012761327686,0.37252113,64,False,False,False,False,False,False,False,False
ENSG00000115970,ENSG00000115970,THADA,2304,True,0.0867820299888428,1.7768192098640625,0.3672885,64,False,False,False,False,False,False,False,False
ENSG00000012124,ENSG00000012124,CD22,33787,True,1.0005050084180664,1.841128604356201,0.3642084,64,False,False,False,False,False,False,False,False
ENSG00000234545,ENSG00000234545,FAM133B,26305,True,0.8192217884712757,1.823681833899781,0.36218196,64,False,False,False,False,False,False,False,False
ENSG00000138032,ENSG00000138032,PPM1B,8296,True,0.29382422586933044,1.7785982299352219,0.35979447,64,False,False,False,False,False,False,False,False
ENSG00000186815,ENSG00000186815,TPCN1,1345,True,0.05310677707311335,1.7725875484174871,0.35876688,64,False,False,False,False,False,False,False,False
ENSG00000137441,ENSG00000137441,FGFBP2,2821,True,0.1069058810560714,1.7758497341129535,0.3529333,64,False,False,False,False,False,False,False,False
ENSG00000162408,ENSG00000162408,NOL9,2474,True,0.09019383198273899,1.7706586331649568,0.35193658,64,False,False,False,False,False,False,False,False
ENSG00000113522,ENSG00000113522,RAD50,8277,True,0.2880651474683778,1.7660245599207867,0.34015194,64,False,False,False,False,False,False,False,False
ENSG00000197841,ENSG00000197841,ZNF181,1291,True,0.051243652023093174,1.7358176436894956,0.3345853,64,False,False,False,False,False,False,False,False
ENSG00000111877,ENSG00000111877,MCM9,1890,True,0.06866554111542279,1.772380534196688,0.3334052,64,False,False,False,False,False,False,False,False
ENSG00000177272,ENSG00000177272,KCNA3,2328,True,0.08029651760748434,1.7635153875333816,0.3300829,64,False,False,False,False,False,False,False,False
ENSG00000107614,ENSG00000107614,TRDMT1,1246,True,0.047560048001352426,1.7680050892804198,0.32775965,64,False,False,False,False,False,False,False,False
ENSG00000037637,ENSG00000037637,FBXO42,2413,True,0.08804850495742317,1.7659397155273036,0.32753783,64,False,False,False,False,False,False,False,False
ENSG00000225880,ENSG00000225880,LINC00115,852,True,0.0351889839965026,1.6843055038509673,0.3252891,64,False,False,False,False,False,False,False,False
ENSG00000117280,ENSG00000117280,RAB29,8437,True,0.3005643360956443,1.7686915040562816,0.32291037,64,False,False,False,False,False,False,False,False
ENSG00000166762,ENSG00000166762,CATSPER2,1121,True,0.043374487152619906,1.7316957499282566,0.32054582,64,False,False,False,False,False,False,False,False
ENSG00000213020,ENSG00000213020,ZNF611,1749,True,0.06727433570711652,1.7676523833667561,0.31960952,64,False,False,False,False,False,False,False,False
ENSG00000237499,ENSG00000237499,WAKMAR2,1562,True,0.05998891581965738,1.7615672133044507,0.31946275,64,False,False,False,False,False,False,False,False
ENSG00000197863,ENSG00000197863,ZNF790,1452,True,0.05706277719216903,1.7630209803134138,0.31701705,64,False,False,False,False,False,False,False,False
ENSG00000101343,ENSG00000101343,CRNKL1,3796,True,0.14082156788745356,1.76256245986008,0.31431547,64,False,False,False,False,False,False,False,False
ENSG00000171503,ENSG00000171503,ETFDH,2406,True,0.08791712118814896,1.762621322651129,0.3111022,64,False,False,False,False,False,False,False,False
ENSG00000129535,ENSG00000129535,NRL,1080,True,0.0448098635351128,1.7624466744144458,0.3103359,64,False,False,False,False,False,False,False,False
ENSG00000102349,ENSG00000102349,KLF8,1824,True,0.0703024970208733,1.7586615509832741,0.30481076,64,False,False,False,False,False,False,False,False
ENSG00000101928,ENSG00000101928,MOSPD1,1858,True,0.07261476963550705,1.760075804198416,0.30421788,64,False,False,False,False,False,False,False,False
ENSG00000249437,ENSG00000249437,NAIP,2763,True,0.10232038953266881,1.7613658727954364,0.30377552,64,False,False,False,False,False,False,False,False
ENSG00000131732,ENSG00000131732,ZCCHC9,3488,True,0.12809239018338767,1.7597300597567438,0.30078053,64,False,False,False,False,False,False,False,False
ENSG00000151233,ENSG00000151233,GXYLT1,2957,True,0.11528119503024442,1.761142994274107,0.3003765,64,False,False,False,False,False,False,False,False
ENSG00000244462,ENSG00000244462,RBM12,2480,True,0.09405700721352077,1.7609127689155024,0.29987693,64,False,False,False,False,False,False,False,False
ENSG00000152213,ENSG00000152213,ARL11,2347,True,0.0901895713635267,1.7576248318379775,0.29921818,64,False,False,False,False,False,False,False,False
ENSG00000175073,ENSG00000175073,VCPIP1,3740,True,0.13851774904022676,1.7581356289180496,0.2956281,64,False,False,False,False,False,False,False,False
ENSG00000182923,ENSG00000182923,CEP63,5216,True,0.1873943135780802,1.7587390868062232,0.29560825,64,False,False,False,False,False,False,False,False
ENSG00000273221,ENSG00000273221,ENSG00000273221,1413,True,0.05983574807367698,1.762750376962019,0.29469433,64,False,False,False,False,False,False,False,False
ENSG00000133393,ENSG00000133393,CEP20,3953,True,0.1486546359819127,1.7588591695837954,0.29428905,64,False,False,False,False,False,False,False,False
ENSG00000157540,ENSG00000157540,DYRK1A,3768,True,0.14166568788936,1.7610803784870435,0.29341066,64,False,False,False,False,False,False,False,False
ENSG00000143951,ENSG00000143951,WDPCP,1557,True,0.05830116550370546,1.76131939968,0.29272276,64,False,False,False,False,False,False,False,False
ENSG00000129680,ENSG00000129680,MAP7D3,5222,True,0.19377440320165018,1.7549034762121751,0.2922451,64,False,False,False,False,False,False,False,False
ENSG00000232490,ENSG00000232490,OSBPL10-AS1,6313,True,0.22785694202743467,1.7609525733718185,0.29222578,64,False,False,False,False,False,False,False,False
ENSG00000070718,ENSG00000070718,AP3M2,2766,True,0.1101155998239828,1.75781975154594,0.290469,64,False,False,False,False,False,False,False,False
ENSG00000238083,ENSG00000238083,LRRC37A2,1606,True,0.06078726461060189,1.7597793068516885,0.29042208,64,False,False,False,False,False,False,False,False
ENSG00000178935,ENSG00000178935,ZNF552,1394,True,0.05605132723884994,1.7611199092312624,0.29015943,64,False,False,False,False,False,False,False,False
ENSG00000101882,ENSG00000101882,NKAP,7644,True,0.27361334020789085,1.7595750797629455,0.28950348,64,False,False,False,False,False,False,False,False
ENSG00000118600,ENSG00000118600,RXYLT1,2834,True,0.1075161574122117,1.7555166586867195,0.2889282,64,False,False,False,False,False,False,False,False
ENSG00000103540,ENSG00000103540,CCP110,2471,True,0.0943437587135,1.7584447315481357,0.2885908,64,False,False,False,False,False,False,False,False
ENSG00000101126,ENSG00000101126,ADNP,3675,True,0.14307016878889847,1.7573545199935174,0.28604096,64,False,False,False,False,False,False,False,False
ENSG00000114126,ENSG00000114126,TFDP2,5155,True,0.1876868713049892,1.7560343023429956,0.28423792,64,False,False,False,False,False,False,False,False
ENSG00000118620,ENSG00000118620,ZNF430,8593,True,0.30296023315183884,1.7686188624507237,0.28422242,64,False,False,False,False,False,False,False,False
ENSG00000005889,ENSG00000005889,ZFX,8474,True,0.3020593602588193,1.7751908112527865,0.28356344,64,False,False,False,False,False,False,False,False
ENSG00000144802,ENSG00000144802,NFKBIZ,8979,True,0.31519920403234086,1.7726125941352189,0.28247467,64,False,False,False,False,False,False,False,False
ENSG00000127328,ENSG00000127328,RAB3IP,2452,True,0.09311023972485767,1.7556869777212591,0.28232273,64,False,False,False,False,False,False,False,False
ENSG00000171475,ENSG00000171475,WIPF2,3776,True,0.1380925444358095,1.755438431238507,0.2802024,64,False,False,False,False,False,False,False,False
ENSG00000160993,ENSG00000160993,ALKBH4,1898,True,0.07075310805834302,1.7569630300756656,0.2788622,64,False,False,False,False,False,False,False,False
ENSG00000147872,ENSG00000147872,PLIN2,5010,True,0.18134979260847522,1.7536072249057106,0.27881846,64,False,False,False,False,False,False,False,False
ENSG00000126882,ENSG00000126882,FAM78A,2643,True,0.1009500379162863,1.753546888064777,0.27878168,64,False,False,False,False,False,False,False,False
ENSG00000204514,ENSG00000204514,ZNF814,3732,True,0.1391614115900526,1.7554909790190285,0.27836373,64,False,False,False,False,False,False,False,False
ENSG00000151694,ENSG00000151694,ADAM17,7481,True,0.27553815369913726,1.7670996105811851,0.2775739,64,False,False,False,False,False,False,False,False
ENSG00000244198,ENSG00000244198,ARHGEF35-AS1,712,True,0.027066978181504078,1.6484750787062579,0.2764298,64,False,False,False,False,False,False,False,False
ENSG00000100601,ENSG00000100601,ALKBH1,845,True,0.03304638458579232,1.7563791404565294,0.27625063,64,False,False,False,False,False,False,False,False
ENSG00000100596,ENSG00000100596,SPTLC2,4014,True,0.14745925030975163,1.7542143036222848,0.276133,64,False,False,False,False,False,False,False,False
ENSG00000214900,ENSG00000214900,LINC01588,2934,True,0.11274455561398809,1.752969366338411,0.27439624,64,False,False,False,False,False,False,False,False
ENSG00000138081,ENSG00000138081,FBXO11,5718,True,0.20795507031874913,1.755230867278533,0.27436006,64,False,False,False,False,False,False,False,False
ENSG00000197013,ENSG00000197013,ZNF429,3330,True,0.12952975349927798,1.7560759584012515,0.27404723,64,False,False,False,False,False,False,False,False
ENSG00000162959,ENSG00000162959,MEMO1,3395,True,0.13061184634838163,1.7548297193699864,0.27349168,64,False,False,False,False,False,False,False,False
ENSG00000130803,ENSG00000130803,ZNF317,1802,True,0.0691909773173104,1.7563451892878066,0.2729918,64,False,False,False,False,False,False,False,False
ENSG00000147419,ENSG00000147419,CCDC25,9621,True,0.34084510611926966,1.771959675510612,0.2727678,64,False,False,False,False,False,False,False,False
ENSG00000165156,ENSG00000165156,ZHX1,3130,True,0.11549250650717577,1.7523322877751482,0.2727236,64,False,False,False,False,False,False,False,False
ENSG00000168672,ENSG00000168672,LRATD2,576,True,0.023330088265372636,1.6771252152854776,0.27190873,64,False,False,False,False,False,False,False,False
ENSG00000107651,ENSG00000107651,SEC23IP,3123,True,0.11740842869500669,1.7505235130711974,0.26999542,64,False,False,False,False,False,False,False,False
ENSG00000089775,ENSG00000089775,ZBTB25,3927,True,0.14651604910529367,1.7547057971429332,0.269564,64,False,False,False,False,False,False,False,False
ENSG00000124731,ENSG00000124731,TREM1,1186,True,0.045233417047870525,1.7508630288771234,0.2692692,64,False,False,False,False,False,False,False,False
ENSG00000175279,ENSG00000175279,CENPS,983,True,0.03800667114071633,1.7488764282914273,0.2687505,64,False,False,False,False,False,False,False,False
ENSG00000198301,ENSG00000198301,SDAD1,8340,True,0.2935134287981939,1.7574571759408493,0.2683698,64,False,False,False,False,False,False,False,False
ENSG00000214106,ENSG00000214106,PAXIP1-AS2,1320,True,0.04976570889304306,1.7564350197396352,0.2680639,64,False,False,False,False,False,False,False,False
ENSG00000181744,ENSG00000181744,DIPK2A,2556,True,0.09280513516445271,1.7509825353934112,0.26803464,64,False,False,False,False,False,False,False,False
ENSG00000162419,ENSG00000162419,GMEB1,3138,True,0.11381379168527093,1.7514536905966027,0.2677367,64,False,False,False,False,False,False,False,False
ENSG00000162600,ENSG00000162600,OMA1,4847,True,0.1828563256393607,1.7521312163020886,0.26757014,64,False,False,False,False,False,False,False,False
ENSG00000171109,ENSG00000171109,MFN1,4484,True,0.167726393481699,1.7532521248108646,0.26745874,64,False,False,False,False,False,False,False,False
ENSG00000167595,ENSG00000167595,PROSER3,1908,True,0.07172931299233488,1.722202003998597,0.2669259,64,False,False,False,False,False,False,False,False
ENSG00000181035,ENSG00000181035,SLC25A42,3949,True,0.14559049454201592,1.753727659902188,0.26685268,64,False,False,False,False,False,False,False,False
ENSG00000117528,ENSG00000117528,ABCD3,1801,True,0.06953203646379179,1.753171285879998,0.26674402,64,False,False,False,False,False,False,False,False
ENSG00000162923,ENSG00000162923,WDR26,5301,True,0.19302706019806665,1.752636598584587,0.26629177,64,False,False,False,False,False,False,False,False
ENSG00000133460,ENSG00000133460,SLC2A11,3493,True,0.12838198691828512,1.7518034075654285,0.26588923,64,False,False,False,False,False,False,False,False
ENSG00000089234,ENSG00000089234,BRAP,2401,True,0.08928719857160707,1.721703683168903,0.26550984,64,False,False,False,False,False,False,False,False
ENSG00000146834,ENSG00000146834,MEPCE,3301,True,0.12720096029030337,1.753414691981316,0.26391155,64,False,False,False,False,False,False,False,False
ENSG00000147654,ENSG00000147654,EBAG9,7162,True,0.257270696769546,1.7510410925725046,0.26370186,64,False,False,False,False,False,False,False,False
ENSG00000197961,ENSG00000197961,ZNF121,3375,True,0.1267579859034784,1.7536748898325785,0.26364598,64,False,False,False,False,False,False,False,False
ENSG00000165819,ENSG00000165819,METTL3,3654,True,0.1358585947400852,1.7553284142840255,0.26344603,64,False,False,False,False,False,False,False,False
ENSG00000165410,ENSG00000165410,CFL2,3033,True,0.11641280215433375,1.7501579984181233,0.26164627,64,False,False,False,False,False,False,False,False
ENSG00000132773,ENSG00000132773,TOE1,3107,True,0.11387695840144052,1.7535963987584404,0.25981164,64,False,False,False,False,False,False,False,False
ENSG00000137393,ENSG00000137393,RNF144B,2242,True,0.08894982740084581,1.752569344827968,0.2597668,64,False,False,False,False,False,False,False,False
ENSG00000174106,ENSG00000174106,LEMD3,3352,True,0.12391282326402693,1.7518978287299865,0.25928015,64,False,False,False,False,False,False,False,False
ENSG00000076685,ENSG00000076685,NT5C2,3351,True,0.12295492746051567,1.7516689447710554,0.25890905,64,False,False,False,False,False,False,False,False
ENSG00000174840,ENSG00000174840,PDE12,3263,True,0.11675841918371806,1.7513274916360027,0.25713474,64,False,False,False,False,False,False,False,False
ENSG00000011260,ENSG00000011260,UTP18,6075,True,0.2186090645666827,1.751517504379636,0.25641495,64,False,False,False,False,False,False,False,False
ENSG00000229809,ENSG00000229809,ZNF688,5258,True,0.19232872615317315,1.7518574222715602,0.25492766,64,False,False,False,False,False,False,False,False
ENSG00000182866,ENSG00000182866,LCK,5845,True,0.21132313399114794,1.7545159190666895,0.25428495,64,False,False,False,False,False,False,False,False
ENSG00000160584,ENSG00000160584,SIK3,3967,True,0.14448333624737003,1.7506037020776255,0.25249037,64,False,False,False,False,False,False,False,False
ENSG00000129292,ENSG00000129292,PHF20L1,8233,True,0.29448256505401843,1.7638387185706057,0.25036538,64,False,False,False,False,False,False,False,False
ENSG00000221944,ENSG00000221944,TIGD1,1792,True,0.07086148355792322,1.7510723712870508,0.24969397,64,False,False,False,False,False,False,False,False
ENSG00000072864,ENSG00000072864,NDE1,5736,True,0.20080358801754788,1.74934032544937,0.24824178,64,False,False,False,False,False,False,False,False
ENSG00000066427,ENSG00000066427,ATXN3,4358,True,0.16146710030862718,1.74762290898568,0.24808703,64,False,False,False,False,False,False,False,False
ENSG00000138439,ENSG00000138439,FAM117B,3464,True,0.12823577377755166,1.7470764572754938,0.24805492,64,False,False,False,False,False,False,False,False
ENSG00000165792,ENSG00000165792,METTL17,4813,True,0.17596454598979447,1.7467776159797692,0.247161,64,False,False,False,False,False,False,False,False
ENSG00000114423,ENSG00000114423,CBLB,5341,True,0.19275790752335792,1.7491430490836612,0.2469468,64,False,False,False,False,False,False,False,False
ENSG00000185829,ENSG00000185829,ARL17A,2666,True,0.09878183105340926,1.7470080638749321,0.24567111,64,False,False,False,False,False,False,False,False
ENSG00000121644,ENSG00000121644,DESI2,3119,True,0.11598044557634979,1.7483435978009032,0.24494036,64,False,False,False,False,False,False,False,False
ENSG00000176624,ENSG00000176624,MEX3C,2276,True,0.08606863413536602,1.745788521868536,0.24466643,64,False,False,False,False,False,False,False,False
ENSG00000074356,ENSG00000074356,NCBP3,5249,True,0.19011350341509836,1.7477857724327286,0.24397069,64,False,False,False,False,False,False,False,False
ENSG00000257923,ENSG00000257923,CUX1,5233,True,0.18497290815568385,1.7491901296758152,0.24394543,64,False,False,False,False,False,False,False,False
ENSG00000139722,ENSG00000139722,VPS37B,8855,True,0.3109887357351718,1.7648754982094343,0.24387458,64,False,False,False,False,False,False,False,False
ENSG00000138688,ENSG00000138688,BLTP1,6187,True,0.21815372296627403,1.751872934792371,0.24381849,64,False,False,False,False,False,False,False,False
ENSG00000144566,ENSG00000144566,RAB5A,6824,True,0.24076605426086425,1.7483505572770028,0.24245693,64,False,False,False,False,False,False,False,False
ENSG00000140262,ENSG00000140262,TCF12,3658,True,0.13378756757055335,1.7466031129916715,0.24226618,64,False,False,False,False,False,False,False,False
ENSG00000168256,ENSG00000168256,NKIRAS2,2370,True,0.08726400126889436,1.7467110962274355,0.24217351,64,False,False,False,False,False,False,False,False
ENSG00000144635,ENSG00000144635,DYNC1LI1,5892,True,0.20801251987244182,1.7471505468311108,0.24209939,64,False,False,False,False,False,False,False,False
ENSG00000108468,ENSG00000108468,CBX1,7138,True,0.2574406499506388,1.74971248553763,0.2415203,64,False,False,False,False,False,False,False,False
ENSG00000134748,ENSG00000134748,PRPF38A,7362,True,0.264973492594366,1.751489258331469,0.24050327,64,False,False,False,False,False,False,False,False
ENSG00000109445,ENSG00000109445,ZNF330,3979,True,0.14738941423536162,1.7446112579878423,0.23882179,64,False,False,False,False,False,False,False,False
ENSG00000166377,ENSG00000166377,ATP9B,3998,True,0.14089900074908202,1.7448743598377212,0.23827393,64,False,False,False,False,False,False,False,False
ENSG00000006715,ENSG00000006715,VPS41,3469,True,0.12744030439696885,1.7464743686419835,0.23649657,64,False,False,False,False,False,False,False,False
ENSG00000139154,ENSG00000139154,AEBP2,2435,True,0.09260817596875733,1.7457009489603763,0.23539631,64,False,False,False,False,False,False,False,False
ENSG00000072501,ENSG00000072501,SMC1A,8704,True,0.3035025601323836,1.7659886823071744,0.23316471,64,False,False,False,False,False,False,False,False
ENSG00000031003,ENSG00000031003,FAM13B,6059,True,0.2131896146746354,1.7498270125929716,0.23281902,64,False,False,False,False,False,False,False,False
ENSG00000186020,ENSG00000186020,ZNF529,2191,True,0.08616601883237308,1.7473703631014283,0.22973537,64,False,False,False,False,False,False,False,False
ENSG00000011258,ENSG00000011258,MBTD1,2747,True,0.10433984475797921,1.7453896801441053,0.22898161,64,False,False,False,False,False,False,False,False
ENSG00000215421,ENSG00000215421,ZNF407,1772,True,0.0638005673864697,1.7147686199388077,0.22867958,64,False,False,False,False,False,False,False,False
ENSG00000103249,ENSG00000103249,CLCN7,3227,True,0.11868520552687731,1.744071338293846,0.22795866,64,False,False,False,False,False,False,False,False
ENSG00000090905,ENSG00000090905,TNRC6A,7385,True,0.26565251456081784,1.763184298848151,0.22773573,64,False,False,False,False,False,False,False,False
ENSG00000109270,ENSG00000109270,LAMTOR3,3476,True,0.12840623335207563,1.7424136838050244,0.22687194,64,False,False,False,False,False,False,False,False
ENSG00000171861,ENSG00000171861,MRM3,3137,True,0.11900761652934273,1.7436016589063257,0.22640388,64,False,False,False,False,False,False,False,False
ENSG00000267680,ENSG00000267680,ZNF224,4424,True,0.16071667034571616,1.7410984815037964,0.22144234,64,False,False,False,False,False,False,False,False
ENSG00000177981,ENSG00000177981,ASB8,5311,True,0.18749985599489136,1.7402878970330562,0.21840343,64,False,False,False,False,False,False,False,False
ENSG00000180304,ENSG00000180304,OAZ2,8538,True,0.3010231360677045,1.7532882145261985,0.21337754,64,False,False,False,False,False,False,False,False
ENSG00000152240,ENSG00000152240,HAUS1,6923,True,0.24834334666719557,1.7392304371209593,0.21309397,64,False,False,False,False,False,False,False,False
ENSG00000130119,ENSG00000130119,GNL3L,3381,True,0.12339981243711877,1.738670617279437,0.21307255,64,False,False,False,False,False,False,False,False
ENSG00000134061,ENSG00000134061,CD180,6311,True,0.22358910253141975,1.7508889841325064,0.21195784,64,False,False,False,False,False,False,False,False
ENSG00000179889,ENSG00000179889,PDXDC1,5471,True,0.1920158989213008,1.7383316096069528,0.210236,64,False,False,False,False,False,False,False,False
ENSG00000155438,ENSG00000155438,NIFK,8843,True,0.3105746947962189,1.7578091470804837,0.20869647,64,False,False,False,False,False,False,False,False
ENSG00000171497,ENSG00000171497,PPID,4731,True,0.17029587382140193,1.7371668664578388,0.19888574,64,False,False,False,False,False,False,False,False
ENSG00000170653,ENSG00000170653,ATF7,3396,True,0.12728260924462298,1.7360000718060165,0.19636163,64,False,False,False,False,False,False,False,False
ENSG00000178685,ENSG00000178685,PARP10,4061,True,0.14681381688338285,1.7363070313805051,0.1954085,64,False,False,False,False,False,False,False,False
ENSG00000028310,ENSG00000028310,BRD9,6700,True,0.23699169885449994,1.7443343793678077,0.1870533,64,False,False,False,False,False,False,False,False
ENSG00000118007,ENSG00000118007,STAG1,8720,True,0.303236665287407,1.7483822853708533,0.1796193,64,False,False,False,False,False,False,False,False
ENSG00000110200,ENSG00000110200,ANAPC15,7045,True,0.2524435331728792,1.7309382424358886,0.17808096,64,False,False,False,False,False,False,False,False
ENSG00000133835,ENSG00000133835,HSD17B4,3719,True,0.13451592145023025,1.7242199645849565,0.16870542,64,False,False,False,False,False,False,False,False
ENSG00000115523,ENSG00000115523,GNLY,23015,True,0.7043490817424692,1.8753647708862624,1.0242789,63,False,False,False,False,False,False,False,False
ENSG00000259001,ENSG00000259001,ENSG00000259001,989,True,0.04506915836420721,1.8282598225920927,0.5951946,63,False,False,False,False,False,False,False,False
ENSG00000122862,ENSG00000122862,SRGN,26166,True,0.830434942388252,1.8522618632685477,0.5469579,63,False,False,False,False,False,False,False,False
ENSG00000163563,ENSG00000163563,MNDA,11066,True,0.40297882810592645,1.7980413943982725,0.48389485,63,False,False,False,False,False,False,False,False
ENSG00000169554,ENSG00000169554,ZEB2,14555,True,0.49401655808291134,1.8010324878375732,0.48375094,63,False,False,False,False,False,False,False,False
ENSG00000257764,ENSG00000257764,ENSG00000257764,6129,True,0.22855384338784404,1.795054345277753,0.4657315,63,False,False,False,False,False,False,False,False
ENSG00000030419,ENSG00000030419,IKZF2,759,True,0.031938040102976524,1.738763919281123,0.45657778,63,False,False,False,False,False,False,False,False
ENSG00000152404,ENSG00000152404,CWF19L2,19480,True,0.6483513205713171,1.8090697874688728,0.44601047,63,False,False,False,False,False,False,False,False
ENSG00000197044,ENSG00000197044,ZNF441,1667,True,0.06393862403274046,1.7616550498996404,0.43186715,63,False,False,False,False,False,False,False,False
ENSG00000247363,ENSG00000247363,NUP107-DT,629,True,0.026824494653701122,1.7425206391514265,0.42691457,63,False,False,False,False,False,False,False,False
ENSG00000139687,ENSG00000139687,RB1,15731,True,0.5285347966423222,1.8000980533984545,0.42627007,63,False,False,False,False,False,False,False,False
ENSG00000176236,ENSG00000176236,RPP38-DT,601,True,0.025198850279894422,1.6792894683150026,0.42482516,63,False,False,False,False,False,False,False,False
ENSG00000203778,ENSG00000203778,FAM229B,791,True,0.03269289829216381,1.7852851459627979,0.41267183,63,False,False,False,False,False,False,False,False
ENSG00000188994,ENSG00000188994,ZNF292,14353,True,0.48592367675396486,1.7933889042384317,0.39419967,63,False,False,False,False,False,False,False,False
ENSG00000273382,ENSG00000273382,TMEM167B-DT,870,True,0.03575596859919399,1.7511791341659588,0.39338815,63,False,False,False,False,False,False,False,False
ENSG00000160991,ENSG00000160991,ORAI2,22832,True,0.7074160160751929,1.8124875814614343,0.39160454,63,False,False,False,False,False,False,False,False
ENSG00000111247,ENSG00000111247,RAD51AP1,1388,True,0.05527744300713899,1.7756583075307368,0.39029214,63,False,False,False,False,False,False,False,False
ENSG00000136237,ENSG00000136237,RAPGEF5,533,True,0.023371160943060035,1.5940718597012755,0.38674548,63,False,False,False,False,False,False,False,False
ENSG00000072163,ENSG00000072163,LIMS2,2949,True,0.10988291274826852,1.7781880840616184,0.38301516,63,False,False,False,False,False,False,False,False
ENSG00000137193,ENSG00000137193,PIM1,4248,True,0.14851646228677173,1.772059966669543,0.38143674,63,False,False,False,False,False,False,False,False
ENSG00000152443,ENSG00000152443,ZNF776,1380,True,0.056526252745718764,1.7793733388927087,0.3748704,63,False,False,False,False,False,False,False,False
ENSG00000267275,ENSG00000267275,KLF2-DT,1203,True,0.0505039474211874,1.7725924788576697,0.36947006,63,False,False,False,False,False,False,False,False
ENSG00000165071,ENSG00000165071,TMEM71,1807,True,0.07124459653763043,1.775080668155269,0.36668926,63,False,False,False,False,False,False,False,False
ENSG00000178338,ENSG00000178338,ZNF354B,1458,True,0.057122457896004654,1.7460457388985693,0.3593354,63,False,False,False,False,False,False,False,False
ENSG00000122033,ENSG00000122033,MTIF3,11309,True,0.39738349003670925,1.7845892049447956,0.35537484,63,False,False,False,False,False,False,False,False
ENSG00000154767,ENSG00000154767,XPC,10035,True,0.3559180717959586,1.783975879220472,0.3516783,63,False,False,False,False,False,False,False,False
ENSG00000181544,ENSG00000181544,FANCB,1247,True,0.052498820346519676,1.7681491054847607,0.3468246,63,False,False,False,False,False,False,False,False
ENSG00000091136,ENSG00000091136,LAMB1,584,True,0.025506347182902744,1.7394482301284229,0.34657943,63,False,False,False,False,False,False,False,False
ENSG00000272426,ENSG00000272426,ENSG00000272426,727,True,0.03507555663565801,1.768777424796414,0.3429274,63,False,False,False,False,False,False,False,False
ENSG00000111602,ENSG00000111602,TIMELESS,1549,True,0.05980539985279873,1.7104446737649162,0.3416628,63,False,False,False,False,False,False,False,False
ENSG00000115816,ENSG00000115816,CEBPZ,15562,True,0.5232748641890176,1.7909995356713062,0.34070772,63,False,False,False,False,False,False,False,False
ENSG00000131944,ENSG00000131944,FAAP24,768,True,0.03108329106317397,1.7640709750723864,0.33748987,63,False,False,False,False,False,False,False,False
ENSG00000127990,ENSG00000127990,SGCE,1029,True,0.04503539032761268,1.768550893518511,0.33701435,63,False,False,False,False,False,False,False,False
ENSG00000005302,ENSG00000005302,MSL3,12636,True,0.4312929742325975,1.785061412536257,0.33272928,63,False,False,False,False,False,False,False,False
ENSG00000106344,ENSG00000106344,RBM28,3729,True,0.13695201530618364,1.7659326961919029,0.32980067,63,False,False,False,False,False,False,False,False
ENSG00000235169,ENSG00000235169,SMIM1,874,True,0.03522671653754856,1.767224046693439,0.32881093,63,False,False,False,False,False,False,False,False
ENSG00000183826,ENSG00000183826,BTBD9,1040,True,0.041909180653321935,1.7696668540762703,0.32674706,63,False,False,False,False,False,False,False,False
ENSG00000004534,ENSG00000004534,RBM6,15872,True,0.5323621257540585,1.786007521247523,0.32643995,63,False,False,False,False,False,False,False,False
ENSG00000120334,ENSG00000120334,CENPL,1268,True,0.04860159597399639,1.7343409160472747,0.32509547,63,False,False,False,False,False,False,False,False
ENSG00000110042,ENSG00000110042,DTX4,826,True,0.032349012913694436,1.6905131799055895,0.3230654,63,False,False,False,False,False,False,False,False
ENSG00000235706,ENSG00000235706,DICER1-AS1,1033,True,0.04134348730539284,1.7611481771508055,0.32043055,63,False,False,False,False,False,False,False,False
ENSG00000235621,ENSG00000235621,LINC00494,1857,True,0.07151458499533657,1.7606592333075397,0.31903508,63,False,False,False,False,False,False,False,False
ENSG00000183340,ENSG00000183340,JRKL,1211,True,0.04880101140226059,1.7656061060814972,0.3150806,63,False,False,False,False,False,False,False,False
ENSG00000272906,ENSG00000272906,ENSG00000272906,516,True,0.022426184222978606,1.7038423794615272,0.31506863,63,False,False,False,False,False,False,False,False
ENSG00000164989,ENSG00000164989,CCDC171,768,True,0.029807003510655905,1.7073566331460364,0.31476712,63,False,False,False,False,False,False,False,False
ENSG00000176401,ENSG00000176401,EID2B,1694,True,0.06802399928103328,1.761098054447872,0.3135719,63,False,False,False,False,False,False,False,False
ENSG00000122390,ENSG00000122390,NAA60,898,True,0.036369948964156074,1.7629138849085535,0.31347162,63,False,False,False,False,False,False,False,False
ENSG00000228784,ENSG00000228784,LINC00954,1522,True,0.059156372815831665,1.7644894736534489,0.3127886,63,False,False,False,False,False,False,False,False
ENSG00000174749,ENSG00000174749,FAM241A,827,True,0.03385932311740205,1.7624385962345834,0.312203,63,False,False,False,False,False,False,False,False
ENSG00000078177,ENSG00000078177,N4BP2,3009,True,0.10869293550123955,1.7588195723520628,0.31125376,63,False,False,False,False,False,False,False,False
ENSG00000128563,ENSG00000128563,PRKRIP1,4052,True,0.14840476714003717,1.7628243127248202,0.31089455,63,False,False,False,False,False,False,False,False
ENSG00000136169,ENSG00000136169,SETDB2,4087,True,0.15026822508513263,1.7617826144480395,0.31063506,63,False,False,False,False,False,False,False,False
ENSG00000272894,ENSG00000272894,MIOS-DT,909,True,0.037326978629854325,1.7348033307090838,0.30970132,63,False,False,False,False,False,False,False,False
ENSG00000100647,ENSG00000100647,SUSD6,2852,True,0.10709169865785989,1.764165972376439,0.3078995,63,False,False,False,False,False,False,False,False
ENSG00000128923,ENSG00000128923,MINDY2,3847,True,0.14175314437095377,1.7600755268654582,0.30528536,63,False,False,False,False,False,False,False,False
ENSG00000172243,ENSG00000172243,CLEC7A,2876,True,0.10563129847646802,1.7656074483353636,0.30503917,63,False,False,False,False,False,False,False,False
ENSG00000213889,ENSG00000213889,PPM1N,2050,True,0.08183235173393542,1.7590848455044361,0.3001029,63,False,False,False,False,False,False,False,False
ENSG00000100321,ENSG00000100321,SYNGR1,1616,True,0.06542241208851288,1.7604445028031004,0.29980075,63,False,False,False,False,False,False,False,False
ENSG00000145743,ENSG00000145743,FBXL17,1831,True,0.07290098719958571,1.7603756007829232,0.29952577,63,False,False,False,False,False,False,False,False
ENSG00000085063,ENSG00000085063,CD59,3634,True,0.13665725189138023,1.7522280863557456,0.29949346,63,False,False,False,False,False,False,False,False
ENSG00000131188,ENSG00000131188,PRR7,6545,True,0.24151841889979986,1.759572052562749,0.29707143,63,False,False,False,False,False,False,False,False
ENSG00000226899,ENSG00000226899,ENSG00000226899,1346,True,0.05839144818815228,1.759632058734676,0.29647025,63,False,False,False,False,False,False,False,False
ENSG00000254469,ENSG00000254469,XNDC1N,1027,True,0.040796183042048066,1.7007159626905028,0.29592213,63,False,False,False,False,False,False,False,False
ENSG00000149564,ENSG00000149564,ESAM,730,True,0.031052526096001717,1.7275763460387759,0.29586756,63,False,False,False,False,False,False,False,False
ENSG00000112144,ENSG00000112144,CILK1,2039,True,0.0780269453827419,1.7550038438963407,0.29479516,63,False,False,False,False,False,False,False,False
ENSG00000018280,ENSG00000018280,SLC11A1,2717,True,0.10265269688244998,1.756679485020171,0.294582,63,False,False,False,False,False,False,False,False
ENSG00000183111,ENSG00000183111,ARHGEF37,777,True,0.032145084308723655,1.6833842934410945,0.29353505,63,False,False,False,False,False,False,False,False
ENSG00000145632,ENSG00000145632,PLK2,795,True,0.03308486440129931,1.7565770968729468,0.2933226,63,False,False,False,False,False,False,False,False
ENSG00000175575,ENSG00000175575,PAAF1,1945,True,0.073220560345096,1.7606731596985747,0.29330847,63,False,False,False,False,False,False,False,False
ENSG00000147133,ENSG00000147133,TAF1,3082,True,0.11621074589371928,1.7579575213826504,0.2918796,63,False,False,False,False,False,False,False,False
ENSG00000072954,ENSG00000072954,TMEM38A,529,True,0.02232293194798932,1.7127052065421338,0.29136804,63,False,False,False,False,False,False,False,False
ENSG00000135837,ENSG00000135837,CEP350,10593,True,0.35642120939687777,1.768948289555614,0.29111734,63,False,False,False,False,False,False,False,False
ENSG00000136770,ENSG00000136770,DNAJC1,5078,True,0.18460079484150016,1.7525351952607393,0.29030237,63,False,False,False,False,False,False,False,False
ENSG00000165813,ENSG00000165813,CCDC186,10557,True,0.3658049426252568,1.7736353488709808,0.2885521,63,False,False,False,False,False,False,False,False
ENSG00000178974,ENSG00000178974,FBXO34,2868,True,0.10599063809789165,1.75710904937754,0.28777322,63,False,False,False,False,False,False,False,False
ENSG00000255529,ENSG00000255529,POLR2M,5288,True,0.19637434777786925,1.7587196523503605,0.2874752,63,False,False,False,False,False,False,False,False
ENSG00000213185,ENSG00000213185,FAM24B,1996,True,0.08060842609830578,1.7569193339901745,0.28230652,63,False,False,False,False,False,False,False,False
ENSG00000198556,ENSG00000198556,ZNF789,1765,True,0.07057964534609468,1.7600337338301701,0.28149185,63,False,False,False,False,False,False,False,False
ENSG00000111331,ENSG00000111331,OAS3,1983,True,0.078046331937116,1.75478749084874,0.2813257,63,False,False,False,False,False,False,False,True
ENSG00000262967,ENSG00000262967,ENSG00000262967,1992,True,0.08275110523620083,1.7554713921946983,0.28036556,63,False,False,False,False,False,False,False,False
ENSG00000151353,ENSG00000151353,TMEM18,5431,True,0.19682075667371146,1.752676737859112,0.27988887,63,False,False,False,False,False,False,False,False
ENSG00000241666,ENSG00000241666,ENSG00000241666,357,True,0.015634523640086356,1.5901168090663302,0.27821764,63,False,False,False,False,False,False,False,False
ENSG00000129315,ENSG00000129315,CCNT1,4168,True,0.16065063050955602,1.754971917210667,0.2772354,63,False,False,False,False,False,False,False,False
ENSG00000204599,ENSG00000204599,TRIM39,2331,True,0.0910973970469656,1.7527476014954895,0.27697054,63,False,False,False,False,False,False,False,False
ENSG00000213762,ENSG00000213762,ZNF134,1602,True,0.06236003707672628,1.7472076287589273,0.2760097,63,False,False,False,False,False,False,False,False
ENSG00000076650,ENSG00000076650,GPATCH1,1904,True,0.072837210347274,1.7532014232272788,0.2755961,63,False,False,False,False,False,False,False,False
ENSG00000145868,ENSG00000145868,FBXO38,1997,True,0.07200830135927448,1.7235289905944813,0.27542463,63,False,False,False,False,False,False,False,False
ENSG00000241258,ENSG00000241258,CRCP,5709,True,0.1993697271605016,1.7554758366975418,0.27376553,63,False,False,False,False,False,False,False,False
ENSG00000162971,ENSG00000162971,TYW5,2719,True,0.10313343536516716,1.7542576960775207,0.27354312,63,False,False,False,False,False,False,False,False
ENSG00000135297,ENSG00000135297,MTO1,2919,True,0.1117832973295838,1.7533054169408053,0.27291057,63,False,False,False,False,False,False,False,False
ENSG00000122958,ENSG00000122958,VPS26A,5349,True,0.1924140581511124,1.7530970325311754,0.27285692,63,False,False,False,False,False,False,False,False
ENSG00000257315,ENSG00000257315,ZBED6,3869,True,0.1373106394815669,1.7556461986319278,0.27141014,63,False,False,False,False,False,False,False,False
ENSG00000131067,ENSG00000131067,GGT7,905,True,0.03565163544093324,1.756411269396135,0.27140996,63,False,False,False,False,False,False,False,False
ENSG00000153140,ENSG00000153140,CETN3,2526,True,0.1006879479498889,1.7514046476935072,0.27108708,63,False,False,False,False,False,False,False,False
ENSG00000173545,ENSG00000173545,ZNF622,7138,True,0.25587639387881284,1.7583506812885972,0.27100858,63,False,False,False,False,False,False,False,False
ENSG00000133740,ENSG00000133740,E2F5,4186,True,0.16088065272314467,1.7540781742713059,0.270091,63,False,False,False,False,False,False,False,False
ENSG00000163281,ENSG00000163281,GNPDA2,2951,True,0.11160034545366435,1.7547398412540616,0.26968247,63,False,False,False,False,False,False,False,False
ENSG00000166024,ENSG00000166024,R3HCC1L,2287,True,0.08869557299425093,1.7548552988179886,0.26955998,63,False,False,False,False,False,False,False,False
ENSG00000177337,ENSG00000177337,DLGAP1-AS1,2132,True,0.08318389952193467,1.7515680099510489,0.2689078,63,False,False,False,False,False,False,False,False
ENSG00000101104,ENSG00000101104,PABPC1L,1037,True,0.039843084481272724,1.720883216866467,0.26822588,63,False,False,False,False,False,False,False,False
ENSG00000154803,ENSG00000154803,FLCN,1616,True,0.061868122929046934,1.7214601344116067,0.26589918,63,False,False,False,False,False,False,False,False
ENSG00000139496,ENSG00000139496,NUP58,3399,True,0.1262536625924632,1.7530959318411286,0.26577857,63,False,False,False,False,False,False,False,False
ENSG00000180398,ENSG00000180398,MCFD2,5008,True,0.18284274711019502,1.7521547862587794,0.2643465,63,False,False,False,False,False,False,False,False
ENSG00000196865,ENSG00000196865,NHLRC2,1811,True,0.06930361702828601,1.747999682184507,0.2642844,63,False,False,False,False,False,False,False,False
ENSG00000085721,ENSG00000085721,RRN3,3173,True,0.1145223699958419,1.7563338944613316,0.26368293,63,False,False,False,False,False,False,False,False
ENSG00000104980,ENSG00000104980,TIMM44,5469,True,0.2030919705933349,1.7529963883054274,0.26293018,63,False,False,False,False,False,False,False,False
ENSG00000133256,ENSG00000133256,PDE6B,1870,True,0.07101566063340502,1.7220942551199476,0.26292214,63,False,False,False,False,False,False,False,False
ENSG00000100982,ENSG00000100982,PCIF1,3216,True,0.12212021127510445,1.7523651368463504,0.26247996,63,False,False,False,False,False,False,False,False
ENSG00000259658,ENSG00000259658,UBE2Q2P13,1396,True,0.05627136602592442,1.7510337327926606,0.2607762,63,False,False,False,False,False,False,False,False
ENSG00000012822,ENSG00000012822,CALCOCO1,4483,True,0.16233397804920421,1.7485781765574302,0.25927323,63,False,False,False,False,False,False,False,False
ENSG00000099968,ENSG00000099968,BCL2L13,4949,True,0.18203634888875178,1.7492548594709176,0.25816482,63,False,False,False,False,False,False,False,False
ENSG00000259529,ENSG00000259529,ENSG00000259529,1903,True,0.07177171185536664,1.7536031063109478,0.25694364,63,False,False,False,False,False,False,False,False
ENSG00000138413,ENSG00000138413,IDH1,1688,True,0.06613174136394842,1.747554517132278,0.25640437,63,False,False,False,False,False,False,False,False
ENSG00000119596,ENSG00000119596,YLPM1,3449,True,0.12699668682001028,1.751681312087659,0.25584543,63,False,False,False,False,False,False,False,False
ENSG00000197170,ENSG00000197170,PSMD12,5853,True,0.21071595618041794,1.7491525300743023,0.25516155,63,False,False,False,False,False,False,False,False
ENSG00000257093,ENSG00000257093,DENND11,2222,True,0.08781978911748992,1.7522099556549415,0.25471067,63,False,False,False,False,False,False,False,False
ENSG00000150527,ENSG00000150527,MIA2,1963,True,0.0748625726251615,1.7524648258053888,0.2530811,63,False,False,False,False,False,False,False,False
ENSG00000119787,ENSG00000119787,ATL2,2213,True,0.08302710315023214,1.7513368238972256,0.25303853,63,False,False,False,False,False,False,False,False
ENSG00000165675,ENSG00000165675,ENOX2,2381,True,0.09073567270732376,1.7463131839042532,0.2528445,63,False,False,False,False,False,False,False,False
ENSG00000153944,ENSG00000153944,MSI2,7529,True,0.26038722351271765,1.7554805142193393,0.25263625,63,False,False,False,False,False,False,False,False
ENSG00000164151,ENSG00000164151,ICE1,4734,True,0.1693351099711318,1.7517806551586796,0.25189438,63,False,False,False,False,False,False,False,False
ENSG00000131778,ENSG00000131778,CHD1L,3841,True,0.14302625890389972,1.7499345467835115,0.25173864,63,False,False,False,False,False,False,False,False
ENSG00000181191,ENSG00000181191,PJA1,1626,True,0.06409799770756136,1.7532245712378691,0.25055426,63,False,False,False,False,False,False,False,False
ENSG00000148634,ENSG00000148634,HERC4,6597,True,0.2355424427109937,1.7530339043737286,0.25037754,63,False,False,False,False,False,False,False,False
ENSG00000183255,ENSG00000183255,PTTG1IP,3239,True,0.11917271599629964,1.7479265087477136,0.24941751,63,False,False,False,False,False,False,False,False
ENSG00000102401,ENSG00000102401,ARMCX3,5973,True,0.2189605119215109,1.74729497694625,0.24782217,63,False,False,False,False,False,False,False,False
ENSG00000109606,ENSG00000109606,DHX15,5362,True,0.19350756443035683,1.7468590133776423,0.24745199,63,False,False,False,False,False,False,False,False
ENSG00000260274,ENSG00000260274,ENSG00000260274,899,True,0.03637139083916443,1.7208838417990486,0.2472282,63,False,False,False,False,False,False,False,False
ENSG00000239382,ENSG00000239382,ALKBH6,2683,True,0.10311065022841359,1.75156336545878,0.24662766,63,False,False,False,False,False,False,False,False
ENSG00000167302,ENSG00000167302,TEPSIN,2173,True,0.08161390938048273,1.7463424811064692,0.24390349,63,False,False,False,False,False,False,False,False
ENSG00000198863,ENSG00000198863,RUNDC1,2477,True,0.09309834948335181,1.7469112373872115,0.24355525,63,False,False,False,False,False,False,False,False
ENSG00000109771,ENSG00000109771,LRP2BP,1593,True,0.06282083628440523,1.748797198435174,0.2433399,63,False,False,False,False,False,False,False,False
ENSG00000171067,ENSG00000171067,C11orf24,4213,True,0.15652714514162133,1.7459113927801466,0.24236336,63,False,False,False,False,False,False,False,False
ENSG00000134602,ENSG00000134602,STK26,4739,True,0.17380015776856614,1.748650106050367,0.24175014,63,False,False,False,False,False,False,False,False
ENSG00000212694,ENSG00000212694,LINC01089,4880,True,0.18356150438776553,1.74735120672161,0.24164867,63,False,False,False,False,False,False,False,False
ENSG00000173456,ENSG00000173456,RNF26,2575,True,0.09849861450334746,1.7464060921361642,0.24096395,63,False,False,False,False,False,False,False,False
ENSG00000197302,ENSG00000197302,KRBOX5,4182,True,0.15747775055582897,1.749382622815637,0.23981188,63,False,False,False,False,False,False,False,False
ENSG00000138750,ENSG00000138750,NUP54,4067,True,0.14841535829970248,1.7469892233996882,0.23798232,63,False,False,False,False,False,False,False,False
ENSG00000130939,ENSG00000130939,UBE4B,3109,True,0.1159349234916431,1.748040784910389,0.23765953,63,False,False,False,False,False,False,False,False
ENSG00000134255,ENSG00000134255,CEPT1,9698,True,0.3396045646316499,1.7721304668830768,0.23764855,63,False,False,False,False,False,False,False,False
ENSG00000215717,ENSG00000215717,TMEM167B,7076,True,0.2525701919805934,1.7482663250607708,0.23740329,63,False,False,False,False,False,False,False,False
ENSG00000109083,ENSG00000109083,IFT20,8332,True,0.29880480796254083,1.7519719354570682,0.23736586,63,False,False,False,False,False,False,False,False
ENSG00000085365,ENSG00000085365,SCAMP1,3524,True,0.12811008425813772,1.7473715720130023,0.23601417,63,False,False,False,False,False,False,False,False
ENSG00000173914,ENSG00000173914,RBM4B,2419,True,0.09312305435629735,1.7434057606957845,0.2350003,63,False,False,False,False,False,False,False,False
ENSG00000253710,ENSG00000253710,ALG11,1229,True,0.0477770151558558,1.746510528142356,0.2349771,63,False,False,False,False,False,False,False,False
ENSG00000205765,ENSG00000205765,RIMOC1,1919,True,0.0734296550861429,1.7433770711547951,0.2349437,63,False,False,False,False,False,False,False,False
ENSG00000145016,ENSG00000145016,RUBCN,5015,True,0.17851981268990727,1.7444871250282241,0.23366548,63,False,False,False,False,False,False,False,False
ENSG00000126883,ENSG00000126883,NUP214,5126,True,0.18227225262784152,1.743449487552739,0.2327897,63,False,False,False,False,False,False,False,False
ENSG00000121390,ENSG00000121390,PSPC1,7667,True,0.26831886144375133,1.7498510744131117,0.23104528,63,False,False,False,False,False,False,False,False
ENSG00000107742,ENSG00000107742,SPOCK2,6560,True,0.22903660414737026,1.7521754155615434,0.23030652,63,False,False,False,False,False,False,False,False
ENSG00000204922,ENSG00000204922,UQCC3,6859,True,0.2507710827451585,1.7419390085303008,0.22891608,63,False,False,False,False,False,False,False,False
ENSG00000139651,ENSG00000139651,ZNF740,1046,True,0.041455681232968715,1.7451942610081188,0.22821365,63,False,False,False,False,False,False,False,False
ENSG00000134852,ENSG00000134852,CLOCK,2411,True,0.09020531229579148,1.7446607346354597,0.22693403,63,False,False,False,False,False,False,False,False
ENSG00000115839,ENSG00000115839,RAB3GAP1,8414,True,0.3011773903882255,1.760836100578483,0.2255324,63,False,False,False,False,False,False,False,False
ENSG00000103978,ENSG00000103978,TMEM87A,7741,True,0.26612269529807064,1.7515240847176932,0.22369704,63,False,False,False,False,False,False,False,False
ENSG00000198231,ENSG00000198231,DDX42,5262,True,0.18718366338252282,1.7454383129675468,0.22359382,63,False,False,False,False,False,False,False,False
ENSG00000157741,ENSG00000157741,UBN2,2303,True,0.08617634059407396,1.7419111505119462,0.22160889,63,False,False,False,False,False,False,False,False
ENSG00000153339,ENSG00000153339,TRAPPC8,2786,True,0.10169782464189601,1.7404982453206257,0.22141135,63,False,False,False,False,False,False,False,False
ENSG00000083642,ENSG00000083642,PDS5B,6898,True,0.25124720198455525,1.7513128814654335,0.22123305,63,False,False,False,False,False,False,False,False
ENSG00000100221,ENSG00000100221,JOSD1,4603,True,0.16985381236659733,1.742289610253467,0.21997376,63,False,False,False,False,False,False,False,False
ENSG00000167685,ENSG00000167685,ZNF444,1958,True,0.07432174594274107,1.7418206418054474,0.21970358,63,False,False,False,False,False,False,False,False
ENSG00000166822,ENSG00000166822,TMEM170A,6326,True,0.23121072854453342,1.740165246344219,0.21895133,63,False,False,False,False,False,False,False,False
ENSG00000123728,ENSG00000123728,RAP2C,6643,True,0.24235575422122463,1.7415978986541374,0.21861768,63,False,False,False,False,False,False,False,False
ENSG00000196470,ENSG00000196470,SIAH1,3342,True,0.13260303834584214,1.742563824864463,0.21861076,63,False,False,False,False,False,False,False,False
ENSG00000139508,ENSG00000139508,SLC46A3,2924,True,0.11034436025128745,1.7414923787105208,0.21794873,63,False,False,False,False,False,False,False,False
ENSG00000111911,ENSG00000111911,HINT3,2274,True,0.0844294894517904,1.7426703793913192,0.21744715,63,False,False,False,False,False,False,False,False
ENSG00000101191,ENSG00000101191,DIDO1,5304,True,0.18886827242559037,1.7441477220479569,0.2171617,63,False,False,False,False,False,False,False,False
ENSG00000154511,ENSG00000154511,DIPK1A,2202,True,0.08252971248329377,1.7378160709517723,0.21667054,63,False,False,False,False,False,False,False,False
ENSG00000101911,ENSG00000101911,PRPS2,4721,True,0.1749148716432282,1.7404921744147501,0.2130489,63,False,False,False,False,False,False,False,False
ENSG00000144182,ENSG00000144182,LIPT1,1979,True,0.07466114204746838,1.7408248467149152,0.21285425,63,False,False,False,False,False,False,False,False
ENSG00000162869,ENSG00000162869,PPP1R21,3803,True,0.14249029494267654,1.741793101860509,0.21139804,63,False,False,False,False,False,False,False,False
ENSG00000130787,ENSG00000130787,HIP1R,5028,True,0.18130657341172593,1.7417016880159708,0.21135233,63,False,False,False,False,False,False,False,False
ENSG00000105341,ENSG00000105341,DMAC2,4977,True,0.18050437016281387,1.7382475455561341,0.21094981,63,False,False,False,False,False,False,False,False
ENSG00000171204,ENSG00000171204,TMEM126B,7544,True,0.26897484766949264,1.7409515966491063,0.21058318,63,False,False,False,False,False,False,False,False
ENSG00000216895,ENSG00000216895,RBM33-DT,2396,True,0.08838827998950172,1.7384519799065423,0.20700128,63,False,False,False,False,False,False,False,False
ENSG00000198265,ENSG00000198265,HELZ,7430,True,0.26142953452112405,1.7453873817016976,0.20666353,63,False,False,False,False,False,False,False,False
ENSG00000078747,ENSG00000078747,ITCH,4888,True,0.17539188970518874,1.741074028373331,0.20630065,63,False,False,False,False,False,False,False,False
ENSG00000140688,ENSG00000140688,RUSF1,1380,True,0.05096054872684097,1.738320217512298,0.20512007,63,False,False,False,False,False,False,False,False
ENSG00000139613,ENSG00000139613,SMARCC2,8484,True,0.293520293151965,1.7587442131612574,0.20425181,63,False,False,False,False,False,False,False,False
ENSG00000110851,ENSG00000110851,PRDM4,4390,True,0.1594864363454698,1.7374523821221615,0.20407331,63,False,False,False,False,False,False,False,False
ENSG00000116266,ENSG00000116266,STXBP3,6878,True,0.24824028577172486,1.746367710558772,0.1994412,63,False,False,False,False,False,False,False,False
ENSG00000166685,ENSG00000166685,COG1,1978,True,0.07311539557716037,1.7340427289386873,0.19642417,63,False,False,False,False,False,False,False,False
ENSG00000183718,ENSG00000183718,TRIM52,3172,True,0.11719742215640205,1.7370143265907532,0.19616373,63,False,False,False,False,False,False,False,False
ENSG00000130305,ENSG00000130305,NSUN5,7435,True,0.263172613576438,1.7508905946619906,0.19546518,63,False,False,False,False,False,False,False,False
ENSG00000153485,ENSG00000153485,LYSET,2916,True,0.11408629056111015,1.7344711409232616,0.19459453,63,False,False,False,False,False,False,False,False
ENSG00000111596,ENSG00000111596,CNOT2,8848,True,0.306019725376678,1.7509351080718063,0.19013068,63,False,False,False,False,False,False,False,False
ENSG00000143379,ENSG00000143379,SETDB1,2982,True,0.11051499260996338,1.7346787345282622,0.190122,63,False,False,False,False,False,False,False,False
ENSG00000100325,ENSG00000100325,ASCC2,6804,True,0.24259044592140963,1.7416091853000817,0.18387903,63,False,False,False,False,False,False,False,False
ENSG00000140829,ENSG00000140829,DHX38,3447,True,0.12634090096780123,1.7320945918114021,0.18103291,63,False,False,False,False,False,False,False,False
ENSG00000128731,ENSG00000128731,HERC2,6744,True,0.23929431417464697,1.7386340098443709,0.18021671,63,False,False,False,False,False,False,False,False
ENSG00000100614,ENSG00000100614,PPM1A,5428,True,0.19834072503311378,1.7322794659429164,0.17436618,63,False,False,False,False,False,False,False,False
ENSG00000134644,ENSG00000134644,PUM1,6850,True,0.2510325208400151,1.7498620963968776,0.1736299,63,False,False,False,False,False,False,False,False
ENSG00000241295,ENSG00000241295,ZBTB20-AS2,600,True,0.02546907813668111,1.712329589476865,0.121392965,63,False,False,False,False,False,False,False,False
ENSG00000139193,ENSG00000139193,CD27,9313,True,0.32441349022954324,1.8790585941706381,1.1330242,62,False,False,False,False,False,False,False,False
ENSG00000167748,ENSG00000167748,KLK1,2996,True,0.11339407967503252,1.8273521902835128,0.59897023,62,False,False,False,False,False,False,False,False
ENSG00000161929,ENSG00000161929,SCIMP,11947,True,0.39695049931352827,1.7884215187793577,0.5166988,62,False,False,False,False,False,False,False,False
ENSG00000206573,ENSG00000206573,THUMPD3-AS1,18618,True,0.6372415581203185,1.8126229237733626,0.4855976,62,False,False,False,False,False,False,False,False
ENSG00000173486,ENSG00000173486,FKBP2,10283,True,0.3726850314714397,1.7994811965174902,0.46865872,62,False,False,False,False,False,False,False,False
ENSG00000179299,ENSG00000179299,NSUN7,435,True,0.018162133951314503,1.5515572016212054,0.4499602,62,False,False,False,False,False,False,False,False
ENSG00000100644,ENSG00000100644,HIF1A,17161,True,0.5541970720393672,1.79835503976076,0.42862475,62,False,False,False,False,False,False,False,False
ENSG00000239941,ENSG00000239941,LINC02917,333,True,0.014438099873232068,1.6723007683542528,0.41836354,62,False,False,False,False,False,False,False,False
ENSG00000177112,ENSG00000177112,IRAG1-AS1,1321,True,0.054906380761775,1.7761204580896275,0.3886438,62,False,False,False,False,False,False,False,False
ENSG00000225822,ENSG00000225822,UBXN7-AS1,832,True,0.03334683732081681,1.6955643234383109,0.38834217,62,False,False,False,False,False,False,False,False
ENSG00000120662,ENSG00000120662,MTRF1,1677,True,0.06426178453300956,1.7811746521355187,0.38669956,62,False,False,False,False,False,False,False,False
ENSG00000102445,ENSG00000102445,RUBCNL,10001,True,0.35357079793592244,1.7880988577926302,0.38204852,62,False,False,False,False,False,False,False,False
ENSG00000142556,ENSG00000142556,ZNF614,872,True,0.035108419943640216,1.6672731892068078,0.3754387,62,False,False,False,False,False,False,False,False
ENSG00000102755,ENSG00000102755,FLT1,464,True,0.019605863665080214,1.6221585895030104,0.37210864,62,False,False,False,False,False,False,False,False
ENSG00000197776,ENSG00000197776,KLHDC1,931,True,0.03875011832268541,1.7752214332160001,0.3659629,62,False,False,False,False,False,False,False,False
ENSG00000089682,ENSG00000089682,RBM41,3561,True,0.13423044972833506,1.7724122801264175,0.36577585,62,False,False,False,False,False,False,False,False
ENSG00000234284,ENSG00000234284,ZNF879,618,True,0.024748306130635476,1.6726681295190815,0.3627763,62,False,False,False,False,False,False,False,False
ENSG00000103995,ENSG00000103995,CEP152,1546,True,0.06077298769939468,1.7706757470599748,0.35973632,62,False,False,False,False,False,False,False,False
ENSG00000185905,ENSG00000185905,C16orf54,6125,True,0.23075815658300033,1.768507041476589,0.35885227,62,False,False,False,False,False,False,False,False
ENSG00000148606,ENSG00000148606,POLR3A,1277,True,0.04903686678138379,1.7679833993336933,0.35806897,62,False,False,False,False,False,False,False,False
ENSG00000105750,ENSG00000105750,ZNF85,1641,True,0.06047642411483953,1.743193336961565,0.3554101,62,False,False,False,False,False,False,False,False
ENSG00000260625,ENSG00000260625,RUSF1-DT,492,True,0.021352830474743047,1.7510387043245041,0.3515485,62,False,False,False,False,False,False,False,False
ENSG00000228701,ENSG00000228701,TNKS2-DT,689,True,0.028149250931054918,1.7555367987176373,0.35150477,62,False,False,False,False,False,False,False,False
ENSG00000146215,ENSG00000146215,CRIP3,579,True,0.02499229436560381,1.7185531150217637,0.3468931,62,False,False,False,False,False,False,False,False
ENSG00000183137,ENSG00000183137,CEP57L1,1130,True,0.044542239216075086,1.7646339538566478,0.34227183,62,False,False,False,False,False,False,False,False
ENSG00000113318,ENSG00000113318,MSH3,4165,True,0.15160505313827422,1.766868517681352,0.34101486,62,False,False,False,False,False,False,False,False
ENSG00000096872,ENSG00000096872,IFT74,2121,True,0.080951340413673,1.7683682045511333,0.34098026,62,False,False,False,False,False,False,False,False
ENSG00000156500,ENSG00000156500,PABIR3,1317,True,0.051340911629055005,1.7363042013516357,0.34085226,62,False,False,False,False,False,False,False,False
ENSG00000198355,ENSG00000198355,PIM3,8203,True,0.2877373303538327,1.7596507451088128,0.338256,62,False,False,False,False,False,False,False,False
ENSG00000161610,ENSG00000161610,HCRT,386,True,0.018188182391189037,1.7461854672070396,0.333894,62,False,False,False,False,False,False,False,False
ENSG00000168803,ENSG00000168803,MAPDA,1875,True,0.07299592455347938,1.7619397586313532,0.331229,62,False,False,False,False,False,False,False,False
ENSG00000257167,ENSG00000257167,TMPO-AS1,606,True,0.02609975540247752,1.746330316139815,0.33076638,62,False,False,False,False,False,False,False,False
ENSG00000166900,ENSG00000166900,STX3,1282,True,0.051832219874003965,1.7374248250897153,0.3261029,62,False,False,False,False,False,False,False,False
ENSG00000161551,ENSG00000161551,ZNF577,730,True,0.029840081155970356,1.7338068425867512,0.32239836,62,False,False,False,False,False,False,False,False
ENSG00000130413,ENSG00000130413,STK33,989,True,0.040643771465259285,1.7621991072772558,0.322008,62,False,False,False,False,False,False,False,False
ENSG00000011114,ENSG00000011114,BTBD7,3613,True,0.13296418503378335,1.7637458038269023,0.3216889,62,False,False,False,False,False,False,False,False
ENSG00000163221,ENSG00000163221,S100A12,6164,True,0.2402186249429534,1.7598744328860574,0.32111764,62,False,False,False,False,False,False,False,False
ENSG00000173276,ENSG00000173276,ZBTB21,3441,True,0.131729043999048,1.7633336757212363,0.32065013,62,False,False,False,False,False,False,False,False
ENSG00000145332,ENSG00000145332,KLHL8,2162,True,0.08416173405542718,1.7661665678143044,0.32049108,62,False,False,False,False,False,False,False,False
ENSG00000106624,ENSG00000106624,AEBP1,1533,True,0.0589066507733649,1.7661174055482434,0.31946966,62,False,False,False,False,False,False,False,False
ENSG00000166439,ENSG00000166439,RNF169,2179,True,0.08441458748129503,1.7648187131404465,0.3183151,62,False,False,False,False,False,False,False,False
ENSG00000204620,ENSG00000204620,ENSG00000204620,623,True,0.027248339527293775,1.7666976059323098,0.3162078,62,False,False,False,False,False,False,False,False
ENSG00000163565,ENSG00000163565,IFI16,47280,True,1.3107604944461893,1.8648084247116656,0.31609994,62,False,False,False,False,False,False,False,True
ENSG00000212939,ENSG00000212939,ENSG00000212939,1164,True,0.042733564358121666,1.5679882846188156,0.31558868,62,False,False,False,False,False,False,False,False
ENSG00000039319,ENSG00000039319,ZFYVE16,2454,True,0.09235878306296064,1.761922489423275,0.3088662,62,False,False,False,False,False,False,False,False
ENSG00000165046,ENSG00000165046,LETM2,605,True,0.025331685122836824,1.6708254204805244,0.30751446,62,False,False,False,False,False,False,False,False
ENSG00000172007,ENSG00000172007,RAB33B,1911,True,0.07450191977605479,1.763068731111228,0.30240583,62,False,False,False,False,False,False,False,False
ENSG00000153094,ENSG00000153094,BCL2L11,3946,True,0.13716477782118291,1.7595620093408697,0.30233705,62,False,False,False,False,False,False,False,False
ENSG00000179119,ENSG00000179119,SPTY2D1,4515,True,0.170150927003992,1.757940318821686,0.3020241,62,False,False,False,False,False,False,False,False
ENSG00000196110,ENSG00000196110,ZNF699,1427,True,0.05543842559511905,1.761730278227221,0.3017486,62,False,False,False,False,False,False,False,False
ENSG00000138867,ENSG00000138867,GUCD1,10429,True,0.3606873538785523,1.7846373520416414,0.29933843,62,False,False,False,False,False,False,False,False
ENSG00000001167,ENSG00000001167,NFYA,1250,True,0.04806494099261953,1.7459962491014667,0.2990969,62,False,False,False,False,False,False,False,False
ENSG00000139350,ENSG00000139350,NEDD1,2094,True,0.078822258574885,1.7628501901423663,0.2987851,62,False,False,False,False,False,False,False,False
ENSG00000102606,ENSG00000102606,ARHGEF7,2725,True,0.09967029751386765,1.7615370997468944,0.29852653,62,False,False,False,False,False,False,False,False
ENSG00000168685,ENSG00000168685,IL7R,6366,True,0.21458774954666016,1.7697145288303289,0.29835358,62,False,False,False,False,False,False,False,False
ENSG00000174227,ENSG00000174227,PIGG,2495,True,0.09560409841379064,1.7609338322606034,0.29738802,62,False,False,False,False,False,False,False,False
ENSG00000137075,ENSG00000137075,RNF38,3063,True,0.11468939760471489,1.7600969557452166,0.29674357,62,False,False,False,False,False,False,False,False
ENSG00000134709,ENSG00000134709,HOOK1,932,True,0.037274435770035544,1.7558339882006422,0.29619086,62,False,False,False,False,False,False,False,False
ENSG00000230155,ENSG00000230155,CEP250-AS1,3089,True,0.12010642588254741,1.7609296591926975,0.29437608,62,False,False,False,False,False,False,False,False
ENSG00000248508,ENSG00000248508,SRP14-DT,1755,True,0.07267253268027156,1.761328734003946,0.29334548,62,False,False,False,False,False,False,False,False
ENSG00000272449,ENSG00000272449,ENSG00000272449,4091,True,0.1562737797441399,1.7585257278507072,0.2930028,62,False,False,False,False,False,False,False,False
ENSG00000170871,ENSG00000170871,KIAA0232,2095,True,0.07845967272516753,1.7594298015913443,0.2929913,62,False,False,False,False,False,False,False,False
ENSG00000158863,ENSG00000158863,FHIP2B,1222,True,0.047287020702609595,1.7021241643416807,0.2923766,62,False,False,False,False,False,False,False,False
ENSG00000153561,ENSG00000153561,RMND5A,2756,True,0.10346226579946634,1.7542029509324764,0.2904838,62,False,False,False,False,False,False,False,False
ENSG00000186814,ENSG00000186814,ZSCAN30,1423,True,0.05454234639115276,1.7559828700994913,0.2896854,62,False,False,False,False,False,False,False,False
ENSG00000038219,ENSG00000038219,BOD1L1,13046,True,0.43513183175162734,1.7788064894987756,0.28956383,62,False,False,False,False,False,False,False,False
ENSG00000102781,ENSG00000102781,KATNAL1,1155,True,0.04523924959971997,1.7527348188593879,0.28932884,62,False,False,False,False,False,False,False,False
ENSG00000011454,ENSG00000011454,RABGAP1,3582,True,0.13519013546944758,1.7558384508209635,0.28724468,62,False,False,False,False,False,False,False,False
ENSG00000149577,ENSG00000149577,SIDT2,4268,True,0.15285149615584454,1.759307960080149,0.28644642,62,False,False,False,False,False,False,False,False
ENSG00000113194,ENSG00000113194,FAF2,3191,True,0.11913878765387356,1.757549743707733,0.2860512,62,False,False,False,False,False,False,False,False
ENSG00000239523,ENSG00000239523,MYLK-AS1,899,True,0.03582464601909167,1.7551351375966762,0.28515577,62,False,False,False,False,False,False,False,False
ENSG00000229124,ENSG00000229124,VIM-AS1,3252,True,0.12236791945441429,1.7620746123041664,0.2849055,62,False,False,False,False,False,False,False,False
ENSG00000197498,ENSG00000197498,RPF2,3649,True,0.13784411243337452,1.7538397424264323,0.28340727,62,False,False,False,False,False,False,False,False
ENSG00000272106,ENSG00000272106,ENSG00000272106,1552,True,0.06191930732081965,1.756411365456111,0.2833617,62,False,False,False,False,False,False,False,False
ENSG00000119535,ENSG00000119535,CSF3R,2173,True,0.08109940792752651,1.7269868409812035,0.28170946,62,False,False,False,False,False,False,False,False
ENSG00000197629,ENSG00000197629,MPEG1,5697,True,0.2054168022713787,1.7582523697275838,0.28169847,62,False,False,False,False,False,False,False,False
ENSG00000138380,ENSG00000138380,CARF,2357,True,0.09092290299698823,1.7547628588476007,0.2815547,62,False,False,False,False,False,False,False,False
ENSG00000255423,ENSG00000255423,EBLN2,1166,True,0.04577887594133068,1.758443072231457,0.28124234,62,False,False,False,False,False,False,False,False
ENSG00000163611,ENSG00000163611,SPICE1,1469,True,0.059449537867213104,1.754371520787025,0.27941036,62,False,False,False,False,False,False,False,False
ENSG00000121931,ENSG00000121931,LRIF1,4244,True,0.16014516630918335,1.7538328660965279,0.27836192,62,False,False,False,False,False,False,False,False
ENSG00000158710,ENSG00000158710,TAGLN2,49328,True,1.3496659913276252,1.874642253082073,0.27529097,62,False,False,False,False,False,False,False,False
ENSG00000164118,ENSG00000164118,CEP44,2417,True,0.09263061944075397,1.7537597094141097,0.27489713,62,False,False,False,False,False,False,False,False
ENSG00000147121,ENSG00000147121,KRBOX4,2196,True,0.086221635741613,1.7554450702229725,0.27477795,62,False,False,False,False,False,False,False,False
ENSG00000083635,ENSG00000083635,NUFIP1,1965,True,0.07317395310741476,1.7572776088192215,0.27370968,62,False,False,False,False,False,False,False,False
ENSG00000108559,ENSG00000108559,NUP88,10100,True,0.3494771458580989,1.7798914054791934,0.27201128,62,False,False,False,False,False,False,False,False
ENSG00000185215,ENSG00000185215,TNFAIP2,1233,True,0.046380501565890825,1.7523797189565116,0.268715,62,False,False,False,False,False,False,False,False
ENSG00000100450,ENSG00000100450,GZMH,3944,True,0.15172640373527652,1.7551728305094931,0.26862612,62,False,False,False,False,False,False,False,False
ENSG00000070759,ENSG00000070759,TESK2,2077,True,0.078360500899734,1.7551381608877656,0.26790076,62,False,False,False,False,False,False,False,False
ENSG00000159873,ENSG00000159873,CCDC117,1828,True,0.06988907015743645,1.75117759191831,0.26742756,62,False,False,False,False,False,False,False,False
ENSG00000152359,ENSG00000152359,POC5,1568,True,0.0611236952422098,1.7505619650392406,0.2671293,62,False,False,False,False,False,False,False,False
ENSG00000168564,ENSG00000168564,CDKN2AIP,4260,True,0.15807719825970534,1.751106440470702,0.2668388,62,False,False,False,False,False,False,False,False
ENSG00000170234,ENSG00000170234,PWWP2A,4168,True,0.15144192691813016,1.7479795517433254,0.2666045,62,False,False,False,False,False,False,False,False
ENSG00000175104,ENSG00000175104,TRAF6,1839,True,0.07006294151121704,1.748443685426969,0.26585642,62,False,False,False,False,False,False,False,False
ENSG00000198420,ENSG00000198420,TCAF1,1549,True,0.06011752724771285,1.7489736113519023,0.2641453,62,False,False,False,False,False,False,False,False
ENSG00000256525,ENSG00000256525,POLG2,2306,True,0.0857919234186001,1.7541597533084017,0.26287556,62,False,False,False,False,False,False,False,False
ENSG00000075711,ENSG00000075711,DLG1,6232,True,0.22436461067214228,1.7487128557403009,0.26228094,62,False,False,False,False,False,False,False,False
ENSG00000182150,ENSG00000182150,ERCC6L2,2811,True,0.1024475377137992,1.7494507339821785,0.26105022,62,False,False,False,False,False,False,False,False
ENSG00000144228,ENSG00000144228,SPOPL,2973,True,0.11479516832654658,1.7538457706718795,0.26085556,62,False,False,False,False,False,False,False,False
ENSG00000144040,ENSG00000144040,SFXN5,1040,True,0.04046157527992532,1.749361218985239,0.26048622,62,False,False,False,False,False,False,False,False
ENSG00000196177,ENSG00000196177,ACADSB,1513,True,0.058001315266150495,1.7505004403462734,0.2599793,62,False,False,False,False,False,False,False,False
ENSG00000100599,ENSG00000100599,RIN3,6418,True,0.22849425520976618,1.7535921823428782,0.2598024,62,False,False,False,False,False,False,False,False
ENSG00000107829,ENSG00000107829,FBXW4,2944,True,0.10989802325433527,1.7515431838523563,0.2588087,62,False,False,False,False,False,False,False,False
ENSG00000106771,ENSG00000106771,TMEM245,2688,True,0.10308487514121428,1.7476559375563239,0.25828484,62,False,False,False,False,False,False,False,False
ENSG00000178988,ENSG00000178988,MRFAP1L1,3318,True,0.12318531128793825,1.7499872570781874,0.25793126,62,False,False,False,False,False,False,False,False
ENSG00000189144,ENSG00000189144,ZNF573,1006,True,0.04094340632295365,1.751230958833864,0.25699493,62,False,False,False,False,False,False,False,False
ENSG00000108389,ENSG00000108389,MTMR4,6056,True,0.21340867252307866,1.7496195366517726,0.256755,62,False,False,False,False,False,False,False,False
ENSG00000100266,ENSG00000100266,PACSIN2,2941,True,0.10999924869258595,1.7478480001043672,0.2565389,62,False,False,False,False,False,False,False,False
ENSG00000169371,ENSG00000169371,SNUPN,2216,True,0.08502373388559019,1.7506223087917137,0.25581115,62,False,False,False,False,False,False,False,False
ENSG00000148481,ENSG00000148481,MINDY3,1432,True,0.05515318727489387,1.7460230138423787,0.25528878,62,False,False,False,False,False,False,False,False
ENSG00000102409,ENSG00000102409,BEX4,9076,True,0.3346644202804676,1.7736862573031076,0.25502956,62,False,False,False,False,False,False,False,False
ENSG00000183665,ENSG00000183665,TRMT12,999,True,0.03903795421352954,1.7232615242874232,0.25484902,62,False,False,False,False,False,False,False,False
ENSG00000181027,ENSG00000181027,FKRP,900,True,0.03716395200908587,1.7539924237410964,0.25468,62,False,False,False,False,False,False,False,False
ENSG00000177548,ENSG00000177548,RABEP2,6814,True,0.24079633913742018,1.75780958543395,0.25405455,62,False,False,False,False,False,False,False,False
ENSG00000102241,ENSG00000102241,HTATSF1,6547,True,0.23298450141577043,1.7478159498237325,0.25249156,62,False,False,False,False,False,False,False,False
ENSG00000083520,ENSG00000083520,DIS3,4860,True,0.17379151275046542,1.7499978740556452,0.25245252,62,False,False,False,False,False,False,False,False
ENSG00000163904,ENSG00000163904,SENP2,3604,True,0.13250316949817503,1.7492703078641194,0.25227293,62,False,False,False,False,False,False,False,False
ENSG00000144554,ENSG00000144554,FANCD2,2247,True,0.08595602661352766,1.7494444245899978,0.25126413,62,False,False,False,False,False,False,False,False
ENSG00000197008,ENSG00000197008,ZNF138,4109,True,0.15211613242067126,1.7489577505288716,0.24975803,62,False,False,False,False,False,False,False,False
ENSG00000183474,ENSG00000183474,GTF2H2C,2945,True,0.11015109450676483,1.7501557331473157,0.24965626,62,False,False,False,False,False,False,False,False
ENSG00000139631,ENSG00000139631,CSAD,2708,True,0.10159793982245267,1.7490895478129351,0.24934693,62,False,False,False,False,False,False,False,False
ENSG00000197056,ENSG00000197056,ZMYM1,1825,True,0.0713278633898382,1.7465524111810993,0.2486345,62,False,False,False,False,False,False,False,False
ENSG00000166133,ENSG00000166133,RPUSD2,2214,True,0.08620039285372344,1.7488514559112325,0.24857523,62,False,False,False,False,False,False,False,False
ENSG00000163349,ENSG00000163349,HIPK1,2455,True,0.09329797698119516,1.7519525196000438,0.24800292,62,False,False,False,False,False,False,False,False
ENSG00000136504,ENSG00000136504,KAT7,4121,True,0.15289641110257973,1.7489375297834635,0.24770099,62,False,False,False,False,False,False,False,False
ENSG00000124422,ENSG00000124422,USP22,5909,True,0.2124025883897733,1.7493491211475736,0.24685574,62,False,False,False,False,False,False,False,False
ENSG00000161267,ENSG00000161267,BDH1,2996,True,0.12483594761649716,1.7509818904663645,0.24663702,62,False,False,False,False,False,False,False,False
ENSG00000008294,ENSG00000008294,SPAG9,5244,True,0.18497110179905682,1.7498782027396442,0.24586403,62,False,False,False,False,False,False,False,False
ENSG00000145675,ENSG00000145675,PIK3R1,7975,True,0.27108577542808726,1.7515671478192922,0.24581051,62,False,False,False,False,False,False,False,False
ENSG00000021776,ENSG00000021776,AQR,3446,True,0.12496284267448989,1.7483929915339993,0.24563254,62,False,False,False,False,False,False,False,False
ENSG00000197019,ENSG00000197019,SERTAD1,5631,True,0.20363757273724917,1.7462073097447315,0.24481015,62,False,False,False,False,False,False,False,False
ENSG00000112062,ENSG00000112062,MAPK14,3884,True,0.14274401855232485,1.7472396163808919,0.24476495,62,False,False,False,False,False,False,False,False
ENSG00000065526,ENSG00000065526,SPEN,7668,True,0.2633425003687043,1.7586811245426608,0.2446867,62,False,False,False,False,False,False,False,False
ENSG00000148925,ENSG00000148925,BTBD10,1718,True,0.06532188364628828,1.7434196638145472,0.24468596,62,False,False,False,False,False,False,False,False
ENSG00000198721,ENSG00000198721,ECI2,3408,True,0.12714672183278342,1.7484538305541728,0.24245374,62,False,False,False,False,False,False,False,False
ENSG00000143793,ENSG00000143793,C1orf35,5105,True,0.18640656634821628,1.7465798576115115,0.24244615,62,False,False,False,False,False,False,False,False
ENSG00000105127,ENSG00000105127,AKAP8,5129,True,0.17810033207314838,1.7459313527020455,0.24189284,62,False,False,False,False,False,False,False,False
ENSG00000120837,ENSG00000120837,NFYB,3564,True,0.13731762770934822,1.7454298905356211,0.24128096,62,False,False,False,False,False,False,False,False
ENSG00000155868,ENSG00000155868,MED7,3118,True,0.12310396288197559,1.7467137477235894,0.24052829,62,False,False,False,False,False,False,False,False
ENSG00000049618,ENSG00000049618,ARID1B,6822,True,0.2453232656583899,1.7584391726976294,0.23980556,62,False,False,False,False,False,False,False,False
ENSG00000139428,ENSG00000139428,MMAB,2900,True,0.109109827184594,1.7446000456634239,0.23975581,62,False,False,False,False,False,False,False,False
ENSG00000185808,ENSG00000185808,PIGP,6170,True,0.22866341025541043,1.7442622684717415,0.2394617,62,False,False,False,False,False,False,False,False
ENSG00000144535,ENSG00000144535,DIS3L2,3356,True,0.12445116412192238,1.7456523543022824,0.23919481,62,False,False,False,False,False,False,False,False
ENSG00000120451,ENSG00000120451,SNX19,1958,True,0.07252534203478324,1.7481555223163878,0.23858573,62,False,False,False,False,False,False,False,False
ENSG00000134077,ENSG00000134077,THUMPD3,3062,True,0.11029875201118446,1.7415308021249094,0.23775518,62,False,False,False,False,False,False,False,False
ENSG00000146872,ENSG00000146872,TLK2,3874,True,0.13945020596306204,1.7454051563589494,0.23669761,62,False,False,False,False,False,False,False,False
ENSG00000144655,ENSG00000144655,CSRNP1,5948,True,0.21700879067567033,1.7525494308928833,0.23525152,62,False,False,False,False,False,False,False,False
ENSG00000087206,ENSG00000087206,UIMC1,6063,True,0.21356718595010094,1.7495619865651078,0.23518568,62,False,False,False,False,False,False,False,False
ENSG00000267216,ENSG00000267216,ZNF8-ERVK3-1,5036,True,0.18573364224434644,1.7466332066830785,0.23396686,62,False,False,False,False,False,False,False,False
ENSG00000115138,ENSG00000115138,POMC,3193,True,0.11918124256126848,1.7451518814106977,0.23380728,62,False,False,False,False,False,False,False,False
ENSG00000115421,ENSG00000115421,PAPOLG,2192,True,0.08405609063142869,1.7458186676964622,0.23377997,62,False,False,False,False,False,False,False,False
ENSG00000268205,ENSG00000268205,ENSG00000268205,2183,True,0.08160417929739801,1.7443809761548055,0.23329954,62,False,False,False,False,False,False,False,False
ENSG00000134882,ENSG00000134882,UBAC2,7808,True,0.2838988788300614,1.753423029898284,0.23233888,62,False,False,False,False,False,False,False,False
ENSG00000099810,ENSG00000099810,MTAP,2086,True,0.0776580142919248,1.743538332086608,0.23148505,62,False,False,False,False,False,False,False,False
ENSG00000169826,ENSG00000169826,CSGALNACT2,4443,True,0.1572716670156155,1.7444212291495254,0.23137037,62,False,False,False,False,False,False,False,False
ENSG00000132300,ENSG00000132300,PTCD3,4845,True,0.17474771309217704,1.7459678273248636,0.23123997,62,False,False,False,False,False,False,False,False
ENSG00000149262,ENSG00000149262,INTS4,2151,True,0.08117628126146206,1.7442530429979826,0.23109901,62,False,False,False,False,False,False,False,False
ENSG00000132356,ENSG00000132356,PRKAA1,7588,True,0.2671207415078516,1.749569812844963,0.22965829,62,False,False,False,False,False,False,False,False
ENSG00000111670,ENSG00000111670,GNPTAB,5942,True,0.21132973681541098,1.748357843740751,0.22953807,62,False,False,False,False,False,False,False,False
ENSG00000111300,ENSG00000111300,NAA25,3796,True,0.1417545942483471,1.7471322864973011,0.22882164,62,False,False,False,False,False,False,False,False
ENSG00000185127,ENSG00000185127,C6orf120,1634,True,0.06070977197542746,1.7114995068851002,0.22865814,62,False,False,False,False,False,False,False,False
ENSG00000122008,ENSG00000122008,POLK,8652,True,0.30172087630756655,1.7582077067151254,0.22839344,62,False,False,False,False,False,False,False,False
ENSG00000185129,ENSG00000185129,PURA,2900,True,0.10839101359236397,1.7420790080385211,0.22663116,62,False,False,False,False,False,False,False,False
ENSG00000197323,ENSG00000197323,TRIM33,7038,True,0.2570273869636199,1.7517203771831118,0.22627409,62,False,False,False,False,False,False,False,False
ENSG00000176390,ENSG00000176390,CRLF3,6360,True,0.22455166163698245,1.75019403001744,0.22504674,62,False,False,False,False,False,False,False,False
ENSG00000100307,ENSG00000100307,CBX7,4534,True,0.16126549962677372,1.744801008589741,0.22475965,62,False,False,False,False,False,False,False,False
ENSG00000169682,ENSG00000169682,SPNS1,3577,True,0.12913352103837925,1.742939701191748,0.22410159,62,False,False,False,False,False,False,False,False
ENSG00000048028,ENSG00000048028,USP28,4647,True,0.16866920909074554,1.7426694129924036,0.22300692,62,False,False,False,False,False,False,False,False
ENSG00000237188,ENSG00000237188,ENSG00000237188,1113,True,0.0432791866695141,1.7095431677122248,0.22249243,62,False,False,False,False,False,False,False,False
ENSG00000061987,ENSG00000061987,MON2,3341,True,0.12164677808996319,1.7409031935434902,0.22234236,62,False,False,False,False,False,False,False,False
ENSG00000006625,ENSG00000006625,GGCT,4994,True,0.18195522105570736,1.7429987899407875,0.22135647,62,False,False,False,False,False,False,False,False
ENSG00000171262,ENSG00000171262,FAM98B,4024,True,0.14572000378782882,1.7431404357454134,0.21959852,62,False,False,False,False,False,False,False,False
ENSG00000188822,ENSG00000188822,CNR2,5964,True,0.21283828083585155,1.7436587586301782,0.21862411,62,False,False,False,False,False,False,False,False
ENSG00000140983,ENSG00000140983,RHOT2,6452,True,0.23409075582044742,1.7429394428059863,0.21791883,62,False,False,False,False,False,False,False,False
ENSG00000251022,ENSG00000251022,THAP9-AS1,3908,True,0.1444302648299254,1.7418587762098523,0.21787888,62,False,False,False,False,False,False,False,False
ENSG00000178691,ENSG00000178691,SUZ12,8397,True,0.2912052934871389,1.7588429957391987,0.2177084,62,False,False,False,False,False,False,False,False
ENSG00000142188,ENSG00000142188,TMEM50B,5526,True,0.19952132794416952,1.7402509317315684,0.21733767,62,False,False,False,False,False,False,False,False
ENSG00000163703,ENSG00000163703,CRELD1,2047,True,0.07769919426498242,1.7451377362278118,0.21717125,62,False,False,False,False,False,False,False,False
ENSG00000120159,ENSG00000120159,CAAP1,2752,True,0.1033619191880874,1.7420687502840737,0.21674117,62,False,False,False,False,False,False,False,False
ENSG00000143889,ENSG00000143889,HNRNPLL,642,True,0.0253331354711101,1.7335960851628527,0.21654256,62,False,False,False,False,False,False,False,False
ENSG00000181350,ENSG00000181350,LRRC75A,3023,True,0.10707742957509128,1.7395591449594787,0.21575789,62,False,False,False,False,False,False,False,False
ENSG00000122299,ENSG00000122299,ZC3H7A,7687,True,0.26379827520006666,1.7515002126469548,0.2144825,62,False,False,False,False,False,False,False,False
ENSG00000112365,ENSG00000112365,ZBTB24,8726,True,0.3058154555334145,1.754379550713738,0.21371555,62,False,False,False,False,False,False,False,False
ENSG00000113119,ENSG00000113119,TMCO6,1390,True,0.05411815014843127,1.7415135598653102,0.21354704,62,False,False,False,False,False,False,False,False
ENSG00000188021,ENSG00000188021,UBQLN2,5165,True,0.18858002780332753,1.7395446401771695,0.21199515,62,False,False,False,False,False,False,False,False
ENSG00000009780,ENSG00000009780,FAM76A,3886,True,0.14836009979054193,1.7413424618819575,0.21189721,62,False,False,False,False,False,False,False,False
ENSG00000111581,ENSG00000111581,NUP107,7586,True,0.27178841689284583,1.7478872704592385,0.21178815,62,False,False,False,False,False,False,False,False
ENSG00000102390,ENSG00000102390,PBDC1,5672,True,0.20683476038462692,1.7369555728895363,0.21085663,62,False,False,False,False,False,False,False,False
ENSG00000116138,ENSG00000116138,DNAJC16,2035,True,0.07802913398307715,1.7394486739641393,0.20907295,62,False,False,False,False,False,False,False,False
ENSG00000159256,ENSG00000159256,MORC3,10042,True,0.34834696566688383,1.7628661277121338,0.20854032,62,False,False,False,False,False,False,False,False
ENSG00000168802,ENSG00000168802,CHTF8,4949,True,0.1802662886486766,1.7401234905674772,0.20756708,62,False,False,False,False,False,False,False,False
ENSG00000144909,ENSG00000144909,OSBPL11,4112,True,0.15092894363015757,1.7384833223018228,0.20704234,62,False,False,False,False,False,False,False,False
ENSG00000134480,ENSG00000134480,CCNH,8227,True,0.2924826761337856,1.7535149213349777,0.20659214,62,False,False,False,False,False,False,False,False
ENSG00000113391,ENSG00000113391,ARB2A,8952,True,0.3149685678825635,1.7612531277879349,0.20519602,62,False,False,False,False,False,False,False,False
ENSG00000172262,ENSG00000172262,ZNF131,9117,True,0.31981941959287896,1.7673125167343604,0.20510335,62,False,False,False,False,False,False,False,False
ENSG00000204576,ENSG00000204576,PRR3,1883,True,0.06911205527759626,1.7372829172510755,0.20419154,62,False,False,False,False,False,False,False,False
ENSG00000090661,ENSG00000090661,CERS4,4446,True,0.16258198625110326,1.7396294438811877,0.20280047,62,False,False,False,False,False,False,False,False
ENSG00000182185,ENSG00000182185,RAD51B,1464,True,0.05636560213646675,1.7385215852010192,0.2024822,62,False,False,False,False,False,False,False,False
ENSG00000139977,ENSG00000139977,NAA30,1911,True,0.07124186341605898,1.7384712458583425,0.1984004,62,False,False,False,False,False,False,False,False
ENSG00000159592,ENSG00000159592,GPBP1L1,6768,True,0.24030526133201865,1.7454033959431021,0.19708921,62,False,False,False,False,False,False,False,False
ENSG00000156304,ENSG00000156304,SCAF4,7924,True,0.27914241789917343,1.744432863943841,0.19673048,62,False,False,False,False,False,False,False,False
ENSG00000071564,ENSG00000071564,TCF3,5998,True,0.21802344296825565,1.7368885864233967,0.1961759,62,False,False,False,False,False,False,False,False
ENSG00000182087,ENSG00000182087,TMEM259,5663,True,0.2038980581861872,1.7364264438868369,0.19491023,62,False,False,False,False,False,False,False,False
ENSG00000256771,ENSG00000256771,ZNF253,1337,True,0.051161437633191705,1.7306773013623613,0.19436109,62,False,False,False,False,False,False,False,False
ENSG00000197982,ENSG00000197982,C1orf122,6209,True,0.2217154108576004,1.7354616009270425,0.19377522,62,False,False,False,False,False,False,False,False
ENSG00000083312,ENSG00000083312,TNPO1,4958,True,0.17403156371040263,1.7335212751486333,0.18867166,62,False,False,False,False,False,False,False,False
ENSG00000047346,ENSG00000047346,ATOSA,7021,True,0.25005147874124894,1.747053665484386,0.18716449,62,False,False,False,False,False,False,False,False
ENSG00000117697,ENSG00000117697,NSL1,7526,True,0.2687758141896511,1.7392291890100309,0.18638086,62,False,False,False,False,False,False,False,False
ENSG00000154945,ENSG00000154945,ANKRD40,2000,True,0.08160757651568439,1.7331296894026558,0.1862595,62,False,False,False,False,False,False,False,False
ENSG00000164896,ENSG00000164896,FASTK,6806,True,0.24339349993778378,1.733198559307555,0.17469932,62,False,False,False,False,False,False,False,False
ENSG00000166974,ENSG00000166974,MAPRE2,6039,True,0.21601392266773772,1.728032715384453,0.15976006,62,False,False,False,False,False,False,False,False
ENSG00000173889,ENSG00000173889,PHC3,8659,True,0.30247427934760024,1.7607715337695025,0.15865527,62,False,False,False,False,False,False,False,False
ENSG00000155508,ENSG00000155508,CNOT8,6547,True,0.23503012323931796,1.7273619654695729,0.1539246,62,False,False,False,False,False,False,False,False
ENSG00000007312,ENSG00000007312,CD79B,83862,True,2.1438413212184013,2.024206623453821,0.49764135,61,False,False,False,False,False,False,False,False
ENSG00000165716,ENSG00000165716,DIPK1B,286,True,0.013083763136896987,1.5565655467617112,0.48206457,61,False,False,False,False,False,False,False,False
ENSG00000036448,ENSG00000036448,MYOM2,770,True,0.031445846252692373,1.8055663616657212,0.47930214,61,False,False,False,False,False,False,False,False
ENSG00000224165,ENSG00000224165,DNAJC27-AS1,562,True,0.024650812924283953,1.7328855561006125,0.4354277,61,False,False,False,False,False,False,False,False
ENSG00000165490,ENSG00000165490,DDIAS,326,True,0.013047011811136884,1.5508167384475333,0.43306744,61,False,False,False,False,False,False,False,False
ENSG00000263400,ENSG00000263400,TMEM220-AS1,251,True,0.010041583639995097,1.3736011661301317,0.41297305,61,False,False,False,False,False,False,False,False
ENSG00000124767,ENSG00000124767,GLO1,14930,True,0.5057339048961335,1.7939503935718861,0.4088788,61,False,False,False,False,False,False,False,False
ENSG00000196562,ENSG00000196562,SULF2,11028,True,0.3908856235322409,1.7892626659385948,0.40817234,61,False,False,False,False,False,False,False,False
ENSG00000263089,ENSG00000263089,ENSG00000263089,885,True,0.03528095062249745,1.7499962737742558,0.40158302,61,False,False,False,False,False,False,False,False
ENSG00000272463,ENSG00000272463,ENSG00000272463,503,True,0.021007032158655403,1.6621397078201383,0.39167017,61,False,False,False,False,False,False,False,False
ENSG00000188227,ENSG00000188227,ZNF793,1235,True,0.04836680780064717,1.7791983378653164,0.39078063,61,False,False,False,False,False,False,False,False
ENSG00000139351,ENSG00000139351,SYCP3,446,True,0.01795680398021148,1.704789004500337,0.38781902,61,False,False,False,False,False,False,False,False
ENSG00000141013,ENSG00000141013,GAS8,456,True,0.019615528309465016,1.6688989407186399,0.38471988,61,False,False,False,False,False,False,False,False
ENSG00000270761,ENSG00000270761,CD2AP-DT,462,True,0.020433646074280006,1.6819084286176336,0.3796506,61,False,False,False,False,False,False,False,False
ENSG00000160013,ENSG00000160013,PTGIR,590,True,0.024203084077883442,1.7171190127606228,0.37866455,61,False,False,False,False,False,False,False,False
ENSG00000158477,ENSG00000158477,CD1A,537,True,0.023922248784990573,1.750008642648148,0.377027,61,False,False,False,False,False,False,False,False
ENSG00000251867,ENSG00000251867,ENSG00000251867,704,True,0.03143227467177034,1.7773742732183033,0.36844343,61,False,False,False,False,False,False,False,False
ENSG00000138592,ENSG00000138592,USP8,11901,True,0.4067033844931674,1.7859239234780317,0.36729866,61,False,False,False,False,False,False,False,False
ENSG00000122729,ENSG00000122729,ACO1,965,True,0.03717526550714378,1.7754268835675262,0.3613147,61,False,False,False,False,False,False,False,False
ENSG00000272688,ENSG00000272688,ENSG00000272688,1079,True,0.04258128357834829,1.7401958659425618,0.35494345,61,False,False,False,False,False,False,False,False
ENSG00000155970,ENSG00000155970,MICU3,814,True,0.03296977878606547,1.7140349914366104,0.35045943,61,False,False,False,False,False,False,False,False
ENSG00000214756,ENSG00000214756,CSKMT,10629,True,0.38285945386507064,1.7915309261429477,0.34907776,61,False,False,False,False,False,False,False,False
ENSG00000132274,ENSG00000132274,TRIM22,19166,True,0.6301643835409118,1.7993643410090663,0.34664547,61,False,False,False,False,False,False,False,False
ENSG00000273188,ENSG00000273188,ENSG00000273188,1201,True,0.05105670650258716,1.76666838527943,0.3432638,61,False,False,False,False,False,False,False,False
ENSG00000270069,ENSG00000270069,MIR222HG,861,True,0.037575172288753025,1.7445988158316517,0.34121567,61,False,False,False,False,False,False,False,False
ENSG00000175643,ENSG00000175643,RMI2,1184,True,0.04968529919570575,1.77000834843693,0.3370924,61,False,False,False,False,False,False,False,False
ENSG00000213380,ENSG00000213380,COG8,1370,True,0.05114801721279683,1.769892168715208,0.3335065,61,False,False,False,False,False,False,False,False
ENSG00000116922,ENSG00000116922,AIRIM,1411,True,0.054628485961321,1.7674684835914036,0.32159883,61,False,False,False,False,False,False,False,False
ENSG00000197362,ENSG00000197362,ZNF786,1010,True,0.04003761960799514,1.7702367744812513,0.32116866,61,False,False,False,False,False,False,False,False
ENSG00000134744,ENSG00000134744,TUT4,19618,True,0.6188089208533682,1.7932007183214238,0.31691602,61,False,False,False,False,False,False,False,False
ENSG00000248019,ENSG00000248019,FAM13A-AS1,828,True,0.03305180334815161,1.7041682200567883,0.3142146,61,False,False,False,False,False,False,False,False
ENSG00000258325,ENSG00000258325,ITFG2-AS1,885,True,0.035374579919844704,1.7313122907709284,0.31073275,61,False,False,False,False,False,False,False,False
ENSG00000138642,ENSG00000138642,HERC6,1973,True,0.07811270305627403,1.7614538614850785,0.3098085,61,False,False,False,False,False,False,False,False
ENSG00000163291,ENSG00000163291,PAQR3,1121,True,0.04711012114754403,1.7572860016250837,0.30875418,61,False,False,False,False,False,False,False,False
ENSG00000155621,ENSG00000155621,C9orf85,2671,True,0.10019968423292475,1.7635056858141858,0.3081097,61,False,False,False,False,False,False,False,False
ENSG00000198825,ENSG00000198825,INPP5F,1884,True,0.07227328742796242,1.7586431236698827,0.29986548,61,False,False,False,False,False,False,False,False
ENSG00000260077,ENSG00000260077,ENSG00000260077,1398,True,0.05596380174371596,1.7595308458656873,0.29962713,61,False,False,False,False,False,False,False,False
ENSG00000123607,ENSG00000123607,TTC21B,2103,True,0.07950295951952781,1.7635103890476471,0.29842672,61,False,False,False,False,False,False,False,False
ENSG00000185022,ENSG00000185022,MAFF,1293,True,0.051379675235186294,1.727732516794608,0.2929492,61,False,False,False,False,False,False,False,False
ENSG00000106346,ENSG00000106346,USP42,1647,True,0.06285761297166509,1.7567770615226777,0.2873473,61,False,False,False,False,False,False,False,False
ENSG00000266964,ENSG00000266964,FXYD1,5317,True,0.1972811698409088,1.757696802884425,0.28671613,61,False,False,False,False,False,False,False,False
ENSG00000174197,ENSG00000174197,MGA,2940,True,0.10964952530797802,1.7564044288190201,0.28630713,61,False,False,False,False,False,False,False,False
ENSG00000244701,ENSG00000244701,ENSG00000244701,736,True,0.03008189264302128,1.7544925933070112,0.28434947,61,False,False,False,False,False,False,False,False
ENSG00000181555,ENSG00000181555,SETD2,10000,True,0.33363212364169,1.7734857436747076,0.2840242,61,False,False,False,False,False,False,False,False
ENSG00000047579,ENSG00000047579,DTNBP1,8866,True,0.3196489083768131,1.7679716331827853,0.283044,61,False,False,False,False,False,False,False,False
ENSG00000123219,ENSG00000123219,CENPK,2249,True,0.08690313267855537,1.7531874645127994,0.28151572,61,False,False,False,False,False,False,False,False
ENSG00000142178,ENSG00000142178,SIK1,8471,True,0.31177510191500274,1.7674922118505352,0.28133664,61,False,False,False,False,False,False,False,False
ENSG00000109680,ENSG00000109680,TBC1D19,1132,True,0.04640567516778675,1.7521408587103813,0.28132406,61,False,False,False,False,False,False,False,False
ENSG00000070269,ENSG00000070269,TMEM260,1985,True,0.07427893300098502,1.7555600456624518,0.2810546,61,False,False,False,False,False,False,False,False
ENSG00000143498,ENSG00000143498,TAF1A,1139,True,0.04776583032641244,1.7540269892690132,0.2810495,61,False,False,False,False,False,False,False,False
ENSG00000204444,ENSG00000204444,APOM,1756,True,0.06721345336365782,1.7541272547249178,0.27883607,61,False,False,False,False,False,False,False,False
ENSG00000269176,ENSG00000269176,ENSG00000269176,624,True,0.02491438057777432,1.756103991598467,0.2758499,61,False,False,False,False,False,False,False,False
ENSG00000061936,ENSG00000061936,SFSWAP,9448,True,0.3245196591304977,1.7710948436909915,0.27583465,61,False,False,False,False,False,False,False,False
ENSG00000163681,ENSG00000163681,SLMAP,4296,True,0.15601483238260783,1.756492384700721,0.27560908,61,False,False,False,False,False,False,False,False
ENSG00000139323,ENSG00000139323,POC1B,2671,True,0.10060475233169432,1.7539468555946085,0.27520487,61,False,False,False,False,False,False,False,False
ENSG00000242028,ENSG00000242028,HYPK,1477,True,0.05919736460777461,1.75723957634371,0.27467334,61,False,False,False,False,False,False,False,False
ENSG00000083844,ENSG00000083844,ZNF264,2303,True,0.08655956905727277,1.7595560233208893,0.27436927,61,False,False,False,False,False,False,False,False
ENSG00000105136,ENSG00000105136,ZNF419,770,True,0.031309132543916686,1.7547516489529043,0.27318385,61,False,False,False,False,False,False,False,False
ENSG00000198042,ENSG00000198042,MAK16,2267,True,0.08617750612654423,1.7556398427174742,0.2719958,61,False,False,False,False,False,False,False,False
ENSG00000129472,ENSG00000129472,RAB2B,2427,True,0.09256992686505515,1.7572720259316184,0.2715424,61,False,False,False,False,False,False,False,False
ENSG00000135241,ENSG00000135241,PNPLA8,11560,True,0.40068882716230797,1.7783557312321208,0.27152386,61,False,False,False,False,False,False,False,False
ENSG00000187601,ENSG00000187601,MAGEH1,2381,True,0.08820842815598054,1.7490098207402085,0.27000707,61,False,False,False,False,False,False,False,False
ENSG00000008405,ENSG00000008405,CRY1,654,True,0.02652375859153586,1.7543411126218258,0.2698029,61,False,False,False,False,False,False,False,False
ENSG00000118689,ENSG00000118689,FOXO3,3008,True,0.11233850397708177,1.7517030396219966,0.26938528,61,False,False,False,False,False,False,False,False
ENSG00000156172,ENSG00000156172,CFAP418,604,True,0.025194486398455715,1.7496762839988784,0.26915213,61,False,False,False,False,False,False,False,False
ENSG00000136936,ENSG00000136936,XPA,9044,True,0.32364563564908416,1.7723153643045677,0.26816568,61,False,False,False,False,False,False,False,False
ENSG00000204681,ENSG00000204681,GABBR1,2620,True,0.10337681675215711,1.7541807430148688,0.26795995,61,False,False,False,False,False,False,False,False
ENSG00000104880,ENSG00000104880,ARHGEF18,3173,True,0.12121382597568976,1.7556612745170599,0.26742157,61,False,False,False,False,False,False,False,False
ENSG00000010539,ENSG00000010539,ZNF200,639,True,0.024933946607313885,1.6981876667474451,0.26669487,61,False,False,False,False,False,False,False,False
ENSG00000066455,ENSG00000066455,GOLGA5,2919,True,0.1088915530804731,1.7525720393043,0.2653337,61,False,False,False,False,False,False,False,False
ENSG00000166912,ENSG00000166912,MTMR10,1771,True,0.06729310132697498,1.7529390618942173,0.26494005,61,False,False,False,False,False,False,False,False
ENSG00000135720,ENSG00000135720,DYNC1LI2,3666,True,0.13225757104571445,1.753476379614234,0.2642841,61,False,False,False,False,False,False,False,False
ENSG00000076242,ENSG00000076242,MLH1,2383,True,0.08806937654098762,1.748807094542753,0.26356843,61,False,False,False,False,False,False,False,False
ENSG00000245571,ENSG00000245571,FAM111A-DT,933,True,0.0373161976436363,1.7216076791440622,0.26336718,61,False,False,False,False,False,False,False,False
ENSG00000143164,ENSG00000143164,DCAF6,2942,True,0.10943064417910779,1.749974868022325,0.2612659,61,False,False,False,False,False,False,False,False
ENSG00000231999,ENSG00000231999,LRRC8C-DT,644,True,0.0252875603328116,1.7251136864631662,0.26060715,61,False,False,False,False,False,False,False,False
ENSG00000233016,ENSG00000233016,SNHG7,33340,True,0.9707848688841839,1.8261540778098497,0.2597487,61,False,False,False,False,False,False,False,False
ENSG00000165494,ENSG00000165494,PCF11,11636,True,0.39496206052923744,1.7731978870722365,0.25957912,61,False,False,False,False,False,False,False,False
ENSG00000167110,ENSG00000167110,GOLGA2,3895,True,0.14395583896477182,1.7506704760129574,0.25933954,61,False,False,False,False,False,False,False,False
ENSG00000181852,ENSG00000181852,RNF41,3855,True,0.14283663795159532,1.7503692317357886,0.2593268,61,False,False,False,False,False,False,False,False
ENSG00000132436,ENSG00000132436,FIGNL1,1363,True,0.052738114402472606,1.7188416816922147,0.2591737,61,False,False,False,False,False,False,False,False
ENSG00000124256,ENSG00000124256,ZBP1,8006,True,0.28275482799989826,1.7560069548765258,0.25877255,61,False,False,False,False,False,False,False,False
ENSG00000131931,ENSG00000131931,THAP1,3572,True,0.1325616209314669,1.7488603590948324,0.25859293,61,False,False,False,False,False,False,False,False
ENSG00000185115,ENSG00000185115,NSMCE3,9309,True,0.33779990245165714,1.7742045858767386,0.2584874,61,False,False,False,False,False,False,False,False
ENSG00000118503,ENSG00000118503,TNFAIP3,6938,True,0.23672638066972568,1.7618071173815737,0.25762644,61,False,False,False,False,False,False,False,False
ENSG00000100934,ENSG00000100934,SEC23A,4195,True,0.15840462236246897,1.7530121404407404,0.25715014,61,False,False,False,False,False,False,False,False
ENSG00000080815,ENSG00000080815,PSEN1,3539,True,0.1296493424850714,1.7513214294540331,0.255936,61,False,False,False,False,False,False,False,False
ENSG00000204673,ENSG00000204673,AKT1S1,2277,True,0.09029278825745429,1.7517999022529773,0.25541854,61,False,False,False,False,False,False,False,False
ENSG00000164080,ENSG00000164080,RAD54L2,2318,True,0.08847969899521714,1.7504090032456752,0.25453323,61,False,False,False,False,False,False,False,False
ENSG00000198909,ENSG00000198909,MAP3K3,1894,True,0.06991820370670981,1.7537979036658002,0.25452504,61,False,False,False,False,False,False,False,False
ENSG00000168556,ENSG00000168556,ING2,3353,True,0.12329428457697372,1.747265697993162,0.25443813,61,False,False,False,False,False,False,False,False
ENSG00000133027,ENSG00000133027,PEMT,1554,True,0.057871288040484,1.7499276628942442,0.25375107,61,False,False,False,False,False,False,False,False
ENSG00000185344,ENSG00000185344,ATP6V0A2,2429,True,0.08786169798082184,1.748676249293183,0.25318336,61,False,False,False,False,False,False,False,False
ENSG00000197050,ENSG00000197050,ZNF420,1307,True,0.05210982860120206,1.749318623435841,0.25313523,61,False,False,False,False,False,False,False,False
ENSG00000173846,ENSG00000173846,PLK3,2274,True,0.08655285656999191,1.7518437405569023,0.2502765,61,False,False,False,False,False,False,False,False
ENSG00000049541,ENSG00000049541,RFC2,3184,True,0.11720810853680512,1.7462678726100178,0.24980396,61,False,False,False,False,False,False,False,False
ENSG00000187866,ENSG00000187866,PABIR1,2080,True,0.08102622028095768,1.747458002518098,0.24940953,61,False,False,False,False,False,False,False,False
ENSG00000143891,ENSG00000143891,GALM,1951,True,0.07321515983811157,1.7486469237837503,0.24933735,61,False,False,False,False,False,False,False,False
ENSG00000083097,ENSG00000083097,DOP1A,1495,True,0.05551808060351122,1.7178910411337223,0.24639332,61,False,False,False,False,False,False,False,False
ENSG00000184574,ENSG00000184574,LPAR5,2053,True,0.0799912204241927,1.7470832629507695,0.24593474,61,False,False,False,False,False,False,False,False
ENSG00000147874,ENSG00000147874,HAUS6,2147,True,0.08024894265690957,1.7470271877569543,0.24523434,61,False,False,False,False,False,False,False,False
ENSG00000180257,ENSG00000180257,ZNF816,1075,True,0.04418761952490896,1.74923201121996,0.24500565,61,False,False,False,False,False,False,False,False
ENSG00000129347,ENSG00000129347,KRI1,3578,True,0.12993973490750424,1.7475391965103795,0.24439245,61,False,False,False,False,False,False,False,False
ENSG00000197857,ENSG00000197857,ZNF44,3500,True,0.12830606975854167,1.748920448443828,0.24436325,61,False,False,False,False,False,False,False,False
ENSG00000160318,ENSG00000160318,CLDND2,722,True,0.03294651959469004,1.7510544684991822,0.2440533,61,False,False,False,False,False,False,False,False
ENSG00000153015,ENSG00000153015,CWC27,6720,True,0.24247332767855348,1.7513364893529884,0.24402747,61,False,False,False,False,False,False,False,False
ENSG00000054282,ENSG00000054282,SDCCAG8,8886,True,0.31832889786129875,1.7686215358804602,0.24310209,61,False,False,False,False,False,False,False,False
ENSG00000139826,ENSG00000139826,ABHD13,4560,True,0.17273575371717684,1.7475812084059767,0.24157158,61,False,False,False,False,False,False,False,False
ENSG00000187118,ENSG00000187118,CMC1,5279,True,0.19706484622257278,1.7497910433877941,0.2400985,61,False,False,False,False,False,False,False,False
ENSG00000136159,ENSG00000136159,NUDT15,1611,True,0.06335062600543,1.7416078007734292,0.24000378,61,False,False,False,False,False,False,False,False
ENSG00000115339,ENSG00000115339,GALNT3,1694,True,0.06581828320589983,1.7360656803090164,0.23993738,61,False,False,False,False,False,False,False,False
ENSG00000177352,ENSG00000177352,CCDC71,1117,True,0.04284125955980266,1.7186816267143354,0.23977993,61,False,False,False,False,False,False,False,False
ENSG00000172116,ENSG00000172116,CD8B,2232,True,0.08054421665716699,1.7451211981752754,0.23977245,61,False,False,False,False,False,False,False,False
ENSG00000144357,ENSG00000144357,UBR3,2459,True,0.0897020075498949,1.7488818663878716,0.23973623,61,False,False,False,False,False,False,False,False
ENSG00000116120,ENSG00000116120,FARSB,2947,True,0.11055530160536643,1.74542265205907,0.23962797,61,False,False,False,False,False,False,False,False
ENSG00000176915,ENSG00000176915,ANKLE2,6454,True,0.22683179420314178,1.7510803442852698,0.23905787,61,False,False,False,False,False,False,False,False
ENSG00000241058,ENSG00000241058,NSUN6,3700,True,0.14611905942448022,1.7470657464723118,0.23787391,61,False,False,False,False,False,False,False,False
ENSG00000204178,ENSG00000204178,MACO1,3145,True,0.11484882454894363,1.745702380239365,0.23772125,61,False,False,False,False,False,False,False,False
ENSG00000058063,ENSG00000058063,ATP11B,4207,True,0.1515459152614343,1.744517817473556,0.23684296,61,False,False,False,False,False,False,False,False
ENSG00000082213,ENSG00000082213,C5orf22,1206,True,0.04574390963684713,1.741182887502906,0.23624426,61,False,False,False,False,False,False,False,False
ENSG00000106608,ENSG00000106608,URGCP,1423,True,0.05492342060341311,1.7506847957711384,0.23585242,61,False,False,False,False,False,False,False,False
ENSG00000260083,ENSG00000260083,MIR762HG,1974,True,0.08108124572210768,1.7476080609575064,0.23571673,61,False,False,False,False,False,False,False,False
ENSG00000148429,ENSG00000148429,USP6NL,6904,True,0.24716895083706578,1.758159795768711,0.23540913,61,False,False,False,False,False,False,False,False
ENSG00000273472,ENSG00000273472,ENSG00000273472,3052,True,0.11694241582794147,1.7457740594343654,0.23508161,61,False,False,False,False,False,False,False,False
ENSG00000160124,ENSG00000160124,MIX23,2690,True,0.10121533960560684,1.7447607728237537,0.2336549,61,False,False,False,False,False,False,False,False
ENSG00000069509,ENSG00000069509,FUNDC1,3570,True,0.13580236728038877,1.7435741201101633,0.23308054,61,False,False,False,False,False,False,False,False
ENSG00000167081,ENSG00000167081,PBX3,1596,True,0.06143342529925445,1.7435479951224233,0.23300734,61,False,False,False,False,False,False,False,False
ENSG00000170846,ENSG00000170846,MRFAP1L2,1608,True,0.06257758014193082,1.746717914823541,0.23261137,61,False,False,False,False,False,False,False,False
ENSG00000079785,ENSG00000079785,DDX1,7253,True,0.26937541276194765,1.7508300673583372,0.2320128,61,False,False,False,False,False,False,False,False
ENSG00000137500,ENSG00000137500,CCDC90B,7448,True,0.26950052277341435,1.7544071648454986,0.23076025,61,False,False,False,False,False,False,False,False
ENSG00000189190,ENSG00000189190,ZNF600,2200,True,0.08393666439645313,1.714160958201977,0.23053975,61,False,False,False,False,False,False,False,False
ENSG00000113649,ENSG00000113649,TCERG1,7783,True,0.26738819429912924,1.7529346410595563,0.22995964,61,False,False,False,False,False,False,False,False
ENSG00000065559,ENSG00000065559,MAP2K4,2094,True,0.07848322027263875,1.7447779583642729,0.22978073,61,False,False,False,False,False,False,False,False
ENSG00000120798,ENSG00000120798,NR2C1,2597,True,0.09380974992793595,1.7436928039325983,0.22972251,61,False,False,False,False,False,False,False,False
ENSG00000172543,ENSG00000172543,CTSW,4921,True,0.1730407469091795,1.74522726020339,0.22935311,61,False,False,False,False,False,False,False,False
ENSG00000169375,ENSG00000169375,SIN3A,5665,True,0.1994045813071442,1.7452041642485712,0.22933695,61,False,False,False,False,False,False,False,False
ENSG00000078043,ENSG00000078043,PIAS2,2434,True,0.09190677124455084,1.7449682612340955,0.22908536,61,False,False,False,False,False,False,False,False
ENSG00000170832,ENSG00000170832,USP32,3003,True,0.11235513620093601,1.746379131972283,0.22850119,61,False,False,False,False,False,False,False,False
ENSG00000164074,ENSG00000164074,ABHD18,2058,True,0.0771939540269046,1.7432578555807374,0.22817051,61,False,False,False,False,False,False,False,False
ENSG00000122741,ENSG00000122741,DCAF10,2875,True,0.10614409243929133,1.7427991883854796,0.22771145,61,False,False,False,False,False,False,False,False
ENSG00000028528,ENSG00000028528,SNX1,5508,True,0.1963980143527837,1.7470009707427288,0.22765341,61,False,False,False,False,False,False,False,False
ENSG00000183808,ENSG00000183808,RBM12B,1789,True,0.06914618276075671,1.743870252823661,0.22760847,61,False,False,False,False,False,False,False,False
ENSG00000134452,ENSG00000134452,FBH1,3850,True,0.13896296168364994,1.7446385762705348,0.22727185,61,False,False,False,False,False,False,False,False
ENSG00000163006,ENSG00000163006,CCDC138,1351,True,0.054204789685869385,1.742019941901927,0.22612616,61,False,False,False,False,False,False,False,False
ENSG00000113593,ENSG00000113593,PPWD1,4490,True,0.16464377003236474,1.7434801521605203,0.22596052,61,False,False,False,False,False,False,False,False
ENSG00000172322,ENSG00000172322,CLEC12A,1408,True,0.05811917765401741,1.7432113052136544,0.22589883,61,False,False,False,False,False,False,False,False
ENSG00000094975,ENSG00000094975,SUCO,3674,True,0.13398815943651882,1.7444420917243735,0.22576763,61,False,False,False,False,False,False,False,False
ENSG00000184162,ENSG00000184162,NR2C2AP,2781,True,0.10509455201942801,1.7437102247852616,0.22569172,61,False,False,False,False,False,False,False,False
ENSG00000116977,ENSG00000116977,LGALS8,3603,True,0.13164101981909615,1.743948057076471,0.22392027,61,False,False,False,False,False,False,False,False
ENSG00000152242,ENSG00000152242,ARK2N,1939,True,0.07450163360445941,1.7435260860102657,0.22314817,61,False,False,False,False,False,False,False,False
ENSG00000019995,ENSG00000019995,ZRANB1,2633,True,0.09667409269205728,1.7403297402532727,0.22284564,61,False,False,False,False,False,False,False,False
ENSG00000146232,ENSG00000146232,NFKBIE,3587,True,0.12824241782675957,1.7413404901392342,0.22266768,61,False,False,False,False,False,False,False,False
ENSG00000069943,ENSG00000069943,PIGB,2245,True,0.0864875341101481,1.7435077952819056,0.22121592,61,False,False,False,False,False,False,False,False
ENSG00000108384,ENSG00000108384,RAD51C,4071,True,0.1498853739461131,1.7410584291225801,0.22002088,61,False,False,False,False,False,False,False,False
ENSG00000127527,ENSG00000127527,EPS15L1,5089,True,0.17998711890352004,1.742642272455627,0.219741,61,False,False,False,False,False,False,False,False
ENSG00000133961,ENSG00000133961,NUMB,9228,True,0.3237584589058117,1.76448452618609,0.21872935,61,False,False,False,False,False,False,False,False
ENSG00000105053,ENSG00000105053,VRK3,7005,True,0.24782305306473595,1.744838696189896,0.21829301,61,False,False,False,False,False,False,False,False
ENSG00000176953,ENSG00000176953,NFATC2IP,7539,True,0.2650223079162817,1.7450244603821587,0.21742956,61,False,False,False,False,False,False,False,False
ENSG00000144231,ENSG00000144231,POLR2D,2916,True,0.10549945568602886,1.7390056977218515,0.21728665,61,False,False,False,False,False,False,False,False
ENSG00000184436,ENSG00000184436,THAP7,4466,True,0.1650148201813387,1.740207891203278,0.21647343,61,False,False,False,False,False,False,False,False
ENSG00000118707,ENSG00000118707,TGIF2,2801,True,0.10293916566889655,1.7424687285578466,0.21588802,61,False,False,False,False,False,False,False,False
ENSG00000011275,ENSG00000011275,RNF216,6342,True,0.22524854200949546,1.7462369418207244,0.21566588,61,False,False,False,False,False,False,False,False
ENSG00000107185,ENSG00000107185,RGP1,2457,True,0.0932905010129624,1.738549136165715,0.21543975,61,False,False,False,False,False,False,False,False
ENSG00000173273,ENSG00000173273,TNKS,2720,True,0.09894216765000595,1.7419480559115406,0.21505335,61,False,False,False,False,False,False,False,False
ENSG00000141385,ENSG00000141385,AFG3L2,5083,True,0.17986519827454986,1.7413807598724438,0.21070085,61,False,False,False,False,False,False,False,False
ENSG00000237440,ENSG00000237440,ZNF737,1192,True,0.04584427359288395,1.6161868542251705,0.21025725,61,False,False,False,False,False,False,False,False
ENSG00000179833,ENSG00000179833,SERTAD2,5394,True,0.20204082334237558,1.7393355608891021,0.20936045,61,False,False,False,False,False,False,False,False
ENSG00000067596,ENSG00000067596,DHX8,3998,True,0.1459773127105547,1.738885663405808,0.20814861,61,False,False,False,False,False,False,False,False
ENSG00000118922,ENSG00000118922,KLF12,4878,True,0.1734905407221627,1.7423285099671895,0.20771854,61,False,False,False,False,False,False,False,False
ENSG00000115827,ENSG00000115827,DCAF17,1745,True,0.06505015039291251,1.7377389703580384,0.20753716,61,False,False,False,False,False,False,False,False
ENSG00000090581,ENSG00000090581,GNPTG,4824,True,0.17789050210443944,1.7375411626091706,0.20571612,61,False,False,False,False,False,False,False,False
ENSG00000173762,ENSG00000173762,CD7,4961,True,0.1651697849228036,1.7394323811603059,0.20549352,61,False,False,False,False,False,False,False,False
ENSG00000188554,ENSG00000188554,NBR1,3233,True,0.11858862810100393,1.737855584594206,0.20513561,61,False,False,False,False,False,False,False,False
ENSG00000179295,ENSG00000179295,PTPN11,3895,True,0.1388330431993559,1.7365855963482095,0.20452422,61,False,False,False,False,False,False,False,False
ENSG00000135521,ENSG00000135521,LTV1,5438,True,0.1941879670216613,1.73834576982431,0.2041174,61,False,False,False,False,False,False,False,False
ENSG00000273384,ENSG00000273384,ENSG00000273384,1219,True,0.048309530300049516,1.735917719808407,0.20232637,61,False,False,False,False,False,False,False,False
ENSG00000152348,ENSG00000152348,ATG10,3383,True,0.12248672778397435,1.74009307895088,0.20201956,61,False,False,False,False,False,False,False,False
ENSG00000213563,ENSG00000213563,C8orf82,3834,True,0.14448662158913003,1.7372628449912246,0.20153645,61,False,False,False,False,False,False,False,False
ENSG00000162616,ENSG00000162616,DNAJB4,1221,True,0.04803408732304515,1.7417753433331142,0.20147346,61,False,False,False,False,False,False,False,False
ENSG00000142867,ENSG00000142867,BCL10,8514,True,0.2982288201311674,1.7551844340647127,0.20137239,61,False,False,False,False,False,False,False,False
ENSG00000124789,ENSG00000124789,NUP153,3002,True,0.10812038323859931,1.7371065780672958,0.19745739,61,False,False,False,False,False,False,False,False
ENSG00000173207,ENSG00000173207,CKS1B,6962,True,0.26100834421546254,1.739698575230011,0.19691217,61,False,False,False,False,False,False,False,False
ENSG00000116001,ENSG00000116001,TIA1,7888,True,0.28044571824815556,1.75085294207996,0.19614919,61,False,False,False,False,False,False,False,False
ENSG00000108094,ENSG00000108094,CUL2,3091,True,0.11395899993451235,1.7343532222488045,0.19391534,61,False,False,False,False,False,False,False,False
ENSG00000127554,ENSG00000127554,GFER,5583,True,0.2007841046722807,1.7351622665203477,0.19368505,61,False,False,False,False,False,False,False,False
ENSG00000186577,ENSG00000186577,SMIM29,8033,True,0.2889824526645169,1.7405530656991437,0.19135179,61,False,False,False,False,False,False,False,False
ENSG00000055211,ENSG00000055211,GINM1,6388,True,0.22163440453327451,1.7335694171759577,0.18860818,61,False,False,False,False,False,False,False,False
ENSG00000065457,ENSG00000065457,ADAT1,1873,True,0.06869572198907604,1.735438522486708,0.18597849,61,False,False,False,False,False,False,False,False
ENSG00000154930,ENSG00000154930,ACSS1,5159,True,0.18320113177558134,1.737746053387764,0.18535304,61,False,False,False,False,False,False,False,False
ENSG00000144048,ENSG00000144048,DUSP11,5308,True,0.197261171910585,1.7343369915434268,0.18451361,61,False,False,False,False,False,False,False,False
ENSG00000118246,ENSG00000118246,FASTKD2,3021,True,0.11207356900284661,1.732671400017611,0.1806331,61,False,False,False,False,False,False,False,False
ENSG00000075539,ENSG00000075539,FRYL,7678,True,0.27359983063087445,1.751773603367458,0.17970482,61,False,False,False,False,False,False,False,False
ENSG00000160094,ENSG00000160094,ZNF362,1192,True,0.045391577514335396,1.734424834041355,0.1794081,61,False,False,False,False,False,False,False,False
ENSG00000183475,ENSG00000183475,ASB7,1115,True,0.04243766288777187,1.7292952721172208,0.17763804,61,False,False,False,False,False,False,False,False
ENSG00000166037,ENSG00000166037,CEP57,9264,True,0.3192827995867662,1.756319365173878,0.1769263,61,False,False,False,False,False,False,False,False
ENSG00000170855,ENSG00000170855,TRIAP1,7546,True,0.2743066808251707,1.7375997350225945,0.17326799,61,False,False,False,False,False,False,False,False
ENSG00000062725,ENSG00000062725,APPBP2,2902,True,0.1068257853209884,1.724851388508249,0.17258939,61,False,False,False,False,False,False,False,False
ENSG00000100445,ENSG00000100445,SDR39U1,7569,True,0.2705491206374229,1.7374675152076187,0.16059758,61,False,False,False,False,False,False,False,False
ENSG00000135018,ENSG00000135018,UBQLN1,7126,True,0.2544736661202623,1.7289502468016311,0.1523831,61,False,False,False,False,False,False,False,False
ENSG00000100060,ENSG00000100060,MFNG,8277,True,0.28438813876959457,1.7450825645731067,0.15032874,61,False,False,False,False,False,False,False,False
ENSG00000160570,ENSG00000160570,DEDD2,7050,True,0.2457612099352038,1.730194396872374,0.14834213,61,False,False,False,False,False,False,False,False
ENSG00000105374,ENSG00000105374,NKG7,20834,True,0.6631853506453108,1.8300295249415306,0.62919396,60,False,False,False,False,False,False,False,False
ENSG00000129128,ENSG00000129128,SPCS3,10573,True,0.37528109551299854,1.8055229998086042,0.56419635,60,False,False,False,False,False,False,False,False
ENSG00000114850,ENSG00000114850,SSR3,11460,True,0.4019672073908099,1.8070520789722522,0.5150922,60,False,False,False,False,False,False,False,False
ENSG00000185745,ENSG00000185745,IFIT1,1407,True,0.056589679851926686,1.7743335004681504,0.48613182,60,False,False,False,False,False,False,False,True
ENSG00000263080,ENSG00000263080,ENSG00000263080,244,True,0.011695704060381902,1.599214136110735,0.47470075,60,False,False,False,False,False,False,False,False
ENSG00000175895,ENSG00000175895,PLEKHF2,16515,True,0.5588101150380222,1.8003268206279754,0.43772036,60,False,False,False,False,False,False,False,False
ENSG00000157657,ENSG00000157657,ZNF618,396,True,0.01700710739621408,1.655949223244724,0.4106403,60,False,False,False,False,False,False,False,False
ENSG00000174306,ENSG00000174306,ZHX3,773,True,0.030416344846923335,1.6729410462005014,0.40481347,60,False,False,False,False,False,False,False,False
ENSG00000078018,ENSG00000078018,MAP2,568,True,0.024902371319637517,1.778708680886442,0.3933712,60,False,False,False,False,False,False,False,False
ENSG00000168298,ENSG00000168298,H1-4,13335,True,0.41757530950622374,1.7922771483147912,0.3916628,60,False,False,False,False,False,False,False,False
ENSG00000230148,ENSG00000230148,HOXB-AS1,540,True,0.023221736691776716,1.6883325886991818,0.37999904,60,False,False,False,False,False,False,False,False
ENSG00000166347,ENSG00000166347,CYB5A,11179,True,0.4120894319841755,1.7878403858806882,0.37271065,60,False,False,False,False,False,False,False,False
ENSG00000101335,ENSG00000101335,MYL9,1550,True,0.06334859513079326,1.7443145026830067,0.37250036,60,False,False,False,False,False,False,False,False
ENSG00000136014,ENSG00000136014,USP44,683,True,0.02833020911184903,1.7469956286222261,0.3673201,60,False,False,False,False,False,False,False,False
ENSG00000102760,ENSG00000102760,RGCC,2663,True,0.10252398231477362,1.766647665516993,0.35892004,60,False,False,False,False,False,False,False,False
ENSG00000235560,ENSG00000235560,ZNF747-DT,1234,True,0.052538836134633664,1.7708017993972123,0.3523487,60,False,False,False,False,False,False,False,False
ENSG00000251580,ENSG00000251580,LINC02482,1171,True,0.047009338354852125,1.7720572514341923,0.34492648,60,False,False,False,False,False,False,False,False
ENSG00000147536,ENSG00000147536,GINS4,797,True,0.031028260483670845,1.7166409330994197,0.33315676,60,False,False,False,False,False,False,False,False
ENSG00000166342,ENSG00000166342,NETO1,546,True,0.021768401638890003,1.73961675641784,0.329655,60,False,False,False,False,False,False,False,False
ENSG00000167840,ENSG00000167840,ZNF232,708,True,0.02985354908751643,1.7441095742646597,0.32643393,60,False,False,False,False,False,False,False,False
ENSG00000078589,ENSG00000078589,P2RY10,17737,True,0.5819135958184816,1.7899259641368976,0.3258804,60,False,False,False,False,False,False,False,False
ENSG00000115165,ENSG00000115165,CYTIP,23096,True,0.7348792641009401,1.8119685090357562,0.32399675,60,False,False,False,False,False,False,False,False
ENSG00000198346,ENSG00000198346,ZNF813,689,True,0.027071624736336956,1.679158300473938,0.32052502,60,False,False,False,False,False,False,False,False
ENSG00000164300,ENSG00000164300,SERINC5,1431,True,0.05319594795497668,1.7618186314584114,0.31571487,60,False,False,False,False,False,False,False,False
ENSG00000083454,ENSG00000083454,P2RX5,29060,True,0.87280091491089,1.8199268170427685,0.3144789,60,False,False,False,False,False,False,False,False
ENSG00000118495,ENSG00000118495,PLAGL1,1268,True,0.050461420174593014,1.761069106466764,0.31076494,60,False,False,False,False,False,False,False,False
ENSG00000196605,ENSG00000196605,ZNF846,733,True,0.0310869790957609,1.734321509352275,0.30563048,60,False,False,False,False,False,False,False,False
ENSG00000105856,ENSG00000105856,HBP1,9827,True,0.3473565044562856,1.7758885141734948,0.30262738,60,False,False,False,False,False,False,False,False
ENSG00000164180,ENSG00000164180,TMEM161B,3338,True,0.12722556327422668,1.76090555591491,0.30209333,60,False,False,False,False,False,False,False,False
ENSG00000113088,ENSG00000113088,GZMK,2084,True,0.08079638908313795,1.7646363880751255,0.30078465,60,False,False,False,False,False,False,False,False
ENSG00000127995,ENSG00000127995,CASD1,1790,True,0.06768954623084032,1.7611907013383645,0.29883003,60,False,False,False,False,False,False,False,False
ENSG00000229043,ENSG00000229043,ZFAND2A-DT,1014,True,0.04144589267986599,1.7583019326785658,0.29873416,60,False,False,False,False,False,False,False,False
ENSG00000272758,ENSG00000272758,WDR5B-DT,1166,True,0.043831276085598565,1.730866656394086,0.29561317,60,False,False,False,False,False,False,False,False
ENSG00000114491,ENSG00000114491,UMPS,1902,True,0.07109086076167499,1.7586764087047344,0.29512352,60,False,False,False,False,False,False,False,False
ENSG00000130348,ENSG00000130348,QRSL1,16691,True,0.5548239846067609,1.7850637281812012,0.29449454,60,False,False,False,False,False,False,False,False
ENSG00000185946,ENSG00000185946,RNPC3,6313,True,0.22736395068724516,1.7680484728289478,0.2943397,60,False,False,False,False,False,False,False,False
ENSG00000128581,ENSG00000128581,IFT22,1569,True,0.05987283030529345,1.7621145541154668,0.29403138,60,False,False,False,False,False,False,False,False
ENSG00000138193,ENSG00000138193,PLCE1,2334,True,0.0902105500875634,1.7607996878275969,0.28967825,60,False,False,False,False,False,False,False,False
ENSG00000196810,ENSG00000196810,CTBP1-DT,1823,True,0.0695183654375908,1.7613540924491238,0.28293788,60,False,False,False,False,False,False,False,False
ENSG00000136932,ENSG00000136932,TRMO,1810,True,0.06790050377304224,1.7589853686862582,0.28288543,60,False,False,False,False,False,False,False,False
ENSG00000183484,ENSG00000183484,GPR132,1486,True,0.0586959455778916,1.7539250908756827,0.28216046,60,False,False,False,False,False,False,False,False
ENSG00000180543,ENSG00000180543,TSPYL5,738,True,0.029272608030686077,1.7287450007690455,0.28207132,60,False,False,False,False,False,False,False,False
ENSG00000130227,ENSG00000130227,XPO7,1836,True,0.07059832067435162,1.7514680299788923,0.2816876,60,False,False,False,False,False,False,False,False
ENSG00000163935,ENSG00000163935,SFMBT1,2762,True,0.10216748006047584,1.7564298738680428,0.27817127,60,False,False,False,False,False,False,False,False
ENSG00000001561,ENSG00000001561,ENPP4,1528,True,0.056589908488087516,1.7571859743471783,0.27732578,60,False,False,False,False,False,False,False,False
ENSG00000083828,ENSG00000083828,ZNF586,2407,True,0.09392855421184752,1.7550152158323116,0.27686596,60,False,False,False,False,False,False,False,False
ENSG00000250222,ENSG00000250222,TRIM7-AS2,653,True,0.027998559839204917,1.7518226537349937,0.2762249,60,False,False,False,False,False,False,False,False
ENSG00000158373,ENSG00000158373,H2BC5,1692,True,0.06674816686941144,1.7554917107382801,0.27607226,60,False,False,False,False,False,False,False,False
ENSG00000138658,ENSG00000138658,ZGRF1,798,True,0.030513950740996464,1.634556404314415,0.27469575,60,False,False,False,False,False,False,False,False
ENSG00000196967,ENSG00000196967,ZNF585A,1067,True,0.04187510693660002,1.756254120643866,0.27389017,60,False,False,False,False,False,False,False,False
ENSG00000163874,ENSG00000163874,ZC3H12A,3004,True,0.11208574041825789,1.7541675657282638,0.27211887,60,False,False,False,False,False,False,False,False
ENSG00000123983,ENSG00000123983,ACSL3,3999,True,0.14668021726823735,1.7533391876810682,0.27195325,60,False,False,False,False,False,False,False,False
ENSG00000138756,ENSG00000138756,BMP2K,5112,True,0.19069245220416595,1.7559138221306279,0.2706994,60,False,False,False,False,False,False,False,False
ENSG00000162688,ENSG00000162688,AGL,3477,True,0.1294145723806113,1.7542037485280033,0.2697451,60,False,False,False,False,False,False,False,False
ENSG00000099326,ENSG00000099326,MZF1,2177,True,0.08216188837882792,1.751513200163869,0.2689699,60,False,False,False,False,False,False,False,False
ENSG00000188171,ENSG00000188171,ZNF626,2658,True,0.10396370664514308,1.7486544991675637,0.26811263,60,False,False,False,False,False,False,False,False
ENSG00000104689,ENSG00000104689,TNFRSF10A,2178,True,0.0795846529596218,1.7554061151836073,0.26534346,60,False,False,False,False,False,False,False,False
ENSG00000229539,ENSG00000229539,PANK2-AS1,739,True,0.029500146157797412,1.6995715026715617,0.26393434,60,False,False,False,False,False,False,False,False
ENSG00000174839,ENSG00000174839,DENND6A,2020,True,0.07472467842007621,1.755921321637222,0.2639065,60,False,False,False,False,False,False,False,False
ENSG00000221990,ENSG00000221990,EXOC3-AS1,622,True,0.02447042337915021,1.614293124885401,0.26387185,60,False,False,False,False,False,False,False,False
ENSG00000120370,ENSG00000120370,GORAB,1093,True,0.04277525778964996,1.705656729835502,0.26378703,60,False,False,False,False,False,False,False,False
ENSG00000152223,ENSG00000152223,EPG5,1526,True,0.06105799098845863,1.7525001221778993,0.2631751,60,False,False,False,False,False,False,False,False
ENSG00000075336,ENSG00000075336,TIMM21,1315,True,0.050086271016120405,1.7526645842699777,0.2617539,60,False,False,False,False,False,False,False,False
ENSG00000128607,ENSG00000128607,KLHDC10,1624,True,0.06297893594389849,1.7480909065036543,0.261706,60,False,False,False,False,False,False,False,False
ENSG00000162722,ENSG00000162722,TRIM58,837,True,0.03282307679444804,1.6669647154855254,0.26137853,60,False,False,False,False,False,False,False,False
ENSG00000162607,ENSG00000162607,USP1,9631,True,0.3303257272597861,1.7650596838536676,0.26070842,60,False,False,False,False,False,False,False,False
ENSG00000174456,ENSG00000174456,C12orf76,3412,True,0.1277179736537339,1.7475559794874107,0.26033995,60,False,False,False,False,False,False,False,False
ENSG00000145736,ENSG00000145736,GTF2H2,3812,True,0.13984821933612632,1.7480100320179552,0.25954345,60,False,False,False,False,False,False,False,False
ENSG00000123908,ENSG00000123908,AGO2,1357,True,0.05225255446725643,1.7462466082309833,0.25953764,60,False,False,False,False,False,False,False,False
ENSG00000112763,ENSG00000112763,BTN2A1,3138,True,0.11605966437760844,1.7502601584874453,0.25906128,60,False,False,False,False,False,False,False,False
ENSG00000090612,ENSG00000090612,ZNF268,1210,True,0.04677161438558122,1.7522805793945757,0.25786304,60,False,False,False,False,False,False,False,False
ENSG00000151746,ENSG00000151746,BICD1,2945,True,0.10648426327872515,1.7514598071995586,0.25776374,60,False,False,False,False,False,False,False,False
ENSG00000140006,ENSG00000140006,WDR89,1798,True,0.07156666794368374,1.7519803147931776,0.25712392,60,False,False,False,False,False,False,False,False
ENSG00000146676,ENSG00000146676,PURB,2331,True,0.08953359076181881,1.7484284334075755,0.25640896,60,False,False,False,False,False,False,False,False
ENSG00000143190,ENSG00000143190,POU2F1,4892,True,0.1762722231487992,1.7499747951759128,0.25494576,60,False,False,False,False,False,False,False,False
ENSG00000196387,ENSG00000196387,ZNF140,998,True,0.038937642540869156,1.749049862481676,0.25360963,60,False,False,False,False,False,False,False,False
ENSG00000139505,ENSG00000139505,MTMR6,3425,True,0.12817755212542523,1.7493797822099837,0.2525807,60,False,False,False,False,False,False,False,False
ENSG00000102081,ENSG00000102081,FMR1,2578,True,0.0994317253350185,1.7495672525467518,0.25244945,60,False,False,False,False,False,False,False,False
ENSG00000260621,ENSG00000260621,ENSG00000260621,4423,True,0.16757640455350528,1.7527636229537213,0.25115606,60,False,False,False,False,False,False,False,False
ENSG00000134444,ENSG00000134444,RELCH,2039,True,0.07657213966558922,1.753585844640674,0.2508831,60,False,False,False,False,False,False,False,False
ENSG00000028137,ENSG00000028137,TNFRSF1B,6138,True,0.2108774885058916,1.75093170964589,0.24980284,60,False,False,False,False,False,False,False,False
ENSG00000101577,ENSG00000101577,LPIN2,2330,True,0.0884174391547081,1.746616285681886,0.24877422,60,False,False,False,False,False,False,False,False
ENSG00000197070,ENSG00000197070,ARRDC1,5251,True,0.19392499561830878,1.7519774573345457,0.24873333,60,False,False,False,False,False,False,False,False
ENSG00000197530,ENSG00000197530,MIB2,3976,True,0.14832361042983325,1.7490472633399234,0.24867073,60,False,False,False,False,False,False,False,False
ENSG00000186132,ENSG00000186132,C2orf76,2443,True,0.09843639888582487,1.7496703753833138,0.24823615,60,False,False,False,False,False,False,False,False
ENSG00000260916,ENSG00000260916,CCPG1,4457,True,0.16183164943893422,1.7480603334012956,0.24739927,60,False,False,False,False,False,False,False,False
ENSG00000141446,ENSG00000141446,ESCO1,8707,True,0.29927743204708207,1.75806606135572,0.2473298,60,False,False,False,False,False,False,False,False
ENSG00000164494,ENSG00000164494,PDSS2,2195,True,0.08503583941576097,1.7509226012692343,0.24636018,60,False,False,False,False,False,False,False,False
ENSG00000167986,ENSG00000167986,DDB1,4893,True,0.1737477456620122,1.7503813272673006,0.24563688,60,False,False,False,False,False,False,False,False
ENSG00000179094,ENSG00000179094,PER1,4393,True,0.16308935381637227,1.748837695598201,0.24525598,60,False,False,False,False,False,False,False,False
ENSG00000103160,ENSG00000103160,HSDL1,1197,True,0.04710493343051924,1.7473182968802818,0.24494669,60,False,False,False,False,False,False,False,False
ENSG00000185305,ENSG00000185305,ARL15,869,True,0.03441671371859503,1.7484175506678843,0.24399039,60,False,False,False,False,False,False,False,False
ENSG00000116198,ENSG00000116198,CEP104,3020,True,0.10997774035700107,1.7495658340711215,0.24353874,60,False,False,False,False,False,False,False,False
ENSG00000163840,ENSG00000163840,DTX3L,3409,True,0.1252214018509186,1.744419577212186,0.24324152,60,False,False,False,False,False,False,False,False
ENSG00000135336,ENSG00000135336,ORC3,3605,True,0.13729908330322793,1.7484031539955822,0.24296208,60,False,False,False,False,False,False,False,False
ENSG00000232677,ENSG00000232677,LINC00665,2329,True,0.09026925952847681,1.7493169132950783,0.24043341,60,False,False,False,False,False,False,False,False
ENSG00000047932,ENSG00000047932,GOPC,4166,True,0.15430344282865538,1.7470873760752577,0.23939702,60,False,False,False,False,False,False,False,False
ENSG00000198700,ENSG00000198700,IPO9,3007,True,0.10946764982021374,1.7470318568967322,0.23902927,60,False,False,False,False,False,False,False,False
ENSG00000189362,ENSG00000189362,NEMP2,787,True,0.03133400737545198,1.6832071732263123,0.23811185,60,False,False,False,False,False,False,False,False
ENSG00000095485,ENSG00000095485,CWF19L1,2453,True,0.089648080323219,1.7445572921942338,0.23679319,60,False,False,False,False,False,False,False,False
ENSG00000155827,ENSG00000155827,RNF20,3793,True,0.13487147852988107,1.7409650266788368,0.23672198,60,False,False,False,False,False,False,False,False
ENSG00000165752,ENSG00000165752,STK32C,1858,True,0.07659453706848807,1.7478998819692046,0.23654224,60,False,False,False,False,False,False,False,False
ENSG00000250903,ENSG00000250903,GMDS-DT,2043,True,0.07714438507988736,1.7491442583047878,0.23632593,60,False,False,False,False,False,False,False,False
ENSG00000156802,ENSG00000156802,ATAD2,3201,True,0.12183082491831362,1.7439597746580568,0.2358629,60,False,False,False,False,False,False,False,False
ENSG00000270605,ENSG00000270605,ENSG00000270605,1276,True,0.05076570954447135,1.7477788682594548,0.23524924,60,False,False,False,False,False,False,False,False
ENSG00000101336,ENSG00000101336,HCK,6273,True,0.21939226574430662,1.741675801209113,0.23520844,60,False,False,False,False,False,False,False,False
ENSG00000167182,ENSG00000167182,SP2,2032,True,0.0783686746961504,1.7468281321762549,0.23502345,60,False,False,False,False,False,False,False,False
ENSG00000115504,ENSG00000115504,EHBP1,1885,True,0.07155603220233049,1.7443243138853761,0.23486489,60,False,False,False,False,False,False,False,False
ENSG00000188428,ENSG00000188428,BLOC1S5,3138,True,0.1167049081259917,1.744796460601954,0.23472856,60,False,False,False,False,False,False,False,False
ENSG00000170802,ENSG00000170802,FOXN2,4033,True,0.14710314241029052,1.7446745852966346,0.2326759,60,False,False,False,False,False,False,False,False
ENSG00000163535,ENSG00000163535,SGO2,1007,True,0.03939820283007719,1.7022585742805392,0.23066692,60,False,False,False,False,False,False,False,False
ENSG00000214367,ENSG00000214367,HAUS3,2956,True,0.1125022657895423,1.7451672257435895,0.23017348,60,False,False,False,False,False,False,False,False
ENSG00000176783,ENSG00000176783,RUFY1,5084,True,0.18791365869645674,1.7429339000662116,0.22984499,60,False,False,False,False,False,False,False,False
ENSG00000272667,ENSG00000272667,ENSG00000272667,1169,True,0.04645333232482098,1.7176432743826524,0.22982366,60,False,False,False,False,False,False,False,False
ENSG00000135913,ENSG00000135913,USP37,1469,True,0.05569010683339632,1.7446517007629219,0.22892079,60,False,False,False,False,False,False,False,False
ENSG00000258405,ENSG00000258405,ZNF578,417,True,0.018635785336656056,1.7034701091120719,0.22760782,60,False,False,False,False,False,False,False,False
ENSG00000246705,ENSG00000246705,H2AJ,7248,True,0.25660514948925733,1.7428605584157657,0.22747205,60,False,False,False,False,False,False,False,False
ENSG00000111752,ENSG00000111752,PHC1,1421,True,0.0541053286358351,1.7430797746001288,0.22734702,60,False,False,False,False,False,False,False,False
ENSG00000142784,ENSG00000142784,WDTC1,2210,True,0.08262357544485642,1.7455479352104655,0.22728562,60,False,False,False,False,False,False,False,False
ENSG00000151576,ENSG00000151576,QTRT2,3678,True,0.13238145021260847,1.7443807122393244,0.2261414,60,False,False,False,False,False,False,False,False
ENSG00000152582,ENSG00000152582,SPEF2,238,True,0.010114903112484941,1.5573491264848989,0.22529157,60,False,False,False,False,False,False,False,False
ENSG00000204516,ENSG00000204516,MICB,1623,True,0.062004960266074424,1.741621261148429,0.22528715,60,False,False,False,False,False,False,False,False
ENSG00000146909,ENSG00000146909,NOM1,4581,True,0.16432795632443986,1.7423803453317972,0.22496825,60,False,False,False,False,False,False,False,False
ENSG00000169925,ENSG00000169925,BRD3,3734,True,0.14014319642892256,1.744797378342168,0.22465536,60,False,False,False,False,False,False,False,False
ENSG00000124209,ENSG00000124209,RAB22A,3470,True,0.12850781286696952,1.7428191063709653,0.22378339,60,False,False,False,False,False,False,False,False
ENSG00000130338,ENSG00000130338,TULP4,3401,True,0.12855025848437032,1.744499976280859,0.2231595,60,False,False,False,False,False,False,False,False
ENSG00000140396,ENSG00000140396,NCOA2,3909,True,0.14346506885367855,1.7407070549709596,0.22281298,60,False,False,False,False,False,False,False,False
ENSG00000157483,ENSG00000157483,MYO1E,1538,True,0.05894690738262564,1.7431867694384318,0.22146803,60,False,False,False,False,False,False,False,False
ENSG00000143702,ENSG00000143702,CEP170,4477,True,0.1618457369814793,1.7427302318545115,0.22124861,60,False,False,False,False,False,False,False,False
ENSG00000143093,ENSG00000143093,STRIP1,2376,True,0.08923324398781157,1.7423747653658046,0.22117956,60,False,False,False,False,False,False,False,False
ENSG00000223496,ENSG00000223496,EXOSC6,2129,True,0.0839406229726908,1.741941973606117,0.2211252,60,False,False,False,False,False,False,False,False
ENSG00000149792,ENSG00000149792,MRPL49,3361,True,0.1219900275487647,1.7410744877380926,0.22101961,60,False,False,False,False,False,False,False,False
ENSG00000135686,ENSG00000135686,KLHL36,5392,True,0.19101285274969848,1.7424474911792784,0.21987341,60,False,False,False,False,False,False,False,False
ENSG00000186660,ENSG00000186660,ZFP91,4027,True,0.15271300593885953,1.7420456697506994,0.21985869,60,False,False,False,False,False,False,False,False
ENSG00000189050,ENSG00000189050,RNFT1,3767,True,0.14271584437539694,1.7405477302702415,0.21685618,60,False,False,False,False,False,False,False,False
ENSG00000136044,ENSG00000136044,APPL2,1081,True,0.041578335161482356,1.7372997259015435,0.21645382,60,False,False,False,False,False,False,False,False
ENSG00000129083,ENSG00000129083,COPB1,6699,True,0.23661020289425405,1.7393107678352946,0.21427564,60,False,False,False,False,False,False,False,False
ENSG00000108510,ENSG00000108510,MED13,4539,True,0.1639506016370863,1.7423415298261467,0.214026,60,False,False,False,False,False,False,False,False
ENSG00000094916,ENSG00000094916,CBX5,6194,True,0.21984065411637232,1.750563063707535,0.21326096,60,False,False,False,False,False,False,False,False
ENSG00000213463,ENSG00000213463,SYNJ2BP,3443,True,0.12581314315493966,1.7422354881507212,0.21292402,60,False,False,False,False,False,False,False,False
ENSG00000160218,ENSG00000160218,TRAPPC10,6157,True,0.21488239220910366,1.7486590964208772,0.21271476,60,False,False,False,False,False,False,False,False
ENSG00000128694,ENSG00000128694,OSGEPL1,1291,True,0.05182701955544144,1.7411127451844772,0.21258509,60,False,False,False,False,False,False,False,False
ENSG00000113810,ENSG00000113810,SMC4,6895,True,0.24359058731574731,1.7400732093724494,0.21239254,60,False,False,False,False,False,False,False,False
ENSG00000104047,ENSG00000104047,DTWD1,2772,True,0.1045563329227825,1.7385068524744611,0.21226206,60,False,False,False,False,False,False,False,False
ENSG00000163848,ENSG00000163848,ZNF148,9647,True,0.33058272321901105,1.7592246367726907,0.21184608,60,False,False,False,False,False,False,False,False
ENSG00000268584,ENSG00000268584,ENSG00000268584,1126,True,0.044111678375905954,1.7386287945546828,0.21148826,60,False,False,False,False,False,False,False,False
ENSG00000214941,ENSG00000214941,ZSWIM7,7775,True,0.2770828314559266,1.7418105081364745,0.21119636,60,False,False,False,False,False,False,False,False
ENSG00000068400,ENSG00000068400,GRIPAP1,5709,True,0.20262613988591155,1.7417105524897258,0.21107307,60,False,False,False,False,False,False,False,False
ENSG00000169504,ENSG00000169504,CLIC4,4785,True,0.17329298435076781,1.7402811584027902,0.21061943,60,False,False,False,False,False,False,False,False
ENSG00000107341,ENSG00000107341,UBE2R2,5795,True,0.2080803758487451,1.741595024891523,0.21061434,60,False,False,False,False,False,False,False,False
ENSG00000114354,ENSG00000114354,TFG,4877,True,0.17499525753231934,1.7392626395344346,0.20977752,60,False,False,False,False,False,False,False,False
ENSG00000169964,ENSG00000169964,TMEM42,3939,True,0.14885516788375477,1.740874079895962,0.20933767,60,False,False,False,False,False,False,False,False
ENSG00000170545,ENSG00000170545,SMAGP,7767,True,0.2713770924852479,1.7451427172639613,0.20758492,60,False,False,False,False,False,False,False,False
ENSG00000123444,ENSG00000123444,KBTBD4,2079,True,0.07899425103276694,1.7386625917033098,0.20748703,60,False,False,False,False,False,False,False,False
ENSG00000130818,ENSG00000130818,ZNF426,1134,True,0.04247074790542934,1.715167234537474,0.20688699,60,False,False,False,False,False,False,False,False
ENSG00000179021,ENSG00000179021,C3orf38,7291,True,0.2587422650966912,1.7397163128038549,0.20681816,60,False,False,False,False,False,False,False,False
ENSG00000143614,ENSG00000143614,GATAD2B,3916,True,0.14085477381677544,1.7411341193327525,0.2055563,60,False,False,False,False,False,False,False,False
ENSG00000137871,ENSG00000137871,ZNF280D,5869,True,0.20422872665287625,1.7365767214072683,0.20340705,60,False,False,False,False,False,False,False,False
ENSG00000156858,ENSG00000156858,PRR14,3848,True,0.14235648153154554,1.7393559836773436,0.20263039,60,False,False,False,False,False,False,False,False
ENSG00000100239,ENSG00000100239,PPP6R2,5385,True,0.19270941095472785,1.7394357275646593,0.20239645,60,False,False,False,False,False,False,False,False
ENSG00000146143,ENSG00000146143,PRIM2,1534,True,0.05661957232230746,1.7336368252453758,0.20232597,60,False,False,False,False,False,False,False,False
ENSG00000189227,ENSG00000189227,C15orf61,4408,True,0.16699255164973523,1.735914374265743,0.20191085,60,False,False,False,False,False,False,False,False
ENSG00000163527,ENSG00000163527,STT3B,7913,True,0.27673196427768054,1.7454703719720508,0.20057413,60,False,False,False,False,False,False,False,False
ENSG00000165699,ENSG00000165699,TSC1,1573,True,0.0580721007150733,1.730101654631637,0.20011011,60,False,False,False,False,False,False,False,False
ENSG00000063854,ENSG00000063854,HAGH,5908,True,0.2157478146566665,1.7377075970853917,0.19929877,60,False,False,False,False,False,False,False,False
ENSG00000128708,ENSG00000128708,HAT1,6888,True,0.25321420158741187,1.7401389590902132,0.19801448,60,False,False,False,False,False,False,False,False
ENSG00000116698,ENSG00000116698,SMG7,3558,True,0.12962266745959405,1.7349844547146,0.1979164,60,False,False,False,False,False,False,False,False
ENSG00000088035,ENSG00000088035,ALG6,2091,True,0.0809464853834526,1.7388303629817974,0.19716024,60,False,False,False,False,False,False,False,False
ENSG00000137497,ENSG00000137497,NUMA1,4052,True,0.14496910626344778,1.7376660796778944,0.19712655,60,False,False,False,False,False,False,False,False
ENSG00000012983,ENSG00000012983,MAP4K5,4341,True,0.15960273823519716,1.7368912437026074,0.196883,60,False,False,False,False,False,False,False,False
ENSG00000059728,ENSG00000059728,MXD1,2275,True,0.08724940248916635,1.7330953921675083,0.19604638,60,False,False,False,False,False,False,False,False
ENSG00000171103,ENSG00000171103,TRMT61B,3133,True,0.11865955710865944,1.7347162068030877,0.1954306,60,False,False,False,False,False,False,False,False
ENSG00000213015,ENSG00000213015,ZNF580,7271,True,0.2572998974811837,1.7361954309397576,0.1952619,60,False,False,False,False,False,False,False,False
ENSG00000088833,ENSG00000088833,NSFL1C,7601,True,0.26742090736076396,1.7413098493559291,0.19469275,60,False,False,False,False,False,False,False,False
ENSG00000111196,ENSG00000111196,MAGOHB,4347,True,0.16101653143984787,1.7353559692528775,0.19406408,60,False,False,False,False,False,False,False,False
ENSG00000188786,ENSG00000188786,MTF1,1803,True,0.06510444204212042,1.7393233771202288,0.19307904,60,False,False,False,False,False,False,False,False
ENSG00000159202,ENSG00000159202,UBE2Z,3890,True,0.14142903556337172,1.7355226653655988,0.1916047,60,False,False,False,False,False,False,False,False
ENSG00000181090,ENSG00000181090,EHMT1,6822,True,0.23868667328473767,1.748423952653373,0.19142996,60,False,False,False,False,False,False,False,False
ENSG00000162065,ENSG00000162065,TBC1D24,518,True,0.021652820100119045,1.7209554523861355,0.19085726,60,False,False,False,False,False,False,False,False
ENSG00000135341,ENSG00000135341,MAP3K7,2997,True,0.10949266444210219,1.734485709651221,0.18949595,60,False,False,False,False,False,False,False,False
ENSG00000164713,ENSG00000164713,BRI3,5810,True,0.2111720260096634,1.7335181302766982,0.18904407,60,False,False,False,False,False,False,False,False
ENSG00000188906,ENSG00000188906,LRRK2,5282,True,0.1905031553562071,1.734180373017448,0.18809612,60,False,False,False,False,False,False,False,False
ENSG00000117625,ENSG00000117625,RCOR3,4163,True,0.15019065601347292,1.7343956648033192,0.18782459,60,False,False,False,False,False,False,False,False
ENSG00000125703,ENSG00000125703,ATG4C,4517,True,0.16680538973415393,1.7349177053820533,0.18727127,60,False,False,False,False,False,False,False,False
ENSG00000010270,ENSG00000010270,STARD3NL,4729,True,0.17790817270141387,1.7331690110547782,0.18725325,60,False,False,False,False,False,False,False,False
ENSG00000186432,ENSG00000186432,KPNA4,6154,True,0.21951128573022666,1.7419083185058446,0.18722731,60,False,False,False,False,False,False,False,False
ENSG00000112249,ENSG00000112249,ASCC3,6552,True,0.22748609831612104,1.7471967521802498,0.1856164,60,False,False,False,False,False,False,False,False
ENSG00000139291,ENSG00000139291,TMEM19,8704,True,0.31366683997638756,1.7592878094832025,0.18438624,60,False,False,False,False,False,False,False,False
ENSG00000183513,ENSG00000183513,COA5,4888,True,0.17850973566976858,1.7324718887340866,0.1842282,60,False,False,False,False,False,False,False,False
ENSG00000153391,ENSG00000153391,INO80C,3958,True,0.14826432364390676,1.7340767865788693,0.18276148,60,False,False,False,False,False,False,False,False
ENSG00000148688,ENSG00000148688,RPP30,4712,True,0.17270950361654347,1.7338811701717844,0.1825595,60,False,False,False,False,False,False,False,False
ENSG00000138767,ENSG00000138767,CNOT6L,8085,True,0.28903670418430844,1.7466025412274362,0.18076746,60,False,False,False,False,False,False,False,False
ENSG00000119640,ENSG00000119640,ACYP1,5711,True,0.2196034266287903,1.7370613637913275,0.18045415,60,False,False,False,False,False,False,False,False
ENSG00000125755,ENSG00000125755,SYMPK,5658,True,0.2012852763295136,1.7333775427873739,0.17966199,60,False,False,False,False,False,False,False,False
ENSG00000136908,ENSG00000136908,DPM2,5407,True,0.19548331812758404,1.7305354195294862,0.17897996,60,False,False,False,False,False,False,False,False
ENSG00000148396,ENSG00000148396,SEC16A,1747,True,0.06304949612691803,1.7302350113292955,0.17653719,60,False,False,False,False,False,False,False,False
ENSG00000105176,ENSG00000105176,URI1,5370,True,0.1940273294334757,1.744664780267695,0.17539346,60,False,False,False,False,False,False,False,False
ENSG00000144579,ENSG00000144579,CTDSP1,7579,True,0.2592136534752488,1.7415517542664625,0.17433403,60,False,False,False,False,False,False,False,False
ENSG00000082258,ENSG00000082258,CCNT2,6089,True,0.21393191371896395,1.737829171177976,0.1717534,60,False,False,False,False,False,False,False,False
ENSG00000272918,ENSG00000272918,ENSG00000272918,1324,True,0.04991411353928215,1.7320906571124466,0.16847911,60,False,False,False,False,False,False,False,False
ENSG00000124201,ENSG00000124201,ZNFX1,4358,True,0.15567726854214575,1.7297985002414222,0.16544423,60,False,False,False,False,False,False,False,False
ENSG00000167578,ENSG00000167578,RAB4B,7243,True,0.26356053185107364,1.73455508593293,0.1631089,60,False,False,False,False,False,False,False,False
ENSG00000148400,ENSG00000148400,NOTCH1,848,True,0.03236348924353667,1.7010341887981588,0.16213302,60,False,False,False,False,False,False,False,False
ENSG00000172845,ENSG00000172845,SP3,6350,True,0.21984066248221373,1.7343215267096874,0.16067699,60,False,False,False,False,False,False,False,False
ENSG00000033178,ENSG00000033178,UBA6,7839,True,0.2757559289926592,1.7447527240262672,0.1585568,60,False,False,False,False,False,False,False,False
ENSG00000086758,ENSG00000086758,HUWE1,5268,True,0.1813713762182898,1.730417860279485,0.15828997,60,False,False,False,False,False,False,False,False
ENSG00000168297,ENSG00000168297,PXK,8270,True,0.28576946038677276,1.740047377915026,0.13347715,60,False,False,False,False,False,False,False,False
ENSG00000267519,ENSG00000267519,MIR23AHG,5105,True,0.20547421565747764,1.7798147464683962,0.49551463,59,False,False,False,False,False,False,False,False
ENSG00000260081,ENSG00000260081,MRFAP1P1,1134,True,0.04908107329324238,1.7972890983204228,0.476458,59,False,False,False,False,False,False,False,False
ENSG00000169189,ENSG00000169189,NSMCE1,11032,True,0.39285567934831395,1.7945347654384383,0.44775322,59,False,False,False,False,False,False,False,False
ENSG00000144792,ENSG00000144792,ZNF660,292,True,0.012089953151994704,1.5948542063902857,0.43884176,59,False,False,False,False,False,False,False,False
ENSG00000174405,ENSG00000174405,LIG4,1451,True,0.06005444316798957,1.7817209862926333,0.39091122,59,False,False,False,False,False,False,False,False
ENSG00000255046,ENSG00000255046,ENSG00000255046,564,True,0.023096755854623462,1.6420338050275218,0.38630363,59,False,False,False,False,False,False,False,False
ENSG00000133739,ENSG00000133739,LRRCC1,832,True,0.03274421229404649,1.6970615237115012,0.38164085,59,False,False,False,False,False,False,False,False
ENSG00000154721,ENSG00000154721,JAM2,342,True,0.015886805729226305,1.6174168244373535,0.36679375,59,False,False,False,False,False,False,False,False
ENSG00000264207,ENSG00000264207,ENSG00000264207,279,True,0.013244615981332026,1.5976288399540197,0.36409003,59,False,False,False,False,False,False,False,False
ENSG00000102189,ENSG00000102189,EEA1,6846,True,0.24383375833235207,1.768941115207712,0.36371717,59,False,False,False,False,False,False,False,False
ENSG00000178977,ENSG00000178977,LINC00324,2192,True,0.08371947473427553,1.7673736035770005,0.36061013,59,False,False,False,False,False,False,False,False
ENSG00000197566,ENSG00000197566,ZNF624,564,True,0.0220946336297044,1.6660717393628146,0.35962492,59,False,False,False,False,False,False,False,False
ENSG00000256229,ENSG00000256229,ZNF486,822,True,0.031995525723,1.6234002555362785,0.35836032,59,False,False,False,False,False,False,False,False
ENSG00000101017,ENSG00000101017,CD40,18854,True,0.6110843174285389,1.7979414148734505,0.35503903,59,False,False,False,False,False,False,False,False
ENSG00000105889,ENSG00000105889,STEAP1B,1037,True,0.04210143414343417,1.7729703849573684,0.34811932,59,False,False,False,False,False,False,False,False
ENSG00000229196,ENSG00000229196,LINC03008,673,True,0.028569713838052402,1.71279981621597,0.34795353,59,False,False,False,False,False,False,False,False
ENSG00000166326,ENSG00000166326,TRIM44,10586,True,0.3698195894988798,1.7828741564996498,0.340531,59,False,False,False,False,False,False,False,False
ENSG00000151611,ENSG00000151611,MMAA,765,True,0.030844038697415647,1.687256767114824,0.33994314,59,False,False,False,False,False,False,False,False
ENSG00000228548,ENSG00000228548,ITPKB-AS1,431,True,0.0183961352924624,1.6206748258257206,0.3342969,59,False,False,False,False,False,False,False,False
ENSG00000000457,ENSG00000000457,SCYL3,1591,True,0.06049077566477257,1.7676846720967758,0.33056366,59,False,False,False,False,False,False,False,False
ENSG00000245149,ENSG00000245149,RNF139-DT,1007,True,0.04224428500385061,1.737987845678344,0.3256753,59,False,False,False,False,False,False,False,False
ENSG00000117228,ENSG00000117228,GBP1,2285,True,0.08743394614738499,1.7655033395195632,0.3210222,59,False,False,False,False,False,False,False,True
ENSG00000031691,ENSG00000031691,CENPQ,1300,True,0.0500804353642925,1.7558027231432356,0.31360218,59,False,False,False,False,False,False,False,False
ENSG00000228835,ENSG00000228835,ENSG00000228835,313,True,0.014616644234929756,1.6623733587703315,0.30850378,59,False,False,False,False,False,False,False,False
ENSG00000169047,ENSG00000169047,IRS1,444,True,0.01808623005276403,1.6845170646062555,0.30541813,59,False,False,False,False,False,False,False,False
ENSG00000241127,ENSG00000241127,YAE1,928,True,0.040149883260280954,1.7587841056664233,0.30377826,59,False,False,False,False,False,False,False,False
ENSG00000164548,ENSG00000164548,TRA2A,27910,True,0.8654639193652965,1.8159973776652203,0.30239034,59,False,False,False,False,False,False,False,False
ENSG00000157107,ENSG00000157107,FCHO2,598,True,0.02392768806433612,1.7023831516775774,0.30224314,59,False,False,False,False,False,False,False,False
ENSG00000232412,ENSG00000232412,STAG2-AS1,1033,True,0.04485525778874271,1.758524378085125,0.29690078,59,False,False,False,False,False,False,False,False
ENSG00000141642,ENSG00000141642,ELAC1,1361,True,0.05058936500505859,1.7421459258546756,0.29477674,59,False,False,False,False,False,False,False,False
ENSG00000145331,ENSG00000145331,TRMT10A,1029,True,0.040798332818440454,1.760990603203512,0.29453313,59,False,False,False,False,False,False,False,False
ENSG00000124491,ENSG00000124491,F13A1,1565,True,0.06456349735428588,1.7633342267423797,0.29210034,59,False,False,False,False,False,False,False,False
ENSG00000100592,ENSG00000100592,DAAM1,7419,True,0.2578054058538127,1.7610112006668759,0.29123753,59,False,False,False,False,False,False,False,False
ENSG00000180376,ENSG00000180376,CCDC66,11197,True,0.4091306874807686,1.7811068336379898,0.2889734,59,False,False,False,False,False,False,False,False
ENSG00000138821,ENSG00000138821,SLC39A8,948,True,0.0363983664206297,1.7248523586356854,0.28863257,59,False,False,False,False,False,False,False,False
ENSG00000261609,ENSG00000261609,GAN,1337,True,0.05215708647849058,1.7589915437044044,0.2874155,59,False,False,False,False,False,False,False,False
ENSG00000029725,ENSG00000029725,RABEP1,13732,True,0.46264791815306355,1.7825345631865874,0.28569493,59,False,False,False,False,False,False,False,False
ENSG00000167257,ENSG00000167257,RNF214,3193,True,0.11767707848762071,1.7575395930349187,0.28413993,59,False,False,False,False,False,False,False,False
ENSG00000135698,ENSG00000135698,MPHOSPH6,3922,True,0.1518803219218806,1.7539461525241584,0.28213337,59,False,False,False,False,False,False,False,False
ENSG00000068784,ENSG00000068784,SRBD1,3108,True,0.11499996348651083,1.75731729798296,0.2811171,59,False,False,False,False,False,False,False,False
ENSG00000106459,ENSG00000106459,NRF1,1110,True,0.04325537749786696,1.7578154168400912,0.28056985,59,False,False,False,False,False,False,False,False
ENSG00000229852,ENSG00000229852,KHDC1-AS1,846,True,0.0349159167434876,1.7252942815808006,0.2801671,59,False,False,False,False,False,False,False,False
ENSG00000155100,ENSG00000155100,OTUD6B,2097,True,0.07996668325460593,1.7546296276444922,0.27954844,59,False,False,False,False,False,False,False,False
ENSG00000185112,ENSG00000185112,FAM43A,2265,True,0.0850580755091282,1.7541944352254413,0.27870876,59,False,False,False,False,False,False,False,False
ENSG00000160072,ENSG00000160072,ATAD3B,1184,True,0.04560575346811438,1.7532080599734556,0.2776798,59,False,False,False,False,False,False,False,False
ENSG00000122417,ENSG00000122417,ODF2L,11888,True,0.41255122457420423,1.777536418493218,0.27698115,59,False,False,False,False,False,False,False,False
ENSG00000072756,ENSG00000072756,TRNT1,2972,True,0.11118998970236714,1.7537396050818501,0.27538526,59,False,False,False,False,False,False,False,False
ENSG00000105339,ENSG00000105339,DENND3,3591,True,0.13296176128089582,1.7546168344094688,0.27443022,59,False,False,False,False,False,False,False,False
ENSG00000166477,ENSG00000166477,LEO1,2071,True,0.0765459837515446,1.751533238444913,0.27349856,59,False,False,False,False,False,False,False,False
ENSG00000152439,ENSG00000152439,ZNF773,713,True,0.028073406748354516,1.6384334190495118,0.2733748,59,False,False,False,False,False,False,False,False
ENSG00000171649,ENSG00000171649,ZIK1,566,True,0.023500495147268853,1.6463897309164472,0.27264312,59,False,False,False,False,False,False,False,False
ENSG00000226471,ENSG00000226471,ENSG00000226471,1531,True,0.057664629488400794,1.7511798874329811,0.27135417,59,False,False,False,False,False,False,False,False
ENSG00000183621,ENSG00000183621,ZNF438,687,True,0.02968782890125056,1.7465893326073092,0.2706268,59,False,False,False,False,False,False,False,False
ENSG00000132670,ENSG00000132670,PTPRA,10317,True,0.35444019442472785,1.770374818824372,0.26897615,59,False,False,False,False,False,False,False,False
ENSG00000158427,ENSG00000158427,TMSB15B,2000,True,0.08152035648474364,1.7535417248238447,0.26750103,59,False,False,False,False,False,False,False,False
ENSG00000197279,ENSG00000197279,ZNF165,1056,True,0.04370037924718064,1.750497387802048,0.26406518,59,False,False,False,False,False,False,False,False
ENSG00000162378,ENSG00000162378,ZYG11B,2306,True,0.0878577426423984,1.750724943762309,0.26308808,59,False,False,False,False,False,False,False,False
ENSG00000089876,ENSG00000089876,DHX32,988,True,0.039412510537756844,1.7509030793480358,0.26229084,59,False,False,False,False,False,False,False,False
ENSG00000165959,ENSG00000165959,CLMN,2149,True,0.0784305574185128,1.7504445666467652,0.26137653,59,False,False,False,False,False,False,False,False
ENSG00000138443,ENSG00000138443,ABI2,2102,True,0.08051544702996204,1.7502935616882418,0.26109773,59,False,False,False,False,False,False,False,False
ENSG00000186409,ENSG00000186409,CCDC30,993,True,0.03943028062850404,1.7063406356211759,0.26068777,59,False,False,False,False,False,False,False,False
ENSG00000083099,ENSG00000083099,LYRM2,9891,True,0.3507124494745386,1.764630684021389,0.2594243,59,False,False,False,False,False,False,False,False
ENSG00000133641,ENSG00000133641,RLIG1,2156,True,0.08153761069388125,1.7236529457856207,0.25916067,59,False,False,False,False,False,False,False,False
ENSG00000171791,ENSG00000171791,BCL2,12064,True,0.40326494836745436,1.7790518478841675,0.25913188,59,False,False,False,False,False,False,False,False
ENSG00000108590,ENSG00000108590,MED31,3417,True,0.13247203014935136,1.7488642687466867,0.25808036,59,False,False,False,False,False,False,False,False
ENSG00000171763,ENSG00000171763,AFG2B,1171,True,0.04556850538435761,1.7518192857412382,0.2575912,59,False,False,False,False,False,False,False,False
ENSG00000226200,ENSG00000226200,SGMS1-AS1,940,True,0.0346026038425043,1.63110359984854,0.2555455,59,False,False,False,False,False,False,False,False
ENSG00000234745,ENSG00000234745,HLA-B,113360,True,3.211641459545847,2.1260682703180818,0.2554774,59,False,False,False,False,False,False,False,False
ENSG00000164880,ENSG00000164880,INTS1,1654,True,0.06246371596424809,1.7518848734254489,0.2546944,59,False,False,False,False,False,False,False,False
ENSG00000143156,ENSG00000143156,NME7,1626,True,0.0649721791706601,1.7453017883661135,0.2533638,59,False,False,False,False,False,False,False,False
ENSG00000197771,ENSG00000197771,MCMBP,3902,True,0.14411705586005794,1.7498471474688415,0.25301313,59,False,False,False,False,False,False,False,False
ENSG00000175536,ENSG00000175536,LIPT2,868,True,0.03451337404332403,1.6952278928613338,0.2528825,59,False,False,False,False,False,False,False,False
ENSG00000059145,ENSG00000059145,UNKL,2408,True,0.08808537192591394,1.7471104347385469,0.2522731,59,False,False,False,False,False,False,False,False
ENSG00000006194,ENSG00000006194,ZNF263,3091,True,0.11447074264157577,1.7519008917609618,0.2521355,59,False,False,False,False,False,False,False,False
ENSG00000159461,ENSG00000159461,AMFR,6281,True,0.23405934997389977,1.7505214459609213,0.25194925,59,False,False,False,False,False,False,False,False
ENSG00000113441,ENSG00000113441,LNPEP,11287,True,0.3954578391162198,1.7733685684181446,0.2512132,59,False,False,False,False,False,False,False,False
ENSG00000135473,ENSG00000135473,PAN2,1384,True,0.05417725310478178,1.7515311674417362,0.2511286,59,False,False,False,False,False,False,False,False
ENSG00000204120,ENSG00000204120,GIGYF2,4243,True,0.1515293670756286,1.7460777959350722,0.24886385,59,False,False,False,False,False,False,False,False
ENSG00000149636,ENSG00000149636,DSN1,1600,True,0.060061435934030835,1.7469967872363557,0.24875788,59,False,False,False,False,False,False,False,False
ENSG00000120942,ENSG00000120942,UBIAD1,2700,True,0.10040867391216744,1.7494582115783075,0.2483292,59,False,False,False,False,False,False,False,False
ENSG00000147202,ENSG00000147202,DIAPH2,4397,True,0.15704055978040474,1.7511384119425353,0.24830051,59,False,False,False,False,False,False,False,False
ENSG00000172795,ENSG00000172795,DCP2,9266,True,0.32155135146789426,1.7635785565210553,0.24494834,59,False,False,False,False,False,False,False,False
ENSG00000135900,ENSG00000135900,MRPL44,7759,True,0.2744323308988705,1.7446269505462113,0.24489965,59,False,False,False,False,False,False,False,False
ENSG00000104907,ENSG00000104907,TRMT1,8569,True,0.30848606455419714,1.7598630314181727,0.24466063,59,False,False,False,False,False,False,False,False
ENSG00000156876,ENSG00000156876,SASS6,2238,True,0.08425381063649469,1.7453896351539038,0.24375822,59,False,False,False,False,False,False,False,False
ENSG00000132467,ENSG00000132467,UTP3,4660,True,0.165295442394002,1.746727134087042,0.242154,59,False,False,False,False,False,False,False,False
ENSG00000138802,ENSG00000138802,SEC24B,1863,True,0.07120988375256565,1.7495295660007513,0.24207819,59,False,False,False,False,False,False,False,False
ENSG00000164332,ENSG00000164332,UBLCP1,5425,True,0.19426768287271,1.744923882742532,0.24175583,59,False,False,False,False,False,False,False,False
ENSG00000162851,ENSG00000162851,TFB2M,2098,True,0.07920459598744477,1.74728292469056,0.24071471,59,False,False,False,False,False,False,False,False
ENSG00000136738,ENSG00000136738,STAM,1576,True,0.0622742166474869,1.7483750682503165,0.24064948,59,False,False,False,False,False,False,False,False
ENSG00000197766,ENSG00000197766,CFD,4841,True,0.1784170167677912,1.7475159613839053,0.23959768,59,False,False,False,False,False,False,False,False
ENSG00000165115,ENSG00000165115,KIF27,883,True,0.03391847393176274,1.6924805131725655,0.23891364,59,False,False,False,False,False,False,False,False
ENSG00000020922,ENSG00000020922,MRE11,2808,True,0.10549474568859246,1.7479018181256394,0.2368507,59,False,False,False,False,False,False,False,False
ENSG00000168234,ENSG00000168234,TTC39C,6347,True,0.22459129752164025,1.7452068887847225,0.23627633,59,False,False,False,False,False,False,False,False
ENSG00000198482,ENSG00000198482,ZNF808,1268,True,0.0503588213774978,1.7412092931565646,0.23553701,59,False,False,False,False,False,False,False,False
ENSG00000170471,ENSG00000170471,RALGAPB,2116,True,0.07904473149781871,1.7435487521377857,0.23533466,59,False,False,False,False,False,False,False,False
ENSG00000166130,ENSG00000166130,IKBIP,2550,True,0.0934163611166241,1.7441977450119774,0.23521714,59,False,False,False,False,False,False,False,False
ENSG00000105519,ENSG00000105519,CAPS,1121,True,0.042808971959252845,1.6882955640956068,0.23498112,59,False,False,False,False,False,False,False,False
ENSG00000029534,ENSG00000029534,ANK1,1314,True,0.05061466123907796,1.7496266148076158,0.23468025,59,False,False,False,False,False,False,False,False
ENSG00000111145,ENSG00000111145,ELK3,2663,True,0.09854967316145948,1.7417839736827958,0.23411599,59,False,False,False,False,False,False,False,False
ENSG00000122965,ENSG00000122965,RBM19,3373,True,0.12701609212825826,1.7453572715965349,0.23380002,59,False,False,False,False,False,False,False,False
ENSG00000106392,ENSG00000106392,C1GALT1,10204,True,0.3527083187736976,1.7653022431900638,0.23373675,59,False,False,False,False,False,False,False,False
ENSG00000159596,ENSG00000159596,TMEM69,2958,True,0.11182415560434453,1.745334435404825,0.23336986,59,False,False,False,False,False,False,False,False
ENSG00000124784,ENSG00000124784,RIOK1,3145,True,0.11488868653868801,1.7437805696823645,0.23320161,59,False,False,False,False,False,False,False,False
ENSG00000099992,ENSG00000099992,TBC1D10A,3142,True,0.11585651377687595,1.747381192643469,0.23242222,59,False,False,False,False,False,False,False,False
ENSG00000145715,ENSG00000145715,RASA1,1953,True,0.07445294481971536,1.7460752816804501,0.23228933,59,False,False,False,False,False,False,False,False
ENSG00000180667,ENSG00000180667,YOD1,903,True,0.036216920218755916,1.714827517346513,0.23027326,59,False,False,False,False,False,False,False,False
ENSG00000111358,ENSG00000111358,GTF2H3,2496,True,0.09384428302072795,1.745038408313742,0.23026066,59,False,False,False,False,False,False,False,False
ENSG00000156521,ENSG00000156521,TYSND1,2867,True,0.10653940726225791,1.7452017935726092,0.22979562,59,False,False,False,False,False,False,False,False
ENSG00000178177,ENSG00000178177,LCORL,3721,True,0.1335728881311771,1.7411058994872057,0.22979523,59,False,False,False,False,False,False,False,False
ENSG00000073969,ENSG00000073969,NSF,2430,True,0.0917178331436486,1.7441967813434112,0.2295331,59,False,False,False,False,False,False,False,False
ENSG00000136935,ENSG00000136935,GOLGA1,1377,True,0.052717273645754285,1.7353653697071723,0.22866763,59,False,False,False,False,False,False,False,False
ENSG00000155304,ENSG00000155304,HSPA13,2035,True,0.07636748532151828,1.7412430143045166,0.22754717,59,False,False,False,False,False,False,False,False
ENSG00000196465,ENSG00000196465,MYL6B,4677,True,0.17183212204960596,1.740933961072704,0.22646761,59,False,False,False,False,False,False,False,False
ENSG00000198589,ENSG00000198589,LRBA,5157,True,0.18182556090685617,1.7441539658152672,0.22622824,59,False,False,False,False,False,False,False,False
ENSG00000267575,ENSG00000267575,LINC02987,1119,True,0.04315493201946447,1.7099884680327042,0.22600722,59,False,False,False,False,False,False,False,False
ENSG00000089195,ENSG00000089195,TRMT6,3293,True,0.12235853951036706,1.7411005973026439,0.22474994,59,False,False,False,False,False,False,False,False
ENSG00000148153,ENSG00000148153,INIP,2879,True,0.11018062725717027,1.7451249048305406,0.22458464,59,False,False,False,False,False,False,False,False
ENSG00000163960,ENSG00000163960,UBXN7,4389,True,0.15810382623575278,1.744011040891175,0.22440088,59,False,False,False,False,False,False,False,False
ENSG00000198373,ENSG00000198373,WWP2,2828,True,0.10620944589740512,1.7424460568713662,0.22414334,59,False,False,False,False,False,False,False,False
ENSG00000119720,ENSG00000119720,NRDE2,4297,True,0.15835114883631274,1.7434524725785197,0.22325803,59,False,False,False,False,False,False,False,False
ENSG00000138185,ENSG00000138185,ENTPD1,7317,True,0.2522079923557175,1.744441787359178,0.2231911,59,False,False,False,False,False,False,False,False
ENSG00000105866,ENSG00000105866,SP4,2485,True,0.09298613330725738,1.7443248169213448,0.22284192,59,False,False,False,False,False,False,False,False
ENSG00000167193,ENSG00000167193,CRK,2510,True,0.09141479363302629,1.711604196357399,0.22239722,59,False,False,False,False,False,False,False,False
ENSG00000011243,ENSG00000011243,AKAP8L,6613,True,0.2374740577260601,1.7439885360796845,0.22184518,59,False,False,False,False,False,False,False,False
ENSG00000142039,ENSG00000142039,CCDC97,3550,True,0.1274670673414574,1.7436968448933194,0.22149408,59,False,False,False,False,False,False,False,False
ENSG00000215193,ENSG00000215193,PEX26,2259,True,0.08163203232329395,1.7122760956408956,0.22138141,59,False,False,False,False,False,False,False,False
ENSG00000034693,ENSG00000034693,PEX3,1682,True,0.06470728895097806,1.7406882040001619,0.22103201,59,False,False,False,False,False,False,False,False
ENSG00000139974,ENSG00000139974,SLC38A6,1299,True,0.048364697851735916,1.7399001739852535,0.22092898,59,False,False,False,False,False,False,False,False
ENSG00000259891,ENSG00000259891,ENSG00000259891,624,True,0.02438977320167044,1.6052611260165932,0.22072285,59,False,False,False,False,False,False,False,False
ENSG00000134262,ENSG00000134262,AP4B1,1350,True,0.052995271372995596,1.7389154234223367,0.22067057,59,False,False,False,False,False,False,False,False
ENSG00000089094,ENSG00000089094,KDM2B,4852,True,0.17872701062678492,1.7414920563947853,0.22051904,59,False,False,False,False,False,False,False,False
ENSG00000165288,ENSG00000165288,BRWD3,2382,True,0.08867221605294087,1.7419437596397598,0.22051053,59,False,False,False,False,False,False,False,False
ENSG00000145439,ENSG00000145439,CBR4,5815,True,0.21028493418664995,1.7417135199011027,0.21999982,59,False,False,False,False,False,False,False,False
ENSG00000151131,ENSG00000151131,NOPCHAP1,4213,True,0.15260134005637552,1.7414245273263391,0.21969087,59,False,False,False,False,False,False,False,False
ENSG00000075945,ENSG00000075945,KIFAP3,2377,True,0.08939655924391197,1.7372112003219355,0.21737592,59,False,False,False,False,False,False,False,False
ENSG00000164941,ENSG00000164941,INTS8,3413,True,0.12429410441324468,1.7407429520539817,0.21702811,59,False,False,False,False,False,False,False,False
ENSG00000257815,ENSG00000257815,PRANCR,7934,True,0.3014620688911409,1.7535380009477715,0.2146872,59,False,False,False,False,False,False,False,False
ENSG00000125089,ENSG00000125089,SH3TC1,2253,True,0.08592180832075896,1.740060691481593,0.21448992,59,False,False,False,False,False,False,False,False
ENSG00000166681,ENSG00000166681,BEX3,1767,True,0.07040397290566171,1.7386061774682176,0.21406116,59,False,False,False,False,False,False,False,False
ENSG00000165219,ENSG00000165219,GAPVD1,3550,True,0.1289637054409141,1.7421671813588389,0.2134067,59,False,False,False,False,False,False,False,False
ENSG00000130347,ENSG00000130347,RTN4IP1,1336,True,0.05257111273562403,1.7391207959236572,0.21337175,59,False,False,False,False,False,False,False,False
ENSG00000146282,ENSG00000146282,RARS2,3564,True,0.13163089336279335,1.739767965244232,0.21333826,59,False,False,False,False,False,False,False,False
ENSG00000110075,ENSG00000110075,PPP6R3,4056,True,0.14805414439783876,1.741673464993181,0.2127457,59,False,False,False,False,False,False,False,False
ENSG00000163811,ENSG00000163811,WDR43,9317,True,0.32621291757142257,1.7593479303765365,0.21226215,59,False,False,False,False,False,False,False,False
ENSG00000112303,ENSG00000112303,VNN2,3443,True,0.13053336802220447,1.740360368580415,0.21221451,59,False,False,False,False,False,False,False,False
ENSG00000174446,ENSG00000174446,SNAPC5,3694,True,0.13801847118409255,1.7400134131527787,0.21120125,59,False,False,False,False,False,False,False,False
ENSG00000119729,ENSG00000119729,RHOQ,4649,True,0.1668827258754664,1.7401809381597884,0.21090151,59,False,False,False,False,False,False,False,False
ENSG00000100207,ENSG00000100207,TCF20,1619,True,0.0601346888836459,1.7391404323272426,0.2107984,59,False,False,False,False,False,False,False,False
ENSG00000126216,ENSG00000126216,TUBGCP3,2595,True,0.0915100175146435,1.710949500939626,0.21028008,59,False,False,False,False,False,False,False,False
ENSG00000136731,ENSG00000136731,UGGT1,2348,True,0.08437749036994294,1.7428050095732914,0.21002063,59,False,False,False,False,False,False,False,False
ENSG00000165140,ENSG00000165140,FBP1,869,True,0.03474063942048434,1.7416896278804825,0.20920588,59,False,False,False,False,False,False,False,False
ENSG00000185432,ENSG00000185432,TMT1A,9282,True,0.3172033475674568,1.7552442765499863,0.20892437,59,False,False,False,False,False,False,False,False
ENSG00000079387,ENSG00000079387,SENP1,1637,True,0.06088881537033827,1.7396767562073323,0.20886783,59,False,False,False,False,False,False,False,False
ENSG00000116918,ENSG00000116918,TSNAX,8012,True,0.283423537840608,1.7474804956731924,0.20738126,59,False,False,False,False,False,False,False,False
ENSG00000040341,ENSG00000040341,STAU2,3567,True,0.13504550232196572,1.7383935686880214,0.20694192,59,False,False,False,False,False,False,False,False
ENSG00000167635,ENSG00000167635,ZNF146,4363,True,0.15721994974903775,1.7373069850338092,0.2069401,59,False,False,False,False,False,False,False,False
ENSG00000117899,ENSG00000117899,MESD,7945,True,0.2801178185429166,1.7507726763261038,0.2066644,59,False,False,False,False,False,False,False,False
ENSG00000119487,ENSG00000119487,MAPKAP1,7822,True,0.27069218363743686,1.746323697993092,0.20604688,59,False,False,False,False,False,False,False,False
ENSG00000172794,ENSG00000172794,RAB37,3692,True,0.13463585140266704,1.737590139430974,0.20496888,59,False,False,False,False,False,False,False,False
ENSG00000021574,ENSG00000021574,SPAST,2306,True,0.08387479547865796,1.7365365904820917,0.20470253,59,False,False,False,False,False,False,False,False
ENSG00000111647,ENSG00000111647,BLTP3B,2583,True,0.09505414463565995,1.7391594612089443,0.20418073,59,False,False,False,False,False,False,False,False
ENSG00000257913,ENSG00000257913,DDN-AS1,1197,True,0.04884398142294256,1.7362596527783751,0.20387301,59,False,False,False,False,False,False,False,False
ENSG00000178381,ENSG00000178381,ZFAND2A,6748,True,0.23881496193524188,1.7410092878664394,0.20360135,59,False,False,False,False,False,False,False,False
ENSG00000089818,ENSG00000089818,NECAP1,5018,True,0.18385229854174032,1.7404314850470555,0.20341428,59,False,False,False,False,False,False,False,False
ENSG00000101639,ENSG00000101639,CEP192,2114,True,0.07696887843790018,1.7357504841617055,0.20324561,59,False,False,False,False,False,False,False,False
ENSG00000125741,ENSG00000125741,OPA3,1777,True,0.06438786875597642,1.7099092019861084,0.20312168,59,False,False,False,False,False,False,False,False
ENSG00000168569,ENSG00000168569,TMEM223,2619,True,0.0952295720166708,1.737708788345247,0.20281455,59,False,False,False,False,False,False,False,False
ENSG00000139620,ENSG00000139620,KANSL2,4720,True,0.16981881112773725,1.7375254023395157,0.20248775,59,False,False,False,False,False,False,False,False
ENSG00000119650,ENSG00000119650,IFT43,2406,True,0.09197793602939369,1.7398669026448261,0.2024004,59,False,False,False,False,False,False,False,False
ENSG00000184209,ENSG00000184209,SNRNP35,4351,True,0.15606111792684124,1.737333724167314,0.20237292,59,False,False,False,False,False,False,False,False
ENSG00000153207,ENSG00000153207,AHCTF1,2788,True,0.10065864179136629,1.737002895185107,0.2020118,59,False,False,False,False,False,False,False,False
ENSG00000106144,ENSG00000106144,CASP2,2989,True,0.1156693729329885,1.7380506236537092,0.20179214,59,False,False,False,False,False,False,False,False
ENSG00000188938,ENSG00000188938,FAM120AOS,4326,True,0.15749731187278493,1.7361950975561464,0.2004257,59,False,False,False,False,False,False,False,False
ENSG00000120029,ENSG00000120029,ARMH3,3624,True,0.13879934639856586,1.7377403013542663,0.20034376,59,False,False,False,False,False,False,False,False
ENSG00000158552,ENSG00000158552,ZFAND2B,6802,True,0.24679413200913125,1.7384273653516464,0.20000882,59,False,False,False,False,False,False,False,False
ENSG00000145819,ENSG00000145819,ARHGAP26,1171,True,0.044529877542934956,1.7370151681233759,0.1972308,59,False,False,False,False,False,False,False,False
ENSG00000145916,ENSG00000145916,RMND5B,3541,True,0.12924978731115255,1.736915316812918,0.19710155,59,False,False,False,False,False,False,False,False
ENSG00000189283,ENSG00000189283,FHIT,3057,True,0.11112857860418388,1.7379630259661496,0.19650245,59,False,False,False,False,False,False,False,False
ENSG00000115211,ENSG00000115211,EIF2B4,3569,True,0.13506596533784807,1.736971684679893,0.19608644,59,False,False,False,False,False,False,False,False
ENSG00000171867,ENSG00000171867,PRNP,5900,True,0.21430984578055082,1.7385780530151136,0.1960794,59,False,False,False,False,False,False,False,False
ENSG00000172954,ENSG00000172954,LCLAT1,1819,True,0.0688513612503614,1.7062267945040062,0.19598484,59,False,False,False,False,False,False,False,False
ENSG00000130005,ENSG00000130005,GAMT,2795,True,0.10671888499720449,1.7355975707138678,0.19515692,59,False,False,False,False,False,False,False,False
ENSG00000127452,ENSG00000127452,FBXL12,2544,True,0.09617062895192802,1.7373143714345218,0.1945536,59,False,False,False,False,False,False,False,False
ENSG00000146729,ENSG00000146729,NIPSNAP2,6723,True,0.235503520131002,1.7345386492949046,0.19417076,59,False,False,False,False,False,False,False,False
ENSG00000132286,ENSG00000132286,TIMM10B,3660,True,0.13645264214044595,1.7352319534446514,0.19348551,59,False,False,False,False,False,False,False,False
ENSG00000081721,ENSG00000081721,DUSP12,4413,True,0.1624791445417778,1.7345519495092587,0.19243123,59,False,False,False,False,False,False,False,False
ENSG00000141452,ENSG00000141452,RMC1,3719,True,0.13976873272515936,1.7369776707762163,0.19237554,59,False,False,False,False,False,False,False,False
ENSG00000089351,ENSG00000089351,GRAMD1A,4700,True,0.16861773398626315,1.7368525432699542,0.19216575,59,False,False,False,False,False,False,False,False
ENSG00000154727,ENSG00000154727,GABPA,2698,True,0.0964359782265821,1.7310628464127094,0.19169264,59,False,False,False,False,False,False,False,False
ENSG00000170340,ENSG00000170340,B3GNT2,3840,True,0.14583395417533346,1.7355847636186665,0.1910705,59,False,False,False,False,False,False,False,False
ENSG00000135926,ENSG00000135926,TMBIM1,4563,True,0.16304549662240908,1.7368210425382293,0.19043598,59,False,False,False,False,False,False,False,False
ENSG00000103194,ENSG00000103194,USP10,5334,True,0.19157824160049272,1.7347457459616697,0.19037305,59,False,False,False,False,False,False,False,False
ENSG00000177666,ENSG00000177666,PNPLA2,6794,True,0.23404391127946955,1.736920435323353,0.18937811,59,False,False,False,False,False,False,False,False
ENSG00000134371,ENSG00000134371,CDC73,6322,True,0.2215976448283044,1.7384800470065174,0.18913041,59,False,False,False,False,False,False,False,False
ENSG00000037474,ENSG00000037474,NSUN2,2891,True,0.10637307887824822,1.7354062503251506,0.18834801,59,False,False,False,False,False,False,False,False
ENSG00000185246,ENSG00000185246,PRPF39,2948,True,0.10812469676007615,1.736075120178432,0.18623693,59,False,False,False,False,False,False,False,False
ENSG00000146083,ENSG00000146083,RNF44,5336,True,0.19729669727072363,1.7347531765137054,0.1852662,59,False,False,False,False,False,False,False,False
ENSG00000112697,ENSG00000112697,TMEM30A,4525,True,0.16328462200960717,1.7340582631180668,0.18419632,59,False,False,False,False,False,False,False,False
ENSG00000184863,ENSG00000184863,RBM33,9805,True,0.3373685550654771,1.760664908629287,0.18386683,59,False,False,False,False,False,False,False,False
ENSG00000135587,ENSG00000135587,SMPD2,2491,True,0.09306820515689185,1.734141333590455,0.18366717,59,False,False,False,False,False,False,False,False
ENSG00000061938,ENSG00000061938,TNK2,2811,True,0.10370053608945257,1.7338726369933262,0.18365991,59,False,False,False,False,False,False,False,False
ENSG00000110344,ENSG00000110344,UBE4A,3983,True,0.1446000290187764,1.733224902900821,0.1832114,59,False,False,False,False,False,False,False,False
ENSG00000068724,ENSG00000068724,TTC7A,4200,True,0.14848653005243942,1.733724385176783,0.18166478,59,False,False,False,False,False,False,False,False
ENSG00000107854,ENSG00000107854,TNKS2,5618,True,0.20003262775725492,1.7372824133047842,0.18065284,59,False,False,False,False,False,False,False,False
ENSG00000117533,ENSG00000117533,VAMP4,2868,True,0.10873464843455563,1.7326162988964653,0.1766794,59,False,False,False,False,False,False,False,False
ENSG00000131966,ENSG00000131966,ACTR10,6498,True,0.23802060668780742,1.732480706026138,0.17629923,59,False,False,False,False,False,False,False,False
ENSG00000109065,ENSG00000109065,NAT9,3670,True,0.13616678082434033,1.733469296287825,0.17625116,59,False,False,False,False,False,False,False,False
ENSG00000105705,ENSG00000105705,SUGP1,2544,True,0.0925082272588091,1.7319559109730123,0.17606482,59,False,False,False,False,False,False,False,False
ENSG00000104825,ENSG00000104825,NFKBIB,4386,True,0.15653823282993848,1.7310400666834185,0.17510058,59,False,False,False,False,False,False,False,False
ENSG00000129480,ENSG00000129480,DTD2,1078,True,0.041662781386137375,1.7306250819301994,0.17438865,59,False,False,False,False,False,False,False,False
ENSG00000066136,ENSG00000066136,NFYC,5692,True,0.20288898513190948,1.7305019070240193,0.17277198,59,False,False,False,False,False,False,False,False
ENSG00000128739,ENSG00000128739,SNRPN,2115,True,0.08363680273831313,1.7334177928831025,0.17236778,59,False,False,False,False,False,False,False,False
ENSG00000174501,ENSG00000174501,ANKRD36C,7892,True,0.2646496668626447,1.7503831852925567,0.17172965,59,False,False,False,False,False,False,False,False
ENSG00000104856,ENSG00000104856,RELB,6702,True,0.22957293553257993,1.7306000852064274,0.16816977,59,False,False,False,False,False,False,False,False
ENSG00000112200,ENSG00000112200,ZNF451,8144,True,0.28859864495799226,1.7461022435600277,0.16744182,59,False,False,False,False,False,False,False,False
ENSG00000180822,ENSG00000180822,PSMG4,7546,True,0.2762009827010847,1.7345845248020688,0.16497321,59,False,False,False,False,False,False,False,False
ENSG00000137494,ENSG00000137494,ANKRD42,1281,True,0.04772504249333236,1.7267360076969838,0.16465537,59,False,False,False,False,False,False,False,False
ENSG00000135046,ENSG00000135046,ANXA1,8614,True,0.312592856200442,1.7528648339045672,0.1632796,59,False,False,False,False,False,False,False,False
ENSG00000103657,ENSG00000103657,HERC1,6663,True,0.23072344881917975,1.73560301519189,0.14964822,59,False,False,False,False,False,False,False,False
ENSG00000169057,ENSG00000169057,MECP2,7223,True,0.26036546248822595,1.739941559655521,0.1295218,59,False,False,False,False,False,False,False,False
ENSG00000156738,ENSG00000156738,MS4A1,88328,True,2.2519638701549773,2.0343257183932053,0.479419,58,False,False,False,False,False,False,False,False
ENSG00000089127,ENSG00000089127,OAS1,8267,True,0.2922083029383651,1.7675966184597316,0.39314726,58,False,False,False,False,False,False,False,True
ENSG00000196352,ENSG00000196352,CD55,24258,True,0.7665283790315928,1.8185879673983718,0.37802574,58,False,False,False,False,False,False,False,False
ENSG00000246859,ENSG00000246859,STARD4-AS1,443,True,0.018715986104074715,1.5863295540118287,0.37792802,58,False,False,False,False,False,False,False,False
ENSG00000174891,ENSG00000174891,RSRC1,12560,True,0.4492065017931011,1.7895319561016743,0.3758303,58,False,False,False,False,False,False,False,False
ENSG00000260589,ENSG00000260589,STAM-DT,546,True,0.02412177987541029,1.7484270650803944,0.3734745,58,False,False,False,False,False,False,False,False
ENSG00000025796,ENSG00000025796,SEC63,11405,True,0.39330270378439175,1.784829579084377,0.3644781,58,False,False,False,False,False,False,False,False
ENSG00000273456,ENSG00000273456,ENSG00000273456,370,True,0.016162690300250835,1.6860618841471362,0.34791818,58,False,False,False,False,False,False,False,False
ENSG00000158411,ENSG00000158411,MITD1,12078,True,0.4320423827140952,1.7867428590596395,0.3451492,58,False,False,False,False,False,False,False,False
ENSG00000261136,ENSG00000261136,ENSG00000261136,316,True,0.013264702071075789,1.5429414818011522,0.33795205,58,False,False,False,False,False,False,False,False
ENSG00000067064,ENSG00000067064,IDI1,17022,True,0.5657589015008511,1.7928165580832818,0.33553797,58,False,False,False,False,False,False,False,False
ENSG00000145908,ENSG00000145908,ZNF300,366,True,0.01509967840417662,1.6877733953823553,0.32154143,58,False,False,False,False,False,False,False,False
ENSG00000160219,ENSG00000160219,GAB3,1094,True,0.04249559107720238,1.7654723822342626,0.31455734,58,False,False,False,False,False,False,False,False
ENSG00000259877,ENSG00000259877,ZNF778-DT,339,True,0.014136433945782057,1.614209262228475,0.31178597,58,False,False,False,False,False,False,False,False
ENSG00000260682,ENSG00000260682,RN7SKP176,4634,True,0.1644279446199967,1.760878693392957,0.31050202,58,False,False,False,False,False,False,False,False
ENSG00000261879,ENSG00000261879,ZNF594-DT,901,True,0.036459472940697436,1.7634074253856982,0.3082132,58,False,False,False,False,False,False,False,False
ENSG00000229999,ENSG00000229999,SGSM3-AS1,663,True,0.028338377064956153,1.7290887467729794,0.30301952,58,False,False,False,False,False,False,False,False
ENSG00000028277,ENSG00000028277,POU2F2,32532,True,0.9584556179229424,1.8300565680689205,0.29992372,58,False,False,False,False,False,False,False,False
ENSG00000151623,ENSG00000151623,NR3C2,587,True,0.022790162191626682,1.6627097831646147,0.2981354,58,False,False,False,False,False,False,False,False
ENSG00000198093,ENSG00000198093,ZNF649,788,True,0.029639475214273448,1.6456885503747254,0.29786587,58,False,False,False,False,False,False,False,False
ENSG00000100154,ENSG00000100154,TTC28,580,True,0.023000322948448768,1.6765672864986065,0.29694688,58,False,False,False,False,False,False,False,False
ENSG00000118420,ENSG00000118420,UBE3D,1532,True,0.05765401105865886,1.7566479501769579,0.29571176,58,False,False,False,False,False,False,False,False
ENSG00000141378,ENSG00000141378,PTRH2,1580,True,0.06024002619341651,1.7572411401632595,0.29526597,58,False,False,False,False,False,False,False,False
ENSG00000144115,ENSG00000144115,THNSL2,299,True,0.012669994584299597,1.622164642853502,0.29352,58,False,False,False,False,False,False,False,False
ENSG00000120802,ENSG00000120802,TMPO,11206,True,0.38555409692256165,1.777475766036886,0.29277554,58,False,False,False,False,False,False,False,False
ENSG00000156273,ENSG00000156273,BACH1,9780,True,0.32717160520838084,1.7663613013445216,0.29207438,58,False,False,False,False,False,False,False,False
ENSG00000267106,ENSG00000267106,ZNF561-AS1,754,True,0.03004158049501815,1.6947452950387791,0.2919293,58,False,False,False,False,False,False,False,False
ENSG00000157796,ENSG00000157796,WDR19,943,True,0.03707937329115458,1.7606573904696574,0.29167828,58,False,False,False,False,False,False,False,False
ENSG00000196951,ENSG00000196951,SCOC-AS1,800,True,0.03454128313957882,1.764533354292027,0.2905704,58,False,False,False,False,False,False,False,False
ENSG00000213967,ENSG00000213967,ZNF726,916,True,0.0370382993031709,1.7220355048623526,0.29036674,58,False,False,False,False,False,False,False,False
ENSG00000165795,ENSG00000165795,NDRG2,580,True,0.022291397753340072,1.6519328364677797,0.28675273,58,False,False,False,False,False,False,False,False
ENSG00000168495,ENSG00000168495,POLR3D,3178,True,0.12089929608500873,1.757926684190884,0.28472576,58,False,False,False,False,False,False,False,False
ENSG00000260236,ENSG00000260236,PTPN23-DT,1027,True,0.03959238987279582,1.7037314469392077,0.28332093,58,False,False,False,False,False,False,False,False
ENSG00000166275,ENSG00000166275,BORCS7,10096,True,0.35849777419557366,1.777846388441468,0.28175804,58,False,False,False,False,False,False,False,False
ENSG00000265666,ENSG00000265666,RARA-AS1,520,True,0.022184818853671805,1.6836013732279982,0.27964398,58,False,False,False,False,False,False,False,False
ENSG00000117090,ENSG00000117090,SLAMF1,1732,True,0.06493666270035475,1.751755047920247,0.27776805,58,False,False,False,False,False,False,False,False
ENSG00000132185,ENSG00000132185,FCRLA,25565,True,0.7982559955547459,1.8097997023814052,0.27243817,58,False,False,False,False,False,False,False,False
ENSG00000227388,ENSG00000227388,ENSG00000227388,441,True,0.01930495712680052,1.7379942087602702,0.27232304,58,False,False,False,False,False,False,False,False
ENSG00000221916,ENSG00000221916,C19orf73,576,True,0.024994903332697174,1.7293345196366365,0.2717593,58,False,False,False,False,False,False,False,False
ENSG00000095066,ENSG00000095066,HOOK2,3059,True,0.11420748412133883,1.7540029336362282,0.27142933,58,False,False,False,False,False,False,False,False
ENSG00000198799,ENSG00000198799,LRIG2,1470,True,0.05627856697179651,1.7541829628528298,0.2687808,58,False,False,False,False,False,False,False,False
ENSG00000247572,ENSG00000247572,CKMT2-AS1,1028,True,0.040472141424033645,1.7486900416554503,0.26810306,58,False,False,False,False,False,False,False,False
ENSG00000269343,ENSG00000269343,ZNF587B,891,True,0.0342415662179086,1.7238267911204885,0.26640245,58,False,False,False,False,False,False,False,False
ENSG00000128000,ENSG00000128000,ZNF780B,1788,True,0.07101693019589904,1.7567420919844905,0.26532814,58,False,False,False,False,False,False,False,False
ENSG00000111276,ENSG00000111276,CDKN1B,12353,True,0.4269400331065522,1.7798445032383077,0.26381448,58,False,False,False,False,False,False,False,False
ENSG00000187912,ENSG00000187912,CLEC17A,1113,True,0.04208001134271972,1.7269465751704296,0.2635469,58,False,False,False,False,False,False,False,False
ENSG00000142687,ENSG00000142687,KIAA0319L,2654,True,0.0979602259235635,1.751930547505296,0.2628949,58,False,False,False,False,False,False,False,False
ENSG00000119772,ENSG00000119772,DNMT3A,1864,True,0.06964751968198156,1.7528716775215913,0.2628862,58,False,False,False,False,False,False,False,False
ENSG00000149218,ENSG00000149218,ENDOD1,1958,True,0.07538950060250502,1.754004341625903,0.2618398,58,False,False,False,False,False,False,False,False
ENSG00000105708,ENSG00000105708,ZNF14,886,True,0.03520114252336978,1.7377450919602537,0.26157442,58,False,False,False,False,False,False,False,False
ENSG00000100038,ENSG00000100038,TOP3B,1356,True,0.052915923029612316,1.7547810550912721,0.261387,58,False,False,False,False,False,False,False,False
ENSG00000260231,ENSG00000260231,KDM7A-DT,805,True,0.03216376663274198,1.7511722339464848,0.25951698,58,False,False,False,False,False,False,False,False
ENSG00000181007,ENSG00000181007,ZFP82,1351,True,0.05277220693536871,1.7513955242690096,0.25828457,58,False,False,False,False,False,False,False,False
ENSG00000109184,ENSG00000109184,DCUN1D4,1555,True,0.06155488817317137,1.752341344098823,0.25798386,58,False,False,False,False,False,False,False,False
ENSG00000213516,ENSG00000213516,RBMXL1,2952,True,0.10828116259882323,1.7475258269709082,0.25779802,58,False,False,False,False,False,False,False,False
ENSG00000133065,ENSG00000133065,SLC41A1,1357,True,0.05302659703679085,1.7478085328873476,0.2562113,58,False,False,False,False,False,False,False,False
ENSG00000225975,ENSG00000225975,ZNF567-DT,825,True,0.03543778673655304,1.746157141041181,0.2554539,58,False,False,False,False,False,False,False,False
ENSG00000119285,ENSG00000119285,HEATR1,2873,True,0.10663533135666486,1.7509118844307991,0.25458565,58,False,False,False,False,False,False,False,False
ENSG00000198205,ENSG00000198205,ZXDA,1134,True,0.04510911308678688,1.747508197737342,0.25323686,58,False,False,False,False,False,False,False,False
ENSG00000100068,ENSG00000100068,LRP5L,633,True,0.02496663432373086,1.6994846556249774,0.25304133,58,False,False,False,False,False,False,False,False
ENSG00000130475,ENSG00000130475,FCHO1,2980,True,0.11054628007990598,1.7493064345356582,0.2526999,58,False,False,False,False,False,False,False,False
ENSG00000131115,ENSG00000131115,ZNF227,1575,True,0.06050773315249365,1.7465004991037858,0.25265726,58,False,False,False,False,False,False,False,False
ENSG00000088451,ENSG00000088451,TGDS,1408,True,0.05468023985232999,1.7479252928884528,0.25157592,58,False,False,False,False,False,False,False,False
ENSG00000169379,ENSG00000169379,ARL13B,1104,True,0.04374146386000783,1.7486945893926018,0.2512366,58,False,False,False,False,False,False,False,False
ENSG00000147592,ENSG00000147592,LACTB2,1739,True,0.06598714713789215,1.7470265734469423,0.25089723,58,False,False,False,False,False,False,False,False
ENSG00000185722,ENSG00000185722,ANKFY1,2026,True,0.0751215225870541,1.7517056738661045,0.25083902,58,False,False,False,False,False,False,False,False
ENSG00000145375,ENSG00000145375,AFG2A,1459,True,0.05622339467557884,1.7487766157972648,0.24923995,58,False,False,False,False,False,False,False,False
ENSG00000188785,ENSG00000188785,ZNF548,1460,True,0.0583961560335299,1.7472731621585533,0.24751766,58,False,False,False,False,False,False,False,False
ENSG00000107371,ENSG00000107371,EXOSC3,2379,True,0.0921281907227167,1.7463320820182664,0.24617578,58,False,False,False,False,False,False,False,False
ENSG00000134986,ENSG00000134986,NREP,857,True,0.03456478152085502,1.7190657198152421,0.24607939,58,False,False,False,False,False,False,False,False
