sample_uuid,library_uuid,n_selected
00d8685c-548c-4e5f-b151-47d678b31cd6,1e3165e4-e0c0-4bf7-b803-7d8271b99fd5,24
00d8685c-548c-4e5f-b151-47d678b31cd6,60373b7d-7c45-428f-9622-aa4f854c4860,16
00d8685c-548c-4e5f-b151-47d678b31cd6,d4d2da4e-6580-479c-b5f6-77b109e72715,17
00d8685c-548c-4e5f-b151-47d678b31cd6,fb1e97d1-dd9c-4314-aae2-9c3745df1411,21
02404cf5-4210-43b8-b998-797422f7b1a8,1495b93b-a19f-4364-95a3-6d8ac531eac6,20
02404cf5-4210-43b8-b998-797422f7b1a8,3332f018-936e-4c4c-9105-99d9503db5a3,18
02404cf5-4210-43b8-b998-797422f7b1a8,70a004b7-4a17-4702-8910-4557aa0c4279,13
02404cf5-4210-43b8-b998-797422f7b1a8,cdab3145-edc9-4352-932c-1638e791bfc9,22
025b6b04-0e79-4c4b-bbb5-15042ca0474e,28401515-eca4-442a-85fc-f8c2793b1c26,24
025b6b04-0e79-4c4b-bbb5-15042ca0474e,9184b09f-ca66-4623-a733-1f64bc1b424f,18
025b6b04-0e79-4c4b-bbb5-15042ca0474e,d9bf3113-086e-4165-ba13-e78a3d7b4138,21
025b6b04-0e79-4c4b-bbb5-15042ca0474e,e16d2c39-bfd1-4fb1-8ed6-ad6b16f3652e,9
0332dc59-e2c0-4b55-9921-3e0d0f565e5e,2236c52d-924b-415a-aae0-00fa08d12d1f,12
0332dc59-e2c0-4b55-9921-3e0d0f565e5e,894c6ccb-cb7a-4ea1-b032-b1d93b25247d,11
0332dc59-e2c0-4b55-9921-3e0d0f565e5e,9850fb76-4155-4910-881f-b5d33ee0835c,19
0332dc59-e2c0-4b55-9921-3e0d0f565e5e,f2380b81-e46f-430b-8fd2-e3897ddf7be9,19
037d2b66-6091-42f8-b0ff-07c9130dea62,16552c24-ef48-4e1f-aff5-319a1f739299,14
037d2b66-6091-42f8-b0ff-07c9130dea62,43b9b939-e389-4784-b4e0-ee9d12aa7ca1,20
037d2b66-6091-42f8-b0ff-07c9130dea62,91761416-a756-48e5-8768-fd169c7c564c,24
037d2b66-6091-42f8-b0ff-07c9130dea62,d9942805-5a63-4958-b714-7088c0428c65,15
0426d045-1567-4897-8407-e7925395251c,0c3a7808-800f-43b1-a57b-08c3b2bb9e5a,13
0426d045-1567-4897-8407-e7925395251c,222b358b-71e7-4b0f-9f9b-47b4c67aaa27,19
0426d045-1567-4897-8407-e7925395251c,585af22b-b80b-4a1d-8cc8-17d65b2639e1,14
0426d045-1567-4897-8407-e7925395251c,d8a37460-32f2-4b61-b1d2-1f7f0ba92779,14
09e143b6-bb61-40d5-99d8-bcf32ae0a20a,28401515-eca4-442a-85fc-f8c2793b1c26,14
09e143b6-bb61-40d5-99d8-bcf32ae0a20a,9184b09f-ca66-4623-a733-1f64bc1b424f,20
09e143b6-bb61-40d5-99d8-bcf32ae0a20a,d9bf3113-086e-4165-ba13-e78a3d7b4138,7
09e143b6-bb61-40d5-99d8-bcf32ae0a20a,e16d2c39-bfd1-4fb1-8ed6-ad6b16f3652e,1
09fc2399-2a9e-47ec-a0f4-f0c83ee59b98,1e3165e4-e0c0-4bf7-b803-7d8271b99fd5,13
09fc2399-2a9e-47ec-a0f4-f0c83ee59b98,60373b7d-7c45-428f-9622-aa4f854c4860,8
09fc2399-2a9e-47ec-a0f4-f0c83ee59b98,d4d2da4e-6580-479c-b5f6-77b109e72715,25
09fc2399-2a9e-47ec-a0f4-f0c83ee59b98,fb1e97d1-dd9c-4314-aae2-9c3745df1411,16
0a1148dc-356f-4dc4-9c32-bf0823257d93,1495b93b-a19f-4364-95a3-6d8ac531eac6,19
0a1148dc-356f-4dc4-9c32-bf0823257d93,3332f018-936e-4c4c-9105-99d9503db5a3,24
0a1148dc-356f-4dc4-9c32-bf0823257d93,70a004b7-4a17-4702-8910-4557aa0c4279,18
0a1148dc-356f-4dc4-9c32-bf0823257d93,cdab3145-edc9-4352-932c-1638e791bfc9,23
0a4bb8a3-0abf-46eb-a33c-c14a23d44387,3639058a-5dc3-49ad-82ff-cec405483912,19
0a4bb8a3-0abf-46eb-a33c-c14a23d44387,56b848af-d12b-4f9c-b605-947e296caa46,12
0a4bb8a3-0abf-46eb-a33c-c14a23d44387,8950207b-4940-4ef9-ad01-0ad0dace6f27,19
0a4bb8a3-0abf-46eb-a33c-c14a23d44387,b993ef60-52c8-41e2-83a2-bb44f1fb916f,11
0b078cad-b547-43a9-a401-35cab69549b4,2dbf699a-f6cd-446d-8dc4-0595319cfa99,26
0b078cad-b547-43a9-a401-35cab69549b4,39564abe-76f3-4a33-9f10-f574069834bc,15
0b078cad-b547-43a9-a401-35cab69549b4,78c34b8c-196b-4a31-b700-08882bfaf4ab,24
0b078cad-b547-43a9-a401-35cab69549b4,cdf51e52-a49a-474f-a6ba-da5a14137d09,21
0e4725c3-8e87-420e-bbf1-15781f6bbf5c,0c7c125d-46d6-40ba-8088-31fb2b526a78,22
0e4725c3-8e87-420e-bbf1-15781f6bbf5c,272dbb99-7929-46e2-8446-a19c21af05da,30
0e4725c3-8e87-420e-bbf1-15781f6bbf5c,6ab35eea-1bae-4ee8-8e5f-5f1505715ac3,21
0e4725c3-8e87-420e-bbf1-15781f6bbf5c,fc140c51-9b4f-427f-8e11-640bc7400007,29
0e59aacb-7550-45ed-8510-b29b63163539,16552c24-ef48-4e1f-aff5-319a1f739299,17
0e59aacb-7550-45ed-8510-b29b63163539,43b9b939-e389-4784-b4e0-ee9d12aa7ca1,9
0e59aacb-7550-45ed-8510-b29b63163539,91761416-a756-48e5-8768-fd169c7c564c,22
0e59aacb-7550-45ed-8510-b29b63163539,d9942805-5a63-4958-b714-7088c0428c65,18
0eebb9c2-8cf2-4e46-abcb-0525a9507033,0955850b-157b-4396-a3da-83b8bcbed172,26
0eebb9c2-8cf2-4e46-abcb-0525a9507033,34585dab-86cd-40a1-9780-83204c304046,23
0eebb9c2-8cf2-4e46-abcb-0525a9507033,ddae4c77-2b07-4e3e-97f1-84a37cf04321,36
0eebb9c2-8cf2-4e46-abcb-0525a9507033,ecd9109f-7197-46df-b3a8-1ac2d9990185,37
0f3a21f5-e7b9-4139-93fb-5407dbfde4fc,152e2bfd-e9ea-4d70-a999-6f37fb3fb96c,17
0f3a21f5-e7b9-4139-93fb-5407dbfde4fc,30bbf8d6-bd6a-4b4f-8d3e-a54bf78f79d5,17
0f3a21f5-e7b9-4139-93fb-5407dbfde4fc,b816335c-8d84-4ecc-aa3e-2dea51795320,22
0f3a21f5-e7b9-4139-93fb-5407dbfde4fc,df159c28-05fb-4f35-83b8-8c14af793f2a,13
1046eed3-a68a-4d02-b26c-4f8054029760,1e3165e4-e0c0-4bf7-b803-7d8271b99fd5,22
1046eed3-a68a-4d02-b26c-4f8054029760,60373b7d-7c45-428f-9622-aa4f854c4860,18
1046eed3-a68a-4d02-b26c-4f8054029760,d4d2da4e-6580-479c-b5f6-77b109e72715,19
1046eed3-a68a-4d02-b26c-4f8054029760,fb1e97d1-dd9c-4314-aae2-9c3745df1411,21
11c6a06c-f0e0-45bc-b5ec-1b14445548d4,28401515-eca4-442a-85fc-f8c2793b1c26,9
11c6a06c-f0e0-45bc-b5ec-1b14445548d4,9184b09f-ca66-4623-a733-1f64bc1b424f,7
11c6a06c-f0e0-45bc-b5ec-1b14445548d4,a5cedd63-caae-415f-b7e4-c7f660fc89c8,20
11c6a06c-f0e0-45bc-b5ec-1b14445548d4,cd2306bc-106c-4506-b778-d184713c463a,18
11c6a06c-f0e0-45bc-b5ec-1b14445548d4,d9278721-fad6-4eba-a1bb-4a26c0aea206,14
11c6a06c-f0e0-45bc-b5ec-1b14445548d4,d9bf3113-086e-4165-ba13-e78a3d7b4138,6
11c6a06c-f0e0-45bc-b5ec-1b14445548d4,e16d2c39-bfd1-4fb1-8ed6-ad6b16f3652e,3
11c6a06c-f0e0-45bc-b5ec-1b14445548d4,f1568b25-4a87-414f-8329-1a860a3a8aeb,16
11e9756a-d4e3-4024-8167-81f1c9013e09,2e65a160-ba6e-4001-b942-c2aa46cd2c5b,12
11e9756a-d4e3-4024-8167-81f1c9013e09,7a2abe44-abb7-4648-bb14-224625a6da0b,13
11e9756a-d4e3-4024-8167-81f1c9013e09,7c76a618-92ba-41fd-b0a7-306a1c1a6bf2,19
11e9756a-d4e3-4024-8167-81f1c9013e09,a5750809-7c9f-409f-baa1-9bfbb22d2fcc,25
13ec931d-a536-4679-ad6c-39d7bbaa8d5d,0103e306-959a-46b0-896d-d8b9dee40157,13
13ec931d-a536-4679-ad6c-39d7bbaa8d5d,0be87f87-d01a-495e-9605-d89d36240908,11
13ec931d-a536-4679-ad6c-39d7bbaa8d5d,1556abac-8f1a-404a-8a2f-402ac562143c,6
13ec931d-a536-4679-ad6c-39d7bbaa8d5d,3044f2b9-48b5-45ec-ac14-107f0d7372f0,8
13ec931d-a536-4679-ad6c-39d7bbaa8d5d,54530f14-aadf-4c2a-8f92-9c22a69cc022,8
13ec931d-a536-4679-ad6c-39d7bbaa8d5d,665a3535-8f40-4ae3-9260-cbce7060781f,5
13ec931d-a536-4679-ad6c-39d7bbaa8d5d,9586e7f4-5c57-452e-bb13-90ceef874118,10
13ec931d-a536-4679-ad6c-39d7bbaa8d5d,b795713b-ff23-4494-b6a3-1438b2baee3e,3
13ec931d-a536-4679-ad6c-39d7bbaa8d5d,d461010c-38fd-414f-91bd-e1b3e7e2f8fb,13
13ec931d-a536-4679-ad6c-39d7bbaa8d5d,dac92812-557b-4abd-8fb0-4f823ae8ff59,5
13ec931d-a536-4679-ad6c-39d7bbaa8d5d,e3629615-6d5c-4167-808f-996d53989dbf,5
13ec931d-a536-4679-ad6c-39d7bbaa8d5d,e7240495-f3e8-42a3-ac5c-4a9a7eebc341,17
145e48d0-e1f3-48cd-a198-d4c62e1f8ba0,1495b93b-a19f-4364-95a3-6d8ac531eac6,10
145e48d0-e1f3-48cd-a198-d4c62e1f8ba0,3332f018-936e-4c4c-9105-99d9503db5a3,11
145e48d0-e1f3-48cd-a198-d4c62e1f8ba0,70a004b7-4a17-4702-8910-4557aa0c4279,9
145e48d0-e1f3-48cd-a198-d4c62e1f8ba0,cdab3145-edc9-4352-932c-1638e791bfc9,17
150f491b-4af3-4972-853f-5d39e7ea824a,0c7c125d-46d6-40ba-8088-31fb2b526a78,7
150f491b-4af3-4972-853f-5d39e7ea824a,272dbb99-7929-46e2-8446-a19c21af05da,16
150f491b-4af3-4972-853f-5d39e7ea824a,6ab35eea-1bae-4ee8-8e5f-5f1505715ac3,13
150f491b-4af3-4972-853f-5d39e7ea824a,fc140c51-9b4f-427f-8e11-640bc7400007,17
168bc7ce-f2e2-46f4-8b35-43f4ddf39693,28401515-eca4-442a-85fc-f8c2793b1c26,30
168bc7ce-f2e2-46f4-8b35-43f4ddf39693,9184b09f-ca66-4623-a733-1f64bc1b424f,28
168bc7ce-f2e2-46f4-8b35-43f4ddf39693,d9bf3113-086e-4165-ba13-e78a3d7b4138,21
168bc7ce-f2e2-46f4-8b35-43f4ddf39693,e16d2c39-bfd1-4fb1-8ed6-ad6b16f3652e,5
18773af4-60a6-4a6a-9249-429ddf7f5a89,152e2bfd-e9ea-4d70-a999-6f37fb3fb96c,21
18773af4-60a6-4a6a-9249-429ddf7f5a89,30bbf8d6-bd6a-4b4f-8d3e-a54bf78f79d5,15
18773af4-60a6-4a6a-9249-429ddf7f5a89,b816335c-8d84-4ecc-aa3e-2dea51795320,21
18773af4-60a6-4a6a-9249-429ddf7f5a89,df159c28-05fb-4f35-83b8-8c14af793f2a,22
1990a6b9-ef47-4b7d-ac77-421031dec003,048cb921-e15f-47a6-a9e3-ed512574e5d7,13
1990a6b9-ef47-4b7d-ac77-421031dec003,c64fa002-95f9-4429-b65c-6f55c7f907d4,17
1990a6b9-ef47-4b7d-ac77-421031dec003,c7f79595-aa68-4139-9a87-094c761cc5ab,19
1990a6b9-ef47-4b7d-ac77-421031dec003,d641571e-6406-4309-ae61-acc6f2e0a50d,15
1d10643b-90b7-4d0c-ad8d-534e5bd1ae8a,8321fef1-a067-4a62-a461-37e1f1b4f868,30
1d10643b-90b7-4d0c-ad8d-534e5bd1ae8a,8627b3d4-c529-45b3-bf1e-0313791be91d,23
1d10643b-90b7-4d0c-ad8d-534e5bd1ae8a,cfb525cf-987b-42c8-afca-8dd18f45b32d,23
1d10643b-90b7-4d0c-ad8d-534e5bd1ae8a,d49aa545-2b96-409c-85e8-2bf8706475fb,32
1d38192e-5e0c-43e5-a813-835461e099ae,16552c24-ef48-4e1f-aff5-319a1f739299,18
1d38192e-5e0c-43e5-a813-835461e099ae,43b9b939-e389-4784-b4e0-ee9d12aa7ca1,18
1d38192e-5e0c-43e5-a813-835461e099ae,91761416-a756-48e5-8768-fd169c7c564c,18
1d38192e-5e0c-43e5-a813-835461e099ae,d9942805-5a63-4958-b714-7088c0428c65,23
1f4f30c3-dbfc-4478-be7e-e047b7ad642a,15024b21-fb68-4bbe-92cf-0c9ab90f11a6,19
1f4f30c3-dbfc-4478-be7e-e047b7ad642a,683bd537-4ff4-4741-afe5-be328f499d4b,27
1f4f30c3-dbfc-4478-be7e-e047b7ad642a,68492085-4a2b-4551-9b12-75062c694069,15
1f4f30c3-dbfc-4478-be7e-e047b7ad642a,bdc30514-427c-403e-a0ee-61e7d04e407e,23
1fccdc9f-3051-4556-bea4-57412a092eb8,15024b21-fb68-4bbe-92cf-0c9ab90f11a6,13
1fccdc9f-3051-4556-bea4-57412a092eb8,683bd537-4ff4-4741-afe5-be328f499d4b,16
1fccdc9f-3051-4556-bea4-57412a092eb8,68492085-4a2b-4551-9b12-75062c694069,9
1fccdc9f-3051-4556-bea4-57412a092eb8,bdc30514-427c-403e-a0ee-61e7d04e407e,15
20e15d59-e68c-4af0-873f-199998c6ee3b,2236c52d-924b-415a-aae0-00fa08d12d1f,22
20e15d59-e68c-4af0-873f-199998c6ee3b,894c6ccb-cb7a-4ea1-b032-b1d93b25247d,10
20e15d59-e68c-4af0-873f-199998c6ee3b,9850fb76-4155-4910-881f-b5d33ee0835c,19
20e15d59-e68c-4af0-873f-199998c6ee3b,f2380b81-e46f-430b-8fd2-e3897ddf7be9,18
2261aca1-82ee-4276-9eaa-1d61688bd2f8,1e3165e4-e0c0-4bf7-b803-7d8271b99fd5,15
2261aca1-82ee-4276-9eaa-1d61688bd2f8,60373b7d-7c45-428f-9622-aa4f854c4860,20
2261aca1-82ee-4276-9eaa-1d61688bd2f8,d4d2da4e-6580-479c-b5f6-77b109e72715,15
2261aca1-82ee-4276-9eaa-1d61688bd2f8,fb1e97d1-dd9c-4314-aae2-9c3745df1411,17
23373939-b15c-4982-bc28-48770bad82e2,0c7c125d-46d6-40ba-8088-31fb2b526a78,10
23373939-b15c-4982-bc28-48770bad82e2,272dbb99-7929-46e2-8446-a19c21af05da,21
23373939-b15c-4982-bc28-48770bad82e2,6ab35eea-1bae-4ee8-8e5f-5f1505715ac3,19
23373939-b15c-4982-bc28-48770bad82e2,fc140c51-9b4f-427f-8e11-640bc7400007,15
2512ead7-e6f3-4ceb-9894-46e1e71eb8df,0c7c125d-46d6-40ba-8088-31fb2b526a78,16
2512ead7-e6f3-4ceb-9894-46e1e71eb8df,272dbb99-7929-46e2-8446-a19c21af05da,21
2512ead7-e6f3-4ceb-9894-46e1e71eb8df,6ab35eea-1bae-4ee8-8e5f-5f1505715ac3,16
2512ead7-e6f3-4ceb-9894-46e1e71eb8df,fc140c51-9b4f-427f-8e11-640bc7400007,17
261c08e0-fa34-4086-950f-1d8425f2476b,16552c24-ef48-4e1f-aff5-319a1f739299,13
261c08e0-fa34-4086-950f-1d8425f2476b,43b9b939-e389-4784-b4e0-ee9d12aa7ca1,19
261c08e0-fa34-4086-950f-1d8425f2476b,91761416-a756-48e5-8768-fd169c7c564c,7
261c08e0-fa34-4086-950f-1d8425f2476b,d9942805-5a63-4958-b714-7088c0428c65,19
2688f505-eb1a-4f9f-af54-e30b3da7dff3,048cb921-e15f-47a6-a9e3-ed512574e5d7,13
2688f505-eb1a-4f9f-af54-e30b3da7dff3,16552c24-ef48-4e1f-aff5-319a1f739299,6
2688f505-eb1a-4f9f-af54-e30b3da7dff3,43b9b939-e389-4784-b4e0-ee9d12aa7ca1,12
2688f505-eb1a-4f9f-af54-e30b3da7dff3,91761416-a756-48e5-8768-fd169c7c564c,11
2688f505-eb1a-4f9f-af54-e30b3da7dff3,c64fa002-95f9-4429-b65c-6f55c7f907d4,16
2688f505-eb1a-4f9f-af54-e30b3da7dff3,c7f79595-aa68-4139-9a87-094c761cc5ab,14
2688f505-eb1a-4f9f-af54-e30b3da7dff3,d641571e-6406-4309-ae61-acc6f2e0a50d,17
2688f505-eb1a-4f9f-af54-e30b3da7dff3,d9942805-5a63-4958-b714-7088c0428c65,9
27978e88-cfed-4b90-b622-fd572e5ea40d,3639058a-5dc3-49ad-82ff-cec405483912,29
27978e88-cfed-4b90-b622-fd572e5ea40d,56b848af-d12b-4f9c-b605-947e296caa46,25
27978e88-cfed-4b90-b622-fd572e5ea40d,8950207b-4940-4ef9-ad01-0ad0dace6f27,18
27978e88-cfed-4b90-b622-fd572e5ea40d,b993ef60-52c8-41e2-83a2-bb44f1fb916f,25
279d06b2-a656-413d-8805-b07615ea48ee,39093cbf-e0a9-480d-ab0b-e9e4cf95a9f8,22
279d06b2-a656-413d-8805-b07615ea48ee,64f6fec6-18a3-4563-b731-189faf6423f2,20
279d06b2-a656-413d-8805-b07615ea48ee,6fd714df-b88d-43a6-8f75-3d300278329d,14
279d06b2-a656-413d-8805-b07615ea48ee,c2641f62-eb23-4dad-9c22-b52e72b79df2,14
27ae3b51-85d4-49fe-bcc3-89b0cbd59e23,16552c24-ef48-4e1f-aff5-319a1f739299,8
27ae3b51-85d4-49fe-bcc3-89b0cbd59e23,2e65a160-ba6e-4001-b942-c2aa46cd2c5b,11
27ae3b51-85d4-49fe-bcc3-89b0cbd59e23,43b9b939-e389-4784-b4e0-ee9d12aa7ca1,8
27ae3b51-85d4-49fe-bcc3-89b0cbd59e23,7a2abe44-abb7-4648-bb14-224625a6da0b,19
27ae3b51-85d4-49fe-bcc3-89b0cbd59e23,7c76a618-92ba-41fd-b0a7-306a1c1a6bf2,16
27ae3b51-85d4-49fe-bcc3-89b0cbd59e23,91761416-a756-48e5-8768-fd169c7c564c,11
27ae3b51-85d4-49fe-bcc3-89b0cbd59e23,a5750809-7c9f-409f-baa1-9bfbb22d2fcc,11
27ae3b51-85d4-49fe-bcc3-89b0cbd59e23,d9942805-5a63-4958-b714-7088c0428c65,7
27b03089-9abd-4025-b745-1a4d42f729a3,2236c52d-924b-415a-aae0-00fa08d12d1f,11
27b03089-9abd-4025-b745-1a4d42f729a3,4e57f7cc-1df2-467f-8bfe-cb19af5d7350,30
27b03089-9abd-4025-b745-1a4d42f729a3,894c6ccb-cb7a-4ea1-b032-b1d93b25247d,16
27b03089-9abd-4025-b745-1a4d42f729a3,9850fb76-4155-4910-881f-b5d33ee0835c,13
27b03089-9abd-4025-b745-1a4d42f729a3,ddb0a996-79fe-4eac-8760-76ee74c7c333,26
27b03089-9abd-4025-b745-1a4d42f729a3,f2380b81-e46f-430b-8fd2-e3897ddf7be9,18
2899cc75-6bcb-4c24-9375-81a37c2a62f5,0c3a7808-800f-43b1-a57b-08c3b2bb9e5a,11
2899cc75-6bcb-4c24-9375-81a37c2a62f5,222b358b-71e7-4b0f-9f9b-47b4c67aaa27,16
2899cc75-6bcb-4c24-9375-81a37c2a62f5,585af22b-b80b-4a1d-8cc8-17d65b2639e1,17
2899cc75-6bcb-4c24-9375-81a37c2a62f5,d8a37460-32f2-4b61-b1d2-1f7f0ba92779,21
2c6239f0-efd3-469e-86aa-554f62dfb4f8,2236c52d-924b-415a-aae0-00fa08d12d1f,5
2c6239f0-efd3-469e-86aa-554f62dfb4f8,3c722d55-1664-4996-8228-63504e862676,17
2c6239f0-efd3-469e-86aa-554f62dfb4f8,894c6ccb-cb7a-4ea1-b032-b1d93b25247d,9
2c6239f0-efd3-469e-86aa-554f62dfb4f8,9850fb76-4155-4910-881f-b5d33ee0835c,12
2c6239f0-efd3-469e-86aa-554f62dfb4f8,e9ebbe1e-ce77-4c97-a04e-4a64befe98c8,25
2c6239f0-efd3-469e-86aa-554f62dfb4f8,f2380b81-e46f-430b-8fd2-e3897ddf7be9,13
2d3d3f42-1bf4-4177-9be3-0f70a79f9d49,048cb921-e15f-47a6-a9e3-ed512574e5d7,19
2d3d3f42-1bf4-4177-9be3-0f70a79f9d49,c64fa002-95f9-4429-b65c-6f55c7f907d4,18
2d3d3f42-1bf4-4177-9be3-0f70a79f9d49,c7f79595-aa68-4139-9a87-094c761cc5ab,19
2d3d3f42-1bf4-4177-9be3-0f70a79f9d49,d641571e-6406-4309-ae61-acc6f2e0a50d,17
2de24ffa-ba31-4218-a87f-7176c9b8f67c,048cb921-e15f-47a6-a9e3-ed512574e5d7,6
2de24ffa-ba31-4218-a87f-7176c9b8f67c,c64fa002-95f9-4429-b65c-6f55c7f907d4,7
2de24ffa-ba31-4218-a87f-7176c9b8f67c,c7f79595-aa68-4139-9a87-094c761cc5ab,6
2de24ffa-ba31-4218-a87f-7176c9b8f67c,d641571e-6406-4309-ae61-acc6f2e0a50d,4
2e90178e-8c6e-44a4-8d5a-82dab547abcf,152e2bfd-e9ea-4d70-a999-6f37fb3fb96c,20
2e90178e-8c6e-44a4-8d5a-82dab547abcf,30bbf8d6-bd6a-4b4f-8d3e-a54bf78f79d5,25
2e90178e-8c6e-44a4-8d5a-82dab547abcf,b816335c-8d84-4ecc-aa3e-2dea51795320,24
2e90178e-8c6e-44a4-8d5a-82dab547abcf,df159c28-05fb-4f35-83b8-8c14af793f2a,27
2ed3aef8-6c08-4c7c-9d7c-8aa618321841,0955850b-157b-4396-a3da-83b8bcbed172,18
2ed3aef8-6c08-4c7c-9d7c-8aa618321841,34585dab-86cd-40a1-9780-83204c304046,27
2ed3aef8-6c08-4c7c-9d7c-8aa618321841,ddae4c77-2b07-4e3e-97f1-84a37cf04321,15
2ed3aef8-6c08-4c7c-9d7c-8aa618321841,ecd9109f-7197-46df-b3a8-1ac2d9990185,23
2f17ecfd-2b2e-4603-bf0e-4105f13870b5,15024b21-fb68-4bbe-92cf-0c9ab90f11a6,18
2f17ecfd-2b2e-4603-bf0e-4105f13870b5,683bd537-4ff4-4741-afe5-be328f499d4b,11
2f17ecfd-2b2e-4603-bf0e-4105f13870b5,68492085-4a2b-4551-9b12-75062c694069,7
2f17ecfd-2b2e-4603-bf0e-4105f13870b5,bdc30514-427c-403e-a0ee-61e7d04e407e,19
3098a146-f3f2-4994-b7d1-770425e1f8b8,28401515-eca4-442a-85fc-f8c2793b1c26,23
3098a146-f3f2-4994-b7d1-770425e1f8b8,9184b09f-ca66-4623-a733-1f64bc1b424f,21
3098a146-f3f2-4994-b7d1-770425e1f8b8,d9bf3113-086e-4165-ba13-e78a3d7b4138,14
3098a146-f3f2-4994-b7d1-770425e1f8b8,e16d2c39-bfd1-4fb1-8ed6-ad6b16f3652e,5
3178b123-e965-4449-8944-c88b17d0d082,1e3165e4-e0c0-4bf7-b803-7d8271b99fd5,26
3178b123-e965-4449-8944-c88b17d0d082,60373b7d-7c45-428f-9622-aa4f854c4860,32
3178b123-e965-4449-8944-c88b17d0d082,d4d2da4e-6580-479c-b5f6-77b109e72715,22
3178b123-e965-4449-8944-c88b17d0d082,fb1e97d1-dd9c-4314-aae2-9c3745df1411,13
32207039-fb11-4f7f-8113-13538664ea08,152e2bfd-e9ea-4d70-a999-6f37fb3fb96c,15
32207039-fb11-4f7f-8113-13538664ea08,30bbf8d6-bd6a-4b4f-8d3e-a54bf78f79d5,9
32207039-fb11-4f7f-8113-13538664ea08,b816335c-8d84-4ecc-aa3e-2dea51795320,22
32207039-fb11-4f7f-8113-13538664ea08,df159c28-05fb-4f35-83b8-8c14af793f2a,11
3382e6de-ead1-467c-9d88-972e44e867bf,1495b93b-a19f-4364-95a3-6d8ac531eac6,12
3382e6de-ead1-467c-9d88-972e44e867bf,3332f018-936e-4c4c-9105-99d9503db5a3,5
3382e6de-ead1-467c-9d88-972e44e867bf,70a004b7-4a17-4702-8910-4557aa0c4279,14
3382e6de-ead1-467c-9d88-972e44e867bf,cdab3145-edc9-4352-932c-1638e791bfc9,11
342b5092-67e5-4a0e-a437-8b735f2a863c,16552c24-ef48-4e1f-aff5-319a1f739299,8
342b5092-67e5-4a0e-a437-8b735f2a863c,2236c52d-924b-415a-aae0-00fa08d12d1f,12
342b5092-67e5-4a0e-a437-8b735f2a863c,43b9b939-e389-4784-b4e0-ee9d12aa7ca1,6
342b5092-67e5-4a0e-a437-8b735f2a863c,894c6ccb-cb7a-4ea1-b032-b1d93b25247d,16
342b5092-67e5-4a0e-a437-8b735f2a863c,91761416-a756-48e5-8768-fd169c7c564c,7
342b5092-67e5-4a0e-a437-8b735f2a863c,9850fb76-4155-4910-881f-b5d33ee0835c,12
342b5092-67e5-4a0e-a437-8b735f2a863c,d9942805-5a63-4958-b714-7088c0428c65,4
342b5092-67e5-4a0e-a437-8b735f2a863c,f2380b81-e46f-430b-8fd2-e3897ddf7be9,10
3434bd39-04ed-4492-97b1-7410192739e8,2236c52d-924b-415a-aae0-00fa08d12d1f,18
3434bd39-04ed-4492-97b1-7410192739e8,894c6ccb-cb7a-4ea1-b032-b1d93b25247d,17
3434bd39-04ed-4492-97b1-7410192739e8,9850fb76-4155-4910-881f-b5d33ee0835c,21
3434bd39-04ed-4492-97b1-7410192739e8,f2380b81-e46f-430b-8fd2-e3897ddf7be9,17
34fcf40d-5976-44a6-8f49-1fe0e3b1c064,8321fef1-a067-4a62-a461-37e1f1b4f868,15
34fcf40d-5976-44a6-8f49-1fe0e3b1c064,8627b3d4-c529-45b3-bf1e-0313791be91d,12
34fcf40d-5976-44a6-8f49-1fe0e3b1c064,cfb525cf-987b-42c8-afca-8dd18f45b32d,22
34fcf40d-5976-44a6-8f49-1fe0e3b1c064,d49aa545-2b96-409c-85e8-2bf8706475fb,17
3672d82d-f24c-4536-b75a-0627889e1426,1556abac-8f1a-404a-8a2f-402ac562143c,3
3672d82d-f24c-4536-b75a-0627889e1426,3044f2b9-48b5-45ec-ac14-107f0d7372f0,4
3672d82d-f24c-4536-b75a-0627889e1426,665a3535-8f40-4ae3-9260-cbce7060781f,3
3672d82d-f24c-4536-b75a-0627889e1426,8321fef1-a067-4a62-a461-37e1f1b4f868,6
3672d82d-f24c-4536-b75a-0627889e1426,8627b3d4-c529-45b3-bf1e-0313791be91d,7
3672d82d-f24c-4536-b75a-0627889e1426,a5cedd63-caae-415f-b7e4-c7f660fc89c8,8
3672d82d-f24c-4536-b75a-0627889e1426,b795713b-ff23-4494-b6a3-1438b2baee3e,3
3672d82d-f24c-4536-b75a-0627889e1426,cd2306bc-106c-4506-b778-d184713c463a,13
3672d82d-f24c-4536-b75a-0627889e1426,cfb525cf-987b-42c8-afca-8dd18f45b32d,3
3672d82d-f24c-4536-b75a-0627889e1426,d49aa545-2b96-409c-85e8-2bf8706475fb,9
3672d82d-f24c-4536-b75a-0627889e1426,d9278721-fad6-4eba-a1bb-4a26c0aea206,12
3672d82d-f24c-4536-b75a-0627889e1426,f1568b25-4a87-414f-8329-1a860a3a8aeb,10
37214563-4102-451e-a546-a1833db3aedd,0955850b-157b-4396-a3da-83b8bcbed172,17
37214563-4102-451e-a546-a1833db3aedd,34585dab-86cd-40a1-9780-83204c304046,15
37214563-4102-451e-a546-a1833db3aedd,ddae4c77-2b07-4e3e-97f1-84a37cf04321,20
37214563-4102-451e-a546-a1833db3aedd,ecd9109f-7197-46df-b3a8-1ac2d9990185,20
37d3daeb-c0f5-414a-8b98-0517e7464535,16552c24-ef48-4e1f-aff5-319a1f739299,21
37d3daeb-c0f5-414a-8b98-0517e7464535,43b9b939-e389-4784-b4e0-ee9d12aa7ca1,20
37d3daeb-c0f5-414a-8b98-0517e7464535,91761416-a756-48e5-8768-fd169c7c564c,13
37d3daeb-c0f5-414a-8b98-0517e7464535,d9942805-5a63-4958-b714-7088c0428c65,9
385a6725-3504-4717-af12-cfed4adc3e9b,048cb921-e15f-47a6-a9e3-ed512574e5d7,6
385a6725-3504-4717-af12-cfed4adc3e9b,c64fa002-95f9-4429-b65c-6f55c7f907d4,9
385a6725-3504-4717-af12-cfed4adc3e9b,c7f79595-aa68-4139-9a87-094c761cc5ab,9
385a6725-3504-4717-af12-cfed4adc3e9b,d641571e-6406-4309-ae61-acc6f2e0a50d,7
3876bd23-e063-4b96-89ae-eec693743c86,048cb921-e15f-47a6-a9e3-ed512574e5d7,4
3876bd23-e063-4b96-89ae-eec693743c86,28401515-eca4-442a-85fc-f8c2793b1c26,7
3876bd23-e063-4b96-89ae-eec693743c86,9184b09f-ca66-4623-a733-1f64bc1b424f,6
3876bd23-e063-4b96-89ae-eec693743c86,a5cedd63-caae-415f-b7e4-c7f660fc89c8,5
3876bd23-e063-4b96-89ae-eec693743c86,c64fa002-95f9-4429-b65c-6f55c7f907d4,3
3876bd23-e063-4b96-89ae-eec693743c86,c7f79595-aa68-4139-9a87-094c761cc5ab,5
3876bd23-e063-4b96-89ae-eec693743c86,cd2306bc-106c-4506-b778-d184713c463a,10
3876bd23-e063-4b96-89ae-eec693743c86,d641571e-6406-4309-ae61-acc6f2e0a50d,4
3876bd23-e063-4b96-89ae-eec693743c86,d9278721-fad6-4eba-a1bb-4a26c0aea206,10
3876bd23-e063-4b96-89ae-eec693743c86,d9bf3113-086e-4165-ba13-e78a3d7b4138,6
3876bd23-e063-4b96-89ae-eec693743c86,e16d2c39-bfd1-4fb1-8ed6-ad6b16f3652e,2
3876bd23-e063-4b96-89ae-eec693743c86,f1568b25-4a87-414f-8329-1a860a3a8aeb,12
38c6ab44-8cf8-4bcf-93da-5c8b0c104bbc,0c3a7808-800f-43b1-a57b-08c3b2bb9e5a,7
38c6ab44-8cf8-4bcf-93da-5c8b0c104bbc,222b358b-71e7-4b0f-9f9b-47b4c67aaa27,16
38c6ab44-8cf8-4bcf-93da-5c8b0c104bbc,2dbf699a-f6cd-446d-8dc4-0595319cfa99,4
38c6ab44-8cf8-4bcf-93da-5c8b0c104bbc,39564abe-76f3-4a33-9f10-f574069834bc,2
38c6ab44-8cf8-4bcf-93da-5c8b0c104bbc,585af22b-b80b-4a1d-8cc8-17d65b2639e1,8
38c6ab44-8cf8-4bcf-93da-5c8b0c104bbc,78c34b8c-196b-4a31-b700-08882bfaf4ab,9
38c6ab44-8cf8-4bcf-93da-5c8b0c104bbc,cdf51e52-a49a-474f-a6ba-da5a14137d09,3
38c6ab44-8cf8-4bcf-93da-5c8b0c104bbc,d8a37460-32f2-4b61-b1d2-1f7f0ba92779,10
39006dbe-f7a7-4f05-aeac-0ca1876a7a3f,1495b93b-a19f-4364-95a3-6d8ac531eac6,20
39006dbe-f7a7-4f05-aeac-0ca1876a7a3f,3332f018-936e-4c4c-9105-99d9503db5a3,16
39006dbe-f7a7-4f05-aeac-0ca1876a7a3f,70a004b7-4a17-4702-8910-4557aa0c4279,18
39006dbe-f7a7-4f05-aeac-0ca1876a7a3f,cdab3145-edc9-4352-932c-1638e791bfc9,24
39824ee5-7478-4dc4-baad-9a90e3ca30ff,3639058a-5dc3-49ad-82ff-cec405483912,22
39824ee5-7478-4dc4-baad-9a90e3ca30ff,56b848af-d12b-4f9c-b605-947e296caa46,17
39824ee5-7478-4dc4-baad-9a90e3ca30ff,8950207b-4940-4ef9-ad01-0ad0dace6f27,27
39824ee5-7478-4dc4-baad-9a90e3ca30ff,b993ef60-52c8-41e2-83a2-bb44f1fb916f,15
39b05a41-41b3-4146-896b-017b0443556d,15024b21-fb68-4bbe-92cf-0c9ab90f11a6,16
39b05a41-41b3-4146-896b-017b0443556d,683bd537-4ff4-4741-afe5-be328f499d4b,26
39b05a41-41b3-4146-896b-017b0443556d,68492085-4a2b-4551-9b12-75062c694069,14
39b05a41-41b3-4146-896b-017b0443556d,bdc30514-427c-403e-a0ee-61e7d04e407e,15
3acf43ac-421f-48ad-9363-a51cce15e119,0c7c125d-46d6-40ba-8088-31fb2b526a78,14
3acf43ac-421f-48ad-9363-a51cce15e119,272dbb99-7929-46e2-8446-a19c21af05da,21
3acf43ac-421f-48ad-9363-a51cce15e119,6ab35eea-1bae-4ee8-8e5f-5f1505715ac3,16
3acf43ac-421f-48ad-9363-a51cce15e119,fc140c51-9b4f-427f-8e11-640bc7400007,16
3b0f67b7-7799-4746-8435-9ccb71ccacec,2dbf699a-f6cd-446d-8dc4-0595319cfa99,19
3b0f67b7-7799-4746-8435-9ccb71ccacec,39564abe-76f3-4a33-9f10-f574069834bc,17
3b0f67b7-7799-4746-8435-9ccb71ccacec,78c34b8c-196b-4a31-b700-08882bfaf4ab,27
3b0f67b7-7799-4746-8435-9ccb71ccacec,cdf51e52-a49a-474f-a6ba-da5a14137d09,28
3be3bf0e-065c-4451-bdff-100e1f88b8d9,3639058a-5dc3-49ad-82ff-cec405483912,23
3be3bf0e-065c-4451-bdff-100e1f88b8d9,56b848af-d12b-4f9c-b605-947e296caa46,10
3be3bf0e-065c-4451-bdff-100e1f88b8d9,8950207b-4940-4ef9-ad01-0ad0dace6f27,14
3be3bf0e-065c-4451-bdff-100e1f88b8d9,b993ef60-52c8-41e2-83a2-bb44f1fb916f,25
3caa3c5a-9c12-464a-a794-8b7ca2cfaace,0103e306-959a-46b0-896d-d8b9dee40157,26
3caa3c5a-9c12-464a-a794-8b7ca2cfaace,9586e7f4-5c57-452e-bb13-90ceef874118,16
3caa3c5a-9c12-464a-a794-8b7ca2cfaace,d461010c-38fd-414f-91bd-e1b3e7e2f8fb,17
3caa3c5a-9c12-464a-a794-8b7ca2cfaace,e7240495-f3e8-42a3-ac5c-4a9a7eebc341,25
3e17b93b-6d64-4b05-adf1-bee9b370788c,3639058a-5dc3-49ad-82ff-cec405483912,14
3e17b93b-6d64-4b05-adf1-bee9b370788c,56b848af-d12b-4f9c-b605-947e296caa46,20
3e17b93b-6d64-4b05-adf1-bee9b370788c,8950207b-4940-4ef9-ad01-0ad0dace6f27,13
3e17b93b-6d64-4b05-adf1-bee9b370788c,b993ef60-52c8-41e2-83a2-bb44f1fb916f,16
3ecf5ad3-4ae3-4152-a1d2-4c9c548c5551,15024b21-fb68-4bbe-92cf-0c9ab90f11a6,9
3ecf5ad3-4ae3-4152-a1d2-4c9c548c5551,16552c24-ef48-4e1f-aff5-319a1f739299,7
3ecf5ad3-4ae3-4152-a1d2-4c9c548c5551,43b9b939-e389-4784-b4e0-ee9d12aa7ca1,8
3ecf5ad3-4ae3-4152-a1d2-4c9c548c5551,683bd537-4ff4-4741-afe5-be328f499d4b,9
3ecf5ad3-4ae3-4152-a1d2-4c9c548c5551,68492085-4a2b-4551-9b12-75062c694069,9
3ecf5ad3-4ae3-4152-a1d2-4c9c548c5551,91761416-a756-48e5-8768-fd169c7c564c,7
3ecf5ad3-4ae3-4152-a1d2-4c9c548c5551,bdc30514-427c-403e-a0ee-61e7d04e407e,33
3ecf5ad3-4ae3-4152-a1d2-4c9c548c5551,d9942805-5a63-4958-b714-7088c0428c65,4
3f068829-713e-4b6a-a79a-754b7d9eef46,1495b93b-a19f-4364-95a3-6d8ac531eac6,21
3f068829-713e-4b6a-a79a-754b7d9eef46,15024b21-fb68-4bbe-92cf-0c9ab90f11a6,8
3f068829-713e-4b6a-a79a-754b7d9eef46,3332f018-936e-4c4c-9105-99d9503db5a3,19
3f068829-713e-4b6a-a79a-754b7d9eef46,683bd537-4ff4-4741-afe5-be328f499d4b,22
3f068829-713e-4b6a-a79a-754b7d9eef46,68492085-4a2b-4551-9b12-75062c694069,18
3f068829-713e-4b6a-a79a-754b7d9eef46,70a004b7-4a17-4702-8910-4557aa0c4279,24
3f068829-713e-4b6a-a79a-754b7d9eef46,bdc30514-427c-403e-a0ee-61e7d04e407e,12
3f068829-713e-4b6a-a79a-754b7d9eef46,cdab3145-edc9-4352-932c-1638e791bfc9,23
3f29e4ef-952a-4a98-9659-d26028f71319,0c3a7808-800f-43b1-a57b-08c3b2bb9e5a,26
3f29e4ef-952a-4a98-9659-d26028f71319,222b358b-71e7-4b0f-9f9b-47b4c67aaa27,15
3f29e4ef-952a-4a98-9659-d26028f71319,585af22b-b80b-4a1d-8cc8-17d65b2639e1,20
3f29e4ef-952a-4a98-9659-d26028f71319,d8a37460-32f2-4b61-b1d2-1f7f0ba92779,24
3f7db560-4400-424a-87a7-45e712c31264,1556abac-8f1a-404a-8a2f-402ac562143c,20
3f7db560-4400-424a-87a7-45e712c31264,3044f2b9-48b5-45ec-ac14-107f0d7372f0,18
3f7db560-4400-424a-87a7-45e712c31264,665a3535-8f40-4ae3-9260-cbce7060781f,15
3f7db560-4400-424a-87a7-45e712c31264,b795713b-ff23-4494-b6a3-1438b2baee3e,14
3ff8915f-d4b6-418d-89ec-61fffb366646,0c3a7808-800f-43b1-a57b-08c3b2bb9e5a,11
3ff8915f-d4b6-418d-89ec-61fffb366646,10cec51f-a79f-4907-8745-b45df64f6946,8
3ff8915f-d4b6-418d-89ec-61fffb366646,222b358b-71e7-4b0f-9f9b-47b4c67aaa27,19
3ff8915f-d4b6-418d-89ec-61fffb366646,32436280-1ea6-4678-bb18-4632fe8c4933,17
3ff8915f-d4b6-418d-89ec-61fffb366646,585af22b-b80b-4a1d-8cc8-17d65b2639e1,11
3ff8915f-d4b6-418d-89ec-61fffb366646,90e60bb7-e776-4dff-a8ba-6390acefdbee,10
3ff8915f-d4b6-418d-89ec-61fffb366646,ca103ed6-7a7e-4450-9546-ac295532bced,10
3ff8915f-d4b6-418d-89ec-61fffb366646,d8a37460-32f2-4b61-b1d2-1f7f0ba92779,18
4227d4ba-c467-4e19-8f48-5181a811a565,2dbf699a-f6cd-446d-8dc4-0595319cfa99,14
4227d4ba-c467-4e19-8f48-5181a811a565,39564abe-76f3-4a33-9f10-f574069834bc,20
4227d4ba-c467-4e19-8f48-5181a811a565,78c34b8c-196b-4a31-b700-08882bfaf4ab,24
4227d4ba-c467-4e19-8f48-5181a811a565,cdf51e52-a49a-474f-a6ba-da5a14137d09,13
42e0623b-6872-409f-bd76-1c2cb5e3b5c0,0be87f87-d01a-495e-9605-d89d36240908,11
42e0623b-6872-409f-bd76-1c2cb5e3b5c0,54530f14-aadf-4c2a-8f92-9c22a69cc022,7
42e0623b-6872-409f-bd76-1c2cb5e3b5c0,dac92812-557b-4abd-8fb0-4f823ae8ff59,15
42e0623b-6872-409f-bd76-1c2cb5e3b5c0,e3629615-6d5c-4167-808f-996d53989dbf,10
4334dd89-25d8-4a14-a25a-dd3c14318ff2,3c722d55-1664-4996-8228-63504e862676,27
4334dd89-25d8-4a14-a25a-dd3c14318ff2,e9ebbe1e-ce77-4c97-a04e-4a64befe98c8,21
43af3cab-af35-45c0-82f6-304ca64e9f0d,10cec51f-a79f-4907-8745-b45df64f6946,10
43af3cab-af35-45c0-82f6-304ca64e9f0d,32436280-1ea6-4678-bb18-4632fe8c4933,21
43af3cab-af35-45c0-82f6-304ca64e9f0d,90e60bb7-e776-4dff-a8ba-6390acefdbee,16
43af3cab-af35-45c0-82f6-304ca64e9f0d,ca103ed6-7a7e-4450-9546-ac295532bced,26
43f3d10e-a47a-4f63-965c-a8fe58d5861f,0103e306-959a-46b0-896d-d8b9dee40157,16
43f3d10e-a47a-4f63-965c-a8fe58d5861f,9586e7f4-5c57-452e-bb13-90ceef874118,19
43f3d10e-a47a-4f63-965c-a8fe58d5861f,d461010c-38fd-414f-91bd-e1b3e7e2f8fb,12
43f3d10e-a47a-4f63-965c-a8fe58d5861f,e7240495-f3e8-42a3-ac5c-4a9a7eebc341,21
4452abfd-aa95-4982-b2c8-ac779e0cc76e,1e3165e4-e0c0-4bf7-b803-7d8271b99fd5,22
4452abfd-aa95-4982-b2c8-ac779e0cc76e,60373b7d-7c45-428f-9622-aa4f854c4860,30
4452abfd-aa95-4982-b2c8-ac779e0cc76e,d4d2da4e-6580-479c-b5f6-77b109e72715,27
4452abfd-aa95-4982-b2c8-ac779e0cc76e,fb1e97d1-dd9c-4314-aae2-9c3745df1411,28
44c75170-6dfa-485f-99eb-275a1d77620b,048cb921-e15f-47a6-a9e3-ed512574e5d7,13
44c75170-6dfa-485f-99eb-275a1d77620b,c64fa002-95f9-4429-b65c-6f55c7f907d4,15
44c75170-6dfa-485f-99eb-275a1d77620b,c7f79595-aa68-4139-9a87-094c761cc5ab,21
44c75170-6dfa-485f-99eb-275a1d77620b,d641571e-6406-4309-ae61-acc6f2e0a50d,20
45abcda8-4f12-4496-983b-9c712250dc3c,28401515-eca4-442a-85fc-f8c2793b1c26,21
45abcda8-4f12-4496-983b-9c712250dc3c,9184b09f-ca66-4623-a733-1f64bc1b424f,19
45abcda8-4f12-4496-983b-9c712250dc3c,d9bf3113-086e-4165-ba13-e78a3d7b4138,24
45abcda8-4f12-4496-983b-9c712250dc3c,e16d2c39-bfd1-4fb1-8ed6-ad6b16f3652e,8
45eb2bf7-4993-46ea-9055-645ad7d29a5e,1e3165e4-e0c0-4bf7-b803-7d8271b99fd5,16
45eb2bf7-4993-46ea-9055-645ad7d29a5e,60373b7d-7c45-428f-9622-aa4f854c4860,14
45eb2bf7-4993-46ea-9055-645ad7d29a5e,d4d2da4e-6580-479c-b5f6-77b109e72715,14
45eb2bf7-4993-46ea-9055-645ad7d29a5e,fb1e97d1-dd9c-4314-aae2-9c3745df1411,15
46e0206c-f34e-4e58-a099-c5de09a89bdb,10cec51f-a79f-4907-8745-b45df64f6946,13
46e0206c-f34e-4e58-a099-c5de09a89bdb,32436280-1ea6-4678-bb18-4632fe8c4933,10
46e0206c-f34e-4e58-a099-c5de09a89bdb,90e60bb7-e776-4dff-a8ba-6390acefdbee,16
46e0206c-f34e-4e58-a099-c5de09a89bdb,ca103ed6-7a7e-4450-9546-ac295532bced,13
46e6ff98-de92-4b09-98ae-ff683d6ed775,10cec51f-a79f-4907-8745-b45df64f6946,9
46e6ff98-de92-4b09-98ae-ff683d6ed775,2236c52d-924b-415a-aae0-00fa08d12d1f,10
46e6ff98-de92-4b09-98ae-ff683d6ed775,32436280-1ea6-4678-bb18-4632fe8c4933,10
46e6ff98-de92-4b09-98ae-ff683d6ed775,894c6ccb-cb7a-4ea1-b032-b1d93b25247d,16
46e6ff98-de92-4b09-98ae-ff683d6ed775,90e60bb7-e776-4dff-a8ba-6390acefdbee,8
46e6ff98-de92-4b09-98ae-ff683d6ed775,9850fb76-4155-4910-881f-b5d33ee0835c,18
46e6ff98-de92-4b09-98ae-ff683d6ed775,ca103ed6-7a7e-4450-9546-ac295532bced,10
46e6ff98-de92-4b09-98ae-ff683d6ed775,f2380b81-e46f-430b-8fd2-e3897ddf7be9,13
4752a18e-a3a0-4699-99e8-18c7fee59072,15024b21-fb68-4bbe-92cf-0c9ab90f11a6,8
4752a18e-a3a0-4699-99e8-18c7fee59072,152e2bfd-e9ea-4d70-a999-6f37fb3fb96c,4
4752a18e-a3a0-4699-99e8-18c7fee59072,30bbf8d6-bd6a-4b4f-8d3e-a54bf78f79d5,6
4752a18e-a3a0-4699-99e8-18c7fee59072,683bd537-4ff4-4741-afe5-be328f499d4b,2
4752a18e-a3a0-4699-99e8-18c7fee59072,68492085-4a2b-4551-9b12-75062c694069,13
4752a18e-a3a0-4699-99e8-18c7fee59072,a5cedd63-caae-415f-b7e4-c7f660fc89c8,12
4752a18e-a3a0-4699-99e8-18c7fee59072,b816335c-8d84-4ecc-aa3e-2dea51795320,6
4752a18e-a3a0-4699-99e8-18c7fee59072,bdc30514-427c-403e-a0ee-61e7d04e407e,9
4752a18e-a3a0-4699-99e8-18c7fee59072,cd2306bc-106c-4506-b778-d184713c463a,23
4752a18e-a3a0-4699-99e8-18c7fee59072,d9278721-fad6-4eba-a1bb-4a26c0aea206,20
4752a18e-a3a0-4699-99e8-18c7fee59072,df159c28-05fb-4f35-83b8-8c14af793f2a,5
4752a18e-a3a0-4699-99e8-18c7fee59072,f1568b25-4a87-414f-8329-1a860a3a8aeb,12
486df2f6-0fc3-4c16-a895-ed987f19d081,0955850b-157b-4396-a3da-83b8bcbed172,16
486df2f6-0fc3-4c16-a895-ed987f19d081,34585dab-86cd-40a1-9780-83204c304046,6
486df2f6-0fc3-4c16-a895-ed987f19d081,ddae4c77-2b07-4e3e-97f1-84a37cf04321,19
486df2f6-0fc3-4c16-a895-ed987f19d081,ecd9109f-7197-46df-b3a8-1ac2d9990185,16
4a555a89-3c4e-4e35-91ed-eed175492e5d,1495b93b-a19f-4364-95a3-6d8ac531eac6,15
4a555a89-3c4e-4e35-91ed-eed175492e5d,2dbf699a-f6cd-446d-8dc4-0595319cfa99,8
4a555a89-3c4e-4e35-91ed-eed175492e5d,3332f018-936e-4c4c-9105-99d9503db5a3,4
4a555a89-3c4e-4e35-91ed-eed175492e5d,39564abe-76f3-4a33-9f10-f574069834bc,12
4a555a89-3c4e-4e35-91ed-eed175492e5d,70a004b7-4a17-4702-8910-4557aa0c4279,12
4a555a89-3c4e-4e35-91ed-eed175492e5d,78c34b8c-196b-4a31-b700-08882bfaf4ab,19
4a555a89-3c4e-4e35-91ed-eed175492e5d,cdab3145-edc9-4352-932c-1638e791bfc9,13
4a555a89-3c4e-4e35-91ed-eed175492e5d,cdf51e52-a49a-474f-a6ba-da5a14137d09,12
4be5b6e5-f225-4892-9ac0-9233bf04dbb9,0c3a7808-800f-43b1-a57b-08c3b2bb9e5a,33
4be5b6e5-f225-4892-9ac0-9233bf04dbb9,222b358b-71e7-4b0f-9f9b-47b4c67aaa27,24
4be5b6e5-f225-4892-9ac0-9233bf04dbb9,585af22b-b80b-4a1d-8cc8-17d65b2639e1,29
4be5b6e5-f225-4892-9ac0-9233bf04dbb9,d8a37460-32f2-4b61-b1d2-1f7f0ba92779,23
4cb8f7e8-d13c-46e6-b86a-ee6dcb42db1a,2e65a160-ba6e-4001-b942-c2aa46cd2c5b,11
4cb8f7e8-d13c-46e6-b86a-ee6dcb42db1a,7a2abe44-abb7-4648-bb14-224625a6da0b,24
4cb8f7e8-d13c-46e6-b86a-ee6dcb42db1a,7c76a618-92ba-41fd-b0a7-306a1c1a6bf2,15
4cb8f7e8-d13c-46e6-b86a-ee6dcb42db1a,a5750809-7c9f-409f-baa1-9bfbb22d2fcc,17
4d63229d-5cc2-4b05-a3f4-28040827bd13,2e65a160-ba6e-4001-b942-c2aa46cd2c5b,5
4d63229d-5cc2-4b05-a3f4-28040827bd13,7a2abe44-abb7-4648-bb14-224625a6da0b,7
4d63229d-5cc2-4b05-a3f4-28040827bd13,7c76a618-92ba-41fd-b0a7-306a1c1a6bf2,6
4d63229d-5cc2-4b05-a3f4-28040827bd13,a5750809-7c9f-409f-baa1-9bfbb22d2fcc,8
4e63511b-e07c-4fe2-af13-d535b769bbbd,2236c52d-924b-415a-aae0-00fa08d12d1f,13
4e63511b-e07c-4fe2-af13-d535b769bbbd,4e57f7cc-1df2-467f-8bfe-cb19af5d7350,15
4e63511b-e07c-4fe2-af13-d535b769bbbd,894c6ccb-cb7a-4ea1-b032-b1d93b25247d,14
4e63511b-e07c-4fe2-af13-d535b769bbbd,9850fb76-4155-4910-881f-b5d33ee0835c,14
4e63511b-e07c-4fe2-af13-d535b769bbbd,ddb0a996-79fe-4eac-8760-76ee74c7c333,14
4e63511b-e07c-4fe2-af13-d535b769bbbd,f2380b81-e46f-430b-8fd2-e3897ddf7be9,8
4f96324f-0403-4ba1-b110-02c96a5cba84,0955850b-157b-4396-a3da-83b8bcbed172,5
4f96324f-0403-4ba1-b110-02c96a5cba84,2e65a160-ba6e-4001-b942-c2aa46cd2c5b,12
4f96324f-0403-4ba1-b110-02c96a5cba84,34585dab-86cd-40a1-9780-83204c304046,9
4f96324f-0403-4ba1-b110-02c96a5cba84,7a2abe44-abb7-4648-bb14-224625a6da0b,9
4f96324f-0403-4ba1-b110-02c96a5cba84,7c76a618-92ba-41fd-b0a7-306a1c1a6bf2,14
4f96324f-0403-4ba1-b110-02c96a5cba84,a5750809-7c9f-409f-baa1-9bfbb22d2fcc,12
4f96324f-0403-4ba1-b110-02c96a5cba84,ddae4c77-2b07-4e3e-97f1-84a37cf04321,14
4f96324f-0403-4ba1-b110-02c96a5cba84,ecd9109f-7197-46df-b3a8-1ac2d9990185,15
503f2d5f-e904-46f9-99c6-c89dec37be2d,0955850b-157b-4396-a3da-83b8bcbed172,20
503f2d5f-e904-46f9-99c6-c89dec37be2d,34585dab-86cd-40a1-9780-83204c304046,21
503f2d5f-e904-46f9-99c6-c89dec37be2d,ddae4c77-2b07-4e3e-97f1-84a37cf04321,19
503f2d5f-e904-46f9-99c6-c89dec37be2d,ecd9109f-7197-46df-b3a8-1ac2d9990185,15
5178b16a-a577-456e-b53c-6ab4be7bed85,39093cbf-e0a9-480d-ab0b-e9e4cf95a9f8,18
5178b16a-a577-456e-b53c-6ab4be7bed85,64f6fec6-18a3-4563-b731-189faf6423f2,21
5178b16a-a577-456e-b53c-6ab4be7bed85,6fd714df-b88d-43a6-8f75-3d300278329d,15
5178b16a-a577-456e-b53c-6ab4be7bed85,c2641f62-eb23-4dad-9c22-b52e72b79df2,14
52c33723-f3ef-430c-a3f2-dd9ddfe0a0dd,15024b21-fb68-4bbe-92cf-0c9ab90f11a6,23
52c33723-f3ef-430c-a3f2-dd9ddfe0a0dd,683bd537-4ff4-4741-afe5-be328f499d4b,23
52c33723-f3ef-430c-a3f2-dd9ddfe0a0dd,68492085-4a2b-4551-9b12-75062c694069,26
52c33723-f3ef-430c-a3f2-dd9ddfe0a0dd,bdc30514-427c-403e-a0ee-61e7d04e407e,23
53003f7f-f631-4dd0-ac73-543dcf566b81,0be87f87-d01a-495e-9605-d89d36240908,35
53003f7f-f631-4dd0-ac73-543dcf566b81,54530f14-aadf-4c2a-8f92-9c22a69cc022,22
53003f7f-f631-4dd0-ac73-543dcf566b81,dac92812-557b-4abd-8fb0-4f823ae8ff59,23
53003f7f-f631-4dd0-ac73-543dcf566b81,e3629615-6d5c-4167-808f-996d53989dbf,25
553053e8-aa00-41be-a991-04eacc015380,0955850b-157b-4396-a3da-83b8bcbed172,20
553053e8-aa00-41be-a991-04eacc015380,34585dab-86cd-40a1-9780-83204c304046,18
553053e8-aa00-41be-a991-04eacc015380,ddae4c77-2b07-4e3e-97f1-84a37cf04321,25
553053e8-aa00-41be-a991-04eacc015380,ecd9109f-7197-46df-b3a8-1ac2d9990185,11
55555033-33d9-49bc-b378-c20c8ed2fb1b,1495b93b-a19f-4364-95a3-6d8ac531eac6,25
55555033-33d9-49bc-b378-c20c8ed2fb1b,3332f018-936e-4c4c-9105-99d9503db5a3,25
55555033-33d9-49bc-b378-c20c8ed2fb1b,70a004b7-4a17-4702-8910-4557aa0c4279,19
55555033-33d9-49bc-b378-c20c8ed2fb1b,cdab3145-edc9-4352-932c-1638e791bfc9,11
55e1ebfb-4571-4e95-9c84-8f81d3335fd9,0103e306-959a-46b0-896d-d8b9dee40157,23
55e1ebfb-4571-4e95-9c84-8f81d3335fd9,9586e7f4-5c57-452e-bb13-90ceef874118,17
55e1ebfb-4571-4e95-9c84-8f81d3335fd9,d461010c-38fd-414f-91bd-e1b3e7e2f8fb,18
55e1ebfb-4571-4e95-9c84-8f81d3335fd9,e7240495-f3e8-42a3-ac5c-4a9a7eebc341,15
5699f1b6-492f-4e2a-8e10-54f25a6cae68,1495b93b-a19f-4364-95a3-6d8ac531eac6,6
5699f1b6-492f-4e2a-8e10-54f25a6cae68,3332f018-936e-4c4c-9105-99d9503db5a3,1
5699f1b6-492f-4e2a-8e10-54f25a6cae68,70a004b7-4a17-4702-8910-4557aa0c4279,4
5699f1b6-492f-4e2a-8e10-54f25a6cae68,cdab3145-edc9-4352-932c-1638e791bfc9,2
577bce84-8d37-4851-9fb4-53f9467699ba,1495b93b-a19f-4364-95a3-6d8ac531eac6,7
577bce84-8d37-4851-9fb4-53f9467699ba,1556abac-8f1a-404a-8a2f-402ac562143c,12
577bce84-8d37-4851-9fb4-53f9467699ba,3044f2b9-48b5-45ec-ac14-107f0d7372f0,14
577bce84-8d37-4851-9fb4-53f9467699ba,3332f018-936e-4c4c-9105-99d9503db5a3,9
577bce84-8d37-4851-9fb4-53f9467699ba,665a3535-8f40-4ae3-9260-cbce7060781f,10
577bce84-8d37-4851-9fb4-53f9467699ba,70a004b7-4a17-4702-8910-4557aa0c4279,11
577bce84-8d37-4851-9fb4-53f9467699ba,b795713b-ff23-4494-b6a3-1438b2baee3e,13
577bce84-8d37-4851-9fb4-53f9467699ba,cdab3145-edc9-4352-932c-1638e791bfc9,10
57f0790a-15ce-4b6a-aae1-b45763b8d226,0c3a7808-800f-43b1-a57b-08c3b2bb9e5a,21
57f0790a-15ce-4b6a-aae1-b45763b8d226,222b358b-71e7-4b0f-9f9b-47b4c67aaa27,17
57f0790a-15ce-4b6a-aae1-b45763b8d226,585af22b-b80b-4a1d-8cc8-17d65b2639e1,28
57f0790a-15ce-4b6a-aae1-b45763b8d226,d8a37460-32f2-4b61-b1d2-1f7f0ba92779,27
58491584-2df2-4f81-829b-6f930c4d8649,10cec51f-a79f-4907-8745-b45df64f6946,12
58491584-2df2-4f81-829b-6f930c4d8649,152e2bfd-e9ea-4d70-a999-6f37fb3fb96c,14
58491584-2df2-4f81-829b-6f930c4d8649,30bbf8d6-bd6a-4b4f-8d3e-a54bf78f79d5,9
58491584-2df2-4f81-829b-6f930c4d8649,32436280-1ea6-4678-bb18-4632fe8c4933,11
58491584-2df2-4f81-829b-6f930c4d8649,90e60bb7-e776-4dff-a8ba-6390acefdbee,10
58491584-2df2-4f81-829b-6f930c4d8649,b816335c-8d84-4ecc-aa3e-2dea51795320,16
58491584-2df2-4f81-829b-6f930c4d8649,ca103ed6-7a7e-4450-9546-ac295532bced,14
58491584-2df2-4f81-829b-6f930c4d8649,df159c28-05fb-4f35-83b8-8c14af793f2a,19
58d745d1-10b8-4195-9cc0-7d5aadf9a791,10cec51f-a79f-4907-8745-b45df64f6946,13
58d745d1-10b8-4195-9cc0-7d5aadf9a791,32436280-1ea6-4678-bb18-4632fe8c4933,30
58d745d1-10b8-4195-9cc0-7d5aadf9a791,90e60bb7-e776-4dff-a8ba-6390acefdbee,18
58d745d1-10b8-4195-9cc0-7d5aadf9a791,ca103ed6-7a7e-4450-9546-ac295532bced,24
5a4d2669-4967-4de5-853b-13c224029d30,0c7c125d-46d6-40ba-8088-31fb2b526a78,14
5a4d2669-4967-4de5-853b-13c224029d30,272dbb99-7929-46e2-8446-a19c21af05da,17
5a4d2669-4967-4de5-853b-13c224029d30,39093cbf-e0a9-480d-ab0b-e9e4cf95a9f8,8
5a4d2669-4967-4de5-853b-13c224029d30,64f6fec6-18a3-4563-b731-189faf6423f2,5
5a4d2669-4967-4de5-853b-13c224029d30,6ab35eea-1bae-4ee8-8e5f-5f1505715ac3,16
5a4d2669-4967-4de5-853b-13c224029d30,6fd714df-b88d-43a6-8f75-3d300278329d,10
5a4d2669-4967-4de5-853b-13c224029d30,c2641f62-eb23-4dad-9c22-b52e72b79df2,9
5a4d2669-4967-4de5-853b-13c224029d30,fc140c51-9b4f-427f-8e11-640bc7400007,16
5d0826b4-fa43-4e32-8426-4ee9b3950e0f,3639058a-5dc3-49ad-82ff-cec405483912,21
5d0826b4-fa43-4e32-8426-4ee9b3950e0f,56b848af-d12b-4f9c-b605-947e296caa46,19
5d0826b4-fa43-4e32-8426-4ee9b3950e0f,8950207b-4940-4ef9-ad01-0ad0dace6f27,21
5d0826b4-fa43-4e32-8426-4ee9b3950e0f,b993ef60-52c8-41e2-83a2-bb44f1fb916f,16
5d55e840-0d9f-48df-bc26-6f4466c02eb6,048cb921-e15f-47a6-a9e3-ed512574e5d7,20
5d55e840-0d9f-48df-bc26-6f4466c02eb6,c64fa002-95f9-4429-b65c-6f55c7f907d4,22
5d55e840-0d9f-48df-bc26-6f4466c02eb6,c7f79595-aa68-4139-9a87-094c761cc5ab,26
5d55e840-0d9f-48df-bc26-6f4466c02eb6,d641571e-6406-4309-ae61-acc6f2e0a50d,21
5e0ed28c-a75a-4ecd-a0c7-49e71264690b,1556abac-8f1a-404a-8a2f-402ac562143c,8
5e0ed28c-a75a-4ecd-a0c7-49e71264690b,3044f2b9-48b5-45ec-ac14-107f0d7372f0,8
5e0ed28c-a75a-4ecd-a0c7-49e71264690b,39093cbf-e0a9-480d-ab0b-e9e4cf95a9f8,13
5e0ed28c-a75a-4ecd-a0c7-49e71264690b,64f6fec6-18a3-4563-b731-189faf6423f2,7
5e0ed28c-a75a-4ecd-a0c7-49e71264690b,665a3535-8f40-4ae3-9260-cbce7060781f,9
5e0ed28c-a75a-4ecd-a0c7-49e71264690b,6fd714df-b88d-43a6-8f75-3d300278329d,8
5e0ed28c-a75a-4ecd-a0c7-49e71264690b,b795713b-ff23-4494-b6a3-1438b2baee3e,9
5e0ed28c-a75a-4ecd-a0c7-49e71264690b,c2641f62-eb23-4dad-9c22-b52e72b79df2,13
5f31d290-7101-4ef4-9510-f3692aba34de,0c7c125d-46d6-40ba-8088-31fb2b526a78,4
5f31d290-7101-4ef4-9510-f3692aba34de,15024b21-fb68-4bbe-92cf-0c9ab90f11a6,2
5f31d290-7101-4ef4-9510-f3692aba34de,272dbb99-7929-46e2-8446-a19c21af05da,3
5f31d290-7101-4ef4-9510-f3692aba34de,2e65a160-ba6e-4001-b942-c2aa46cd2c5b,6
5f31d290-7101-4ef4-9510-f3692aba34de,683bd537-4ff4-4741-afe5-be328f499d4b,9
5f31d290-7101-4ef4-9510-f3692aba34de,68492085-4a2b-4551-9b12-75062c694069,3
5f31d290-7101-4ef4-9510-f3692aba34de,6ab35eea-1bae-4ee8-8e5f-5f1505715ac3,5
5f31d290-7101-4ef4-9510-f3692aba34de,7a2abe44-abb7-4648-bb14-224625a6da0b,9
5f31d290-7101-4ef4-9510-f3692aba34de,7c76a618-92ba-41fd-b0a7-306a1c1a6bf2,7
5f31d290-7101-4ef4-9510-f3692aba34de,a5750809-7c9f-409f-baa1-9bfbb22d2fcc,10
5f31d290-7101-4ef4-9510-f3692aba34de,a5cedd63-caae-415f-b7e4-c7f660fc89c8,1
5f31d290-7101-4ef4-9510-f3692aba34de,bdc30514-427c-403e-a0ee-61e7d04e407e,6
5f31d290-7101-4ef4-9510-f3692aba34de,cd2306bc-106c-4506-b778-d184713c463a,11
5f31d290-7101-4ef4-9510-f3692aba34de,d9278721-fad6-4eba-a1bb-4a26c0aea206,5
5f31d290-7101-4ef4-9510-f3692aba34de,f1568b25-4a87-414f-8329-1a860a3a8aeb,3
5f31d290-7101-4ef4-9510-f3692aba34de,fc140c51-9b4f-427f-8e11-640bc7400007,4
612207b0-dca1-4ac5-80c1-65a495c1a99d,0be87f87-d01a-495e-9605-d89d36240908,13
612207b0-dca1-4ac5-80c1-65a495c1a99d,54530f14-aadf-4c2a-8f92-9c22a69cc022,15
612207b0-dca1-4ac5-80c1-65a495c1a99d,dac92812-557b-4abd-8fb0-4f823ae8ff59,8
612207b0-dca1-4ac5-80c1-65a495c1a99d,e3629615-6d5c-4167-808f-996d53989dbf,15
6242534a-ef16-4237-b53e-9dc823087738,28401515-eca4-442a-85fc-f8c2793b1c26,16
6242534a-ef16-4237-b53e-9dc823087738,9184b09f-ca66-4623-a733-1f64bc1b424f,16
6242534a-ef16-4237-b53e-9dc823087738,d9bf3113-086e-4165-ba13-e78a3d7b4138,23
6242534a-ef16-4237-b53e-9dc823087738,e16d2c39-bfd1-4fb1-8ed6-ad6b16f3652e,3
6307a65a-3edb-45f0-bc18-27a090661e19,39093cbf-e0a9-480d-ab0b-e9e4cf95a9f8,12
6307a65a-3edb-45f0-bc18-27a090661e19,64f6fec6-18a3-4563-b731-189faf6423f2,11
6307a65a-3edb-45f0-bc18-27a090661e19,6fd714df-b88d-43a6-8f75-3d300278329d,14
6307a65a-3edb-45f0-bc18-27a090661e19,c2641f62-eb23-4dad-9c22-b52e72b79df2,23
63c521a1-5a88-4a39-8d65-a0999cb2cfa6,39093cbf-e0a9-480d-ab0b-e9e4cf95a9f8,9
63c521a1-5a88-4a39-8d65-a0999cb2cfa6,64f6fec6-18a3-4563-b731-189faf6423f2,19
63c521a1-5a88-4a39-8d65-a0999cb2cfa6,6fd714df-b88d-43a6-8f75-3d300278329d,17
63c521a1-5a88-4a39-8d65-a0999cb2cfa6,c2641f62-eb23-4dad-9c22-b52e72b79df2,16
64c3201b-c402-4c5a-a7a5-ee67e5dc4351,1495b93b-a19f-4364-95a3-6d8ac531eac6,20
64c3201b-c402-4c5a-a7a5-ee67e5dc4351,3332f018-936e-4c4c-9105-99d9503db5a3,20
64c3201b-c402-4c5a-a7a5-ee67e5dc4351,70a004b7-4a17-4702-8910-4557aa0c4279,13
64c3201b-c402-4c5a-a7a5-ee67e5dc4351,cdab3145-edc9-4352-932c-1638e791bfc9,12
64d258d2-f11a-4c9b-8206-614aef9d5a38,0955850b-157b-4396-a3da-83b8bcbed172,13
64d258d2-f11a-4c9b-8206-614aef9d5a38,34585dab-86cd-40a1-9780-83204c304046,18
64d258d2-f11a-4c9b-8206-614aef9d5a38,ddae4c77-2b07-4e3e-97f1-84a37cf04321,16
64d258d2-f11a-4c9b-8206-614aef9d5a38,ecd9109f-7197-46df-b3a8-1ac2d9990185,18
66e0d3ad-e8b3-4bae-a700-2626841e8d16,2236c52d-924b-415a-aae0-00fa08d12d1f,23
66e0d3ad-e8b3-4bae-a700-2626841e8d16,894c6ccb-cb7a-4ea1-b032-b1d93b25247d,20
66e0d3ad-e8b3-4bae-a700-2626841e8d16,9850fb76-4155-4910-881f-b5d33ee0835c,16
66e0d3ad-e8b3-4bae-a700-2626841e8d16,f2380b81-e46f-430b-8fd2-e3897ddf7be9,16
670c5ac9-5e1c-4834-8087-2dd39d87d04b,0c7c125d-46d6-40ba-8088-31fb2b526a78,9
670c5ac9-5e1c-4834-8087-2dd39d87d04b,10cec51f-a79f-4907-8745-b45df64f6946,9
670c5ac9-5e1c-4834-8087-2dd39d87d04b,272dbb99-7929-46e2-8446-a19c21af05da,11
670c5ac9-5e1c-4834-8087-2dd39d87d04b,32436280-1ea6-4678-bb18-4632fe8c4933,9
670c5ac9-5e1c-4834-8087-2dd39d87d04b,6ab35eea-1bae-4ee8-8e5f-5f1505715ac3,11
670c5ac9-5e1c-4834-8087-2dd39d87d04b,90e60bb7-e776-4dff-a8ba-6390acefdbee,5
670c5ac9-5e1c-4834-8087-2dd39d87d04b,ca103ed6-7a7e-4450-9546-ac295532bced,3
670c5ac9-5e1c-4834-8087-2dd39d87d04b,fc140c51-9b4f-427f-8e11-640bc7400007,7
6779676d-7bac-4431-bbb0-0b7c773b55da,0c7c125d-46d6-40ba-8088-31fb2b526a78,7
6779676d-7bac-4431-bbb0-0b7c773b55da,1495b93b-a19f-4364-95a3-6d8ac531eac6,10
6779676d-7bac-4431-bbb0-0b7c773b55da,272dbb99-7929-46e2-8446-a19c21af05da,13
6779676d-7bac-4431-bbb0-0b7c773b55da,3332f018-936e-4c4c-9105-99d9503db5a3,7
6779676d-7bac-4431-bbb0-0b7c773b55da,6ab35eea-1bae-4ee8-8e5f-5f1505715ac3,12
6779676d-7bac-4431-bbb0-0b7c773b55da,70a004b7-4a17-4702-8910-4557aa0c4279,7
6779676d-7bac-4431-bbb0-0b7c773b55da,cdab3145-edc9-4352-932c-1638e791bfc9,6
6779676d-7bac-4431-bbb0-0b7c773b55da,fc140c51-9b4f-427f-8e11-640bc7400007,10
678d2b37-30f0-4771-9702-7e74c70f1d12,0be87f87-d01a-495e-9605-d89d36240908,26
678d2b37-30f0-4771-9702-7e74c70f1d12,54530f14-aadf-4c2a-8f92-9c22a69cc022,12
678d2b37-30f0-4771-9702-7e74c70f1d12,dac92812-557b-4abd-8fb0-4f823ae8ff59,14
678d2b37-30f0-4771-9702-7e74c70f1d12,e3629615-6d5c-4167-808f-996d53989dbf,12
68a0c04e-d86a-4f1b-a557-ec0331c4f71f,10cec51f-a79f-4907-8745-b45df64f6946,20
68a0c04e-d86a-4f1b-a557-ec0331c4f71f,32436280-1ea6-4678-bb18-4632fe8c4933,20
68a0c04e-d86a-4f1b-a557-ec0331c4f71f,90e60bb7-e776-4dff-a8ba-6390acefdbee,18
68a0c04e-d86a-4f1b-a557-ec0331c4f71f,ca103ed6-7a7e-4450-9546-ac295532bced,21
69b3abaf-0498-44c8-867f-086ccc8dce13,048cb921-e15f-47a6-a9e3-ed512574e5d7,6
69b3abaf-0498-44c8-867f-086ccc8dce13,16552c24-ef48-4e1f-aff5-319a1f739299,8
69b3abaf-0498-44c8-867f-086ccc8dce13,43b9b939-e389-4784-b4e0-ee9d12aa7ca1,12
69b3abaf-0498-44c8-867f-086ccc8dce13,91761416-a756-48e5-8768-fd169c7c564c,12
69b3abaf-0498-44c8-867f-086ccc8dce13,c64fa002-95f9-4429-b65c-6f55c7f907d4,8
69b3abaf-0498-44c8-867f-086ccc8dce13,c7f79595-aa68-4139-9a87-094c761cc5ab,6
69b3abaf-0498-44c8-867f-086ccc8dce13,d641571e-6406-4309-ae61-acc6f2e0a50d,10
69b3abaf-0498-44c8-867f-086ccc8dce13,d9942805-5a63-4958-b714-7088c0428c65,9
69f01d3d-94dc-44e1-a463-74beabeb022f,2e65a160-ba6e-4001-b942-c2aa46cd2c5b,3
69f01d3d-94dc-44e1-a463-74beabeb022f,7a2abe44-abb7-4648-bb14-224625a6da0b,9
69f01d3d-94dc-44e1-a463-74beabeb022f,7c76a618-92ba-41fd-b0a7-306a1c1a6bf2,9
69f01d3d-94dc-44e1-a463-74beabeb022f,a5750809-7c9f-409f-baa1-9bfbb22d2fcc,10
6a84e718-fd28-4df4-be57-5d3a0b9b06a4,0be87f87-d01a-495e-9605-d89d36240908,10
6a84e718-fd28-4df4-be57-5d3a0b9b06a4,54530f14-aadf-4c2a-8f92-9c22a69cc022,13
6a84e718-fd28-4df4-be57-5d3a0b9b06a4,dac92812-557b-4abd-8fb0-4f823ae8ff59,18
6a84e718-fd28-4df4-be57-5d3a0b9b06a4,e3629615-6d5c-4167-808f-996d53989dbf,9
6c925f38-0ae8-4db8-ba05-b5e2a2563511,8321fef1-a067-4a62-a461-37e1f1b4f868,13
6c925f38-0ae8-4db8-ba05-b5e2a2563511,8627b3d4-c529-45b3-bf1e-0313791be91d,9
6c925f38-0ae8-4db8-ba05-b5e2a2563511,cfb525cf-987b-42c8-afca-8dd18f45b32d,14
6c925f38-0ae8-4db8-ba05-b5e2a2563511,d49aa545-2b96-409c-85e8-2bf8706475fb,12
6d32f89c-b5b9-4486-94f8-5368115f0408,3639058a-5dc3-49ad-82ff-cec405483912,15
6d32f89c-b5b9-4486-94f8-5368115f0408,56b848af-d12b-4f9c-b605-947e296caa46,21
6d32f89c-b5b9-4486-94f8-5368115f0408,8950207b-4940-4ef9-ad01-0ad0dace6f27,15
6d32f89c-b5b9-4486-94f8-5368115f0408,b993ef60-52c8-41e2-83a2-bb44f1fb916f,18
6d8ca891-26ad-487f-b162-a32a835fd534,0103e306-959a-46b0-896d-d8b9dee40157,13
6d8ca891-26ad-487f-b162-a32a835fd534,9586e7f4-5c57-452e-bb13-90ceef874118,17
6d8ca891-26ad-487f-b162-a32a835fd534,d461010c-38fd-414f-91bd-e1b3e7e2f8fb,20
6d8ca891-26ad-487f-b162-a32a835fd534,e7240495-f3e8-42a3-ac5c-4a9a7eebc341,14
6e8c12a9-b87c-4eb7-9587-70b0174e3f60,2e65a160-ba6e-4001-b942-c2aa46cd2c5b,10
6e8c12a9-b87c-4eb7-9587-70b0174e3f60,7a2abe44-abb7-4648-bb14-224625a6da0b,23
6e8c12a9-b87c-4eb7-9587-70b0174e3f60,7c76a618-92ba-41fd-b0a7-306a1c1a6bf2,11
6e8c12a9-b87c-4eb7-9587-70b0174e3f60,a5750809-7c9f-409f-baa1-9bfbb22d2fcc,17
6f092ad4-41e1-4b4f-b492-64496cf82fcb,048cb921-e15f-47a6-a9e3-ed512574e5d7,21
6f092ad4-41e1-4b4f-b492-64496cf82fcb,c64fa002-95f9-4429-b65c-6f55c7f907d4,31
6f092ad4-41e1-4b4f-b492-64496cf82fcb,c7f79595-aa68-4139-9a87-094c761cc5ab,24
6f092ad4-41e1-4b4f-b492-64496cf82fcb,d641571e-6406-4309-ae61-acc6f2e0a50d,17
7075f840-56e5-4fef-89af-7797d3becf4d,2e65a160-ba6e-4001-b942-c2aa46cd2c5b,14
7075f840-56e5-4fef-89af-7797d3becf4d,7a2abe44-abb7-4648-bb14-224625a6da0b,8
7075f840-56e5-4fef-89af-7797d3becf4d,7c76a618-92ba-41fd-b0a7-306a1c1a6bf2,19
7075f840-56e5-4fef-89af-7797d3becf4d,a5750809-7c9f-409f-baa1-9bfbb22d2fcc,16
71ddcc80-c234-4f27-aa06-b49ae5a28784,16552c24-ef48-4e1f-aff5-319a1f739299,16
71ddcc80-c234-4f27-aa06-b49ae5a28784,43b9b939-e389-4784-b4e0-ee9d12aa7ca1,19
71ddcc80-c234-4f27-aa06-b49ae5a28784,91761416-a756-48e5-8768-fd169c7c564c,15
71ddcc80-c234-4f27-aa06-b49ae5a28784,d9942805-5a63-4958-b714-7088c0428c65,13
72cad246-b111-4616-88b5-8d1373736f54,1e3165e4-e0c0-4bf7-b803-7d8271b99fd5,16
72cad246-b111-4616-88b5-8d1373736f54,60373b7d-7c45-428f-9622-aa4f854c4860,22
72cad246-b111-4616-88b5-8d1373736f54,d4d2da4e-6580-479c-b5f6-77b109e72715,13
72cad246-b111-4616-88b5-8d1373736f54,fb1e97d1-dd9c-4314-aae2-9c3745df1411,25
74489391-0e1a-40c9-9ac8-2691e7e42cf1,28401515-eca4-442a-85fc-f8c2793b1c26,18
74489391-0e1a-40c9-9ac8-2691e7e42cf1,9184b09f-ca66-4623-a733-1f64bc1b424f,14
74489391-0e1a-40c9-9ac8-2691e7e42cf1,d9bf3113-086e-4165-ba13-e78a3d7b4138,17
74489391-0e1a-40c9-9ac8-2691e7e42cf1,e16d2c39-bfd1-4fb1-8ed6-ad6b16f3652e,13
76337712-cfcd-4760-a462-1269a5ff215c,10cec51f-a79f-4907-8745-b45df64f6946,8
76337712-cfcd-4760-a462-1269a5ff215c,32436280-1ea6-4678-bb18-4632fe8c4933,15
76337712-cfcd-4760-a462-1269a5ff215c,90e60bb7-e776-4dff-a8ba-6390acefdbee,11
76337712-cfcd-4760-a462-1269a5ff215c,ca103ed6-7a7e-4450-9546-ac295532bced,19
77712740-d29f-4bb0-9b90-2aa3db72f3ba,15024b21-fb68-4bbe-92cf-0c9ab90f11a6,9
77712740-d29f-4bb0-9b90-2aa3db72f3ba,683bd537-4ff4-4741-afe5-be328f499d4b,9
77712740-d29f-4bb0-9b90-2aa3db72f3ba,68492085-4a2b-4551-9b12-75062c694069,5
77712740-d29f-4bb0-9b90-2aa3db72f3ba,a5cedd63-caae-415f-b7e4-c7f660fc89c8,15
77712740-d29f-4bb0-9b90-2aa3db72f3ba,bdc30514-427c-403e-a0ee-61e7d04e407e,12
77712740-d29f-4bb0-9b90-2aa3db72f3ba,cd2306bc-106c-4506-b778-d184713c463a,12
77712740-d29f-4bb0-9b90-2aa3db72f3ba,d9278721-fad6-4eba-a1bb-4a26c0aea206,15
77712740-d29f-4bb0-9b90-2aa3db72f3ba,f1568b25-4a87-414f-8329-1a860a3a8aeb,9
7b7167c1-bc81-4fa8-b322-18bab1ea6269,0c3a7808-800f-43b1-a57b-08c3b2bb9e5a,14
7b7167c1-bc81-4fa8-b322-18bab1ea6269,222b358b-71e7-4b0f-9f9b-47b4c67aaa27,10
7b7167c1-bc81-4fa8-b322-18bab1ea6269,39093cbf-e0a9-480d-ab0b-e9e4cf95a9f8,3
7b7167c1-bc81-4fa8-b322-18bab1ea6269,585af22b-b80b-4a1d-8cc8-17d65b2639e1,20
7b7167c1-bc81-4fa8-b322-18bab1ea6269,64f6fec6-18a3-4563-b731-189faf6423f2,8
7b7167c1-bc81-4fa8-b322-18bab1ea6269,6fd714df-b88d-43a6-8f75-3d300278329d,16
7b7167c1-bc81-4fa8-b322-18bab1ea6269,c2641f62-eb23-4dad-9c22-b52e72b79df2,13
7b7167c1-bc81-4fa8-b322-18bab1ea6269,d8a37460-32f2-4b61-b1d2-1f7f0ba92779,23
7bbdb647-9288-4863-b66b-be24f9413e7b,1556abac-8f1a-404a-8a2f-402ac562143c,10
7bbdb647-9288-4863-b66b-be24f9413e7b,3044f2b9-48b5-45ec-ac14-107f0d7372f0,18
7bbdb647-9288-4863-b66b-be24f9413e7b,665a3535-8f40-4ae3-9260-cbce7060781f,15
7bbdb647-9288-4863-b66b-be24f9413e7b,b795713b-ff23-4494-b6a3-1438b2baee3e,18
7bedd5b4-8835-4825-ba08-502811d18911,2e65a160-ba6e-4001-b942-c2aa46cd2c5b,27
7bedd5b4-8835-4825-ba08-502811d18911,7a2abe44-abb7-4648-bb14-224625a6da0b,14
7bedd5b4-8835-4825-ba08-502811d18911,7c76a618-92ba-41fd-b0a7-306a1c1a6bf2,24
7bedd5b4-8835-4825-ba08-502811d18911,a5750809-7c9f-409f-baa1-9bfbb22d2fcc,19
7ded846e-1cc6-405e-b17f-6e99856f39e4,10cec51f-a79f-4907-8745-b45df64f6946,7
7ded846e-1cc6-405e-b17f-6e99856f39e4,32436280-1ea6-4678-bb18-4632fe8c4933,17
7ded846e-1cc6-405e-b17f-6e99856f39e4,90e60bb7-e776-4dff-a8ba-6390acefdbee,24
7ded846e-1cc6-405e-b17f-6e99856f39e4,ca103ed6-7a7e-4450-9546-ac295532bced,17
7eebe697-187f-4cce-b10d-9f71235d3a4f,a5cedd63-caae-415f-b7e4-c7f660fc89c8,21
7eebe697-187f-4cce-b10d-9f71235d3a4f,cd2306bc-106c-4506-b778-d184713c463a,25
7eebe697-187f-4cce-b10d-9f71235d3a4f,d9278721-fad6-4eba-a1bb-4a26c0aea206,25
7eebe697-187f-4cce-b10d-9f71235d3a4f,f1568b25-4a87-414f-8329-1a860a3a8aeb,13
7eff9450-2afd-4265-a1f4-4c53580b47bc,39093cbf-e0a9-480d-ab0b-e9e4cf95a9f8,9
7eff9450-2afd-4265-a1f4-4c53580b47bc,64f6fec6-18a3-4563-b731-189faf6423f2,12
7eff9450-2afd-4265-a1f4-4c53580b47bc,6fd714df-b88d-43a6-8f75-3d300278329d,4
7eff9450-2afd-4265-a1f4-4c53580b47bc,8321fef1-a067-4a62-a461-37e1f1b4f868,10
7eff9450-2afd-4265-a1f4-4c53580b47bc,8627b3d4-c529-45b3-bf1e-0313791be91d,8
7eff9450-2afd-4265-a1f4-4c53580b47bc,c2641f62-eb23-4dad-9c22-b52e72b79df2,7
7eff9450-2afd-4265-a1f4-4c53580b47bc,cfb525cf-987b-42c8-afca-8dd18f45b32d,11
7eff9450-2afd-4265-a1f4-4c53580b47bc,d49aa545-2b96-409c-85e8-2bf8706475fb,9
8037ce3c-a2dd-415b-b3d1-9116744c77e5,2236c52d-924b-415a-aae0-00fa08d12d1f,13
8037ce3c-a2dd-415b-b3d1-9116744c77e5,894c6ccb-cb7a-4ea1-b032-b1d93b25247d,17
8037ce3c-a2dd-415b-b3d1-9116744c77e5,9850fb76-4155-4910-881f-b5d33ee0835c,12
8037ce3c-a2dd-415b-b3d1-9116744c77e5,f2380b81-e46f-430b-8fd2-e3897ddf7be9,15
803fece6-2b2d-4ba2-8370-49385734ab3b,3639058a-5dc3-49ad-82ff-cec405483912,18
803fece6-2b2d-4ba2-8370-49385734ab3b,56b848af-d12b-4f9c-b605-947e296caa46,10
803fece6-2b2d-4ba2-8370-49385734ab3b,8950207b-4940-4ef9-ad01-0ad0dace6f27,20
803fece6-2b2d-4ba2-8370-49385734ab3b,b993ef60-52c8-41e2-83a2-bb44f1fb916f,17
81d6439e-3bb2-4356-8a46-380b6620a895,15024b21-fb68-4bbe-92cf-0c9ab90f11a6,19
81d6439e-3bb2-4356-8a46-380b6620a895,683bd537-4ff4-4741-afe5-be328f499d4b,18
81d6439e-3bb2-4356-8a46-380b6620a895,68492085-4a2b-4551-9b12-75062c694069,15
81d6439e-3bb2-4356-8a46-380b6620a895,bdc30514-427c-403e-a0ee-61e7d04e407e,21
8252bf55-2aa7-411f-b276-fbc747265666,0c3a7808-800f-43b1-a57b-08c3b2bb9e5a,22
8252bf55-2aa7-411f-b276-fbc747265666,222b358b-71e7-4b0f-9f9b-47b4c67aaa27,25
8252bf55-2aa7-411f-b276-fbc747265666,585af22b-b80b-4a1d-8cc8-17d65b2639e1,18
8252bf55-2aa7-411f-b276-fbc747265666,d8a37460-32f2-4b61-b1d2-1f7f0ba92779,24
8273e790-4f85-4d7a-8863-6a7674ae9659,152e2bfd-e9ea-4d70-a999-6f37fb3fb96c,21
8273e790-4f85-4d7a-8863-6a7674ae9659,30bbf8d6-bd6a-4b4f-8d3e-a54bf78f79d5,16
8273e790-4f85-4d7a-8863-6a7674ae9659,b816335c-8d84-4ecc-aa3e-2dea51795320,16
8273e790-4f85-4d7a-8863-6a7674ae9659,df159c28-05fb-4f35-83b8-8c14af793f2a,19
83a38413-11d1-494e-81d3-56f594148b71,3639058a-5dc3-49ad-82ff-cec405483912,19
83a38413-11d1-494e-81d3-56f594148b71,56b848af-d12b-4f9c-b605-947e296caa46,20
83a38413-11d1-494e-81d3-56f594148b71,8950207b-4940-4ef9-ad01-0ad0dace6f27,21
83a38413-11d1-494e-81d3-56f594148b71,b993ef60-52c8-41e2-83a2-bb44f1fb916f,15
846608fe-7084-4723-8ed0-55e36de70877,8321fef1-a067-4a62-a461-37e1f1b4f868,17
846608fe-7084-4723-8ed0-55e36de70877,8627b3d4-c529-45b3-bf1e-0313791be91d,23
846608fe-7084-4723-8ed0-55e36de70877,cfb525cf-987b-42c8-afca-8dd18f45b32d,15
846608fe-7084-4723-8ed0-55e36de70877,d49aa545-2b96-409c-85e8-2bf8706475fb,24
869da0bb-4487-493b-86ca-e601eee46196,39093cbf-e0a9-480d-ab0b-e9e4cf95a9f8,20
869da0bb-4487-493b-86ca-e601eee46196,64f6fec6-18a3-4563-b731-189faf6423f2,14
869da0bb-4487-493b-86ca-e601eee46196,6fd714df-b88d-43a6-8f75-3d300278329d,17
869da0bb-4487-493b-86ca-e601eee46196,c2641f62-eb23-4dad-9c22-b52e72b79df2,19
886dc81a-06f7-47dc-bdf6-da1524e86d7d,0103e306-959a-46b0-896d-d8b9dee40157,12
886dc81a-06f7-47dc-bdf6-da1524e86d7d,0c7c125d-46d6-40ba-8088-31fb2b526a78,5
886dc81a-06f7-47dc-bdf6-da1524e86d7d,272dbb99-7929-46e2-8446-a19c21af05da,5
886dc81a-06f7-47dc-bdf6-da1524e86d7d,2dbf699a-f6cd-446d-8dc4-0595319cfa99,4
886dc81a-06f7-47dc-bdf6-da1524e86d7d,39564abe-76f3-4a33-9f10-f574069834bc,4
886dc81a-06f7-47dc-bdf6-da1524e86d7d,6ab35eea-1bae-4ee8-8e5f-5f1505715ac3,4
886dc81a-06f7-47dc-bdf6-da1524e86d7d,78c34b8c-196b-4a31-b700-08882bfaf4ab,6
886dc81a-06f7-47dc-bdf6-da1524e86d7d,9586e7f4-5c57-452e-bb13-90ceef874118,6
886dc81a-06f7-47dc-bdf6-da1524e86d7d,cdf51e52-a49a-474f-a6ba-da5a14137d09,9
886dc81a-06f7-47dc-bdf6-da1524e86d7d,d461010c-38fd-414f-91bd-e1b3e7e2f8fb,9
886dc81a-06f7-47dc-bdf6-da1524e86d7d,e7240495-f3e8-42a3-ac5c-4a9a7eebc341,15
886dc81a-06f7-47dc-bdf6-da1524e86d7d,fc140c51-9b4f-427f-8e11-640bc7400007,6
8a1f4cc3-6e34-4cd2-aba9-0f4d266e7dd9,10cec51f-a79f-4907-8745-b45df64f6946,9
8a1f4cc3-6e34-4cd2-aba9-0f4d266e7dd9,1556abac-8f1a-404a-8a2f-402ac562143c,8
8a1f4cc3-6e34-4cd2-aba9-0f4d266e7dd9,3044f2b9-48b5-45ec-ac14-107f0d7372f0,10
8a1f4cc3-6e34-4cd2-aba9-0f4d266e7dd9,32436280-1ea6-4678-bb18-4632fe8c4933,5
8a1f4cc3-6e34-4cd2-aba9-0f4d266e7dd9,665a3535-8f40-4ae3-9260-cbce7060781f,7
8a1f4cc3-6e34-4cd2-aba9-0f4d266e7dd9,90e60bb7-e776-4dff-a8ba-6390acefdbee,8
8a1f4cc3-6e34-4cd2-aba9-0f4d266e7dd9,b795713b-ff23-4494-b6a3-1438b2baee3e,10
8a1f4cc3-6e34-4cd2-aba9-0f4d266e7dd9,ca103ed6-7a7e-4450-9546-ac295532bced,1
8ac7e282-b60a-4595-9904-8a46773e2c31,8321fef1-a067-4a62-a461-37e1f1b4f868,39
8ac7e282-b60a-4595-9904-8a46773e2c31,8627b3d4-c529-45b3-bf1e-0313791be91d,25
8ac7e282-b60a-4595-9904-8a46773e2c31,cfb525cf-987b-42c8-afca-8dd18f45b32d,34
8ac7e282-b60a-4595-9904-8a46773e2c31,d49aa545-2b96-409c-85e8-2bf8706475fb,32
8c16622f-c4c5-4c77-bb15-c5cf74910184,28401515-eca4-442a-85fc-f8c2793b1c26,15
8c16622f-c4c5-4c77-bb15-c5cf74910184,9184b09f-ca66-4623-a733-1f64bc1b424f,12
8c16622f-c4c5-4c77-bb15-c5cf74910184,d9bf3113-086e-4165-ba13-e78a3d7b4138,14
8c16622f-c4c5-4c77-bb15-c5cf74910184,e16d2c39-bfd1-4fb1-8ed6-ad6b16f3652e,5
8e5ccbdf-00ee-4cd5-9007-ff2ab414bbbf,2e65a160-ba6e-4001-b942-c2aa46cd2c5b,10
8e5ccbdf-00ee-4cd5-9007-ff2ab414bbbf,7a2abe44-abb7-4648-bb14-224625a6da0b,26
8e5ccbdf-00ee-4cd5-9007-ff2ab414bbbf,7c76a618-92ba-41fd-b0a7-306a1c1a6bf2,25
8e5ccbdf-00ee-4cd5-9007-ff2ab414bbbf,a5750809-7c9f-409f-baa1-9bfbb22d2fcc,18
910e95f1-f837-41c6-bcb3-683780852c38,1e3165e4-e0c0-4bf7-b803-7d8271b99fd5,12
910e95f1-f837-41c6-bcb3-683780852c38,60373b7d-7c45-428f-9622-aa4f854c4860,15
910e95f1-f837-41c6-bcb3-683780852c38,d4d2da4e-6580-479c-b5f6-77b109e72715,25
910e95f1-f837-41c6-bcb3-683780852c38,fb1e97d1-dd9c-4314-aae2-9c3745df1411,20
9198675e-be82-472f-b352-a98629c9876a,1556abac-8f1a-404a-8a2f-402ac562143c,19
9198675e-be82-472f-b352-a98629c9876a,3044f2b9-48b5-45ec-ac14-107f0d7372f0,21
9198675e-be82-472f-b352-a98629c9876a,665a3535-8f40-4ae3-9260-cbce7060781f,30
9198675e-be82-472f-b352-a98629c9876a,b795713b-ff23-4494-b6a3-1438b2baee3e,16
9245fdfa-904c-4421-ba87-60da990f40ed,048cb921-e15f-47a6-a9e3-ed512574e5d7,6
9245fdfa-904c-4421-ba87-60da990f40ed,28401515-eca4-442a-85fc-f8c2793b1c26,2
9245fdfa-904c-4421-ba87-60da990f40ed,3c722d55-1664-4996-8228-63504e862676,15
9245fdfa-904c-4421-ba87-60da990f40ed,9184b09f-ca66-4623-a733-1f64bc1b424f,8
9245fdfa-904c-4421-ba87-60da990f40ed,a5cedd63-caae-415f-b7e4-c7f660fc89c8,5
9245fdfa-904c-4421-ba87-60da990f40ed,c64fa002-95f9-4429-b65c-6f55c7f907d4,5
9245fdfa-904c-4421-ba87-60da990f40ed,c7f79595-aa68-4139-9a87-094c761cc5ab,7
9245fdfa-904c-4421-ba87-60da990f40ed,cd2306bc-106c-4506-b778-d184713c463a,9
9245fdfa-904c-4421-ba87-60da990f40ed,d641571e-6406-4309-ae61-acc6f2e0a50d,6
9245fdfa-904c-4421-ba87-60da990f40ed,d9278721-fad6-4eba-a1bb-4a26c0aea206,13
9245fdfa-904c-4421-ba87-60da990f40ed,d9bf3113-086e-4165-ba13-e78a3d7b4138,7
9245fdfa-904c-4421-ba87-60da990f40ed,e16d2c39-bfd1-4fb1-8ed6-ad6b16f3652e,2
9245fdfa-904c-4421-ba87-60da990f40ed,e9ebbe1e-ce77-4c97-a04e-4a64befe98c8,18
9245fdfa-904c-4421-ba87-60da990f40ed,f1568b25-4a87-414f-8329-1a860a3a8aeb,8
9258d552-bade-4414-ad62-96fea54df354,0955850b-157b-4396-a3da-83b8bcbed172,16
9258d552-bade-4414-ad62-96fea54df354,28401515-eca4-442a-85fc-f8c2793b1c26,12
9258d552-bade-4414-ad62-96fea54df354,34585dab-86cd-40a1-9780-83204c304046,9
9258d552-bade-4414-ad62-96fea54df354,9184b09f-ca66-4623-a733-1f64bc1b424f,12
9258d552-bade-4414-ad62-96fea54df354,d9bf3113-086e-4165-ba13-e78a3d7b4138,14
9258d552-bade-4414-ad62-96fea54df354,ddae4c77-2b07-4e3e-97f1-84a37cf04321,16
9258d552-bade-4414-ad62-96fea54df354,e16d2c39-bfd1-4fb1-8ed6-ad6b16f3652e,5
9258d552-bade-4414-ad62-96fea54df354,ecd9109f-7197-46df-b3a8-1ac2d9990185,13
92d39096-b1d1-4746-9812-474db1f5f049,0c7c125d-46d6-40ba-8088-31fb2b526a78,7
92d39096-b1d1-4746-9812-474db1f5f049,10cec51f-a79f-4907-8745-b45df64f6946,8
92d39096-b1d1-4746-9812-474db1f5f049,272dbb99-7929-46e2-8446-a19c21af05da,12
92d39096-b1d1-4746-9812-474db1f5f049,32436280-1ea6-4678-bb18-4632fe8c4933,16
92d39096-b1d1-4746-9812-474db1f5f049,6ab35eea-1bae-4ee8-8e5f-5f1505715ac3,7
92d39096-b1d1-4746-9812-474db1f5f049,90e60bb7-e776-4dff-a8ba-6390acefdbee,4
92d39096-b1d1-4746-9812-474db1f5f049,ca103ed6-7a7e-4450-9546-ac295532bced,14
92d39096-b1d1-4746-9812-474db1f5f049,fc140c51-9b4f-427f-8e11-640bc7400007,17
9304bd33-e67a-46ba-96c5-954e5358db76,0be87f87-d01a-495e-9605-d89d36240908,18
9304bd33-e67a-46ba-96c5-954e5358db76,54530f14-aadf-4c2a-8f92-9c22a69cc022,18
9304bd33-e67a-46ba-96c5-954e5358db76,dac92812-557b-4abd-8fb0-4f823ae8ff59,16
9304bd33-e67a-46ba-96c5-954e5358db76,e3629615-6d5c-4167-808f-996d53989dbf,12
982d60b4-5677-4e2d-8b58-79503863710d,0c3a7808-800f-43b1-a57b-08c3b2bb9e5a,20
982d60b4-5677-4e2d-8b58-79503863710d,222b358b-71e7-4b0f-9f9b-47b4c67aaa27,17
982d60b4-5677-4e2d-8b58-79503863710d,585af22b-b80b-4a1d-8cc8-17d65b2639e1,10
982d60b4-5677-4e2d-8b58-79503863710d,d8a37460-32f2-4b61-b1d2-1f7f0ba92779,17
98e974a9-c08e-4066-8930-d627b18f1a89,0be87f87-d01a-495e-9605-d89d36240908,9
98e974a9-c08e-4066-8930-d627b18f1a89,54530f14-aadf-4c2a-8f92-9c22a69cc022,9
98e974a9-c08e-4066-8930-d627b18f1a89,a5cedd63-caae-415f-b7e4-c7f660fc89c8,9
98e974a9-c08e-4066-8930-d627b18f1a89,cd2306bc-106c-4506-b778-d184713c463a,14
98e974a9-c08e-4066-8930-d627b18f1a89,d9278721-fad6-4eba-a1bb-4a26c0aea206,8
98e974a9-c08e-4066-8930-d627b18f1a89,dac92812-557b-4abd-8fb0-4f823ae8ff59,13
98e974a9-c08e-4066-8930-d627b18f1a89,e3629615-6d5c-4167-808f-996d53989dbf,10
98e974a9-c08e-4066-8930-d627b18f1a89,f1568b25-4a87-414f-8329-1a860a3a8aeb,19
99893daf-e8a9-4266-b669-73ef48ebc383,1e3165e4-e0c0-4bf7-b803-7d8271b99fd5,13
99893daf-e8a9-4266-b669-73ef48ebc383,60373b7d-7c45-428f-9622-aa4f854c4860,16
99893daf-e8a9-4266-b669-73ef48ebc383,d4d2da4e-6580-479c-b5f6-77b109e72715,18
99893daf-e8a9-4266-b669-73ef48ebc383,fb1e97d1-dd9c-4314-aae2-9c3745df1411,18
9a3e6aa1-13a1-462d-996b-6499cc31a81c,1556abac-8f1a-404a-8a2f-402ac562143c,19
9a3e6aa1-13a1-462d-996b-6499cc31a81c,3044f2b9-48b5-45ec-ac14-107f0d7372f0,12
9a3e6aa1-13a1-462d-996b-6499cc31a81c,665a3535-8f40-4ae3-9260-cbce7060781f,14
9a3e6aa1-13a1-462d-996b-6499cc31a81c,b795713b-ff23-4494-b6a3-1438b2baee3e,18
9b194366-b70d-40d8-8a9b-7157a95d6c13,152e2bfd-e9ea-4d70-a999-6f37fb3fb96c,5
9b194366-b70d-40d8-8a9b-7157a95d6c13,30bbf8d6-bd6a-4b4f-8d3e-a54bf78f79d5,6
9b194366-b70d-40d8-8a9b-7157a95d6c13,b816335c-8d84-4ecc-aa3e-2dea51795320,9
9b194366-b70d-40d8-8a9b-7157a95d6c13,df159c28-05fb-4f35-83b8-8c14af793f2a,7
9c889cb3-c0ae-400b-b27d-e52241a7d342,0103e306-959a-46b0-896d-d8b9dee40157,18
9c889cb3-c0ae-400b-b27d-e52241a7d342,9586e7f4-5c57-452e-bb13-90ceef874118,27
9c889cb3-c0ae-400b-b27d-e52241a7d342,d461010c-38fd-414f-91bd-e1b3e7e2f8fb,21
9c889cb3-c0ae-400b-b27d-e52241a7d342,e7240495-f3e8-42a3-ac5c-4a9a7eebc341,23
9ce1287e-217d-4812-a293-ced526e1b6a2,0be87f87-d01a-495e-9605-d89d36240908,30
9ce1287e-217d-4812-a293-ced526e1b6a2,54530f14-aadf-4c2a-8f92-9c22a69cc022,20
9ce1287e-217d-4812-a293-ced526e1b6a2,dac92812-557b-4abd-8fb0-4f823ae8ff59,21
9ce1287e-217d-4812-a293-ced526e1b6a2,e3629615-6d5c-4167-808f-996d53989dbf,28
9e51b938-f3a9-4d97-8802-b820ed2a6b96,0be87f87-d01a-495e-9605-d89d36240908,6
9e51b938-f3a9-4d97-8802-b820ed2a6b96,1e3165e4-e0c0-4bf7-b803-7d8271b99fd5,13
9e51b938-f3a9-4d97-8802-b820ed2a6b96,54530f14-aadf-4c2a-8f92-9c22a69cc022,6
9e51b938-f3a9-4d97-8802-b820ed2a6b96,60373b7d-7c45-428f-9622-aa4f854c4860,22
9e51b938-f3a9-4d97-8802-b820ed2a6b96,d4d2da4e-6580-479c-b5f6-77b109e72715,15
9e51b938-f3a9-4d97-8802-b820ed2a6b96,dac92812-557b-4abd-8fb0-4f823ae8ff59,7
9e51b938-f3a9-4d97-8802-b820ed2a6b96,e3629615-6d5c-4167-808f-996d53989dbf,6
9e51b938-f3a9-4d97-8802-b820ed2a6b96,fb1e97d1-dd9c-4314-aae2-9c3745df1411,12
9e6a490c-24a3-41fa-a5e3-2879e75b45ff,16552c24-ef48-4e1f-aff5-319a1f739299,16
9e6a490c-24a3-41fa-a5e3-2879e75b45ff,43b9b939-e389-4784-b4e0-ee9d12aa7ca1,18
9e6a490c-24a3-41fa-a5e3-2879e75b45ff,91761416-a756-48e5-8768-fd169c7c564c,14
9e6a490c-24a3-41fa-a5e3-2879e75b45ff,d9942805-5a63-4958-b714-7088c0428c65,18
9ec7931d-1e6f-48eb-b455-4161dc116c2d,2236c52d-924b-415a-aae0-00fa08d12d1f,24
9ec7931d-1e6f-48eb-b455-4161dc116c2d,894c6ccb-cb7a-4ea1-b032-b1d93b25247d,15
9ec7931d-1e6f-48eb-b455-4161dc116c2d,9850fb76-4155-4910-881f-b5d33ee0835c,21
9ec7931d-1e6f-48eb-b455-4161dc116c2d,f2380b81-e46f-430b-8fd2-e3897ddf7be9,29
9fb00ed6-2678-41f8-8e8e-c3ea1350b61b,1556abac-8f1a-404a-8a2f-402ac562143c,19
9fb00ed6-2678-41f8-8e8e-c3ea1350b61b,3044f2b9-48b5-45ec-ac14-107f0d7372f0,14
9fb00ed6-2678-41f8-8e8e-c3ea1350b61b,665a3535-8f40-4ae3-9260-cbce7060781f,27
9fb00ed6-2678-41f8-8e8e-c3ea1350b61b,b795713b-ff23-4494-b6a3-1438b2baee3e,19
a17b2b7f-ab2c-47b0-bb6f-257e8d2fa4c9,2e65a160-ba6e-4001-b942-c2aa46cd2c5b,17
a17b2b7f-ab2c-47b0-bb6f-257e8d2fa4c9,7a2abe44-abb7-4648-bb14-224625a6da0b,19
a17b2b7f-ab2c-47b0-bb6f-257e8d2fa4c9,7c76a618-92ba-41fd-b0a7-306a1c1a6bf2,14
a17b2b7f-ab2c-47b0-bb6f-257e8d2fa4c9,a5750809-7c9f-409f-baa1-9bfbb22d2fcc,20
a3a3384a-3f4b-45ef-b48e-a4631cd99699,3c722d55-1664-4996-8228-63504e862676,4
a3a3384a-3f4b-45ef-b48e-a4631cd99699,e9ebbe1e-ce77-4c97-a04e-4a64befe98c8,2
a3ef43c2-caad-4ca3-86d0-3c362e778877,3639058a-5dc3-49ad-82ff-cec405483912,36
a3ef43c2-caad-4ca3-86d0-3c362e778877,56b848af-d12b-4f9c-b605-947e296caa46,22
a3ef43c2-caad-4ca3-86d0-3c362e778877,8950207b-4940-4ef9-ad01-0ad0dace6f27,21
a3ef43c2-caad-4ca3-86d0-3c362e778877,b993ef60-52c8-41e2-83a2-bb44f1fb916f,19
a42d987e-b022-41a5-ba50-a831d04c3a5e,0955850b-157b-4396-a3da-83b8bcbed172,18
a42d987e-b022-41a5-ba50-a831d04c3a5e,34585dab-86cd-40a1-9780-83204c304046,15
a42d987e-b022-41a5-ba50-a831d04c3a5e,ddae4c77-2b07-4e3e-97f1-84a37cf04321,15
a42d987e-b022-41a5-ba50-a831d04c3a5e,ecd9109f-7197-46df-b3a8-1ac2d9990185,16
a51ffc5a-e4cb-4b47-9154-4514e1dc9d65,2dbf699a-f6cd-446d-8dc4-0595319cfa99,7
a51ffc5a-e4cb-4b47-9154-4514e1dc9d65,2e65a160-ba6e-4001-b942-c2aa46cd2c5b,14
a51ffc5a-e4cb-4b47-9154-4514e1dc9d65,39564abe-76f3-4a33-9f10-f574069834bc,5
a51ffc5a-e4cb-4b47-9154-4514e1dc9d65,78c34b8c-196b-4a31-b700-08882bfaf4ab,5
a51ffc5a-e4cb-4b47-9154-4514e1dc9d65,7a2abe44-abb7-4648-bb14-224625a6da0b,7
a51ffc5a-e4cb-4b47-9154-4514e1dc9d65,7c76a618-92ba-41fd-b0a7-306a1c1a6bf2,6
a51ffc5a-e4cb-4b47-9154-4514e1dc9d65,8321fef1-a067-4a62-a461-37e1f1b4f868,2
a51ffc5a-e4cb-4b47-9154-4514e1dc9d65,8627b3d4-c529-45b3-bf1e-0313791be91d,2
a51ffc5a-e4cb-4b47-9154-4514e1dc9d65,a5750809-7c9f-409f-baa1-9bfbb22d2fcc,12
a51ffc5a-e4cb-4b47-9154-4514e1dc9d65,a5cedd63-caae-415f-b7e4-c7f660fc89c8,4
a51ffc5a-e4cb-4b47-9154-4514e1dc9d65,cd2306bc-106c-4506-b778-d184713c463a,11
a51ffc5a-e4cb-4b47-9154-4514e1dc9d65,cdf51e52-a49a-474f-a6ba-da5a14137d09,2
a51ffc5a-e4cb-4b47-9154-4514e1dc9d65,cfb525cf-987b-42c8-afca-8dd18f45b32d,4
a51ffc5a-e4cb-4b47-9154-4514e1dc9d65,d49aa545-2b96-409c-85e8-2bf8706475fb,5
a51ffc5a-e4cb-4b47-9154-4514e1dc9d65,d9278721-fad6-4eba-a1bb-4a26c0aea206,5
a51ffc5a-e4cb-4b47-9154-4514e1dc9d65,f1568b25-4a87-414f-8329-1a860a3a8aeb,11
a66eb64a-2485-4539-9244-f1e1b7bb5d1b,1556abac-8f1a-404a-8a2f-402ac562143c,10
a66eb64a-2485-4539-9244-f1e1b7bb5d1b,3044f2b9-48b5-45ec-ac14-107f0d7372f0,18
a66eb64a-2485-4539-9244-f1e1b7bb5d1b,665a3535-8f40-4ae3-9260-cbce7060781f,16
a66eb64a-2485-4539-9244-f1e1b7bb5d1b,b795713b-ff23-4494-b6a3-1438b2baee3e,13
a6ac0788-1205-4bfa-bc0d-bdedd7f77542,0c3a7808-800f-43b1-a57b-08c3b2bb9e5a,20
a6ac0788-1205-4bfa-bc0d-bdedd7f77542,222b358b-71e7-4b0f-9f9b-47b4c67aaa27,25
a6ac0788-1205-4bfa-bc0d-bdedd7f77542,585af22b-b80b-4a1d-8cc8-17d65b2639e1,23
a6ac0788-1205-4bfa-bc0d-bdedd7f77542,d8a37460-32f2-4b61-b1d2-1f7f0ba92779,16
a6c08d83-0500-4219-920e-e25d334a6409,2dbf699a-f6cd-446d-8dc4-0595319cfa99,24
a6c08d83-0500-4219-920e-e25d334a6409,39564abe-76f3-4a33-9f10-f574069834bc,19
a6c08d83-0500-4219-920e-e25d334a6409,78c34b8c-196b-4a31-b700-08882bfaf4ab,29
a6c08d83-0500-4219-920e-e25d334a6409,cdf51e52-a49a-474f-a6ba-da5a14137d09,24
a7044233-6fb9-4b71-96bb-62aa3b6062ea,28401515-eca4-442a-85fc-f8c2793b1c26,28
a7044233-6fb9-4b71-96bb-62aa3b6062ea,9184b09f-ca66-4623-a733-1f64bc1b424f,25
a7044233-6fb9-4b71-96bb-62aa3b6062ea,d9bf3113-086e-4165-ba13-e78a3d7b4138,19
a7044233-6fb9-4b71-96bb-62aa3b6062ea,e16d2c39-bfd1-4fb1-8ed6-ad6b16f3652e,14
a84b33db-a349-489f-af0b-22d57fb9bd69,8321fef1-a067-4a62-a461-37e1f1b4f868,27
a84b33db-a349-489f-af0b-22d57fb9bd69,8627b3d4-c529-45b3-bf1e-0313791be91d,23
a84b33db-a349-489f-af0b-22d57fb9bd69,cfb525cf-987b-42c8-afca-8dd18f45b32d,16
a84b33db-a349-489f-af0b-22d57fb9bd69,d49aa545-2b96-409c-85e8-2bf8706475fb,17
a8a25630-19f3-4fc6-811b-62332dee7b86,152e2bfd-e9ea-4d70-a999-6f37fb3fb96c,21
a8a25630-19f3-4fc6-811b-62332dee7b86,30bbf8d6-bd6a-4b4f-8d3e-a54bf78f79d5,24
a8a25630-19f3-4fc6-811b-62332dee7b86,b816335c-8d84-4ecc-aa3e-2dea51795320,16
a8a25630-19f3-4fc6-811b-62332dee7b86,df159c28-05fb-4f35-83b8-8c14af793f2a,14
a95f8d98-ff4e-45fc-8ede-1687c1495833,2236c52d-924b-415a-aae0-00fa08d12d1f,24
a95f8d98-ff4e-45fc-8ede-1687c1495833,894c6ccb-cb7a-4ea1-b032-b1d93b25247d,22
a95f8d98-ff4e-45fc-8ede-1687c1495833,9850fb76-4155-4910-881f-b5d33ee0835c,20
a95f8d98-ff4e-45fc-8ede-1687c1495833,f2380b81-e46f-430b-8fd2-e3897ddf7be9,19
ae1510fa-1501-4ddd-8291-9ccd1917369e,16552c24-ef48-4e1f-aff5-319a1f739299,16
ae1510fa-1501-4ddd-8291-9ccd1917369e,43b9b939-e389-4784-b4e0-ee9d12aa7ca1,16
ae1510fa-1501-4ddd-8291-9ccd1917369e,91761416-a756-48e5-8768-fd169c7c564c,23
ae1510fa-1501-4ddd-8291-9ccd1917369e,d9942805-5a63-4958-b714-7088c0428c65,13
b0c3cf74-58cf-43e7-b4df-61ef0b3a9fdc,3639058a-5dc3-49ad-82ff-cec405483912,25
b0c3cf74-58cf-43e7-b4df-61ef0b3a9fdc,56b848af-d12b-4f9c-b605-947e296caa46,18
b0c3cf74-58cf-43e7-b4df-61ef0b3a9fdc,8950207b-4940-4ef9-ad01-0ad0dace6f27,16
b0c3cf74-58cf-43e7-b4df-61ef0b3a9fdc,b993ef60-52c8-41e2-83a2-bb44f1fb916f,23
b25deecf-dab2-4c86-ae98-047ee79ce320,3639058a-5dc3-49ad-82ff-cec405483912,17
b25deecf-dab2-4c86-ae98-047ee79ce320,56b848af-d12b-4f9c-b605-947e296caa46,20
b25deecf-dab2-4c86-ae98-047ee79ce320,8950207b-4940-4ef9-ad01-0ad0dace6f27,16
b25deecf-dab2-4c86-ae98-047ee79ce320,b993ef60-52c8-41e2-83a2-bb44f1fb916f,19
b27b5052-47f3-4c7d-b9a3-4a3b2934e78c,15024b21-fb68-4bbe-92cf-0c9ab90f11a6,21
b27b5052-47f3-4c7d-b9a3-4a3b2934e78c,683bd537-4ff4-4741-afe5-be328f499d4b,28
b27b5052-47f3-4c7d-b9a3-4a3b2934e78c,68492085-4a2b-4551-9b12-75062c694069,28
b27b5052-47f3-4c7d-b9a3-4a3b2934e78c,bdc30514-427c-403e-a0ee-61e7d04e407e,24
b4cbfe6a-acdc-48e8-a9f1-6f0ae959301f,10cec51f-a79f-4907-8745-b45df64f6946,7
b4cbfe6a-acdc-48e8-a9f1-6f0ae959301f,32436280-1ea6-4678-bb18-4632fe8c4933,4
b4cbfe6a-acdc-48e8-a9f1-6f0ae959301f,8321fef1-a067-4a62-a461-37e1f1b4f868,7
b4cbfe6a-acdc-48e8-a9f1-6f0ae959301f,8627b3d4-c529-45b3-bf1e-0313791be91d,2
b4cbfe6a-acdc-48e8-a9f1-6f0ae959301f,90e60bb7-e776-4dff-a8ba-6390acefdbee,5
b4cbfe6a-acdc-48e8-a9f1-6f0ae959301f,ca103ed6-7a7e-4450-9546-ac295532bced,9
b4cbfe6a-acdc-48e8-a9f1-6f0ae959301f,cfb525cf-987b-42c8-afca-8dd18f45b32d,8
b4cbfe6a-acdc-48e8-a9f1-6f0ae959301f,d49aa545-2b96-409c-85e8-2bf8706475fb,7
b5b93cb0-7248-4b48-ad21-5ea028207cac,152e2bfd-e9ea-4d70-a999-6f37fb3fb96c,25
b5b93cb0-7248-4b48-ad21-5ea028207cac,30bbf8d6-bd6a-4b4f-8d3e-a54bf78f79d5,17
b5b93cb0-7248-4b48-ad21-5ea028207cac,b816335c-8d84-4ecc-aa3e-2dea51795320,23
b5b93cb0-7248-4b48-ad21-5ea028207cac,df159c28-05fb-4f35-83b8-8c14af793f2a,16
b6fa3b09-f5e2-46d0-a42a-c15cb3089214,2e65a160-ba6e-4001-b942-c2aa46cd2c5b,19
b6fa3b09-f5e2-46d0-a42a-c15cb3089214,7a2abe44-abb7-4648-bb14-224625a6da0b,13
b6fa3b09-f5e2-46d0-a42a-c15cb3089214,7c76a618-92ba-41fd-b0a7-306a1c1a6bf2,25
b6fa3b09-f5e2-46d0-a42a-c15cb3089214,a5750809-7c9f-409f-baa1-9bfbb22d2fcc,18
b7c8655d-8d5e-4865-bc97-3c606cdaf5e9,2dbf699a-f6cd-446d-8dc4-0595319cfa99,8
b7c8655d-8d5e-4865-bc97-3c606cdaf5e9,39564abe-76f3-4a33-9f10-f574069834bc,15
b7c8655d-8d5e-4865-bc97-3c606cdaf5e9,78c34b8c-196b-4a31-b700-08882bfaf4ab,13
b7c8655d-8d5e-4865-bc97-3c606cdaf5e9,8321fef1-a067-4a62-a461-37e1f1b4f868,7
b7c8655d-8d5e-4865-bc97-3c606cdaf5e9,8627b3d4-c529-45b3-bf1e-0313791be91d,4
b7c8655d-8d5e-4865-bc97-3c606cdaf5e9,a5cedd63-caae-415f-b7e4-c7f660fc89c8,14
b7c8655d-8d5e-4865-bc97-3c606cdaf5e9,cd2306bc-106c-4506-b778-d184713c463a,14
b7c8655d-8d5e-4865-bc97-3c606cdaf5e9,cdf51e52-a49a-474f-a6ba-da5a14137d09,5
b7c8655d-8d5e-4865-bc97-3c606cdaf5e9,cfb525cf-987b-42c8-afca-8dd18f45b32d,6
b7c8655d-8d5e-4865-bc97-3c606cdaf5e9,d49aa545-2b96-409c-85e8-2bf8706475fb,2
b7c8655d-8d5e-4865-bc97-3c606cdaf5e9,d9278721-fad6-4eba-a1bb-4a26c0aea206,4
b7c8655d-8d5e-4865-bc97-3c606cdaf5e9,f1568b25-4a87-414f-8329-1a860a3a8aeb,10
b8196629-0482-415e-bc09-c1ce1cc49363,048cb921-e15f-47a6-a9e3-ed512574e5d7,32
b8196629-0482-415e-bc09-c1ce1cc49363,c64fa002-95f9-4429-b65c-6f55c7f907d4,24
b8196629-0482-415e-bc09-c1ce1cc49363,c7f79595-aa68-4139-9a87-094c761cc5ab,13
b8196629-0482-415e-bc09-c1ce1cc49363,d641571e-6406-4309-ae61-acc6f2e0a50d,18
b8dde0a0-6c13-429b-a5df-a0527c4fca14,4e57f7cc-1df2-467f-8bfe-cb19af5d7350,41
b8dde0a0-6c13-429b-a5df-a0527c4fca14,ddb0a996-79fe-4eac-8760-76ee74c7c333,43
b99cfca7-d0cc-427f-b4ec-373067995536,39093cbf-e0a9-480d-ab0b-e9e4cf95a9f8,22
b99cfca7-d0cc-427f-b4ec-373067995536,64f6fec6-18a3-4563-b731-189faf6423f2,23
b99cfca7-d0cc-427f-b4ec-373067995536,6fd714df-b88d-43a6-8f75-3d300278329d,16
b99cfca7-d0cc-427f-b4ec-373067995536,c2641f62-eb23-4dad-9c22-b52e72b79df2,17
ba126ef5-093b-4138-810c-def1fa61ac40,0c3a7808-800f-43b1-a57b-08c3b2bb9e5a,9
ba126ef5-093b-4138-810c-def1fa61ac40,222b358b-71e7-4b0f-9f9b-47b4c67aaa27,9
ba126ef5-093b-4138-810c-def1fa61ac40,2dbf699a-f6cd-446d-8dc4-0595319cfa99,10
ba126ef5-093b-4138-810c-def1fa61ac40,39564abe-76f3-4a33-9f10-f574069834bc,8
ba126ef5-093b-4138-810c-def1fa61ac40,585af22b-b80b-4a1d-8cc8-17d65b2639e1,12
ba126ef5-093b-4138-810c-def1fa61ac40,78c34b8c-196b-4a31-b700-08882bfaf4ab,13
ba126ef5-093b-4138-810c-def1fa61ac40,cdf51e52-a49a-474f-a6ba-da5a14137d09,13
ba126ef5-093b-4138-810c-def1fa61ac40,d8a37460-32f2-4b61-b1d2-1f7f0ba92779,11
bc16e1fe-cd25-4a6b-a329-2e2c7121ad8d,0955850b-157b-4396-a3da-83b8bcbed172,22
bc16e1fe-cd25-4a6b-a329-2e2c7121ad8d,34585dab-86cd-40a1-9780-83204c304046,13
bc16e1fe-cd25-4a6b-a329-2e2c7121ad8d,ddae4c77-2b07-4e3e-97f1-84a37cf04321,17
bc16e1fe-cd25-4a6b-a329-2e2c7121ad8d,ecd9109f-7197-46df-b3a8-1ac2d9990185,20
bca9c9c7-62f2-4427-a3aa-3dcd297ced84,16552c24-ef48-4e1f-aff5-319a1f739299,21
bca9c9c7-62f2-4427-a3aa-3dcd297ced84,43b9b939-e389-4784-b4e0-ee9d12aa7ca1,15
bca9c9c7-62f2-4427-a3aa-3dcd297ced84,91761416-a756-48e5-8768-fd169c7c564c,12
bca9c9c7-62f2-4427-a3aa-3dcd297ced84,d9942805-5a63-4958-b714-7088c0428c65,12
bd6c3fde-42cb-459e-8e81-b5ef2a90190f,1e3165e4-e0c0-4bf7-b803-7d8271b99fd5,12
bd6c3fde-42cb-459e-8e81-b5ef2a90190f,60373b7d-7c45-428f-9622-aa4f854c4860,22
bd6c3fde-42cb-459e-8e81-b5ef2a90190f,d4d2da4e-6580-479c-b5f6-77b109e72715,19
bd6c3fde-42cb-459e-8e81-b5ef2a90190f,fb1e97d1-dd9c-4314-aae2-9c3745df1411,31
bf5fe2a7-ee49-4304-a20a-01596de43619,1495b93b-a19f-4364-95a3-6d8ac531eac6,14
bf5fe2a7-ee49-4304-a20a-01596de43619,3332f018-936e-4c4c-9105-99d9503db5a3,9
bf5fe2a7-ee49-4304-a20a-01596de43619,70a004b7-4a17-4702-8910-4557aa0c4279,11
bf5fe2a7-ee49-4304-a20a-01596de43619,cdab3145-edc9-4352-932c-1638e791bfc9,23
bffca8a1-fc84-4f20-acae-3cf0d6313002,0be87f87-d01a-495e-9605-d89d36240908,15
bffca8a1-fc84-4f20-acae-3cf0d6313002,2e65a160-ba6e-4001-b942-c2aa46cd2c5b,6
bffca8a1-fc84-4f20-acae-3cf0d6313002,54530f14-aadf-4c2a-8f92-9c22a69cc022,7
bffca8a1-fc84-4f20-acae-3cf0d6313002,7a2abe44-abb7-4648-bb14-224625a6da0b,9
bffca8a1-fc84-4f20-acae-3cf0d6313002,7c76a618-92ba-41fd-b0a7-306a1c1a6bf2,5
bffca8a1-fc84-4f20-acae-3cf0d6313002,a5750809-7c9f-409f-baa1-9bfbb22d2fcc,13
bffca8a1-fc84-4f20-acae-3cf0d6313002,a5cedd63-caae-415f-b7e4-c7f660fc89c8,6
bffca8a1-fc84-4f20-acae-3cf0d6313002,cd2306bc-106c-4506-b778-d184713c463a,8
bffca8a1-fc84-4f20-acae-3cf0d6313002,d9278721-fad6-4eba-a1bb-4a26c0aea206,8
bffca8a1-fc84-4f20-acae-3cf0d6313002,dac92812-557b-4abd-8fb0-4f823ae8ff59,6
bffca8a1-fc84-4f20-acae-3cf0d6313002,e3629615-6d5c-4167-808f-996d53989dbf,5
bffca8a1-fc84-4f20-acae-3cf0d6313002,f1568b25-4a87-414f-8329-1a860a3a8aeb,10
c0d761e1-0ada-4c43-a6c3-260f3a01e78c,39093cbf-e0a9-480d-ab0b-e9e4cf95a9f8,17
c0d761e1-0ada-4c43-a6c3-260f3a01e78c,64f6fec6-18a3-4563-b731-189faf6423f2,10
c0d761e1-0ada-4c43-a6c3-260f3a01e78c,6fd714df-b88d-43a6-8f75-3d300278329d,21
c0d761e1-0ada-4c43-a6c3-260f3a01e78c,c2641f62-eb23-4dad-9c22-b52e72b79df2,16
c1ac7564-4e90-4bc9-ad66-24cecb27127f,10cec51f-a79f-4907-8745-b45df64f6946,10
c1ac7564-4e90-4bc9-ad66-24cecb27127f,32436280-1ea6-4678-bb18-4632fe8c4933,21
c1ac7564-4e90-4bc9-ad66-24cecb27127f,90e60bb7-e776-4dff-a8ba-6390acefdbee,18
c1ac7564-4e90-4bc9-ad66-24cecb27127f,ca103ed6-7a7e-4450-9546-ac295532bced,17
c1c68594-e342-485e-8c1b-6236ec9e107f,0c3a7808-800f-43b1-a57b-08c3b2bb9e5a,13
c1c68594-e342-485e-8c1b-6236ec9e107f,222b358b-71e7-4b0f-9f9b-47b4c67aaa27,13
c1c68594-e342-485e-8c1b-6236ec9e107f,2dbf699a-f6cd-446d-8dc4-0595319cfa99,10
c1c68594-e342-485e-8c1b-6236ec9e107f,39564abe-76f3-4a33-9f10-f574069834bc,9
c1c68594-e342-485e-8c1b-6236ec9e107f,585af22b-b80b-4a1d-8cc8-17d65b2639e1,18
c1c68594-e342-485e-8c1b-6236ec9e107f,78c34b8c-196b-4a31-b700-08882bfaf4ab,12
c1c68594-e342-485e-8c1b-6236ec9e107f,cdf51e52-a49a-474f-a6ba-da5a14137d09,10
c1c68594-e342-485e-8c1b-6236ec9e107f,d8a37460-32f2-4b61-b1d2-1f7f0ba92779,18
c21e0e54-2ea8-4fc7-9438-5d2d8d63899c,0955850b-157b-4396-a3da-83b8bcbed172,3
c21e0e54-2ea8-4fc7-9438-5d2d8d63899c,0be87f87-d01a-495e-9605-d89d36240908,8
c21e0e54-2ea8-4fc7-9438-5d2d8d63899c,34585dab-86cd-40a1-9780-83204c304046,5
c21e0e54-2ea8-4fc7-9438-5d2d8d63899c,54530f14-aadf-4c2a-8f92-9c22a69cc022,12
c21e0e54-2ea8-4fc7-9438-5d2d8d63899c,dac92812-557b-4abd-8fb0-4f823ae8ff59,9
c21e0e54-2ea8-4fc7-9438-5d2d8d63899c,ddae4c77-2b07-4e3e-97f1-84a37cf04321,6
c21e0e54-2ea8-4fc7-9438-5d2d8d63899c,e3629615-6d5c-4167-808f-996d53989dbf,9
c21e0e54-2ea8-4fc7-9438-5d2d8d63899c,ecd9109f-7197-46df-b3a8-1ac2d9990185,5
c3cd3b9e-6295-43ed-babc-46a5ab454773,152e2bfd-e9ea-4d70-a999-6f37fb3fb96c,20
c3cd3b9e-6295-43ed-babc-46a5ab454773,30bbf8d6-bd6a-4b4f-8d3e-a54bf78f79d5,19
c3cd3b9e-6295-43ed-babc-46a5ab454773,b816335c-8d84-4ecc-aa3e-2dea51795320,22
c3cd3b9e-6295-43ed-babc-46a5ab454773,df159c28-05fb-4f35-83b8-8c14af793f2a,19
c49441c0-0e2b-4e5b-b9ba-2d0477d92b88,1556abac-8f1a-404a-8a2f-402ac562143c,28
c49441c0-0e2b-4e5b-b9ba-2d0477d92b88,3044f2b9-48b5-45ec-ac14-107f0d7372f0,20
c49441c0-0e2b-4e5b-b9ba-2d0477d92b88,665a3535-8f40-4ae3-9260-cbce7060781f,21
c49441c0-0e2b-4e5b-b9ba-2d0477d92b88,b795713b-ff23-4494-b6a3-1438b2baee3e,25
c4f152fb-04b4-4f5d-b4e6-4a3a93da7881,0103e306-959a-46b0-896d-d8b9dee40157,15
c4f152fb-04b4-4f5d-b4e6-4a3a93da7881,9586e7f4-5c57-452e-bb13-90ceef874118,15
c4f152fb-04b4-4f5d-b4e6-4a3a93da7881,d461010c-38fd-414f-91bd-e1b3e7e2f8fb,18
c4f152fb-04b4-4f5d-b4e6-4a3a93da7881,e7240495-f3e8-42a3-ac5c-4a9a7eebc341,25
c5c840c6-6238-4b37-b165-22016be695d9,0c3a7808-800f-43b1-a57b-08c3b2bb9e5a,9
c5c840c6-6238-4b37-b165-22016be695d9,222b358b-71e7-4b0f-9f9b-47b4c67aaa27,14
c5c840c6-6238-4b37-b165-22016be695d9,2dbf699a-f6cd-446d-8dc4-0595319cfa99,4
c5c840c6-6238-4b37-b165-22016be695d9,39564abe-76f3-4a33-9f10-f574069834bc,5
c5c840c6-6238-4b37-b165-22016be695d9,585af22b-b80b-4a1d-8cc8-17d65b2639e1,7
c5c840c6-6238-4b37-b165-22016be695d9,78c34b8c-196b-4a31-b700-08882bfaf4ab,11
c5c840c6-6238-4b37-b165-22016be695d9,cdf51e52-a49a-474f-a6ba-da5a14137d09,10
c5c840c6-6238-4b37-b165-22016be695d9,d8a37460-32f2-4b61-b1d2-1f7f0ba92779,13
c62b2de1-6778-400f-86f6-b5c5ed0516b2,2e65a160-ba6e-4001-b942-c2aa46cd2c5b,13
c62b2de1-6778-400f-86f6-b5c5ed0516b2,7a2abe44-abb7-4648-bb14-224625a6da0b,26
c62b2de1-6778-400f-86f6-b5c5ed0516b2,7c76a618-92ba-41fd-b0a7-306a1c1a6bf2,19
c62b2de1-6778-400f-86f6-b5c5ed0516b2,a5750809-7c9f-409f-baa1-9bfbb22d2fcc,15
c789d30c-0578-48dc-967f-dad52600ab54,8321fef1-a067-4a62-a461-37e1f1b4f868,11
c789d30c-0578-48dc-967f-dad52600ab54,8627b3d4-c529-45b3-bf1e-0313791be91d,11
c789d30c-0578-48dc-967f-dad52600ab54,cfb525cf-987b-42c8-afca-8dd18f45b32d,15
c789d30c-0578-48dc-967f-dad52600ab54,d49aa545-2b96-409c-85e8-2bf8706475fb,10
c896fdae-1a67-4c5e-b3f8-f4671744e35f,3639058a-5dc3-49ad-82ff-cec405483912,21
c896fdae-1a67-4c5e-b3f8-f4671744e35f,56b848af-d12b-4f9c-b605-947e296caa46,17
c896fdae-1a67-4c5e-b3f8-f4671744e35f,8950207b-4940-4ef9-ad01-0ad0dace6f27,20
c896fdae-1a67-4c5e-b3f8-f4671744e35f,b993ef60-52c8-41e2-83a2-bb44f1fb916f,15
c8f4f3f5-e4ee-400f-b888-07d3508df6b5,39093cbf-e0a9-480d-ab0b-e9e4cf95a9f8,20
c8f4f3f5-e4ee-400f-b888-07d3508df6b5,64f6fec6-18a3-4563-b731-189faf6423f2,17
c8f4f3f5-e4ee-400f-b888-07d3508df6b5,6fd714df-b88d-43a6-8f75-3d300278329d,24
c8f4f3f5-e4ee-400f-b888-07d3508df6b5,c2641f62-eb23-4dad-9c22-b52e72b79df2,10
c926e690-4979-4c3f-b43e-2f66daa0c426,2e65a160-ba6e-4001-b942-c2aa46cd2c5b,12
c926e690-4979-4c3f-b43e-2f66daa0c426,7a2abe44-abb7-4648-bb14-224625a6da0b,12
c926e690-4979-4c3f-b43e-2f66daa0c426,7c76a618-92ba-41fd-b0a7-306a1c1a6bf2,20
c926e690-4979-4c3f-b43e-2f66daa0c426,a5750809-7c9f-409f-baa1-9bfbb22d2fcc,9
cb7c157f-9b39-46a5-8de9-15e26c5fa068,2dbf699a-f6cd-446d-8dc4-0595319cfa99,20
cb7c157f-9b39-46a5-8de9-15e26c5fa068,39564abe-76f3-4a33-9f10-f574069834bc,12
cb7c157f-9b39-46a5-8de9-15e26c5fa068,78c34b8c-196b-4a31-b700-08882bfaf4ab,16
cb7c157f-9b39-46a5-8de9-15e26c5fa068,cdf51e52-a49a-474f-a6ba-da5a14137d09,12
cb8f712a-5fad-4d3c-98ad-dc8307afd120,4e57f7cc-1df2-467f-8bfe-cb19af5d7350,28
cb8f712a-5fad-4d3c-98ad-dc8307afd120,ddb0a996-79fe-4eac-8760-76ee74c7c333,25
ccccc606-2c86-4d7a-bb4a-8354017807a6,048cb921-e15f-47a6-a9e3-ed512574e5d7,12
ccccc606-2c86-4d7a-bb4a-8354017807a6,10cec51f-a79f-4907-8745-b45df64f6946,8
ccccc606-2c86-4d7a-bb4a-8354017807a6,32436280-1ea6-4678-bb18-4632fe8c4933,11
ccccc606-2c86-4d7a-bb4a-8354017807a6,90e60bb7-e776-4dff-a8ba-6390acefdbee,5
ccccc606-2c86-4d7a-bb4a-8354017807a6,c64fa002-95f9-4429-b65c-6f55c7f907d4,16
ccccc606-2c86-4d7a-bb4a-8354017807a6,c7f79595-aa68-4139-9a87-094c761cc5ab,15
ccccc606-2c86-4d7a-bb4a-8354017807a6,ca103ed6-7a7e-4450-9546-ac295532bced,10
ccccc606-2c86-4d7a-bb4a-8354017807a6,d641571e-6406-4309-ae61-acc6f2e0a50d,12
cd2dc30f-074c-4881-b328-a35cefdc7c68,1e3165e4-e0c0-4bf7-b803-7d8271b99fd5,15
cd2dc30f-074c-4881-b328-a35cefdc7c68,60373b7d-7c45-428f-9622-aa4f854c4860,21
cd2dc30f-074c-4881-b328-a35cefdc7c68,d4d2da4e-6580-479c-b5f6-77b109e72715,15
cd2dc30f-074c-4881-b328-a35cefdc7c68,fb1e97d1-dd9c-4314-aae2-9c3745df1411,14
cdee1325-af49-45b8-856c-ec273c155411,0be87f87-d01a-495e-9605-d89d36240908,19
cdee1325-af49-45b8-856c-ec273c155411,54530f14-aadf-4c2a-8f92-9c22a69cc022,13
cdee1325-af49-45b8-856c-ec273c155411,dac92812-557b-4abd-8fb0-4f823ae8ff59,22
cdee1325-af49-45b8-856c-ec273c155411,e3629615-6d5c-4167-808f-996d53989dbf,19
cee05776-3518-495c-aac9-42e5b6eea2a8,152e2bfd-e9ea-4d70-a999-6f37fb3fb96c,16
cee05776-3518-495c-aac9-42e5b6eea2a8,30bbf8d6-bd6a-4b4f-8d3e-a54bf78f79d5,15
cee05776-3518-495c-aac9-42e5b6eea2a8,b816335c-8d84-4ecc-aa3e-2dea51795320,13
cee05776-3518-495c-aac9-42e5b6eea2a8,df159c28-05fb-4f35-83b8-8c14af793f2a,25
cf0f9104-fd3e-4cdd-ad08-69035510a32d,28401515-eca4-442a-85fc-f8c2793b1c26,5
cf0f9104-fd3e-4cdd-ad08-69035510a32d,9184b09f-ca66-4623-a733-1f64bc1b424f,9
cf0f9104-fd3e-4cdd-ad08-69035510a32d,a5cedd63-caae-415f-b7e4-c7f660fc89c8,8
cf0f9104-fd3e-4cdd-ad08-69035510a32d,cd2306bc-106c-4506-b778-d184713c463a,19
cf0f9104-fd3e-4cdd-ad08-69035510a32d,d9278721-fad6-4eba-a1bb-4a26c0aea206,13
cf0f9104-fd3e-4cdd-ad08-69035510a32d,d9bf3113-086e-4165-ba13-e78a3d7b4138,8
cf0f9104-fd3e-4cdd-ad08-69035510a32d,e16d2c39-bfd1-4fb1-8ed6-ad6b16f3652e,2
cf0f9104-fd3e-4cdd-ad08-69035510a32d,f1568b25-4a87-414f-8329-1a860a3a8aeb,10
d0660ae1-7bd5-4f68-9131-434571c29e96,048cb921-e15f-47a6-a9e3-ed512574e5d7,4
d0660ae1-7bd5-4f68-9131-434571c29e96,2236c52d-924b-415a-aae0-00fa08d12d1f,10
d0660ae1-7bd5-4f68-9131-434571c29e96,4e57f7cc-1df2-467f-8bfe-cb19af5d7350,22
d0660ae1-7bd5-4f68-9131-434571c29e96,894c6ccb-cb7a-4ea1-b032-b1d93b25247d,7
d0660ae1-7bd5-4f68-9131-434571c29e96,9850fb76-4155-4910-881f-b5d33ee0835c,5
d0660ae1-7bd5-4f68-9131-434571c29e96,c64fa002-95f9-4429-b65c-6f55c7f907d4,10
d0660ae1-7bd5-4f68-9131-434571c29e96,c7f79595-aa68-4139-9a87-094c761cc5ab,7
d0660ae1-7bd5-4f68-9131-434571c29e96,d641571e-6406-4309-ae61-acc6f2e0a50d,12
d0660ae1-7bd5-4f68-9131-434571c29e96,ddb0a996-79fe-4eac-8760-76ee74c7c333,25
d0660ae1-7bd5-4f68-9131-434571c29e96,f2380b81-e46f-430b-8fd2-e3897ddf7be9,8
d0bbdc84-7f92-4114-9759-59d158034879,1495b93b-a19f-4364-95a3-6d8ac531eac6,13
d0bbdc84-7f92-4114-9759-59d158034879,15024b21-fb68-4bbe-92cf-0c9ab90f11a6,7
d0bbdc84-7f92-4114-9759-59d158034879,3332f018-936e-4c4c-9105-99d9503db5a3,5
d0bbdc84-7f92-4114-9759-59d158034879,683bd537-4ff4-4741-afe5-be328f499d4b,3
d0bbdc84-7f92-4114-9759-59d158034879,68492085-4a2b-4551-9b12-75062c694069,10
d0bbdc84-7f92-4114-9759-59d158034879,70a004b7-4a17-4702-8910-4557aa0c4279,6
d0bbdc84-7f92-4114-9759-59d158034879,bdc30514-427c-403e-a0ee-61e7d04e407e,14
d0bbdc84-7f92-4114-9759-59d158034879,cdab3145-edc9-4352-932c-1638e791bfc9,9
d1272c4d-f68a-4d3d-bae3-715e337bd80b,0955850b-157b-4396-a3da-83b8bcbed172,7
d1272c4d-f68a-4d3d-bae3-715e337bd80b,34585dab-86cd-40a1-9780-83204c304046,23
d1272c4d-f68a-4d3d-bae3-715e337bd80b,ddae4c77-2b07-4e3e-97f1-84a37cf04321,20
d1272c4d-f68a-4d3d-bae3-715e337bd80b,ecd9109f-7197-46df-b3a8-1ac2d9990185,16
d2ec9dd4-2fbf-4dea-a274-4fd13d7395b8,1495b93b-a19f-4364-95a3-6d8ac531eac6,19
d2ec9dd4-2fbf-4dea-a274-4fd13d7395b8,3332f018-936e-4c4c-9105-99d9503db5a3,14
d2ec9dd4-2fbf-4dea-a274-4fd13d7395b8,70a004b7-4a17-4702-8910-4557aa0c4279,20
d2ec9dd4-2fbf-4dea-a274-4fd13d7395b8,cdab3145-edc9-4352-932c-1638e791bfc9,21
d3aef314-d83b-4ce7-ac01-5ab74ea0fa4f,0103e306-959a-46b0-896d-d8b9dee40157,16
d3aef314-d83b-4ce7-ac01-5ab74ea0fa4f,9586e7f4-5c57-452e-bb13-90ceef874118,22
d3aef314-d83b-4ce7-ac01-5ab74ea0fa4f,d461010c-38fd-414f-91bd-e1b3e7e2f8fb,28
d3aef314-d83b-4ce7-ac01-5ab74ea0fa4f,e7240495-f3e8-42a3-ac5c-4a9a7eebc341,22
d4486df4-6cee-4ff7-924a-98546d076135,0be87f87-d01a-495e-9605-d89d36240908,21
d4486df4-6cee-4ff7-924a-98546d076135,54530f14-aadf-4c2a-8f92-9c22a69cc022,18
d4486df4-6cee-4ff7-924a-98546d076135,dac92812-557b-4abd-8fb0-4f823ae8ff59,18
d4486df4-6cee-4ff7-924a-98546d076135,e3629615-6d5c-4167-808f-996d53989dbf,24
d6532240-c625-4943-a0e7-cba6977ba428,0c7c125d-46d6-40ba-8088-31fb2b526a78,11
d6532240-c625-4943-a0e7-cba6977ba428,272dbb99-7929-46e2-8446-a19c21af05da,12
d6532240-c625-4943-a0e7-cba6977ba428,6ab35eea-1bae-4ee8-8e5f-5f1505715ac3,22
d6532240-c625-4943-a0e7-cba6977ba428,fc140c51-9b4f-427f-8e11-640bc7400007,11
d65c2394-3eed-48b8-8a26-5f214003f312,0103e306-959a-46b0-896d-d8b9dee40157,9
d65c2394-3eed-48b8-8a26-5f214003f312,2236c52d-924b-415a-aae0-00fa08d12d1f,7
d65c2394-3eed-48b8-8a26-5f214003f312,4e57f7cc-1df2-467f-8bfe-cb19af5d7350,15
d65c2394-3eed-48b8-8a26-5f214003f312,894c6ccb-cb7a-4ea1-b032-b1d93b25247d,5
d65c2394-3eed-48b8-8a26-5f214003f312,9586e7f4-5c57-452e-bb13-90ceef874118,13
d65c2394-3eed-48b8-8a26-5f214003f312,9850fb76-4155-4910-881f-b5d33ee0835c,9
d65c2394-3eed-48b8-8a26-5f214003f312,d461010c-38fd-414f-91bd-e1b3e7e2f8fb,6
d65c2394-3eed-48b8-8a26-5f214003f312,ddb0a996-79fe-4eac-8760-76ee74c7c333,13
d65c2394-3eed-48b8-8a26-5f214003f312,e7240495-f3e8-42a3-ac5c-4a9a7eebc341,10
d65c2394-3eed-48b8-8a26-5f214003f312,f2380b81-e46f-430b-8fd2-e3897ddf7be9,1
d8d48d6c-7e19-4820-86e8-9174e400abbc,8321fef1-a067-4a62-a461-37e1f1b4f868,13
d8d48d6c-7e19-4820-86e8-9174e400abbc,8627b3d4-c529-45b3-bf1e-0313791be91d,8
d8d48d6c-7e19-4820-86e8-9174e400abbc,cfb525cf-987b-42c8-afca-8dd18f45b32d,12
d8d48d6c-7e19-4820-86e8-9174e400abbc,d49aa545-2b96-409c-85e8-2bf8706475fb,8
d9a71914-5a04-4393-9d41-c5f82cf2bd40,8321fef1-a067-4a62-a461-37e1f1b4f868,14
d9a71914-5a04-4393-9d41-c5f82cf2bd40,8627b3d4-c529-45b3-bf1e-0313791be91d,12
d9a71914-5a04-4393-9d41-c5f82cf2bd40,cfb525cf-987b-42c8-afca-8dd18f45b32d,16
d9a71914-5a04-4393-9d41-c5f82cf2bd40,d49aa545-2b96-409c-85e8-2bf8706475fb,15
d9afaa54-38e3-48a7-b173-e59346f87a06,0955850b-157b-4396-a3da-83b8bcbed172,16
d9afaa54-38e3-48a7-b173-e59346f87a06,34585dab-86cd-40a1-9780-83204c304046,17
d9afaa54-38e3-48a7-b173-e59346f87a06,ddae4c77-2b07-4e3e-97f1-84a37cf04321,16
d9afaa54-38e3-48a7-b173-e59346f87a06,ecd9109f-7197-46df-b3a8-1ac2d9990185,14
d9c476a6-93ff-4e35-bbe2-7a0ae0e32e87,8321fef1-a067-4a62-a461-37e1f1b4f868,15
d9c476a6-93ff-4e35-bbe2-7a0ae0e32e87,8627b3d4-c529-45b3-bf1e-0313791be91d,20
d9c476a6-93ff-4e35-bbe2-7a0ae0e32e87,cfb525cf-987b-42c8-afca-8dd18f45b32d,15
d9c476a6-93ff-4e35-bbe2-7a0ae0e32e87,d49aa545-2b96-409c-85e8-2bf8706475fb,14
d9e6e520-cf0c-45d6-ac51-fb3b7c5f0e99,152e2bfd-e9ea-4d70-a999-6f37fb3fb96c,7
d9e6e520-cf0c-45d6-ac51-fb3b7c5f0e99,30bbf8d6-bd6a-4b4f-8d3e-a54bf78f79d5,4
d9e6e520-cf0c-45d6-ac51-fb3b7c5f0e99,b816335c-8d84-4ecc-aa3e-2dea51795320,6
d9e6e520-cf0c-45d6-ac51-fb3b7c5f0e99,df159c28-05fb-4f35-83b8-8c14af793f2a,5
da8367c2-e07a-46e1-b4ff-d41fca972cbc,0c3a7808-800f-43b1-a57b-08c3b2bb9e5a,16
da8367c2-e07a-46e1-b4ff-d41fca972cbc,222b358b-71e7-4b0f-9f9b-47b4c67aaa27,16
da8367c2-e07a-46e1-b4ff-d41fca972cbc,585af22b-b80b-4a1d-8cc8-17d65b2639e1,11
da8367c2-e07a-46e1-b4ff-d41fca972cbc,d8a37460-32f2-4b61-b1d2-1f7f0ba92779,23
dfb86424-acd3-41a0-8656-97d24996fef4,15024b21-fb68-4bbe-92cf-0c9ab90f11a6,10
dfb86424-acd3-41a0-8656-97d24996fef4,683bd537-4ff4-4741-afe5-be328f499d4b,12
dfb86424-acd3-41a0-8656-97d24996fef4,68492085-4a2b-4551-9b12-75062c694069,18
dfb86424-acd3-41a0-8656-97d24996fef4,bdc30514-427c-403e-a0ee-61e7d04e407e,11
e0286325-9289-4765-af44-1bded6b1d3df,0103e306-959a-46b0-896d-d8b9dee40157,10
e0286325-9289-4765-af44-1bded6b1d3df,0c7c125d-46d6-40ba-8088-31fb2b526a78,2
e0286325-9289-4765-af44-1bded6b1d3df,272dbb99-7929-46e2-8446-a19c21af05da,5
e0286325-9289-4765-af44-1bded6b1d3df,2dbf699a-f6cd-446d-8dc4-0595319cfa99,7
e0286325-9289-4765-af44-1bded6b1d3df,39564abe-76f3-4a33-9f10-f574069834bc,8
e0286325-9289-4765-af44-1bded6b1d3df,6ab35eea-1bae-4ee8-8e5f-5f1505715ac3,8
e0286325-9289-4765-af44-1bded6b1d3df,78c34b8c-196b-4a31-b700-08882bfaf4ab,6
e0286325-9289-4765-af44-1bded6b1d3df,9586e7f4-5c57-452e-bb13-90ceef874118,18
e0286325-9289-4765-af44-1bded6b1d3df,cdf51e52-a49a-474f-a6ba-da5a14137d09,5
e0286325-9289-4765-af44-1bded6b1d3df,d461010c-38fd-414f-91bd-e1b3e7e2f8fb,10
e0286325-9289-4765-af44-1bded6b1d3df,e7240495-f3e8-42a3-ac5c-4a9a7eebc341,11
e0286325-9289-4765-af44-1bded6b1d3df,fc140c51-9b4f-427f-8e11-640bc7400007,8
e0d91e74-9836-43b7-b866-383398b2df70,3639058a-5dc3-49ad-82ff-cec405483912,22
e0d91e74-9836-43b7-b866-383398b2df70,56b848af-d12b-4f9c-b605-947e296caa46,20
e0d91e74-9836-43b7-b866-383398b2df70,8950207b-4940-4ef9-ad01-0ad0dace6f27,25
e0d91e74-9836-43b7-b866-383398b2df70,b993ef60-52c8-41e2-83a2-bb44f1fb916f,24
e0dba578-aa9e-44ef-b920-ef67ef41f01c,2dbf699a-f6cd-446d-8dc4-0595319cfa99,13
e0dba578-aa9e-44ef-b920-ef67ef41f01c,39564abe-76f3-4a33-9f10-f574069834bc,15
e0dba578-aa9e-44ef-b920-ef67ef41f01c,78c34b8c-196b-4a31-b700-08882bfaf4ab,26
e0dba578-aa9e-44ef-b920-ef67ef41f01c,cdf51e52-a49a-474f-a6ba-da5a14137d09,22
e140192f-3e5b-43bc-9ae0-36a28564a0b5,0c3a7808-800f-43b1-a57b-08c3b2bb9e5a,24
e140192f-3e5b-43bc-9ae0-36a28564a0b5,222b358b-71e7-4b0f-9f9b-47b4c67aaa27,16
e140192f-3e5b-43bc-9ae0-36a28564a0b5,585af22b-b80b-4a1d-8cc8-17d65b2639e1,19
e140192f-3e5b-43bc-9ae0-36a28564a0b5,d8a37460-32f2-4b61-b1d2-1f7f0ba92779,22
e2078f37-b612-476a-aa96-5f836cd94254,048cb921-e15f-47a6-a9e3-ed512574e5d7,16
e2078f37-b612-476a-aa96-5f836cd94254,c64fa002-95f9-4429-b65c-6f55c7f907d4,11
e2078f37-b612-476a-aa96-5f836cd94254,c7f79595-aa68-4139-9a87-094c761cc5ab,18
e2078f37-b612-476a-aa96-5f836cd94254,d641571e-6406-4309-ae61-acc6f2e0a50d,14
e237fb4b-e3eb-4365-b625-8e31534d7508,0103e306-959a-46b0-896d-d8b9dee40157,14
e237fb4b-e3eb-4365-b625-8e31534d7508,9586e7f4-5c57-452e-bb13-90ceef874118,17
e237fb4b-e3eb-4365-b625-8e31534d7508,d461010c-38fd-414f-91bd-e1b3e7e2f8fb,25
e237fb4b-e3eb-4365-b625-8e31534d7508,e7240495-f3e8-42a3-ac5c-4a9a7eebc341,8
e3ec6618-f5b9-42e2-846d-413e04f04308,39093cbf-e0a9-480d-ab0b-e9e4cf95a9f8,17
e3ec6618-f5b9-42e2-846d-413e04f04308,64f6fec6-18a3-4563-b731-189faf6423f2,12
e3ec6618-f5b9-42e2-846d-413e04f04308,6fd714df-b88d-43a6-8f75-3d300278329d,22
e3ec6618-f5b9-42e2-846d-413e04f04308,c2641f62-eb23-4dad-9c22-b52e72b79df2,16
e45ecf7e-1906-4d51-b79d-fec6aef8a844,1556abac-8f1a-404a-8a2f-402ac562143c,12
e45ecf7e-1906-4d51-b79d-fec6aef8a844,3044f2b9-48b5-45ec-ac14-107f0d7372f0,17
e45ecf7e-1906-4d51-b79d-fec6aef8a844,665a3535-8f40-4ae3-9260-cbce7060781f,24
e45ecf7e-1906-4d51-b79d-fec6aef8a844,b795713b-ff23-4494-b6a3-1438b2baee3e,24
e570dc6e-cb7c-4143-af57-699407e46480,1e3165e4-e0c0-4bf7-b803-7d8271b99fd5,16
e570dc6e-cb7c-4143-af57-699407e46480,60373b7d-7c45-428f-9622-aa4f854c4860,31
e570dc6e-cb7c-4143-af57-699407e46480,d4d2da4e-6580-479c-b5f6-77b109e72715,22
e570dc6e-cb7c-4143-af57-699407e46480,fb1e97d1-dd9c-4314-aae2-9c3745df1411,31
e6200840-e5b5-4bef-b341-f0f3e7425f5f,0955850b-157b-4396-a3da-83b8bcbed172,20
e6200840-e5b5-4bef-b341-f0f3e7425f5f,34585dab-86cd-40a1-9780-83204c304046,18
e6200840-e5b5-4bef-b341-f0f3e7425f5f,ddae4c77-2b07-4e3e-97f1-84a37cf04321,18
e6200840-e5b5-4bef-b341-f0f3e7425f5f,ecd9109f-7197-46df-b3a8-1ac2d9990185,20
e7fbd289-5415-44bc-9ebc-a4266773c298,152e2bfd-e9ea-4d70-a999-6f37fb3fb96c,1
e7fbd289-5415-44bc-9ebc-a4266773c298,b816335c-8d84-4ecc-aa3e-2dea51795320,1
e7fbd289-5415-44bc-9ebc-a4266773c298,df159c28-05fb-4f35-83b8-8c14af793f2a,2
e8295a2a-ebac-417e-858e-52cd294dd906,0103e306-959a-46b0-896d-d8b9dee40157,20
e8295a2a-ebac-417e-858e-52cd294dd906,9586e7f4-5c57-452e-bb13-90ceef874118,16
e8295a2a-ebac-417e-858e-52cd294dd906,d461010c-38fd-414f-91bd-e1b3e7e2f8fb,12
e8295a2a-ebac-417e-858e-52cd294dd906,e7240495-f3e8-42a3-ac5c-4a9a7eebc341,20
e869b441-83d5-44d3-abc7-1a970170e1e4,15024b21-fb68-4bbe-92cf-0c9ab90f11a6,14
e869b441-83d5-44d3-abc7-1a970170e1e4,39093cbf-e0a9-480d-ab0b-e9e4cf95a9f8,11
e869b441-83d5-44d3-abc7-1a970170e1e4,64f6fec6-18a3-4563-b731-189faf6423f2,11
e869b441-83d5-44d3-abc7-1a970170e1e4,683bd537-4ff4-4741-afe5-be328f499d4b,11
e869b441-83d5-44d3-abc7-1a970170e1e4,68492085-4a2b-4551-9b12-75062c694069,10
e869b441-83d5-44d3-abc7-1a970170e1e4,6fd714df-b88d-43a6-8f75-3d300278329d,10
e869b441-83d5-44d3-abc7-1a970170e1e4,bdc30514-427c-403e-a0ee-61e7d04e407e,13
e869b441-83d5-44d3-abc7-1a970170e1e4,c2641f62-eb23-4dad-9c22-b52e72b79df2,9
e93a00ac-77ef-4890-81e0-43382903cb0c,39093cbf-e0a9-480d-ab0b-e9e4cf95a9f8,13
e93a00ac-77ef-4890-81e0-43382903cb0c,64f6fec6-18a3-4563-b731-189faf6423f2,17
e93a00ac-77ef-4890-81e0-43382903cb0c,6fd714df-b88d-43a6-8f75-3d300278329d,13
e93a00ac-77ef-4890-81e0-43382903cb0c,c2641f62-eb23-4dad-9c22-b52e72b79df2,11
e9cf8f89-d60a-4584-951b-ae7df22cf6d7,2236c52d-924b-415a-aae0-00fa08d12d1f,7
e9cf8f89-d60a-4584-951b-ae7df22cf6d7,3c722d55-1664-4996-8228-63504e862676,19
e9cf8f89-d60a-4584-951b-ae7df22cf6d7,894c6ccb-cb7a-4ea1-b032-b1d93b25247d,6
e9cf8f89-d60a-4584-951b-ae7df22cf6d7,9850fb76-4155-4910-881f-b5d33ee0835c,5
e9cf8f89-d60a-4584-951b-ae7df22cf6d7,e9ebbe1e-ce77-4c97-a04e-4a64befe98c8,17
e9cf8f89-d60a-4584-951b-ae7df22cf6d7,f2380b81-e46f-430b-8fd2-e3897ddf7be9,9
ea4cbf47-9a3f-443a-821c-c33a2b7eb1b0,1e3165e4-e0c0-4bf7-b803-7d8271b99fd5,14
ea4cbf47-9a3f-443a-821c-c33a2b7eb1b0,60373b7d-7c45-428f-9622-aa4f854c4860,13
ea4cbf47-9a3f-443a-821c-c33a2b7eb1b0,d4d2da4e-6580-479c-b5f6-77b109e72715,16
ea4cbf47-9a3f-443a-821c-c33a2b7eb1b0,fb1e97d1-dd9c-4314-aae2-9c3745df1411,19
ebb5f4d9-b91c-4a11-b6a9-45e471f03bc3,152e2bfd-e9ea-4d70-a999-6f37fb3fb96c,15
ebb5f4d9-b91c-4a11-b6a9-45e471f03bc3,30bbf8d6-bd6a-4b4f-8d3e-a54bf78f79d5,9
ebb5f4d9-b91c-4a11-b6a9-45e471f03bc3,b816335c-8d84-4ecc-aa3e-2dea51795320,25
ebb5f4d9-b91c-4a11-b6a9-45e471f03bc3,df159c28-05fb-4f35-83b8-8c14af793f2a,24
ef44a56d-cc63-4bf0-a451-59e809f9c5b4,3c722d55-1664-4996-8228-63504e862676,35
ef44a56d-cc63-4bf0-a451-59e809f9c5b4,e9ebbe1e-ce77-4c97-a04e-4a64befe98c8,35
f08a943e-b63d-4b9f-b56b-010859a94367,0955850b-157b-4396-a3da-83b8bcbed172,19
f08a943e-b63d-4b9f-b56b-010859a94367,34585dab-86cd-40a1-9780-83204c304046,15
f08a943e-b63d-4b9f-b56b-010859a94367,ddae4c77-2b07-4e3e-97f1-84a37cf04321,16
f08a943e-b63d-4b9f-b56b-010859a94367,ecd9109f-7197-46df-b3a8-1ac2d9990185,19
f09bc3b1-4818-4240-bf10-415636180b4a,16552c24-ef48-4e1f-aff5-319a1f739299,6
f09bc3b1-4818-4240-bf10-415636180b4a,43b9b939-e389-4784-b4e0-ee9d12aa7ca1,8
f09bc3b1-4818-4240-bf10-415636180b4a,91761416-a756-48e5-8768-fd169c7c564c,12
f09bc3b1-4818-4240-bf10-415636180b4a,d9942805-5a63-4958-b714-7088c0428c65,2
f0a33a73-192b-4398-b8bc-05eb0c59ae54,152e2bfd-e9ea-4d70-a999-6f37fb3fb96c,8
f0a33a73-192b-4398-b8bc-05eb0c59ae54,1556abac-8f1a-404a-8a2f-402ac562143c,4
f0a33a73-192b-4398-b8bc-05eb0c59ae54,3044f2b9-48b5-45ec-ac14-107f0d7372f0,4
f0a33a73-192b-4398-b8bc-05eb0c59ae54,30bbf8d6-bd6a-4b4f-8d3e-a54bf78f79d5,5
f0a33a73-192b-4398-b8bc-05eb0c59ae54,665a3535-8f40-4ae3-9260-cbce7060781f,3
f0a33a73-192b-4398-b8bc-05eb0c59ae54,8321fef1-a067-4a62-a461-37e1f1b4f868,4
f0a33a73-192b-4398-b8bc-05eb0c59ae54,8627b3d4-c529-45b3-bf1e-0313791be91d,4
f0a33a73-192b-4398-b8bc-05eb0c59ae54,a5cedd63-caae-415f-b7e4-c7f660fc89c8,3
f0a33a73-192b-4398-b8bc-05eb0c59ae54,b795713b-ff23-4494-b6a3-1438b2baee3e,6
f0a33a73-192b-4398-b8bc-05eb0c59ae54,b816335c-8d84-4ecc-aa3e-2dea51795320,12
f0a33a73-192b-4398-b8bc-05eb0c59ae54,cd2306bc-106c-4506-b778-d184713c463a,7
f0a33a73-192b-4398-b8bc-05eb0c59ae54,cfb525cf-987b-42c8-afca-8dd18f45b32d,4
f0a33a73-192b-4398-b8bc-05eb0c59ae54,d49aa545-2b96-409c-85e8-2bf8706475fb,8
f0a33a73-192b-4398-b8bc-05eb0c59ae54,d9278721-fad6-4eba-a1bb-4a26c0aea206,4
f0a33a73-192b-4398-b8bc-05eb0c59ae54,df159c28-05fb-4f35-83b8-8c14af793f2a,6
f0a33a73-192b-4398-b8bc-05eb0c59ae54,f1568b25-4a87-414f-8329-1a860a3a8aeb,6
f0f0c7c0-c2dd-4f71-a15d-cc29ad1144b6,3639058a-5dc3-49ad-82ff-cec405483912,19
f0f0c7c0-c2dd-4f71-a15d-cc29ad1144b6,56b848af-d12b-4f9c-b605-947e296caa46,21
f0f0c7c0-c2dd-4f71-a15d-cc29ad1144b6,8950207b-4940-4ef9-ad01-0ad0dace6f27,19
f0f0c7c0-c2dd-4f71-a15d-cc29ad1144b6,b993ef60-52c8-41e2-83a2-bb44f1fb916f,19
f10971cb-edb4-461e-acaa-820d7ab15ef8,2e65a160-ba6e-4001-b942-c2aa46cd2c5b,20
f10971cb-edb4-461e-acaa-820d7ab15ef8,7a2abe44-abb7-4648-bb14-224625a6da0b,17
f10971cb-edb4-461e-acaa-820d7ab15ef8,7c76a618-92ba-41fd-b0a7-306a1c1a6bf2,25
f10971cb-edb4-461e-acaa-820d7ab15ef8,a5750809-7c9f-409f-baa1-9bfbb22d2fcc,19
f1d09f86-4d6a-435f-9b93-5ef0df73bce2,1556abac-8f1a-404a-8a2f-402ac562143c,15
f1d09f86-4d6a-435f-9b93-5ef0df73bce2,3044f2b9-48b5-45ec-ac14-107f0d7372f0,32
f1d09f86-4d6a-435f-9b93-5ef0df73bce2,665a3535-8f40-4ae3-9260-cbce7060781f,15
f1d09f86-4d6a-435f-9b93-5ef0df73bce2,b795713b-ff23-4494-b6a3-1438b2baee3e,17
f3091b7a-a59b-4bee-a4c4-c930424b63f3,0be87f87-d01a-495e-9605-d89d36240908,14
f3091b7a-a59b-4bee-a4c4-c930424b63f3,1556abac-8f1a-404a-8a2f-402ac562143c,5
f3091b7a-a59b-4bee-a4c4-c930424b63f3,3044f2b9-48b5-45ec-ac14-107f0d7372f0,8
f3091b7a-a59b-4bee-a4c4-c930424b63f3,54530f14-aadf-4c2a-8f92-9c22a69cc022,12
f3091b7a-a59b-4bee-a4c4-c930424b63f3,665a3535-8f40-4ae3-9260-cbce7060781f,3
f3091b7a-a59b-4bee-a4c4-c930424b63f3,a5cedd63-caae-415f-b7e4-c7f660fc89c8,7
f3091b7a-a59b-4bee-a4c4-c930424b63f3,b795713b-ff23-4494-b6a3-1438b2baee3e,6
f3091b7a-a59b-4bee-a4c4-c930424b63f3,cd2306bc-106c-4506-b778-d184713c463a,11
f3091b7a-a59b-4bee-a4c4-c930424b63f3,d9278721-fad6-4eba-a1bb-4a26c0aea206,6
f3091b7a-a59b-4bee-a4c4-c930424b63f3,dac92812-557b-4abd-8fb0-4f823ae8ff59,12
f3091b7a-a59b-4bee-a4c4-c930424b63f3,e3629615-6d5c-4167-808f-996d53989dbf,10
f3091b7a-a59b-4bee-a4c4-c930424b63f3,f1568b25-4a87-414f-8329-1a860a3a8aeb,10
f4222fc5-9db3-4d75-99fe-78f565b88648,2dbf699a-f6cd-446d-8dc4-0595319cfa99,21
f4222fc5-9db3-4d75-99fe-78f565b88648,39564abe-76f3-4a33-9f10-f574069834bc,20
f4222fc5-9db3-4d75-99fe-78f565b88648,78c34b8c-196b-4a31-b700-08882bfaf4ab,19
f4222fc5-9db3-4d75-99fe-78f565b88648,cdf51e52-a49a-474f-a6ba-da5a14137d09,25
f46fc513-1a40-4930-a9ee-c9c1da5de582,3639058a-5dc3-49ad-82ff-cec405483912,15
f46fc513-1a40-4930-a9ee-c9c1da5de582,56b848af-d12b-4f9c-b605-947e296caa46,21
f46fc513-1a40-4930-a9ee-c9c1da5de582,8950207b-4940-4ef9-ad01-0ad0dace6f27,24
f46fc513-1a40-4930-a9ee-c9c1da5de582,b993ef60-52c8-41e2-83a2-bb44f1fb916f,25
f54a5b5a-c5be-4220-b515-3e22c596b9fd,16552c24-ef48-4e1f-aff5-319a1f739299,25
f54a5b5a-c5be-4220-b515-3e22c596b9fd,43b9b939-e389-4784-b4e0-ee9d12aa7ca1,14
f54a5b5a-c5be-4220-b515-3e22c596b9fd,91761416-a756-48e5-8768-fd169c7c564c,17
f54a5b5a-c5be-4220-b515-3e22c596b9fd,d9942805-5a63-4958-b714-7088c0428c65,17
f5587137-c9aa-43ba-9cc1-60d0c26479be,2e65a160-ba6e-4001-b942-c2aa46cd2c5b,11
f5587137-c9aa-43ba-9cc1-60d0c26479be,7a2abe44-abb7-4648-bb14-224625a6da0b,9
f5587137-c9aa-43ba-9cc1-60d0c26479be,7c76a618-92ba-41fd-b0a7-306a1c1a6bf2,13
f5587137-c9aa-43ba-9cc1-60d0c26479be,a5750809-7c9f-409f-baa1-9bfbb22d2fcc,7
f6f39d84-6fb4-4519-9efa-f9ca4651e3c9,048cb921-e15f-47a6-a9e3-ed512574e5d7,5
f6f39d84-6fb4-4519-9efa-f9ca4651e3c9,2236c52d-924b-415a-aae0-00fa08d12d1f,7
f6f39d84-6fb4-4519-9efa-f9ca4651e3c9,3c722d55-1664-4996-8228-63504e862676,21
f6f39d84-6fb4-4519-9efa-f9ca4651e3c9,894c6ccb-cb7a-4ea1-b032-b1d93b25247d,3
f6f39d84-6fb4-4519-9efa-f9ca4651e3c9,9850fb76-4155-4910-881f-b5d33ee0835c,6
f6f39d84-6fb4-4519-9efa-f9ca4651e3c9,c64fa002-95f9-4429-b65c-6f55c7f907d4,11
f6f39d84-6fb4-4519-9efa-f9ca4651e3c9,c7f79595-aa68-4139-9a87-094c761cc5ab,7
f6f39d84-6fb4-4519-9efa-f9ca4651e3c9,d641571e-6406-4309-ae61-acc6f2e0a50d,6
f6f39d84-6fb4-4519-9efa-f9ca4651e3c9,e9ebbe1e-ce77-4c97-a04e-4a64befe98c8,18
f6f39d84-6fb4-4519-9efa-f9ca4651e3c9,f2380b81-e46f-430b-8fd2-e3897ddf7be9,6
f9330687-3035-4f1a-ab22-1f86de08b66a,39093cbf-e0a9-480d-ab0b-e9e4cf95a9f8,7
f9330687-3035-4f1a-ab22-1f86de08b66a,64f6fec6-18a3-4563-b731-189faf6423f2,16
f9330687-3035-4f1a-ab22-1f86de08b66a,6fd714df-b88d-43a6-8f75-3d300278329d,15
f9330687-3035-4f1a-ab22-1f86de08b66a,c2641f62-eb23-4dad-9c22-b52e72b79df2,9
f96e68d4-b9e9-4cd5-889d-9fb46f9cc389,28401515-eca4-442a-85fc-f8c2793b1c26,16
f96e68d4-b9e9-4cd5-889d-9fb46f9cc389,9184b09f-ca66-4623-a733-1f64bc1b424f,15
f96e68d4-b9e9-4cd5-889d-9fb46f9cc389,d9bf3113-086e-4165-ba13-e78a3d7b4138,14
f96e68d4-b9e9-4cd5-889d-9fb46f9cc389,e16d2c39-bfd1-4fb1-8ed6-ad6b16f3652e,3
fa40c3dd-a3a5-4ffd-9470-ab39682965df,0103e306-959a-46b0-896d-d8b9dee40157,20
fa40c3dd-a3a5-4ffd-9470-ab39682965df,9586e7f4-5c57-452e-bb13-90ceef874118,22
fa40c3dd-a3a5-4ffd-9470-ab39682965df,d461010c-38fd-414f-91bd-e1b3e7e2f8fb,20
fa40c3dd-a3a5-4ffd-9470-ab39682965df,e7240495-f3e8-42a3-ac5c-4a9a7eebc341,18
fc11ebf7-2767-4d92-96f9-a57af8f1be30,0c7c125d-46d6-40ba-8088-31fb2b526a78,24
fc11ebf7-2767-4d92-96f9-a57af8f1be30,10cec51f-a79f-4907-8745-b45df64f6946,20
fc11ebf7-2767-4d92-96f9-a57af8f1be30,272dbb99-7929-46e2-8446-a19c21af05da,17
fc11ebf7-2767-4d92-96f9-a57af8f1be30,32436280-1ea6-4678-bb18-4632fe8c4933,12
fc11ebf7-2767-4d92-96f9-a57af8f1be30,6ab35eea-1bae-4ee8-8e5f-5f1505715ac3,18
fc11ebf7-2767-4d92-96f9-a57af8f1be30,90e60bb7-e776-4dff-a8ba-6390acefdbee,8
fc11ebf7-2767-4d92-96f9-a57af8f1be30,ca103ed6-7a7e-4450-9546-ac295532bced,23
fc11ebf7-2767-4d92-96f9-a57af8f1be30,fc140c51-9b4f-427f-8e11-640bc7400007,20
fcadfde9-31cc-4f2d-bf5b-b7deec30439a,0103e306-959a-46b0-896d-d8b9dee40157,14
fcadfde9-31cc-4f2d-bf5b-b7deec30439a,9586e7f4-5c57-452e-bb13-90ceef874118,14
fcadfde9-31cc-4f2d-bf5b-b7deec30439a,d461010c-38fd-414f-91bd-e1b3e7e2f8fb,20
fcadfde9-31cc-4f2d-bf5b-b7deec30439a,e7240495-f3e8-42a3-ac5c-4a9a7eebc341,14
fd256bdb-e6dd-47ef-a4e4-ac0a7d2dcd1e,0c7c125d-46d6-40ba-8088-31fb2b526a78,2
fd256bdb-e6dd-47ef-a4e4-ac0a7d2dcd1e,15024b21-fb68-4bbe-92cf-0c9ab90f11a6,5
fd256bdb-e6dd-47ef-a4e4-ac0a7d2dcd1e,152e2bfd-e9ea-4d70-a999-6f37fb3fb96c,4
fd256bdb-e6dd-47ef-a4e4-ac0a7d2dcd1e,272dbb99-7929-46e2-8446-a19c21af05da,4
fd256bdb-e6dd-47ef-a4e4-ac0a7d2dcd1e,30bbf8d6-bd6a-4b4f-8d3e-a54bf78f79d5,5
fd256bdb-e6dd-47ef-a4e4-ac0a7d2dcd1e,683bd537-4ff4-4741-afe5-be328f499d4b,4
fd256bdb-e6dd-47ef-a4e4-ac0a7d2dcd1e,68492085-4a2b-4551-9b12-75062c694069,8
fd256bdb-e6dd-47ef-a4e4-ac0a7d2dcd1e,6ab35eea-1bae-4ee8-8e5f-5f1505715ac3,4
fd256bdb-e6dd-47ef-a4e4-ac0a7d2dcd1e,a5cedd63-caae-415f-b7e4-c7f660fc89c8,7
fd256bdb-e6dd-47ef-a4e4-ac0a7d2dcd1e,b816335c-8d84-4ecc-aa3e-2dea51795320,10
fd256bdb-e6dd-47ef-a4e4-ac0a7d2dcd1e,bdc30514-427c-403e-a0ee-61e7d04e407e,8
fd256bdb-e6dd-47ef-a4e4-ac0a7d2dcd1e,cd2306bc-106c-4506-b778-d184713c463a,3
fd256bdb-e6dd-47ef-a4e4-ac0a7d2dcd1e,d9278721-fad6-4eba-a1bb-4a26c0aea206,9
fd256bdb-e6dd-47ef-a4e4-ac0a7d2dcd1e,df159c28-05fb-4f35-83b8-8c14af793f2a,4
fd256bdb-e6dd-47ef-a4e4-ac0a7d2dcd1e,f1568b25-4a87-414f-8329-1a860a3a8aeb,11
fd256bdb-e6dd-47ef-a4e4-ac0a7d2dcd1e,fc140c51-9b4f-427f-8e11-640bc7400007,4
fe49ebfc-513a-4b74-8820-95c69298501e,0be87f87-d01a-495e-9605-d89d36240908,13
fe49ebfc-513a-4b74-8820-95c69298501e,54530f14-aadf-4c2a-8f92-9c22a69cc022,22
fe49ebfc-513a-4b74-8820-95c69298501e,dac92812-557b-4abd-8fb0-4f823ae8ff59,16
fe49ebfc-513a-4b74-8820-95c69298501e,e3629615-6d5c-4167-808f-996d53989dbf,16
fe517385-b033-4626-aa2c-70cfa0d1a74f,152e2bfd-e9ea-4d70-a999-6f37fb3fb96c,26
fe517385-b033-4626-aa2c-70cfa0d1a74f,30bbf8d6-bd6a-4b4f-8d3e-a54bf78f79d5,24
fe517385-b033-4626-aa2c-70cfa0d1a74f,b816335c-8d84-4ecc-aa3e-2dea51795320,14
fe517385-b033-4626-aa2c-70cfa0d1a74f,df159c28-05fb-4f35-83b8-8c14af793f2a,25
fefcf023-ec1f-44d7-88b6-bbc3a34815d5,1495b93b-a19f-4364-95a3-6d8ac531eac6,22
fefcf023-ec1f-44d7-88b6-bbc3a34815d5,3332f018-936e-4c4c-9105-99d9503db5a3,17
fefcf023-ec1f-44d7-88b6-bbc3a34815d5,70a004b7-4a17-4702-8910-4557aa0c4279,22
fefcf023-ec1f-44d7-88b6-bbc3a34815d5,cdab3145-edc9-4352-932c-1638e791bfc9,14
