relative_path,column,read_mode,n_unique,missing_count,top_value_counts_json,message
03_results/first_pass_bcell_full/bcell_first_pass_labeled.h5ad,Processing_Cohort,categorical,4,0,"[[""2.0"", 70427], [""4.0"", 40070], [""1.0"", 23763], [""3.0"", 18721]]",
03_results/first_pass_bcell_full/bcell_first_pass_labeled.h5ad,author_cell_type,categorical,2,0,"[[""B"", 151570], [""PB"", 1411]]",
03_results/first_pass_bcell_full/bcell_first_pass_labeled.h5ad,cell_type,categorical,2,0,"[[""B cell"", 151570], [""plasmablast"", 1411]]",
03_results/first_pass_bcell_full/bcell_first_pass_labeled.h5ad,cell_type_ontology_term_id,categorical,2,0,"[[""CL:0000236"", 151570], [""CL:0000980"", 1411]]",
03_results/first_pass_bcell_full/bcell_first_pass_labeled.h5ad,development_stage,categorical,55,0,"[[""27-year-old stage"", 10804], [""34-year-old stage"", 10755], [""33-year-old stage"", 8450], [""37-year-old stage"", 7480], [""31-year-old stage"", 6984], [""45-year-old stage"", 5233], [""26-year-old stage"", 5054], [""58-year-old stage"", 4564], [""25-year-old stage"", 4555], [""32-year-old stage"", 4493], [""28-year-old stage"", 4181], [""29-year-old stage"", 4168], [""35-year-old stage"", 4166], [""23-year-old stage"", 3633], [""24-year-old stage"", 3065], [""55-year-old stage"", 2988], [""52-year-old stage"", 2800], [""30-year-old stage"", 2709], [""54-year-old stage"", 2686], [""66-year-old stage"", 2573], [""42-year-old stage"", 2570], [""39-year-old stage"", 2490], [""43-year-old stage"", 2421], [""51-year-old stage"", 2359], [""53-year-old stage"", 2350], [""21-year-old stage"", 2321], [""46-year-old stage"", 2286], [""36-year-old stage"", 2257], [""64-year-old stage"", 2184], [""41-year-old stage"", 2143], [""57-year-old stage"", 2107], [""68-year-old stage"", 2082], [""56-year-old stage"", 2051], [""48-year-old stage"", 1945], [""38-year-old stage"", 1851], [""73-year-old stage"", 1804], [""59-year-old stage"", 1740], [""22-year-old stage"", 1524], [""60-year-old stage"", 1506], [""71-year-old stage"", 1243], [""62-year-old stage"", 1205], [""20-year-old stage"", 1132], [""65-year-old stage"", 1116], [""40-year-old stage"", 1073], [""69-year-old stage"", 980], [""74-year-old stage"", 913], [""61-year-old stage"", 797], [""63-year-old stage"", 786], [""49-year-old stage"", 707], [""50-year-old stage"", 408], [""70-year-old stage"", 394], [""75-year-old stage"", 328], [""44-year-old stage"", 229], [""47-year-old stage"", 192], [""83-year-old stage"", 146]]",
03_results/first_pass_bcell_full/bcell_first_pass_labeled.h5ad,development_stage_ontology_term_id,categorical,55,0,"[[""HsapDv:0000121"", 10804], [""HsapDv:0000128"", 10755], [""HsapDv:0000127"", 8450], [""HsapDv:0000131"", 7480], [""HsapDv:0000125"", 6984], [""HsapDv:0000139"", 5233], [""HsapDv:0000120"", 5054], [""HsapDv:0000152"", 4564], [""HsapDv:0000119"", 4555], [""HsapDv:0000126"", 4493], [""HsapDv:0000122"", 4181], [""HsapDv:0000123"", 4168], [""HsapDv:0000129"", 4166], [""HsapDv:0000117"", 3633], [""HsapDv:0000118"", 3065], [""HsapDv:0000149"", 2988], [""HsapDv:0000146"", 2800], [""HsapDv:0000124"", 2709], [""HsapDv:0000148"", 2686], [""HsapDv:0000160"", 2573], [""HsapDv:0000136"", 2570], [""HsapDv:0000133"", 2490], [""HsapDv:0000137"", 2421], [""HsapDv:0000145"", 2359], [""HsapDv:0000147"", 2350], [""HsapDv:0000115"", 2321], [""HsapDv:0000140"", 2286], [""HsapDv:0000130"", 2257], [""HsapDv:0000158"", 2184], [""HsapDv:0000135"", 2143], [""HsapDv:0000151"", 2107], [""HsapDv:0000162"", 2082], [""HsapDv:0000150"", 2051], [""HsapDv:0000142"", 1945], [""HsapDv:0000132"", 1851], [""HsapDv:0000167"", 1804], [""HsapDv:0000153"", 1740], [""HsapDv:0000116"", 1524], [""HsapDv:0000154"", 1506], [""HsapDv:0000165"", 1243], [""HsapDv:0000156"", 1205], [""HsapDv:0000114"", 1132], [""HsapDv:0000159"", 1116], [""HsapDv:0000134"", 1073], [""HsapDv:0000163"", 980], [""HsapDv:0000168"", 913], [""HsapDv:0000155"", 797], [""HsapDv:0000157"", 786], [""HsapDv:0000143"", 707], [""HsapDv:0000144"", 408], [""HsapDv:0000164"", 394], [""HsapDv:0000169"", 328], [""HsapDv:0000138"", 229], [""HsapDv:0000141"", 192], [""HsapDv:0000209"", 146]]",
03_results/first_pass_bcell_full/bcell_first_pass_labeled.h5ad,disease,categorical,2,0,"[[""systemic lupus erythematosus"", 92756], [""normal"", 60225]]",
03_results/first_pass_bcell_full/bcell_first_pass_labeled.h5ad,disease_ontology_term_id,categorical,2,0,"[[""MONDO:0007915"", 92756], [""PATO:0000461"", 60225]]",
03_results/first_pass_bcell_full/bcell_first_pass_labeled.h5ad,disease_state,categorical,4,0,"[[""managed"", 83437], [""na"", 60225], [""flare"", 7633], [""treated"", 1686]]",
03_results/first_pass_bcell_full/bcell_first_pass_labeled.h5ad,donor_id,categorical,259,0,"[[""1334"", 2667], [""1419"", 2630], [""IGTB826"", 1882], [""HC-524"", 1804], [""1325"", 1797], [""1197"", 1794], [""1754"", 1717], [""IGTB514"", 1702], [""1621"", 1590], [""1226"", 1582], [""IGTB1540"", 1516], [""1716"", 1505], [""IGTB1372"", 1391], [""1480"", 1369], [""IGTB256"", 1353], [""1420"", 1276], [""IGTB195"", 1274], [""IGTB1506"", 1259], [""1730"", 1232], [""1294"", 1207], [""1130"", 1204], [""1667"", 1171], [""IGTB1650"", 1167], [""1772"", 1166], [""1682"", 1124], [""1741"", 1119], [""1046"", 1112], [""IGTB508"", 1098], [""FLARE001"", 1093], [""1417"", 1074], [""1857"", 1055], [""IGTB986"", 1054], [""IGTB469"", 1054], [""1022"", 1043], [""HC-504"", 1040], [""1586"", 1039], [""IGTB143"", 1030], [""1087"", 1024], [""1078"", 1009], [""IGTB1290"", 1004], [""IGTB498"", 991], [""1743"", 985], [""IGTB1539"", 978], [""1240"", 973], [""1493"", 968], [""1614"", 967], [""1496"", 938], [""IGTB1814"", 932], [""IGTB670"", 927], [""IGTB1966"", 925], [""HC-506"", 911], [""IGTB1840"", 907], [""1262"", 898], [""1815"", 888], [""FLARE005"", 887], [""1804"", 884], [""1251"", 883], [""1596"", 882], [""1623"", 881], [""1641"", 877], [""1279"", 874], [""1584"", 874], [""IGTB884"", 870], [""1418"", 847], [""IGTB1789"", 834], [""HC-014"", 820], [""1132"", 810], [""IGTB1921"", 807], [""1281"", 806], [""1510"", 806], [""FLARE009"", 802], [""1514"", 789], [""1122"", 779], [""1222"", 771], [""HC-519"", 769], [""1891"", 757], [""1492"", 754], [""1535"", 747], [""1259"", 738], [""FLARE004"", 737], [""IGTB141"", 722], [""IGTB1815"", 720], [""HC-009"", 706], [""IGTB1828"", 704], [""HC-538"", 690], [""HC-531"", 675], [""1791"", 667], [""FLARE007"", 664], [""IGTB1982"", 659], [""1768"", 656], [""IGTB1996"", 646], [""HC-526"", 639], [""HC-572"", 633], [""1054"", 623], [""1127"", 622], [""FLARE015"", 621], [""1366"", 617], [""IGTB1844"", 615], [""1947"", 611], [""1338"", 608]]",
03_results/first_pass_bcell_full/bcell_first_pass_labeled.h5ad,leiden,categorical,8,0,"[[""0"", 44608], [""1"", 37335], [""2"", 28466], [""3"", 25070], [""4"", 6550], [""5"", 5502], [""6"", 4037], [""7"", 1413]]",
03_results/first_pass_bcell_full/bcell_first_pass_labeled.h5ad,library_uuid,categorical,88,0,"[[""d8a37460-32f2-4b61-b1d2-1f7f0ba92779"", 2606], [""8950207b-4940-4ef9-ad01-0ad0dace6f27"", 2508], [""585af22b-b80b-4a1d-8cc8-17d65b2639e1"", 2505], [""222b358b-71e7-4b0f-9f9b-47b4c67aaa27"", 2489], [""3639058a-5dc3-49ad-82ff-cec405483912"", 2433], [""0c3a7808-800f-43b1-a57b-08c3b2bb9e5a"", 2322], [""56b848af-d12b-4f9c-b605-947e296caa46"", 2312], [""fb1e97d1-dd9c-4314-aae2-9c3745df1411"", 2267], [""60373b7d-7c45-428f-9622-aa4f854c4860"", 2216], [""b993ef60-52c8-41e2-83a2-bb44f1fb916f"", 2190], [""d4d2da4e-6580-479c-b5f6-77b109e72715"", 2187], [""cd2306bc-106c-4506-b778-d184713c463a"", 2103], [""1e3165e4-e0c0-4bf7-b803-7d8271b99fd5"", 2090], [""78c34b8c-196b-4a31-b700-08882bfaf4ab"", 2086], [""bdc30514-427c-403e-a0ee-61e7d04e407e"", 2001], [""f1568b25-4a87-414f-8329-1a860a3a8aeb"", 1972], [""0be87f87-d01a-495e-9605-d89d36240908"", 1950], [""683bd537-4ff4-4741-afe5-be328f499d4b"", 1926], [""15024b21-fb68-4bbe-92cf-0c9ab90f11a6"", 1922], [""68492085-4a2b-4551-9b12-75062c694069"", 1907], [""272dbb99-7929-46e2-8446-a19c21af05da"", 1882], [""9850fb76-4155-4910-881f-b5d33ee0835c"", 1874], [""32436280-1ea6-4678-bb18-4632fe8c4933"", 1849], [""a5cedd63-caae-415f-b7e4-c7f660fc89c8"", 1846], [""b816335c-8d84-4ecc-aa3e-2dea51795320"", 1840], [""0955850b-157b-4396-a3da-83b8bcbed172"", 1839], [""ecd9109f-7197-46df-b3a8-1ac2d9990185"", 1819], [""c7f79595-aa68-4139-9a87-094c761cc5ab"", 1814], [""ddae4c77-2b07-4e3e-97f1-84a37cf04321"", 1811], [""f2380b81-e46f-430b-8fd2-e3897ddf7be9"", 1805], [""d9278721-fad6-4eba-a1bb-4a26c0aea206"", 1792], [""dac92812-557b-4abd-8fb0-4f823ae8ff59"", 1777], [""8321fef1-a067-4a62-a461-37e1f1b4f868"", 1771], [""6ab35eea-1bae-4ee8-8e5f-5f1505715ac3"", 1769], [""2236c52d-924b-415a-aae0-00fa08d12d1f"", 1769], [""c64fa002-95f9-4429-b65c-6f55c7f907d4"", 1762], [""665a3535-8f40-4ae3-9260-cbce7060781f"", 1750], [""30bbf8d6-bd6a-4b4f-8d3e-a54bf78f79d5"", 1745], [""cdf51e52-a49a-474f-a6ba-da5a14137d09"", 1745], [""0103e306-959a-46b0-896d-d8b9dee40157"", 1741], [""152e2bfd-e9ea-4d70-a999-6f37fb3fb96c"", 1729], [""fc140c51-9b4f-427f-8e11-640bc7400007"", 1724], [""df159c28-05fb-4f35-83b8-8c14af793f2a"", 1701], [""34585dab-86cd-40a1-9780-83204c304046"", 1701], [""a5750809-7c9f-409f-baa1-9bfbb22d2fcc"", 1700], [""54530f14-aadf-4c2a-8f92-9c22a69cc022"", 1684], [""e7240495-f3e8-42a3-ac5c-4a9a7eebc341"", 1668], [""8627b3d4-c529-45b3-bf1e-0313791be91d"", 1659], [""3044f2b9-48b5-45ec-ac14-107f0d7372f0"", 1657], [""048cb921-e15f-47a6-a9e3-ed512574e5d7"", 1653], [""4e57f7cc-1df2-467f-8bfe-cb19af5d7350"", 1650], [""7c76a618-92ba-41fd-b0a7-306a1c1a6bf2"", 1645], [""894c6ccb-cb7a-4ea1-b032-b1d93b25247d"", 1635], [""1556abac-8f1a-404a-8a2f-402ac562143c"", 1633], [""9586e7f4-5c57-452e-bb13-90ceef874118"", 1631], [""d49aa545-2b96-409c-85e8-2bf8706475fb"", 1626], [""ddb0a996-79fe-4eac-8760-76ee74c7c333"", 1608], [""d641571e-6406-4309-ae61-acc6f2e0a50d"", 1608], [""cfb525cf-987b-42c8-afca-8dd18f45b32d"", 1603], [""91761416-a756-48e5-8768-fd169c7c564c"", 1601], [""ca103ed6-7a7e-4450-9546-ac295532bced"", 1593], [""e3629615-6d5c-4167-808f-996d53989dbf"", 1592], [""39564abe-76f3-4a33-9f10-f574069834bc"", 1581], [""43b9b939-e389-4784-b4e0-ee9d12aa7ca1"", 1572], [""7a2abe44-abb7-4648-bb14-224625a6da0b"", 1569], [""d461010c-38fd-414f-91bd-e1b3e7e2f8fb"", 1567], [""70a004b7-4a17-4702-8910-4557aa0c4279"", 1564], [""90e60bb7-e776-4dff-a8ba-6390acefdbee"", 1540], [""b795713b-ff23-4494-b6a3-1438b2baee3e"", 1537], [""16552c24-ef48-4e1f-aff5-319a1f739299"", 1528], [""1495b93b-a19f-4364-95a3-6d8ac531eac6"", 1527], [""2e65a160-ba6e-4001-b942-c2aa46cd2c5b"", 1515], [""cdab3145-edc9-4352-932c-1638e791bfc9"", 1514], [""2dbf699a-f6cd-446d-8dc4-0595319cfa99"", 1507], [""9184b09f-ca66-4623-a733-1f64bc1b424f"", 1507], [""d9942805-5a63-4958-b714-7088c0428c65"", 1502], [""d9bf3113-086e-4165-ba13-e78a3d7b4138"", 1502], [""28401515-eca4-442a-85fc-f8c2793b1c26"", 1484], [""6fd714df-b88d-43a6-8f75-3d300278329d"", 1451], [""3332f018-936e-4c4c-9105-99d9503db5a3"", 1451], [""10cec51f-a79f-4907-8745-b45df64f6946"", 1396], [""39093cbf-e0a9-480d-ab0b-e9e4cf95a9f8"", 1364], [""c2641f62-eb23-4dad-9c22-b52e72b79df2"", 1346], [""64f6fec6-18a3-4563-b731-189faf6423f2"", 1342], [""0c7c125d-46d6-40ba-8088-31fb2b526a78"", 1302], [""e9ebbe1e-ce77-4c97-a04e-4a64befe98c8"", 1027], [""3c722d55-1664-4996-8228-63504e862676"", 992], [""e16d2c39-bfd1-4fb1-8ed6-ad6b16f3652e"", 501]]",
03_results/first_pass_bcell_full/bcell_first_pass_labeled.h5ad,mapped_reference_annotation,categorical,1,0,"[[""GENCODE 19"", 152981]]",
03_results/first_pass_bcell_full/bcell_first_pass_labeled.h5ad,sample_uuid,categorical,271,0,"[[""fc11ebf7-2767-4d92-96f9-a57af8f1be30"", 2667], [""3f068829-713e-4b6a-a79a-754b7d9eef46"", 2630], [""4752a18e-a3a0-4699-99e8-18c7fee59072"", 1882], [""4452abfd-aa95-4982-b2c8-ac779e0cc76e"", 1804], [""0eebb9c2-8cf2-4e46-abcb-0525a9507033"", 1797], [""8ac7e282-b60a-4595-9904-8a46773e2c31"", 1794], [""27b03089-9abd-4025-b745-1a4d42f729a3"", 1717], [""9245fdfa-904c-4421-ba87-60da990f40ed"", 1702], [""4be5b6e5-f225-4892-9ac0-9233bf04dbb9"", 1590], [""1d10643b-90b7-4d0c-ad8d-534e5bd1ae8a"", 1582], [""f3091b7a-a59b-4bee-a4c4-c930424b63f3"", 1516], [""7b7167c1-bc81-4fa8-b322-18bab1ea6269"", 1505], [""bffca8a1-fc84-4f20-acae-3cf0d6313002"", 1391], [""57f0790a-15ce-4b6a-aae1-b45763b8d226"", 1369], [""d0660ae1-7bd5-4f68-9131-434571c29e96"", 1353], [""3ecf5ad3-4ae3-4152-a1d2-4c9c548c5551"", 1276], [""f0a33a73-192b-4398-b8bc-05eb0c59ae54"", 1274], [""a51ffc5a-e4cb-4b47-9154-4514e1dc9d65"", 1259], [""3ff8915f-d4b6-418d-89ec-61fffb366646"", 1232], [""0e4725c3-8e87-420e-bbf1-15781f6bbf5c"", 1207], [""ccccc606-2c86-4d7a-bb4a-8354017807a6"", 1171], [""13ec931d-a536-4679-ad6c-39d7bbaa8d5d"", 1167], [""2688f505-eb1a-4f9f-af54-e30b3da7dff3"", 1124], [""9ec7931d-1e6f-48eb-b455-4161dc116c2d"", 1119], [""53003f7f-f631-4dd0-ac73-543dcf566b81"", 1112], [""fd256bdb-e6dd-47ef-a4e4-ac0a7d2dcd1e"", 1098], [""b27b5052-47f3-4c7d-b9a3-4a3b2934e78c"", 1074], [""e570dc6e-cb7c-4143-af57-699407e46480"", 1055], [""e0286325-9289-4765-af44-1bded6b1d3df"", 1054], [""5f31d290-7101-4ef4-9510-f3692aba34de"", 1054], [""9ce1287e-217d-4812-a293-ced526e1b6a2"", 1043], [""58491584-2df2-4f81-829b-6f930c4d8649"", 1040], [""b8dde0a0-6c13-429b-a5df-a0527c4fca14"", 1033], [""b7c8655d-8d5e-4865-bc97-3c606cdaf5e9"", 1030], [""c49441c0-0e2b-4e5b-b9ba-2d0477d92b88"", 1024], [""9e51b938-f3a9-4d97-8802-b820ed2a6b96"", 1009], [""f6f39d84-6fb4-4519-9efa-f9ca4651e3c9"", 1004], [""3672d82d-f24c-4536-b75a-0627889e1426"", 991], [""46e6ff98-de92-4b09-98ae-ff683d6ed775"", 985], [""11c6a06c-f0e0-45bc-b5ec-1b14445548d4"", 978], [""a6c08d83-0500-4219-920e-e25d334a6409"", 973], [""58d745d1-10b8-4195-9cc0-7d5aadf9a791"", 968], [""9258d552-bade-4414-ad62-96fea54df354"", 967], [""5a4d2669-4967-4de5-853b-13c224029d30"", 938], [""d3aef314-d83b-4ce7-ac01-5ab74ea0fa4f"", 932], [""98e974a9-c08e-4066-8930-d627b18f1a89"", 927], [""27978e88-cfed-4b90-b622-fd572e5ea40d"", 925], [""27ae3b51-85d4-49fe-bcc3-89b0cbd59e23"", 911], [""b0c3cf74-58cf-43e7-b4df-61ef0b3a9fdc"", 907], [""c1c68594-e342-485e-8c1b-6236ec9e107f"", 898], [""6f092ad4-41e1-4b4f-b492-64496cf82fcb"", 888], [""2e90178e-8c6e-44a4-8d5a-82dab547abcf"", 887], [""4e63511b-e07c-4fe2-af13-d535b769bbbd"", 884], [""3b0f67b7-7799-4746-8435-9ccb71ccacec"", 883], [""e869b441-83d5-44d3-abc7-1a970170e1e4"", 882], [""a7044233-6fb9-4b71-96bb-62aa3b6062ea"", 881], [""b8196629-0482-415e-bc09-c1ce1cc49363"", 877], [""ba126ef5-093b-4138-810c-def1fa61ac40"", 874], [""168bc7ce-f2e2-46f4-8b35-43f4ddf39693"", 874], [""886dc81a-06f7-47dc-bdf6-da1524e86d7d"", 870], [""52c33723-f3ef-430c-a3f2-dd9ddfe0a0dd"", 847], [""e0d91e74-9836-43b7-b866-383398b2df70"", 834], [""4f96324f-0403-4ba1-b110-02c96a5cba84"", 820], [""577bce84-8d37-4851-9fb4-53f9467699ba"", 810], [""d65c2394-3eed-48b8-8a26-5f214003f312"", 807], [""c5c840c6-6238-4b37-b165-22016be695d9"", 806], [""92d39096-b1d1-4746-9812-474db1f5f049"", 806], [""6779676d-7bac-4431-bbb0-0b7c773b55da"", 789], [""f1d09f86-4d6a-435f-9b93-5ef0df73bce2"", 779], [""7eff9450-2afd-4265-a1f4-4c53580b47bc"", 771], [""1d38192e-5e0c-43e5-a813-835461e099ae"", 769], [""5d55e840-0d9f-48df-bc26-6f4466c02eb6"", 757], [""3f29e4ef-952a-4a98-9659-d26028f71319"", 754], [""a6ac0788-1205-4bfa-bc0d-bdedd7f77542"", 747], [""4a555a89-3c4e-4e35-91ed-eed175492e5d"", 738], [""77712740-d29f-4bb0-9b90-2aa3db72f3ba"", 722], [""39824ee5-7478-4dc4-baad-9a90e3ca30ff"", 720], [""3178b123-e965-4449-8944-c88b17d0d082"", 716], [""b99cfca7-d0cc-427f-b4ec-373067995536"", 706], [""b25deecf-dab2-4c86-ae98-047ee79ce320"", 704], [""e45ecf7e-1906-4d51-b79d-fec6aef8a844"", 697], [""2ed3aef8-6c08-4c7c-9d7c-8aa618321841"", 690], [""bd6c3fde-42cb-459e-8e81-b5ef2a90190f"", 675], [""2c6239f0-efd3-469e-86aa-554f62dfb4f8"", 667], [""fe517385-b033-4626-aa2c-70cfa0d1a74f"", 664], [""f46fc513-1a40-4930-a9ee-c9c1da5de582"", 659], [""342b5092-67e5-4a0e-a437-8b735f2a863c"", 656], [""7bedd5b4-8835-4825-ba08-502811d18911"", 655], [""ebb5f4d9-b91c-4a11-b6a9-45e471f03bc3"", 649], [""f0f0c7c0-c2dd-4f71-a15d-cc29ad1144b6"", 646], [""1046eed3-a68a-4d02-b26c-4f8054029760"", 639], [""39006dbe-f7a7-4f05-aeac-0ca1876a7a3f"", 633], [""d4486df4-6cee-4ff7-924a-98546d076135"", 623], [""9fb00ed6-2678-41f8-8e8e-c3ea1350b61b"", 622], [""b5b93cb0-7248-4b48-ad21-5ea028207cac"", 621], [""1f4f30c3-dbfc-4478-be7e-e047b7ad642a"", 617], [""3caa3c5a-9c12-464a-a794-8b7ca2cfaace"", 615], [""a95f8d98-ff4e-45fc-8ede-1687c1495833"", 611], [""0b078cad-b547-43a9-a401-35cab69549b4"", 608], [""4227d4ba-c467-4e19-8f48-5181a811a565"", 594]]",
03_results/first_pass_bcell_full/bcell_first_pass_labeled.h5ad,self_reported_ethnicity,categorical,4,0,"[[""European American"", 83847], [""Asian"", 67386], [""Hispanic or Latin"", 1043], [""African American"", 705]]",
03_results/first_pass_bcell_full/bcell_first_pass_labeled.h5ad,self_reported_ethnicity_ontology_term_id,categorical,4,0,"[[""HANCESTRO:0590"", 83847], [""HANCESTRO:0847"", 67386], [""HANCESTRO:0612"", 1043], [""HANCESTRO:0568"", 705]]",
03_results/first_pass_bcell_full/bcell_first_pass_labeled.h5ad,sex,categorical,2,0,"[[""female"", 145362], [""male"", 7619]]",
03_results/first_pass_bcell_full/bcell_first_pass_labeled.h5ad,sex_ontology_term_id,categorical,2,0,"[[""PATO:0000383"", 145362], [""PATO:0000384"", 7619]]",
03_results/first_pass_bcell_full/bcell_first_pass_labeled.h5ad,suspension_enriched_cell_types,categorical,1,0,"[[""peripheral blood mononuclear cell"", 152981]]",
03_results/first_pass_bcell_full/bcell_first_pass_processed.h5ad,Processing_Cohort,categorical,4,0,"[[""2.0"", 70427], [""4.0"", 40070], [""1.0"", 23763], [""3.0"", 18721]]",
03_results/first_pass_bcell_full/bcell_first_pass_processed.h5ad,author_cell_type,categorical,2,0,"[[""B"", 151570], [""PB"", 1411]]",
03_results/first_pass_bcell_full/bcell_first_pass_processed.h5ad,cell_type,categorical,2,0,"[[""B cell"", 151570], [""plasmablast"", 1411]]",
03_results/first_pass_bcell_full/bcell_first_pass_processed.h5ad,cell_type_ontology_term_id,categorical,2,0,"[[""CL:0000236"", 151570], [""CL:0000980"", 1411]]",
03_results/first_pass_bcell_full/bcell_first_pass_processed.h5ad,development_stage,categorical,55,0,"[[""27-year-old stage"", 10804], [""34-year-old stage"", 10755], [""33-year-old stage"", 8450], [""37-year-old stage"", 7480], [""31-year-old stage"", 6984], [""45-year-old stage"", 5233], [""26-year-old stage"", 5054], [""58-year-old stage"", 4564], [""25-year-old stage"", 4555], [""32-year-old stage"", 4493], [""28-year-old stage"", 4181], [""29-year-old stage"", 4168], [""35-year-old stage"", 4166], [""23-year-old stage"", 3633], [""24-year-old stage"", 3065], [""55-year-old stage"", 2988], [""52-year-old stage"", 2800], [""30-year-old stage"", 2709], [""54-year-old stage"", 2686], [""66-year-old stage"", 2573], [""42-year-old stage"", 2570], [""39-year-old stage"", 2490], [""43-year-old stage"", 2421], [""51-year-old stage"", 2359], [""53-year-old stage"", 2350], [""21-year-old stage"", 2321], [""46-year-old stage"", 2286], [""36-year-old stage"", 2257], [""64-year-old stage"", 2184], [""41-year-old stage"", 2143], [""57-year-old stage"", 2107], [""68-year-old stage"", 2082], [""56-year-old stage"", 2051], [""48-year-old stage"", 1945], [""38-year-old stage"", 1851], [""73-year-old stage"", 1804], [""59-year-old stage"", 1740], [""22-year-old stage"", 1524], [""60-year-old stage"", 1506], [""71-year-old stage"", 1243], [""62-year-old stage"", 1205], [""20-year-old stage"", 1132], [""65-year-old stage"", 1116], [""40-year-old stage"", 1073], [""69-year-old stage"", 980], [""74-year-old stage"", 913], [""61-year-old stage"", 797], [""63-year-old stage"", 786], [""49-year-old stage"", 707], [""50-year-old stage"", 408], [""70-year-old stage"", 394], [""75-year-old stage"", 328], [""44-year-old stage"", 229], [""47-year-old stage"", 192], [""83-year-old stage"", 146]]",
03_results/first_pass_bcell_full/bcell_first_pass_processed.h5ad,development_stage_ontology_term_id,categorical,55,0,"[[""HsapDv:0000121"", 10804], [""HsapDv:0000128"", 10755], [""HsapDv:0000127"", 8450], [""HsapDv:0000131"", 7480], [""HsapDv:0000125"", 6984], [""HsapDv:0000139"", 5233], [""HsapDv:0000120"", 5054], [""HsapDv:0000152"", 4564], [""HsapDv:0000119"", 4555], [""HsapDv:0000126"", 4493], [""HsapDv:0000122"", 4181], [""HsapDv:0000123"", 4168], [""HsapDv:0000129"", 4166], [""HsapDv:0000117"", 3633], [""HsapDv:0000118"", 3065], [""HsapDv:0000149"", 2988], [""HsapDv:0000146"", 2800], [""HsapDv:0000124"", 2709], [""HsapDv:0000148"", 2686], [""HsapDv:0000160"", 2573], [""HsapDv:0000136"", 2570], [""HsapDv:0000133"", 2490], [""HsapDv:0000137"", 2421], [""HsapDv:0000145"", 2359], [""HsapDv:0000147"", 2350], [""HsapDv:0000115"", 2321], [""HsapDv:0000140"", 2286], [""HsapDv:0000130"", 2257], [""HsapDv:0000158"", 2184], [""HsapDv:0000135"", 2143], [""HsapDv:0000151"", 2107], [""HsapDv:0000162"", 2082], [""HsapDv:0000150"", 2051], [""HsapDv:0000142"", 1945], [""HsapDv:0000132"", 1851], [""HsapDv:0000167"", 1804], [""HsapDv:0000153"", 1740], [""HsapDv:0000116"", 1524], [""HsapDv:0000154"", 1506], [""HsapDv:0000165"", 1243], [""HsapDv:0000156"", 1205], [""HsapDv:0000114"", 1132], [""HsapDv:0000159"", 1116], [""HsapDv:0000134"", 1073], [""HsapDv:0000163"", 980], [""HsapDv:0000168"", 913], [""HsapDv:0000155"", 797], [""HsapDv:0000157"", 786], [""HsapDv:0000143"", 707], [""HsapDv:0000144"", 408], [""HsapDv:0000164"", 394], [""HsapDv:0000169"", 328], [""HsapDv:0000138"", 229], [""HsapDv:0000141"", 192], [""HsapDv:0000209"", 146]]",
03_results/first_pass_bcell_full/bcell_first_pass_processed.h5ad,disease,categorical,2,0,"[[""systemic lupus erythematosus"", 92756], [""normal"", 60225]]",
03_results/first_pass_bcell_full/bcell_first_pass_processed.h5ad,disease_ontology_term_id,categorical,2,0,"[[""MONDO:0007915"", 92756], [""PATO:0000461"", 60225]]",
03_results/first_pass_bcell_full/bcell_first_pass_processed.h5ad,disease_state,categorical,4,0,"[[""managed"", 83437], [""na"", 60225], [""flare"", 7633], [""treated"", 1686]]",
03_results/first_pass_bcell_full/bcell_first_pass_processed.h5ad,donor_id,categorical,259,0,"[[""1334"", 2667], [""1419"", 2630], [""IGTB826"", 1882], [""HC-524"", 1804], [""1325"", 1797], [""1197"", 1794], [""1754"", 1717], [""IGTB514"", 1702], [""1621"", 1590], [""1226"", 1582], [""IGTB1540"", 1516], [""1716"", 1505], [""IGTB1372"", 1391], [""1480"", 1369], [""IGTB256"", 1353], [""1420"", 1276], [""IGTB195"", 1274], [""IGTB1506"", 1259], [""1730"", 1232], [""1294"", 1207], [""1130"", 1204], [""1667"", 1171], [""IGTB1650"", 1167], [""1772"", 1166], [""1682"", 1124], [""1741"", 1119], [""1046"", 1112], [""IGTB508"", 1098], [""FLARE001"", 1093], [""1417"", 1074], [""1857"", 1055], [""IGTB986"", 1054], [""IGTB469"", 1054], [""1022"", 1043], [""HC-504"", 1040], [""1586"", 1039], [""IGTB143"", 1030], [""1087"", 1024], [""1078"", 1009], [""IGTB1290"", 1004], [""IGTB498"", 991], [""1743"", 985], [""IGTB1539"", 978], [""1240"", 973], [""1493"", 968], [""1614"", 967], [""1496"", 938], [""IGTB1814"", 932], [""IGTB670"", 927], [""IGTB1966"", 925], [""HC-506"", 911], [""IGTB1840"", 907], [""1262"", 898], [""1815"", 888], [""FLARE005"", 887], [""1804"", 884], [""1251"", 883], [""1596"", 882], [""1623"", 881], [""1641"", 877], [""1279"", 874], [""1584"", 874], [""IGTB884"", 870], [""1418"", 847], [""IGTB1789"", 834], [""HC-014"", 820], [""1132"", 810], [""IGTB1921"", 807], [""1281"", 806], [""1510"", 806], [""FLARE009"", 802], [""1514"", 789], [""1122"", 779], [""1222"", 771], [""HC-519"", 769], [""1891"", 757], [""1492"", 754], [""1535"", 747], [""1259"", 738], [""FLARE004"", 737], [""IGTB141"", 722], [""IGTB1815"", 720], [""HC-009"", 706], [""IGTB1828"", 704], [""HC-538"", 690], [""HC-531"", 675], [""1791"", 667], [""FLARE007"", 664], [""IGTB1982"", 659], [""1768"", 656], [""IGTB1996"", 646], [""HC-526"", 639], [""HC-572"", 633], [""1054"", 623], [""1127"", 622], [""FLARE015"", 621], [""1366"", 617], [""IGTB1844"", 615], [""1947"", 611], [""1338"", 608]]",
03_results/first_pass_bcell_full/bcell_first_pass_processed.h5ad,leiden,categorical,8,0,"[[""0"", 44608], [""1"", 37335], [""2"", 28466], [""3"", 25070], [""4"", 6550], [""5"", 5502], [""6"", 4037], [""7"", 1413]]",
03_results/first_pass_bcell_full/bcell_first_pass_processed.h5ad,library_uuid,categorical,88,0,"[[""d8a37460-32f2-4b61-b1d2-1f7f0ba92779"", 2606], [""8950207b-4940-4ef9-ad01-0ad0dace6f27"", 2508], [""585af22b-b80b-4a1d-8cc8-17d65b2639e1"", 2505], [""222b358b-71e7-4b0f-9f9b-47b4c67aaa27"", 2489], [""3639058a-5dc3-49ad-82ff-cec405483912"", 2433], [""0c3a7808-800f-43b1-a57b-08c3b2bb9e5a"", 2322], [""56b848af-d12b-4f9c-b605-947e296caa46"", 2312], [""fb1e97d1-dd9c-4314-aae2-9c3745df1411"", 2267], [""60373b7d-7c45-428f-9622-aa4f854c4860"", 2216], [""b993ef60-52c8-41e2-83a2-bb44f1fb916f"", 2190], [""d4d2da4e-6580-479c-b5f6-77b109e72715"", 2187], [""cd2306bc-106c-4506-b778-d184713c463a"", 2103], [""1e3165e4-e0c0-4bf7-b803-7d8271b99fd5"", 2090], [""78c34b8c-196b-4a31-b700-08882bfaf4ab"", 2086], [""bdc30514-427c-403e-a0ee-61e7d04e407e"", 2001], [""f1568b25-4a87-414f-8329-1a860a3a8aeb"", 1972], [""0be87f87-d01a-495e-9605-d89d36240908"", 1950], [""683bd537-4ff4-4741-afe5-be328f499d4b"", 1926], [""15024b21-fb68-4bbe-92cf-0c9ab90f11a6"", 1922], [""68492085-4a2b-4551-9b12-75062c694069"", 1907], [""272dbb99-7929-46e2-8446-a19c21af05da"", 1882], [""9850fb76-4155-4910-881f-b5d33ee0835c"", 1874], [""32436280-1ea6-4678-bb18-4632fe8c4933"", 1849], [""a5cedd63-caae-415f-b7e4-c7f660fc89c8"", 1846], [""b816335c-8d84-4ecc-aa3e-2dea51795320"", 1840], [""0955850b-157b-4396-a3da-83b8bcbed172"", 1839], [""ecd9109f-7197-46df-b3a8-1ac2d9990185"", 1819], [""c7f79595-aa68-4139-9a87-094c761cc5ab"", 1814], [""ddae4c77-2b07-4e3e-97f1-84a37cf04321"", 1811], [""f2380b81-e46f-430b-8fd2-e3897ddf7be9"", 1805], [""d9278721-fad6-4eba-a1bb-4a26c0aea206"", 1792], [""dac92812-557b-4abd-8fb0-4f823ae8ff59"", 1777], [""8321fef1-a067-4a62-a461-37e1f1b4f868"", 1771], [""6ab35eea-1bae-4ee8-8e5f-5f1505715ac3"", 1769], [""2236c52d-924b-415a-aae0-00fa08d12d1f"", 1769], [""c64fa002-95f9-4429-b65c-6f55c7f907d4"", 1762], [""665a3535-8f40-4ae3-9260-cbce7060781f"", 1750], [""30bbf8d6-bd6a-4b4f-8d3e-a54bf78f79d5"", 1745], [""cdf51e52-a49a-474f-a6ba-da5a14137d09"", 1745], [""0103e306-959a-46b0-896d-d8b9dee40157"", 1741], [""152e2bfd-e9ea-4d70-a999-6f37fb3fb96c"", 1729], [""fc140c51-9b4f-427f-8e11-640bc7400007"", 1724], [""df159c28-05fb-4f35-83b8-8c14af793f2a"", 1701], [""34585dab-86cd-40a1-9780-83204c304046"", 1701], [""a5750809-7c9f-409f-baa1-9bfbb22d2fcc"", 1700], [""54530f14-aadf-4c2a-8f92-9c22a69cc022"", 1684], [""e7240495-f3e8-42a3-ac5c-4a9a7eebc341"", 1668], [""8627b3d4-c529-45b3-bf1e-0313791be91d"", 1659], [""3044f2b9-48b5-45ec-ac14-107f0d7372f0"", 1657], [""048cb921-e15f-47a6-a9e3-ed512574e5d7"", 1653], [""4e57f7cc-1df2-467f-8bfe-cb19af5d7350"", 1650], [""7c76a618-92ba-41fd-b0a7-306a1c1a6bf2"", 1645], [""894c6ccb-cb7a-4ea1-b032-b1d93b25247d"", 1635], [""1556abac-8f1a-404a-8a2f-402ac562143c"", 1633], [""9586e7f4-5c57-452e-bb13-90ceef874118"", 1631], [""d49aa545-2b96-409c-85e8-2bf8706475fb"", 1626], [""ddb0a996-79fe-4eac-8760-76ee74c7c333"", 1608], [""d641571e-6406-4309-ae61-acc6f2e0a50d"", 1608], [""cfb525cf-987b-42c8-afca-8dd18f45b32d"", 1603], [""91761416-a756-48e5-8768-fd169c7c564c"", 1601], [""ca103ed6-7a7e-4450-9546-ac295532bced"", 1593], [""e3629615-6d5c-4167-808f-996d53989dbf"", 1592], [""39564abe-76f3-4a33-9f10-f574069834bc"", 1581], [""43b9b939-e389-4784-b4e0-ee9d12aa7ca1"", 1572], [""7a2abe44-abb7-4648-bb14-224625a6da0b"", 1569], [""d461010c-38fd-414f-91bd-e1b3e7e2f8fb"", 1567], [""70a004b7-4a17-4702-8910-4557aa0c4279"", 1564], [""90e60bb7-e776-4dff-a8ba-6390acefdbee"", 1540], [""b795713b-ff23-4494-b6a3-1438b2baee3e"", 1537], [""16552c24-ef48-4e1f-aff5-319a1f739299"", 1528], [""1495b93b-a19f-4364-95a3-6d8ac531eac6"", 1527], [""2e65a160-ba6e-4001-b942-c2aa46cd2c5b"", 1515], [""cdab3145-edc9-4352-932c-1638e791bfc9"", 1514], [""2dbf699a-f6cd-446d-8dc4-0595319cfa99"", 1507], [""9184b09f-ca66-4623-a733-1f64bc1b424f"", 1507], [""d9942805-5a63-4958-b714-7088c0428c65"", 1502], [""d9bf3113-086e-4165-ba13-e78a3d7b4138"", 1502], [""28401515-eca4-442a-85fc-f8c2793b1c26"", 1484], [""6fd714df-b88d-43a6-8f75-3d300278329d"", 1451], [""3332f018-936e-4c4c-9105-99d9503db5a3"", 1451], [""10cec51f-a79f-4907-8745-b45df64f6946"", 1396], [""39093cbf-e0a9-480d-ab0b-e9e4cf95a9f8"", 1364], [""c2641f62-eb23-4dad-9c22-b52e72b79df2"", 1346], [""64f6fec6-18a3-4563-b731-189faf6423f2"", 1342], [""0c7c125d-46d6-40ba-8088-31fb2b526a78"", 1302], [""e9ebbe1e-ce77-4c97-a04e-4a64befe98c8"", 1027], [""3c722d55-1664-4996-8228-63504e862676"", 992], [""e16d2c39-bfd1-4fb1-8ed6-ad6b16f3652e"", 501]]",
03_results/first_pass_bcell_full/bcell_first_pass_processed.h5ad,mapped_reference_annotation,categorical,1,0,"[[""GENCODE 19"", 152981]]",
03_results/first_pass_bcell_full/bcell_first_pass_processed.h5ad,sample_uuid,categorical,271,0,"[[""fc11ebf7-2767-4d92-96f9-a57af8f1be30"", 2667], [""3f068829-713e-4b6a-a79a-754b7d9eef46"", 2630], [""4752a18e-a3a0-4699-99e8-18c7fee59072"", 1882], [""4452abfd-aa95-4982-b2c8-ac779e0cc76e"", 1804], [""0eebb9c2-8cf2-4e46-abcb-0525a9507033"", 1797], [""8ac7e282-b60a-4595-9904-8a46773e2c31"", 1794], [""27b03089-9abd-4025-b745-1a4d42f729a3"", 1717], [""9245fdfa-904c-4421-ba87-60da990f40ed"", 1702], [""4be5b6e5-f225-4892-9ac0-9233bf04dbb9"", 1590], [""1d10643b-90b7-4d0c-ad8d-534e5bd1ae8a"", 1582], [""f3091b7a-a59b-4bee-a4c4-c930424b63f3"", 1516], [""7b7167c1-bc81-4fa8-b322-18bab1ea6269"", 1505], [""bffca8a1-fc84-4f20-acae-3cf0d6313002"", 1391], [""57f0790a-15ce-4b6a-aae1-b45763b8d226"", 1369], [""d0660ae1-7bd5-4f68-9131-434571c29e96"", 1353], [""3ecf5ad3-4ae3-4152-a1d2-4c9c548c5551"", 1276], [""f0a33a73-192b-4398-b8bc-05eb0c59ae54"", 1274], [""a51ffc5a-e4cb-4b47-9154-4514e1dc9d65"", 1259], [""3ff8915f-d4b6-418d-89ec-61fffb366646"", 1232], [""0e4725c3-8e87-420e-bbf1-15781f6bbf5c"", 1207], [""ccccc606-2c86-4d7a-bb4a-8354017807a6"", 1171], [""13ec931d-a536-4679-ad6c-39d7bbaa8d5d"", 1167], [""2688f505-eb1a-4f9f-af54-e30b3da7dff3"", 1124], [""9ec7931d-1e6f-48eb-b455-4161dc116c2d"", 1119], [""53003f7f-f631-4dd0-ac73-543dcf566b81"", 1112], [""fd256bdb-e6dd-47ef-a4e4-ac0a7d2dcd1e"", 1098], [""b27b5052-47f3-4c7d-b9a3-4a3b2934e78c"", 1074], [""e570dc6e-cb7c-4143-af57-699407e46480"", 1055], [""e0286325-9289-4765-af44-1bded6b1d3df"", 1054], [""5f31d290-7101-4ef4-9510-f3692aba34de"", 1054], [""9ce1287e-217d-4812-a293-ced526e1b6a2"", 1043], [""58491584-2df2-4f81-829b-6f930c4d8649"", 1040], [""b8dde0a0-6c13-429b-a5df-a0527c4fca14"", 1033], [""b7c8655d-8d5e-4865-bc97-3c606cdaf5e9"", 1030], [""c49441c0-0e2b-4e5b-b9ba-2d0477d92b88"", 1024], [""9e51b938-f3a9-4d97-8802-b820ed2a6b96"", 1009], [""f6f39d84-6fb4-4519-9efa-f9ca4651e3c9"", 1004], [""3672d82d-f24c-4536-b75a-0627889e1426"", 991], [""46e6ff98-de92-4b09-98ae-ff683d6ed775"", 985], [""11c6a06c-f0e0-45bc-b5ec-1b14445548d4"", 978], [""a6c08d83-0500-4219-920e-e25d334a6409"", 973], [""58d745d1-10b8-4195-9cc0-7d5aadf9a791"", 968], [""9258d552-bade-4414-ad62-96fea54df354"", 967], [""5a4d2669-4967-4de5-853b-13c224029d30"", 938], [""d3aef314-d83b-4ce7-ac01-5ab74ea0fa4f"", 932], [""98e974a9-c08e-4066-8930-d627b18f1a89"", 927], [""27978e88-cfed-4b90-b622-fd572e5ea40d"", 925], [""27ae3b51-85d4-49fe-bcc3-89b0cbd59e23"", 911], [""b0c3cf74-58cf-43e7-b4df-61ef0b3a9fdc"", 907], [""c1c68594-e342-485e-8c1b-6236ec9e107f"", 898], [""6f092ad4-41e1-4b4f-b492-64496cf82fcb"", 888], [""2e90178e-8c6e-44a4-8d5a-82dab547abcf"", 887], [""4e63511b-e07c-4fe2-af13-d535b769bbbd"", 884], [""3b0f67b7-7799-4746-8435-9ccb71ccacec"", 883], [""e869b441-83d5-44d3-abc7-1a970170e1e4"", 882], [""a7044233-6fb9-4b71-96bb-62aa3b6062ea"", 881], [""b8196629-0482-415e-bc09-c1ce1cc49363"", 877], [""ba126ef5-093b-4138-810c-def1fa61ac40"", 874], [""168bc7ce-f2e2-46f4-8b35-43f4ddf39693"", 874], [""886dc81a-06f7-47dc-bdf6-da1524e86d7d"", 870], [""52c33723-f3ef-430c-a3f2-dd9ddfe0a0dd"", 847], [""e0d91e74-9836-43b7-b866-383398b2df70"", 834], [""4f96324f-0403-4ba1-b110-02c96a5cba84"", 820], [""577bce84-8d37-4851-9fb4-53f9467699ba"", 810], [""d65c2394-3eed-48b8-8a26-5f214003f312"", 807], [""c5c840c6-6238-4b37-b165-22016be695d9"", 806], [""92d39096-b1d1-4746-9812-474db1f5f049"", 806], [""6779676d-7bac-4431-bbb0-0b7c773b55da"", 789], [""f1d09f86-4d6a-435f-9b93-5ef0df73bce2"", 779], [""7eff9450-2afd-4265-a1f4-4c53580b47bc"", 771], [""1d38192e-5e0c-43e5-a813-835461e099ae"", 769], [""5d55e840-0d9f-48df-bc26-6f4466c02eb6"", 757], [""3f29e4ef-952a-4a98-9659-d26028f71319"", 754], [""a6ac0788-1205-4bfa-bc0d-bdedd7f77542"", 747], [""4a555a89-3c4e-4e35-91ed-eed175492e5d"", 738], [""77712740-d29f-4bb0-9b90-2aa3db72f3ba"", 722], [""39824ee5-7478-4dc4-baad-9a90e3ca30ff"", 720], [""3178b123-e965-4449-8944-c88b17d0d082"", 716], [""b99cfca7-d0cc-427f-b4ec-373067995536"", 706], [""b25deecf-dab2-4c86-ae98-047ee79ce320"", 704], [""e45ecf7e-1906-4d51-b79d-fec6aef8a844"", 697], [""2ed3aef8-6c08-4c7c-9d7c-8aa618321841"", 690], [""bd6c3fde-42cb-459e-8e81-b5ef2a90190f"", 675], [""2c6239f0-efd3-469e-86aa-554f62dfb4f8"", 667], [""fe517385-b033-4626-aa2c-70cfa0d1a74f"", 664], [""f46fc513-1a40-4930-a9ee-c9c1da5de582"", 659], [""342b5092-67e5-4a0e-a437-8b735f2a863c"", 656], [""7bedd5b4-8835-4825-ba08-502811d18911"", 655], [""ebb5f4d9-b91c-4a11-b6a9-45e471f03bc3"", 649], [""f0f0c7c0-c2dd-4f71-a15d-cc29ad1144b6"", 646], [""1046eed3-a68a-4d02-b26c-4f8054029760"", 639], [""39006dbe-f7a7-4f05-aeac-0ca1876a7a3f"", 633], [""d4486df4-6cee-4ff7-924a-98546d076135"", 623], [""9fb00ed6-2678-41f8-8e8e-c3ea1350b61b"", 622], [""b5b93cb0-7248-4b48-ad21-5ea028207cac"", 621], [""1f4f30c3-dbfc-4478-be7e-e047b7ad642a"", 617], [""3caa3c5a-9c12-464a-a794-8b7ca2cfaace"", 615], [""a95f8d98-ff4e-45fc-8ede-1687c1495833"", 611], [""0b078cad-b547-43a9-a401-35cab69549b4"", 608], [""4227d4ba-c467-4e19-8f48-5181a811a565"", 594]]",
03_results/first_pass_bcell_full/bcell_first_pass_processed.h5ad,self_reported_ethnicity,categorical,4,0,"[[""European American"", 83847], [""Asian"", 67386], [""Hispanic or Latin"", 1043], [""African American"", 705]]",
03_results/first_pass_bcell_full/bcell_first_pass_processed.h5ad,self_reported_ethnicity_ontology_term_id,categorical,4,0,"[[""HANCESTRO:0590"", 83847], [""HANCESTRO:0847"", 67386], [""HANCESTRO:0612"", 1043], [""HANCESTRO:0568"", 705]]",
03_results/first_pass_bcell_full/bcell_first_pass_processed.h5ad,sex,categorical,2,0,"[[""female"", 145362], [""male"", 7619]]",
03_results/first_pass_bcell_full/bcell_first_pass_processed.h5ad,sex_ontology_term_id,categorical,2,0,"[[""PATO:0000383"", 145362], [""PATO:0000384"", 7619]]",
03_results/first_pass_bcell_full/bcell_first_pass_processed.h5ad,suspension_enriched_cell_types,categorical,1,0,"[[""peripheral blood mononuclear cell"", 152981]]",
03_results/first_pass_bcell_smoke_20k/bcell_first_pass_processed.h5ad,Processing_Cohort,categorical,4,0,"[[""2.0"", 9210], [""4.0"", 5283], [""1.0"", 3107], [""3.0"", 2400]]",
03_results/first_pass_bcell_smoke_20k/bcell_first_pass_processed.h5ad,author_cell_type,categorical,2,0,"[[""B"", 19796], [""PB"", 204]]",
03_results/first_pass_bcell_smoke_20k/bcell_first_pass_processed.h5ad,cell_type,categorical,2,0,"[[""B cell"", 19796], [""plasmablast"", 204]]",
03_results/first_pass_bcell_smoke_20k/bcell_first_pass_processed.h5ad,cell_type_ontology_term_id,categorical,2,0,"[[""CL:0000236"", 19796], [""CL:0000980"", 204]]",
03_results/first_pass_bcell_smoke_20k/bcell_first_pass_processed.h5ad,development_stage,categorical,55,0,"[[""34-year-old stage"", 1439], [""27-year-old stage"", 1356], [""33-year-old stage"", 1123], [""37-year-old stage"", 963], [""31-year-old stage"", 919], [""45-year-old stage"", 698], [""26-year-old stage"", 618], [""58-year-old stage"", 590], [""32-year-old stage"", 585], [""25-year-old stage"", 564], [""29-year-old stage"", 560], [""28-year-old stage"", 546], [""35-year-old stage"", 528], [""23-year-old stage"", 486], [""24-year-old stage"", 403], [""30-year-old stage"", 393], [""55-year-old stage"", 365], [""52-year-old stage"", 354], [""54-year-old stage"", 351], [""42-year-old stage"", 336], [""66-year-old stage"", 333], [""39-year-old stage"", 327], [""53-year-old stage"", 325], [""41-year-old stage"", 320], [""43-year-old stage"", 319], [""51-year-old stage"", 317], [""21-year-old stage"", 309], [""46-year-old stage"", 298], [""36-year-old stage"", 292], [""64-year-old stage"", 290], [""68-year-old stage"", 276], [""57-year-old stage"", 274], [""56-year-old stage"", 243], [""38-year-old stage"", 242], [""48-year-old stage"", 238], [""59-year-old stage"", 231], [""73-year-old stage"", 228], [""60-year-old stage"", 209], [""22-year-old stage"", 204], [""71-year-old stage"", 170], [""65-year-old stage"", 162], [""62-year-old stage"", 159], [""20-year-old stage"", 153], [""40-year-old stage"", 141], [""69-year-old stage"", 134], [""74-year-old stage"", 119], [""63-year-old stage"", 118], [""61-year-old stage"", 100], [""49-year-old stage"", 85], [""70-year-old stage"", 57], [""75-year-old stage"", 43], [""50-year-old stage"", 37], [""44-year-old stage"", 29], [""47-year-old stage"", 26], [""83-year-old stage"", 15]]",
03_results/first_pass_bcell_smoke_20k/bcell_first_pass_processed.h5ad,development_stage_ontology_term_id,categorical,55,0,"[[""HsapDv:0000128"", 1439], [""HsapDv:0000121"", 1356], [""HsapDv:0000127"", 1123], [""HsapDv:0000131"", 963], [""HsapDv:0000125"", 919], [""HsapDv:0000139"", 698], [""HsapDv:0000120"", 618], [""HsapDv:0000152"", 590], [""HsapDv:0000126"", 585], [""HsapDv:0000119"", 564], [""HsapDv:0000123"", 560], [""HsapDv:0000122"", 546], [""HsapDv:0000129"", 528], [""HsapDv:0000117"", 486], [""HsapDv:0000118"", 403], [""HsapDv:0000124"", 393], [""HsapDv:0000149"", 365], [""HsapDv:0000146"", 354], [""HsapDv:0000148"", 351], [""HsapDv:0000136"", 336], [""HsapDv:0000160"", 333], [""HsapDv:0000133"", 327], [""HsapDv:0000147"", 325], [""HsapDv:0000135"", 320], [""HsapDv:0000137"", 319], [""HsapDv:0000145"", 317], [""HsapDv:0000115"", 309], [""HsapDv:0000140"", 298], [""HsapDv:0000130"", 292], [""HsapDv:0000158"", 290], [""HsapDv:0000162"", 276], [""HsapDv:0000151"", 274], [""HsapDv:0000150"", 243], [""HsapDv:0000132"", 242], [""HsapDv:0000142"", 238], [""HsapDv:0000153"", 231], [""HsapDv:0000167"", 228], [""HsapDv:0000154"", 209], [""HsapDv:0000116"", 204], [""HsapDv:0000165"", 170], [""HsapDv:0000159"", 162], [""HsapDv:0000156"", 159], [""HsapDv:0000114"", 153], [""HsapDv:0000134"", 141], [""HsapDv:0000163"", 134], [""HsapDv:0000168"", 119], [""HsapDv:0000157"", 118], [""HsapDv:0000155"", 100], [""HsapDv:0000143"", 85], [""HsapDv:0000164"", 57], [""HsapDv:0000169"", 43], [""HsapDv:0000144"", 37], [""HsapDv:0000138"", 29], [""HsapDv:0000141"", 26], [""HsapDv:0000209"", 15]]",
03_results/first_pass_bcell_smoke_20k/bcell_first_pass_processed.h5ad,disease,categorical,2,0,"[[""systemic lupus erythematosus"", 12152], [""normal"", 7848]]",
03_results/first_pass_bcell_smoke_20k/bcell_first_pass_processed.h5ad,disease_ontology_term_id,categorical,2,0,"[[""MONDO:0007915"", 12152], [""PATO:0000461"", 7848]]",
03_results/first_pass_bcell_smoke_20k/bcell_first_pass_processed.h5ad,disease_state,categorical,4,0,"[[""managed"", 10977], [""na"", 7848], [""flare"", 978], [""treated"", 197]]",
03_results/first_pass_bcell_smoke_20k/bcell_first_pass_processed.h5ad,donor_id,categorical,259,0,"[[""1419"", 341], [""1334"", 341], [""IGTB826"", 246], [""1197"", 234], [""1621"", 231], [""IGTB514"", 228], [""1325"", 228], [""HC-524"", 228], [""1754"", 223], [""1226"", 215], [""1716"", 210], [""IGTB1540"", 198], [""1420"", 198], [""IGTB1506"", 190], [""1480"", 177], [""IGTB195"", 175], [""1294"", 174], [""1772"", 171], [""IGTB256"", 163], [""1667"", 162], [""IGTB1372"", 162], [""1730"", 159], [""FLARE001"", 152], [""IGTB508"", 152], [""1087"", 149], [""1741"", 146], [""1417"", 146], [""IGTB986"", 142], [""1130"", 142], [""IGTB1650"", 140], [""HC-504"", 135], [""1078"", 135], [""1046"", 133], [""1743"", 132], [""IGTB143"", 132], [""1857"", 131], [""1682"", 130], [""1586"", 130], [""1493"", 130], [""IGTB469"", 129], [""1614"", 129], [""IGTB1539"", 128], [""IGTB670"", 127], [""1815"", 126], [""1623"", 126], [""IGTB498"", 126], [""1022"", 124], [""IGTB884"", 122], [""1496"", 122], [""1240"", 122], [""IGTB1290"", 121], [""IGTB1966"", 121], [""1804"", 119], [""IGTB1840"", 116], [""1418"", 116], [""1584"", 116], [""1281"", 116], [""IGTB1921"", 116], [""1132"", 116], [""IGTB1789"", 116], [""1251"", 112], [""HC-519"", 112], [""1641"", 111], [""FLARE005"", 110], [""1510"", 109], [""HC-014"", 108], [""1262"", 107], [""1259"", 107], [""1122"", 106], [""IGTB1814"", 106], [""HC-506"", 105], [""1535"", 103], [""1596"", 102], [""1279"", 101], [""IGTB1828"", 99], [""HC-538"", 99], [""IGTB1982"", 95], [""1848"", 94], [""1514"", 94], [""1492"", 94], [""1891"", 93], [""IGTB141"", 92], [""HC-531"", 92], [""FLARE015"", 91], [""FLARE009"", 91], [""1338"", 91], [""1768"", 89], [""IGTB1815"", 89], [""FLARE007"", 85], [""HC-580"", 85], [""1222"", 84], [""HC-009"", 83], [""FLARE004"", 82], [""1791"", 82], [""1127"", 82], [""1054"", 79], [""1366"", 78], [""IGTB1996"", 76], [""IGTB1895"", 76], [""HC-546"", 76]]",
03_results/first_pass_bcell_smoke_20k/bcell_first_pass_processed.h5ad,leiden,categorical,8,0,"[[""0"", 6391], [""1"", 3421], [""2"", 3223], [""3"", 2380], [""4"", 2304], [""5"", 1160], [""6"", 907], [""7"", 214]]",
03_results/first_pass_bcell_smoke_20k/bcell_first_pass_processed.h5ad,library_uuid,categorical,88,0,"[[""d8a37460-32f2-4b61-b1d2-1f7f0ba92779"", 355], [""222b358b-71e7-4b0f-9f9b-47b4c67aaa27"", 348], [""585af22b-b80b-4a1d-8cc8-17d65b2639e1"", 348], [""8950207b-4940-4ef9-ad01-0ad0dace6f27"", 328], [""3639058a-5dc3-49ad-82ff-cec405483912"", 320], [""d4d2da4e-6580-479c-b5f6-77b109e72715"", 319], [""0c3a7808-800f-43b1-a57b-08c3b2bb9e5a"", 310], [""56b848af-d12b-4f9c-b605-947e296caa46"", 305], [""b993ef60-52c8-41e2-83a2-bb44f1fb916f"", 286], [""cd2306bc-106c-4506-b778-d184713c463a"", 285], [""78c34b8c-196b-4a31-b700-08882bfaf4ab"", 283], [""fb1e97d1-dd9c-4314-aae2-9c3745df1411"", 282], [""60373b7d-7c45-428f-9622-aa4f854c4860"", 277], [""68492085-4a2b-4551-9b12-75062c694069"", 271], [""1e3165e4-e0c0-4bf7-b803-7d8271b99fd5"", 267], [""bdc30514-427c-403e-a0ee-61e7d04e407e"", 267], [""f1568b25-4a87-414f-8329-1a860a3a8aeb"", 263], [""ecd9109f-7197-46df-b3a8-1ac2d9990185"", 260], [""683bd537-4ff4-4741-afe5-be328f499d4b"", 256], [""6ab35eea-1bae-4ee8-8e5f-5f1505715ac3"", 255], [""34585dab-86cd-40a1-9780-83204c304046"", 255], [""32436280-1ea6-4678-bb18-4632fe8c4933"", 255], [""272dbb99-7929-46e2-8446-a19c21af05da"", 250], [""30bbf8d6-bd6a-4b4f-8d3e-a54bf78f79d5"", 248], [""dac92812-557b-4abd-8fb0-4f823ae8ff59"", 244], [""0be87f87-d01a-495e-9605-d89d36240908"", 244], [""c7f79595-aa68-4139-9a87-094c761cc5ab"", 235], [""15024b21-fb68-4bbe-92cf-0c9ab90f11a6"", 235], [""c64fa002-95f9-4429-b65c-6f55c7f907d4"", 234], [""a5cedd63-caae-415f-b7e4-c7f660fc89c8"", 233], [""d9278721-fad6-4eba-a1bb-4a26c0aea206"", 232], [""0103e306-959a-46b0-896d-d8b9dee40157"", 231], [""9850fb76-4155-4910-881f-b5d33ee0835c"", 230], [""ddb0a996-79fe-4eac-8760-76ee74c7c333"", 227], [""665a3535-8f40-4ae3-9260-cbce7060781f"", 227], [""1556abac-8f1a-404a-8a2f-402ac562143c"", 226], [""f2380b81-e46f-430b-8fd2-e3897ddf7be9"", 224], [""b816335c-8d84-4ecc-aa3e-2dea51795320"", 224], [""a5750809-7c9f-409f-baa1-9bfbb22d2fcc"", 224], [""2236c52d-924b-415a-aae0-00fa08d12d1f"", 224], [""e7240495-f3e8-42a3-ac5c-4a9a7eebc341"", 222], [""ddae4c77-2b07-4e3e-97f1-84a37cf04321"", 221], [""152e2bfd-e9ea-4d70-a999-6f37fb3fb96c"", 221], [""df159c28-05fb-4f35-83b8-8c14af793f2a"", 220], [""8627b3d4-c529-45b3-bf1e-0313791be91d"", 219], [""894c6ccb-cb7a-4ea1-b032-b1d93b25247d"", 219], [""0955850b-157b-4396-a3da-83b8bcbed172"", 219], [""7c76a618-92ba-41fd-b0a7-306a1c1a6bf2"", 219], [""cdab3145-edc9-4352-932c-1638e791bfc9"", 217], [""fc140c51-9b4f-427f-8e11-640bc7400007"", 216], [""d461010c-38fd-414f-91bd-e1b3e7e2f8fb"", 216], [""3044f2b9-48b5-45ec-ac14-107f0d7372f0"", 216], [""cdf51e52-a49a-474f-a6ba-da5a14137d09"", 216], [""16552c24-ef48-4e1f-aff5-319a1f739299"", 216], [""048cb921-e15f-47a6-a9e3-ed512574e5d7"", 213], [""39564abe-76f3-4a33-9f10-f574069834bc"", 213], [""8321fef1-a067-4a62-a461-37e1f1b4f868"", 212], [""43b9b939-e389-4784-b4e0-ee9d12aa7ca1"", 211], [""70a004b7-4a17-4702-8910-4557aa0c4279"", 210], [""d49aa545-2b96-409c-85e8-2bf8706475fb"", 209], [""d9bf3113-086e-4165-ba13-e78a3d7b4138"", 208], [""4e57f7cc-1df2-467f-8bfe-cb19af5d7350"", 206], [""3332f018-936e-4c4c-9105-99d9503db5a3"", 206], [""b795713b-ff23-4494-b6a3-1438b2baee3e"", 203], [""6fd714df-b88d-43a6-8f75-3d300278329d"", 203], [""90e60bb7-e776-4dff-a8ba-6390acefdbee"", 203], [""10cec51f-a79f-4907-8745-b45df64f6946"", 202], [""9184b09f-ca66-4623-a733-1f64bc1b424f"", 200], [""91761416-a756-48e5-8768-fd169c7c564c"", 198], [""d641571e-6406-4309-ae61-acc6f2e0a50d"", 198], [""e3629615-6d5c-4167-808f-996d53989dbf"", 197], [""2dbf699a-f6cd-446d-8dc4-0595319cfa99"", 196], [""54530f14-aadf-4c2a-8f92-9c22a69cc022"", 195], [""cfb525cf-987b-42c8-afca-8dd18f45b32d"", 194], [""d9942805-5a63-4958-b714-7088c0428c65"", 191], [""7a2abe44-abb7-4648-bb14-224625a6da0b"", 191], [""28401515-eca4-442a-85fc-f8c2793b1c26"", 188], [""9586e7f4-5c57-452e-bb13-90ceef874118"", 186], [""39093cbf-e0a9-480d-ab0b-e9e4cf95a9f8"", 181], [""1495b93b-a19f-4364-95a3-6d8ac531eac6"", 179], [""ca103ed6-7a7e-4450-9546-ac295532bced"", 177], [""2e65a160-ba6e-4001-b942-c2aa46cd2c5b"", 175], [""64f6fec6-18a3-4563-b731-189faf6423f2"", 170], [""0c7c125d-46d6-40ba-8088-31fb2b526a78"", 169], [""c2641f62-eb23-4dad-9c22-b52e72b79df2"", 164], [""e9ebbe1e-ce77-4c97-a04e-4a64befe98c8"", 134], [""3c722d55-1664-4996-8228-63504e862676"", 111], [""e16d2c39-bfd1-4fb1-8ed6-ad6b16f3652e"", 63]]",
03_results/first_pass_bcell_smoke_20k/bcell_first_pass_processed.h5ad,mapped_reference_annotation,categorical,1,0,"[[""GENCODE 19"", 20000]]",
03_results/first_pass_bcell_smoke_20k/bcell_first_pass_processed.h5ad,sample_uuid,categorical,271,0,"[[""3f068829-713e-4b6a-a79a-754b7d9eef46"", 341], [""fc11ebf7-2767-4d92-96f9-a57af8f1be30"", 341], [""4752a18e-a3a0-4699-99e8-18c7fee59072"", 246], [""8ac7e282-b60a-4595-9904-8a46773e2c31"", 234], [""4be5b6e5-f225-4892-9ac0-9233bf04dbb9"", 231], [""9245fdfa-904c-4421-ba87-60da990f40ed"", 228], [""0eebb9c2-8cf2-4e46-abcb-0525a9507033"", 228], [""4452abfd-aa95-4982-b2c8-ac779e0cc76e"", 228], [""27b03089-9abd-4025-b745-1a4d42f729a3"", 223], [""1d10643b-90b7-4d0c-ad8d-534e5bd1ae8a"", 215], [""7b7167c1-bc81-4fa8-b322-18bab1ea6269"", 210], [""f3091b7a-a59b-4bee-a4c4-c930424b63f3"", 198], [""3ecf5ad3-4ae3-4152-a1d2-4c9c548c5551"", 198], [""a51ffc5a-e4cb-4b47-9154-4514e1dc9d65"", 190], [""57f0790a-15ce-4b6a-aae1-b45763b8d226"", 177], [""f0a33a73-192b-4398-b8bc-05eb0c59ae54"", 175], [""0e4725c3-8e87-420e-bbf1-15781f6bbf5c"", 174], [""d0660ae1-7bd5-4f68-9131-434571c29e96"", 163], [""ccccc606-2c86-4d7a-bb4a-8354017807a6"", 162], [""bffca8a1-fc84-4f20-acae-3cf0d6313002"", 162], [""3ff8915f-d4b6-418d-89ec-61fffb366646"", 159], [""fd256bdb-e6dd-47ef-a4e4-ac0a7d2dcd1e"", 152], [""c49441c0-0e2b-4e5b-b9ba-2d0477d92b88"", 149], [""9ec7931d-1e6f-48eb-b455-4161dc116c2d"", 146], [""b27b5052-47f3-4c7d-b9a3-4a3b2934e78c"", 146], [""e0286325-9289-4765-af44-1bded6b1d3df"", 142], [""13ec931d-a536-4679-ad6c-39d7bbaa8d5d"", 140], [""58491584-2df2-4f81-829b-6f930c4d8649"", 135], [""9e51b938-f3a9-4d97-8802-b820ed2a6b96"", 135], [""53003f7f-f631-4dd0-ac73-543dcf566b81"", 133], [""46e6ff98-de92-4b09-98ae-ff683d6ed775"", 132], [""b7c8655d-8d5e-4865-bc97-3c606cdaf5e9"", 132], [""e570dc6e-cb7c-4143-af57-699407e46480"", 131], [""2688f505-eb1a-4f9f-af54-e30b3da7dff3"", 130], [""58d745d1-10b8-4195-9cc0-7d5aadf9a791"", 130], [""5f31d290-7101-4ef4-9510-f3692aba34de"", 129], [""b8dde0a0-6c13-429b-a5df-a0527c4fca14"", 129], [""9258d552-bade-4414-ad62-96fea54df354"", 129], [""11c6a06c-f0e0-45bc-b5ec-1b14445548d4"", 128], [""98e974a9-c08e-4066-8930-d627b18f1a89"", 127], [""6f092ad4-41e1-4b4f-b492-64496cf82fcb"", 126], [""a7044233-6fb9-4b71-96bb-62aa3b6062ea"", 126], [""3672d82d-f24c-4536-b75a-0627889e1426"", 126], [""9ce1287e-217d-4812-a293-ced526e1b6a2"", 124], [""886dc81a-06f7-47dc-bdf6-da1524e86d7d"", 122], [""5a4d2669-4967-4de5-853b-13c224029d30"", 122], [""a6c08d83-0500-4219-920e-e25d334a6409"", 122], [""f6f39d84-6fb4-4519-9efa-f9ca4651e3c9"", 121], [""27978e88-cfed-4b90-b622-fd572e5ea40d"", 121], [""4e63511b-e07c-4fe2-af13-d535b769bbbd"", 119], [""b0c3cf74-58cf-43e7-b4df-61ef0b3a9fdc"", 116], [""52c33723-f3ef-430c-a3f2-dd9ddfe0a0dd"", 116], [""168bc7ce-f2e2-46f4-8b35-43f4ddf39693"", 116], [""c5c840c6-6238-4b37-b165-22016be695d9"", 116], [""d65c2394-3eed-48b8-8a26-5f214003f312"", 116], [""577bce84-8d37-4851-9fb4-53f9467699ba"", 116], [""e0d91e74-9836-43b7-b866-383398b2df70"", 116], [""3b0f67b7-7799-4746-8435-9ccb71ccacec"", 112], [""1d38192e-5e0c-43e5-a813-835461e099ae"", 112], [""b8196629-0482-415e-bc09-c1ce1cc49363"", 111], [""2e90178e-8c6e-44a4-8d5a-82dab547abcf"", 110], [""92d39096-b1d1-4746-9812-474db1f5f049"", 109], [""4f96324f-0403-4ba1-b110-02c96a5cba84"", 108], [""c1c68594-e342-485e-8c1b-6236ec9e107f"", 107], [""4a555a89-3c4e-4e35-91ed-eed175492e5d"", 107], [""f1d09f86-4d6a-435f-9b93-5ef0df73bce2"", 106], [""d3aef314-d83b-4ce7-ac01-5ab74ea0fa4f"", 106], [""27ae3b51-85d4-49fe-bcc3-89b0cbd59e23"", 105], [""3178b123-e965-4449-8944-c88b17d0d082"", 105], [""a6ac0788-1205-4bfa-bc0d-bdedd7f77542"", 103], [""e869b441-83d5-44d3-abc7-1a970170e1e4"", 102], [""ba126ef5-093b-4138-810c-def1fa61ac40"", 101], [""b25deecf-dab2-4c86-ae98-047ee79ce320"", 99], [""2ed3aef8-6c08-4c7c-9d7c-8aa618321841"", 99], [""f46fc513-1a40-4930-a9ee-c9c1da5de582"", 95], [""2d3d3f42-1bf4-4177-9be3-0f70a79f9d49"", 94], [""6779676d-7bac-4431-bbb0-0b7c773b55da"", 94], [""3f29e4ef-952a-4a98-9659-d26028f71319"", 94], [""7bedd5b4-8835-4825-ba08-502811d18911"", 93], [""5d55e840-0d9f-48df-bc26-6f4466c02eb6"", 93], [""77712740-d29f-4bb0-9b90-2aa3db72f3ba"", 92], [""bd6c3fde-42cb-459e-8e81-b5ef2a90190f"", 92], [""b5b93cb0-7248-4b48-ad21-5ea028207cac"", 91], [""0b078cad-b547-43a9-a401-35cab69549b4"", 91], [""342b5092-67e5-4a0e-a437-8b735f2a863c"", 89], [""39824ee5-7478-4dc4-baad-9a90e3ca30ff"", 89], [""fe517385-b033-4626-aa2c-70cfa0d1a74f"", 85], [""279d06b2-a656-413d-8805-b07615ea48ee"", 85], [""7eff9450-2afd-4265-a1f4-4c53580b47bc"", 84], [""b99cfca7-d0cc-427f-b4ec-373067995536"", 83], [""e45ecf7e-1906-4d51-b79d-fec6aef8a844"", 83], [""2c6239f0-efd3-469e-86aa-554f62dfb4f8"", 82], [""ebb5f4d9-b91c-4a11-b6a9-45e471f03bc3"", 82], [""9fb00ed6-2678-41f8-8e8e-c3ea1350b61b"", 82], [""d4486df4-6cee-4ff7-924a-98546d076135"", 79], [""1f4f30c3-dbfc-4478-be7e-e047b7ad642a"", 78], [""f0f0c7c0-c2dd-4f71-a15d-cc29ad1144b6"", 76], [""6d32f89c-b5b9-4486-94f8-5368115f0408"", 76], [""0a1148dc-356f-4dc4-9c32-bf0823257d93"", 76], [""037d2b66-6091-42f8-b0ff-07c9130dea62"", 75]]",
03_results/first_pass_bcell_smoke_20k/bcell_first_pass_processed.h5ad,self_reported_ethnicity,categorical,4,0,"[[""European American"", 10991], [""Asian"", 8803], [""Hispanic or Latin"", 126], [""African American"", 80]]",
03_results/first_pass_bcell_smoke_20k/bcell_first_pass_processed.h5ad,self_reported_ethnicity_ontology_term_id,categorical,4,0,"[[""HANCESTRO:0590"", 10991], [""HANCESTRO:0847"", 8803], [""HANCESTRO:0612"", 126], [""HANCESTRO:0568"", 80]]",
03_results/first_pass_bcell_smoke_20k/bcell_first_pass_processed.h5ad,sex,categorical,2,0,"[[""female"", 18976], [""male"", 1024]]",
03_results/first_pass_bcell_smoke_20k/bcell_first_pass_processed.h5ad,sex_ontology_term_id,categorical,2,0,"[[""PATO:0000383"", 18976], [""PATO:0000384"", 1024]]",
03_results/first_pass_bcell_smoke_20k/bcell_first_pass_processed.h5ad,suspension_enriched_cell_types,categorical,1,0,"[[""peripheral blood mononuclear cell"", 20000]]",
Data/processed/GSE135779_nehar_validation/gse135779_b_subcluster_counts.h5ad,SLEDAI,categorical,5,0,"[[""none"", 11831], [""0 to 3"", 7748], [""4 to 6"", 6659], ["">6"", 4129], [""no data"", 1812]]",
Data/processed/GSE135779_nehar_validation/gse135779_b_subcluster_counts.h5ad,cohort,categorical,2,0,"[[""childhood"", 29196], [""adult"", 2983]]",
Data/processed/GSE135779_nehar_validation/gse135779_b_subcluster_counts.h5ad,disease,categorical,2,0,"[[""systemic lupus erythematosus"", 20348], [""normal"", 11831]]",
Data/processed/GSE135779_nehar_validation/gse135779_b_subcluster_counts.h5ad,disease_label,categorical,2,0,"[[""SLE"", 20348], [""HC"", 11831]]",
Data/processed/GSE135779_nehar_validation/gse135779_b_subcluster_counts.h5ad,donor_name,categorical,56,0,"[[""cHD1"", 1761], [""cSLE11"", 1604], [""cSLE10"", 1355], [""cSLE1"", 1340], [""cHD2"", 1157], [""cSLE24"", 1039], [""cHD10"", 1014], [""cSLE17"", 1007], [""cSLE33"", 991], [""cSLE2"", 977], [""cHD6"", 935], [""cHD9"", 849], [""cSLE26"", 829], [""cSLE32"", 821], [""cHD7"", 790], [""cSLE18"", 755], [""cHD3"", 735], [""cHD11"", 727], [""cHD8"", 722], [""cSLE27"", 687], [""cSLE9"", 616], [""cSLE25"", 606], [""cSLE30"", 592], [""aHD4"", 580], [""cSLE16"", 573], [""cSLE13"", 558], [""cSLE8"", 536], [""aHD5"", 490], [""cHD5"", 469], [""cSLE15"", 464], [""cHD4"", 446], [""cSLE4"", 438], [""aHD6"", 414], [""aHD3"", 404], [""cSLE23"", 400], [""cSLE3"", 399], [""cSLE6"", 386], [""cSLE7"", 386], [""cSLE5"", 373], [""cSLE21"", 370], [""aHD1"", 338], [""cSLE22"", 309], [""cSLE19"", 301], [""aSLE3"", 270], [""cSLE31"", 237], [""cSLE20"", 216], [""cSLE28"", 155], [""cSLE29"", 142], [""aSLE5"", 132], [""aSLE7"", 128], [""cSLE12"", 106], [""aSLE4"", 89], [""aSLE1"", 64], [""aSLE2"", 53], [""cSLE14"", 23], [""aSLE6"", 21]]",
Data/processed/GSE135779_nehar_validation/gse135779_b_subcluster_counts.h5ad,sample_id,categorical,56,0,"[[""JB17010"", 1761], [""JB17016"", 1604], [""JB17015"", 1355], [""JB17001"", 1340], [""JB17017"", 1157], [""JB18071"", 1039], [""JB18085"", 1014], [""JB17024"", 1007], [""JB18082"", 991], [""JB17002"", 977], [""JB18077"", 935], [""JB18084"", 849], [""JB18073"", 829], [""JB18081"", 821], [""JB18078"", 790], [""JB18063"", 755], [""JB17018"", 735], [""JB18086"", 727], [""JB18083"", 722], [""JB18074"", 687], [""JB17014"", 616], [""JB18072"", 606], [""JB18079"", 592], [""JB19009"", 580], [""JB17023"", 573], [""JB17020"", 558], [""JB17008"", 536], [""JB19010"", 490], [""JB18070"", 469], [""JB17022"", 464], [""JB18069"", 446], [""JB17004"", 438], [""JB19011"", 414], [""JB19003"", 404], [""JB18068"", 400], [""JB17003"", 399], [""JB17006"", 386], [""JB17007"", 386], [""JB17005"", 373], [""JB18066"", 370], [""JB19001"", 338], [""JB18067"", 309], [""JB18064"", 301], [""JB19007"", 270], [""JB18080"", 237], [""JB18065"", 216], [""JB18075"", 155], [""JB18076"", 142], [""JB19013"", 132], [""JB19015"", 128], [""JB17019"", 106], [""JB19008"", 89], [""JB19004"", 64], [""JB19006"", 53], [""JB17021"", 23], [""JB19014"", 21]]",
Data/processed/GSE135779_nehar_validation/gse135779_b_subcluster_counts.h5ad,subclusters,categorical,8,0,"[[""B-caSC0"", 6406], [""B-caSC1"", 6261], [""B-caSC2"", 5950], [""B-caSC3"", 4165], [""B-caSC4"", 3257], [""B-caSC5"", 2831], [""B-caSC6"", 1675], [""B-caSC7"", 1634]]",
Data/processed/GSE163121_bcell_validation/gse163121_bcell_counts.h5ad,disease,categorical,2,0,"[[""systemic lupus erythematosus"", 15402], [""normal"", 9635]]",
Data/processed/GSE163121_bcell_validation/gse163121_bcell_counts.h5ad,disease_label,categorical,2,0,"[[""SLE"", 15402], [""HC"", 9635]]",
Data/processed/GSE163121_bcell_validation/gse163121_bcell_counts.h5ad,donor_id,categorical,5,0,"[[""SLE2"", 7351], [""HC1"", 5514], [""SLE3"", 4535], [""HC2"", 4121], [""SLE1"", 3516]]",
Data/processed/GSE163121_bcell_validation/gse163121_bcell_counts.h5ad,sample_accession,categorical,5,0,"[[""GSM4972216"", 7351], [""GSM4972213"", 5514], [""GSM4972217"", 4535], [""GSM4972214"", 4121], [""GSM4972215"", 3516]]",
Data/processed/GSE163121_bcell_validation/gse163121_bcell_counts.h5ad,sample_label,categorical,5,0,"[[""SLE2"", 7351], [""HC1"", 5514], [""SLE3"", 4535], [""HC2"", 4121], [""SLE1"", 3516]]",
Data/processed/GSE174188_perez_cellxgene/bcell_subset_full.h5ad,Processing_Cohort,categorical,4,0,"[[""2.0"", 70427], [""4.0"", 40070], [""1.0"", 23763], [""3.0"", 18721]]",
Data/processed/GSE174188_perez_cellxgene/bcell_subset_full.h5ad,author_cell_type,categorical,2,0,"[[""B"", 151570], [""PB"", 1411]]",
Data/processed/GSE174188_perez_cellxgene/bcell_subset_full.h5ad,cell_type,categorical,2,0,"[[""B cell"", 151570], [""plasmablast"", 1411]]",
Data/processed/GSE174188_perez_cellxgene/bcell_subset_full.h5ad,cell_type_ontology_term_id,categorical,2,0,"[[""CL:0000236"", 151570], [""CL:0000980"", 1411]]",
Data/processed/GSE174188_perez_cellxgene/bcell_subset_full.h5ad,development_stage,categorical,55,0,"[[""27-year-old stage"", 10804], [""34-year-old stage"", 10755], [""33-year-old stage"", 8450], [""37-year-old stage"", 7480], [""31-year-old stage"", 6984], [""45-year-old stage"", 5233], [""26-year-old stage"", 5054], [""58-year-old stage"", 4564], [""25-year-old stage"", 4555], [""32-year-old stage"", 4493], [""28-year-old stage"", 4181], [""29-year-old stage"", 4168], [""35-year-old stage"", 4166], [""23-year-old stage"", 3633], [""24-year-old stage"", 3065], [""55-year-old stage"", 2988], [""52-year-old stage"", 2800], [""30-year-old stage"", 2709], [""54-year-old stage"", 2686], [""66-year-old stage"", 2573], [""42-year-old stage"", 2570], [""39-year-old stage"", 2490], [""43-year-old stage"", 2421], [""51-year-old stage"", 2359], [""53-year-old stage"", 2350], [""21-year-old stage"", 2321], [""46-year-old stage"", 2286], [""36-year-old stage"", 2257], [""64-year-old stage"", 2184], [""41-year-old stage"", 2143], [""57-year-old stage"", 2107], [""68-year-old stage"", 2082], [""56-year-old stage"", 2051], [""48-year-old stage"", 1945], [""38-year-old stage"", 1851], [""73-year-old stage"", 1804], [""59-year-old stage"", 1740], [""22-year-old stage"", 1524], [""60-year-old stage"", 1506], [""71-year-old stage"", 1243], [""62-year-old stage"", 1205], [""20-year-old stage"", 1132], [""65-year-old stage"", 1116], [""40-year-old stage"", 1073], [""69-year-old stage"", 980], [""74-year-old stage"", 913], [""61-year-old stage"", 797], [""63-year-old stage"", 786], [""49-year-old stage"", 707], [""50-year-old stage"", 408], [""70-year-old stage"", 394], [""75-year-old stage"", 328], [""44-year-old stage"", 229], [""47-year-old stage"", 192], [""83-year-old stage"", 146]]",
Data/processed/GSE174188_perez_cellxgene/bcell_subset_full.h5ad,development_stage_ontology_term_id,categorical,55,0,"[[""HsapDv:0000121"", 10804], [""HsapDv:0000128"", 10755], [""HsapDv:0000127"", 8450], [""HsapDv:0000131"", 7480], [""HsapDv:0000125"", 6984], [""HsapDv:0000139"", 5233], [""HsapDv:0000120"", 5054], [""HsapDv:0000152"", 4564], [""HsapDv:0000119"", 4555], [""HsapDv:0000126"", 4493], [""HsapDv:0000122"", 4181], [""HsapDv:0000123"", 4168], [""HsapDv:0000129"", 4166], [""HsapDv:0000117"", 3633], [""HsapDv:0000118"", 3065], [""HsapDv:0000149"", 2988], [""HsapDv:0000146"", 2800], [""HsapDv:0000124"", 2709], [""HsapDv:0000148"", 2686], [""HsapDv:0000160"", 2573], [""HsapDv:0000136"", 2570], [""HsapDv:0000133"", 2490], [""HsapDv:0000137"", 2421], [""HsapDv:0000145"", 2359], [""HsapDv:0000147"", 2350], [""HsapDv:0000115"", 2321], [""HsapDv:0000140"", 2286], [""HsapDv:0000130"", 2257], [""HsapDv:0000158"", 2184], [""HsapDv:0000135"", 2143], [""HsapDv:0000151"", 2107], [""HsapDv:0000162"", 2082], [""HsapDv:0000150"", 2051], [""HsapDv:0000142"", 1945], [""HsapDv:0000132"", 1851], [""HsapDv:0000167"", 1804], [""HsapDv:0000153"", 1740], [""HsapDv:0000116"", 1524], [""HsapDv:0000154"", 1506], [""HsapDv:0000165"", 1243], [""HsapDv:0000156"", 1205], [""HsapDv:0000114"", 1132], [""HsapDv:0000159"", 1116], [""HsapDv:0000134"", 1073], [""HsapDv:0000163"", 980], [""HsapDv:0000168"", 913], [""HsapDv:0000155"", 797], [""HsapDv:0000157"", 786], [""HsapDv:0000143"", 707], [""HsapDv:0000144"", 408], [""HsapDv:0000164"", 394], [""HsapDv:0000169"", 328], [""HsapDv:0000138"", 229], [""HsapDv:0000141"", 192], [""HsapDv:0000209"", 146]]",
Data/processed/GSE174188_perez_cellxgene/bcell_subset_full.h5ad,disease,categorical,2,0,"[[""systemic lupus erythematosus"", 92756], [""normal"", 60225]]",
Data/processed/GSE174188_perez_cellxgene/bcell_subset_full.h5ad,disease_ontology_term_id,categorical,2,0,"[[""MONDO:0007915"", 92756], [""PATO:0000461"", 60225]]",
Data/processed/GSE174188_perez_cellxgene/bcell_subset_full.h5ad,disease_state,categorical,4,0,"[[""managed"", 83437], [""na"", 60225], [""flare"", 7633], [""treated"", 1686]]",
Data/processed/GSE174188_perez_cellxgene/bcell_subset_full.h5ad,donor_id,categorical,259,0,"[[""1334"", 2667], [""1419"", 2630], [""IGTB826"", 1882], [""HC-524"", 1804], [""1325"", 1797], [""1197"", 1794], [""1754"", 1717], [""IGTB514"", 1702], [""1621"", 1590], [""1226"", 1582], [""IGTB1540"", 1516], [""1716"", 1505], [""IGTB1372"", 1391], [""1480"", 1369], [""IGTB256"", 1353], [""1420"", 1276], [""IGTB195"", 1274], [""IGTB1506"", 1259], [""1730"", 1232], [""1294"", 1207], [""1130"", 1204], [""1667"", 1171], [""IGTB1650"", 1167], [""1772"", 1166], [""1682"", 1124], [""1741"", 1119], [""1046"", 1112], [""IGTB508"", 1098], [""FLARE001"", 1093], [""1417"", 1074], [""1857"", 1055], [""IGTB986"", 1054], [""IGTB469"", 1054], [""1022"", 1043], [""HC-504"", 1040], [""1586"", 1039], [""IGTB143"", 1030], [""1087"", 1024], [""1078"", 1009], [""IGTB1290"", 1004], [""IGTB498"", 991], [""1743"", 985], [""IGTB1539"", 978], [""1240"", 973], [""1493"", 968], [""1614"", 967], [""1496"", 938], [""IGTB1814"", 932], [""IGTB670"", 927], [""IGTB1966"", 925], [""HC-506"", 911], [""IGTB1840"", 907], [""1262"", 898], [""1815"", 888], [""FLARE005"", 887], [""1804"", 884], [""1251"", 883], [""1596"", 882], [""1623"", 881], [""1641"", 877], [""1279"", 874], [""1584"", 874], [""IGTB884"", 870], [""1418"", 847], [""IGTB1789"", 834], [""HC-014"", 820], [""1132"", 810], [""IGTB1921"", 807], [""1281"", 806], [""1510"", 806], [""FLARE009"", 802], [""1514"", 789], [""1122"", 779], [""1222"", 771], [""HC-519"", 769], [""1891"", 757], [""1492"", 754], [""1535"", 747], [""1259"", 738], [""FLARE004"", 737], [""IGTB141"", 722], [""IGTB1815"", 720], [""HC-009"", 706], [""IGTB1828"", 704], [""HC-538"", 690], [""HC-531"", 675], [""1791"", 667], [""FLARE007"", 664], [""IGTB1982"", 659], [""1768"", 656], [""IGTB1996"", 646], [""HC-526"", 639], [""HC-572"", 633], [""1054"", 623], [""1127"", 622], [""FLARE015"", 621], [""1366"", 617], [""IGTB1844"", 615], [""1947"", 611], [""1338"", 608]]",
Data/processed/GSE174188_perez_cellxgene/bcell_subset_full.h5ad,library_uuid,categorical,88,0,"[[""d8a37460-32f2-4b61-b1d2-1f7f0ba92779"", 2606], [""8950207b-4940-4ef9-ad01-0ad0dace6f27"", 2508], [""585af22b-b80b-4a1d-8cc8-17d65b2639e1"", 2505], [""222b358b-71e7-4b0f-9f9b-47b4c67aaa27"", 2489], [""3639058a-5dc3-49ad-82ff-cec405483912"", 2433], [""0c3a7808-800f-43b1-a57b-08c3b2bb9e5a"", 2322], [""56b848af-d12b-4f9c-b605-947e296caa46"", 2312], [""fb1e97d1-dd9c-4314-aae2-9c3745df1411"", 2267], [""60373b7d-7c45-428f-9622-aa4f854c4860"", 2216], [""b993ef60-52c8-41e2-83a2-bb44f1fb916f"", 2190], [""d4d2da4e-6580-479c-b5f6-77b109e72715"", 2187], [""cd2306bc-106c-4506-b778-d184713c463a"", 2103], [""1e3165e4-e0c0-4bf7-b803-7d8271b99fd5"", 2090], [""78c34b8c-196b-4a31-b700-08882bfaf4ab"", 2086], [""bdc30514-427c-403e-a0ee-61e7d04e407e"", 2001], [""f1568b25-4a87-414f-8329-1a860a3a8aeb"", 1972], [""0be87f87-d01a-495e-9605-d89d36240908"", 1950], [""683bd537-4ff4-4741-afe5-be328f499d4b"", 1926], [""15024b21-fb68-4bbe-92cf-0c9ab90f11a6"", 1922], [""68492085-4a2b-4551-9b12-75062c694069"", 1907], [""272dbb99-7929-46e2-8446-a19c21af05da"", 1882], [""9850fb76-4155-4910-881f-b5d33ee0835c"", 1874], [""32436280-1ea6-4678-bb18-4632fe8c4933"", 1849], [""a5cedd63-caae-415f-b7e4-c7f660fc89c8"", 1846], [""b816335c-8d84-4ecc-aa3e-2dea51795320"", 1840], [""0955850b-157b-4396-a3da-83b8bcbed172"", 1839], [""ecd9109f-7197-46df-b3a8-1ac2d9990185"", 1819], [""c7f79595-aa68-4139-9a87-094c761cc5ab"", 1814], [""ddae4c77-2b07-4e3e-97f1-84a37cf04321"", 1811], [""f2380b81-e46f-430b-8fd2-e3897ddf7be9"", 1805], [""d9278721-fad6-4eba-a1bb-4a26c0aea206"", 1792], [""dac92812-557b-4abd-8fb0-4f823ae8ff59"", 1777], [""8321fef1-a067-4a62-a461-37e1f1b4f868"", 1771], [""6ab35eea-1bae-4ee8-8e5f-5f1505715ac3"", 1769], [""2236c52d-924b-415a-aae0-00fa08d12d1f"", 1769], [""c64fa002-95f9-4429-b65c-6f55c7f907d4"", 1762], [""665a3535-8f40-4ae3-9260-cbce7060781f"", 1750], [""30bbf8d6-bd6a-4b4f-8d3e-a54bf78f79d5"", 1745], [""cdf51e52-a49a-474f-a6ba-da5a14137d09"", 1745], [""0103e306-959a-46b0-896d-d8b9dee40157"", 1741], [""152e2bfd-e9ea-4d70-a999-6f37fb3fb96c"", 1729], [""fc140c51-9b4f-427f-8e11-640bc7400007"", 1724], [""df159c28-05fb-4f35-83b8-8c14af793f2a"", 1701], [""34585dab-86cd-40a1-9780-83204c304046"", 1701], [""a5750809-7c9f-409f-baa1-9bfbb22d2fcc"", 1700], [""54530f14-aadf-4c2a-8f92-9c22a69cc022"", 1684], [""e7240495-f3e8-42a3-ac5c-4a9a7eebc341"", 1668], [""8627b3d4-c529-45b3-bf1e-0313791be91d"", 1659], [""3044f2b9-48b5-45ec-ac14-107f0d7372f0"", 1657], [""048cb921-e15f-47a6-a9e3-ed512574e5d7"", 1653], [""4e57f7cc-1df2-467f-8bfe-cb19af5d7350"", 1650], [""7c76a618-92ba-41fd-b0a7-306a1c1a6bf2"", 1645], [""894c6ccb-cb7a-4ea1-b032-b1d93b25247d"", 1635], [""1556abac-8f1a-404a-8a2f-402ac562143c"", 1633], [""9586e7f4-5c57-452e-bb13-90ceef874118"", 1631], [""d49aa545-2b96-409c-85e8-2bf8706475fb"", 1626], [""ddb0a996-79fe-4eac-8760-76ee74c7c333"", 1608], [""d641571e-6406-4309-ae61-acc6f2e0a50d"", 1608], [""cfb525cf-987b-42c8-afca-8dd18f45b32d"", 1603], [""91761416-a756-48e5-8768-fd169c7c564c"", 1601], [""ca103ed6-7a7e-4450-9546-ac295532bced"", 1593], [""e3629615-6d5c-4167-808f-996d53989dbf"", 1592], [""39564abe-76f3-4a33-9f10-f574069834bc"", 1581], [""43b9b939-e389-4784-b4e0-ee9d12aa7ca1"", 1572], [""7a2abe44-abb7-4648-bb14-224625a6da0b"", 1569], [""d461010c-38fd-414f-91bd-e1b3e7e2f8fb"", 1567], [""70a004b7-4a17-4702-8910-4557aa0c4279"", 1564], [""90e60bb7-e776-4dff-a8ba-6390acefdbee"", 1540], [""b795713b-ff23-4494-b6a3-1438b2baee3e"", 1537], [""16552c24-ef48-4e1f-aff5-319a1f739299"", 1528], [""1495b93b-a19f-4364-95a3-6d8ac531eac6"", 1527], [""2e65a160-ba6e-4001-b942-c2aa46cd2c5b"", 1515], [""cdab3145-edc9-4352-932c-1638e791bfc9"", 1514], [""2dbf699a-f6cd-446d-8dc4-0595319cfa99"", 1507], [""9184b09f-ca66-4623-a733-1f64bc1b424f"", 1507], [""d9942805-5a63-4958-b714-7088c0428c65"", 1502], [""d9bf3113-086e-4165-ba13-e78a3d7b4138"", 1502], [""28401515-eca4-442a-85fc-f8c2793b1c26"", 1484], [""6fd714df-b88d-43a6-8f75-3d300278329d"", 1451], [""3332f018-936e-4c4c-9105-99d9503db5a3"", 1451], [""10cec51f-a79f-4907-8745-b45df64f6946"", 1396], [""39093cbf-e0a9-480d-ab0b-e9e4cf95a9f8"", 1364], [""c2641f62-eb23-4dad-9c22-b52e72b79df2"", 1346], [""64f6fec6-18a3-4563-b731-189faf6423f2"", 1342], [""0c7c125d-46d6-40ba-8088-31fb2b526a78"", 1302], [""e9ebbe1e-ce77-4c97-a04e-4a64befe98c8"", 1027], [""3c722d55-1664-4996-8228-63504e862676"", 992], [""e16d2c39-bfd1-4fb1-8ed6-ad6b16f3652e"", 501]]",
Data/processed/GSE174188_perez_cellxgene/bcell_subset_full.h5ad,mapped_reference_annotation,categorical,1,0,"[[""GENCODE 19"", 152981]]",
Data/processed/GSE174188_perez_cellxgene/bcell_subset_full.h5ad,sample_uuid,categorical,271,0,"[[""fc11ebf7-2767-4d92-96f9-a57af8f1be30"", 2667], [""3f068829-713e-4b6a-a79a-754b7d9eef46"", 2630], [""4752a18e-a3a0-4699-99e8-18c7fee59072"", 1882], [""4452abfd-aa95-4982-b2c8-ac779e0cc76e"", 1804], [""0eebb9c2-8cf2-4e46-abcb-0525a9507033"", 1797], [""8ac7e282-b60a-4595-9904-8a46773e2c31"", 1794], [""27b03089-9abd-4025-b745-1a4d42f729a3"", 1717], [""9245fdfa-904c-4421-ba87-60da990f40ed"", 1702], [""4be5b6e5-f225-4892-9ac0-9233bf04dbb9"", 1590], [""1d10643b-90b7-4d0c-ad8d-534e5bd1ae8a"", 1582], [""f3091b7a-a59b-4bee-a4c4-c930424b63f3"", 1516], [""7b7167c1-bc81-4fa8-b322-18bab1ea6269"", 1505], [""bffca8a1-fc84-4f20-acae-3cf0d6313002"", 1391], [""57f0790a-15ce-4b6a-aae1-b45763b8d226"", 1369], [""d0660ae1-7bd5-4f68-9131-434571c29e96"", 1353], [""3ecf5ad3-4ae3-4152-a1d2-4c9c548c5551"", 1276], [""f0a33a73-192b-4398-b8bc-05eb0c59ae54"", 1274], [""a51ffc5a-e4cb-4b47-9154-4514e1dc9d65"", 1259], [""3ff8915f-d4b6-418d-89ec-61fffb366646"", 1232], [""0e4725c3-8e87-420e-bbf1-15781f6bbf5c"", 1207], [""ccccc606-2c86-4d7a-bb4a-8354017807a6"", 1171], [""13ec931d-a536-4679-ad6c-39d7bbaa8d5d"", 1167], [""2688f505-eb1a-4f9f-af54-e30b3da7dff3"", 1124], [""9ec7931d-1e6f-48eb-b455-4161dc116c2d"", 1119], [""53003f7f-f631-4dd0-ac73-543dcf566b81"", 1112], [""fd256bdb-e6dd-47ef-a4e4-ac0a7d2dcd1e"", 1098], [""b27b5052-47f3-4c7d-b9a3-4a3b2934e78c"", 1074], [""e570dc6e-cb7c-4143-af57-699407e46480"", 1055], [""e0286325-9289-4765-af44-1bded6b1d3df"", 1054], [""5f31d290-7101-4ef4-9510-f3692aba34de"", 1054], [""9ce1287e-217d-4812-a293-ced526e1b6a2"", 1043], [""58491584-2df2-4f81-829b-6f930c4d8649"", 1040], [""b8dde0a0-6c13-429b-a5df-a0527c4fca14"", 1033], [""b7c8655d-8d5e-4865-bc97-3c606cdaf5e9"", 1030], [""c49441c0-0e2b-4e5b-b9ba-2d0477d92b88"", 1024], [""9e51b938-f3a9-4d97-8802-b820ed2a6b96"", 1009], [""f6f39d84-6fb4-4519-9efa-f9ca4651e3c9"", 1004], [""3672d82d-f24c-4536-b75a-0627889e1426"", 991], [""46e6ff98-de92-4b09-98ae-ff683d6ed775"", 985], [""11c6a06c-f0e0-45bc-b5ec-1b14445548d4"", 978], [""a6c08d83-0500-4219-920e-e25d334a6409"", 973], [""58d745d1-10b8-4195-9cc0-7d5aadf9a791"", 968], [""9258d552-bade-4414-ad62-96fea54df354"", 967], [""5a4d2669-4967-4de5-853b-13c224029d30"", 938], [""d3aef314-d83b-4ce7-ac01-5ab74ea0fa4f"", 932], [""98e974a9-c08e-4066-8930-d627b18f1a89"", 927], [""27978e88-cfed-4b90-b622-fd572e5ea40d"", 925], [""27ae3b51-85d4-49fe-bcc3-89b0cbd59e23"", 911], [""b0c3cf74-58cf-43e7-b4df-61ef0b3a9fdc"", 907], [""c1c68594-e342-485e-8c1b-6236ec9e107f"", 898], [""6f092ad4-41e1-4b4f-b492-64496cf82fcb"", 888], [""2e90178e-8c6e-44a4-8d5a-82dab547abcf"", 887], [""4e63511b-e07c-4fe2-af13-d535b769bbbd"", 884], [""3b0f67b7-7799-4746-8435-9ccb71ccacec"", 883], [""e869b441-83d5-44d3-abc7-1a970170e1e4"", 882], [""a7044233-6fb9-4b71-96bb-62aa3b6062ea"", 881], [""b8196629-0482-415e-bc09-c1ce1cc49363"", 877], [""ba126ef5-093b-4138-810c-def1fa61ac40"", 874], [""168bc7ce-f2e2-46f4-8b35-43f4ddf39693"", 874], [""886dc81a-06f7-47dc-bdf6-da1524e86d7d"", 870], [""52c33723-f3ef-430c-a3f2-dd9ddfe0a0dd"", 847], [""e0d91e74-9836-43b7-b866-383398b2df70"", 834], [""4f96324f-0403-4ba1-b110-02c96a5cba84"", 820], [""577bce84-8d37-4851-9fb4-53f9467699ba"", 810], [""d65c2394-3eed-48b8-8a26-5f214003f312"", 807], [""c5c840c6-6238-4b37-b165-22016be695d9"", 806], [""92d39096-b1d1-4746-9812-474db1f5f049"", 806], [""6779676d-7bac-4431-bbb0-0b7c773b55da"", 789], [""f1d09f86-4d6a-435f-9b93-5ef0df73bce2"", 779], [""7eff9450-2afd-4265-a1f4-4c53580b47bc"", 771], [""1d38192e-5e0c-43e5-a813-835461e099ae"", 769], [""5d55e840-0d9f-48df-bc26-6f4466c02eb6"", 757], [""3f29e4ef-952a-4a98-9659-d26028f71319"", 754], [""a6ac0788-1205-4bfa-bc0d-bdedd7f77542"", 747], [""4a555a89-3c4e-4e35-91ed-eed175492e5d"", 738], [""77712740-d29f-4bb0-9b90-2aa3db72f3ba"", 722], [""39824ee5-7478-4dc4-baad-9a90e3ca30ff"", 720], [""3178b123-e965-4449-8944-c88b17d0d082"", 716], [""b99cfca7-d0cc-427f-b4ec-373067995536"", 706], [""b25deecf-dab2-4c86-ae98-047ee79ce320"", 704], [""e45ecf7e-1906-4d51-b79d-fec6aef8a844"", 697], [""2ed3aef8-6c08-4c7c-9d7c-8aa618321841"", 690], [""bd6c3fde-42cb-459e-8e81-b5ef2a90190f"", 675], [""2c6239f0-efd3-469e-86aa-554f62dfb4f8"", 667], [""fe517385-b033-4626-aa2c-70cfa0d1a74f"", 664], [""f46fc513-1a40-4930-a9ee-c9c1da5de582"", 659], [""342b5092-67e5-4a0e-a437-8b735f2a863c"", 656], [""7bedd5b4-8835-4825-ba08-502811d18911"", 655], [""ebb5f4d9-b91c-4a11-b6a9-45e471f03bc3"", 649], [""f0f0c7c0-c2dd-4f71-a15d-cc29ad1144b6"", 646], [""1046eed3-a68a-4d02-b26c-4f8054029760"", 639], [""39006dbe-f7a7-4f05-aeac-0ca1876a7a3f"", 633], [""d4486df4-6cee-4ff7-924a-98546d076135"", 623], [""9fb00ed6-2678-41f8-8e8e-c3ea1350b61b"", 622], [""b5b93cb0-7248-4b48-ad21-5ea028207cac"", 621], [""1f4f30c3-dbfc-4478-be7e-e047b7ad642a"", 617], [""3caa3c5a-9c12-464a-a794-8b7ca2cfaace"", 615], [""a95f8d98-ff4e-45fc-8ede-1687c1495833"", 611], [""0b078cad-b547-43a9-a401-35cab69549b4"", 608], [""4227d4ba-c467-4e19-8f48-5181a811a565"", 594]]",
Data/processed/GSE174188_perez_cellxgene/bcell_subset_full.h5ad,self_reported_ethnicity,categorical,4,0,"[[""European American"", 83847], [""Asian"", 67386], [""Hispanic or Latin"", 1043], [""African American"", 705]]",
Data/processed/GSE174188_perez_cellxgene/bcell_subset_full.h5ad,self_reported_ethnicity_ontology_term_id,categorical,4,0,"[[""HANCESTRO:0590"", 83847], [""HANCESTRO:0847"", 67386], [""HANCESTRO:0612"", 1043], [""HANCESTRO:0568"", 705]]",
Data/processed/GSE174188_perez_cellxgene/bcell_subset_full.h5ad,sex,categorical,2,0,"[[""female"", 145362], [""male"", 7619]]",
Data/processed/GSE174188_perez_cellxgene/bcell_subset_full.h5ad,sex_ontology_term_id,categorical,2,0,"[[""PATO:0000383"", 145362], [""PATO:0000384"", 7619]]",
Data/processed/GSE174188_perez_cellxgene/bcell_subset_full.h5ad,suspension_enriched_cell_types,categorical,1,0,"[[""peripheral blood mononuclear cell"", 152981]]",
Data/processed/GSE174188_perez_cellxgene/bcell_subset_smoke_20k.h5ad,Processing_Cohort,categorical,4,0,"[[""2.0"", 9210], [""4.0"", 5283], [""1.0"", 3107], [""3.0"", 2400]]",
Data/processed/GSE174188_perez_cellxgene/bcell_subset_smoke_20k.h5ad,author_cell_type,categorical,2,0,"[[""B"", 19796], [""PB"", 204]]",
Data/processed/GSE174188_perez_cellxgene/bcell_subset_smoke_20k.h5ad,cell_type,categorical,2,0,"[[""B cell"", 19796], [""plasmablast"", 204]]",
Data/processed/GSE174188_perez_cellxgene/bcell_subset_smoke_20k.h5ad,cell_type_ontology_term_id,categorical,2,0,"[[""CL:0000236"", 19796], [""CL:0000980"", 204]]",
Data/processed/GSE174188_perez_cellxgene/bcell_subset_smoke_20k.h5ad,development_stage,categorical,55,0,"[[""34-year-old stage"", 1439], [""27-year-old stage"", 1356], [""33-year-old stage"", 1123], [""37-year-old stage"", 963], [""31-year-old stage"", 919], [""45-year-old stage"", 698], [""26-year-old stage"", 618], [""58-year-old stage"", 590], [""32-year-old stage"", 585], [""25-year-old stage"", 564], [""29-year-old stage"", 560], [""28-year-old stage"", 546], [""35-year-old stage"", 528], [""23-year-old stage"", 486], [""24-year-old stage"", 403], [""30-year-old stage"", 393], [""55-year-old stage"", 365], [""52-year-old stage"", 354], [""54-year-old stage"", 351], [""42-year-old stage"", 336], [""66-year-old stage"", 333], [""39-year-old stage"", 327], [""53-year-old stage"", 325], [""41-year-old stage"", 320], [""43-year-old stage"", 319], [""51-year-old stage"", 317], [""21-year-old stage"", 309], [""46-year-old stage"", 298], [""36-year-old stage"", 292], [""64-year-old stage"", 290], [""68-year-old stage"", 276], [""57-year-old stage"", 274], [""56-year-old stage"", 243], [""38-year-old stage"", 242], [""48-year-old stage"", 238], [""59-year-old stage"", 231], [""73-year-old stage"", 228], [""60-year-old stage"", 209], [""22-year-old stage"", 204], [""71-year-old stage"", 170], [""65-year-old stage"", 162], [""62-year-old stage"", 159], [""20-year-old stage"", 153], [""40-year-old stage"", 141], [""69-year-old stage"", 134], [""74-year-old stage"", 119], [""63-year-old stage"", 118], [""61-year-old stage"", 100], [""49-year-old stage"", 85], [""70-year-old stage"", 57], [""75-year-old stage"", 43], [""50-year-old stage"", 37], [""44-year-old stage"", 29], [""47-year-old stage"", 26], [""83-year-old stage"", 15]]",
Data/processed/GSE174188_perez_cellxgene/bcell_subset_smoke_20k.h5ad,development_stage_ontology_term_id,categorical,55,0,"[[""HsapDv:0000128"", 1439], [""HsapDv:0000121"", 1356], [""HsapDv:0000127"", 1123], [""HsapDv:0000131"", 963], [""HsapDv:0000125"", 919], [""HsapDv:0000139"", 698], [""HsapDv:0000120"", 618], [""HsapDv:0000152"", 590], [""HsapDv:0000126"", 585], [""HsapDv:0000119"", 564], [""HsapDv:0000123"", 560], [""HsapDv:0000122"", 546], [""HsapDv:0000129"", 528], [""HsapDv:0000117"", 486], [""HsapDv:0000118"", 403], [""HsapDv:0000124"", 393], [""HsapDv:0000149"", 365], [""HsapDv:0000146"", 354], [""HsapDv:0000148"", 351], [""HsapDv:0000136"", 336], [""HsapDv:0000160"", 333], [""HsapDv:0000133"", 327], [""HsapDv:0000147"", 325], [""HsapDv:0000135"", 320], [""HsapDv:0000137"", 319], [""HsapDv:0000145"", 317], [""HsapDv:0000115"", 309], [""HsapDv:0000140"", 298], [""HsapDv:0000130"", 292], [""HsapDv:0000158"", 290], [""HsapDv:0000162"", 276], [""HsapDv:0000151"", 274], [""HsapDv:0000150"", 243], [""HsapDv:0000132"", 242], [""HsapDv:0000142"", 238], [""HsapDv:0000153"", 231], [""HsapDv:0000167"", 228], [""HsapDv:0000154"", 209], [""HsapDv:0000116"", 204], [""HsapDv:0000165"", 170], [""HsapDv:0000159"", 162], [""HsapDv:0000156"", 159], [""HsapDv:0000114"", 153], [""HsapDv:0000134"", 141], [""HsapDv:0000163"", 134], [""HsapDv:0000168"", 119], [""HsapDv:0000157"", 118], [""HsapDv:0000155"", 100], [""HsapDv:0000143"", 85], [""HsapDv:0000164"", 57], [""HsapDv:0000169"", 43], [""HsapDv:0000144"", 37], [""HsapDv:0000138"", 29], [""HsapDv:0000141"", 26], [""HsapDv:0000209"", 15]]",
Data/processed/GSE174188_perez_cellxgene/bcell_subset_smoke_20k.h5ad,disease,categorical,2,0,"[[""systemic lupus erythematosus"", 12152], [""normal"", 7848]]",
Data/processed/GSE174188_perez_cellxgene/bcell_subset_smoke_20k.h5ad,disease_ontology_term_id,categorical,2,0,"[[""MONDO:0007915"", 12152], [""PATO:0000461"", 7848]]",
Data/processed/GSE174188_perez_cellxgene/bcell_subset_smoke_20k.h5ad,disease_state,categorical,4,0,"[[""managed"", 10977], [""na"", 7848], [""flare"", 978], [""treated"", 197]]",
Data/processed/GSE174188_perez_cellxgene/bcell_subset_smoke_20k.h5ad,donor_id,categorical,259,0,"[[""1419"", 341], [""1334"", 341], [""IGTB826"", 246], [""1197"", 234], [""1621"", 231], [""IGTB514"", 228], [""1325"", 228], [""HC-524"", 228], [""1754"", 223], [""1226"", 215], [""1716"", 210], [""IGTB1540"", 198], [""1420"", 198], [""IGTB1506"", 190], [""1480"", 177], [""IGTB195"", 175], [""1294"", 174], [""1772"", 171], [""IGTB256"", 163], [""1667"", 162], [""IGTB1372"", 162], [""1730"", 159], [""FLARE001"", 152], [""IGTB508"", 152], [""1087"", 149], [""1741"", 146], [""1417"", 146], [""IGTB986"", 142], [""1130"", 142], [""IGTB1650"", 140], [""HC-504"", 135], [""1078"", 135], [""1046"", 133], [""1743"", 132], [""IGTB143"", 132], [""1857"", 131], [""1682"", 130], [""1586"", 130], [""1493"", 130], [""IGTB469"", 129], [""1614"", 129], [""IGTB1539"", 128], [""IGTB670"", 127], [""1815"", 126], [""1623"", 126], [""IGTB498"", 126], [""1022"", 124], [""IGTB884"", 122], [""1496"", 122], [""1240"", 122], [""IGTB1290"", 121], [""IGTB1966"", 121], [""1804"", 119], [""IGTB1840"", 116], [""1418"", 116], [""1584"", 116], [""1281"", 116], [""IGTB1921"", 116], [""1132"", 116], [""IGTB1789"", 116], [""1251"", 112], [""HC-519"", 112], [""1641"", 111], [""FLARE005"", 110], [""1510"", 109], [""HC-014"", 108], [""1262"", 107], [""1259"", 107], [""1122"", 106], [""IGTB1814"", 106], [""HC-506"", 105], [""1535"", 103], [""1596"", 102], [""1279"", 101], [""IGTB1828"", 99], [""HC-538"", 99], [""IGTB1982"", 95], [""1848"", 94], [""1514"", 94], [""1492"", 94], [""1891"", 93], [""IGTB141"", 92], [""HC-531"", 92], [""FLARE015"", 91], [""FLARE009"", 91], [""1338"", 91], [""1768"", 89], [""IGTB1815"", 89], [""FLARE007"", 85], [""HC-580"", 85], [""1222"", 84], [""HC-009"", 83], [""FLARE004"", 82], [""1791"", 82], [""1127"", 82], [""1054"", 79], [""1366"", 78], [""IGTB1996"", 76], [""IGTB1895"", 76], [""HC-546"", 76]]",
Data/processed/GSE174188_perez_cellxgene/bcell_subset_smoke_20k.h5ad,library_uuid,categorical,88,0,"[[""d8a37460-32f2-4b61-b1d2-1f7f0ba92779"", 355], [""222b358b-71e7-4b0f-9f9b-47b4c67aaa27"", 348], [""585af22b-b80b-4a1d-8cc8-17d65b2639e1"", 348], [""8950207b-4940-4ef9-ad01-0ad0dace6f27"", 328], [""3639058a-5dc3-49ad-82ff-cec405483912"", 320], [""d4d2da4e-6580-479c-b5f6-77b109e72715"", 319], [""0c3a7808-800f-43b1-a57b-08c3b2bb9e5a"", 310], [""56b848af-d12b-4f9c-b605-947e296caa46"", 305], [""b993ef60-52c8-41e2-83a2-bb44f1fb916f"", 286], [""cd2306bc-106c-4506-b778-d184713c463a"", 285], [""78c34b8c-196b-4a31-b700-08882bfaf4ab"", 283], [""fb1e97d1-dd9c-4314-aae2-9c3745df1411"", 282], [""60373b7d-7c45-428f-9622-aa4f854c4860"", 277], [""68492085-4a2b-4551-9b12-75062c694069"", 271], [""1e3165e4-e0c0-4bf7-b803-7d8271b99fd5"", 267], [""bdc30514-427c-403e-a0ee-61e7d04e407e"", 267], [""f1568b25-4a87-414f-8329-1a860a3a8aeb"", 263], [""ecd9109f-7197-46df-b3a8-1ac2d9990185"", 260], [""683bd537-4ff4-4741-afe5-be328f499d4b"", 256], [""6ab35eea-1bae-4ee8-8e5f-5f1505715ac3"", 255], [""34585dab-86cd-40a1-9780-83204c304046"", 255], [""32436280-1ea6-4678-bb18-4632fe8c4933"", 255], [""272dbb99-7929-46e2-8446-a19c21af05da"", 250], [""30bbf8d6-bd6a-4b4f-8d3e-a54bf78f79d5"", 248], [""dac92812-557b-4abd-8fb0-4f823ae8ff59"", 244], [""0be87f87-d01a-495e-9605-d89d36240908"", 244], [""c7f79595-aa68-4139-9a87-094c761cc5ab"", 235], [""15024b21-fb68-4bbe-92cf-0c9ab90f11a6"", 235], [""c64fa002-95f9-4429-b65c-6f55c7f907d4"", 234], [""a5cedd63-caae-415f-b7e4-c7f660fc89c8"", 233], [""d9278721-fad6-4eba-a1bb-4a26c0aea206"", 232], [""0103e306-959a-46b0-896d-d8b9dee40157"", 231], [""9850fb76-4155-4910-881f-b5d33ee0835c"", 230], [""ddb0a996-79fe-4eac-8760-76ee74c7c333"", 227], [""665a3535-8f40-4ae3-9260-cbce7060781f"", 227], [""1556abac-8f1a-404a-8a2f-402ac562143c"", 226], [""f2380b81-e46f-430b-8fd2-e3897ddf7be9"", 224], [""b816335c-8d84-4ecc-aa3e-2dea51795320"", 224], [""a5750809-7c9f-409f-baa1-9bfbb22d2fcc"", 224], [""2236c52d-924b-415a-aae0-00fa08d12d1f"", 224], [""e7240495-f3e8-42a3-ac5c-4a9a7eebc341"", 222], [""ddae4c77-2b07-4e3e-97f1-84a37cf04321"", 221], [""152e2bfd-e9ea-4d70-a999-6f37fb3fb96c"", 221], [""df159c28-05fb-4f35-83b8-8c14af793f2a"", 220], [""8627b3d4-c529-45b3-bf1e-0313791be91d"", 219], [""894c6ccb-cb7a-4ea1-b032-b1d93b25247d"", 219], [""0955850b-157b-4396-a3da-83b8bcbed172"", 219], [""7c76a618-92ba-41fd-b0a7-306a1c1a6bf2"", 219], [""cdab3145-edc9-4352-932c-1638e791bfc9"", 217], [""fc140c51-9b4f-427f-8e11-640bc7400007"", 216], [""d461010c-38fd-414f-91bd-e1b3e7e2f8fb"", 216], [""3044f2b9-48b5-45ec-ac14-107f0d7372f0"", 216], [""cdf51e52-a49a-474f-a6ba-da5a14137d09"", 216], [""16552c24-ef48-4e1f-aff5-319a1f739299"", 216], [""048cb921-e15f-47a6-a9e3-ed512574e5d7"", 213], [""39564abe-76f3-4a33-9f10-f574069834bc"", 213], [""8321fef1-a067-4a62-a461-37e1f1b4f868"", 212], [""43b9b939-e389-4784-b4e0-ee9d12aa7ca1"", 211], [""70a004b7-4a17-4702-8910-4557aa0c4279"", 210], [""d49aa545-2b96-409c-85e8-2bf8706475fb"", 209], [""d9bf3113-086e-4165-ba13-e78a3d7b4138"", 208], [""4e57f7cc-1df2-467f-8bfe-cb19af5d7350"", 206], [""3332f018-936e-4c4c-9105-99d9503db5a3"", 206], [""b795713b-ff23-4494-b6a3-1438b2baee3e"", 203], [""6fd714df-b88d-43a6-8f75-3d300278329d"", 203], [""90e60bb7-e776-4dff-a8ba-6390acefdbee"", 203], [""10cec51f-a79f-4907-8745-b45df64f6946"", 202], [""9184b09f-ca66-4623-a733-1f64bc1b424f"", 200], [""91761416-a756-48e5-8768-fd169c7c564c"", 198], [""d641571e-6406-4309-ae61-acc6f2e0a50d"", 198], [""e3629615-6d5c-4167-808f-996d53989dbf"", 197], [""2dbf699a-f6cd-446d-8dc4-0595319cfa99"", 196], [""54530f14-aadf-4c2a-8f92-9c22a69cc022"", 195], [""cfb525cf-987b-42c8-afca-8dd18f45b32d"", 194], [""d9942805-5a63-4958-b714-7088c0428c65"", 191], [""7a2abe44-abb7-4648-bb14-224625a6da0b"", 191], [""28401515-eca4-442a-85fc-f8c2793b1c26"", 188], [""9586e7f4-5c57-452e-bb13-90ceef874118"", 186], [""39093cbf-e0a9-480d-ab0b-e9e4cf95a9f8"", 181], [""1495b93b-a19f-4364-95a3-6d8ac531eac6"", 179], [""ca103ed6-7a7e-4450-9546-ac295532bced"", 177], [""2e65a160-ba6e-4001-b942-c2aa46cd2c5b"", 175], [""64f6fec6-18a3-4563-b731-189faf6423f2"", 170], [""0c7c125d-46d6-40ba-8088-31fb2b526a78"", 169], [""c2641f62-eb23-4dad-9c22-b52e72b79df2"", 164], [""e9ebbe1e-ce77-4c97-a04e-4a64befe98c8"", 134], [""3c722d55-1664-4996-8228-63504e862676"", 111], [""e16d2c39-bfd1-4fb1-8ed6-ad6b16f3652e"", 63]]",
Data/processed/GSE174188_perez_cellxgene/bcell_subset_smoke_20k.h5ad,mapped_reference_annotation,categorical,1,0,"[[""GENCODE 19"", 20000]]",
Data/processed/GSE174188_perez_cellxgene/bcell_subset_smoke_20k.h5ad,sample_uuid,categorical,271,0,"[[""3f068829-713e-4b6a-a79a-754b7d9eef46"", 341], [""fc11ebf7-2767-4d92-96f9-a57af8f1be30"", 341], [""4752a18e-a3a0-4699-99e8-18c7fee59072"", 246], [""8ac7e282-b60a-4595-9904-8a46773e2c31"", 234], [""4be5b6e5-f225-4892-9ac0-9233bf04dbb9"", 231], [""9245fdfa-904c-4421-ba87-60da990f40ed"", 228], [""0eebb9c2-8cf2-4e46-abcb-0525a9507033"", 228], [""4452abfd-aa95-4982-b2c8-ac779e0cc76e"", 228], [""27b03089-9abd-4025-b745-1a4d42f729a3"", 223], [""1d10643b-90b7-4d0c-ad8d-534e5bd1ae8a"", 215], [""7b7167c1-bc81-4fa8-b322-18bab1ea6269"", 210], [""f3091b7a-a59b-4bee-a4c4-c930424b63f3"", 198], [""3ecf5ad3-4ae3-4152-a1d2-4c9c548c5551"", 198], [""a51ffc5a-e4cb-4b47-9154-4514e1dc9d65"", 190], [""57f0790a-15ce-4b6a-aae1-b45763b8d226"", 177], [""f0a33a73-192b-4398-b8bc-05eb0c59ae54"", 175], [""0e4725c3-8e87-420e-bbf1-15781f6bbf5c"", 174], [""d0660ae1-7bd5-4f68-9131-434571c29e96"", 163], [""ccccc606-2c86-4d7a-bb4a-8354017807a6"", 162], [""bffca8a1-fc84-4f20-acae-3cf0d6313002"", 162], [""3ff8915f-d4b6-418d-89ec-61fffb366646"", 159], [""fd256bdb-e6dd-47ef-a4e4-ac0a7d2dcd1e"", 152], [""c49441c0-0e2b-4e5b-b9ba-2d0477d92b88"", 149], [""9ec7931d-1e6f-48eb-b455-4161dc116c2d"", 146], [""b27b5052-47f3-4c7d-b9a3-4a3b2934e78c"", 146], [""e0286325-9289-4765-af44-1bded6b1d3df"", 142], [""13ec931d-a536-4679-ad6c-39d7bbaa8d5d"", 140], [""58491584-2df2-4f81-829b-6f930c4d8649"", 135], [""9e51b938-f3a9-4d97-8802-b820ed2a6b96"", 135], [""53003f7f-f631-4dd0-ac73-543dcf566b81"", 133], [""46e6ff98-de92-4b09-98ae-ff683d6ed775"", 132], [""b7c8655d-8d5e-4865-bc97-3c606cdaf5e9"", 132], [""e570dc6e-cb7c-4143-af57-699407e46480"", 131], [""2688f505-eb1a-4f9f-af54-e30b3da7dff3"", 130], [""58d745d1-10b8-4195-9cc0-7d5aadf9a791"", 130], [""5f31d290-7101-4ef4-9510-f3692aba34de"", 129], [""b8dde0a0-6c13-429b-a5df-a0527c4fca14"", 129], [""9258d552-bade-4414-ad62-96fea54df354"", 129], [""11c6a06c-f0e0-45bc-b5ec-1b14445548d4"", 128], [""98e974a9-c08e-4066-8930-d627b18f1a89"", 127], [""6f092ad4-41e1-4b4f-b492-64496cf82fcb"", 126], [""a7044233-6fb9-4b71-96bb-62aa3b6062ea"", 126], [""3672d82d-f24c-4536-b75a-0627889e1426"", 126], [""9ce1287e-217d-4812-a293-ced526e1b6a2"", 124], [""886dc81a-06f7-47dc-bdf6-da1524e86d7d"", 122], [""5a4d2669-4967-4de5-853b-13c224029d30"", 122], [""a6c08d83-0500-4219-920e-e25d334a6409"", 122], [""f6f39d84-6fb4-4519-9efa-f9ca4651e3c9"", 121], [""27978e88-cfed-4b90-b622-fd572e5ea40d"", 121], [""4e63511b-e07c-4fe2-af13-d535b769bbbd"", 119], [""b0c3cf74-58cf-43e7-b4df-61ef0b3a9fdc"", 116], [""52c33723-f3ef-430c-a3f2-dd9ddfe0a0dd"", 116], [""168bc7ce-f2e2-46f4-8b35-43f4ddf39693"", 116], [""c5c840c6-6238-4b37-b165-22016be695d9"", 116], [""d65c2394-3eed-48b8-8a26-5f214003f312"", 116], [""577bce84-8d37-4851-9fb4-53f9467699ba"", 116], [""e0d91e74-9836-43b7-b866-383398b2df70"", 116], [""3b0f67b7-7799-4746-8435-9ccb71ccacec"", 112], [""1d38192e-5e0c-43e5-a813-835461e099ae"", 112], [""b8196629-0482-415e-bc09-c1ce1cc49363"", 111], [""2e90178e-8c6e-44a4-8d5a-82dab547abcf"", 110], [""92d39096-b1d1-4746-9812-474db1f5f049"", 109], [""4f96324f-0403-4ba1-b110-02c96a5cba84"", 108], [""c1c68594-e342-485e-8c1b-6236ec9e107f"", 107], [""4a555a89-3c4e-4e35-91ed-eed175492e5d"", 107], [""f1d09f86-4d6a-435f-9b93-5ef0df73bce2"", 106], [""d3aef314-d83b-4ce7-ac01-5ab74ea0fa4f"", 106], [""27ae3b51-85d4-49fe-bcc3-89b0cbd59e23"", 105], [""3178b123-e965-4449-8944-c88b17d0d082"", 105], [""a6ac0788-1205-4bfa-bc0d-bdedd7f77542"", 103], [""e869b441-83d5-44d3-abc7-1a970170e1e4"", 102], [""ba126ef5-093b-4138-810c-def1fa61ac40"", 101], [""b25deecf-dab2-4c86-ae98-047ee79ce320"", 99], [""2ed3aef8-6c08-4c7c-9d7c-8aa618321841"", 99], [""f46fc513-1a40-4930-a9ee-c9c1da5de582"", 95], [""2d3d3f42-1bf4-4177-9be3-0f70a79f9d49"", 94], [""6779676d-7bac-4431-bbb0-0b7c773b55da"", 94], [""3f29e4ef-952a-4a98-9659-d26028f71319"", 94], [""7bedd5b4-8835-4825-ba08-502811d18911"", 93], [""5d55e840-0d9f-48df-bc26-6f4466c02eb6"", 93], [""77712740-d29f-4bb0-9b90-2aa3db72f3ba"", 92], [""bd6c3fde-42cb-459e-8e81-b5ef2a90190f"", 92], [""b5b93cb0-7248-4b48-ad21-5ea028207cac"", 91], [""0b078cad-b547-43a9-a401-35cab69549b4"", 91], [""342b5092-67e5-4a0e-a437-8b735f2a863c"", 89], [""39824ee5-7478-4dc4-baad-9a90e3ca30ff"", 89], [""fe517385-b033-4626-aa2c-70cfa0d1a74f"", 85], [""279d06b2-a656-413d-8805-b07615ea48ee"", 85], [""7eff9450-2afd-4265-a1f4-4c53580b47bc"", 84], [""b99cfca7-d0cc-427f-b4ec-373067995536"", 83], [""e45ecf7e-1906-4d51-b79d-fec6aef8a844"", 83], [""2c6239f0-efd3-469e-86aa-554f62dfb4f8"", 82], [""ebb5f4d9-b91c-4a11-b6a9-45e471f03bc3"", 82], [""9fb00ed6-2678-41f8-8e8e-c3ea1350b61b"", 82], [""d4486df4-6cee-4ff7-924a-98546d076135"", 79], [""1f4f30c3-dbfc-4478-be7e-e047b7ad642a"", 78], [""f0f0c7c0-c2dd-4f71-a15d-cc29ad1144b6"", 76], [""6d32f89c-b5b9-4486-94f8-5368115f0408"", 76], [""0a1148dc-356f-4dc4-9c32-bf0823257d93"", 76], [""037d2b66-6091-42f8-b0ff-07c9130dea62"", 75]]",
Data/processed/GSE174188_perez_cellxgene/bcell_subset_smoke_20k.h5ad,self_reported_ethnicity,categorical,4,0,"[[""European American"", 10991], [""Asian"", 8803], [""Hispanic or Latin"", 126], [""African American"", 80]]",
Data/processed/GSE174188_perez_cellxgene/bcell_subset_smoke_20k.h5ad,self_reported_ethnicity_ontology_term_id,categorical,4,0,"[[""HANCESTRO:0590"", 10991], [""HANCESTRO:0847"", 8803], [""HANCESTRO:0612"", 126], [""HANCESTRO:0568"", 80]]",
Data/processed/GSE174188_perez_cellxgene/bcell_subset_smoke_20k.h5ad,sex,categorical,2,0,"[[""female"", 18976], [""male"", 1024]]",
Data/processed/GSE174188_perez_cellxgene/bcell_subset_smoke_20k.h5ad,sex_ontology_term_id,categorical,2,0,"[[""PATO:0000383"", 18976], [""PATO:0000384"", 1024]]",
Data/processed/GSE174188_perez_cellxgene/bcell_subset_smoke_20k.h5ad,suspension_enriched_cell_types,categorical,1,0,"[[""peripheral blood mononuclear cell"", 20000]]",
Data/processed/GSE174188_perez_cellxgene/perez_gse174188_cellxgene.h5ad,Processing_Cohort,categorical,4,0,"[[""2.0"", 558108], [""4.0"", 375261], [""1.0"", 175273], [""3.0"", 155034]]",
Data/processed/GSE174188_perez_cellxgene/perez_gse174188_cellxgene.h5ad,author_cell_type,categorical,11,0,"[[""T4"", 380477], [""cM"", 307429], [""T8"", 248927], [""B"", 151570], [""NK"", 92554], [""ncM"", 48800], [""cDC"", 18203], [""Prolif"", 8265], [""pDC"", 5233], [""PB"", 1411], [""Progen"", 807]]",
Data/processed/GSE174188_perez_cellxgene/perez_gse174188_cellxgene.h5ad,cell_type,categorical,11,0,"[[""CD4-positive, alpha-beta T cell"", 380477], [""classical monocyte"", 307429], [""CD8-positive, alpha-beta T cell"", 248927], [""B cell"", 151570], [""natural killer cell"", 92554], [""non-classical monocyte"", 48800], [""conventional dendritic cell"", 18203], [""lymphocyte"", 8265], [""plasmacytoid dendritic cell"", 5233], [""plasmablast"", 1411], [""progenitor cell"", 807]]",
Data/processed/GSE174188_perez_cellxgene/perez_gse174188_cellxgene.h5ad,cell_type_ontology_term_id,categorical,11,0,"[[""CL:0000624"", 380477], [""CL:0000860"", 307429], [""CL:0000625"", 248927], [""CL:0000236"", 151570], [""CL:0000623"", 92554], [""CL:0000875"", 48800], [""CL:0000990"", 18203], [""CL:0000542"", 8265], [""CL:0000784"", 5233], [""CL:0000980"", 1411], [""CL:0011026"", 807]]",
Data/processed/GSE174188_perez_cellxgene/perez_gse174188_cellxgene.h5ad,development_stage,categorical,55,0,"[[""27-year-old stage"", 83821], [""34-year-old stage"", 75819], [""33-year-old stage"", 73482], [""31-year-old stage"", 63208], [""37-year-old stage"", 54905], [""29-year-old stage"", 42578], [""35-year-old stage"", 41731], [""25-year-old stage"", 37205], [""32-year-old stage"", 36762], [""28-year-old stage"", 36085], [""45-year-old stage"", 35360], [""51-year-old stage"", 32394], [""58-year-old stage"", 29457], [""23-year-old stage"", 28723], [""26-year-old stage"", 28520], [""24-year-old stage"", 27962], [""30-year-old stage"", 26893], [""39-year-old stage"", 26147], [""41-year-old stage"", 25561], [""64-year-old stage"", 25164], [""55-year-old stage"", 22972], [""38-year-old stage"", 22556], [""48-year-old stage"", 21870], [""49-year-old stage"", 20778], [""66-year-old stage"", 20279], [""53-year-old stage"", 20243], [""36-year-old stage"", 19717], [""21-year-old stage"", 18803], [""56-year-old stage"", 17739], [""59-year-old stage"", 16535], [""54-year-old stage"", 15557], [""43-year-old stage"", 15314], [""71-year-old stage"", 14910], [""40-year-old stage"", 13311], [""60-year-old stage"", 12728], [""46-year-old stage"", 12605], [""61-year-old stage"", 12589], [""68-year-old stage"", 12483], [""52-year-old stage"", 11797], [""57-year-old stage"", 11378], [""20-year-old stage"", 10470], [""65-year-old stage"", 9996], [""74-year-old stage"", 9693], [""42-year-old stage"", 9555], [""22-year-old stage"", 8565], [""47-year-old stage"", 6886], [""69-year-old stage"", 6885], [""63-year-old stage"", 6100], [""62-year-old stage"", 5626], [""73-year-old stage"", 5205], [""50-year-old stage"", 4021], [""83-year-old stage"", 4011], [""70-year-old stage"", 3910], [""75-year-old stage"", 3850], [""44-year-old stage"", 2962]]",
Data/processed/GSE174188_perez_cellxgene/perez_gse174188_cellxgene.h5ad,development_stage_ontology_term_id,categorical,55,0,"[[""HsapDv:0000121"", 83821], [""HsapDv:0000128"", 75819], [""HsapDv:0000127"", 73482], [""HsapDv:0000125"", 63208], [""HsapDv:0000131"", 54905], [""HsapDv:0000123"", 42578], [""HsapDv:0000129"", 41731], [""HsapDv:0000119"", 37205], [""HsapDv:0000126"", 36762], [""HsapDv:0000122"", 36085], [""HsapDv:0000139"", 35360], [""HsapDv:0000145"", 32394], [""HsapDv:0000152"", 29457], [""HsapDv:0000117"", 28723], [""HsapDv:0000120"", 28520], [""HsapDv:0000118"", 27962], [""HsapDv:0000124"", 26893], [""HsapDv:0000133"", 26147], [""HsapDv:0000135"", 25561], [""HsapDv:0000158"", 25164], [""HsapDv:0000149"", 22972], [""HsapDv:0000132"", 22556], [""HsapDv:0000142"", 21870], [""HsapDv:0000143"", 20778], [""HsapDv:0000160"", 20279], [""HsapDv:0000147"", 20243], [""HsapDv:0000130"", 19717], [""HsapDv:0000115"", 18803], [""HsapDv:0000150"", 17739], [""HsapDv:0000153"", 16535], [""HsapDv:0000148"", 15557], [""HsapDv:0000137"", 15314], [""HsapDv:0000165"", 14910], [""HsapDv:0000134"", 13311], [""HsapDv:0000154"", 12728], [""HsapDv:0000140"", 12605], [""HsapDv:0000155"", 12589], [""HsapDv:0000162"", 12483], [""HsapDv:0000146"", 11797], [""HsapDv:0000151"", 11378], [""HsapDv:0000114"", 10470], [""HsapDv:0000159"", 9996], [""HsapDv:0000168"", 9693], [""HsapDv:0000136"", 9555], [""HsapDv:0000116"", 8565], [""HsapDv:0000141"", 6886], [""HsapDv:0000163"", 6885], [""HsapDv:0000157"", 6100], [""HsapDv:0000156"", 5626], [""HsapDv:0000167"", 5205], [""HsapDv:0000144"", 4021], [""HsapDv:0000209"", 4011], [""HsapDv:0000164"", 3910], [""HsapDv:0000169"", 3850], [""HsapDv:0000138"", 2962]]",
Data/processed/GSE174188_perez_cellxgene/perez_gse174188_cellxgene.h5ad,disease,categorical,2,0,"[[""systemic lupus erythematosus"", 777258], [""normal"", 486418]]",
Data/processed/GSE174188_perez_cellxgene/perez_gse174188_cellxgene.h5ad,disease_ontology_term_id,categorical,2,0,"[[""MONDO:0007915"", 777258], [""PATO:0000461"", 486418]]",
Data/processed/GSE174188_perez_cellxgene/perez_gse174188_cellxgene.h5ad,disease_state,categorical,4,0,"[[""managed"", 696626], [""na"", 486418], [""flare"", 55120], [""treated"", 25512]]",
Data/processed/GSE174188_perez_cellxgene/perez_gse174188_cellxgene.h5ad,donor_id,categorical,261,0,"[[""IGTB469"", 13543], [""IGTB195"", 12768], [""IGTB514"", 12491], [""IGTB508"", 11178], [""IGTB1540"", 10382], [""IGTB1650"", 10292], [""1130"", 10253], [""1772"", 10235], [""1420"", 9971], [""HC-009"", 9955], [""IGTB1372"", 9910], [""1326"", 9898], [""1763"", 9494], [""IGTB143"", 9308], [""1334"", 9236], [""1259"", 9052], [""IGTB498"", 8892], [""IGTB826"", 8868], [""1419"", 8689], [""1545"", 8677], [""IGTB1921"", 8510], [""1078"", 8449], [""1667"", 8348], [""IGTB1506"", 8333], [""FLARE013"", 8328], [""1730"", 8275], [""FLARE016"", 8187], [""1243"", 8181], [""1510"", 8162], [""1754"", 8158], [""1614"", 8125], [""1682"", 8091], [""1771"", 8006], [""IGTB256"", 7959], [""IGTB645"", 7844], [""IGTB986"", 7822], [""1514"", 7788], [""1596"", 7777], [""1281"", 7672], [""IGTB670"", 7663], [""HC-502"", 7651], [""1768"", 7604], [""1262"", 7470], [""1279"", 7467], [""1743"", 7445], [""1325"", 7402], [""2135"", 7184], [""1101"", 7149], [""1110"", 7113], [""1132"", 7111], [""HC-504"", 7085], [""1791"", 6936], [""HC-506"", 6862], [""1496"", 6849], [""1716"", 6387], [""1804"", 6255], [""IGTB1290"", 6207], [""HC-014"", 6093], [""IGTB884"", 5973], [""1122"", 5900], [""1222"", 5880], [""1660"", 5877], [""HC-573"", 5812], [""1270"", 5756], [""1811"", 5681], [""HC-006"", 5598], [""1087"", 5566], [""1947"", 5513], [""1256"", 5488], [""IGTB141"", 5391], [""FLARE001"", 5361], [""HC-585"", 5330], [""1014"", 5319], [""HC-572"", 5248], [""1046"", 5220], [""HC-524"", 5205], [""1721"", 5196], [""IGTB1575"", 5162], [""IGTB1966"", 5131], [""IGTB1844"", 5122], [""1294"", 5117], [""FLARE004"", 5098], [""HC-519"", 5066], [""1680"", 5051], [""1203"", 5039], [""1121"", 5030], [""HC-538"", 4979], [""HC-567"", 4978], [""1621"", 4894], [""IGTB1762"", 4878], [""HC-526"", 4855], [""1522"", 4812], [""1888"", 4789], [""1857"", 4765], [""1068"", 4742], [""FLARE009"", 4739], [""HC-563"", 4721], [""1615"", 4702], [""2132"", 4666], [""1641"", 4606]]",
Data/processed/GSE174188_perez_cellxgene/perez_gse174188_cellxgene.h5ad,library_uuid,categorical,88,0,"[[""91761416-a756-48e5-8768-fd169c7c564c"", 17525], [""43b9b939-e389-4784-b4e0-ee9d12aa7ca1"", 17524], [""0be87f87-d01a-495e-9605-d89d36240908"", 17031], [""d4d2da4e-6580-479c-b5f6-77b109e72715"", 17021], [""665a3535-8f40-4ae3-9260-cbce7060781f"", 16934], [""60373b7d-7c45-428f-9622-aa4f854c4860"", 16761], [""d9942805-5a63-4958-b714-7088c0428c65"", 16721], [""1495b93b-a19f-4364-95a3-6d8ac531eac6"", 16683], [""70a004b7-4a17-4702-8910-4557aa0c4279"", 16558], [""8950207b-4940-4ef9-ad01-0ad0dace6f27"", 16462], [""16552c24-ef48-4e1f-aff5-319a1f739299"", 16439], [""cdab3145-edc9-4352-932c-1638e791bfc9"", 16414], [""fb1e97d1-dd9c-4314-aae2-9c3745df1411"", 16355], [""3332f018-936e-4c4c-9105-99d9503db5a3"", 16352], [""585af22b-b80b-4a1d-8cc8-17d65b2639e1"", 16130], [""3639058a-5dc3-49ad-82ff-cec405483912"", 16130], [""1556abac-8f1a-404a-8a2f-402ac562143c"", 16106], [""a5750809-7c9f-409f-baa1-9bfbb22d2fcc"", 16055], [""1e3165e4-e0c0-4bf7-b803-7d8271b99fd5"", 15955], [""3044f2b9-48b5-45ec-ac14-107f0d7372f0"", 15856], [""d8a37460-32f2-4b61-b1d2-1f7f0ba92779"", 15846], [""222b358b-71e7-4b0f-9f9b-47b4c67aaa27"", 15823], [""272dbb99-7929-46e2-8446-a19c21af05da"", 15682], [""7c76a618-92ba-41fd-b0a7-306a1c1a6bf2"", 15668], [""6ab35eea-1bae-4ee8-8e5f-5f1505715ac3"", 15607], [""56b848af-d12b-4f9c-b605-947e296caa46"", 15598], [""0c3a7808-800f-43b1-a57b-08c3b2bb9e5a"", 15384], [""0955850b-157b-4396-a3da-83b8bcbed172"", 15341], [""cd2306bc-106c-4506-b778-d184713c463a"", 15316], [""ddae4c77-2b07-4e3e-97f1-84a37cf04321"", 15302], [""68492085-4a2b-4551-9b12-75062c694069"", 15185], [""8321fef1-a067-4a62-a461-37e1f1b4f868"", 15179], [""ecd9109f-7197-46df-b3a8-1ac2d9990185"", 15143], [""f2380b81-e46f-430b-8fd2-e3897ddf7be9"", 15132], [""9850fb76-4155-4910-881f-b5d33ee0835c"", 15123], [""6fd714df-b88d-43a6-8f75-3d300278329d"", 15043], [""0103e306-959a-46b0-896d-d8b9dee40157"", 15011], [""78c34b8c-196b-4a31-b700-08882bfaf4ab"", 14867], [""fc140c51-9b4f-427f-8e11-640bc7400007"", 14753], [""10cec51f-a79f-4907-8745-b45df64f6946"", 14742], [""32436280-1ea6-4678-bb18-4632fe8c4933"", 14703], [""b816335c-8d84-4ecc-aa3e-2dea51795320"", 14661], [""b795713b-ff23-4494-b6a3-1438b2baee3e"", 14634], [""d9bf3113-086e-4165-ba13-e78a3d7b4138"", 14602], [""39093cbf-e0a9-480d-ab0b-e9e4cf95a9f8"", 14552], [""54530f14-aadf-4c2a-8f92-9c22a69cc022"", 14494], [""ca103ed6-7a7e-4450-9546-ac295532bced"", 14473], [""dac92812-557b-4abd-8fb0-4f823ae8ff59"", 14427], [""e7240495-f3e8-42a3-ac5c-4a9a7eebc341"", 14366], [""30bbf8d6-bd6a-4b4f-8d3e-a54bf78f79d5"", 14360], [""b993ef60-52c8-41e2-83a2-bb44f1fb916f"", 14348], [""7a2abe44-abb7-4648-bb14-224625a6da0b"", 14345], [""894c6ccb-cb7a-4ea1-b032-b1d93b25247d"", 14334], [""bdc30514-427c-403e-a0ee-61e7d04e407e"", 14213], [""c2641f62-eb23-4dad-9c22-b52e72b79df2"", 14086], [""28401515-eca4-442a-85fc-f8c2793b1c26"", 14050], [""2236c52d-924b-415a-aae0-00fa08d12d1f"", 14043], [""2e65a160-ba6e-4001-b942-c2aa46cd2c5b"", 14017], [""d461010c-38fd-414f-91bd-e1b3e7e2f8fb"", 14016], [""34585dab-86cd-40a1-9780-83204c304046"", 13944], [""9586e7f4-5c57-452e-bb13-90ceef874118"", 13923], [""152e2bfd-e9ea-4d70-a999-6f37fb3fb96c"", 13915], [""e3629615-6d5c-4167-808f-996d53989dbf"", 13879], [""15024b21-fb68-4bbe-92cf-0c9ab90f11a6"", 13832], [""90e60bb7-e776-4dff-a8ba-6390acefdbee"", 13830], [""f1568b25-4a87-414f-8329-1a860a3a8aeb"", 13828], [""9184b09f-ca66-4623-a733-1f64bc1b424f"", 13820], [""64f6fec6-18a3-4563-b731-189faf6423f2"", 13794], [""8627b3d4-c529-45b3-bf1e-0313791be91d"", 13616], [""df159c28-05fb-4f35-83b8-8c14af793f2a"", 13543], [""c7f79595-aa68-4139-9a87-094c761cc5ab"", 13486], [""cfb525cf-987b-42c8-afca-8dd18f45b32d"", 13411], [""d9278721-fad6-4eba-a1bb-4a26c0aea206"", 13150], [""683bd537-4ff4-4741-afe5-be328f499d4b"", 13141], [""a5cedd63-caae-415f-b7e4-c7f660fc89c8"", 13125], [""048cb921-e15f-47a6-a9e3-ed512574e5d7"", 12972], [""d49aa545-2b96-409c-85e8-2bf8706475fb"", 12857], [""c64fa002-95f9-4429-b65c-6f55c7f907d4"", 12822], [""d641571e-6406-4309-ae61-acc6f2e0a50d"", 11953], [""cdf51e52-a49a-474f-a6ba-da5a14137d09"", 11488], [""0c7c125d-46d6-40ba-8088-31fb2b526a78"", 10165], [""39564abe-76f3-4a33-9f10-f574069834bc"", 10134], [""2dbf699a-f6cd-446d-8dc4-0595319cfa99"", 10017], [""4e57f7cc-1df2-467f-8bfe-cb19af5d7350"", 9798], [""e9ebbe1e-ce77-4c97-a04e-4a64befe98c8"", 9655], [""ddb0a996-79fe-4eac-8760-76ee74c7c333"", 9581], [""3c722d55-1664-4996-8228-63504e862676"", 9436], [""e16d2c39-bfd1-4fb1-8ed6-ad6b16f3652e"", 5080]]",
Data/processed/GSE174188_perez_cellxgene/perez_gse174188_cellxgene.h5ad,mapped_reference_annotation,categorical,1,0,"[[""GENCODE 19"", 1263676]]",
Data/processed/GSE174188_perez_cellxgene/perez_gse174188_cellxgene.h5ad,sample_uuid,categorical,274,0,"[[""5f31d290-7101-4ef4-9510-f3692aba34de"", 13543], [""f0a33a73-192b-4398-b8bc-05eb0c59ae54"", 12768], [""9245fdfa-904c-4421-ba87-60da990f40ed"", 12491], [""fd256bdb-e6dd-47ef-a4e4-ac0a7d2dcd1e"", 11178], [""f3091b7a-a59b-4bee-a4c4-c930424b63f3"", 10382], [""13ec931d-a536-4679-ad6c-39d7bbaa8d5d"", 10292], [""3ecf5ad3-4ae3-4152-a1d2-4c9c548c5551"", 9971], [""b99cfca7-d0cc-427f-b4ec-373067995536"", 9955], [""bffca8a1-fc84-4f20-acae-3cf0d6313002"", 9910], [""670c5ac9-5e1c-4834-8087-2dd39d87d04b"", 9898], [""b7c8655d-8d5e-4865-bc97-3c606cdaf5e9"", 9308], [""fc11ebf7-2767-4d92-96f9-a57af8f1be30"", 9236], [""4a555a89-3c4e-4e35-91ed-eed175492e5d"", 9052], [""3672d82d-f24c-4536-b75a-0627889e1426"", 8892], [""4752a18e-a3a0-4699-99e8-18c7fee59072"", 8868], [""3f068829-713e-4b6a-a79a-754b7d9eef46"", 8689], [""d0bbdc84-7f92-4114-9759-59d158034879"", 8677], [""d65c2394-3eed-48b8-8a26-5f214003f312"", 8510], [""9e51b938-f3a9-4d97-8802-b820ed2a6b96"", 8449], [""ccccc606-2c86-4d7a-bb4a-8354017807a6"", 8348], [""a51ffc5a-e4cb-4b47-9154-4514e1dc9d65"", 8333], [""3ff8915f-d4b6-418d-89ec-61fffb366646"", 8275], [""b4cbfe6a-acdc-48e8-a9f1-6f0ae959301f"", 8181], [""92d39096-b1d1-4746-9812-474db1f5f049"", 8162], [""27b03089-9abd-4025-b745-1a4d42f729a3"", 8158], [""9258d552-bade-4414-ad62-96fea54df354"", 8125], [""2688f505-eb1a-4f9f-af54-e30b3da7dff3"", 8091], [""e9cf8f89-d60a-4584-951b-ae7df22cf6d7"", 8006], [""d0660ae1-7bd5-4f68-9131-434571c29e96"", 7959], [""3876bd23-e063-4b96-89ae-eec693743c86"", 7844], [""e0286325-9289-4765-af44-1bded6b1d3df"", 7822], [""6779676d-7bac-4431-bbb0-0b7c773b55da"", 7788], [""e869b441-83d5-44d3-abc7-1a970170e1e4"", 7777], [""c5c840c6-6238-4b37-b165-22016be695d9"", 7672], [""98e974a9-c08e-4066-8930-d627b18f1a89"", 7663], [""c3cd3b9e-6295-43ed-babc-46a5ab454773"", 7651], [""342b5092-67e5-4a0e-a437-8b735f2a863c"", 7604], [""c1c68594-e342-485e-8c1b-6236ec9e107f"", 7470], [""ba126ef5-093b-4138-810c-def1fa61ac40"", 7467], [""46e6ff98-de92-4b09-98ae-ff683d6ed775"", 7445], [""0eebb9c2-8cf2-4e46-abcb-0525a9507033"", 7402], [""ea4cbf47-9a3f-443a-821c-c33a2b7eb1b0"", 7184], [""8a1f4cc3-6e34-4cd2-aba9-0f4d266e7dd9"", 7149], [""5e0ed28c-a75a-4ecd-a0c7-49e71264690b"", 7113], [""577bce84-8d37-4851-9fb4-53f9467699ba"", 7111], [""58491584-2df2-4f81-829b-6f930c4d8649"", 7085], [""2c6239f0-efd3-469e-86aa-554f62dfb4f8"", 6936], [""27ae3b51-85d4-49fe-bcc3-89b0cbd59e23"", 6862], [""5a4d2669-4967-4de5-853b-13c224029d30"", 6849], [""7b7167c1-bc81-4fa8-b322-18bab1ea6269"", 6387], [""3178b123-e965-4449-8944-c88b17d0d082"", 6268], [""4e63511b-e07c-4fe2-af13-d535b769bbbd"", 6255], [""f6f39d84-6fb4-4519-9efa-f9ca4651e3c9"", 6207], [""4f96324f-0403-4ba1-b110-02c96a5cba84"", 6093], [""886dc81a-06f7-47dc-bdf6-da1524e86d7d"", 5973], [""f1d09f86-4d6a-435f-9b93-5ef0df73bce2"", 5900], [""7eff9450-2afd-4265-a1f4-4c53580b47bc"", 5880], [""69b3abaf-0498-44c8-867f-086ccc8dce13"", 5877], [""71ddcc80-c234-4f27-aa06-b49ae5a28784"", 5812], [""38c6ab44-8cf8-4bcf-93da-5c8b0c104bbc"", 5756], [""1d24957b-f1a6-46b1-85ec-f26e49300123"", 5681], [""869da0bb-4487-493b-86ca-e601eee46196"", 5598], [""c49441c0-0e2b-4e5b-b9ba-2d0477d92b88"", 5566], [""a95f8d98-ff4e-45fc-8ede-1687c1495833"", 5513], [""0e59aacb-7550-45ed-8510-b29b63163539"", 5488], [""77712740-d29f-4bb0-9b90-2aa3db72f3ba"", 5391], [""02404cf5-4210-43b8-b998-797422f7b1a8"", 5330], [""c21e0e54-2ea8-4fc7-9438-5d2d8d63899c"", 5319], [""39006dbe-f7a7-4f05-aeac-0ca1876a7a3f"", 5248], [""53003f7f-f631-4dd0-ac73-543dcf566b81"", 5220], [""4452abfd-aa95-4982-b2c8-ac779e0cc76e"", 5205], [""64c3201b-c402-4c5a-a7a5-ee67e5dc4351"", 5196], [""cf0f9104-fd3e-4cdd-ad08-69035510a32d"", 5162], [""27978e88-cfed-4b90-b622-fd572e5ea40d"", 5131], [""3caa3c5a-9c12-464a-a794-8b7ca2cfaace"", 5122], [""0e4725c3-8e87-420e-bbf1-15781f6bbf5c"", 5117], [""1d38192e-5e0c-43e5-a813-835461e099ae"", 5066], [""fefcf023-ec1f-44d7-88b6-bbc3a34815d5"", 5051], [""7bbdb647-9288-4863-b66b-be24f9413e7b"", 5039], [""a66eb64a-2485-4539-9244-f1e1b7bb5d1b"", 5030], [""2ed3aef8-6c08-4c7c-9d7c-8aa618321841"", 4979], [""9e6a490c-24a3-41fa-a5e3-2879e75b45ff"", 4978], [""4be5b6e5-f225-4892-9ac0-9233bf04dbb9"", 4894], [""0a4bb8a3-0abf-46eb-a33c-c14a23d44387"", 4878], [""1046eed3-a68a-4d02-b26c-4f8054029760"", 4855], [""8e5ccbdf-00ee-4cd5-9007-ff2ab414bbbf"", 4839], [""8252bf55-2aa7-411f-b276-fbc747265666"", 4812], [""f54a5b5a-c5be-4220-b515-3e22c596b9fd"", 4789], [""e45ecf7e-1906-4d51-b79d-fec6aef8a844"", 4785], [""e570dc6e-cb7c-4143-af57-699407e46480"", 4765], [""6a84e718-fd28-4df4-be57-5d3a0b9b06a4"", 4742], [""037d2b66-6091-42f8-b0ff-07c9130dea62"", 4721], [""0426d045-1567-4897-8407-e7925395251c"", 4702], [""c926e690-4979-4c3f-b43e-2f66daa0c426"", 4666], [""b8196629-0482-415e-bc09-c1ce1cc49363"", 4606], [""ae1510fa-1501-4ddd-8291-9ccd1917369e"", 4563], [""43f3d10e-a47a-4f63-965c-a8fe58d5861f"", 4557], [""64d258d2-f11a-4c9b-8206-614aef9d5a38"", 4506], [""c8f4f3f5-e4ee-400f-b888-07d3508df6b5"", 4505], [""e0d91e74-9836-43b7-b866-383398b2df70"", 4497]]",
Data/processed/GSE174188_perez_cellxgene/perez_gse174188_cellxgene.h5ad,self_reported_ethnicity,categorical,4,0,"[[""European American"", 738773], [""Asian"", 503999], [""African American"", 13218], [""Hispanic or Latin"", 7686]]",
Data/processed/GSE174188_perez_cellxgene/perez_gse174188_cellxgene.h5ad,self_reported_ethnicity_ontology_term_id,categorical,4,0,"[[""HANCESTRO:0590"", 738773], [""HANCESTRO:0847"", 503999], [""HANCESTRO:0568"", 13218], [""HANCESTRO:0612"", 7686]]",
Data/processed/GSE174188_perez_cellxgene/perez_gse174188_cellxgene.h5ad,sex,categorical,2,0,"[[""female"", 1195323], [""male"", 68353]]",
Data/processed/GSE174188_perez_cellxgene/perez_gse174188_cellxgene.h5ad,sex_ontology_term_id,categorical,2,0,"[[""PATO:0000383"", 1195323], [""PATO:0000384"", 68353]]",
Data/processed/GSE174188_perez_cellxgene/perez_gse174188_cellxgene.h5ad,suspension_enriched_cell_types,categorical,1,0,"[[""peripheral blood mononuclear cell"", 1263676]]",
Data/processed/GSE196830_onek1k_cellxgene/source/onek1k_gse196830_cellxgene.h5ad,age,vector,78,0,"[[""71"", 56729], [""66"", 49958], [""68"", 41911], [""72"", 39327], [""73"", 37865], [""65"", 36813], [""76"", 33223], [""75"", 32539], [""67"", 32512], [""60"", 32127], [""77"", 31760], [""80"", 31743], [""59"", 31398], [""69"", 30951], [""62"", 29851], [""63"", 28276], [""78"", 27533], [""79"", 26667], [""64"", 25800], [""70"", 25476], [""61"", 24741], [""74"", 23492], [""81"", 23222], [""57"", 19988], [""85"", 19938], [""53"", 19609], [""58"", 19311], [""84"", 18491], [""83"", 17706], [""87"", 15592], [""88"", 15518], [""52"", 15299], [""86"", 14785], [""49"", 14436], [""46"", 14395], [""56"", 13073], [""54"", 12335], [""48"", 12192], [""31"", 11920], [""42"", 10988], [""32"", 10582], [""36"", 10422], [""40"", 10314], [""24"", 10254], [""39"", 9103], [""22"", 9087], [""51"", 8492], [""50"", 8408], [""45"", 8165], [""35"", 8017], [""82"", 7981], [""41"", 7847], [""37"", 7524], [""89"", 7343], [""29"", 7302], [""23"", 6859], [""19"", 6606], [""27"", 6566], [""43"", 6374], [""47"", 5933], [""20"", 5833], [""91"", 5761], [""44"", 5758], [""55"", 5654], [""38"", 5647], [""34"", 5338], [""28"", 5089], [""33"", 4406], [""26"", 4066], [""90"", 3793], [""30"", 3659], [""25"", 3299], [""21"", 2351], [""93"", 2332], [""97"", 976], [""95"", 930], [""94"", 867], [""96"", 552]]",
Data/processed/GSE196830_onek1k_cellxgene/source/onek1k_gse196830_cellxgene.h5ad,cell_type,categorical,29,0,"[[""central memory CD4-positive, alpha-beta T cell"", 289000], [""naive thymus-derived CD4-positive, alpha-beta T cell"", 259012], [""natural killer cell"", 164933], [""effector memory CD8-positive, alpha-beta T cell"", 161051], [""naive B cell"", 65702], [""naive thymus-derived CD8-positive, alpha-beta T cell"", 52538], [""CD14-positive monocyte"", 36130], [""effector memory CD4-positive, alpha-beta T cell"", 31261], [""memory B cell"", 30234], [""transitional stage B cell"", 29889], [""regulatory T cell"", 26531], [""gamma-delta T cell"", 18922], [""CD4-positive, alpha-beta cytotoxic T cell"", 17993], [""central memory CD8-positive, alpha-beta T cell"", 16409], [""CD14-low, CD16-positive monocyte"", 15743], [""mucosal-associated invariant T cell"", 8835], [""CD16-negative, CD56-bright natural killer cell, human"", 7006], [""conventional dendritic cell"", 4570], [""plasmablast"", 3754], [""plasmacytoid dendritic cell"", 1897], [""double negative thymocyte"", 1824], [""hematopoietic precursor cell"", 1812], [""platelet"", 1810], [""CD4-positive, alpha-beta T cell"", 773], [""innate lymphoid cell"", 444], [""CD8-positive, alpha-beta T cell"", 305], [""erythrocyte"", 290], [""dendritic cell"", 181], [""peripheral blood mononuclear cell"", 131]]",
Data/processed/GSE196830_onek1k_cellxgene/source/onek1k_gse196830_cellxgene.h5ad,cell_type_ontology_term_id,categorical,29,0,"[[""CL:0000904"", 289000], [""CL:0000895"", 259012], [""CL:0000623"", 164933], [""CL:0000913"", 161051], [""CL:0000788"", 65702], [""CL:0000900"", 52538], [""CL:0001054"", 36130], [""CL:0000905"", 31261], [""CL:0000787"", 30234], [""CL:0000818"", 29889], [""CL:0000815"", 26531], [""CL:0000798"", 18922], [""CL:0000934"", 17993], [""CL:0000907"", 16409], [""CL:0002396"", 15743], [""CL:0000940"", 8835], [""CL:0000938"", 7006], [""CL:0000990"", 4570], [""CL:0000980"", 3754], [""CL:0000784"", 1897], [""CL:0002489"", 1824], [""CL:0008001"", 1812], [""CL:0000233"", 1810], [""CL:0000624"", 773], [""CL:0001065"", 444], [""CL:0000625"", 305], [""CL:0000232"", 290], [""CL:0000451"", 181], [""CL:2000001"", 131]]",
Data/processed/GSE196830_onek1k_cellxgene/source/onek1k_gse196830_cellxgene.h5ad,development_stage,categorical,78,0,"[[""71-year-old stage"", 56729], [""66-year-old stage"", 49958], [""68-year-old stage"", 41911], [""72-year-old stage"", 39327], [""73-year-old stage"", 37865], [""65-year-old stage"", 36813], [""76-year-old stage"", 33223], [""75-year-old stage"", 32539], [""67-year-old stage"", 32512], [""60-year-old stage"", 32127], [""77-year-old stage"", 31760], [""80-year-old stage"", 31743], [""59-year-old stage"", 31398], [""69-year-old stage"", 30951], [""62-year-old stage"", 29851], [""63-year-old stage"", 28276], [""78-year-old stage"", 27533], [""79-year-old stage"", 26667], [""64-year-old stage"", 25800], [""70-year-old stage"", 25476], [""61-year-old stage"", 24741], [""74-year-old stage"", 23492], [""81-year-old stage"", 23222], [""57-year-old stage"", 19988], [""85-year-old stage"", 19938], [""53-year-old stage"", 19609], [""58-year-old stage"", 19311], [""84-year-old stage"", 18491], [""83-year-old stage"", 17706], [""87-year-old stage"", 15592], [""88-year-old stage"", 15518], [""52-year-old stage"", 15299], [""86-year-old stage"", 14785], [""49-year-old stage"", 14436], [""46-year-old stage"", 14395], [""56-year-old stage"", 13073], [""54-year-old stage"", 12335], [""48-year-old stage"", 12192], [""31-year-old stage"", 11920], [""42-year-old stage"", 10988], [""32-year-old stage"", 10582], [""36-year-old stage"", 10422], [""40-year-old stage"", 10314], [""24-year-old stage"", 10254], [""39-year-old stage"", 9103], [""22-year-old stage"", 9087], [""51-year-old stage"", 8492], [""50-year-old stage"", 8408], [""45-year-old stage"", 8165], [""35-year-old stage"", 8017], [""82-year-old stage"", 7981], [""41-year-old stage"", 7847], [""37-year-old stage"", 7524], [""89-year-old stage"", 7343], [""29-year-old stage"", 7302], [""23-year-old stage"", 6859], [""19-year-old stage"", 6606], [""27-year-old stage"", 6566], [""43-year-old stage"", 6374], [""47-year-old stage"", 5933], [""20-year-old stage"", 5833], [""91-year-old stage"", 5761], [""44-year-old stage"", 5758], [""55-year-old stage"", 5654], [""38-year-old stage"", 5647], [""34-year-old stage"", 5338], [""28-year-old stage"", 5089], [""33-year-old stage"", 4406], [""26-year-old stage"", 4066], [""90-year-old stage"", 3793], [""30-year-old stage"", 3659], [""25-year-old stage"", 3299], [""21-year-old stage"", 2351], [""93-year-old stage"", 2332], [""97-year-old stage"", 976], [""95-year-old stage"", 930], [""94-year-old stage"", 867], [""96-year-old stage"", 552]]",
Data/processed/GSE196830_onek1k_cellxgene/source/onek1k_gse196830_cellxgene.h5ad,development_stage_ontology_term_id,categorical,78,0,"[[""HsapDv:0000165"", 56729], [""HsapDv:0000160"", 49958], [""HsapDv:0000162"", 41911], [""HsapDv:0000166"", 39327], [""HsapDv:0000167"", 37865], [""HsapDv:0000159"", 36813], [""HsapDv:0000170"", 33223], [""HsapDv:0000169"", 32539], [""HsapDv:0000161"", 32512], [""HsapDv:0000154"", 32127], [""HsapDv:0000171"", 31760], [""HsapDv:0000206"", 31743], [""HsapDv:0000153"", 31398], [""HsapDv:0000163"", 30951], [""HsapDv:0000156"", 29851], [""HsapDv:0000157"", 28276], [""HsapDv:0000172"", 27533], [""HsapDv:0000173"", 26667], [""HsapDv:0000158"", 25800], [""HsapDv:0000164"", 25476], [""HsapDv:0000155"", 24741], [""HsapDv:0000168"", 23492], [""HsapDv:0000207"", 23222], [""HsapDv:0000151"", 19988], [""HsapDv:0000211"", 19938], [""HsapDv:0000147"", 19609], [""HsapDv:0000152"", 19311], [""HsapDv:0000210"", 18491], [""HsapDv:0000209"", 17706], [""HsapDv:0000213"", 15592], [""HsapDv:0000214"", 15518], [""HsapDv:0000146"", 15299], [""HsapDv:0000212"", 14785], [""HsapDv:0000143"", 14436], [""HsapDv:0000140"", 14395], [""HsapDv:0000150"", 13073], [""HsapDv:0000148"", 12335], [""HsapDv:0000142"", 12192], [""HsapDv:0000125"", 11920], [""HsapDv:0000136"", 10988], [""HsapDv:0000126"", 10582], [""HsapDv:0000130"", 10422], [""HsapDv:0000134"", 10314], [""HsapDv:0000118"", 10254], [""HsapDv:0000133"", 9103], [""HsapDv:0000116"", 9087], [""HsapDv:0000145"", 8492], [""HsapDv:0000144"", 8408], [""HsapDv:0000139"", 8165], [""HsapDv:0000129"", 8017], [""HsapDv:0000208"", 7981], [""HsapDv:0000135"", 7847], [""HsapDv:0000131"", 7524], [""HsapDv:0000215"", 7343], [""HsapDv:0000123"", 7302], [""HsapDv:0000117"", 6859], [""HsapDv:0000113"", 6606], [""HsapDv:0000121"", 6566], [""HsapDv:0000137"", 6374], [""HsapDv:0000141"", 5933], [""HsapDv:0000114"", 5833], [""HsapDv:0000217"", 5761], [""HsapDv:0000138"", 5758], [""HsapDv:0000149"", 5654], [""HsapDv:0000132"", 5647], [""HsapDv:0000128"", 5338], [""HsapDv:0000122"", 5089], [""HsapDv:0000127"", 4406], [""HsapDv:0000120"", 4066], [""HsapDv:0000216"", 3793], [""HsapDv:0000124"", 3659], [""HsapDv:0000119"", 3299], [""HsapDv:0000115"", 2351], [""HsapDv:0000219"", 2332], [""HsapDv:0000223"", 976], [""HsapDv:0000221"", 930], [""HsapDv:0000220"", 867], [""HsapDv:0000222"", 552]]",
Data/processed/GSE196830_onek1k_cellxgene/source/onek1k_gse196830_cellxgene.h5ad,disease,categorical,1,0,"[[""normal"", 1248980]]",
Data/processed/GSE196830_onek1k_cellxgene/source/onek1k_gse196830_cellxgene.h5ad,disease_ontology_term_id,categorical,1,0,"[[""PATO:0000461"", 1248980]]",
Data/processed/GSE196830_onek1k_cellxgene/source/onek1k_gse196830_cellxgene.h5ad,donor_id,categorical,981,0,"[[""650_651"", 3511], [""764_765"", 3146], [""773_774"", 2731], [""1008_1009"", 2684], [""765_766"", 2621], [""700_701"", 2425], [""772_773"", 2417], [""361_362"", 2398], [""781_782"", 2256], [""832_833"", 2216], [""711_712"", 2170], [""951_952"", 2103], [""914_915"", 2091], [""105_105"", 2090], [""552_553"", 2086], [""877_878"", 2073], [""215_216"", 2063], [""933_934"", 2057], [""896_897"", 2051], [""97_97"", 2030], [""486_487"", 2021], [""791_792"", 2019], [""829_830"", 2014], [""222_223"", 2009], [""823_824"", 1987], [""830_831"", 1986], [""667_668"", 1966], [""567_568"", 1965], [""872_873"", 1955], [""81_81"", 1955], [""825_826"", 1950], [""932_933"", 1950], [""818_819"", 1944], [""752_753"", 1918], [""576_577"", 1905], [""868_869"", 1893], [""668_669"", 1891], [""767_768"", 1890], [""666_667"", 1890], [""956_957"", 1886], [""927_928"", 1875], [""488_489"", 1871], [""935_936"", 1870], [""301_302"", 1854], [""867_868"", 1850], [""198_199"", 1836], [""857_858"", 1834], [""585_586"", 1831], [""476_477"", 1828], [""219_220"", 1823], [""573_574"", 1814], [""494_495"", 1804], [""12_12"", 1799], [""180_181"", 1791], [""744_745"", 1786], [""754_755"", 1779], [""455_456"", 1779], [""842_843"", 1776], [""314_315"", 1772], [""719_720"", 1770], [""689_690"", 1767], [""875_876"", 1764], [""303_304"", 1761], [""515_516"", 1759], [""109_109"", 1759], [""562_563"", 1755], [""332_333"", 1744], [""923_924"", 1737], [""947_948"", 1734], [""774_775"", 1729], [""402_403"", 1726], [""359_360"", 1725], [""384_385"", 1721], [""996_997"", 1719], [""887_888"", 1719], [""786_787"", 1719], [""210_211"", 1712], [""477_478"", 1712], [""473_474"", 1711], [""497_498"", 1703], [""540_541"", 1703], [""874_875"", 1701], [""755_756"", 1701], [""957_958"", 1697], [""981_982"", 1695], [""578_579"", 1692], [""366_367"", 1687], [""404_405"", 1687], [""352_353"", 1685], [""507_508"", 1683], [""206_207"", 1682], [""221_222"", 1673], [""709_710"", 1671], [""638_639"", 1665], [""959_960"", 1662], [""505_506"", 1661], [""783_784"", 1660], [""676_677"", 1655], [""43_43"", 1655], [""994_995"", 1652]]",
Data/processed/GSE196830_onek1k_cellxgene/source/onek1k_gse196830_cellxgene.h5ad,predicted.celltype.l2,categorical,31,0,"[[""CD4 TCM"", 289000], [""CD4 Naive"", 259012], [""NK"", 163202], [""CD8 TEM"", 161051], [""B naive"", 65702], [""CD8 Naive"", 52538], [""CD14 Mono"", 36130], [""CD4 TEM"", 31261], [""B memory"", 30234], [""B intermediate"", 29889], [""Treg"", 26531], [""gdT"", 18922], [""CD4 CTL"", 17993], [""CD8 TCM"", 16409], [""CD16 Mono"", 15743], [""MAIT"", 8835], [""NK_CD56bright"", 7006], [""cDC2"", 4456], [""Plasmablast"", 3754], [""pDC"", 1897], [""dnT"", 1824], [""HSPC"", 1812], [""Platelet"", 1810], [""NK Proliferating"", 1731], [""CD4 Proliferating"", 773], [""ILC"", 444], [""CD8 Proliferating"", 305], [""Eryth"", 290], [""ASDC"", 181], [""Doublet"", 131], [""cDC1"", 114]]",
Data/processed/GSE196830_onek1k_cellxgene/source/onek1k_gse196830_cellxgene.h5ad,predicted.celltype.l2.score,too_many_unique,,0,[],
Data/processed/GSE196830_onek1k_cellxgene/source/onek1k_gse196830_cellxgene.h5ad,self_reported_ethnicity,categorical,1,0,"[[""Australian"", 1248980]]",
Data/processed/GSE196830_onek1k_cellxgene/source/onek1k_gse196830_cellxgene.h5ad,self_reported_ethnicity_ontology_term_id,categorical,1,0,"[[""HANCESTRO:0346"", 1248980]]",
Data/processed/GSE196830_onek1k_cellxgene/source/onek1k_gse196830_cellxgene.h5ad,sex,categorical,2,0,"[[""female"", 731202], [""male"", 517778]]",
Data/processed/GSE196830_onek1k_cellxgene/source/onek1k_gse196830_cellxgene.h5ad,sex_ontology_term_id,categorical,2,0,"[[""PATO:0000383"", 731202], [""PATO:0000384"", 517778]]",
